-0.616711046	-0.616711046	-0.616711046	-0.616711046	-0.616711046	-0.616711046	-0.616711046	-0.616711046	-0.292031914	-0.254227095	-0.254227095	-0.254227095	-0.254227095	-0.254227095	-0.254227095	-0.254227095	-0.254227095	-0.254227095	-0.254227095	-0.254227095	-0.254227095	-0.254227095	-0.254227095	-0.254227095	-0.221772198	-0.221772198	-0.221772198	-0.221772198	-0.221772198	-0.179964941	-0.179964941	-0.179964941	-0.179964941	-0.179964941	-0.179964941	-0.179964941	-0.179964941	-0.179964941	-0.179964941	-0.132706526	-0.132706526	-0.137295304	-0.137295304	-0.137295304	-0.137295304	-0.137295304	-0.137295304	-0.137295304	-0.137295304	-0.137295304	-0.137295304	-0.137295304	-0.137295304	-0.137295304	-0.137295304	-0.137295304	-0.167412978	-0.167412978	-0.167412978	-0.167412978	-0.167412978	-0.167412978	-0.167412978	-0.167412978	-0.167412978	-0.167412978	-0.167412978	-0.167412978	-0.167412978	-0.167412978	-0.167412978	-0.167412978	-0.167412978	-0.167412978	-0.167412978	-0.167412978	-0.167412978	-0.167412978	-0.157278874	-0.157278874	-0.157278874	-0.157278874	-0.157278874	-0.157278874	-0.157278874	-0.157278874	-0.157415598	-0.157415598	-0.157415598	-0.157415598	-0.157415598	-0.157415598	-0.157415598	-0.157415598	-0.174212371	-0.174212371
-0.087225608	-0.087225608	-0.087225608	-0.087225608	-0.087225608	-0.087225608	-0.087225608	-0.087225608	-0.446647403	-0.289840093	-0.289840093	-0.289840093	-0.289840093	-0.289840093	-0.289840093	-0.289840093	-0.289840093	-0.289840093	-0.289840093	-0.289840093	-0.289840093	-0.289840093	-0.289840093	-0.289840093	0.118339708	0.118339708	0.118339708	0.118339708	0.118339708	0.150484677	0.150484677	0.150484677	0.150484677	0.150484677	0.150484677	0.150484677	0.150484677	0.150484677	0.150484677	0.191944056	0.191944056	0.207271376	0.207271376	0.207271376	0.207271376	0.207271376	0.207271376	0.207271376	0.207271376	0.207271376	0.207271376	0.207271376	0.207271376	0.207271376	0.207271376	0.207271376	0.188651728	0.188651728	0.188651728	0.188651728	0.188651728	0.188651728	0.188651728	0.188651728	0.188651728	0.188651728	0.188651728	0.188651728	0.188651728	0.188651728	0.188651728	0.188651728	0.188651728	0.188651728	0.188651728	0.188651728	0.188651728	0.188651728	0.180732131	0.180732131	0.180732131	0.180732131	0.180732131	0.180732131	0.180732131	0.180732131	0.183236285	0.183236285	0.183236285	0.183236285	0.183236285	0.183236285	0.183236285	0.183236285	0.17633504	0.17633504
1.210183491	1.210183491	1.210183491	1.210183491	1.210183491	1.210183491	1.210183491	1.210183491	1.289129894	1.233832665	1.233832665	1.233832665	1.233832665	1.233832665	1.233832665	1.233832665	1.233832665	1.233832665	1.233832665	1.233832665	1.233832665	1.233832665	1.233832665	1.233832665	0.906555142	0.906555142	0.906555142	0.906555142	0.906555142	0.92155731	0.92155731	0.92155731	0.92155731	0.92155731	0.92155731	0.92155731	0.92155731	0.92155731	0.92155731	0.839644927	0.839644927	0.871981121	0.871981121	0.871981121	0.871981121	0.871981121	0.871981121	0.871981121	0.871981121	0.871981121	0.871981121	0.871981121	0.871981121	0.871981121	0.871981121	0.871981121	0.882716234	0.882716234	0.882716234	0.882716234	0.882716234	0.882716234	0.882716234	0.882716234	0.882716234	0.882716234	0.882716234	0.882716234	0.882716234	0.882716234	0.882716234	0.882716234	0.882716234	0.882716234	0.882716234	0.882716234	0.882716234	0.882716234	0.887172256	0.887172256	0.887172256	0.887172256	0.887172256	0.887172256	0.887172256	0.887172256	0.885592226	0.885592226	0.885592226	0.885592226	0.885592226	0.885592226	0.885592226	0.885592226	0.881249165	0.881249165
-0.907297547	-0.907297547	-0.907297547	-0.907297547	-0.907297547	-0.907297547	-0.907297547	-0.907297547	-0.734609492	-0.752391601	-0.752391601	-0.752391601	-0.752391601	-0.752391601	-0.752391601	-0.752391601	-0.752391601	-0.752391601	-0.752391601	-0.752391601	-0.752391601	-0.752391601	-0.752391601	-0.752391601	-0.980501046	-0.980501046	-0.980501046	-0.980501046	-0.980501046	-0.986444497	-0.986444497	-0.986444497	-0.986444497	-0.986444497	-0.986444497	-0.986444497	-0.986444497	-0.986444497	-0.986444497	-1.122043239	-1.122043239	-1.079252496	-1.079252496	-1.079252496	-1.079252496	-1.079252496	-1.079252496	-1.079252496	-1.079252496	-1.079252496	-1.079252496	-1.079252496	-1.079252496	-1.079252496	-1.079252496	-1.079252496	-1.076687253	-1.076687253	-1.076687253	-1.076687253	-1.076687253	-1.076687253	-1.076687253	-1.076687253	-1.076687253	-1.076687253	-1.076687253	-1.076687253	-1.076687253	-1.076687253	-1.076687253	-1.076687253	-1.076687253	-1.076687253	-1.076687253	-1.076687253	-1.076687253	-1.076687253	-1.067904387	-1.067904387	-1.067904387	-1.067904387	-1.067904387	-1.067904387	-1.067904387	-1.067904387	-1.066477202	-1.066477202	-1.066477202	-1.066477202	-1.066477202	-1.066477202	-1.066477202	-1.066477202	-1.034196619	-1.034196619
2.649161545	2.649161545	2.649161545	2.649161545	2.649161545	2.649161545	2.649161545	2.649161545	2.466461936	2.291437215	2.291437215	2.291437215	2.291437215	2.291437215	2.291437215	2.291437215	2.291437215	2.291437215	2.291437215	2.291437215	2.291437215	2.291437215	2.291437215	2.291437215	2.682941791	2.682941791	2.682941791	2.682941791	2.682941791	2.678159716	2.678159716	2.678159716	2.678159716	2.678159716	2.678159716	2.678159716	2.678159716	2.678159716	2.678159716	2.67315024	2.67315024	2.7543704	2.7543704	2.7543704	2.7543704	2.7543704	2.7543704	2.7543704	2.7543704	2.7543704	2.7543704	2.7543704	2.7543704	2.7543704	2.7543704	2.7543704	2.736303143	2.736303143	2.736303143	2.736303143	2.736303143	2.736303143	2.736303143	2.736303143	2.736303143	2.736303143	2.736303143	2.736303143	2.736303143	2.736303143	2.736303143	2.736303143	2.736303143	2.736303143	2.736303143	2.736303143	2.736303143	2.736303143	2.720720271	2.720720271	2.720720271	2.720720271	2.720720271	2.720720271	2.720720271	2.720720271	2.720704037	2.720704037	2.720704037	2.720704037	2.720704037	2.720704037	2.720704037	2.720704037	2.643381165	2.643381165
-0.008069397	-0.008069397	-0.008069397	-0.008069397	-0.008069397	-0.008069397	-0.008069397	-0.008069397	0.227084102	0.146156618	0.146156618	0.146156618	0.146156618	0.146156618	0.146156618	0.146156618	0.146156618	0.146156618	0.146156618	0.146156618	0.146156618	0.146156618	0.146156618	0.146156618	0.568738248	0.568738248	0.568738248	0.568738248	0.568738248	0.558556656	0.558556656	0.558556656	0.558556656	0.558556656	0.558556656	0.558556656	0.558556656	0.558556656	0.558556656	0.488904512	0.488904512	0.54676904	0.54676904	0.54676904	0.54676904	0.54676904	0.54676904	0.54676904	0.54676904	0.54676904	0.54676904	0.54676904	0.54676904	0.54676904	0.54676904	0.54676904	0.562582129	0.562582129	0.562582129	0.562582129	0.562582129	0.562582129	0.562582129	0.562582129	0.562582129	0.562582129	0.562582129	0.562582129	0.562582129	0.562582129	0.562582129	0.562582129	0.562582129	0.562582129	0.562582129	0.562582129	0.562582129	0.562582129	0.56538542	0.56538542	0.56538542	0.56538542	0.56538542	0.56538542	0.56538542	0.56538542	0.565862737	0.565862737	0.565862737	0.565862737	0.565862737	0.565862737	0.565862737	0.565862737	0.567755182	0.567755182
0.511118931	0.511118931	0.511118931	0.511118931	0.511118931	0.511118931	0.511118931	0.511118931	0.641179263	0.612886029	0.612886029	0.612886029	0.612886029	0.612886029	0.612886029	0.612886029	0.612886029	0.612886029	0.612886029	0.612886029	0.612886029	0.612886029	0.612886029	0.612886029	0.648083007	0.648083007	0.648083007	0.648083007	0.648083007	0.651987448	0.651987448	0.651987448	0.651987448	0.651987448	0.651987448	0.651987448	0.651987448	0.651987448	0.651987448	0.712582361	0.712582361	0.764796247	0.764796247	0.764796247	0.764796247	0.764796247	0.764796247	0.764796247	0.764796247	0.764796247	0.764796247	0.764796247	0.764796247	0.764796247	0.764796247	0.764796247	0.78948453	0.78948453	0.78948453	0.78948453	0.78948453	0.78948453	0.78948453	0.78948453	0.78948453	0.78948453	0.78948453	0.78948453	0.78948453	0.78948453	0.78948453	0.78948453	0.78948453	0.78948453	0.78948453	0.78948453	0.78948453	0.78948453	0.794778149	0.794778149	0.794778149	0.794778149	0.794778149	0.794778149	0.794778149	0.794778149	0.795444576	0.795444576	0.795444576	0.795444576	0.795444576	0.795444576	0.795444576	0.795444576	0.77722458	0.77722458
-0.004014371	-0.004014371	-0.004014371	-0.004014371	-0.004014371	-0.004014371	-0.004014371	-0.004014371	0.4631347	0.505085591	0.505085591	0.505085591	0.505085591	0.505085591	0.505085591	0.505085591	0.505085591	0.505085591	0.505085591	0.505085591	0.505085591	0.505085591	0.505085591	0.505085591	0.272820449	0.272820449	0.272820449	0.272820449	0.272820449	0.283382643	0.283382643	0.283382643	0.283382643	0.283382643	0.283382643	0.283382643	0.283382643	0.283382643	0.283382643	0.209259109	0.209259109	0.250057267	0.250057267	0.250057267	0.250057267	0.250057267	0.250057267	0.250057267	0.250057267	0.250057267	0.250057267	0.250057267	0.250057267	0.250057267	0.250057267	0.250057267	0.28554694	0.28554694	0.28554694	0.28554694	0.28554694	0.28554694	0.28554694	0.28554694	0.28554694	0.28554694	0.28554694	0.28554694	0.28554694	0.28554694	0.28554694	0.28554694	0.28554694	0.28554694	0.28554694	0.28554694	0.28554694	0.28554694	0.279273171	0.279273171	0.279273171	0.279273171	0.279273171	0.279273171	0.279273171	0.279273171	0.277255128	0.277255128	0.277255128	0.277255128	0.277255128	0.277255128	0.277255128	0.277255128	0.28965425	0.28965425
2.168214232	2.168214232	2.168214232	2.168214232	2.168214232	2.168214232	2.168214232	2.168214232	1.775479297	1.995211333	1.995211333	1.995211333	1.995211333	1.995211333	1.995211333	1.995211333	1.995211333	1.995211333	1.995211333	1.995211333	1.995211333	1.995211333	1.995211333	1.995211333	1.975476957	1.975476957	1.975476957	1.975476957	1.975476957	1.986477032	1.986477032	1.986477032	1.986477032	1.986477032	1.986477032	1.986477032	1.986477032	1.986477032	1.986477032	1.938467226	1.938467226	1.944029204	1.944029204	1.944029204	1.944029204	1.944029204	1.944029204	1.944029204	1.944029204	1.944029204	1.944029204	1.944029204	1.944029204	1.944029204	1.944029204	1.944029204	1.761426382	1.761426382	1.761426382	1.761426382	1.761426382	1.761426382	1.761426382	1.761426382	1.761426382	1.761426382	1.761426382	1.761426382	1.761426382	1.761426382	1.761426382	1.761426382	1.761426382	1.761426382	1.761426382	1.761426382	1.761426382	1.761426382	1.772206746	1.772206746	1.772206746	1.772206746	1.772206746	1.772206746	1.772206746	1.772206746	1.771497846	1.771497846	1.771497846	1.771497846	1.771497846	1.771497846	1.771497846	1.771497846	1.766562873	1.766562873
1.925867292	1.925867292	1.925867292	1.925867292	1.925867292	1.925867292	1.925867292	1.925867292	1.62806813	1.710503594	1.710503594	1.710503594	1.710503594	1.710503594	1.710503594	1.710503594	1.710503594	1.710503594	1.710503594	1.710503594	1.710503594	1.710503594	1.710503594	1.710503594	2.266884779	2.266884779	2.266884779	2.266884779	2.266884779	2.281864084	2.281864084	2.281864084	2.281864084	2.281864084	2.281864084	2.281864084	2.281864084	2.281864084	2.281864084	2.238054499	2.238054499	2.262911148	2.262911148	2.262911148	2.262911148	2.262911148	2.262911148	2.262911148	2.262911148	2.262911148	2.262911148	2.262911148	2.262911148	2.262911148	2.262911148	2.262911148	2.333908997	2.333908997	2.333908997	2.333908997	2.333908997	2.333908997	2.333908997	2.333908997	2.333908997	2.333908997	2.333908997	2.333908997	2.333908997	2.333908997	2.333908997	2.333908997	2.333908997	2.333908997	2.333908997	2.333908997	2.333908997	2.333908997	2.343183338	2.343183338	2.343183338	2.343183338	2.343183338	2.343183338	2.343183338	2.343183338	2.343020525	2.343020525	2.343020525	2.343020525	2.343020525	2.343020525	2.343020525	2.343020525	2.288990805	2.288990805
1.035047192	1.035047192	1.035047192	1.035047192	1.035047192	1.035047192	1.035047192	1.035047192	1.113518409	1.161625161	1.161625161	1.161625161	1.161625161	1.161625161	1.161625161	1.161625161	1.161625161	1.161625161	1.161625161	1.161625161	1.161625161	1.161625161	1.161625161	1.161625161	1.014879957	1.014879957	1.014879957	1.014879957	1.014879957	1.033175724	1.033175724	1.033175724	1.033175724	1.033175724	1.033175724	1.033175724	1.033175724	1.033175724	1.033175724	0.948463924	0.948463924	0.986416064	0.986416064	0.986416064	0.986416064	0.986416064	0.986416064	0.986416064	0.986416064	0.986416064	0.986416064	0.986416064	0.986416064	0.986416064	0.986416064	0.986416064	0.948542962	0.948542962	0.948542962	0.948542962	0.948542962	0.948542962	0.948542962	0.948542962	0.948542962	0.948542962	0.948542962	0.948542962	0.948542962	0.948542962	0.948542962	0.948542962	0.948542962	0.948542962	0.948542962	0.948542962	0.948542962	0.948542962	0.953758868	0.953758868	0.953758868	0.953758868	0.953758868	0.953758868	0.953758868	0.953758868	0.954579089	0.954579089	0.954579089	0.954579089	0.954579089	0.954579089	0.954579089	0.954579089	0.917017864	0.917017864
1.858972187	1.858972187	1.858972187	1.858972187	1.858972187	1.858972187	1.858972187	1.858972187	1.556031522	1.577484983	1.577484983	1.577484983	1.577484983	1.577484983	1.577484983	1.577484983	1.577484983	1.577484983	1.577484983	1.577484983	1.577484983	1.577484983	1.577484983	1.577484983	1.692738322	1.692738322	1.692738322	1.692738322	1.692738322	1.708260682	1.708260682	1.708260682	1.708260682	1.708260682	1.708260682	1.708260682	1.708260682	1.708260682	1.708260682	1.690469256	1.690469256	1.72383199	1.72383199	1.72383199	1.72383199	1.72383199	1.72383199	1.72383199	1.72383199	1.72383199	1.72383199	1.72383199	1.72383199	1.72383199	1.72383199	1.72383199	1.623123823	1.623123823	1.623123823	1.623123823	1.623123823	1.623123823	1.623123823	1.623123823	1.623123823	1.623123823	1.623123823	1.623123823	1.623123823	1.623123823	1.623123823	1.623123823	1.623123823	1.623123823	1.623123823	1.623123823	1.623123823	1.623123823	1.632775883	1.632775883	1.632775883	1.632775883	1.632775883	1.632775883	1.632775883	1.632775883	1.634162002	1.634162002	1.634162002	1.634162002	1.634162002	1.634162002	1.634162002	1.634162002	1.647274714	1.647274714
2.3200493	2.3200493	2.3200493	2.3200493	2.3200493	2.3200493	2.3200493	2.3200493	2.446510019	2.420476554	2.420476554	2.420476554	2.420476554	2.420476554	2.420476554	2.420476554	2.420476554	2.420476554	2.420476554	2.420476554	2.420476554	2.420476554	2.420476554	2.420476554	2.605287081	2.605287081	2.605287081	2.605287081	2.605287081	2.650299604	2.650299604	2.650299604	2.650299604	2.650299604	2.650299604	2.650299604	2.650299604	2.650299604	2.650299604	2.444950324	2.444950324	2.519062285	2.519062285	2.519062285	2.519062285	2.519062285	2.519062285	2.519062285	2.519062285	2.519062285	2.519062285	2.519062285	2.519062285	2.519062285	2.519062285	2.519062285	2.50718683	2.50718683	2.50718683	2.50718683	2.50718683	2.50718683	2.50718683	2.50718683	2.50718683	2.50718683	2.50718683	2.50718683	2.50718683	2.50718683	2.50718683	2.50718683	2.50718683	2.50718683	2.50718683	2.50718683	2.50718683	2.50718683	2.527469001	2.527469001	2.527469001	2.527469001	2.527469001	2.527469001	2.527469001	2.527469001	2.525465474	2.525465474	2.525465474	2.525465474	2.525465474	2.525465474	2.525465474	2.525465474	2.433219231	2.433219231
0.255707902	0.255707902	0.255707902	0.255707902	0.255707902	0.255707902	0.255707902	0.255707902	0.469347611	0.438590468	0.438590468	0.438590468	0.438590468	0.438590468	0.438590468	0.438590468	0.438590468	0.438590468	0.438590468	0.438590468	0.438590468	0.438590468	0.438590468	0.438590468	0.678648398	0.678648398	0.678648398	0.678648398	0.678648398	0.686196875	0.686196875	0.686196875	0.686196875	0.686196875	0.686196875	0.686196875	0.686196875	0.686196875	0.686196875	0.997262737	0.997262737	0.996896021	0.996896021	0.996896021	0.996896021	0.996896021	0.996896021	0.996896021	0.996896021	0.996896021	0.996896021	0.996896021	0.996896021	0.996896021	0.996896021	0.996896021	1.150075029	1.150075029	1.150075029	1.150075029	1.150075029	1.150075029	1.150075029	1.150075029	1.150075029	1.150075029	1.150075029	1.150075029	1.150075029	1.150075029	1.150075029	1.150075029	1.150075029	1.150075029	1.150075029	1.150075029	1.150075029	1.150075029	1.15000044	1.15000044	1.15000044	1.15000044	1.15000044	1.15000044	1.15000044	1.15000044	1.150986136	1.150986136	1.150986136	1.150986136	1.150986136	1.150986136	1.150986136	1.150986136	1.126715156	1.126715156
-0.098552743	-0.098552743	-0.098552743	-0.098552743	-0.098552743	-0.098552743	-0.098552743	-0.098552743	-0.079603213	-0.101042584	-0.101042584	-0.101042584	-0.101042584	-0.101042584	-0.101042584	-0.101042584	-0.101042584	-0.101042584	-0.101042584	-0.101042584	-0.101042584	-0.101042584	-0.101042584	-0.101042584	-0.269365615	-0.269365615	-0.269365615	-0.269365615	-0.269365615	-0.304110839	-0.304110839	-0.304110839	-0.304110839	-0.304110839	-0.304110839	-0.304110839	-0.304110839	-0.304110839	-0.304110839	-0.358361739	-0.358361739	-0.395137661	-0.395137661	-0.395137661	-0.395137661	-0.395137661	-0.395137661	-0.395137661	-0.395137661	-0.395137661	-0.395137661	-0.395137661	-0.395137661	-0.395137661	-0.395137661	-0.395137661	-0.534132731	-0.534132731	-0.534132731	-0.534132731	-0.534132731	-0.534132731	-0.534132731	-0.534132731	-0.534132731	-0.534132731	-0.534132731	-0.534132731	-0.534132731	-0.534132731	-0.534132731	-0.534132731	-0.534132731	-0.534132731	-0.534132731	-0.534132731	-0.534132731	-0.534132731	-0.534613882	-0.534613882	-0.534613882	-0.534613882	-0.534613882	-0.534613882	-0.534613882	-0.534613882	-0.535070703	-0.535070703	-0.535070703	-0.535070703	-0.535070703	-0.535070703	-0.535070703	-0.535070703	-0.544196442	-0.544196442
0.890736834	0.890736834	0.890736834	0.890736834	0.890736834	0.890736834	0.890736834	0.890736834	0.756724082	0.756862648	0.756862648	0.756862648	0.756862648	0.756862648	0.756862648	0.756862648	0.756862648	0.756862648	0.756862648	0.756862648	0.756862648	0.756862648	0.756862648	0.756862648	1.108709786	1.108709786	1.108709786	1.108709786	1.108709786	1.018572123	1.018572123	1.018572123	1.018572123	1.018572123	1.018572123	1.018572123	1.018572123	1.018572123	1.018572123	0.89350786	0.89350786	0.824861657	0.824861657	0.824861657	0.824861657	0.824861657	0.824861657	0.824861657	0.824861657	0.824861657	0.824861657	0.824861657	0.824861657	0.824861657	0.824861657	0.824861657	0.951162802	0.951162802	0.951162802	0.951162802	0.951162802	0.951162802	0.951162802	0.951162802	0.951162802	0.951162802	0.951162802	0.951162802	0.951162802	0.951162802	0.951162802	0.951162802	0.951162802	0.951162802	0.951162802	0.951162802	0.951162802	0.951162802	0.949354961	0.949354961	0.949354961	0.949354961	0.949354961	0.949354961	0.949354961	0.949354961	0.948143821	0.948143821	0.948143821	0.948143821	0.948143821	0.948143821	0.948143821	0.948143821	0.927961292	0.927961292
-0.558964832	-0.558964832	-0.558964832	-0.558964832	-0.558964832	-0.558964832	-0.558964832	-0.558964832	-0.925324585	-0.907084176	-0.907084176	-0.907084176	-0.907084176	-0.907084176	-0.907084176	-0.907084176	-0.907084176	-0.907084176	-0.907084176	-0.907084176	-0.907084176	-0.907084176	-0.907084176	-0.907084176	-0.847030271	-0.847030271	-0.847030271	-0.847030271	-0.847030271	-0.992980967	-0.992980967	-0.992980967	-0.992980967	-0.992980967	-0.992980967	-0.992980967	-0.992980967	-0.992980967	-0.992980967	-0.630747251	-0.630747251	-0.769011335	-0.769011335	-0.769011335	-0.769011335	-0.769011335	-0.769011335	-0.769011335	-0.769011335	-0.769011335	-0.769011335	-0.769011335	-0.769011335	-0.769011335	-0.769011335	-0.769011335	-0.870399469	-0.870399469	-0.870399469	-0.870399469	-0.870399469	-0.870399469	-0.870399469	-0.870399469	-0.870399469	-0.870399469	-0.870399469	-0.870399469	-0.870399469	-0.870399469	-0.870399469	-0.870399469	-0.870399469	-0.870399469	-0.870399469	-0.870399469	-0.870399469	-0.870399469	-0.882117109	-0.882117109	-0.882117109	-0.882117109	-0.882117109	-0.882117109	-0.882117109	-0.882117109	-0.880848382	-0.880848382	-0.880848382	-0.880848382	-0.880848382	-0.880848382	-0.880848382	-0.880848382	-0.833667885	-0.833667885
0.283502534	0.283502534	0.283502534	0.283502534	0.283502534	0.283502534	0.283502534	0.283502534	0.251264113	0.251264113	0.251264113	0.251264113	0.251264113	0.251264113	0.251264113	0.251264113	0.251264113	0.251264113	0.251264113	0.251264113	0.251264113	0.251264113	0.251264113	0.251264113	0.444820121	0.444820121	0.444820121	0.444820121	0.444820121	0.370337686	0.370337686	0.370337686	0.370337686	0.370337686	0.370337686	0.370337686	0.370337686	0.370337686	0.370337686	0.350091553	0.350091553	0.269100857	0.269100857	0.269100857	0.269100857	0.269100857	0.269100857	0.269100857	0.269100857	0.269100857	0.269100857	0.269100857	0.269100857	0.269100857	0.269100857	0.269100857	0.287909174	0.287909174	0.287909174	0.287909174	0.287909174	0.287909174	0.287909174	0.287909174	0.287909174	0.287909174	0.287909174	0.287909174	0.287909174	0.287909174	0.287909174	0.287909174	0.287909174	0.287909174	0.287909174	0.287909174	0.287909174	0.287909174	0.256311294	0.256311294	0.256311294	0.256311294	0.256311294	0.256311294	0.256311294	0.256311294	0.256530466	0.256530466	0.256530466	0.256530466	0.256530466	0.256530466	0.256530466	0.256530466	0.262074971	0.262074971
-1.311554101	-1.311554101	-1.311554101	-1.311554101	-1.311554101	-1.311554101	-1.311554101	-1.311554101	-0.876025705	-0.876025705	-0.876025705	-0.876025705	-0.876025705	-0.876025705	-0.876025705	-0.876025705	-0.876025705	-0.876025705	-0.876025705	-0.876025705	-0.876025705	-0.876025705	-0.876025705	-0.876025705	-1.077099196	-1.077099196	-1.077099196	-1.077099196	-1.077099196	-1.091954561	-1.091954561	-1.091954561	-1.091954561	-1.091954561	-1.091954561	-1.091954561	-1.091954561	-1.091954561	-1.091954561	-1.053973175	-1.053973175	-1.117493278	-1.117493278	-1.117493278	-1.117493278	-1.117493278	-1.117493278	-1.117493278	-1.117493278	-1.117493278	-1.117493278	-1.117493278	-1.117493278	-1.117493278	-1.117493278	-1.117493278	-0.973001887	-0.973001887	-0.973001887	-0.973001887	-0.973001887	-0.973001887	-0.973001887	-0.973001887	-0.973001887	-0.973001887	-0.973001887	-0.973001887	-0.973001887	-0.973001887	-0.973001887	-0.973001887	-0.973001887	-0.973001887	-0.973001887	-0.973001887	-0.973001887	-0.973001887	-0.994322024	-0.994322024	-0.994322024	-0.994322024	-0.994322024	-0.994322024	-0.994322024	-0.994322024	-0.993121758	-0.993121758	-0.993121758	-0.993121758	-0.993121758	-0.993121758	-0.993121758	-0.993121758	-0.974244153	-0.974244153
-0.882787789	-0.882787789	-0.882787789	-0.882787789	-0.882787789	-0.882787789	-0.882787789	-0.882787789	-0.392854886	-0.392854886	-0.392854886	-0.392854886	-0.392854886	-0.392854886	-0.392854886	-0.392854886	-0.392854886	-0.392854886	-0.392854886	-0.392854886	-0.392854886	-0.392854886	-0.392854886	-0.392854886	-0.711581024	-0.711581024	-0.711581024	-0.711581024	-0.711581024	-0.669763691	-0.669763691	-0.669763691	-0.669763691	-0.669763691	-0.669763691	-0.669763691	-0.669763691	-0.669763691	-0.669763691	-0.505114105	-0.505114105	-0.552385864	-0.552385864	-0.552385864	-0.552385864	-0.552385864	-0.552385864	-0.552385864	-0.552385864	-0.552385864	-0.552385864	-0.552385864	-0.552385864	-0.552385864	-0.552385864	-0.552385864	-0.393266124	-0.393266124	-0.393266124	-0.393266124	-0.393266124	-0.393266124	-0.393266124	-0.393266124	-0.393266124	-0.393266124	-0.393266124	-0.393266124	-0.393266124	-0.393266124	-0.393266124	-0.393266124	-0.393266124	-0.393266124	-0.393266124	-0.393266124	-0.393266124	-0.393266124	-0.39474547	-0.39474547	-0.39474547	-0.39474547	-0.39474547	-0.39474547	-0.39474547	-0.39474547	-0.395078501	-0.395078501	-0.395078501	-0.395078501	-0.395078501	-0.395078501	-0.395078501	-0.395078501	-0.399097898	-0.399097898
-1.974549455	-1.974549455	-1.974549455	-1.974549455	-1.974549455	-1.974549455	-1.974549455	-1.974549455	-2.269547604	-2.269547604	-2.269547604	-2.269547604	-2.269547604	-2.269547604	-2.269547604	-2.269547604	-2.269547604	-2.269547604	-2.269547604	-2.269547604	-2.269547604	-2.269547604	-2.269547604	-2.269547604	-1.499145089	-1.499145089	-1.499145089	-1.499145089	-1.499145089	-1.389963593	-1.389963593	-1.389963593	-1.389963593	-1.389963593	-1.389963593	-1.389963593	-1.389963593	-1.389963593	-1.389963593	-1.256464255	-1.256464255	-1.288422184	-1.288422184	-1.288422184	-1.288422184	-1.288422184	-1.288422184	-1.288422184	-1.288422184	-1.288422184	-1.288422184	-1.288422184	-1.288422184	-1.288422184	-1.288422184	-1.288422184	-1.203321856	-1.203321856	-1.203321856	-1.203321856	-1.203321856	-1.203321856	-1.203321856	-1.203321856	-1.203321856	-1.203321856	-1.203321856	-1.203321856	-1.203321856	-1.203321856	-1.203321856	-1.203321856	-1.203321856	-1.203321856	-1.203321856	-1.203321856	-1.203321856	-1.203321856	-1.222863854	-1.222863854	-1.222863854	-1.222863854	-1.222863854	-1.222863854	-1.222863854	-1.222863854	-1.223903924	-1.223903924	-1.223903924	-1.223903924	-1.223903924	-1.223903924	-1.223903924	-1.223903924	-1.216397623	-1.216397623
1.012752665	1.012752665	1.012752665	1.012752665	1.012752665	1.012752665	1.012752665	1.012752665	1.147481224	1.147481224	1.147481224	1.147481224	1.147481224	1.147481224	1.147481224	1.147481224	1.147481224	1.147481224	1.147481224	1.147481224	1.147481224	1.147481224	1.147481224	1.147481224	0.839988139	0.839988139	0.839988139	0.839988139	0.839988139	0.89837039	0.89837039	0.89837039	0.89837039	0.89837039	0.89837039	0.89837039	0.89837039	0.89837039	0.89837039	0.863487576	0.863487576	0.873975173	0.873975173	0.873975173	0.873975173	0.873975173	0.873975173	0.873975173	0.873975173	0.873975173	0.873975173	0.873975173	0.873975173	0.873975173	0.873975173	0.873975173	0.728883338	0.728883338	0.728883338	0.728883338	0.728883338	0.728883338	0.728883338	0.728883338	0.728883338	0.728883338	0.728883338	0.728883338	0.728883338	0.728883338	0.728883338	0.728883338	0.728883338	0.728883338	0.728883338	0.728883338	0.728883338	0.728883338	0.76034935	0.76034935	0.76034935	0.76034935	0.76034935	0.76034935	0.76034935	0.76034935	0.760997539	0.760997539	0.760997539	0.760997539	0.760997539	0.760997539	0.760997539	0.760997539	0.76690816	0.76690816
1.682647184	1.682647184	1.682647184	1.682647184	1.682647184	1.682647184	1.682647184	1.682647184	1.847792585	1.847792585	1.847792585	1.847792585	1.847792585	1.847792585	1.847792585	1.847792585	1.847792585	1.847792585	1.847792585	1.847792585	1.847792585	1.847792585	1.847792585	1.847792585	1.849170863	1.849170863	1.849170863	1.849170863	1.849170863	1.854823137	1.854823137	1.854823137	1.854823137	1.854823137	1.854823137	1.854823137	1.854823137	1.854823137	1.854823137	1.680421088	1.680421088	1.720504171	1.720504171	1.720504171	1.720504171	1.720504171	1.720504171	1.720504171	1.720504171	1.720504171	1.720504171	1.720504171	1.720504171	1.720504171	1.720504171	1.720504171	1.679579526	1.679579526	1.679579526	1.679579526	1.679579526	1.679579526	1.679579526	1.679579526	1.679579526	1.679579526	1.679579526	1.679579526	1.679579526	1.679579526	1.679579526	1.679579526	1.679579526	1.679579526	1.679579526	1.679579526	1.679579526	1.679579526	1.670604876	1.670604876	1.670604876	1.670604876	1.670604876	1.670604876	1.670604876	1.670604876	1.669974826	1.669974826	1.669974826	1.669974826	1.669974826	1.669974826	1.669974826	1.669974826	1.640189801	1.640189801
1.38271279	1.38271279	1.38271279	1.38271279	1.38271279	1.38271279	1.38271279	1.38271279	1.3022928	1.3022928	1.3022928	1.3022928	1.3022928	1.3022928	1.3022928	1.3022928	1.3022928	1.3022928	1.3022928	1.3022928	1.3022928	1.3022928	1.3022928	1.3022928	1.203911904	1.203911904	1.203911904	1.203911904	1.203911904	1.157847403	1.157847403	1.157847403	1.157847403	1.157847403	1.157847403	1.157847403	1.157847403	1.157847403	1.157847403	1.186357564	1.186357564	1.25083127	1.25083127	1.25083127	1.25083127	1.25083127	1.25083127	1.25083127	1.25083127	1.25083127	1.25083127	1.25083127	1.25083127	1.25083127	1.25083127	1.25083127	1.3022716	1.3022716	1.3022716	1.3022716	1.3022716	1.3022716	1.3022716	1.3022716	1.3022716	1.3022716	1.3022716	1.3022716	1.3022716	1.3022716	1.3022716	1.3022716	1.3022716	1.3022716	1.3022716	1.3022716	1.3022716	1.3022716	1.298194315	1.298194315	1.298194315	1.298194315	1.298194315	1.298194315	1.298194315	1.298194315	1.299297806	1.299297806	1.299297806	1.299297806	1.299297806	1.299297806	1.299297806	1.299297806	1.338978185	1.338978185
1.860736416	1.860736416	1.860736416	1.860736416	1.860736416	1.860736416	1.860736416	1.860736416	1.931119386	1.931119386	1.931119386	1.931119386	1.931119386	1.931119386	1.931119386	1.931119386	1.931119386	1.931119386	1.931119386	1.931119386	1.931119386	1.931119386	1.931119386	1.931119386	2.377574948	2.377574948	2.377574948	2.377574948	2.377574948	2.3034368	2.3034368	2.3034368	2.3034368	2.3034368	2.3034368	2.3034368	2.3034368	2.3034368	2.3034368	2.220051663	2.220051663	2.345571349	2.345571349	2.345571349	2.345571349	2.345571349	2.345571349	2.345571349	2.345571349	2.345571349	2.345571349	2.345571349	2.345571349	2.345571349	2.345571349	2.345571349	2.226161682	2.226161682	2.226161682	2.226161682	2.226161682	2.226161682	2.226161682	2.226161682	2.226161682	2.226161682	2.226161682	2.226161682	2.226161682	2.226161682	2.226161682	2.226161682	2.226161682	2.226161682	2.226161682	2.226161682	2.226161682	2.226161682	2.248758871	2.248758871	2.248758871	2.248758871	2.248758871	2.248758871	2.248758871	2.248758871	2.246704704	2.246704704	2.246704704	2.246704704	2.246704704	2.246704704	2.246704704	2.246704704	2.232344139	2.232344139
0.444737716	0.444737716	0.444737716	0.444737716	0.444737716	0.444737716	0.444737716	0.444737716	0.371697896	0.371697896	0.371697896	0.371697896	0.371697896	0.371697896	0.371697896	0.371697896	0.371697896	0.371697896	0.371697896	0.371697896	0.371697896	0.371697896	0.371697896	0.371697896	0.735079778	0.735079778	0.735079778	0.735079778	0.735079778	0.680073585	0.680073585	0.680073585	0.680073585	0.680073585	0.680073585	0.680073585	0.680073585	0.680073585	0.680073585	0.743304861	0.743304861	0.826373814	0.826373814	0.826373814	0.826373814	0.826373814	0.826373814	0.826373814	0.826373814	0.826373814	0.826373814	0.826373814	0.826373814	0.826373814	0.826373814	0.826373814	0.742212976	0.742212976	0.742212976	0.742212976	0.742212976	0.742212976	0.742212976	0.742212976	0.742212976	0.742212976	0.742212976	0.742212976	0.742212976	0.742212976	0.742212976	0.742212976	0.742212976	0.742212976	0.742212976	0.742212976	0.742212976	0.742212976	0.747586557	0.747586557	0.747586557	0.747586557	0.747586557	0.747586557	0.747586557	0.747586557	0.750182249	0.750182249	0.750182249	0.750182249	0.750182249	0.750182249	0.750182249	0.750182249	0.752630647	0.752630647
0.41449001	0.41449001	0.41449001	0.41449001	0.41449001	0.41449001	0.41449001	0.41449001	0.349619627	0.349619627	0.349619627	0.349619627	0.349619627	0.349619627	0.349619627	0.349619627	0.349619627	0.349619627	0.349619627	0.349619627	0.349619627	0.349619627	0.349619627	0.349619627	0.460977204	0.460977204	0.460977204	0.460977204	0.460977204	0.399476066	0.399476066	0.399476066	0.399476066	0.399476066	0.399476066	0.399476066	0.399476066	0.399476066	0.399476066	0.403548011	0.403548011	0.47313213	0.47313213	0.47313213	0.47313213	0.47313213	0.47313213	0.47313213	0.47313213	0.47313213	0.47313213	0.47313213	0.47313213	0.47313213	0.47313213	0.47313213	0.477853436	0.477853436	0.477853436	0.477853436	0.477853436	0.477853436	0.477853436	0.477853436	0.477853436	0.477853436	0.477853436	0.477853436	0.477853436	0.477853436	0.477853436	0.477853436	0.477853436	0.477853436	0.477853436	0.477853436	0.477853436	0.477853436	0.490130321	0.490130321	0.490130321	0.490130321	0.490130321	0.490130321	0.490130321	0.490130321	0.488598735	0.488598735	0.488598735	0.488598735	0.488598735	0.488598735	0.488598735	0.488598735	0.508009277	0.508009277
0.992022769	0.992022769	0.992022769	0.992022769	0.992022769	0.992022769	0.992022769	0.992022769	1.038657036	1.038657036	1.038657036	1.038657036	1.038657036	1.038657036	1.038657036	1.038657036	1.038657036	1.038657036	1.038657036	1.038657036	1.038657036	1.038657036	1.038657036	1.038657036	0.990745802	0.990745802	0.990745802	0.990745802	0.990745802	0.922720153	0.922720153	0.922720153	0.922720153	0.922720153	0.922720153	0.922720153	0.922720153	0.922720153	0.922720153	0.765071842	0.765071842	0.818042883	0.818042883	0.818042883	0.818042883	0.818042883	0.818042883	0.818042883	0.818042883	0.818042883	0.818042883	0.818042883	0.818042883	0.818042883	0.818042883	0.818042883	0.713616408	0.713616408	0.713616408	0.713616408	0.713616408	0.713616408	0.713616408	0.713616408	0.713616408	0.713616408	0.713616408	0.713616408	0.713616408	0.713616408	0.713616408	0.713616408	0.713616408	0.713616408	0.713616408	0.713616408	0.713616408	0.713616408	0.723015831	0.723015831	0.723015831	0.723015831	0.723015831	0.723015831	0.723015831	0.723015831	0.72363136	0.72363136	0.72363136	0.72363136	0.72363136	0.72363136	0.72363136	0.72363136	0.746729968	0.746729968
1.362835723	1.362835723	1.362835723	1.362835723	1.362835723	1.362835723	1.362835723	1.362835723	1.455849736	1.455849736	1.455849736	1.455849736	1.455849736	1.455849736	1.455849736	1.455849736	1.455849736	1.455849736	1.455849736	1.455849736	1.455849736	1.455849736	1.455849736	1.455849736	1.285185315	1.285185315	1.285185315	1.285185315	1.285185315	1.202033094	1.202033094	1.202033094	1.202033094	1.202033094	1.202033094	1.202033094	1.202033094	1.202033094	1.202033094	1.19645728	1.19645728	1.211251251	1.211251251	1.211251251	1.211251251	1.211251251	1.211251251	1.211251251	1.211251251	1.211251251	1.211251251	1.211251251	1.211251251	1.211251251	1.211251251	1.211251251	1.201150534	1.201150534	1.201150534	1.201150534	1.201150534	1.201150534	1.201150534	1.201150534	1.201150534	1.201150534	1.201150534	1.201150534	1.201150534	1.201150534	1.201150534	1.201150534	1.201150534	1.201150534	1.201150534	1.201150534	1.201150534	1.201150534	1.154820222	1.154820222	1.154820222	1.154820222	1.154820222	1.154820222	1.154820222	1.154820222	1.153888445	1.153888445	1.153888445	1.153888445	1.153888445	1.153888445	1.153888445	1.153888445	1.158089529	1.158089529
1.599705273	1.599705273	1.599705273	1.599705273	1.599705273	1.599705273	1.599705273	1.599705273	1.676384482	1.676384482	1.676384482	1.676384482	1.676384482	1.676384482	1.676384482	1.676384482	1.676384482	1.676384482	1.676384482	1.676384482	1.676384482	1.676384482	1.676384482	1.676384482	2.040355758	2.040355758	2.040355758	2.040355758	2.040355758	1.98669471	1.98669471	1.98669471	1.98669471	1.98669471	1.98669471	1.98669471	1.98669471	1.98669471	1.98669471	1.77277732	1.77277732	1.782009562	1.782009562	1.782009562	1.782009562	1.782009562	1.782009562	1.782009562	1.782009562	1.782009562	1.782009562	1.782009562	1.782009562	1.782009562	1.782009562	1.782009562	1.944336737	1.944336737	1.944336737	1.944336737	1.944336737	1.944336737	1.944336737	1.944336737	1.944336737	1.944336737	1.944336737	1.944336737	1.944336737	1.944336737	1.944336737	1.944336737	1.944336737	1.944336737	1.944336737	1.944336737	1.944336737	1.944336737	1.966522332	1.966522332	1.966522332	1.966522332	1.966522332	1.966522332	1.966522332	1.966522332	1.968192302	1.968192302	1.968192302	1.968192302	1.968192302	1.968192302	1.968192302	1.968192302	1.943734001	1.943734001
1.988458148	1.988458148	1.988458148	1.988458148	1.988458148	1.988458148	1.988458148	1.988458148	1.391689363	1.391689363	1.391689363	1.391689363	1.391689363	1.391689363	1.391689363	1.391689363	1.391689363	1.391689363	1.391689363	1.391689363	1.391689363	1.391689363	1.391689363	1.391689363	1.58761165	1.58761165	1.58761165	1.58761165	1.58761165	1.615942772	1.615942772	1.615942772	1.615942772	1.615942772	1.615942772	1.615942772	1.615942772	1.615942772	1.615942772	1.797298855	1.797298855	1.783632998	1.783632998	1.783632998	1.783632998	1.783632998	1.783632998	1.783632998	1.783632998	1.783632998	1.783632998	1.783632998	1.783632998	1.783632998	1.783632998	1.783632998	1.77444453	1.77444453	1.77444453	1.77444453	1.77444453	1.77444453	1.77444453	1.77444453	1.77444453	1.77444453	1.77444453	1.77444453	1.77444453	1.77444453	1.77444453	1.77444453	1.77444453	1.77444453	1.77444453	1.77444453	1.77444453	1.77444453	1.772807347	1.772807347	1.772807347	1.772807347	1.772807347	1.772807347	1.772807347	1.772807347	1.772449146	1.772449146	1.772449146	1.772449146	1.772449146	1.772449146	1.772449146	1.772449146	1.753739032	1.753739032
-0.256842317	-0.256842317	-0.256842317	-0.256842317	-0.256842317	-0.256842317	-0.256842317	-0.256842317	-0.201635556	-0.201635556	-0.201635556	-0.201635556	-0.201635556	-0.201635556	-0.201635556	-0.201635556	-0.201635556	-0.201635556	-0.201635556	-0.201635556	-0.201635556	-0.201635556	-0.201635556	-0.201635556	-0.12229877	-0.12229877	-0.12229877	-0.12229877	-0.12229877	-0.027720668	-0.027720668	-0.027720668	-0.027720668	-0.027720668	-0.027720668	-0.027720668	-0.027720668	-0.027720668	-0.027720668	0.150539091	0.150539091	0.120261967	0.120261967	0.120261967	0.120261967	0.120261967	0.120261967	0.120261967	0.120261967	0.120261967	0.120261967	0.120261967	0.120261967	0.120261967	0.120261967	0.120261967	-0.01038303	-0.01038303	-0.01038303	-0.01038303	-0.01038303	-0.01038303	-0.01038303	-0.01038303	-0.01038303	-0.01038303	-0.01038303	-0.01038303	-0.01038303	-0.01038303	-0.01038303	-0.01038303	-0.01038303	-0.01038303	-0.01038303	-0.01038303	-0.01038303	-0.01038303	-0.020178488	-0.020178488	-0.020178488	-0.020178488	-0.020178488	-0.020178488	-0.020178488	-0.020178488	-0.022031689	-0.022031689	-0.022031689	-0.022031689	-0.022031689	-0.022031689	-0.022031689	-0.022031689	0.009981036	0.009981036
0.877869502	0.877869502	0.877869502	0.877869502	0.877869502	0.877869502	0.877869502	0.877869502	0.687249527	0.687249527	0.687249527	0.687249527	0.687249527	0.687249527	0.687249527	0.687249527	0.687249527	0.687249527	0.687249527	0.687249527	0.687249527	0.687249527	0.687249527	0.687249527	0.226020069	0.226020069	0.226020069	0.226020069	0.226020069	0.396597167	0.396597167	0.396597167	0.396597167	0.396597167	0.396597167	0.396597167	0.396597167	0.396597167	0.396597167	0.346704997	0.346704997	0.279323695	0.279323695	0.279323695	0.279323695	0.279323695	0.279323695	0.279323695	0.279323695	0.279323695	0.279323695	0.279323695	0.279323695	0.279323695	0.279323695	0.279323695	0.321373681	0.321373681	0.321373681	0.321373681	0.321373681	0.321373681	0.321373681	0.321373681	0.321373681	0.321373681	0.321373681	0.321373681	0.321373681	0.321373681	0.321373681	0.321373681	0.321373681	0.321373681	0.321373681	0.321373681	0.321373681	0.321373681	0.340653431	0.340653431	0.340653431	0.340653431	0.340653431	0.340653431	0.340653431	0.340653431	0.340946915	0.340946915	0.340946915	0.340946915	0.340946915	0.340946915	0.340946915	0.340946915	0.347052481	0.347052481
3.109565447	3.109565447	3.109565447	3.109565447	3.109565447	3.109565447	3.109565447	3.109565447	3.156945457	3.156945457	3.156945457	3.156945457	3.156945457	3.156945457	3.156945457	3.156945457	3.156945457	3.156945457	3.156945457	3.156945457	3.156945457	3.156945457	3.156945457	3.156945457	3.630758102	3.630758102	3.630758102	3.630758102	3.630758102	3.731152522	3.731152522	3.731152522	3.731152522	3.731152522	3.731152522	3.731152522	3.731152522	3.731152522	3.731152522	3.836229012	3.836229012	3.780408689	3.780408689	3.780408689	3.780408689	3.780408689	3.780408689	3.780408689	3.780408689	3.780408689	3.780408689	3.780408689	3.780408689	3.780408689	3.780408689	3.780408689	3.865686354	3.865686354	3.865686354	3.865686354	3.865686354	3.865686354	3.865686354	3.865686354	3.865686354	3.865686354	3.865686354	3.865686354	3.865686354	3.865686354	3.865686354	3.865686354	3.865686354	3.865686354	3.865686354	3.865686354	3.865686354	3.865686354	3.859184293	3.859184293	3.859184293	3.859184293	3.859184293	3.859184293	3.859184293	3.859184293	3.85891891	3.85891891	3.85891891	3.85891891	3.85891891	3.85891891	3.85891891	3.85891891	3.815158867	3.815158867
0.853244771	0.853244771	0.853244771	0.853244771	0.853244771	0.853244771	0.853244771	0.853244771	0.768552408	0.768552408	0.768552408	0.768552408	0.768552408	0.768552408	0.768552408	0.768552408	0.768552408	0.768552408	0.768552408	0.768552408	0.768552408	0.768552408	0.768552408	0.768552408	0.86708942	0.86708942	0.86708942	0.86708942	0.86708942	0.913631283	0.913631283	0.913631283	0.913631283	0.913631283	0.913631283	0.913631283	0.913631283	0.913631283	0.913631283	1.015280005	1.015280005	0.96060212	0.96060212	0.96060212	0.96060212	0.96060212	0.96060212	0.96060212	0.96060212	0.96060212	0.96060212	0.96060212	0.96060212	0.96060212	0.96060212	0.96060212	0.980992617	0.980992617	0.980992617	0.980992617	0.980992617	0.980992617	0.980992617	0.980992617	0.980992617	0.980992617	0.980992617	0.980992617	0.980992617	0.980992617	0.980992617	0.980992617	0.980992617	0.980992617	0.980992617	0.980992617	0.980992617	0.980992617	0.975070965	0.975070965	0.975070965	0.975070965	0.975070965	0.975070965	0.975070965	0.975070965	0.975908088	0.975908088	0.975908088	0.975908088	0.975908088	0.975908088	0.975908088	0.975908088	0.973355732	0.973355732
1.233373214	1.233373214	1.233373214	1.233373214	1.233373214	1.233373214	1.233373214	1.233373214	1.170973567	1.170973567	1.170973567	1.170973567	1.170973567	1.170973567	1.170973567	1.170973567	1.170973567	1.170973567	1.170973567	1.170973567	1.170973567	1.170973567	1.170973567	1.170973567	1.134384975	1.134384975	1.134384975	1.134384975	1.134384975	1.127166306	1.127166306	1.127166306	1.127166306	1.127166306	1.127166306	1.127166306	1.127166306	1.127166306	1.127166306	1.38275559	1.38275559	1.327475959	1.327475959	1.327475959	1.327475959	1.327475959	1.327475959	1.327475959	1.327475959	1.327475959	1.327475959	1.327475959	1.327475959	1.327475959	1.327475959	1.327475959	1.306823978	1.306823978	1.306823978	1.306823978	1.306823978	1.306823978	1.306823978	1.306823978	1.306823978	1.306823978	1.306823978	1.306823978	1.306823978	1.306823978	1.306823978	1.306823978	1.306823978	1.306823978	1.306823978	1.306823978	1.306823978	1.306823978	1.313565376	1.313565376	1.313565376	1.313565376	1.313565376	1.313565376	1.313565376	1.313565376	1.314680267	1.314680267	1.314680267	1.314680267	1.314680267	1.314680267	1.314680267	1.314680267	1.33107178	1.33107178
0.003143023	0.003143023	0.003143023	0.003143023	0.003143023	0.003143023	0.003143023	0.003143023	0.031744352	0.031744352	0.031744352	0.031744352	0.031744352	0.031744352	0.031744352	0.031744352	0.031744352	0.031744352	0.031744352	0.031744352	0.031744352	0.031744352	0.031744352	0.031744352	0.117519056	0.117519056	0.117519056	0.117519056	0.117519056	0.043433883	0.043433883	0.043433883	0.043433883	0.043433883	0.043433883	0.043433883	0.043433883	0.043433883	0.043433883	0.283359549	0.283359549	0.251938316	0.251938316	0.251938316	0.251938316	0.251938316	0.251938316	0.251938316	0.251938316	0.251938316	0.251938316	0.251938316	0.251938316	0.251938316	0.251938316	0.251938316	0.194461791	0.194461791	0.194461791	0.194461791	0.194461791	0.194461791	0.194461791	0.194461791	0.194461791	0.194461791	0.194461791	0.194461791	0.194461791	0.194461791	0.194461791	0.194461791	0.194461791	0.194461791	0.194461791	0.194461791	0.194461791	0.194461791	0.166636642	0.166636642	0.166636642	0.166636642	0.166636642	0.166636642	0.166636642	0.166636642	0.16677703	0.16677703	0.16677703	0.16677703	0.16677703	0.16677703	0.16677703	0.16677703	0.19938633	0.19938633
-0.094333697	-0.094333697	-0.094333697	-0.094333697	-0.094333697	-0.094333697	-0.094333697	-0.094333697	0.092530178	0.092530178	0.092530178	0.092530178	0.092530178	0.092530178	0.092530178	0.092530178	0.092530178	0.092530178	0.092530178	0.092530178	0.092530178	0.092530178	0.092530178	0.092530178	0.23679448	0.23679448	0.23679448	0.23679448	0.23679448	0.21472035	0.21472035	0.21472035	0.21472035	0.21472035	0.21472035	0.21472035	0.21472035	0.21472035	0.21472035	0.125909506	0.125909506	0.06339663	0.06339663	0.06339663	0.06339663	0.06339663	0.06339663	0.06339663	0.06339663	0.06339663	0.06339663	0.06339663	0.06339663	0.06339663	0.06339663	0.06339663	0.09514841	0.09514841	0.09514841	0.09514841	0.09514841	0.09514841	0.09514841	0.09514841	0.09514841	0.09514841	0.09514841	0.09514841	0.09514841	0.09514841	0.09514841	0.09514841	0.09514841	0.09514841	0.09514841	0.09514841	0.09514841	0.09514841	0.09436148	0.09436148	0.09436148	0.09436148	0.09436148	0.09436148	0.09436148	0.09436148	0.092724563	0.092724563	0.092724563	0.092724563	0.092724563	0.092724563	0.092724563	0.092724563	0.121306391	0.121306391
0.898833192	0.898833192	0.898833192	0.898833192	0.898833192	0.898833192	0.898833192	0.898833192	0.611187656	0.611187656	0.611187656	0.611187656	0.611187656	0.611187656	0.611187656	0.611187656	0.611187656	0.611187656	0.611187656	0.611187656	0.611187656	0.611187656	0.611187656	0.611187656	0.653158885	0.653158885	0.653158885	0.653158885	0.653158885	0.632797317	0.632797317	0.632797317	0.632797317	0.632797317	0.632797317	0.632797317	0.632797317	0.632797317	0.632797317	0.776710914	0.776710914	0.708933869	0.708933869	0.708933869	0.708933869	0.708933869	0.708933869	0.708933869	0.708933869	0.708933869	0.708933869	0.708933869	0.708933869	0.708933869	0.708933869	0.708933869	0.717486664	0.717486664	0.717486664	0.717486664	0.717486664	0.717486664	0.717486664	0.717486664	0.717486664	0.717486664	0.717486664	0.717486664	0.717486664	0.717486664	0.717486664	0.717486664	0.717486664	0.717486664	0.717486664	0.717486664	0.717486664	0.717486664	0.71595477	0.71595477	0.71595477	0.71595477	0.71595477	0.71595477	0.71595477	0.71595477	0.71656698	0.71656698	0.71656698	0.71656698	0.71656698	0.71656698	0.71656698	0.71656698	0.715505608	0.715505608
-0.190366278	-0.190366278	-0.190366278	-0.190366278	-0.190366278	-0.190366278	-0.190366278	-0.190366278	0.186300417	0.186300417	0.186300417	0.186300417	0.186300417	0.186300417	0.186300417	0.186300417	0.186300417	0.186300417	0.186300417	0.186300417	0.186300417	0.186300417	0.186300417	0.186300417	0.262653814	0.262653814	0.262653814	0.262653814	0.262653814	0.242982132	0.242982132	0.242982132	0.242982132	0.242982132	0.242982132	0.242982132	0.242982132	0.242982132	0.242982132	0.40445362	0.40445362	0.332360877	0.332360877	0.332360877	0.332360877	0.332360877	0.332360877	0.332360877	0.332360877	0.332360877	0.332360877	0.332360877	0.332360877	0.332360877	0.332360877	0.332360877	0.294397996	0.294397996	0.294397996	0.294397996	0.294397996	0.294397996	0.294397996	0.294397996	0.294397996	0.294397996	0.294397996	0.294397996	0.294397996	0.294397996	0.294397996	0.294397996	0.294397996	0.294397996	0.294397996	0.294397996	0.294397996	0.294397996	0.275444796	0.275444796	0.275444796	0.275444796	0.275444796	0.275444796	0.275444796	0.275444796	0.275679162	0.275679162	0.275679162	0.275679162	0.275679162	0.275679162	0.275679162	0.275679162	0.257380564	0.257380564
0.997723788	0.997723788	0.997723788	0.997723788	0.997723788	0.997723788	0.997723788	0.997723788	0.423784871	0.423784871	0.423784871	0.423784871	0.423784871	0.423784871	0.423784871	0.423784871	0.423784871	0.423784871	0.423784871	0.423784871	0.423784871	0.423784871	0.423784871	0.423784871	0.499716867	0.499716867	0.499716867	0.499716867	0.499716867	0.488474705	0.488474705	0.488474705	0.488474705	0.488474705	0.488474705	0.488474705	0.488474705	0.488474705	0.488474705	0.435305095	0.435305095	0.329243341	0.329243341	0.329243341	0.329243341	0.329243341	0.329243341	0.329243341	0.329243341	0.329243341	0.329243341	0.329243341	0.329243341	0.329243341	0.329243341	0.329243341	0.318434952	0.318434952	0.318434952	0.318434952	0.318434952	0.318434952	0.318434952	0.318434952	0.318434952	0.318434952	0.318434952	0.318434952	0.318434952	0.318434952	0.318434952	0.318434952	0.318434952	0.318434952	0.318434952	0.318434952	0.318434952	0.318434952	0.322088768	0.322088768	0.322088768	0.322088768	0.322088768	0.322088768	0.322088768	0.322088768	0.320668078	0.320668078	0.320668078	0.320668078	0.320668078	0.320668078	0.320668078	0.320668078	0.324249018	0.324249018
-2.391200561	-2.391200561	-2.391200561	-2.391200561	-2.391200561	-2.391200561	-2.391200561	-2.391200561	-2.59686169	-2.59686169	-2.59686169	-2.59686169	-2.59686169	-2.59686169	-2.59686169	-2.59686169	-2.59686169	-2.59686169	-2.59686169	-2.59686169	-2.59686169	-2.59686169	-2.59686169	-2.59686169	-2.418678243	-2.418678243	-2.418678243	-2.418678243	-2.418678243	-2.431546636	-2.431546636	-2.431546636	-2.431546636	-2.431546636	-2.431546636	-2.431546636	-2.431546636	-2.431546636	-2.431546636	-2.005028319	-2.005028319	-2.059828142	-2.059828142	-2.059828142	-2.059828142	-2.059828142	-2.059828142	-2.059828142	-2.059828142	-2.059828142	-2.059828142	-2.059828142	-2.059828142	-2.059828142	-2.059828142	-2.059828142	-2.039307603	-2.039307603	-2.039307603	-2.039307603	-2.039307603	-2.039307603	-2.039307603	-2.039307603	-2.039307603	-2.039307603	-2.039307603	-2.039307603	-2.039307603	-2.039307603	-2.039307603	-2.039307603	-2.039307603	-2.039307603	-2.039307603	-2.039307603	-2.039307603	-2.039307603	-2.070885145	-2.070885145	-2.070885145	-2.070885145	-2.070885145	-2.070885145	-2.070885145	-2.070885145	-2.07096347	-2.07096347	-2.07096347	-2.07096347	-2.07096347	-2.07096347	-2.07096347	-2.07096347	-2.049112274	-2.049112274
0.066496733	0.066496733	0.066496733	0.066496733	0.066496733	0.066496733	0.066496733	0.066496733	0.024108973	0.024108973	0.024108973	0.024108973	0.024108973	0.024108973	0.024108973	0.024108973	0.024108973	0.024108973	0.024108973	0.024108973	0.024108973	0.024108973	0.024108973	0.024108973	-0.06577361	-0.06577361	-0.06577361	-0.06577361	-0.06577361	-0.094206319	-0.094206319	-0.094206319	-0.094206319	-0.094206319	-0.094206319	-0.094206319	-0.094206319	-0.094206319	-0.094206319	-0.118106579	-0.118106579	-0.154510182	-0.154510182	-0.154510182	-0.154510182	-0.154510182	-0.154510182	-0.154510182	-0.154510182	-0.154510182	-0.154510182	-0.154510182	-0.154510182	-0.154510182	-0.154510182	-0.154510182	-0.166286854	-0.166286854	-0.166286854	-0.166286854	-0.166286854	-0.166286854	-0.166286854	-0.166286854	-0.166286854	-0.166286854	-0.166286854	-0.166286854	-0.166286854	-0.166286854	-0.166286854	-0.166286854	-0.166286854	-0.166286854	-0.166286854	-0.166286854	-0.166286854	-0.166286854	-0.186786633	-0.186786633	-0.186786633	-0.186786633	-0.186786633	-0.186786633	-0.186786633	-0.186786633	-0.185215691	-0.185215691	-0.185215691	-0.185215691	-0.185215691	-0.185215691	-0.185215691	-0.185215691	-0.152017394	-0.152017394
1.261360164	1.261360164	1.261360164	1.261360164	1.261360164	1.261360164	1.261360164	1.261360164	1.988927934	1.988927934	1.988927934	1.988927934	1.988927934	1.988927934	1.988927934	1.988927934	1.988927934	1.988927934	1.988927934	1.988927934	1.988927934	1.988927934	1.988927934	1.988927934	1.986885038	1.986885038	1.986885038	1.986885038	1.986885038	1.944885596	1.944885596	1.944885596	1.944885596	1.944885596	1.944885596	1.944885596	1.944885596	1.944885596	1.944885596	1.78359671	1.78359671	1.763627642	1.763627642	1.763627642	1.763627642	1.763627642	1.763627642	1.763627642	1.763627642	1.763627642	1.763627642	1.763627642	1.763627642	1.763627642	1.763627642	1.763627642	1.837192175	1.837192175	1.837192175	1.837192175	1.837192175	1.837192175	1.837192175	1.837192175	1.837192175	1.837192175	1.837192175	1.837192175	1.837192175	1.837192175	1.837192175	1.837192175	1.837192175	1.837192175	1.837192175	1.837192175	1.837192175	1.837192175	1.833654861	1.833654861	1.833654861	1.833654861	1.833654861	1.833654861	1.833654861	1.833654861	1.831795153	1.831795153	1.831795153	1.831795153	1.831795153	1.831795153	1.831795153	1.831795153	1.83531309	1.83531309
1.916378323	1.916378323	1.916378323	1.916378323	1.916378323	1.916378323	1.916378323	1.916378323	1.356129794	1.356129794	1.356129794	1.356129794	1.356129794	1.356129794	1.356129794	1.356129794	1.356129794	1.356129794	1.356129794	1.356129794	1.356129794	1.356129794	1.356129794	1.356129794	1.920760894	1.920760894	1.920760894	1.920760894	1.920760894	1.85926068	1.85926068	1.85926068	1.85926068	1.85926068	1.85926068	1.85926068	1.85926068	1.85926068	1.85926068	1.886334516	1.886334516	1.92400434	1.92400434	1.92400434	1.92400434	1.92400434	1.92400434	1.92400434	1.92400434	1.92400434	1.92400434	1.92400434	1.92400434	1.92400434	1.92400434	1.92400434	2.005852438	2.005852438	2.005852438	2.005852438	2.005852438	2.005852438	2.005852438	2.005852438	2.005852438	2.005852438	2.005852438	2.005852438	2.005852438	2.005852438	2.005852438	2.005852438	2.005852438	2.005852438	2.005852438	2.005852438	2.005852438	2.005852438	2.055719534	2.055719534	2.055719534	2.055719534	2.055719534	2.055719534	2.055719534	2.055719534	2.057484819	2.057484819	2.057484819	2.057484819	2.057484819	2.057484819	2.057484819	2.057484819	2.049954812	2.049954812
-0.334802887	-0.334802887	-0.334802887	-0.334802887	-0.334802887	-0.334802887	-0.334802887	-0.334802887	-0.41791648	-0.41791648	-0.41791648	-0.41791648	-0.41791648	-0.41791648	-0.41791648	-0.41791648	-0.41791648	-0.41791648	-0.41791648	-0.41791648	-0.41791648	-0.41791648	-0.41791648	-0.41791648	-0.847229349	-0.847229349	-0.847229349	-0.847229349	-0.847229349	-0.898691932	-0.898691932	-0.898691932	-0.898691932	-0.898691932	-0.898691932	-0.898691932	-0.898691932	-0.898691932	-0.898691932	-0.687866824	-0.687866824	-0.701911195	-0.701911195	-0.701911195	-0.701911195	-0.701911195	-0.701911195	-0.701911195	-0.701911195	-0.701911195	-0.701911195	-0.701911195	-0.701911195	-0.701911195	-0.701911195	-0.701911195	-0.783086396	-0.783086396	-0.783086396	-0.783086396	-0.783086396	-0.783086396	-0.783086396	-0.783086396	-0.783086396	-0.783086396	-0.783086396	-0.783086396	-0.783086396	-0.783086396	-0.783086396	-0.783086396	-0.783086396	-0.783086396	-0.783086396	-0.783086396	-0.783086396	-0.783086396	-0.800773285	-0.800773285	-0.800773285	-0.800773285	-0.800773285	-0.800773285	-0.800773285	-0.800773285	-0.801456609	-0.801456609	-0.801456609	-0.801456609	-0.801456609	-0.801456609	-0.801456609	-0.801456609	-0.73284805	-0.73284805
0.442071083	0.442071083	0.442071083	0.442071083	0.442071083	0.442071083	0.442071083	0.442071083	0.52147636	0.52147636	0.52147636	0.52147636	0.52147636	0.52147636	0.52147636	0.52147636	0.52147636	0.52147636	0.52147636	0.52147636	0.52147636	0.52147636	0.52147636	0.52147636	1.207241107	1.207241107	1.207241107	1.207241107	1.207241107	1.189457186	1.189457186	1.189457186	1.189457186	1.189457186	1.189457186	1.189457186	1.189457186	1.189457186	1.189457186	1.214099899	1.214099899	1.183610559	1.183610559	1.183610559	1.183610559	1.183610559	1.183610559	1.183610559	1.183610559	1.183610559	1.183610559	1.183610559	1.183610559	1.183610559	1.183610559	1.183610559	1.202366338	1.202366338	1.202366338	1.202366338	1.202366338	1.202366338	1.202366338	1.202366338	1.202366338	1.202366338	1.202366338	1.202366338	1.202366338	1.202366338	1.202366338	1.202366338	1.202366338	1.202366338	1.202366338	1.202366338	1.202366338	1.202366338	1.207889227	1.207889227	1.207889227	1.207889227	1.207889227	1.207889227	1.207889227	1.207889227	1.207258123	1.207258123	1.207258123	1.207258123	1.207258123	1.207258123	1.207258123	1.207258123	1.140849038	1.140849038
-1.406649142	-1.406649142	-1.406649142	-1.406649142	-1.406649142	-1.406649142	-1.406649142	-1.406649142	-1.601578393	-1.601578393	-1.601578393	-1.601578393	-1.601578393	-1.601578393	-1.601578393	-1.601578393	-1.601578393	-1.601578393	-1.601578393	-1.601578393	-1.601578393	-1.601578393	-1.601578393	-1.601578393	-1.264688528	-1.264688528	-1.264688528	-1.264688528	-1.264688528	-1.253350869	-1.253350869	-1.253350869	-1.253350869	-1.253350869	-1.253350869	-1.253350869	-1.253350869	-1.253350869	-1.253350869	-1.149725237	-1.149725237	-1.187612801	-1.187612801	-1.187612801	-1.187612801	-1.187612801	-1.187612801	-1.187612801	-1.187612801	-1.187612801	-1.187612801	-1.187612801	-1.187612801	-1.187612801	-1.187612801	-1.187612801	-1.253650826	-1.253650826	-1.253650826	-1.253650826	-1.253650826	-1.253650826	-1.253650826	-1.253650826	-1.253650826	-1.253650826	-1.253650826	-1.253650826	-1.253650826	-1.253650826	-1.253650826	-1.253650826	-1.253650826	-1.253650826	-1.253650826	-1.253650826	-1.253650826	-1.253650826	-1.253218241	-1.253218241	-1.253218241	-1.253218241	-1.253218241	-1.253218241	-1.253218241	-1.253218241	-1.252625982	-1.252625982	-1.252625982	-1.252625982	-1.252625982	-1.252625982	-1.252625982	-1.252625982	-1.174288262	-1.174288262
-1.521298942	-1.521298942	-1.521298942	-1.521298942	-1.521298942	-1.521298942	-1.521298942	-1.521298942	-1.243533857	-1.243533857	-1.243533857	-1.243533857	-1.243533857	-1.243533857	-1.243533857	-1.243533857	-1.243533857	-1.243533857	-1.243533857	-1.243533857	-1.243533857	-1.243533857	-1.243533857	-1.243533857	-1.71080105	-1.71080105	-1.71080105	-1.71080105	-1.71080105	-1.673562374	-1.673562374	-1.673562374	-1.673562374	-1.673562374	-1.673562374	-1.673562374	-1.673562374	-1.673562374	-1.673562374	-1.579017514	-1.579017514	-1.670842187	-1.670842187	-1.670842187	-1.670842187	-1.670842187	-1.670842187	-1.670842187	-1.670842187	-1.670842187	-1.670842187	-1.670842187	-1.670842187	-1.670842187	-1.670842187	-1.670842187	-1.653215182	-1.653215182	-1.653215182	-1.653215182	-1.653215182	-1.653215182	-1.653215182	-1.653215182	-1.653215182	-1.653215182	-1.653215182	-1.653215182	-1.653215182	-1.653215182	-1.653215182	-1.653215182	-1.653215182	-1.653215182	-1.653215182	-1.653215182	-1.653215182	-1.653215182	-1.655924872	-1.655924872	-1.655924872	-1.655924872	-1.655924872	-1.655924872	-1.655924872	-1.655924872	-1.655647319	-1.655647319	-1.655647319	-1.655647319	-1.655647319	-1.655647319	-1.655647319	-1.655647319	-1.686380605	-1.686380605
0.299198686	0.299198686	0.299198686	0.299198686	0.299198686	0.299198686	0.299198686	0.299198686	0.398555103	0.398555103	0.398555103	0.398555103	0.398555103	0.398555103	0.398555103	0.398555103	0.398555103	0.398555103	0.398555103	0.398555103	0.398555103	0.398555103	0.398555103	0.398555103	0.399728285	0.399728285	0.399728285	0.399728285	0.399728285	0.410775862	0.410775862	0.410775862	0.410775862	0.410775862	0.410775862	0.410775862	0.410775862	0.410775862	0.410775862	0.454569401	0.454569401	0.430466258	0.430466258	0.430466258	0.430466258	0.430466258	0.430466258	0.430466258	0.430466258	0.430466258	0.430466258	0.430466258	0.430466258	0.430466258	0.430466258	0.430466258	0.535543565	0.535543565	0.535543565	0.535543565	0.535543565	0.535543565	0.535543565	0.535543565	0.535543565	0.535543565	0.535543565	0.535543565	0.535543565	0.535543565	0.535543565	0.535543565	0.535543565	0.535543565	0.535543565	0.535543565	0.535543565	0.535543565	0.541443807	0.541443807	0.541443807	0.541443807	0.541443807	0.541443807	0.541443807	0.541443807	0.540205637	0.540205637	0.540205637	0.540205637	0.540205637	0.540205637	0.540205637	0.540205637	0.544279866	0.544279866
-0.801974493	-0.801974493	-0.801974493	-0.801974493	-0.801974493	-0.801974493	-0.801974493	-0.801974493	-0.443825059	-0.443825059	-0.443825059	-0.443825059	-0.443825059	-0.443825059	-0.443825059	-0.443825059	-0.443825059	-0.443825059	-0.443825059	-0.443825059	-0.443825059	-0.443825059	-0.443825059	-0.443825059	-0.47769931	-0.47769931	-0.47769931	-0.47769931	-0.47769931	-0.493133907	-0.493133907	-0.493133907	-0.493133907	-0.493133907	-0.493133907	-0.493133907	-0.493133907	-0.493133907	-0.493133907	-0.477045674	-0.477045674	-0.475243593	-0.475243593	-0.475243593	-0.475243593	-0.475243593	-0.475243593	-0.475243593	-0.475243593	-0.475243593	-0.475243593	-0.475243593	-0.475243593	-0.475243593	-0.475243593	-0.475243593	-0.379207584	-0.379207584	-0.379207584	-0.379207584	-0.379207584	-0.379207584	-0.379207584	-0.379207584	-0.379207584	-0.379207584	-0.379207584	-0.379207584	-0.379207584	-0.379207584	-0.379207584	-0.379207584	-0.379207584	-0.379207584	-0.379207584	-0.379207584	-0.379207584	-0.379207584	-0.386202683	-0.386202683	-0.386202683	-0.386202683	-0.386202683	-0.386202683	-0.386202683	-0.386202683	-0.384831983	-0.384831983	-0.384831983	-0.384831983	-0.384831983	-0.384831983	-0.384831983	-0.384831983	-0.362009469	-0.362009469
0.152047924	0.152047924	0.152047924	0.152047924	0.152047924	0.152047924	0.152047924	0.152047924	0.138408327	0.138408327	0.138408327	0.138408327	0.138408327	0.138408327	0.138408327	0.138408327	0.138408327	0.138408327	0.138408327	0.138408327	0.138408327	0.138408327	0.138408327	0.138408327	0.162371086	0.162371086	0.162371086	0.162371086	0.162371086	0.134338727	0.134338727	0.134338727	0.134338727	0.134338727	0.134338727	0.134338727	0.134338727	0.134338727	0.134338727	0.053117595	0.053117595	0.071227248	0.071227248	0.071227248	0.071227248	0.071227248	0.071227248	0.071227248	0.071227248	0.071227248	0.071227248	0.071227248	0.071227248	0.071227248	0.071227248	0.071227248	0.088674705	0.088674705	0.088674705	0.088674705	0.088674705	0.088674705	0.088674705	0.088674705	0.088674705	0.088674705	0.088674705	0.088674705	0.088674705	0.088674705	0.088674705	0.088674705	0.088674705	0.088674705	0.088674705	0.088674705	0.088674705	0.088674705	0.078381928	0.078381928	0.078381928	0.078381928	0.078381928	0.078381928	0.078381928	0.078381928	0.078448765	0.078448765	0.078448765	0.078448765	0.078448765	0.078448765	0.078448765	0.078448765	0.098719737	0.098719737
0.86040336	0.86040336	0.86040336	0.86040336	0.86040336	0.86040336	0.86040336	0.86040336	0.633693839	0.633693839	0.633693839	0.633693839	0.633693839	0.633693839	0.633693839	0.633693839	0.633693839	0.633693839	0.633693839	0.633693839	0.633693839	0.633693839	0.633693839	0.633693839	1.011566209	1.011566209	1.011566209	1.011566209	1.011566209	0.963234582	0.963234582	0.963234582	0.963234582	0.963234582	0.963234582	0.963234582	0.963234582	0.963234582	0.963234582	1.064553052	1.064553052	1.148879951	1.148879951	1.148879951	1.148879951	1.148879951	1.148879951	1.148879951	1.148879951	1.148879951	1.148879951	1.148879951	1.148879951	1.148879951	1.148879951	1.148879951	1.225646351	1.225646351	1.225646351	1.225646351	1.225646351	1.225646351	1.225646351	1.225646351	1.225646351	1.225646351	1.225646351	1.225646351	1.225646351	1.225646351	1.225646351	1.225646351	1.225646351	1.225646351	1.225646351	1.225646351	1.225646351	1.225646351	1.235733033	1.235733033	1.235733033	1.235733033	1.235733033	1.235733033	1.235733033	1.235733033	1.235096049	1.235096049	1.235096049	1.235096049	1.235096049	1.235096049	1.235096049	1.235096049	1.300440313	1.300440313
2.22510693	2.22510693	2.22510693	2.22510693	2.22510693	2.22510693	2.22510693	2.22510693	2.685950254	2.685950254	2.685950254	2.685950254	2.685950254	2.685950254	2.685950254	2.685950254	2.685950254	2.685950254	2.685950254	2.685950254	2.685950254	2.685950254	2.685950254	2.685950254	2.150256025	2.150256025	2.150256025	2.150256025	2.150256025	2.134466709	2.134466709	2.134466709	2.134466709	2.134466709	2.134466709	2.134466709	2.134466709	2.134466709	2.134466709	2.299319243	2.299319243	2.333591612	2.333591612	2.333591612	2.333591612	2.333591612	2.333591612	2.333591612	2.333591612	2.333591612	2.333591612	2.333591612	2.333591612	2.333591612	2.333591612	2.333591612	2.230449792	2.230449792	2.230449792	2.230449792	2.230449792	2.230449792	2.230449792	2.230449792	2.230449792	2.230449792	2.230449792	2.230449792	2.230449792	2.230449792	2.230449792	2.230449792	2.230449792	2.230449792	2.230449792	2.230449792	2.230449792	2.230449792	2.222757379	2.222757379	2.222757379	2.222757379	2.222757379	2.222757379	2.222757379	2.222757379	2.222998304	2.222998304	2.222998304	2.222998304	2.222998304	2.222998304	2.222998304	2.222998304	2.257058543	2.257058543
1.465439724	1.465439724	1.465439724	1.465439724	1.465439724	1.465439724	1.465439724	1.465439724	1.478784179	1.478784179	1.478784179	1.478784179	1.478784179	1.478784179	1.478784179	1.478784179	1.478784179	1.478784179	1.478784179	1.478784179	1.478784179	1.478784179	1.478784179	1.478784179	1.74932786	1.74932786	1.74932786	1.74932786	1.74932786	1.776881321	1.776881321	1.776881321	1.776881321	1.776881321	1.776881321	1.776881321	1.776881321	1.776881321	1.776881321	1.742374887	1.742374887	1.764373631	1.764373631	1.764373631	1.764373631	1.764373631	1.764373631	1.764373631	1.764373631	1.764373631	1.764373631	1.764373631	1.764373631	1.764373631	1.764373631	1.764373631	1.95569653	1.95569653	1.95569653	1.95569653	1.95569653	1.95569653	1.95569653	1.95569653	1.95569653	1.95569653	1.95569653	1.95569653	1.95569653	1.95569653	1.95569653	1.95569653	1.95569653	1.95569653	1.95569653	1.95569653	1.95569653	1.95569653	1.953610372	1.953610372	1.953610372	1.953610372	1.953610372	1.953610372	1.953610372	1.953610372	1.953652143	1.953652143	1.953652143	1.953652143	1.953652143	1.953652143	1.953652143	1.953652143	1.939090358	1.939090358
1.759769612	1.759769612	1.759769612	1.759769612	1.759769612	1.759769612	1.759769612	1.759769612	1.701794354	1.701794354	1.701794354	1.701794354	1.701794354	1.701794354	1.701794354	1.701794354	1.701794354	1.701794354	1.701794354	1.701794354	1.701794354	1.701794354	1.701794354	1.701794354	1.798172768	1.798172768	1.798172768	1.798172768	1.798172768	1.843087664	1.843087664	1.843087664	1.843087664	1.843087664	1.843087664	1.843087664	1.843087664	1.843087664	1.843087664	2.017320721	2.017320721	2.033087453	2.033087453	2.033087453	2.033087453	2.033087453	2.033087453	2.033087453	2.033087453	2.033087453	2.033087453	2.033087453	2.033087453	2.033087453	2.033087453	2.033087453	2.025564108	2.025564108	2.025564108	2.025564108	2.025564108	2.025564108	2.025564108	2.025564108	2.025564108	2.025564108	2.025564108	2.025564108	2.025564108	2.025564108	2.025564108	2.025564108	2.025564108	2.025564108	2.025564108	2.025564108	2.025564108	2.025564108	2.045890685	2.045890685	2.045890685	2.045890685	2.045890685	2.045890685	2.045890685	2.045890685	2.046041772	2.046041772	2.046041772	2.046041772	2.046041772	2.046041772	2.046041772	2.046041772	2.040990344	2.040990344
2.540918297	2.540918297	2.540918297	2.540918297	2.540918297	2.540918297	2.540918297	2.540918297	1.910791818	1.910791818	1.910791818	1.910791818	1.910791818	1.910791818	1.910791818	1.910791818	1.910791818	1.910791818	1.910791818	1.910791818	1.910791818	1.910791818	1.910791818	1.910791818	2.196747334	2.196747334	2.196747334	2.196747334	2.196747334	2.289748584	2.289748584	2.289748584	2.289748584	2.289748584	2.289748584	2.289748584	2.289748584	2.289748584	2.289748584	2.191646927	2.191646927	2.161164091	2.161164091	2.161164091	2.161164091	2.161164091	2.161164091	2.161164091	2.161164091	2.161164091	2.161164091	2.161164091	2.161164091	2.161164091	2.161164091	2.161164091	1.93623579	1.93623579	1.93623579	1.93623579	1.93623579	1.93623579	1.93623579	1.93623579	1.93623579	1.93623579	1.93623579	1.93623579	1.93623579	1.93623579	1.93623579	1.93623579	1.93623579	1.93623579	1.93623579	1.93623579	1.93623579	1.93623579	1.92116384	1.92116384	1.92116384	1.92116384	1.92116384	1.92116384	1.92116384	1.92116384	1.921237501	1.921237501	1.921237501	1.921237501	1.921237501	1.921237501	1.921237501	1.921237501	1.966524521	1.966524521
1.332451329	1.332451329	1.332451329	1.332451329	1.332451329	1.332451329	1.332451329	1.332451329	1.323879176	1.323879176	1.323879176	1.323879176	1.323879176	1.323879176	1.323879176	1.323879176	1.323879176	1.323879176	1.323879176	1.323879176	1.323879176	1.323879176	1.323879176	1.323879176	1.5005388	1.5005388	1.5005388	1.5005388	1.5005388	1.5569941	1.5569941	1.5569941	1.5569941	1.5569941	1.5569941	1.5569941	1.5569941	1.5569941	1.5569941	1.693767429	1.693767429	1.679539485	1.679539485	1.679539485	1.679539485	1.679539485	1.679539485	1.679539485	1.679539485	1.679539485	1.679539485	1.679539485	1.679539485	1.679539485	1.679539485	1.679539485	1.706469652	1.706469652	1.706469652	1.706469652	1.706469652	1.706469652	1.706469652	1.706469652	1.706469652	1.706469652	1.706469652	1.706469652	1.706469652	1.706469652	1.706469652	1.706469652	1.706469652	1.706469652	1.706469652	1.706469652	1.706469652	1.706469652	1.711309531	1.711309531	1.711309531	1.711309531	1.711309531	1.711309531	1.711309531	1.711309531	1.711232204	1.711232204	1.711232204	1.711232204	1.711232204	1.711232204	1.711232204	1.711232204	1.741398036	1.741398036
0.644005303	0.644005303	0.644005303	0.644005303	0.644005303	0.644005303	0.644005303	0.644005303	0.539084863	0.539084863	0.539084863	0.539084863	0.539084863	0.539084863	0.539084863	0.539084863	0.539084863	0.539084863	0.539084863	0.539084863	0.539084863	0.539084863	0.539084863	0.539084863	0.722557724	0.722557724	0.722557724	0.722557724	0.722557724	0.725991231	0.725991231	0.725991231	0.725991231	0.725991231	0.725991231	0.725991231	0.725991231	0.725991231	0.725991231	0.868897493	0.868897493	0.860894661	0.860894661	0.860894661	0.860894661	0.860894661	0.860894661	0.860894661	0.860894661	0.860894661	0.860894661	0.860894661	0.860894661	0.860894661	0.860894661	0.860894661	0.968065094	0.968065094	0.968065094	0.968065094	0.968065094	0.968065094	0.968065094	0.968065094	0.968065094	0.968065094	0.968065094	0.968065094	0.968065094	0.968065094	0.968065094	0.968065094	0.968065094	0.968065094	0.968065094	0.968065094	0.968065094	0.968065094	0.966410968	0.966410968	0.966410968	0.966410968	0.966410968	0.966410968	0.966410968	0.966410968	0.967232728	0.967232728	0.967232728	0.967232728	0.967232728	0.967232728	0.967232728	0.967232728	0.978907994	0.978907994
0.41384452	0.41384452	0.41384452	0.41384452	0.41384452	0.41384452	0.41384452	0.41384452	0.665026492	0.665026492	0.665026492	0.665026492	0.665026492	0.665026492	0.665026492	0.665026492	0.665026492	0.665026492	0.665026492	0.665026492	0.665026492	0.665026492	0.665026492	0.665026492	0.68854723	0.68854723	0.68854723	0.68854723	0.68854723	0.643919711	0.643919711	0.643919711	0.643919711	0.643919711	0.643919711	0.643919711	0.643919711	0.643919711	0.643919711	0.764265882	0.764265882	0.751504741	0.751504741	0.751504741	0.751504741	0.751504741	0.751504741	0.751504741	0.751504741	0.751504741	0.751504741	0.751504741	0.751504741	0.751504741	0.751504741	0.751504741	0.818261389	0.818261389	0.818261389	0.818261389	0.818261389	0.818261389	0.818261389	0.818261389	0.818261389	0.818261389	0.818261389	0.818261389	0.818261389	0.818261389	0.818261389	0.818261389	0.818261389	0.818261389	0.818261389	0.818261389	0.818261389	0.818261389	0.811997905	0.811997905	0.811997905	0.811997905	0.811997905	0.811997905	0.811997905	0.811997905	0.811183366	0.811183366	0.811183366	0.811183366	0.811183366	0.811183366	0.811183366	0.811183366	0.794965356	0.794965356
1.189435761	1.189435761	1.189435761	1.189435761	1.189435761	1.189435761	1.189435761	1.189435761	0.655895887	0.655895887	0.655895887	0.655895887	0.655895887	0.655895887	0.655895887	0.655895887	0.655895887	0.655895887	0.655895887	0.655895887	0.655895887	0.655895887	0.655895887	0.655895887	1.12004229	1.12004229	1.12004229	1.12004229	1.12004229	1.024767595	1.024767595	1.024767595	1.024767595	1.024767595	1.024767595	1.024767595	1.024767595	1.024767595	1.024767595	0.833465119	0.833465119	0.831197708	0.831197708	0.831197708	0.831197708	0.831197708	0.831197708	0.831197708	0.831197708	0.831197708	0.831197708	0.831197708	0.831197708	0.831197708	0.831197708	0.831197708	0.919116367	0.919116367	0.919116367	0.919116367	0.919116367	0.919116367	0.919116367	0.919116367	0.919116367	0.919116367	0.919116367	0.919116367	0.919116367	0.919116367	0.919116367	0.919116367	0.919116367	0.919116367	0.919116367	0.919116367	0.919116367	0.919116367	0.93907201	0.93907201	0.93907201	0.93907201	0.93907201	0.93907201	0.93907201	0.93907201	0.938385684	0.938385684	0.938385684	0.938385684	0.938385684	0.938385684	0.938385684	0.938385684	0.988586868	0.988586868
0.60473661	0.60473661	0.60473661	0.60473661	0.60473661	0.60473661	0.60473661	0.60473661	0.778618001	0.778618001	0.778618001	0.778618001	0.778618001	0.778618001	0.778618001	0.778618001	0.778618001	0.778618001	0.778618001	0.778618001	0.778618001	0.778618001	0.778618001	0.778618001	0.559131867	0.559131867	0.559131867	0.559131867	0.559131867	0.50090229	0.50090229	0.50090229	0.50090229	0.50090229	0.50090229	0.50090229	0.50090229	0.50090229	0.50090229	0.785851675	0.785851675	0.78029325	0.78029325	0.78029325	0.78029325	0.78029325	0.78029325	0.78029325	0.78029325	0.78029325	0.78029325	0.78029325	0.78029325	0.78029325	0.78029325	0.78029325	0.850841343	0.850841343	0.850841343	0.850841343	0.850841343	0.850841343	0.850841343	0.850841343	0.850841343	0.850841343	0.850841343	0.850841343	0.850841343	0.850841343	0.850841343	0.850841343	0.850841343	0.850841343	0.850841343	0.850841343	0.850841343	0.850841343	0.842104019	0.842104019	0.842104019	0.842104019	0.842104019	0.842104019	0.842104019	0.842104019	0.842826222	0.842826222	0.842826222	0.842826222	0.842826222	0.842826222	0.842826222	0.842826222	0.912529512	0.912529512
1.011757076	1.011757076	1.011757076	1.011757076	1.011757076	1.011757076	1.011757076	1.011757076	1.265810124	1.265810124	1.265810124	1.265810124	1.265810124	1.265810124	1.265810124	1.265810124	1.265810124	1.265810124	1.265810124	1.265810124	1.265810124	1.265810124	1.265810124	1.265810124	1.429963002	1.429963002	1.429963002	1.429963002	1.429963002	1.426273555	1.426273555	1.426273555	1.426273555	1.426273555	1.426273555	1.426273555	1.426273555	1.426273555	1.426273555	1.490623487	1.490623487	1.483530235	1.483530235	1.483530235	1.483530235	1.483530235	1.483530235	1.483530235	1.483530235	1.483530235	1.483530235	1.483530235	1.483530235	1.483530235	1.483530235	1.483530235	1.550879592	1.550879592	1.550879592	1.550879592	1.550879592	1.550879592	1.550879592	1.550879592	1.550879592	1.550879592	1.550879592	1.550879592	1.550879592	1.550879592	1.550879592	1.550879592	1.550879592	1.550879592	1.550879592	1.550879592	1.550879592	1.550879592	1.550305486	1.550305486	1.550305486	1.550305486	1.550305486	1.550305486	1.550305486	1.550305486	1.550169473	1.550169473	1.550169473	1.550169473	1.550169473	1.550169473	1.550169473	1.550169473	1.543165255	1.543165255
0.728950091	0.728950091	0.728950091	0.728950091	0.728950091	0.728950091	0.728950091	0.728950091	0.566967096	0.566967096	0.566967096	0.566967096	0.566967096	0.566967096	0.566967096	0.566967096	0.566967096	0.566967096	0.566967096	0.566967096	0.566967096	0.566967096	0.566967096	0.566967096	0.592613592	0.592613592	0.592613592	0.592613592	0.592613592	0.632372007	0.632372007	0.632372007	0.632372007	0.632372007	0.632372007	0.632372007	0.632372007	0.632372007	0.632372007	0.823621969	0.823621969	0.819747599	0.819747599	0.819747599	0.819747599	0.819747599	0.819747599	0.819747599	0.819747599	0.819747599	0.819747599	0.819747599	0.819747599	0.819747599	0.819747599	0.819747599	0.765699275	0.765699275	0.765699275	0.765699275	0.765699275	0.765699275	0.765699275	0.765699275	0.765699275	0.765699275	0.765699275	0.765699275	0.765699275	0.765699275	0.765699275	0.765699275	0.765699275	0.765699275	0.765699275	0.765699275	0.765699275	0.765699275	0.756169094	0.756169094	0.756169094	0.756169094	0.756169094	0.756169094	0.756169094	0.756169094	0.756813457	0.756813457	0.756813457	0.756813457	0.756813457	0.756813457	0.756813457	0.756813457	0.747818017	0.747818017
1.590065328	1.590065328	1.590065328	1.590065328	1.590065328	1.590065328	1.590065328	1.590065328	1.306758623	1.306758623	1.306758623	1.306758623	1.306758623	1.306758623	1.306758623	1.306758623	1.306758623	1.306758623	1.306758623	1.306758623	1.306758623	1.306758623	1.306758623	1.306758623	1.224208288	1.224208288	1.224208288	1.224208288	1.224208288	1.238223367	1.238223367	1.238223367	1.238223367	1.238223367	1.238223367	1.238223367	1.238223367	1.238223367	1.238223367	0.900961314	0.900961314	0.907000706	0.907000706	0.907000706	0.907000706	0.907000706	0.907000706	0.907000706	0.907000706	0.907000706	0.907000706	0.907000706	0.907000706	0.907000706	0.907000706	0.907000706	0.95177151	0.95177151	0.95177151	0.95177151	0.95177151	0.95177151	0.95177151	0.95177151	0.95177151	0.95177151	0.95177151	0.95177151	0.95177151	0.95177151	0.95177151	0.95177151	0.95177151	0.95177151	0.95177151	0.95177151	0.95177151	0.95177151	0.95717786	0.95717786	0.95717786	0.95717786	0.95717786	0.95717786	0.95717786	0.95717786	0.956561408	0.956561408	0.956561408	0.956561408	0.956561408	0.956561408	0.956561408	0.956561408	0.922475243	0.922475243
-0.444403279	-0.444403279	-0.444403279	-0.444403279	-0.444403279	-0.444403279	-0.444403279	-0.444403279	-0.063794402	-0.063794402	-0.063794402	-0.063794402	-0.063794402	-0.063794402	-0.063794402	-0.063794402	-0.063794402	-0.063794402	-0.063794402	-0.063794402	-0.063794402	-0.063794402	-0.063794402	-0.063794402	0.076817562	0.076817562	0.076817562	0.076817562	0.076817562	0.111642901	0.111642901	0.111642901	0.111642901	0.111642901	0.111642901	0.111642901	0.111642901	0.111642901	0.111642901	0.426111485	0.426111485	0.415595631	0.415595631	0.415595631	0.415595631	0.415595631	0.415595631	0.415595631	0.415595631	0.415595631	0.415595631	0.415595631	0.415595631	0.415595631	0.415595631	0.415595631	0.395517984	0.395517984	0.395517984	0.395517984	0.395517984	0.395517984	0.395517984	0.395517984	0.395517984	0.395517984	0.395517984	0.395517984	0.395517984	0.395517984	0.395517984	0.395517984	0.395517984	0.395517984	0.395517984	0.395517984	0.395517984	0.395517984	0.400745182	0.400745182	0.400745182	0.400745182	0.400745182	0.400745182	0.400745182	0.400745182	0.40108717	0.40108717	0.40108717	0.40108717	0.40108717	0.40108717	0.40108717	0.40108717	0.458066021	0.458066021
0.210327703	0.210327703	0.210327703	0.210327703	0.210327703	0.210327703	0.210327703	0.210327703	0.565891309	0.565891309	0.565891309	0.565891309	0.565891309	0.565891309	0.565891309	0.565891309	0.565891309	0.565891309	0.565891309	0.565891309	0.565891309	0.565891309	0.565891309	0.565891309	0.510614575	0.510614575	0.510614575	0.510614575	0.510614575	0.536341041	0.536341041	0.536341041	0.536341041	0.536341041	0.536341041	0.536341041	0.536341041	0.536341041	0.536341041	0.939899673	0.939899673	0.923770654	0.923770654	0.923770654	0.923770654	0.923770654	0.923770654	0.923770654	0.923770654	0.923770654	0.923770654	0.923770654	0.923770654	0.923770654	0.923770654	0.923770654	0.95339959	0.95339959	0.95339959	0.95339959	0.95339959	0.95339959	0.95339959	0.95339959	0.95339959	0.95339959	0.95339959	0.95339959	0.95339959	0.95339959	0.95339959	0.95339959	0.95339959	0.95339959	0.95339959	0.95339959	0.95339959	0.95339959	0.959781538	0.959781538	0.959781538	0.959781538	0.959781538	0.959781538	0.959781538	0.959781538	0.959189154	0.959189154	0.959189154	0.959189154	0.959189154	0.959189154	0.959189154	0.959189154	1.001180218	1.001180218
0.569434791	0.569434791	0.569434791	0.569434791	0.569434791	0.569434791	0.569434791	0.569434791	0.328065726	0.328065726	0.328065726	0.328065726	0.328065726	0.328065726	0.328065726	0.328065726	0.328065726	0.328065726	0.328065726	0.328065726	0.328065726	0.328065726	0.328065726	0.328065726	0.533353948	0.533353948	0.533353948	0.533353948	0.533353948	0.553384762	0.553384762	0.553384762	0.553384762	0.553384762	0.553384762	0.553384762	0.553384762	0.553384762	0.553384762	0.556700382	0.556700382	0.530763629	0.530763629	0.530763629	0.530763629	0.530763629	0.530763629	0.530763629	0.530763629	0.530763629	0.530763629	0.530763629	0.530763629	0.530763629	0.530763629	0.530763629	0.502573372	0.502573372	0.502573372	0.502573372	0.502573372	0.502573372	0.502573372	0.502573372	0.502573372	0.502573372	0.502573372	0.502573372	0.502573372	0.502573372	0.502573372	0.502573372	0.502573372	0.502573372	0.502573372	0.502573372	0.502573372	0.502573372	0.482050203	0.482050203	0.482050203	0.482050203	0.482050203	0.482050203	0.482050203	0.482050203	0.482462612	0.482462612	0.482462612	0.482462612	0.482462612	0.482462612	0.482462612	0.482462612	0.517032205	0.517032205
1.314443	1.314443	1.266850392	1.266850392	1.266850392	1.266850392	1.266850392	1.266850392	0.740402388	0.740402388	0.740402388	0.740402388	0.740402388	0.740402388	0.740402388	0.740402388	0.740402388	0.740402388	0.740402388	0.740402388	0.740402388	0.740402388	0.740402388	0.740402388	0.620470228	0.620470228	0.620470228	0.620470228	0.620470228	0.631281068	0.631281068	0.631281068	0.631281068	0.631281068	0.631281068	0.631281068	0.631281068	0.631281068	0.631281068	0.777548953	0.777548953	0.731051091	0.731051091	0.731051091	0.731051091	0.731051091	0.731051091	0.731051091	0.731051091	0.731051091	0.731051091	0.731051091	0.731051091	0.731051091	0.731051091	0.731051091	0.655719382	0.655719382	0.655719382	0.655719382	0.655719382	0.655719382	0.655719382	0.655719382	0.655719382	0.655719382	0.655719382	0.655719382	0.655719382	0.655719382	0.655719382	0.655719382	0.655719382	0.655719382	0.655719382	0.655719382	0.655719382	0.655719382	0.552056273	0.552056273	0.552056273	0.552056273	0.552056273	0.552056273	0.552056273	0.552056273	0.552526137	0.552526137	0.552526137	0.552526137	0.552526137	0.552526137	0.552526137	0.552526137	0.696096394	0.696096394
1.064888785	1.064888785	1.0287534	1.0287534	1.0287534	1.0287534	1.0287534	1.0287534	1.232286381	1.232286381	1.232286381	1.232286381	1.232286381	1.232286381	1.232286381	1.232286381	1.232286381	1.232286381	1.232286381	1.232286381	1.232286381	1.232286381	1.232286381	1.232286381	0.991223159	0.991223159	0.991223159	0.991223159	0.991223159	1.005393181	1.005393181	1.005393181	1.005393181	1.005393181	1.005393181	1.005393181	1.005393181	1.005393181	1.005393181	1.085776181	1.085776181	1.057038087	1.057038087	1.057038087	1.057038087	1.057038087	1.057038087	1.057038087	1.057038087	1.057038087	1.057038087	1.057038087	1.057038087	1.057038087	1.057038087	1.057038087	1.093760904	1.093760904	1.093760904	1.093760904	1.093760904	1.093760904	1.093760904	1.093760904	1.093760904	1.093760904	1.093760904	1.093760904	1.093760904	1.093760904	1.093760904	1.093760904	1.093760904	1.093760904	1.093760904	1.093760904	1.093760904	1.093760904	1.05791825	1.05791825	1.05791825	1.05791825	1.05791825	1.05791825	1.05791825	1.05791825	1.057434664	1.057434664	1.057434664	1.057434664	1.057434664	1.057434664	1.057434664	1.057434664	1.11689877	1.11689877
1.281152614	1.281152614	1.00532152	1.00532152	1.00532152	1.00532152	1.00532152	1.00532152	0.969747313	0.969747313	0.969747313	0.969747313	0.969747313	0.969747313	0.969747313	0.969747313	0.969747313	0.969747313	0.969747313	0.969747313	0.969747313	0.969747313	0.969747313	0.969747313	0.872129469	0.872129469	0.872129469	0.872129469	0.872129469	0.87547301	0.87547301	0.87547301	0.87547301	0.87547301	0.87547301	0.87547301	0.87547301	0.87547301	0.87547301	0.858247352	0.858247352	0.834068726	0.834068726	0.834068726	0.834068726	0.834068726	0.834068726	0.834068726	0.834068726	0.834068726	0.834068726	0.834068726	0.834068726	0.834068726	0.834068726	0.834068726	0.903443539	0.903443539	0.903443539	0.903443539	0.903443539	0.903443539	0.903443539	0.903443539	0.903443539	0.903443539	0.903443539	0.903443539	0.903443539	0.903443539	0.903443539	0.903443539	0.903443539	0.903443539	0.903443539	0.903443539	0.903443539	0.903443539	0.86426463	0.86426463	0.86426463	0.86426463	0.86426463	0.86426463	0.86426463	0.86426463	0.863634254	0.863634254	0.863634254	0.863634254	0.863634254	0.863634254	0.863634254	0.863634254	0.903522217	0.903522217
1.608558837	1.608558837	1.588804052	1.588804052	1.588804052	1.588804052	1.588804052	1.588804052	1.441537026	1.441537026	1.441537026	1.441537026	1.441537026	1.441537026	1.441537026	1.441537026	1.441537026	1.441537026	1.441537026	1.441537026	1.441537026	1.441537026	1.441537026	1.441537026	1.461210013	1.461210013	1.461210013	1.461210013	1.461210013	1.457373841	1.457373841	1.457373841	1.457373841	1.457373841	1.457373841	1.457373841	1.457373841	1.457373841	1.457373841	1.738158125	1.738158125	1.71975927	1.71975927	1.71975927	1.71975927	1.71975927	1.71975927	1.71975927	1.71975927	1.71975927	1.71975927	1.71975927	1.71975927	1.71975927	1.71975927	1.71975927	1.731314523	1.731314523	1.731314523	1.731314523	1.731314523	1.731314523	1.731314523	1.731314523	1.731314523	1.731314523	1.731314523	1.731314523	1.731314523	1.731314523	1.731314523	1.731314523	1.731314523	1.731314523	1.731314523	1.731314523	1.731314523	1.731314523	1.695712207	1.695712207	1.695712207	1.695712207	1.695712207	1.695712207	1.695712207	1.695712207	1.697158072	1.697158072	1.697158072	1.697158072	1.697158072	1.697158072	1.697158072	1.697158072	1.63574954	1.63574954
0.991108437	0.991108437	1.254626197	1.254626197	1.254626197	1.254626197	1.254626197	1.254626197	0.642188225	0.642188225	0.642188225	0.642188225	0.642188225	0.642188225	0.642188225	0.642188225	0.642188225	0.642188225	0.642188225	0.642188225	0.642188225	0.642188225	0.642188225	0.642188225	0.580978543	0.580978543	0.580978543	0.580978543	0.580978543	0.601602036	0.601602036	0.601602036	0.601602036	0.601602036	0.601602036	0.601602036	0.601602036	0.601602036	0.601602036	0.667075371	0.667075371	0.663455748	0.663455748	0.663455748	0.663455748	0.663455748	0.663455748	0.663455748	0.663455748	0.663455748	0.663455748	0.663455748	0.663455748	0.663455748	0.663455748	0.663455748	0.487699047	0.487699047	0.487699047	0.487699047	0.487699047	0.487699047	0.487699047	0.487699047	0.487699047	0.487699047	0.487699047	0.487699047	0.487699047	0.487699047	0.487699047	0.487699047	0.487699047	0.487699047	0.487699047	0.487699047	0.487699047	0.487699047	0.516230267	0.516230267	0.516230267	0.516230267	0.516230267	0.516230267	0.516230267	0.516230267	0.515330516	0.515330516	0.515330516	0.515330516	0.515330516	0.515330516	0.515330516	0.515330516	0.560967392	0.560967392
0.89913573	0.89913573	0.892683962	0.892683962	0.892683962	0.892683962	0.892683962	0.892683962	1.057690868	1.057690868	1.057690868	1.057690868	1.057690868	1.057690868	1.057690868	1.057690868	1.057690868	1.057690868	1.057690868	1.057690868	1.057690868	1.057690868	1.057690868	1.057690868	1.011656341	1.011656341	1.011656341	1.011656341	1.011656341	1.009527633	1.009527633	1.009527633	1.009527633	1.009527633	1.009527633	1.009527633	1.009527633	1.009527633	1.009527633	1.175736455	1.175736455	1.170641532	1.170641532	1.170641532	1.170641532	1.170641532	1.170641532	1.170641532	1.170641532	1.170641532	1.170641532	1.170641532	1.170641532	1.170641532	1.170641532	1.170641532	1.263244015	1.263244015	1.263244015	1.263244015	1.263244015	1.263244015	1.263244015	1.263244015	1.263244015	1.263244015	1.263244015	1.263244015	1.263244015	1.263244015	1.263244015	1.263244015	1.263244015	1.263244015	1.263244015	1.263244015	1.263244015	1.263244015	1.27640157	1.27640157	1.27640157	1.27640157	1.27640157	1.27640157	1.27640157	1.27640157	1.276167115	1.276167115	1.276167115	1.276167115	1.276167115	1.276167115	1.276167115	1.276167115	1.313007433	1.313007433
0.794699591	0.794699591	0.654402116	0.654402116	0.654402116	0.654402116	0.654402116	0.654402116	0.629286028	0.629286028	0.629286028	0.629286028	0.629286028	0.629286028	0.629286028	0.629286028	0.629286028	0.629286028	0.629286028	0.629286028	0.629286028	0.629286028	0.629286028	0.629286028	0.593949622	0.593949622	0.593949622	0.593949622	0.593949622	0.592015514	0.592015514	0.592015514	0.592015514	0.592015514	0.592015514	0.592015514	0.592015514	0.592015514	0.592015514	0.505747842	0.505747842	0.510521761	0.510521761	0.510521761	0.510521761	0.510521761	0.510521761	0.510521761	0.510521761	0.510521761	0.510521761	0.510521761	0.510521761	0.510521761	0.510521761	0.510521761	0.532527644	0.532527644	0.532527644	0.532527644	0.532527644	0.532527644	0.532527644	0.532527644	0.532527644	0.532527644	0.532527644	0.532527644	0.532527644	0.532527644	0.532527644	0.532527644	0.532527644	0.532527644	0.532527644	0.532527644	0.532527644	0.532527644	0.514943667	0.514943667	0.514943667	0.514943667	0.514943667	0.514943667	0.514943667	0.514943667	0.515383733	0.515383733	0.515383733	0.515383733	0.515383733	0.515383733	0.515383733	0.515383733	0.575321882	0.575321882
0.658278286	0.658278286	0.672321291	0.672321291	0.672321291	0.672321291	0.672321291	0.672321291	0.950165859	0.950165859	0.950165859	0.950165859	0.950165859	0.950165859	0.950165859	0.950165859	0.950165859	0.950165859	0.950165859	0.950165859	0.950165859	0.950165859	0.950165859	0.950165859	1.254751311	1.254751311	1.254751311	1.254751311	1.254751311	1.252604807	1.252604807	1.252604807	1.252604807	1.252604807	1.252604807	1.252604807	1.252604807	1.252604807	1.252604807	1.278895641	1.278895641	1.290541359	1.290541359	1.290541359	1.290541359	1.290541359	1.290541359	1.290541359	1.290541359	1.290541359	1.290541359	1.290541359	1.290541359	1.290541359	1.290541359	1.290541359	1.31101231	1.31101231	1.31101231	1.31101231	1.31101231	1.31101231	1.31101231	1.31101231	1.31101231	1.31101231	1.31101231	1.31101231	1.31101231	1.31101231	1.31101231	1.31101231	1.31101231	1.31101231	1.31101231	1.31101231	1.31101231	1.31101231	1.32631564	1.32631564	1.32631564	1.32631564	1.32631564	1.32631564	1.32631564	1.32631564	1.326144622	1.326144622	1.326144622	1.326144622	1.326144622	1.326144622	1.326144622	1.326144622	1.315346509	1.315346509
0.9148568	0.9148568	0.892709791	0.892709791	0.892709791	0.892709791	0.892709791	0.892709791	0.627772018	0.627772018	0.789809572	0.789809572	0.789809572	0.789809572	0.789809572	0.789809572	0.789809572	0.789809572	0.789809572	0.789809572	0.789809572	0.789809572	0.789809572	0.789809572	0.96995593	0.96995593	0.96995593	0.96995593	0.96995593	0.972942696	0.972942696	0.972942696	0.972942696	0.972942696	0.972942696	0.972942696	0.972942696	0.972942696	0.972942696	1.193776998	1.193776998	1.208408893	1.208408893	1.208408893	1.208408893	1.208408893	1.208408893	1.208408893	1.208408893	1.208408893	1.208408893	1.208408893	1.208408893	1.208408893	1.208408893	1.208408893	1.009691363	1.009691363	1.009691363	1.009691363	1.009691363	1.009691363	1.009691363	1.009691363	1.009691363	1.009691363	1.009691363	1.009691363	1.009691363	1.009691363	1.009691363	1.009691363	1.009691363	1.009691363	1.009691363	1.009691363	1.009691363	1.009691363	0.934333657	0.934333657	0.934333657	0.934333657	0.934333657	0.934333657	0.934333657	0.934333657	0.933845896	0.933845896	0.933845896	0.933845896	0.933845896	0.933845896	0.933845896	0.933845896	1.004057018	1.004057018
0.623841427	0.623841427	0.402052223	0.402052223	0.402052223	0.402052223	0.402052223	0.402052223	0.468773545	0.468773545	0.443220907	0.443220907	0.443220907	0.443220907	0.443220907	0.443220907	0.443220907	0.443220907	0.443220907	0.443220907	0.443220907	0.443220907	0.443220907	0.443220907	0.741167867	0.741167867	0.741167867	0.741167867	0.741167867	0.73923397	0.73923397	0.73923397	0.73923397	0.73923397	0.73923397	0.73923397	0.73923397	0.73923397	0.73923397	0.527552392	0.527552392	0.542551928	0.542551928	0.542551928	0.542551928	0.542551928	0.542551928	0.542551928	0.542551928	0.542551928	0.542551928	0.542551928	0.542551928	0.542551928	0.542551928	0.542551928	0.654105606	0.654105606	0.654105606	0.654105606	0.654105606	0.654105606	0.654105606	0.654105606	0.654105606	0.654105606	0.654105606	0.654105606	0.654105606	0.654105606	0.654105606	0.654105606	0.654105606	0.654105606	0.654105606	0.654105606	0.654105606	0.654105606	0.745300675	0.745300675	0.745300675	0.745300675	0.745300675	0.745300675	0.745300675	0.745300675	0.745938496	0.745938496	0.745938496	0.745938496	0.745938496	0.745938496	0.745938496	0.745938496	0.7830319	0.7830319
0.732939607	0.732939607	0.424660001	0.424660001	0.424660001	0.424660001	0.424660001	0.424660001	0.272783802	0.272783802	0	0	0	0	0	0	0	0	0	0	0	0	0	0	0.540381558	0.540381558	0.540381558	0.540381558	0.540381558	0.53361568	0.53361568	0.53361568	0.53361568	0.53361568	0.53361568	0.53361568	0.53361568	0.53361568	0.53361568	0.454971607	0.454971607	0.473086553	0.473086553	0.473086553	0.473086553	0.473086553	0.473086553	0.473086553	0.473086553	0.473086553	0.473086553	0.473086553	0.473086553	0.473086553	0.473086553	0.473086553	0.709760717	0.709760717	0.709760717	0.709760717	0.709760717	0.709760717	0.709760717	0.709760717	0.709760717	0.709760717	0.709760717	0.709760717	0.709760717	0.709760717	0.709760717	0.709760717	0.709760717	0.709760717	0.709760717	0.709760717	0.709760717	0.709760717	0.790257652	0.790257652	0.790257652	0.790257652	0.790257652	0.790257652	0.790257652	0.790257652	0.789666247	0.789666247	0.789666247	0.789666247	0.789666247	0.789666247	0.789666247	0.789666247	0.744081527	0.744081527
0.12483497	0.268681942	0.084716025	0.084716025	0.084716025	0.084716025	0.084716025	0.084716025	0.290563093	0.290563093	0.365110712	0.365110712	0.365110712	0.365110712	0.365110712	0.365110712	0.365110712	0.365110712	0.365110712	0.365110712	0.365110712	0.365110712	0.365110712	0.365110712	0.111665802	0.111665802	0.111665802	0.111665802	0.111665802	0.090300872	0.090300872	0.090300872	0.090300872	0.090300872	0.090300872	0.090300872	0.090300872	0.090300872	0.090300872	0.331931645	0.331931645	0.345814707	0.345814707	0.345814707	0.345814707	0.345814707	0.345814707	0.345814707	0.345814707	0.345814707	0.345814707	0.345814707	0.345814707	0.345814707	0.345814707	0.345814707	0.25348917	0.25348917	0.25348917	0.25348917	0.25348917	0.25348917	0.25348917	0.25348917	0.25348917	0.25348917	0.25348917	0.25348917	0.25348917	0.25348917	0.25348917	0.25348917	0.25348917	0.25348917	0.25348917	0.25348917	0.25348917	0.25348917	0.217992664	0.217992664	0.217992664	0.217992664	0.217992664	0.217992664	0.217992664	0.217992664	0.218179612	0.218179612	0.218179612	0.218179612	0.218179612	0.218179612	0.218179612	0.218179612	0.210612212	0.210612212
NaN	0.518525875	0.420097675	0.420097675	0.420097675	0.420097675	0.420097675	0.420097675	0.433243324	0.433243324	0.699669435	0.699669435	0.699669435	0.699669435	0.699669435	0.852901121	0.852901121	0.852901121	0.852901121	0.852901121	0.852901121	0.852901121	0.852901121	0.852901121	0.99779551	0.99779551	0.99779551	0.99779551	0.99779551	0.965212743	0.965212743	0.965212743	0.965212743	0.965212743	0.965212743	0.965212743	0.965212743	0.965212743	0.965212743	1.210732271	1.210732271	1.240483929	1.240483929	1.240483929	1.240483929	1.240483929	1.240483929	1.240483929	1.240483929	1.240483929	1.240483929	1.240483929	1.240483929	1.240483929	1.240483929	1.240483929	1.148283847	1.148283847	1.148283847	1.148283847	1.148283847	1.148283847	1.148283847	1.148283847	1.148283847	1.148283847	1.148283847	1.148283847	1.148283847	1.148283847	1.148283847	1.148283847	1.148283847	1.148283847	1.148283847	1.148283847	1.148283847	1.148283847	1.039302135	1.039302135	1.039302135	1.039302135	1.039302135	1.039302135	1.039302135	1.039302135	1.038941088	1.038941088	1.038941088	1.038941088	1.038941088	1.038941088	1.038941088	1.038941088	1.088984899	1.088984899
NaN	NaN	0.303110723	0.10835933	0.10835933	0.10835933	0.10835933	0.10835933	0.398728688	0.398728688	0.243018448	0.243018448	0.243018448	0.243018448	0.243018448	0.383071968	0.383071968	0.383071968	0.383071968	0.383071968	0.383071968	0.383071968	0.383071968	0.383071968	0.329318544	0.329318544	0.329318544	0.329318544	0.329318544	0.308336688	0.308336688	0.308336688	0.308336688	0.308336688	0.308336688	0.308336688	0.308336688	0.308336688	0.308336688	0.24188864	0.24188864	0.229030439	0.229030439	0.229030439	0.229030439	0.229030439	0.229030439	0.229030439	0.229030439	0.229030439	0.229030439	0.229030439	0.229030439	0.229030439	0.229030439	0.229030439	0.255575042	0.255575042	0.255575042	0.255575042	0.255575042	0.255575042	0.255575042	0.255575042	0.255575042	0.255575042	0.255575042	0.255575042	0.255575042	0.255575042	0.255575042	0.255575042	0.255575042	0.255575042	0.255575042	0.255575042	0.255575042	0.255575042	0.396586647	0.396586647	0.396586647	0.396586647	0.396586647	0.396586647	0.396586647	0.396586647	0.396927139	0.396927139	0.396927139	0.396927139	0.396927139	0.396927139	0.396927139	0.396927139	0.386385436	0.386385436
NaN	NaN	NaN	0.444247732	0.35795404	0.35795404	0.35795404	0.35795404	0.061202009	0.061202009	-0.41082089	-0.41082089	-0.41082089	-0.41082089	-0.41082089	-0.215806916	-0.215806916	-0.215806916	-0.215806916	-0.215806916	-0.215806916	-0.215806916	-0.215806916	-0.215806916	-0.474042253	-0.474042253	-0.474042253	-0.474042253	-0.474042253	-0.479142036	-0.479142036	-0.479142036	-0.479142036	-0.479142036	-0.479142036	-0.479142036	-0.479142036	-0.479142036	-0.479142036	-0.149244849	-0.149244849	-0.182884722	-0.182884722	-0.182884722	-0.182884722	-0.182884722	-0.182884722	-0.182884722	-0.182884722	-0.182884722	-0.182884722	-0.182884722	-0.182884722	-0.182884722	-0.182884722	-0.182884722	0.007012082	0.007012082	0.007012082	0.007012082	0.007012082	0.007012082	0.007012082	0.007012082	0.007012082	0.007012082	0.007012082	0.007012082	0.007012082	0.007012082	0.007012082	0.007012082	0.007012082	0.007012082	0.007012082	0.007012082	0.007012082	0.007012082	-0.001240764	-0.001240764	-0.001240764	-0.001240764	-0.001240764	-0.001240764	-0.001240764	-0.001240764	-0.001241827	-0.001241827	-0.001241827	-0.001241827	-0.001241827	-0.001241827	-0.001241827	-0.001241827	0.024517452	0.024517452
NaN	NaN	NaN	NaN	-0.538618211	-0.398875988	-0.398875988	-0.398875988	-0.987874897	-0.987874897	-1.004495705	-1.004495705	-1.004495705	-1.004495705	-1.004495705	-0.804203358	-0.804203358	-0.804203358	-0.804203358	-0.804203358	-0.804203358	-0.804203358	-0.804203358	-0.804203358	-1.050213314	-1.050213314	-1.050213314	-1.050213314	-1.050213314	-1.032649446	-1.032649446	-1.032649446	-1.032649446	-1.032649446	-1.032649446	-1.032649446	-1.032649446	-1.032649446	-1.032649446	-0.772158297	-0.772158297	-0.824894842	-0.824894842	-0.824894842	-0.824894842	-0.824894842	-0.824894842	-0.824894842	-0.824894842	-0.824894842	-0.824894842	-0.824894842	-0.824894842	-0.824894842	-0.824894842	-0.824894842	-0.758747138	-0.758747138	-0.758747138	-0.758747138	-0.758747138	-0.758747138	-0.758747138	-0.758747138	-0.758747138	-0.758747138	-0.758747138	-0.758747138	-0.758747138	-0.758747138	-0.758747138	-0.758747138	-0.758747138	-0.758747138	-0.758747138	-0.758747138	-0.758747138	-0.758747138	-0.879844164	-0.879844164	-0.879844164	-0.879844164	-0.879844164	-0.879844164	-0.879844164	-0.879844164	-0.880601402	-0.880601402	-0.880601402	-0.880601402	-0.880601402	-0.880601402	-0.880601402	-0.880601402	-0.856088173	-0.856088173
NaN	NaN	NaN	NaN	NaN	-0.712795837	-0.707946176	-0.707946176	-0.642623943	-0.642623943	-0.770472634	-0.770472634	-0.770472634	-0.770472634	-0.770472634	-0.605875115	-0.605875115	-0.605875115	-0.519096457	-0.519096457	-0.519096457	-0.519096457	-0.519096457	-0.519096457	-0.545805179	-0.545805179	-0.545805179	-0.545805179	-0.545805179	-0.519524526	-0.519524526	-0.519524526	-0.519524526	-0.519524526	-0.519524526	-0.519524526	-0.519524526	-0.519524526	-0.519524526	-0.417795345	-0.417795345	-0.493397313	-0.493397313	-0.493397313	-0.493397313	-0.493397313	-0.493397313	-0.493397313	-0.493397313	-0.493397313	-0.493397313	-0.493397313	-0.493397313	-0.493397313	-0.493397313	-0.493397313	-0.511415864	-0.511415864	-0.511415864	-0.511415864	-0.511415864	-0.511415864	-0.511415864	-0.511415864	-0.511415864	-0.511415864	-0.511415864	-0.511415864	-0.511415864	-0.511415864	-0.511415864	-0.511415864	-0.511415864	-0.511415864	-0.511415864	-0.511415864	-0.511415864	-0.511415864	-0.485599263	-0.485599263	-0.485599263	-0.485599263	-0.485599263	-0.485599263	-0.485599263	-0.485599263	-0.484761144	-0.484761144	-0.484761144	-0.484761144	-0.484761144	-0.484761144	-0.484761144	-0.484761144	-0.469756805	-0.469756805
NaN	NaN	NaN	NaN	NaN	NaN	0.104210855	-0.126167674	0.345587895	0.345587895	0.424390576	0.424390576	0.424390576	0.424390576	0.424390576	0.36726061	0.36726061	0.36726061	0.533477408	0.533477408	0.533477408	0.533477408	0.533477408	0.533477408	0.432272575	0.432272575	0.432272575	0.432272575	0.432272575	0.448764179	0.448764179	0.448764179	0.448764179	0.448764179	0.448764179	0.448764179	0.448764179	0.448764179	0.448764179	0.635802844	0.635802844	0.557900379	0.557900379	0.557900379	0.557900379	0.557900379	0.557900379	0.557900379	0.557900379	0.557900379	0.557900379	0.557900379	0.557900379	0.557900379	0.557900379	0.557900379	0.646976555	0.646976555	0.646976555	0.646976555	0.646976555	0.646976555	0.646976555	0.646976555	0.646976555	0.646976555	0.646976555	0.646976555	0.646976555	0.646976555	0.646976555	0.646976555	0.646976555	0.646976555	0.646976555	0.646976555	0.646976555	0.646976555	0.671934332	0.671934332	0.671934332	0.671934332	0.671934332	0.671934332	0.671934332	0.671934332	0.672507616	0.672507616	0.672507616	0.672507616	0.672507616	0.672507616	0.672507616	0.672507616	0.7738636	0.7738636
NaN	NaN	NaN	NaN	NaN	NaN	NaN	0.585816248	0.453450083	0.453450083	0.304698181	0.304698181	0.304698181	0.304698181	0.304698181	0.349499749	0.349499749	0.349499749	0.246209525	0.246209525	0.246209525	0.246209525	0.246209525	0.246209525	0.249930248	0.249930248	0.249930248	0.249930248	0.249930248	0.253189666	0.253189666	0.253189666	0.253189666	0.253189666	0.253189666	0.253189666	0.253189666	0.253189666	0.253189666	0.326871177	0.326871177	0.24563045	0.24563045	0.24563045	0.24563045	0.24563045	0.24563045	0.24563045	0.24563045	0.24563045	0.24563045	0.24563045	0.24563045	0.24563045	0.24563045	0.24563045	0.481446957	0.481446957	0.481446957	0.481446957	0.481446957	0.481446957	0.481446957	0.481446957	0.481446957	0.481446957	0.481446957	0.481446957	0.481446957	0.481446957	0.481446957	0.481446957	0.481446957	0.481446957	0.481446957	0.481446957	0.481446957	0.481446957	0.420166066	0.420166066	0.420166066	0.420166066	0.420166066	0.420166066	0.420166066	0.420166066	0.420522591	0.420522591	0.420522591	0.420522591	0.420522591	0.420522591	0.420522591	0.420522591	0.478410981	0.478410981
NaN	NaN	NaN	NaN	NaN	NaN	NaN	NaN	0.074005554	0.108933592	0.138568629	0.138568629	0.138568629	0.138568629	0.138568629	0.143557376	0.143557376	0.143557376	0.0184413	0.0184413	0.0184413	0.0184413	0.0184413	0.0184413	0.247669005	0.247669005	0.247669005	0.247669005	0.247669005	0.249274446	0.249274446	0.249274446	0.249274446	0.249274446	0.249274446	0.249274446	0.249274446	0.249274446	0.249274446	0.619317151	0.619317151	0.537082256	0.537082256	0.537082256	0.537082256	0.537082256	0.537082256	0.537082256	0.537082256	0.537082256	0.537082256	0.537082256	0.537082256	0.537082256	0.537082256	0.537082256	0.467958374	0.467958374	0.467958374	0.467958374	0.467958374	0.467958374	0.467958374	0.467958374	0.467958374	0.467958374	0.467958374	0.467958374	0.467958374	0.467958374	0.467958374	0.467958374	0.467958374	0.467958374	0.467958374	0.467958374	0.467958374	0.467958374	0.39114693	0.39114693	0.39114693	0.39114693	0.39114693	0.39114693	0.39114693	0.39114693	0.391477487	0.391477487	0.391477487	0.391477487	0.391477487	0.391477487	0.391477487	0.391477487	0.435061467	0.435061467
NaN	NaN	NaN	NaN	NaN	NaN	NaN	NaN	NaN	0.489760095	0.724864688	0.724864688	0.724864688	0.724864688	0.724864688	0.865170268	0.865170268	0.865170268	0.769446512	0.769446512	0.769446512	0.769446512	0.769446512	0.769446512	1.15476417	1.15476417	1.15476417	1.15476417	1.15476417	1.146499001	1.146499001	1.146499001	1.146499001	1.146499001	1.146499001	1.146499001	1.146499001	1.146499001	1.146499001	1.053685033	1.053685033	0.924163506	0.924163506	0.924163506	0.924163506	0.924163506	0.924163506	0.924163506	0.924163506	0.924163506	0.924163506	0.924163506	0.924163506	0.924163506	0.924163506	0.924163506	1.030442359	1.030442359	1.030442359	1.030442359	1.030442359	1.030442359	1.030442359	1.030442359	1.030442359	1.030442359	1.030442359	1.030442359	1.030442359	1.030442359	1.030442359	1.030442359	1.030442359	1.030442359	1.030442359	1.030442359	1.030442359	1.030442359	1.09204492	1.09204492	1.09204492	1.09204492	1.09204492	1.09204492	1.09204492	1.09204492	1.091734101	1.091734101	1.091734101	1.091734101	1.091734101	1.091734101	1.091734101	1.091734101	1.174406434	1.174406434
NaN	NaN	NaN	NaN	NaN	NaN	NaN	NaN	NaN	NaN	0.344114553	0.382957841	0.382957841	0.382957841	0.382957841	0.698489452	0.698489452	0.698489452	0.587879252	0.587879252	0.587879252	0.587879252	0.587879252	0.587879252	0.627953151	0.627953151	0.627953151	0.627953151	0.627953151	0.621475943	0.621475943	0.621475943	0.621475943	0.621475943	0.621475943	0.621475943	0.621475943	0.621475943	0.621475943	0.972744665	0.972744665	0.931768064	0.931768064	0.931768064	0.931768064	0.931768064	0.931768064	0.931768064	0.931768064	0.931768064	0.931768064	0.931768064	0.931768064	0.931768064	0.931768064	0.931768064	0.959659302	0.959659302	0.959659302	0.959659302	0.959659302	0.959659302	0.959659302	0.959659302	0.959659302	0.959659302	0.959659302	0.959659302	0.959659302	0.959659302	0.959659302	0.959659302	0.959659302	0.959659302	0.959659302	0.959659302	0.959659302	0.959659302	1.05720444	1.05720444	1.05720444	1.05720444	1.05720444	1.05720444	1.05720444	1.05720444	1.056880719	1.056880719	1.056880719	1.056880719	1.056880719	1.056880719	1.056880719	1.056880719	1.096759489	1.096759489
NaN	NaN	NaN	NaN	NaN	NaN	NaN	NaN	NaN	NaN	NaN	0.6539766	0.840623303	0.840623303	0.840623303	0.837800113	0.837800113	0.837800113	0.865370665	0.865370665	0.865370665	0.865370665	0.865370665	0.865370665	0.748694891	0.748694891	0.748694891	0.748694891	0.748694891	0.745500411	0.745500411	0.745500411	0.745500411	0.745500411	0.745500411	0.745500411	0.745500411	0.745500411	0.745500411	0.766810327	0.766810327	0.769654256	0.769654256	0.769654256	0.769654256	0.769654256	0.769654256	0.769654256	0.769654256	0.769654256	0.769654256	0.769654256	0.769654256	0.769654256	0.769654256	0.769654256	0.976322576	0.976322576	0.976322576	0.976322576	0.976322576	0.976322576	0.976322576	0.976322576	0.976322576	0.976322576	0.976322576	0.976322576	0.976322576	0.976322576	0.976322576	0.976322576	0.976322576	0.976322576	0.976322576	0.976322576	0.976322576	0.976322576	1.026937231	1.026937231	1.026937231	1.026937231	1.026937231	1.026937231	1.026937231	1.026937231	1.026603861	1.026603861	1.026603861	1.026603861	1.026603861	1.026603861	1.026603861	1.026603861	0.967766909	0.967766909
NaN	NaN	NaN	NaN	NaN	NaN	NaN	NaN	NaN	NaN	NaN	NaN	0.930051592	1.150700389	1.150700389	1.392760804	1.392760804	1.392760804	1.396870851	1.396870851	1.396870851	1.396870851	1.396870851	1.396870851	1.054966013	1.054966013	1.054966013	1.054966013	1.054966013	1.054999537	1.054999537	1.054999537	1.054999537	1.054999537	1.054999537	1.054999537	1.054999537	1.054999537	1.054999537	1.263665007	1.263665007	1.308845707	1.308845707	1.308845707	1.308845707	1.308845707	1.308845707	1.308845707	1.308845707	1.308845707	1.308845707	1.308845707	1.308845707	1.308845707	1.308845707	1.308845707	1.095812641	1.095812641	1.095812641	1.095812641	1.095812641	1.095812641	1.095812641	1.095812641	1.095812641	1.095812641	1.095812641	1.095812641	1.095812641	1.095812641	1.095812641	1.095812641	1.095812641	1.095812641	1.095812641	1.095812641	1.095812641	1.095812641	1.046204546	1.046204546	1.046204546	1.046204546	1.046204546	1.046204546	1.046204546	1.046204546	1.045903355	1.045903355	1.045903355	1.045903355	1.045903355	1.045903355	1.045903355	1.045903355	0.996810359	0.996810359
NaN	NaN	NaN	NaN	NaN	NaN	NaN	NaN	NaN	NaN	NaN	NaN	NaN	0.445826866	0.182169468	0.195141244	0.195141244	0.195141244	0.288082283	0.288082283	0.288082283	0.288082283	0.288082283	0.288082283	-0.004741471	-0.004741471	-0.014225088	-0.014225088	-0.014225088	-0.014225538	0.012643224	0.012643224	0.012643224	0.012643224	0.012643224	0.012643224	0.012643224	0.012643224	0.012643224	-0.187318188	-0.187318188	-0.027183049	-0.027183049	-0.027183049	-0.027183049	-0.027183049	-0.027183049	-0.027183049	-0.027183049	-0.027183049	-0.027183049	-0.027183049	-0.027183049	-0.027183049	-0.027183049	-0.027183049	0.120721122	0.120721122	0.120721122	0.120721122	0.120721122	0.120721122	0.120721122	0.120721122	0.120721122	0.120721122	0.120721122	0.120721122	0.120721122	0.120721122	0.120721122	0.120721122	0.120721122	0.120721122	0.120721122	0.120721122	0.120721122	0.120721122	0.183981772	0.183981772	0.183981772	0.183981772	0.183981772	0.183981772	0.183981772	0.183981772	0.184139142	0.184139142	0.184139142	0.184139142	0.184139142	0.184139142	0.184139142	0.184139142	0.186066346	0.186066346
NaN	NaN	NaN	NaN	NaN	NaN	NaN	NaN	NaN	NaN	NaN	NaN	NaN	NaN	0.391241492	0.469535159	0.469535159	0.469535159	0.591316662	0.591316662	0.591316662	0.591316662	0.591316662	0.591316662	0.421113021	0.421113021	0.474655741	0.474655741	0.474655741	0.474670712	0.50442264	0.50442264	0.50442264	0.50442264	0.50442264	0.50442264	0.50442264	0.50442264	0.50442264	0.529588916	0.529588916	0.606282929	0.606282929	0.606282929	0.606282929	0.606282929	0.606282929	0.606282929	0.606282929	0.606282929	0.606282929	0.606282929	0.606282929	0.606282929	0.606282929	0.606282929	0.505443271	0.505443271	0.505443271	0.505443271	0.505443271	0.505443271	0.505443271	0.505443271	0.505443271	0.505443271	0.505443271	0.505443271	0.505443271	0.505443271	0.505443271	0.505443271	0.505443271	0.505443271	0.505443271	0.505443271	0.505443271	0.505443271	0.637159418	0.637159418	0.637159418	0.637159418	0.637159418	0.637159418	0.637159418	0.637159418	0.637702182	0.637702182	0.637702182	0.637702182	0.637702182	0.637702182	0.637702182	0.637702182	0.59204045	0.59204045
NaN	NaN	NaN	NaN	NaN	NaN	NaN	NaN	NaN	NaN	NaN	NaN	NaN	NaN	NaN	0.7011679	0.707006578	0.707006578	0.663753803	0.663753803	0.663753803	0.663753803	0.663753803	0.663753803	0.575954386	0.575954386	0.578829685	0.578829685	0.578829685	0.578847846	0.526919531	0.526919531	0.526919531	0.526919531	0.526919531	0.526919531	0.526919531	0.526919531	0.526919531	0.380822923	0.380822923	0.437090924	0.437090924	0.437090924	0.437090924	0.437090924	0.437090924	0.437090924	0.437090924	0.437090924	0.437090924	0.437090924	0.437090924	0.437090924	0.437090924	0.437090924	0.512190563	0.512190563	0.512190563	0.512190563	0.512190563	0.512190563	0.512190563	0.512190563	0.512190563	0.512190563	0.512190563	0.512190563	0.512190563	0.512190563	0.512190563	0.512190563	0.512190563	0.512190563	0.512190563	0.512190563	0.512190563	0.512190563	0.525342768	0.525342768	0.525342768	0.525342768	0.525342768	0.525342768	0.525342768	0.525342768	0.524614507	0.524614507	0.524614507	0.524614507	0.524614507	0.524614507	0.524614507	0.524614507	0.486675352	0.486675352
NaN	NaN	NaN	NaN	NaN	NaN	NaN	NaN	NaN	NaN	NaN	NaN	NaN	NaN	NaN	NaN	1.426056011	1.684733833	1.517784558	1.517784558	1.517784558	1.517784558	1.517784558	1.517784558	1.143598656	1.143598656	1.177078702	1.177078702	1.177078702	1.174023545	1.296015157	1.296015157	1.296015157	1.296015157	1.296015157	1.296015157	1.296015157	1.296015157	1.296015157	1.467032744	1.467032744	1.499602965	1.499602965	1.499602965	1.499602965	1.499602965	1.499602965	1.499602965	1.499602965	1.499602965	1.499602965	1.499602965	1.499602965	1.499602965	1.499602965	1.499602965	1.336569385	1.336569385	1.336569385	1.336569385	1.336569385	1.336569385	1.336569385	1.336569385	1.336569385	1.336569385	1.336569385	1.336569385	1.336569385	1.336569385	1.336569385	1.336569385	1.336569385	1.336569385	1.336569385	1.336569385	1.336569385	1.336569385	1.312399113	1.312399113	1.312399113	1.312399113	1.312399113	1.312399113	1.312399113	1.312399113	1.312357852	1.312357852	1.312357852	1.312357852	1.312357852	1.312357852	1.312357852	1.312357852	1.325753269	1.325753269
NaN	NaN	NaN	NaN	NaN	NaN	NaN	NaN	NaN	NaN	NaN	NaN	NaN	NaN	NaN	NaN	NaN	0.637127081	0.822594365	0.822594365	0.822594365	0.822594365	0.822594365	0.822594365	0.627676811	0.627676811	0.607201964	0.607201964	0.607201964	0.613385396	0.732232109	0.732232109	0.732232109	0.732232109	0.732232109	0.732232109	0.732232109	0.732232109	0.732232109	0.883576208	0.883576208	0.843171802	0.843171802	0.843171802	0.843171802	0.843171802	0.843171802	0.843171802	0.843171802	0.843171802	0.843171802	0.843171802	0.843171802	0.843171802	0.843171802	0.843171802	1.012221637	1.012221637	1.012221637	1.012221637	1.012221637	1.012221637	1.012221637	1.012221637	1.012221637	1.012221637	1.012221637	1.012221637	1.012221637	1.012221637	1.012221637	1.012221637	1.012221637	1.012221637	1.012221637	1.012221637	1.012221637	1.012221637	0.968249015	0.968249015	0.968249015	0.968249015	0.968249015	0.968249015	0.968249015	0.968249015	0.969074641	0.969074641	0.969074641	0.969074641	0.969074641	0.969074641	0.969074641	0.969074641	0.975204703	0.975204703
NaN	NaN	NaN	NaN	NaN	NaN	NaN	NaN	NaN	NaN	NaN	NaN	NaN	NaN	NaN	NaN	NaN	NaN	0.910103441	1.002353502	1.002353502	1.002353502	1.002353502	1.002353502	1.175306397	1.175306397	1.208007909	1.208007909	1.208007909	1.204971856	1.155078062	1.155078062	1.155078062	1.155078062	1.155078062	1.155078062	1.155078062	1.155078062	1.155078062	1.393583011	1.393583011	1.384675548	1.384675548	1.384675548	1.384675548	1.384675548	1.384675548	1.384675548	1.384675548	1.384675548	1.384675548	1.384675548	1.384675548	1.384675548	1.384675548	1.384675548	1.295508371	1.295508371	1.295508371	1.295508371	1.295508371	1.295508371	1.295508371	1.295508371	1.295508371	1.295508371	1.295508371	1.295508371	1.295508371	1.295508371	1.295508371	1.295508371	1.295508371	1.295508371	1.295508371	1.295508371	1.295508371	1.295508371	1.358753664	1.358753664	1.358753664	1.358753664	1.358753664	1.358753664	1.358753664	1.358753664	1.358767623	1.358767623	1.358767623	1.358767623	1.358767623	1.358767623	1.358767623	1.358767623	1.35760922	1.35760922
NaN	NaN	NaN	NaN	NaN	NaN	NaN	NaN	NaN	NaN	NaN	NaN	NaN	NaN	NaN	NaN	NaN	NaN	NaN	0.845104484	0.990542782	0.990542782	0.990542782	0.990542782	0.877397656	0.877397656	0.866054913	0.866054913	0.866054913	0.867586041	0.441428403	0.441428403	0.441428403	0.441428403	0.441428403	0.441428403	0.441428403	0.441428403	0.441428403	0.554486002	0.554486002	0.544204222	0.544204222	0.544204222	0.544204222	0.544204222	0.544204222	0.544204222	0.544204222	0.544204222	0.544204222	0.544204222	0.544204222	0.544204222	0.544204222	0.544204222	0.558845999	0.558845999	0.558845999	0.558845999	0.558845999	0.558845999	0.558845999	0.558845999	0.558845999	0.558845999	0.558845999	0.558845999	0.558845999	0.558845999	0.558845999	0.558845999	0.558845999	0.558845999	0.558845999	0.558845999	0.558845999	0.558845999	0.64219784	0.64219784	0.64219784	0.64219784	0.64219784	0.64219784	0.64219784	0.64219784	0.64161695	0.64161695	0.64161695	0.64161695	0.64161695	0.64161695	0.64161695	0.64161695	0.587892358	0.587892358
NaN	NaN	NaN	NaN	NaN	NaN	NaN	NaN	NaN	NaN	NaN	NaN	NaN	NaN	NaN	NaN	NaN	NaN	NaN	NaN	1.108054843	1.236961183	1.236961183	1.236961183	0.777151569	0.777151569	0.734702078	0.734702078	0.734702078	0.721266913	0.88751981	0.88751981	0.88751981	0.88751981	0.88751981	0.88751981	0.88751981	0.88751981	0.88751981	1.239484436	1.239484436	1.225801355	1.225801355	1.225801355	1.225801355	1.225801355	1.225801355	1.225801355	1.225801355	1.225801355	1.225801355	1.225801355	1.225801355	1.225801355	1.225801355	1.225801355	1.165017509	1.165017509	1.165017509	1.165017509	1.165017509	1.165017509	1.165017509	1.165017509	1.165017509	1.165017509	1.165017509	1.165017509	1.165017509	1.165017509	1.165017509	1.165017509	1.165017509	1.165017509	1.165017509	1.165017509	1.165017509	1.165017509	1.104576357	1.104576357	1.104576357	1.104576357	1.104576357	1.104576357	1.104576357	1.104576357	1.104403083	1.104403083	1.104403083	1.104403083	1.104403083	1.104403083	1.104403083	1.104403083	1.128676762	1.128676762
NaN	NaN	NaN	NaN	NaN	NaN	NaN	NaN	NaN	NaN	NaN	NaN	NaN	NaN	NaN	NaN	NaN	NaN	NaN	NaN	NaN	0.695064923	0.665819278	0.665819278	0.153812871	0.153812871	0.106010506	0.106010506	0.106010506	0.109011367	0.22550281	0.22550281	0.22550281	0.22550281	0.431147683	0.431147683	0.431147683	0.431147683	0.431147683	0.376355691	0.376355691	0.369236128	0.369236128	0.369236128	0.369236128	0.369236128	0.369236128	0.369236128	0.369236128	0.369236128	0.369236128	0.369236128	0.369236128	0.369236128	0.369236128	0.369236128	0.27754597	0.27754597	0.27754597	0.27754597	0.27754597	0.27754597	0.27754597	0.27754597	0.27754597	0.27754597	0.27754597	0.27754597	0.27754597	0.27754597	0.27754597	0.27754597	0.27754597	0.27754597	0.27754597	0.27754597	0.27754597	0.27754597	0.245167497	0.245167497	0.245167497	0.245167497	0.245167497	0.245167497	0.245167497	0.245167497	0.245377099	0.245377099	0.245377099	0.245377099	0.245377099	0.245377099	0.245377099	0.245377099	0.340996975	0.340996975
NaN	NaN	NaN	NaN	NaN	NaN	NaN	NaN	NaN	NaN	NaN	NaN	NaN	NaN	NaN	NaN	NaN	NaN	NaN	NaN	NaN	NaN	0.131538101	0.323054881	0.116322435	0.116322435	0.186365554	0.186365554	0.186365554	0.186387785	0.076048466	0.076048466	0.076048466	0.076048466	0.09968978	0.09968978	0.09968978	0.09968978	0.09968978	0.208327844	0.208327844	0.194770606	0.194770606	0.194770606	0.194770606	0.194770606	0.194770606	0.194770606	0.194770606	0.194770606	0.194770606	0.194770606	0.194770606	0.194770606	0.194770606	0.194770606	0.179178957	0.179178957	0.179178957	0.179178957	0.179178957	0.179178957	0.179178957	0.179178957	0.179178957	0.179178957	0.179178957	0.179178957	0.179178957	0.179178957	0.179178957	0.179178957	0.179178957	0.179178957	0.179178957	0.179178957	0.179178957	0.179178957	0.214720614	0.214720614	0.214720614	0.214720614	0.214720614	0.214720614	0.214720614	0.214720614	0.214903764	0.214903764	0.214903764	0.214903764	0.214903764	0.214903764	0.214903764	0.214903764	0.348739641	0.348739641
NaN	NaN	NaN	NaN	NaN	NaN	NaN	NaN	NaN	NaN	NaN	NaN	NaN	NaN	NaN	NaN	NaN	NaN	NaN	NaN	NaN	NaN	NaN	1.029703453	0.798662262	0.874041936	0.932556295	0.932556295	0.932556295	0.935618643	0.748444242	0.748444242	0.748444242	0.748444242	0.819039362	0.819039362	0.819039362	0.819039362	0.819039362	0.784005079	0.784005079	0.771343446	0.771343446	0.771343446	0.771343446	0.771343446	0.771343446	0.771343446	0.771343446	0.771343446	0.771343446	0.771343446	0.771343446	0.771343446	0.771343446	0.771343446	0.811669492	0.811669492	0.811669492	0.811669492	0.811669492	0.811669492	0.811669492	0.811669492	0.811669492	0.811669492	0.811669492	0.811669492	0.811669492	0.811669492	0.811669492	0.811669492	0.811669492	0.811669492	0.811669492	0.811669492	0.811669492	0.811669492	0.836760473	0.836760473	0.836760473	0.836760473	0.836760473	0.836760473	0.836760473	0.836760473	0.83637312	0.83637312	0.83637312	0.83637312	0.83637312	0.83637312	0.83637312	0.83637312	0.852837439	0.852837439
NaN	NaN	NaN	NaN	NaN	NaN	NaN	NaN	NaN	NaN	NaN	NaN	NaN	NaN	NaN	NaN	NaN	NaN	NaN	NaN	NaN	NaN	NaN	NaN	0.196459364	0.121079691	0.063435398	0.063435398	0.063435398	0.064915907	0.550323394	0.550323394	0.550323394	0.550323394	0.68061974	0.68061974	0.68061974	0.68061974	0.68061974	0.814673826	0.814673826	0.796932422	0.796932422	0.796932422	0.796932422	0.796932422	0.796932422	0.796932422	0.796932422	0.796932422	0.796932422	0.796932422	0.796932422	0.796932422	0.796932422	0.796932422	0.728733638	0.728733638	0.728733638	0.728733638	0.728733638	0.728733638	0.728733638	0.728733638	0.728733638	0.728733638	0.728733638	0.728733638	0.728733638	0.728733638	0.728733638	0.728733638	0.728733638	0.728733638	0.728733638	0.728733638	0.728733638	0.728733638	0.694894902	0.694894902	0.694894902	0.694894902	0.694894902	0.694894902	0.694894902	0.694894902	0.694397874	0.694397874	0.694397874	0.694397874	0.694397874	0.694397874	0.694397874	0.694397874	0.707455632	0.707455632
NaN	NaN	NaN	NaN	NaN	NaN	NaN	NaN	NaN	NaN	NaN	NaN	NaN	NaN	NaN	NaN	NaN	NaN	NaN	NaN	NaN	NaN	NaN	NaN	NaN	0.692644735	0.494300381	0.494300381	0.494300381	0.494336743	0.438967445	0.438967445	0.438967445	0.438967445	0.819975706	0.819975706	0.819975706	0.819975706	0.819975706	0.714279407	0.714279407	0.712500481	0.712500481	0.712500481	0.712500481	0.712500481	0.712500481	0.712500481	0.712500481	0.712500481	0.712500481	0.712500481	0.712500481	0.712500481	0.712500481	0.712500481	0.702653801	0.702653801	0.702653801	0.702653801	0.702653801	0.702653801	0.702653801	0.702653801	0.702653801	0.702653801	0.702653801	0.702653801	0.702653801	0.702653801	0.702653801	0.702653801	0.702653801	0.702653801	0.702653801	0.702653801	0.702653801	0.702653801	0.682529845	0.682529845	0.682529845	0.682529845	0.682529845	0.682529845	0.682529845	0.682529845	0.683115435	0.683115435	0.683115435	0.683115435	0.683115435	0.683115435	0.683115435	0.683115435	0.653162579	0.653162579
NaN	NaN	NaN	NaN	NaN	NaN	NaN	NaN	NaN	NaN	NaN	NaN	NaN	NaN	NaN	NaN	NaN	NaN	NaN	NaN	NaN	NaN	NaN	NaN	NaN	NaN	1.033631113	1.142502706	1.142502706	1.142586066	1.448499774	1.448499774	1.448499774	1.448499774	1.469819262	1.469819262	1.469819262	1.469819262	1.469819262	1.668870615	1.668870615	1.634477221	1.634477221	1.634477221	1.634477221	1.634477221	1.634477221	1.634477221	1.634477221	1.634477221	1.634477221	1.634477221	1.634477221	1.634477221	1.634477221	1.634477221	1.625795419	1.625795419	1.625795419	1.625795419	1.625795419	1.625795419	1.625795419	1.625795419	1.625795419	1.625795419	1.625795419	1.625795419	1.625795419	1.625795419	1.625795419	1.625795419	1.625795419	1.625795419	1.625795419	1.625795419	1.625795419	1.625795419	1.714392032	1.714392032	1.714392032	1.714392032	1.714392032	1.714392032	1.714392032	1.714392032	1.713717543	1.713717543	1.713717543	1.713717543	1.713717543	1.713717543	1.713717543	1.713717543	1.731018083	1.731018083
NaN	NaN	NaN	NaN	NaN	NaN	NaN	NaN	NaN	NaN	NaN	NaN	NaN	NaN	NaN	NaN	NaN	NaN	NaN	NaN	NaN	NaN	NaN	NaN	NaN	NaN	NaN	0.536814989	0.518053398	0.52097772	0.256672912	0.256672912	0.256672912	0.256672912	0.515571805	0.515571805	0.515571805	0.515571805	0.515571805	0.547182996	0.547182996	0.498569247	0.498569247	0.498569247	0.498569247	0.498569247	0.498569247	0.498569247	0.498569247	0.498569247	0.498569247	0.498569247	0.498569247	0.498569247	0.498569247	0.498569247	0.834747408	0.834747408	0.834747408	0.834747408	0.834747408	0.834747408	0.834747408	0.834747408	0.834747408	0.834747408	0.834747408	0.834747408	0.834747408	0.834747408	0.834747408	0.834747408	0.834747408	0.834747408	0.834747408	0.834747408	0.834747408	0.834747408	0.86579711	0.86579711	0.86579711	0.86579711	0.86579711	0.86579711	0.86579711	0.86579711	0.866540025	0.866540025	0.866540025	0.866540025	0.866540025	0.866540025	0.866540025	0.866540025	0.920836863	0.920836863
NaN	NaN	NaN	NaN	NaN	NaN	NaN	NaN	NaN	NaN	NaN	NaN	NaN	NaN	NaN	NaN	NaN	NaN	NaN	NaN	NaN	NaN	NaN	NaN	NaN	NaN	NaN	NaN	1.152332818	0.936694251	1.054360396	1.054360396	1.054360396	1.054360396	1.035926249	1.035926249	1.035926249	1.035926249	1.035926249	1.193870005	1.193870005	1.13358047	1.13358047	1.13358047	1.13358047	1.13358047	1.13358047	1.13358047	1.13358047	1.13358047	1.13358047	1.13358047	1.13358047	1.13358047	1.13358047	1.13358047	1.162493128	1.162493128	1.162493128	1.162493128	1.162493128	1.162493128	1.162493128	1.162493128	1.162493128	1.162493128	1.162493128	1.162493128	1.162493128	1.162493128	1.162493128	1.162493128	1.162493128	1.162493128	1.162493128	1.162493128	1.162493128	1.162493128	1.085884872	1.085884872	1.085884872	1.085884872	1.085884872	1.085884872	1.085884872	1.085884872	1.085764216	1.085764216	1.085764216	1.085764216	1.085764216	1.085764216	1.085764216	1.085764216	1.051427976	1.051427976
NaN	NaN	NaN	NaN	NaN	NaN	NaN	NaN	NaN	NaN	NaN	NaN	NaN	NaN	NaN	NaN	NaN	NaN	NaN	NaN	NaN	NaN	NaN	NaN	NaN	NaN	NaN	NaN	NaN	1.364816288	1.192733171	1.192733171	1.192733171	1.192733171	1.032281709	1.032281709	1.032281709	1.032281709	1.032281709	1.200948633	1.200948633	1.095935734	1.067248666	1.067248666	1.067248666	1.067248666	1.067248666	1.067248666	1.067248666	1.067248666	1.067248666	1.067248666	1.067248666	1.067248666	1.067248666	1.067248666	0.770288461	0.770288461	0.770288461	0.770288461	0.770288461	0.770288461	0.770288461	0.770288461	0.770288461	0.770288461	0.770288461	0.770288461	0.770288461	0.770288461	0.770288461	0.770288461	0.770288461	0.770288461	0.770288461	0.770288461	0.770288461	0.770288461	0.765372115	0.765372115	0.765372115	0.765372115	0.765372115	0.765372115	0.765372115	0.765372115	0.76602444	0.76602444	0.76602444	0.76602444	0.76602444	0.76602444	0.76602444	0.76602444	0.758715594	0.758715594
NaN	NaN	NaN	NaN	NaN	NaN	NaN	NaN	NaN	NaN	NaN	NaN	NaN	NaN	NaN	NaN	NaN	NaN	NaN	NaN	NaN	NaN	NaN	NaN	NaN	NaN	NaN	NaN	NaN	NaN	0.535064789	0.813400272	0.813400272	0.813400272	0.969236648	0.969236648	0.969236648	0.969236648	0.969236648	1.254330469	1.254330469	1.198717721	1.43051553	1.43051553	1.43051553	1.43051553	1.43051553	1.43051553	1.43051553	1.43051553	1.43051553	1.43051553	1.43051553	1.43051553	1.43051553	1.43051553	1.508001533	1.508001533	1.508001533	1.508001533	1.508001533	1.508001533	1.508001533	1.508001533	1.508001533	1.508001533	1.508001533	1.508001533	1.508001533	1.508001533	1.508001533	1.508001533	1.508001533	1.508001533	1.508001533	1.508001533	1.508001533	1.508001533	1.472623374	1.472623374	1.472623374	1.472623374	1.472623374	1.472623374	1.472623374	1.472623374	1.471823971	1.471823971	1.471823971	1.471823971	1.471823971	1.471823971	1.471823971	1.471823971	1.497642919	1.497642919
NaN	NaN	NaN	NaN	NaN	NaN	NaN	NaN	NaN	NaN	NaN	NaN	NaN	NaN	NaN	NaN	NaN	NaN	NaN	NaN	NaN	NaN	NaN	NaN	NaN	NaN	NaN	NaN	NaN	NaN	NaN	0.865011582	0.756946899	0.756946899	1.026975488	1.026975488	1.026975488	1.026975488	1.026975488	0.978625024	0.978625024	0.941899087	1.03618996	1.03618996	1.03618996	1.03618996	1.03618996	1.03618996	1.03618996	1.03618996	1.03618996	1.03618996	1.03618996	1.03618996	1.03618996	1.03618996	1.237436588	1.237436588	1.237436588	1.237436588	1.237436588	1.237436588	1.237436588	1.237436588	1.237436588	1.237436588	1.237436588	1.237436588	1.237436588	1.237436588	1.237436588	1.237436588	1.237436588	1.237436588	1.237436588	1.237436588	1.237436588	1.237436588	1.24708464	1.24708464	1.24708464	1.24708464	1.24708464	1.24708464	1.24708464	1.24708464	1.247139163	1.247139163	1.247139163	1.247139163	1.247139163	1.247139163	1.247139163	1.247139163	1.266080433	1.266080433
NaN	NaN	NaN	NaN	NaN	NaN	NaN	NaN	NaN	NaN	NaN	NaN	NaN	NaN	NaN	NaN	NaN	NaN	NaN	NaN	NaN	NaN	NaN	NaN	NaN	NaN	NaN	NaN	NaN	NaN	NaN	NaN	1.052111496	0.910727973	0.727731853	0.727731853	0.727731853	0.727731853	0.727731853	0.757942278	0.757942278	0.741852187	0.682861442	0.682861442	0.682861442	0.682861442	0.682861442	0.682861442	0.682861442	0.682861442	0.682861442	0.682861442	0.682861442	0.682861442	0.682861442	0.682861442	0.734725456	0.734725456	0.734725456	0.734725456	0.734725456	0.734725456	0.734725456	0.734725456	0.734725456	0.734725456	0.734725456	0.734725456	0.734725456	0.734725456	0.734725456	0.734725456	0.734725456	0.734725456	0.734725456	0.734725456	0.734725456	0.734725456	0.764235276	0.764235276	0.764235276	0.764235276	0.764235276	0.764235276	0.764235276	0.764235276	0.763887375	0.763887375	0.763887375	0.763887375	0.763887375	0.763887375	0.763887375	0.763887375	0.772744565	0.772744565
NaN	NaN	NaN	NaN	NaN	NaN	NaN	NaN	NaN	NaN	NaN	NaN	NaN	NaN	NaN	NaN	NaN	NaN	NaN	NaN	NaN	NaN	NaN	NaN	NaN	NaN	NaN	NaN	NaN	NaN	NaN	NaN	NaN	1.038544453	1.350050513	1.350050513	1.350050513	1.350050513	1.350050513	1.622564057	1.622564057	1.657061642	1.582975649	1.582975649	1.582975649	1.582975649	1.480602	1.480602	1.480602	1.480602	1.480602	1.480602	1.480602	1.480602	1.480602	1.480602	1.10045781	1.10045781	1.10045781	1.10045781	1.10045781	1.10045781	1.10045781	1.10045781	1.10045781	1.10045781	1.10045781	1.10045781	1.10045781	1.10045781	1.10045781	1.10045781	1.10045781	1.10045781	1.10045781	1.10045781	1.10045781	1.10045781	0.939730368	0.939730368	0.939730368	0.939730368	0.939730368	0.939730368	0.939730368	0.939730368	0.940534724	0.940534724	0.940534724	0.940534724	0.940534724	0.940534724	0.940534724	0.940534724	0.984581779	0.984581779
NaN	NaN	NaN	NaN	NaN	NaN	NaN	NaN	NaN	NaN	NaN	NaN	NaN	NaN	NaN	NaN	NaN	NaN	NaN	NaN	NaN	NaN	NaN	NaN	NaN	NaN	NaN	NaN	NaN	NaN	NaN	NaN	NaN	NaN	0.351705732	0.453109381	0.453109381	0.453109381	0.453109381	0.527568073	0.527568073	0.537220351	0.719602406	0.719602406	0.719602406	0.719602406	0.553471887	0.553471887	0.553471887	0.553471887	0.553471887	0.553471887	0.553471887	0.553471887	0.553471887	0.553471887	0.659177581	0.659177581	0.659177581	0.659177581	0.659177581	0.659177581	0.659177581	0.659177581	0.659177581	0.659177581	0.659177581	0.659177581	0.659177581	0.659177581	0.659177581	0.659177581	0.659177581	0.659177581	0.659177581	0.659177581	0.659177581	0.659177581	0.89567397	0.89567397	0.89567397	0.89567397	0.89567397	0.89567397	0.89567397	0.89567397	0.895451833	0.895451833	0.895451833	0.895451833	0.895451833	0.895451833	0.895451833	0.895451833	0.965349348	0.965349348
NaN	NaN	NaN	NaN	NaN	NaN	NaN	NaN	NaN	NaN	NaN	NaN	NaN	NaN	NaN	NaN	NaN	NaN	NaN	NaN	NaN	NaN	NaN	NaN	NaN	NaN	NaN	NaN	NaN	NaN	NaN	NaN	NaN	NaN	NaN	0.808871399	0.901427269	0.901427269	0.901427269	0.927436443	0.927436443	0.936769474	0.846904469	0.846904469	0.846904469	0.846904469	1.008764461	1.008764461	1.008764461	1.008764461	1.008764461	1.008764461	1.008764461	1.008764461	1.008764461	1.008764461	1.145130839	1.145130839	1.145130839	1.145130839	1.145130839	1.145130839	1.145130839	1.145130839	1.145130839	1.145130839	1.145130839	1.145130839	1.145130839	1.145130839	1.145130839	1.145130839	1.145130839	1.145130839	1.145130839	1.145130839	1.145130839	1.145130839	1.310736932	1.310736932	1.310736932	1.310736932	1.310736932	1.310736932	1.310736932	1.310736932	1.310880195	1.310880195	1.310880195	1.310880195	1.310880195	1.310880195	1.310880195	1.310880195	1.299894754	1.299894754
NaN	NaN	NaN	NaN	NaN	NaN	NaN	NaN	NaN	NaN	NaN	NaN	NaN	NaN	NaN	NaN	NaN	NaN	NaN	NaN	NaN	NaN	NaN	NaN	NaN	NaN	NaN	NaN	NaN	NaN	NaN	NaN	NaN	NaN	NaN	NaN	1.358600623	1.4589414	1.4589414	1.432982555	1.432982555	1.443319217	1.359947903	1.359947903	1.359947903	1.359947903	1.621305082	1.621305082	1.621305082	1.621305082	1.621305082	1.621305082	1.621305082	1.621305082	1.621305082	1.621305082	1.507445648	1.507445648	1.507445648	1.507445648	1.507445648	1.507445648	1.507445648	1.507445648	1.507445648	1.507445648	1.507445648	1.507445648	1.507445648	1.507445648	1.507445648	1.507445648	1.507445648	1.507445648	1.507445648	1.507445648	1.507445648	1.507445648	1.716269499	1.716269499	1.716269499	1.716269499	1.716269499	1.716269499	1.716269499	1.716269499	1.715815489	1.715815489	1.715815489	1.715815489	1.715815489	1.715815489	1.715815489	1.715815489	1.627404518	1.627404518
NaN	NaN	NaN	NaN	NaN	NaN	NaN	NaN	NaN	NaN	NaN	NaN	NaN	NaN	NaN	NaN	NaN	NaN	NaN	NaN	NaN	NaN	NaN	NaN	NaN	NaN	NaN	NaN	NaN	NaN	NaN	NaN	NaN	NaN	NaN	NaN	NaN	1.098442412	1.061076333	0.904754664	0.904754664	0.899925991	0.868595297	0.868595297	0.868595297	0.868595297	0.753965897	0.753965897	0.753965897	0.753965897	0.750530789	0.750530789	0.750530789	0.750530789	0.750530789	0.750530789	0.84516959	0.84516959	0.84516959	0.84516959	0.84516959	0.84516959	0.84516959	0.84516959	0.84516959	0.84516959	0.84516959	0.84516959	0.84516959	0.84516959	0.84516959	0.84516959	0.84516959	0.84516959	0.84516959	0.84516959	0.84516959	0.84516959	0.886839739	0.886839739	0.886839739	0.886839739	0.886839739	0.886839739	0.886839739	0.886839739	0.88665253	0.88665253	0.88665253	0.88665253	0.88665253	0.88665253	0.88665253	0.88665253	0.930349515	0.930349515
NaN	NaN	NaN	NaN	NaN	NaN	NaN	NaN	NaN	NaN	NaN	NaN	NaN	NaN	NaN	NaN	NaN	NaN	NaN	NaN	NaN	NaN	NaN	NaN	NaN	NaN	NaN	NaN	NaN	NaN	NaN	NaN	NaN	NaN	NaN	NaN	NaN	NaN	0.565437921	0.464705543	0.464705543	0.465785151	0.607543609	0.607543609	0.607543609	0.607543609	0.430742124	0.430742124	0.430742124	0.430742124	0.483189298	0.483189298	0.483189298	0.483189298	0.483189298	0.483189298	0.824246572	0.824246572	0.824246572	0.824246572	0.824246572	0.824246572	0.824246572	0.824246572	0.824246572	0.824246572	0.824246572	0.824246572	0.824246572	0.824246572	0.824246572	0.824246572	0.824246572	0.824246572	0.824246572	0.824246572	0.824246572	0.824246572	0.778009299	0.778009299	0.778009299	0.778009299	0.778009299	0.778009299	0.778009299	0.778009299	0.778675115	0.778675115	0.778675115	0.778675115	0.778675115	0.778675115	0.778675115	0.778675115	0.838250383	0.838250383
NaN	NaN	NaN	NaN	NaN	NaN	NaN	NaN	NaN	NaN	NaN	NaN	NaN	NaN	NaN	NaN	NaN	NaN	NaN	NaN	NaN	NaN	NaN	NaN	NaN	NaN	NaN	NaN	NaN	NaN	NaN	NaN	NaN	NaN	NaN	NaN	NaN	NaN	NaN	1.177736531	1.380174857	1.377721204	1.386194394	1.386194394	1.386194394	1.386194394	1.137026426	1.137026426	1.137026426	1.137026426	1.261453452	1.261453452	1.261453452	1.261453452	1.261453452	1.261453452	1.160120554	1.160120554	1.160120554	1.160120554	1.160120554	1.160120554	1.160120554	1.160120554	1.160120554	1.160120554	1.160120554	1.160120554	1.160120554	1.160120554	1.160120554	1.160120554	1.160120554	1.160120554	1.160120554	1.160120554	1.160120554	1.160120554	1.263973598	1.263973598	1.263973598	1.263973598	1.263973598	1.263973598	1.263973598	1.263973598	1.264119302	1.264119302	1.264119302	1.264119302	1.264119302	1.264119302	1.264119302	1.264119302	1.265387736	1.265387736
NaN	NaN	NaN	NaN	NaN	NaN	NaN	NaN	NaN	NaN	NaN	NaN	NaN	NaN	NaN	NaN	NaN	NaN	NaN	NaN	NaN	NaN	NaN	NaN	NaN	NaN	NaN	NaN	NaN	NaN	NaN	NaN	NaN	NaN	NaN	NaN	NaN	NaN	NaN	NaN	1.409031818	1.757035769	1.982288267	1.982288267	1.982288267	1.982288267	1.990981655	1.990981655	1.990981655	1.990981655	1.709195399	1.709195399	1.709195399	1.709195399	1.709195399	1.709195399	1.761870613	1.761870613	1.761870613	1.761870613	1.761870613	1.761870613	1.761870613	1.761870613	1.761870613	1.761870613	1.761870613	1.761870613	1.761870613	1.761870613	1.761870613	1.761870613	1.761870613	1.761870613	1.761870613	1.761870613	1.761870613	1.761870613	1.78073973	1.78073973	1.78073973	1.78073973	1.78073973	1.78073973	1.78073973	1.78073973	1.779515684	1.779515684	1.779515684	1.779515684	1.779515684	1.779515684	1.779515684	1.779515684	1.715386501	1.715386501
NaN	NaN	NaN	NaN	NaN	NaN	NaN	NaN	NaN	NaN	NaN	NaN	NaN	NaN	NaN	NaN	NaN	NaN	NaN	NaN	NaN	NaN	NaN	NaN	NaN	NaN	NaN	NaN	NaN	NaN	NaN	NaN	NaN	NaN	NaN	NaN	NaN	NaN	NaN	NaN	NaN	1.312553883	1.178614971	1.178614971	1.178614971	1.178614971	0.579539314	0.579539314	0.579539314	0.579539314	0.631842212	0.631842212	0.631842212	0.631842212	0.631842212	0.631842212	0.253011748	0.253011748	0.253011748	0.253011748	0.253011748	0.253011748	0.253011748	0.253011748	0.253011748	0.253011748	0.253011748	0.253011748	0.253011748	0.253011748	0.253011748	0.253011748	0.253011748	0.253011748	0.253011748	0.253011748	0.253011748	0.253011748	0.260231454	0.260231454	0.260231454	0.260231454	0.260231454	0.260231454	0.260231454	0.260231454	0.261362135	0.261362135	0.261362135	0.261362135	0.261362135	0.261362135	0.261362135	0.261362135	0.286697908	0.286697908
NaN	NaN	NaN	NaN	NaN	NaN	NaN	NaN	NaN	NaN	NaN	NaN	NaN	NaN	NaN	NaN	NaN	NaN	NaN	NaN	NaN	NaN	NaN	NaN	NaN	NaN	NaN	NaN	NaN	NaN	NaN	NaN	NaN	NaN	NaN	NaN	NaN	NaN	NaN	NaN	NaN	NaN	1.264840706	1.373281372	1.373281372	1.373281372	1.384493992	1.384493992	1.384493992	1.384493992	1.183419901	1.183419901	1.183419901	1.183419901	1.183419901	1.183419901	1.558606013	1.558606013	1.558606013	1.558606013	1.558606013	1.558606013	1.558606013	1.558606013	1.558606013	1.558606013	1.558606013	1.558606013	1.558606013	1.558606013	1.558606013	1.558606013	1.558606013	1.558606013	1.558606013	1.558606013	1.558606013	1.558606013	1.932665585	1.932665585	1.932665585	1.932665585	1.932665585	1.932665585	1.932665585	1.932665585	1.931629369	1.931629369	1.931629369	1.931629369	1.931629369	1.931629369	1.931629369	1.931629369	1.87075585	1.87075585
NaN	NaN	NaN	NaN	NaN	NaN	NaN	NaN	NaN	NaN	NaN	NaN	NaN	NaN	NaN	NaN	NaN	NaN	NaN	NaN	NaN	NaN	NaN	NaN	NaN	NaN	NaN	NaN	NaN	NaN	NaN	NaN	NaN	NaN	NaN	NaN	NaN	NaN	NaN	NaN	NaN	NaN	NaN	0.676968111	0.541513705	0.541513705	0.332080675	0.332080675	0.332080675	0.332080675	0.141117238	0.141117238	0.141117238	0.141117238	0.141117238	0.141117238	-0.114811158	-0.114811158	-0.114811158	-0.114811158	-0.114811158	-0.114811158	-0.114811158	-0.114811158	-0.114811158	-0.114811158	-0.114811158	-0.114811158	-0.114811158	-0.114811158	-0.114811158	-0.114811158	-0.114811158	-0.114811158	-0.114811158	-0.114811158	-0.114811158	-0.114811158	0.083457637	0.083457637	0.083457637	0.083457637	0.083457637	0.083457637	0.083457637	0.083457637	0.084417811	0.084417811	0.084417811	0.084417811	0.084417811	0.084417811	0.084417811	0.084417811	0.127709379	0.127709379
NaN	NaN	NaN	NaN	NaN	NaN	NaN	NaN	NaN	NaN	NaN	NaN	NaN	NaN	NaN	NaN	NaN	NaN	NaN	NaN	NaN	NaN	NaN	NaN	NaN	NaN	NaN	NaN	NaN	NaN	NaN	NaN	NaN	NaN	NaN	NaN	NaN	NaN	NaN	NaN	NaN	NaN	NaN	NaN	0.340951798	0.257951878	0.471881936	0.471881936	0.471881936	0.471881936	0.271902673	0.271902673	0.271902673	0.271902673	0.271902673	0.271902673	0.518143755	0.518143755	0.518143755	0.518143755	0.518143755	0.518143755	0.518143755	0.518143755	0.518143755	0.518143755	0.518143755	0.518143755	0.518143755	0.518143755	0.518143755	0.518143755	0.518143755	0.518143755	0.518143755	0.518143755	0.518143755	0.518143755	0.589319654	0.589319654	0.589319654	0.589319654	0.589319654	0.589319654	0.589319654	0.589319654	0.590703697	0.590703697	0.590703697	0.590703697	0.590703697	0.590703697	0.590703697	0.590703697	0.531293745	0.531293745
NaN	NaN	NaN	NaN	NaN	NaN	NaN	NaN	NaN	NaN	NaN	NaN	NaN	NaN	NaN	NaN	NaN	NaN	NaN	NaN	NaN	NaN	NaN	NaN	NaN	NaN	NaN	NaN	NaN	NaN	NaN	NaN	NaN	NaN	NaN	NaN	NaN	NaN	NaN	NaN	NaN	NaN	NaN	NaN	NaN	0.490613506	0.32835466	0.32835466	0.32835466	0.32835466	-0.15048423	-0.15048423	-0.15048423	-0.15048423	-0.15048423	-0.15048423	-0.055640141	-0.055640141	-0.122449201	-0.122449201	-0.122449201	-0.122449201	-0.122449201	-0.122449201	-0.122449201	-0.122449201	-0.122449201	-0.122449201	-0.122449201	-0.122449201	-0.122449201	-0.122449201	-0.122449201	-0.122449201	-0.122449201	-0.122449201	-0.122449201	-0.122449201	-0.329626442	-0.329626442	-0.329626442	-0.329626442	-0.329626442	-0.329626442	-0.329626442	-0.329626442	-0.329017491	-0.329017491	-0.329017491	-0.329017491	-0.329017491	-0.329017491	-0.329017491	-0.329017491	-0.286642884	-0.286642884
NaN	NaN	NaN	NaN	NaN	NaN	NaN	NaN	NaN	NaN	NaN	NaN	NaN	NaN	NaN	NaN	NaN	NaN	NaN	NaN	NaN	NaN	NaN	NaN	NaN	NaN	NaN	NaN	NaN	NaN	NaN	NaN	NaN	NaN	NaN	NaN	NaN	NaN	NaN	NaN	NaN	NaN	NaN	NaN	NaN	NaN	0.183023796	0.077103483	0.077103483	0.077103483	-0.399501156	-0.399501156	-0.399501156	-0.399501156	-0.399501156	-0.399501156	-0.161024923	-0.161024923	0.306347079	0.306347079	0.306347079	0.306347079	0.306347079	0.306347079	0.306347079	0.306347079	0.306347079	0.306347079	0.306347079	0.306347079	0.306347079	0.306347079	0.306347079	0.306347079	0.306347079	0.306347079	0.306347079	0.306347079	0.65377298	0.65377298	0.65377298	0.65377298	0.65377298	0.65377298	0.65377298	0.65377298	0.652555352	0.652555352	0.652555352	0.652555352	0.652555352	0.652555352	0.652555352	0.652555352	0.529212348	0.529212348
NaN	NaN	NaN	NaN	NaN	NaN	NaN	NaN	NaN	NaN	NaN	NaN	NaN	NaN	NaN	NaN	NaN	NaN	NaN	NaN	NaN	NaN	NaN	NaN	NaN	NaN	NaN	NaN	NaN	NaN	NaN	NaN	NaN	NaN	NaN	NaN	NaN	NaN	NaN	NaN	NaN	NaN	NaN	NaN	NaN	NaN	NaN	-0.088888419	-0.335619361	-0.335619361	-0.072907318	-0.072907318	-0.072907318	-0.072907318	-0.072907318	-0.072907318	-0.321812987	-0.321812987	-0.351924315	-0.351924315	-0.351924315	-0.351924315	-0.351924315	-0.351924315	-0.351924315	-0.351924315	-0.351924315	-0.351924315	-0.351924315	-0.351924315	-0.351924315	-0.351924315	-0.351924315	-0.351924315	-0.351924315	-0.351924315	-0.351924315	-0.351924315	-0.27475206	-0.27475206	-0.27475206	-0.27475206	-0.27475206	-0.27475206	-0.27475206	-0.27475206	-0.275867107	-0.275867107	-0.275867107	-0.275867107	-0.275867107	-0.275867107	-0.275867107	-0.275867107	-0.304881888	-0.304881888
NaN	NaN	NaN	NaN	NaN	NaN	NaN	NaN	NaN	NaN	NaN	NaN	NaN	NaN	NaN	NaN	NaN	NaN	NaN	NaN	NaN	NaN	NaN	NaN	NaN	NaN	NaN	NaN	NaN	NaN	NaN	NaN	NaN	NaN	NaN	NaN	NaN	NaN	NaN	NaN	NaN	NaN	NaN	NaN	NaN	NaN	NaN	NaN	0.05583593	0.409454455	0.67696839	0.67696839	0.67696839	0.67696839	0.67696839	0.67696839	0.497003792	0.497003792	0.393305227	0.393305227	0.393305227	0.393305227	0.393305227	0.393305227	0.393305227	0.393305227	0.393305227	0.393305227	0.393305227	0.393305227	0.393305227	0.393305227	0.393305227	0.393305227	0.393305227	0.393305227	0.393305227	0.393305227	0.35210994	0.35210994	0.35210994	0.35210994	0.35210994	0.35210994	0.35210994	0.35210994	0.348892884	0.348892884	0.348892884	0.348892884	0.348892884	0.348892884	0.348892884	0.348892884	0.245081744	0.245081744
NaN	NaN	NaN	NaN	NaN	NaN	NaN	NaN	NaN	NaN	NaN	NaN	NaN	NaN	NaN	NaN	NaN	NaN	NaN	NaN	NaN	NaN	NaN	NaN	NaN	NaN	NaN	NaN	NaN	NaN	NaN	NaN	NaN	NaN	NaN	NaN	NaN	NaN	NaN	NaN	NaN	NaN	NaN	NaN	NaN	NaN	NaN	NaN	NaN	1.417921125	1.229329902	1.229329902	1.229329902	1.229329902	1.229329902	1.229329902	1.149825308	1.149825308	0.839053331	0.839053331	0.839053331	0.839053331	0.67681643	0.67681643	0.67681643	0.67681643	0.67681643	0.67681643	0.67681643	0.67681643	0.67681643	0.67681643	0.67681643	0.67681643	0.67681643	0.67681643	0.67681643	0.67681643	0.855723132	0.855723132	0.855723132	0.855723132	0.855723132	0.855723132	0.855723132	0.855723132	0.850375793	0.850375793	0.850375793	0.850375793	0.850375793	0.850375793	0.850375793	0.850375793	0.9353843	0.9353843
NaN	NaN	NaN	NaN	NaN	NaN	NaN	NaN	NaN	NaN	NaN	NaN	NaN	NaN	NaN	NaN	NaN	NaN	NaN	NaN	NaN	NaN	NaN	NaN	NaN	NaN	NaN	NaN	NaN	NaN	NaN	NaN	NaN	NaN	NaN	NaN	NaN	NaN	NaN	NaN	NaN	NaN	NaN	NaN	NaN	NaN	NaN	NaN	NaN	NaN	0.263451363	0.311373921	0.311373921	0.311373921	0.311373921	0.311373921	0.470988248	0.470988248	0.589642586	0.589642586	0.589642586	0.589642586	0.542759805	0.542759805	0.542759805	0.542759805	0.542759805	0.542759805	0.542759805	0.542759805	0.542759805	0.542759805	0.542759805	0.542759805	0.542759805	0.542759805	0.542759805	0.542759805	0.529182221	0.529182221	0.529182221	0.529182221	0.529182221	0.529182221	0.529182221	0.529182221	0.53054675	0.53054675	0.53054675	0.53054675	0.53054675	0.53054675	0.53054675	0.53054675	0.545117274	0.545117274
NaN	NaN	NaN	NaN	NaN	NaN	NaN	NaN	NaN	NaN	NaN	NaN	NaN	NaN	NaN	NaN	NaN	NaN	NaN	NaN	NaN	NaN	NaN	NaN	NaN	NaN	NaN	NaN	NaN	NaN	NaN	NaN	NaN	NaN	NaN	NaN	NaN	NaN	NaN	NaN	NaN	NaN	NaN	NaN	NaN	NaN	NaN	NaN	NaN	NaN	NaN	0.77210633	0.987400755	0.987400755	0.987400755	0.987400755	0.825840567	0.825840567	0.641552233	0.641552233	0.641552233	0.641552233	0.587409689	0.587409689	0.587409689	0.587409689	0.587409689	0.587409689	0.587409689	0.587409689	0.587409689	0.587409689	0.587409689	0.587409689	0.587409689	0.587409689	0.587409689	0.587409689	0.497943558	0.497943558	0.497943558	0.497943558	0.497943558	0.497943558	0.497943558	0.497943558	0.506172478	0.506172478	0.506172478	0.506172478	0.506172478	0.506172478	0.506172478	0.506172478	0.479665464	0.479665464
NaN	NaN	NaN	NaN	NaN	NaN	NaN	NaN	NaN	NaN	NaN	NaN	NaN	NaN	NaN	NaN	NaN	NaN	NaN	NaN	NaN	NaN	NaN	NaN	NaN	NaN	NaN	NaN	NaN	NaN	NaN	NaN	NaN	NaN	NaN	NaN	NaN	NaN	NaN	NaN	NaN	NaN	NaN	NaN	NaN	NaN	NaN	NaN	NaN	NaN	NaN	NaN	0.185372483	0.343089613	0.343089613	0.343089613	0.319382012	0.319382012	0.18367473	0.18367473	0.18367473	0.18367473	0.05052882	0.05052882	0.05052882	0.05052882	0.05052882	0.05052882	0.05052882	0.05052882	0.05052882	0.05052882	0.05052882	0.05052882	0.05052882	0.05052882	0.05052882	0.05052882	0.020693937	0.020693937	0.020693937	0.020693937	0.020693937	0.020693937	0.020693937	0.020693937	0.034516681	0.034516681	0.034516681	0.034516681	0.034516681	0.034516681	0.034516681	0.034516681	0.047840245	0.047840245
NaN	NaN	NaN	NaN	NaN	NaN	NaN	NaN	NaN	NaN	NaN	NaN	NaN	NaN	NaN	NaN	NaN	NaN	NaN	NaN	NaN	NaN	NaN	NaN	NaN	NaN	NaN	NaN	NaN	NaN	NaN	NaN	NaN	NaN	NaN	NaN	NaN	NaN	NaN	NaN	NaN	NaN	NaN	NaN	NaN	NaN	NaN	NaN	NaN	NaN	NaN	NaN	NaN	0.396347417	0.354480135	0.354480135	0.486962948	0.486962948	0.477356064	0.477356064	0.477356064	0.477356064	0.423042579	0.423042579	0.423042579	0.423042579	0.298687777	0.298687777	0.298687777	0.298687777	0.298687777	0.298687777	0.298687777	0.298687777	0.298687777	0.298687777	0.298687777	0.298687777	0.40439555	0.40439555	0.40439555	0.40439555	0.40439555	0.40439555	0.40439555	0.40439555	0.415851134	0.415851134	0.415851134	0.415851134	0.415851134	0.415851134	0.415851134	0.415851134	0.505550968	0.505550968
NaN	NaN	NaN	NaN	NaN	NaN	NaN	NaN	NaN	NaN	NaN	NaN	NaN	NaN	NaN	NaN	NaN	NaN	NaN	NaN	NaN	NaN	NaN	NaN	NaN	NaN	NaN	NaN	NaN	NaN	NaN	NaN	NaN	NaN	NaN	NaN	NaN	NaN	NaN	NaN	NaN	NaN	NaN	NaN	NaN	NaN	NaN	NaN	NaN	NaN	NaN	NaN	NaN	NaN	0.585593607	0.807036192	0.760051857	0.760051857	1.006270764	1.006270764	1.006270764	1.006270764	0.901375831	0.901375831	0.901375831	0.901375831	0.852567029	0.852567029	0.852567029	0.852567029	0.852567029	0.852567029	0.852567029	0.852567029	0.852567029	0.852567029	0.852567029	0.852567029	0.794547574	0.794547574	0.794547574	0.794547574	0.794547574	0.794547574	0.794547574	0.794547574	0.843590841	0.843590841	0.843590841	0.843590841	0.843590841	0.843590841	0.843590841	0.843590841	0.941169038	0.941169038
NaN	NaN	NaN	NaN	NaN	NaN	NaN	NaN	NaN	NaN	NaN	NaN	NaN	NaN	NaN	NaN	NaN	NaN	NaN	NaN	NaN	NaN	NaN	NaN	NaN	NaN	NaN	NaN	NaN	NaN	NaN	NaN	NaN	NaN	NaN	NaN	NaN	NaN	NaN	NaN	NaN	NaN	NaN	NaN	NaN	NaN	NaN	NaN	NaN	NaN	NaN	NaN	NaN	NaN	NaN	1.727571199	1.971057104	1.971057104	1.786157446	1.786157446	1.786157446	1.786157446	1.748965434	1.748965434	1.748965434	1.748965434	1.80487545	1.80487545	1.80487545	1.80487545	1.80487545	1.80487545	1.80487545	1.80487545	1.80487545	1.80487545	1.80487545	1.80487545	1.662607677	1.662607677	1.662607677	1.662607677	1.662607677	1.662607677	1.662607677	1.662607677	1.632606546	1.632606546	1.632606546	1.632606546	1.632606546	1.632606546	1.632606546	1.632606546	1.675389225	1.675389225
NaN	NaN	NaN	NaN	NaN	NaN	NaN	NaN	NaN	NaN	NaN	NaN	NaN	NaN	NaN	NaN	NaN	NaN	NaN	NaN	NaN	NaN	NaN	NaN	NaN	NaN	NaN	NaN	NaN	NaN	NaN	NaN	NaN	NaN	NaN	NaN	NaN	NaN	NaN	NaN	NaN	NaN	NaN	NaN	NaN	NaN	NaN	NaN	NaN	NaN	NaN	NaN	NaN	NaN	NaN	NaN	0.986248049	1.014553674	1.025016693	1.025016693	1.025016693	1.025016693	0.876951134	0.876951134	0.876951134	0.876951134	0.654665254	0.654665254	0.654665254	0.654665254	0.654665254	0.654665254	0.654665254	0.654665254	0.654665254	0.654665254	0.654665254	0.654665254	0.894981848	0.894981848	0.894981848	0.894981848	0.894981848	0.894981848	0.894981848	0.894981848	0.900324405	0.900324405	0.900324405	0.900324405	0.900324405	0.900324405	0.900324405	0.900324405	1.127905577	1.127905577
NaN	NaN	NaN	NaN	NaN	NaN	NaN	NaN	NaN	NaN	NaN	NaN	NaN	NaN	NaN	NaN	NaN	NaN	NaN	NaN	NaN	NaN	NaN	NaN	NaN	NaN	NaN	NaN	NaN	NaN	NaN	NaN	NaN	NaN	NaN	NaN	NaN	NaN	NaN	NaN	NaN	NaN	NaN	NaN	NaN	NaN	NaN	NaN	NaN	NaN	NaN	NaN	NaN	NaN	NaN	NaN	NaN	1.018372193	1.09784825	1.09784825	1.09784825	1.09784825	1.040970608	1.040970608	1.040970608	1.040970608	0.944224042	0.944224042	0.944224042	0.944224042	0.72915899	0.72915899	0.72915899	0.72915899	0.72915899	0.72915899	0.72915899	0.72915899	0.701687584	0.701687584	0.701687584	0.701687584	0.701687584	0.701687584	0.701687584	0.701687584	0.656554425	0.656554425	0.656554425	0.656554425	0.656554425	0.656554425	0.656554425	0.656554425	0.596338974	0.596338974
NaN	NaN	NaN	NaN	NaN	NaN	NaN	NaN	NaN	NaN	NaN	NaN	NaN	NaN	NaN	NaN	NaN	NaN	NaN	NaN	NaN	NaN	NaN	NaN	NaN	NaN	NaN	NaN	NaN	NaN	NaN	NaN	NaN	NaN	NaN	NaN	NaN	NaN	NaN	NaN	NaN	NaN	NaN	NaN	NaN	NaN	NaN	NaN	NaN	NaN	NaN	NaN	NaN	NaN	NaN	NaN	NaN	NaN	0.74969502	0.811839373	0.811839373	0.811839373	0.859429401	0.859429401	0.859429401	0.859429401	0.99069452	0.99069452	0.99069452	0.99069452	0.855618173	0.855618173	0.855618173	0.855618173	0.855618173	0.855618173	0.855618173	0.855618173	0.708261319	0.708261319	0.708261319	0.708261319	0.708261319	0.708261319	0.708261319	0.708261319	0.641613138	0.641613138	0.641613138	0.641613138	0.641613138	0.641613138	0.641613138	0.641613138	0.762158075	0.762158075
NaN	NaN	NaN	NaN	NaN	NaN	NaN	NaN	NaN	NaN	NaN	NaN	NaN	NaN	NaN	NaN	NaN	NaN	NaN	NaN	NaN	NaN	NaN	NaN	NaN	NaN	NaN	NaN	NaN	NaN	NaN	NaN	NaN	NaN	NaN	NaN	NaN	NaN	NaN	NaN	NaN	NaN	NaN	NaN	NaN	NaN	NaN	NaN	NaN	NaN	NaN	NaN	NaN	NaN	NaN	NaN	NaN	NaN	NaN	0.911022957	0.980829705	0.980829705	0.97430232	0.97430232	0.97430232	0.97430232	0.763604771	0.763604771	0.763604771	0.763604771	0.884717116	0.884717116	0.884717116	0.884717116	0.884717116	0.884717116	0.884717116	0.884717116	0.731731473	0.731731473	0.731731473	0.731731473	0.731731473	0.731731473	0.731731473	0.731731473	0.741754686	0.741754686	0.741754686	0.741754686	0.741754686	0.741754686	0.741754686	0.741754686	0.873589975	0.873589975
NaN	NaN	NaN	NaN	NaN	NaN	NaN	NaN	NaN	NaN	NaN	NaN	NaN	NaN	NaN	NaN	NaN	NaN	NaN	NaN	NaN	NaN	NaN	NaN	NaN	NaN	NaN	NaN	NaN	NaN	NaN	NaN	NaN	NaN	NaN	NaN	NaN	NaN	NaN	NaN	NaN	NaN	NaN	NaN	NaN	NaN	NaN	NaN	NaN	NaN	NaN	NaN	NaN	NaN	NaN	NaN	NaN	NaN	NaN	NaN	0.774697815	0.944019658	0.812682995	0.812682995	0.812682995	0.812682995	0.645157548	0.645157548	0.645157548	0.645157548	0.629035156	0.629035156	0.629035156	0.629035156	0.629035156	0.629035156	0.629035156	0.629035156	0.864299823	0.864299823	0.864299823	0.864299823	0.864299823	0.864299823	0.864299823	0.864299823	0.814630486	0.814630486	0.814630486	0.814630486	0.814630486	0.814630486	0.814630486	0.814630486	0.840217048	0.840217048
NaN	NaN	NaN	NaN	NaN	NaN	NaN	NaN	NaN	NaN	NaN	NaN	NaN	NaN	NaN	NaN	NaN	NaN	NaN	NaN	NaN	NaN	NaN	NaN	NaN	NaN	NaN	NaN	NaN	NaN	NaN	NaN	NaN	NaN	NaN	NaN	NaN	NaN	NaN	NaN	NaN	NaN	NaN	NaN	NaN	NaN	NaN	NaN	NaN	NaN	NaN	NaN	NaN	NaN	NaN	NaN	NaN	NaN	NaN	NaN	NaN	0.760225657	0.933493562	0.933493562	0.933493562	0.933493562	0.836378382	0.836378382	0.836378382	0.836378382	0.756642656	0.756642656	0.756642656	0.756642656	0.732739226	0.732739226	0.732739226	0.732739226	0.992615709	0.992615709	0.992615709	0.992615709	0.992615709	0.992615709	0.992615709	0.992615709	1.026424348	1.026424348	1.026424348	1.026424348	1.026424348	1.026424348	1.026424348	1.026424348	1.087436156	1.087436156
NaN	NaN	NaN	NaN	NaN	NaN	NaN	NaN	NaN	NaN	NaN	NaN	NaN	NaN	NaN	NaN	NaN	NaN	NaN	NaN	NaN	NaN	NaN	NaN	NaN	NaN	NaN	NaN	NaN	NaN	NaN	NaN	NaN	NaN	NaN	NaN	NaN	NaN	NaN	NaN	NaN	NaN	NaN	NaN	NaN	NaN	NaN	NaN	NaN	NaN	NaN	NaN	NaN	NaN	NaN	NaN	NaN	NaN	NaN	NaN	NaN	NaN	0.839249334	0.814002729	0.814002729	0.814002729	0.803085227	0.803085227	0.803085227	0.803085227	0.693464362	0.693464362	0.693464362	0.693464362	0.644309095	0.644309095	0.644309095	0.644309095	0.425132797	0.425132797	0.425132797	0.425132797	0.425132797	0.425132797	0.425132797	0.425132797	0.444078431	0.444078431	0.444078431	0.444078431	0.444078431	0.444078431	0.444078431	0.444078431	0.544605871	0.544605871
NaN	NaN	NaN	NaN	NaN	NaN	NaN	NaN	NaN	NaN	NaN	NaN	NaN	NaN	NaN	NaN	NaN	NaN	NaN	NaN	NaN	NaN	NaN	NaN	NaN	NaN	NaN	NaN	NaN	NaN	NaN	NaN	NaN	NaN	NaN	NaN	NaN	NaN	NaN	NaN	NaN	NaN	NaN	NaN	NaN	NaN	NaN	NaN	NaN	NaN	NaN	NaN	NaN	NaN	NaN	NaN	NaN	NaN	NaN	NaN	NaN	NaN	NaN	0.933478936	1.014745266	1.014745266	1.024564845	1.024564845	1.024564845	1.024564845	1.091329311	1.091329311	1.091329311	1.091329311	0.944719953	0.944719953	0.944719953	0.944719953	0.757402506	0.757402506	0.757402506	0.757402506	0.757402506	0.757402506	0.757402506	0.757402506	0.790774766	0.790774766	0.790774766	0.790774766	0.790774766	0.790774766	0.790774766	0.790774766	0.812787008	0.812787008
NaN	NaN	NaN	NaN	NaN	NaN	NaN	NaN	NaN	NaN	NaN	NaN	NaN	NaN	NaN	NaN	NaN	NaN	NaN	NaN	NaN	NaN	NaN	NaN	NaN	NaN	NaN	NaN	NaN	NaN	NaN	NaN	NaN	NaN	NaN	NaN	NaN	NaN	NaN	NaN	NaN	NaN	NaN	NaN	NaN	NaN	NaN	NaN	NaN	NaN	NaN	NaN	NaN	NaN	NaN	NaN	NaN	NaN	NaN	NaN	NaN	NaN	NaN	NaN	0.278127101	0.409789176	0.437185656	0.437185656	0.437185656	0.437185656	0.296643817	0.296643817	0.296643817	0.296643817	0.326164338	0.326164338	0.326164338	0.326164338	0.515102252	0.515102252	0.515102252	0.515102252	0.515102252	0.515102252	0.515102252	0.515102252	0.512476472	0.512476472	0.512476472	0.512476472	0.512476472	0.512476472	0.512476472	0.512476472	0.551895878	0.551895878
NaN	NaN	NaN	NaN	NaN	NaN	NaN	NaN	NaN	NaN	NaN	NaN	NaN	NaN	NaN	NaN	NaN	NaN	NaN	NaN	NaN	NaN	NaN	NaN	NaN	NaN	NaN	NaN	NaN	NaN	NaN	NaN	NaN	NaN	NaN	NaN	NaN	NaN	NaN	NaN	NaN	NaN	NaN	NaN	NaN	NaN	NaN	NaN	NaN	NaN	NaN	NaN	NaN	NaN	NaN	NaN	NaN	NaN	NaN	NaN	NaN	NaN	NaN	NaN	NaN	1.176343786	1.357660021	1.357660021	1.357660021	1.357660021	1.176963273	1.176963273	1.176963273	1.176963273	1.176515808	1.176515808	1.176515808	1.176515808	1.302980491	1.302980491	1.302980491	1.302980491	1.302980491	1.302980491	1.302980491	1.302980491	1.254698108	1.254698108	1.254698108	1.254698108	1.254698108	1.254698108	1.254698108	1.254698108	1.206167107	1.206167107
NaN	NaN	NaN	NaN	NaN	NaN	NaN	NaN	NaN	NaN	NaN	NaN	NaN	NaN	NaN	NaN	NaN	NaN	NaN	NaN	NaN	NaN	NaN	NaN	NaN	NaN	NaN	NaN	NaN	NaN	NaN	NaN	NaN	NaN	NaN	NaN	NaN	NaN	NaN	NaN	NaN	NaN	NaN	NaN	NaN	NaN	NaN	NaN	NaN	NaN	NaN	NaN	NaN	NaN	NaN	NaN	NaN	NaN	NaN	NaN	NaN	NaN	NaN	NaN	NaN	NaN	0.607004864	0.631594956	0.631594956	0.631594956	0.603229095	0.603229095	0.603229095	0.603229095	0.661071313	0.661071313	0.661071313	0.661071313	0.360146302	0.360146302	0.360146302	0.360146302	0.360146302	0.360146302	0.360146302	0.360146302	0.404719435	0.404719435	0.404719435	0.404719435	0.404719435	0.404719435	0.404719435	0.404719435	0.310248035	0.310248035
NaN	NaN	NaN	NaN	NaN	NaN	NaN	NaN	NaN	NaN	NaN	NaN	NaN	NaN	NaN	NaN	NaN	NaN	NaN	NaN	NaN	NaN	NaN	NaN	NaN	NaN	NaN	NaN	NaN	NaN	NaN	NaN	NaN	NaN	NaN	NaN	NaN	NaN	NaN	NaN	NaN	NaN	NaN	NaN	NaN	NaN	NaN	NaN	NaN	NaN	NaN	NaN	NaN	NaN	NaN	NaN	NaN	NaN	NaN	NaN	NaN	NaN	NaN	NaN	NaN	NaN	NaN	0.392621336	0.485293267	0.485293267	0.264978029	0.264978029	0.264978029	0.264978029	0.198179293	0.198179293	0.198179293	0.198179293	0.026226069	0.026226069	0.026226069	0.026226069	0.026226069	0.026226069	0.026226069	0.026226069	0.013127869	0.013127869	0.013127869	0.013127869	0.013127869	0.013127869	0.013127869	0.013127869	0.08768325	0.08768325
NaN	NaN	NaN	NaN	NaN	NaN	NaN	NaN	NaN	NaN	NaN	NaN	NaN	NaN	NaN	NaN	NaN	NaN	NaN	NaN	NaN	NaN	NaN	NaN	NaN	NaN	NaN	NaN	NaN	NaN	NaN	NaN	NaN	NaN	NaN	NaN	NaN	NaN	NaN	NaN	NaN	NaN	NaN	NaN	NaN	NaN	NaN	NaN	NaN	NaN	NaN	NaN	NaN	NaN	NaN	NaN	NaN	NaN	NaN	NaN	NaN	NaN	NaN	NaN	NaN	NaN	NaN	NaN	0.853601643	0.605494848	0.517328997	0.517328997	0.517328997	0.517328997	0.373172617	0.373172617	0.373172617	0.373172617	0.728488694	0.728488694	0.728488694	0.728488694	0.728488694	0.728488694	0.728488694	0.728488694	0.677217388	0.677217388	0.677217388	0.677217388	0.677217388	0.677217388	0.677217388	0.677217388	0.777555857	0.777555857
NaN	NaN	NaN	NaN	NaN	NaN	NaN	NaN	NaN	NaN	NaN	NaN	NaN	NaN	NaN	NaN	NaN	NaN	NaN	NaN	NaN	NaN	NaN	NaN	NaN	NaN	NaN	NaN	NaN	NaN	NaN	NaN	NaN	NaN	NaN	NaN	NaN	NaN	NaN	NaN	NaN	NaN	NaN	NaN	NaN	NaN	NaN	NaN	NaN	NaN	NaN	NaN	NaN	NaN	NaN	NaN	NaN	NaN	NaN	NaN	NaN	NaN	NaN	NaN	NaN	NaN	NaN	NaN	NaN	0.313068016	0.149946758	0.149946758	0.149946758	0.149946758	0.012327091	0.012327091	0.012327091	0.012327091	0.29968754	0.29968754	0.29968754	0.29968754	0.218738137	0.218738137	0.218738137	0.218738137	0.135660792	0.135660792	0.135660792	0.135660792	0.135660792	0.135660792	0.135660792	0.135660792	0.065882196	0.065882196
NaN	NaN	NaN	NaN	NaN	NaN	NaN	NaN	NaN	NaN	NaN	NaN	NaN	NaN	NaN	NaN	NaN	NaN	NaN	NaN	NaN	NaN	NaN	NaN	NaN	NaN	NaN	NaN	NaN	NaN	NaN	NaN	NaN	NaN	NaN	NaN	NaN	NaN	NaN	NaN	NaN	NaN	NaN	NaN	NaN	NaN	NaN	NaN	NaN	NaN	NaN	NaN	NaN	NaN	NaN	NaN	NaN	NaN	NaN	NaN	NaN	NaN	NaN	NaN	NaN	NaN	NaN	NaN	NaN	NaN	0.831574784	0.937532758	0.937532758	0.937532758	1.169419695	1.169419695	1.169419695	1.169419695	0.79152174	0.79152174	0.79152174	0.79152174	0.797465742	0.797465742	0.797465742	0.797465742	0.895936942	0.895936942	0.895936942	0.895936942	0.895936942	0.895936942	0.895936942	0.895936942	0.76700771	0.76700771
NaN	NaN	NaN	NaN	NaN	NaN	NaN	NaN	NaN	NaN	NaN	NaN	NaN	NaN	NaN	NaN	NaN	NaN	NaN	NaN	NaN	NaN	NaN	NaN	NaN	NaN	NaN	NaN	NaN	NaN	NaN	NaN	NaN	NaN	NaN	NaN	NaN	NaN	NaN	NaN	NaN	NaN	NaN	NaN	NaN	NaN	NaN	NaN	NaN	NaN	NaN	NaN	NaN	NaN	NaN	NaN	NaN	NaN	NaN	NaN	NaN	NaN	NaN	NaN	NaN	NaN	NaN	NaN	NaN	NaN	NaN	0.95548181	1.197650106	1.197650106	1.161923519	1.161923519	1.161923519	1.161923519	0.882943029	0.882943029	0.882943029	0.882943029	0.562304505	0.562304505	0.562304505	0.562304505	0.727594972	0.727594972	0.727594972	0.727594972	0.727594972	0.727594972	0.727594972	0.727594972	0.671526547	0.671526547
NaN	NaN	NaN	NaN	NaN	NaN	NaN	NaN	NaN	NaN	NaN	NaN	NaN	NaN	NaN	NaN	NaN	NaN	NaN	NaN	NaN	NaN	NaN	NaN	NaN	NaN	NaN	NaN	NaN	NaN	NaN	NaN	NaN	NaN	NaN	NaN	NaN	NaN	NaN	NaN	NaN	NaN	NaN	NaN	NaN	NaN	NaN	NaN	NaN	NaN	NaN	NaN	NaN	NaN	NaN	NaN	NaN	NaN	NaN	NaN	NaN	NaN	NaN	NaN	NaN	NaN	NaN	NaN	NaN	NaN	NaN	NaN	0.158551303	0.143992208	-0.043017414	-0.043017414	-0.043017414	-0.043017414	0.524853052	0.524853052	0.524853052	0.524853052	0.713430482	0.713430482	0.713430482	0.713430482	0.42262375	0.42262375	0.42262375	0.42262375	0.42262375	0.42262375	0.42262375	0.42262375	0.364759103	0.364759103
NaN	NaN	NaN	NaN	NaN	NaN	NaN	NaN	NaN	NaN	NaN	NaN	NaN	NaN	NaN	NaN	NaN	NaN	NaN	NaN	NaN	NaN	NaN	NaN	NaN	NaN	NaN	NaN	NaN	NaN	NaN	NaN	NaN	NaN	NaN	NaN	NaN	NaN	NaN	NaN	NaN	NaN	NaN	NaN	NaN	NaN	NaN	NaN	NaN	NaN	NaN	NaN	NaN	NaN	NaN	NaN	NaN	NaN	NaN	NaN	NaN	NaN	NaN	NaN	NaN	NaN	NaN	NaN	NaN	NaN	NaN	NaN	NaN	0.148916532	0.217478284	0.217478284	0.217478284	0.217478284	-0.181627296	-0.181627296	-0.181627296	-0.181627296	-0.182004117	-0.182004117	-0.182004117	-0.182004117	-0.445234032	-0.445234032	-0.445234032	-0.445234032	-0.445234032	-0.445234032	-0.445234032	-0.445234032	-0.673772684	-0.673772684
NaN	NaN	NaN	NaN	NaN	NaN	NaN	NaN	NaN	NaN	NaN	NaN	NaN	NaN	NaN	NaN	NaN	NaN	NaN	NaN	NaN	NaN	NaN	NaN	NaN	NaN	NaN	NaN	NaN	NaN	NaN	NaN	NaN	NaN	NaN	NaN	NaN	NaN	NaN	NaN	NaN	NaN	NaN	NaN	NaN	NaN	NaN	NaN	NaN	NaN	NaN	NaN	NaN	NaN	NaN	NaN	NaN	NaN	NaN	NaN	NaN	NaN	NaN	NaN	NaN	NaN	NaN	NaN	NaN	NaN	NaN	NaN	NaN	NaN	0.467734913	0.69652108	0.69652108	0.69652108	0.36143448	0.36143448	0.36143448	0.36143448	0.148324633	0.148324633	0.148324633	0.148324633	0.328852362	0.328852362	0.328852362	0.328852362	0.328852362	0.328852362	0.328852362	0.328852362	0.494231634	0.494231634
NaN	NaN	NaN	NaN	NaN	NaN	NaN	NaN	NaN	NaN	NaN	NaN	NaN	NaN	NaN	NaN	NaN	NaN	NaN	NaN	NaN	NaN	NaN	NaN	NaN	NaN	NaN	NaN	NaN	NaN	NaN	NaN	NaN	NaN	NaN	NaN	NaN	NaN	NaN	NaN	NaN	NaN	NaN	NaN	NaN	NaN	NaN	NaN	NaN	NaN	NaN	NaN	NaN	NaN	NaN	NaN	NaN	NaN	NaN	NaN	NaN	NaN	NaN	NaN	NaN	NaN	NaN	NaN	NaN	NaN	NaN	NaN	NaN	NaN	NaN	-0.063120007	-0.127987458	-0.127987458	-0.678389581	-0.678389581	-0.678389581	-0.678389581	-1.019476525	-1.019476525	-1.019476525	-1.019476525	-0.932928487	-0.932928487	-0.932928487	-0.932928487	-0.932928487	-0.932928487	-0.932928487	-0.932928487	-0.496245698	-0.496245698
NaN	NaN	NaN	NaN	NaN	NaN	NaN	NaN	NaN	NaN	NaN	NaN	NaN	NaN	NaN	NaN	NaN	NaN	NaN	NaN	NaN	NaN	NaN	NaN	NaN	NaN	NaN	NaN	NaN	NaN	NaN	NaN	NaN	NaN	NaN	NaN	NaN	NaN	NaN	NaN	NaN	NaN	NaN	NaN	NaN	NaN	NaN	NaN	NaN	NaN	NaN	NaN	NaN	NaN	NaN	NaN	NaN	NaN	NaN	NaN	NaN	NaN	NaN	NaN	NaN	NaN	NaN	NaN	NaN	NaN	NaN	NaN	NaN	NaN	NaN	NaN	-0.9694737	-1.638117932	-1.380635158	-1.380635158	-1.380635158	-1.380635158	-1.753092515	-1.753092515	-1.753092515	-1.753092515	-2.327648968	-2.327648968	-2.327648968	-2.327648968	-2.327648968	-2.327648968	-2.327648968	-2.327648968	-2.17520122	-2.17520122
NaN	NaN	NaN	NaN	NaN	NaN	NaN	NaN	NaN	NaN	NaN	NaN	NaN	NaN	NaN	NaN	NaN	NaN	NaN	NaN	NaN	NaN	NaN	NaN	NaN	NaN	NaN	NaN	NaN	NaN	NaN	NaN	NaN	NaN	NaN	NaN	NaN	NaN	NaN	NaN	NaN	NaN	NaN	NaN	NaN	NaN	NaN	NaN	NaN	NaN	NaN	NaN	NaN	NaN	NaN	NaN	NaN	NaN	NaN	NaN	NaN	NaN	NaN	NaN	NaN	NaN	NaN	NaN	NaN	NaN	NaN	NaN	NaN	NaN	NaN	NaN	NaN	-1.585127009	-1.661123156	-1.661123156	-1.661123156	-1.661123156	-1.247581648	-1.247581648	-1.247581648	-1.247581648	-1.72472735	-1.72472735	-1.72472735	-1.72472735	-1.347966258	-1.347966258	-1.347966258	-1.347966258	-1.399146041	-1.399146041
NaN	NaN	NaN	NaN	NaN	NaN	NaN	NaN	NaN	NaN	NaN	NaN	NaN	NaN	NaN	NaN	NaN	NaN	NaN	NaN	NaN	NaN	NaN	NaN	NaN	NaN	NaN	NaN	NaN	NaN	NaN	NaN	NaN	NaN	NaN	NaN	NaN	NaN	NaN	NaN	NaN	NaN	NaN	NaN	NaN	NaN	NaN	NaN	NaN	NaN	NaN	NaN	NaN	NaN	NaN	NaN	NaN	NaN	NaN	NaN	NaN	NaN	NaN	NaN	NaN	NaN	NaN	NaN	NaN	NaN	NaN	NaN	NaN	NaN	NaN	NaN	NaN	NaN	-0.255637723	-0.185078401	-0.185078401	-0.185078401	-0.176269223	-0.176269223	-0.176269223	-0.176269223	-0.173091786	-0.173091786	-0.173091786	-0.173091786	-0.078702979	-0.078702979	-0.078702979	-0.078702979	-0.105816432	-0.105816432
NaN	NaN	NaN	NaN	NaN	NaN	NaN	NaN	NaN	NaN	NaN	NaN	NaN	NaN	NaN	NaN	NaN	NaN	NaN	NaN	NaN	NaN	NaN	NaN	NaN	NaN	NaN	NaN	NaN	NaN	NaN	NaN	NaN	NaN	NaN	NaN	NaN	NaN	NaN	NaN	NaN	NaN	NaN	NaN	NaN	NaN	NaN	NaN	NaN	NaN	NaN	NaN	NaN	NaN	NaN	NaN	NaN	NaN	NaN	NaN	NaN	NaN	NaN	NaN	NaN	NaN	NaN	NaN	NaN	NaN	NaN	NaN	NaN	NaN	NaN	NaN	NaN	NaN	NaN	0.86821174	0.552669091	0.552669091	0.395780936	0.395780936	0.395780936	0.395780936	0.419959726	0.419959726	0.419959726	0.419959726	0.359168405	0.359168405	0.359168405	0.359168405	0.317113975	0.317113975
NaN	NaN	NaN	NaN	NaN	NaN	NaN	NaN	NaN	NaN	NaN	NaN	NaN	NaN	NaN	NaN	NaN	NaN	NaN	NaN	NaN	NaN	NaN	NaN	NaN	NaN	NaN	NaN	NaN	NaN	NaN	NaN	NaN	NaN	NaN	NaN	NaN	NaN	NaN	NaN	NaN	NaN	NaN	NaN	NaN	NaN	NaN	NaN	NaN	NaN	NaN	NaN	NaN	NaN	NaN	NaN	NaN	NaN	NaN	NaN	NaN	NaN	NaN	NaN	NaN	NaN	NaN	NaN	NaN	NaN	NaN	NaN	NaN	NaN	NaN	NaN	NaN	NaN	NaN	NaN	1.39316399	1.35134605	1.222590364	1.222590364	1.222590364	1.222590364	0.933047384	0.933047384	0.933047384	0.933047384	0.986744827	0.986744827	0.986744827	0.986744827	0.951542454	0.951542454
NaN	NaN	NaN	NaN	NaN	NaN	NaN	NaN	NaN	NaN	NaN	NaN	NaN	NaN	NaN	NaN	NaN	NaN	NaN	NaN	NaN	NaN	NaN	NaN	NaN	NaN	NaN	NaN	NaN	NaN	NaN	NaN	NaN	NaN	NaN	NaN	NaN	NaN	NaN	NaN	NaN	NaN	NaN	NaN	NaN	NaN	NaN	NaN	NaN	NaN	NaN	NaN	NaN	NaN	NaN	NaN	NaN	NaN	NaN	NaN	NaN	NaN	NaN	NaN	NaN	NaN	NaN	NaN	NaN	NaN	NaN	NaN	NaN	NaN	NaN	NaN	NaN	NaN	NaN	NaN	NaN	0.796847143	0.915985577	0.915985577	0.915985577	0.915985577	0.964622721	0.964622721	0.964622721	0.964622721	0.577057994	0.577057994	0.577057994	0.577057994	0.394675489	0.394675489
NaN	NaN	NaN	NaN	NaN	NaN	NaN	NaN	NaN	NaN	NaN	NaN	NaN	NaN	NaN	NaN	NaN	NaN	NaN	NaN	NaN	NaN	NaN	NaN	NaN	NaN	NaN	NaN	NaN	NaN	NaN	NaN	NaN	NaN	NaN	NaN	NaN	NaN	NaN	NaN	NaN	NaN	NaN	NaN	NaN	NaN	NaN	NaN	NaN	NaN	NaN	NaN	NaN	NaN	NaN	NaN	NaN	NaN	NaN	NaN	NaN	NaN	NaN	NaN	NaN	NaN	NaN	NaN	NaN	NaN	NaN	NaN	NaN	NaN	NaN	NaN	NaN	NaN	NaN	NaN	NaN	NaN	0.589636431	0.426070661	0.426070661	0.426070661	0.929373289	0.929373289	0.929373289	0.929373289	0.554547156	0.554547156	0.554547156	0.554547156	0.956521029	0.956521029
NaN	NaN	NaN	NaN	NaN	NaN	NaN	NaN	NaN	NaN	NaN	NaN	NaN	NaN	NaN	NaN	NaN	NaN	NaN	NaN	NaN	NaN	NaN	NaN	NaN	NaN	NaN	NaN	NaN	NaN	NaN	NaN	NaN	NaN	NaN	NaN	NaN	NaN	NaN	NaN	NaN	NaN	NaN	NaN	NaN	NaN	NaN	NaN	NaN	NaN	NaN	NaN	NaN	NaN	NaN	NaN	NaN	NaN	NaN	NaN	NaN	NaN	NaN	NaN	NaN	NaN	NaN	NaN	NaN	NaN	NaN	NaN	NaN	NaN	NaN	NaN	NaN	NaN	NaN	NaN	NaN	NaN	NaN	0.497438241	0.631579456	0.631579456	0.619130846	0.619130846	0.619130846	0.619130846	0.642345575	0.642345575	0.642345575	0.642345575	0.684987447	0.684987447
NaN	NaN	NaN	NaN	NaN	NaN	NaN	NaN	NaN	NaN	NaN	NaN	NaN	NaN	NaN	NaN	NaN	NaN	NaN	NaN	NaN	NaN	NaN	NaN	NaN	NaN	NaN	NaN	NaN	NaN	NaN	NaN	NaN	NaN	NaN	NaN	NaN	NaN	NaN	NaN	NaN	NaN	NaN	NaN	NaN	NaN	NaN	NaN	NaN	NaN	NaN	NaN	NaN	NaN	NaN	NaN	NaN	NaN	NaN	NaN	NaN	NaN	NaN	NaN	NaN	NaN	NaN	NaN	NaN	NaN	NaN	NaN	NaN	NaN	NaN	NaN	NaN	NaN	NaN	NaN	NaN	NaN	NaN	NaN	0.780916984	0.766718436	0.580521214	0.580521214	0.580521214	0.580521214	0.591220188	0.591220188	0.591220188	0.591220188	0.692374256	0.692374256
NaN	NaN	NaN	NaN	NaN	NaN	NaN	NaN	NaN	NaN	NaN	NaN	NaN	NaN	NaN	NaN	NaN	NaN	NaN	NaN	NaN	NaN	NaN	NaN	NaN	NaN	NaN	NaN	NaN	NaN	NaN	NaN	NaN	NaN	NaN	NaN	NaN	NaN	NaN	NaN	NaN	NaN	NaN	NaN	NaN	NaN	NaN	NaN	NaN	NaN	NaN	NaN	NaN	NaN	NaN	NaN	NaN	NaN	NaN	NaN	NaN	NaN	NaN	NaN	NaN	NaN	NaN	NaN	NaN	NaN	NaN	NaN	NaN	NaN	NaN	NaN	NaN	NaN	NaN	NaN	NaN	NaN	NaN	NaN	NaN	0.433267517	0.089245203	0.089245203	0.089245203	0.089245203	0.019723118	0.019723118	0.019723118	0.019723118	-0.324436208	-0.324436208
NaN	NaN	NaN	NaN	NaN	NaN	NaN	NaN	NaN	NaN	NaN	NaN	NaN	NaN	NaN	NaN	NaN	NaN	NaN	NaN	NaN	NaN	NaN	NaN	NaN	NaN	NaN	NaN	NaN	NaN	NaN	NaN	NaN	NaN	NaN	NaN	NaN	NaN	NaN	NaN	NaN	NaN	NaN	NaN	NaN	NaN	NaN	NaN	NaN	NaN	NaN	NaN	NaN	NaN	NaN	NaN	NaN	NaN	NaN	NaN	NaN	NaN	NaN	NaN	NaN	NaN	NaN	NaN	NaN	NaN	NaN	NaN	NaN	NaN	NaN	NaN	NaN	NaN	NaN	NaN	NaN	NaN	NaN	NaN	NaN	NaN	0.318514874	0.331324809	0.331324809	0.331324809	0.611756828	0.611756828	0.611756828	0.611756828	0.784480353	0.784480353
NaN	NaN	NaN	NaN	NaN	NaN	NaN	NaN	NaN	NaN	NaN	NaN	NaN	NaN	NaN	NaN	NaN	NaN	NaN	NaN	NaN	NaN	NaN	NaN	NaN	NaN	NaN	NaN	NaN	NaN	NaN	NaN	NaN	NaN	NaN	NaN	NaN	NaN	NaN	NaN	NaN	NaN	NaN	NaN	NaN	NaN	NaN	NaN	NaN	NaN	NaN	NaN	NaN	NaN	NaN	NaN	NaN	NaN	NaN	NaN	NaN	NaN	NaN	NaN	NaN	NaN	NaN	NaN	NaN	NaN	NaN	NaN	NaN	NaN	NaN	NaN	NaN	NaN	NaN	NaN	NaN	NaN	NaN	NaN	NaN	NaN	NaN	0.608461723	0.449567354	0.449567354	0.317632626	0.317632626	0.317632626	0.317632626	0.337840406	0.337840406
NaN	NaN	NaN	NaN	NaN	NaN	NaN	NaN	NaN	NaN	NaN	NaN	NaN	NaN	NaN	NaN	NaN	NaN	NaN	NaN	NaN	NaN	NaN	NaN	NaN	NaN	NaN	NaN	NaN	NaN	NaN	NaN	NaN	NaN	NaN	NaN	NaN	NaN	NaN	NaN	NaN	NaN	NaN	NaN	NaN	NaN	NaN	NaN	NaN	NaN	NaN	NaN	NaN	NaN	NaN	NaN	NaN	NaN	NaN	NaN	NaN	NaN	NaN	NaN	NaN	NaN	NaN	NaN	NaN	NaN	NaN	NaN	NaN	NaN	NaN	NaN	NaN	NaN	NaN	NaN	NaN	NaN	NaN	NaN	NaN	NaN	NaN	NaN	0.678779611	0.72793906	1.00270394	1.00270394	1.00270394	1.00270394	1.187968116	1.187968116
NaN	NaN	NaN	NaN	NaN	NaN	NaN	NaN	NaN	NaN	NaN	NaN	NaN	NaN	NaN	NaN	NaN	NaN	NaN	NaN	NaN	NaN	NaN	NaN	NaN	NaN	NaN	NaN	NaN	NaN	NaN	NaN	NaN	NaN	NaN	NaN	NaN	NaN	NaN	NaN	NaN	NaN	NaN	NaN	NaN	NaN	NaN	NaN	NaN	NaN	NaN	NaN	NaN	NaN	NaN	NaN	NaN	NaN	NaN	NaN	NaN	NaN	NaN	NaN	NaN	NaN	NaN	NaN	NaN	NaN	NaN	NaN	NaN	NaN	NaN	NaN	NaN	NaN	NaN	NaN	NaN	NaN	NaN	NaN	NaN	NaN	NaN	NaN	NaN	0.545089982	0.485391009	0.485391009	0.485391009	0.485391009	0.911065383	0.911065383
NaN	NaN	NaN	NaN	NaN	NaN	NaN	NaN	NaN	NaN	NaN	NaN	NaN	NaN	NaN	NaN	NaN	NaN	NaN	NaN	NaN	NaN	NaN	NaN	NaN	NaN	NaN	NaN	NaN	NaN	NaN	NaN	NaN	NaN	NaN	NaN	NaN	NaN	NaN	NaN	NaN	NaN	NaN	NaN	NaN	NaN	NaN	NaN	NaN	NaN	NaN	NaN	NaN	NaN	NaN	NaN	NaN	NaN	NaN	NaN	NaN	NaN	NaN	NaN	NaN	NaN	NaN	NaN	NaN	NaN	NaN	NaN	NaN	NaN	NaN	NaN	NaN	NaN	NaN	NaN	NaN	NaN	NaN	NaN	NaN	NaN	NaN	NaN	NaN	NaN	0.381313183	0.311219291	0.311219291	0.311219291	0.299260512	0.299260512
NaN	NaN	NaN	NaN	NaN	NaN	NaN	NaN	NaN	NaN	NaN	NaN	NaN	NaN	NaN	NaN	NaN	NaN	NaN	NaN	NaN	NaN	NaN	NaN	NaN	NaN	NaN	NaN	NaN	NaN	NaN	NaN	NaN	NaN	NaN	NaN	NaN	NaN	NaN	NaN	NaN	NaN	NaN	NaN	NaN	NaN	NaN	NaN	NaN	NaN	NaN	NaN	NaN	NaN	NaN	NaN	NaN	NaN	NaN	NaN	NaN	NaN	NaN	NaN	NaN	NaN	NaN	NaN	NaN	NaN	NaN	NaN	NaN	NaN	NaN	NaN	NaN	NaN	NaN	NaN	NaN	NaN	NaN	NaN	NaN	NaN	NaN	NaN	NaN	NaN	NaN	0.498442023	0.764681495	0.764681495	0.686657501	0.686657501
NaN	NaN	NaN	NaN	NaN	NaN	NaN	NaN	NaN	NaN	NaN	NaN	NaN	NaN	NaN	NaN	NaN	NaN	NaN	NaN	NaN	NaN	NaN	NaN	NaN	NaN	NaN	NaN	NaN	NaN	NaN	NaN	NaN	NaN	NaN	NaN	NaN	NaN	NaN	NaN	NaN	NaN	NaN	NaN	NaN	NaN	NaN	NaN	NaN	NaN	NaN	NaN	NaN	NaN	NaN	NaN	NaN	NaN	NaN	NaN	NaN	NaN	NaN	NaN	NaN	NaN	NaN	NaN	NaN	NaN	NaN	NaN	NaN	NaN	NaN	NaN	NaN	NaN	NaN	NaN	NaN	NaN	NaN	NaN	NaN	NaN	NaN	NaN	NaN	NaN	NaN	NaN	-0.035897305	0.094443577	0.036043459	0.036043459
NaN	NaN	NaN	NaN	NaN	NaN	NaN	NaN	NaN	NaN	NaN	NaN	NaN	NaN	NaN	NaN	NaN	NaN	NaN	NaN	NaN	NaN	NaN	NaN	NaN	NaN	NaN	NaN	NaN	NaN	NaN	NaN	NaN	NaN	NaN	NaN	NaN	NaN	NaN	NaN	NaN	NaN	NaN	NaN	NaN	NaN	NaN	NaN	NaN	NaN	NaN	NaN	NaN	NaN	NaN	NaN	NaN	NaN	NaN	NaN	NaN	NaN	NaN	NaN	NaN	NaN	NaN	NaN	NaN	NaN	NaN	NaN	NaN	NaN	NaN	NaN	NaN	NaN	NaN	NaN	NaN	NaN	NaN	NaN	NaN	NaN	NaN	NaN	NaN	NaN	NaN	NaN	NaN	0.6179006	0.284672546	0.284672546
NaN	NaN	NaN	NaN	NaN	NaN	NaN	NaN	NaN	NaN	NaN	NaN	NaN	NaN	NaN	NaN	NaN	NaN	NaN	NaN	NaN	NaN	NaN	NaN	NaN	NaN	NaN	NaN	NaN	NaN	NaN	NaN	NaN	NaN	NaN	NaN	NaN	NaN	NaN	NaN	NaN	NaN	NaN	NaN	NaN	NaN	NaN	NaN	NaN	NaN	NaN	NaN	NaN	NaN	NaN	NaN	NaN	NaN	NaN	NaN	NaN	NaN	NaN	NaN	NaN	NaN	NaN	NaN	NaN	NaN	NaN	NaN	NaN	NaN	NaN	NaN	NaN	NaN	NaN	NaN	NaN	NaN	NaN	NaN	NaN	NaN	NaN	NaN	NaN	NaN	NaN	NaN	NaN	NaN	0.41495164	0.612855204
NaN	NaN	NaN	NaN	NaN	NaN	NaN	NaN	NaN	NaN	NaN	NaN	NaN	NaN	NaN	NaN	NaN	NaN	NaN	NaN	NaN	NaN	NaN	NaN	NaN	NaN	NaN	NaN	NaN	NaN	NaN	NaN	NaN	NaN	NaN	NaN	NaN	NaN	NaN	NaN	NaN	NaN	NaN	NaN	NaN	NaN	NaN	NaN	NaN	NaN	NaN	NaN	NaN	NaN	NaN	NaN	NaN	NaN	NaN	NaN	NaN	NaN	NaN	NaN	NaN	NaN	NaN	NaN	NaN	NaN	NaN	NaN	NaN	NaN	NaN	NaN	NaN	NaN	NaN	NaN	NaN	NaN	NaN	NaN	NaN	NaN	NaN	NaN	NaN	NaN	NaN	NaN	NaN	NaN	NaN	0.701627928