1.698786629	1.698786629	1.698786629	1.698786629	1.698786629	1.698786629	1.698786629	1.698786629	1.399485447	1.361680629	1.361680629	1.361680629	1.361680629	1.361680629	1.361680629	1.361680629	1.361680629	1.361680629	1.361680629	1.361680629	1.361680629	1.361680629	1.361680629	1.361680629	1.342302033	1.342302033	1.342302033	1.342302033	1.342302033	1.379796415	1.379796415	1.379796415	1.379796415	1.379796415	1.379796415	1.379796415	1.379796415	1.379796415	1.379796415	1.365806558	1.365806558	1.375925746	1.375925746	1.375925746	1.375925746	1.375925746	1.375925746	1.375925746	1.375925746	1.375925746	1.375925746	1.375925746	1.375925746	1.375925746	1.375925746	1.375925746	1.388471747	1.388471747	1.388471747	1.388471747	1.388471747	1.388471747	1.388471747	1.388471747	1.388471747	1.388471747	1.388471747	1.388471747	1.388471747	1.388471747	1.388471747	1.388471747	1.388471747	1.388471747	1.388471747	1.388471747	1.388471747	1.388471747	1.377763057	1.377763057	1.377763057	1.377763057	1.377763057	1.377763057	1.377763057	1.377763057	1.376603018	1.376603018	1.376603018	1.376603018	1.376603018	1.376603018	1.376603018	1.376603018	1.364963721	1.364963721
1.554976984	1.554976984	1.554976984	1.554976984	1.554976984	1.554976984	1.554976984	1.554976984	1.861268435	1.704461124	1.704461124	1.704461124	1.704461124	1.704461124	1.704461124	1.704461124	1.704461124	1.704461124	1.704461124	1.704461124	1.704461124	1.704461124	1.704461124	1.704461124	1.324522675	1.324522675	1.324522675	1.324522675	1.324522675	1.459879942	1.459879942	1.459879942	1.459879942	1.459879942	1.459879942	1.459879942	1.459879942	1.459879942	1.459879942	1.450301664	1.450301664	1.391810915	1.391810915	1.391810915	1.391810915	1.391810915	1.391810915	1.391810915	1.391810915	1.391810915	1.391810915	1.391810915	1.391810915	1.391810915	1.391810915	1.391810915	1.416849425	1.416849425	1.416849425	1.416849425	1.416849425	1.416849425	1.416849425	1.416849425	1.416849425	1.416849425	1.416849425	1.416849425	1.416849425	1.416849425	1.416849425	1.416849425	1.416849425	1.416849425	1.416849425	1.416849425	1.416849425	1.416849425	1.425064105	1.425064105	1.425064105	1.425064105	1.425064105	1.425064105	1.425064105	1.425064105	1.423880924	1.423880924	1.423880924	1.423880924	1.423880924	1.423880924	1.423880924	1.423880924	1.430145471	1.430145471
0.655542269	0.655542269	0.655542269	0.655542269	0.655542269	0.655542269	0.655542269	0.655542269	0.585986725	0.641283954	0.641283954	0.641283954	0.641283954	0.641283954	0.641283954	0.641283954	0.641283954	0.641283954	0.641283954	0.641283954	0.641283954	0.641283954	0.641283954	0.641283954	0.982004618	0.982004618	0.982004618	0.982004618	0.982004618	0.787405643	0.787405643	0.787405643	0.787405643	0.787405643	0.787405643	0.787405643	0.787405643	0.787405643	0.787405643	0.819396869	0.819396869	0.791606268	0.791606268	0.791606268	0.791606268	0.791606268	0.791606268	0.791606268	0.791606268	0.791606268	0.791606268	0.791606268	0.791606268	0.791606268	0.791606268	0.791606268	0.791407601	0.791407601	0.791407601	0.791407601	0.791407601	0.791407601	0.791407601	0.791407601	0.791407601	0.791407601	0.791407601	0.791407601	0.791407601	0.791407601	0.791407601	0.791407601	0.791407601	0.791407601	0.791407601	0.791407601	0.791407601	0.791407601	0.7848334	0.7848334	0.7848334	0.7848334	0.7848334	0.7848334	0.7848334	0.7848334	0.7882785	0.7882785	0.7882785	0.7882785	0.7882785	0.7882785	0.7882785	0.7882785	0.823085948	0.823085948
1.198729655	1.198729655	1.198729655	1.198729655	1.198729655	1.198729655	1.198729655	1.198729655	1.085966481	1.10374859	1.10374859	1.10374859	1.10374859	1.10374859	1.10374859	1.10374859	1.10374859	1.10374859	1.10374859	1.10374859	1.10374859	1.10374859	1.10374859	1.10374859	1.294516459	1.294516459	1.294516459	1.294516459	1.294516459	1.363214879	1.363214879	1.363214879	1.363214879	1.363214879	1.363214879	1.363214879	1.363214879	1.363214879	1.363214879	1.350915512	1.350915512	1.294295997	1.294295997	1.294295997	1.294295997	1.294295997	1.294295997	1.294295997	1.294295997	1.294295997	1.294295997	1.294295997	1.294295997	1.294295997	1.294295997	1.294295997	1.271934365	1.271934365	1.271934365	1.271934365	1.271934365	1.271934365	1.271934365	1.271934365	1.271934365	1.271934365	1.271934365	1.271934365	1.271934365	1.271934365	1.271934365	1.271934365	1.271934365	1.271934365	1.271934365	1.271934365	1.271934365	1.271934365	1.260845596	1.260845596	1.260845596	1.260845596	1.260845596	1.260845596	1.260845596	1.260845596	1.259769586	1.259769586	1.259769586	1.259769586	1.259769586	1.259769586	1.259769586	1.259769586	1.290955374	1.290955374
1.558286822	1.558286822	1.558286822	1.558286822	1.558286822	1.558286822	1.558286822	1.558286822	1.674956143	1.849980864	1.849980864	1.849980864	1.849980864	1.849980864	1.849980864	1.849980864	1.849980864	1.849980864	1.849980864	1.849980864	1.849980864	1.849980864	1.849980864	1.849980864	1.594930141	1.594930141	1.594930141	1.594930141	1.594930141	1.535538808	1.535538808	1.535538808	1.535538808	1.535538808	1.535538808	1.535538808	1.535538808	1.535538808	1.535538808	1.564352088	1.564352088	1.511363781	1.511363781	1.511363781	1.511363781	1.511363781	1.511363781	1.511363781	1.511363781	1.511363781	1.511363781	1.511363781	1.511363781	1.511363781	1.511363781	1.511363781	1.488386383	1.488386383	1.488386383	1.488386383	1.488386383	1.488386383	1.488386383	1.488386383	1.488386383	1.488386383	1.488386383	1.488386383	1.488386383	1.488386383	1.488386383	1.488386383	1.488386383	1.488386383	1.488386383	1.488386383	1.488386383	1.488386383	1.496307276	1.496307276	1.496307276	1.496307276	1.496307276	1.496307276	1.496307276	1.496307276	1.495047787	1.495047787	1.495047787	1.495047787	1.495047787	1.495047787	1.495047787	1.495047787	1.516442635	1.516442635
1.768889262	1.768889262	1.768889262	1.768889262	1.768889262	1.768889262	1.768889262	1.768889262	1.478239894	1.559167378	1.559167378	1.559167378	1.559167378	1.559167378	1.559167378	1.559167378	1.559167378	1.559167378	1.559167378	1.559167378	1.559167378	1.559167378	1.559167378	1.559167378	1.257878221	1.257878221	1.257878221	1.257878221	1.257878221	1.35584609	1.35584609	1.35584609	1.35584609	1.35584609	1.35584609	1.35584609	1.35584609	1.35584609	1.35584609	1.377522602	1.377522602	1.324522675	1.324522675	1.324522675	1.324522675	1.324522675	1.324522675	1.324522675	1.324522675	1.324522675	1.324522675	1.324522675	1.324522675	1.324522675	1.324522675	1.324522675	1.327808739	1.327808739	1.327808739	1.327808739	1.327808739	1.327808739	1.327808739	1.327808739	1.327808739	1.327808739	1.327808739	1.327808739	1.327808739	1.327808739	1.327808739	1.327808739	1.327808739	1.327808739	1.327808739	1.327808739	1.327808739	1.327808739	1.328975775	1.328975775	1.328975775	1.328975775	1.328975775	1.328975775	1.328975775	1.328975775	1.331798617	1.331798617	1.331798617	1.331798617	1.331798617	1.331798617	1.331798617	1.331798617	1.334953394	1.334953394
1.264129211	1.264129211	1.264129211	1.264129211	1.264129211	1.264129211	1.264129211	1.264129211	1.198078631	1.226371864	1.226371864	1.226371864	1.226371864	1.226371864	1.226371864	1.226371864	1.226371864	1.226371864	1.226371864	1.226371864	1.226371864	1.226371864	1.226371864	1.226371864	0.933132743	0.933132743	0.933132743	0.933132743	0.933132743	0.997203652	0.997203652	0.997203652	0.997203652	0.997203652	0.997203652	0.997203652	0.997203652	0.997203652	0.997203652	1.069182387	1.069182387	1.014572604	1.014572604	1.014572604	1.014572604	1.014572604	1.014572604	1.014572604	1.014572604	1.014572604	1.014572604	1.014572604	1.014572604	1.014572604	1.014572604	1.014572604	0.994723776	0.994723776	0.994723776	0.994723776	0.994723776	0.994723776	0.994723776	0.994723776	0.994723776	0.994723776	0.994723776	0.994723776	0.994723776	0.994723776	0.994723776	0.994723776	0.994723776	0.994723776	0.994723776	0.994723776	0.994723776	0.994723776	0.993049055	0.993049055	0.993049055	0.993049055	0.993049055	0.993049055	0.993049055	0.993049055	0.99219564	0.99219564	0.99219564	0.99219564	0.99219564	0.99219564	0.99219564	0.99219564	1.003109283	1.003109283
1.199816591	1.199816591	1.199816591	1.199816591	1.199816591	1.199816591	1.199816591	1.199816591	0.783127003	0.741176112	0.741176112	0.741176112	0.741176112	0.741176112	0.741176112	0.741176112	0.741176112	0.741176112	0.741176112	0.741176112	0.741176112	0.741176112	0.741176112	0.741176112	0.924505814	0.924505814	0.924505814	0.924505814	0.924505814	0.864469724	0.864469724	0.864469724	0.864469724	0.864469724	0.864469724	0.864469724	0.864469724	0.864469724	0.864469724	0.866361909	0.866361909	0.810771427	0.810771427	0.810771427	0.810771427	0.810771427	0.810771427	0.810771427	0.810771427	0.810771427	0.810771427	0.810771427	0.810771427	0.810771427	0.810771427	0.810771427	0.794171155	0.794171155	0.794171155	0.794171155	0.794171155	0.794171155	0.794171155	0.794171155	0.794171155	0.794171155	0.794171155	0.794171155	0.794171155	0.794171155	0.794171155	0.794171155	0.794171155	0.794171155	0.794171155	0.794171155	0.794171155	0.794171155	0.790487318	0.790487318	0.790487318	0.790487318	0.790487318	0.790487318	0.790487318	0.790487318	0.793670323	0.793670323	0.793670323	0.793670323	0.793670323	0.793670323	0.793670323	0.793670323	0.820775472	0.820775472
1.250027709	1.250027709	1.250027709	1.250027709	1.250027709	1.250027709	1.250027709	1.250027709	1.606062235	1.386330199	1.386330199	1.386330199	1.386330199	1.386330199	1.386330199	1.386330199	1.386330199	1.386330199	1.386330199	1.386330199	1.386330199	1.386330199	1.386330199	1.386330199	1.522099401	1.522099401	1.522099401	1.522099401	1.522099401	1.464780538	1.464780538	1.464780538	1.464780538	1.464780538	1.464780538	1.464780538	1.464780538	1.464780538	1.464780538	1.490435074	1.490435074	1.474858411	1.474858411	1.474858411	1.474858411	1.474858411	1.474858411	1.474858411	1.474858411	1.474858411	1.474858411	1.474858411	1.474858411	1.474858411	1.474858411	1.474858411	1.640129422	1.640129422	1.640129422	1.640129422	1.640129422	1.640129422	1.640129422	1.640129422	1.640129422	1.640129422	1.640129422	1.640129422	1.640129422	1.640129422	1.640129422	1.640129422	1.640129422	1.640129422	1.640129422	1.640129422	1.640129422	1.640129422	1.62325068	1.62325068	1.62325068	1.62325068	1.62325068	1.62325068	1.62325068	1.62325068	1.621822574	1.621822574	1.621822574	1.621822574	1.621822574	1.621822574	1.621822574	1.621822574	1.629695877	1.629695877
0.67190116	0.67190116	0.67190116	0.67190116	0.67190116	0.67190116	0.67190116	0.67190116	1.057569612	0.975134148	0.975134148	0.975134148	0.975134148	0.975134148	0.975134148	0.975134148	0.975134148	0.975134148	0.975134148	0.975134148	0.975134148	0.975134148	0.975134148	0.975134148	0.60241146	0.60241146	0.60241146	0.60241146	0.60241146	0.66425365	0.66425365	0.66425365	0.66425365	0.66425365	0.66425365	0.66425365	0.66425365	0.66425365	0.66425365	0.627551479	0.627551479	0.60288934	0.60288934	0.60288934	0.60288934	0.60288934	0.60288934	0.60288934	0.60288934	0.60288934	0.60288934	0.60288934	0.60288934	0.60288934	0.60288934	0.60288934	0.585256591	0.585256591	0.585256591	0.585256591	0.585256591	0.585256591	0.585256591	0.585256591	0.585256591	0.585256591	0.585256591	0.585256591	0.585256591	0.585256591	0.585256591	0.585256591	0.585256591	0.585256591	0.585256591	0.585256591	0.585256591	0.585256591	0.579338601	0.579338601	0.579338601	0.579338601	0.579338601	0.579338601	0.579338601	0.579338601	0.575062117	0.575062117	0.575062117	0.575062117	0.575062117	0.575062117	0.575062117	0.575062117	0.600336217	0.600336217
1.170651249	1.170651249	1.170651249	1.170651249	1.170651249	1.170651249	1.170651249	1.170651249	0.977670566	0.929563814	0.929563814	0.929563814	0.929563814	0.929563814	0.929563814	0.929563814	0.929563814	0.929563814	0.929563814	0.929563814	0.929563814	0.929563814	0.929563814	0.929563814	0.896866998	0.896866998	0.896866998	0.896866998	0.896866998	0.809235646	0.809235646	0.809235646	0.809235646	0.809235646	0.809235646	0.809235646	0.809235646	0.809235646	0.809235646	0.99596217	0.99596217	0.975924635	0.975924635	0.975924635	0.975924635	0.975924635	0.975924635	0.975924635	0.975924635	0.975924635	0.975924635	0.975924635	0.975924635	0.975924635	0.975924635	0.975924635	0.912823957	0.912823957	0.912823957	0.912823957	0.912823957	0.912823957	0.912823957	0.912823957	0.912823957	0.912823957	0.912823957	0.912823957	0.912823957	0.912823957	0.912823957	0.912823957	0.912823957	0.912823957	0.912823957	0.912823957	0.912823957	0.912823957	0.909541355	0.909541355	0.909541355	0.909541355	0.909541355	0.909541355	0.909541355	0.909541355	0.912528159	0.912528159	0.912528159	0.912528159	0.912528159	0.912528159	0.912528159	0.912528159	0.879864899	0.879864899
1.325344457	1.325344457	1.325344457	1.325344457	1.325344457	1.325344457	1.325344457	1.325344457	1.604465921	1.583012459	1.583012459	1.583012459	1.583012459	1.583012459	1.583012459	1.583012459	1.583012459	1.583012459	1.583012459	1.583012459	1.583012459	1.583012459	1.583012459	1.583012459	1.183445765	1.183445765	1.183445765	1.183445765	1.183445765	1.275413997	1.275413997	1.275413997	1.275413997	1.275413997	1.275413997	1.275413997	1.275413997	1.275413997	1.275413997	1.200568522	1.200568522	1.183445765	1.183445765	1.183445765	1.183445765	1.183445765	1.183445765	1.183445765	1.183445765	1.183445765	1.183445765	1.183445765	1.183445765	1.183445765	1.183445765	1.183445765	1.16945029	1.16945029	1.16945029	1.16945029	1.16945029	1.16945029	1.16945029	1.16945029	1.16945029	1.16945029	1.16945029	1.16945029	1.16945029	1.16945029	1.16945029	1.16945029	1.16945029	1.16945029	1.16945029	1.16945029	1.16945029	1.16945029	1.164252769	1.164252769	1.164252769	1.164252769	1.164252769	1.164252769	1.164252769	1.164252769	1.163257566	1.163257566	1.163257566	1.163257566	1.163257566	1.163257566	1.163257566	1.163257566	1.12449712	1.12449712
1.416162515	1.416162515	1.416162515	1.416162515	1.416162515	1.416162515	1.416162515	1.416162515	1.270925678	1.296959143	1.296959143	1.296959143	1.296959143	1.296959143	1.296959143	1.296959143	1.296959143	1.296959143	1.296959143	1.296959143	1.296959143	1.296959143	1.296959143	1.296959143	1.459879942	1.459879942	1.459879942	1.459879942	1.459879942	1.317542116	1.317542116	1.317542116	1.317542116	1.317542116	1.317542116	1.317542116	1.317542116	1.317542116	1.317542116	1.397774201	1.397774201	1.322485828	1.322485828	1.322485828	1.322485828	1.322485828	1.322485828	1.322485828	1.322485828	1.322485828	1.322485828	1.322485828	1.322485828	1.322485828	1.322485828	1.322485828	1.313994086	1.313994086	1.313994086	1.313994086	1.313994086	1.313994086	1.313994086	1.313994086	1.313994086	1.313994086	1.313994086	1.313994086	1.313994086	1.313994086	1.313994086	1.313994086	1.313994086	1.313994086	1.313994086	1.313994086	1.313994086	1.313994086	1.296977857	1.296977857	1.296977857	1.296977857	1.296977857	1.296977857	1.296977857	1.296977857	1.299530054	1.299530054	1.299530054	1.299530054	1.299530054	1.299530054	1.299530054	1.299530054	1.271510255	1.271510255
2.10266096	2.10266096	2.10266096	2.10266096	2.10266096	2.10266096	2.10266096	2.10266096	1.812004882	1.842762025	1.842762025	1.842762025	1.842762025	1.842762025	1.842762025	1.842762025	1.842762025	1.842762025	1.842762025	1.842762025	1.842762025	1.842762025	1.842762025	1.842762025	1.438873745	1.438873745	1.438873745	1.438873745	1.438873745	1.672955083	1.672955083	1.672955083	1.672955083	1.672955083	1.672955083	1.672955083	1.672955083	1.672955083	1.672955083	1.646004542	1.646004542	1.636400152	1.636400152	1.636400152	1.636400152	1.636400152	1.636400152	1.636400152	1.636400152	1.636400152	1.636400152	1.636400152	1.636400152	1.636400152	1.636400152	1.636400152	1.652665997	1.652665997	1.652665997	1.652665997	1.652665997	1.652665997	1.652665997	1.652665997	1.652665997	1.652665997	1.652665997	1.652665997	1.652665997	1.652665997	1.652665997	1.652665997	1.652665997	1.652665997	1.652665997	1.652665997	1.652665997	1.652665997	1.654486106	1.654486106	1.654486106	1.654486106	1.654486106	1.654486106	1.654486106	1.654486106	1.653049777	1.653049777	1.653049777	1.653049777	1.653049777	1.653049777	1.653049777	1.653049777	1.627243433	1.627243433
2.052676053	2.052676053	2.052676053	2.052676053	2.052676053	2.052676053	2.052676053	2.052676053	1.854687884	1.876127256	1.876127256	1.876127256	1.876127256	1.876127256	1.876127256	1.876127256	1.876127256	1.876127256	1.876127256	1.876127256	1.876127256	1.876127256	1.876127256	1.876127256	1.98026273	1.98026273	1.98026273	1.98026273	1.98026273	1.898342883	1.898342883	1.898342883	1.898342883	1.898342883	1.898342883	1.898342883	1.898342883	1.898342883	1.898342883	1.85272172	1.85272172	1.875892436	1.875892436	1.875892436	1.875892436	1.875892436	1.875892436	1.875892436	1.875892436	1.875892436	1.875892436	1.875892436	1.875892436	1.875892436	1.875892436	1.875892436	1.899914267	1.899914267	1.899914267	1.899914267	1.899914267	1.899914267	1.899914267	1.899914267	1.899914267	1.899914267	1.899914267	1.899914267	1.899914267	1.899914267	1.899914267	1.899914267	1.899914267	1.899914267	1.899914267	1.899914267	1.899914267	1.899914267	1.892150202	1.892150202	1.892150202	1.892150202	1.892150202	1.892150202	1.892150202	1.892150202	1.890536389	1.890536389	1.890536389	1.890536389	1.890536389	1.890536389	1.890536389	1.890536389	1.853062744	1.853062744
2.264733935	2.264733935	2.264733935	2.264733935	2.264733935	2.264733935	2.264733935	2.264733935	2.345423494	2.345284929	2.345284929	2.345284929	2.345284929	2.345284929	2.345284929	2.345284929	2.345284929	2.345284929	2.345284929	2.345284929	2.345284929	2.345284929	2.345284929	2.345284929	1.666705249	1.666705249	1.666705249	1.666705249	1.666705249	1.697550156	1.697550156	1.697550156	1.697550156	1.697550156	1.697550156	1.697550156	1.697550156	1.697550156	1.697550156	1.647198058	1.647198058	1.696443141	1.696443141	1.696443141	1.696443141	1.696443141	1.696443141	1.696443141	1.696443141	1.696443141	1.696443141	1.696443141	1.696443141	1.696443141	1.696443141	1.696443141	1.714768308	1.714768308	1.714768308	1.714768308	1.714768308	1.714768308	1.714768308	1.714768308	1.714768308	1.714768308	1.714768308	1.714768308	1.714768308	1.714768308	1.714768308	1.714768308	1.714768308	1.714768308	1.714768308	1.714768308	1.714768308	1.714768308	1.697798065	1.697798065	1.697798065	1.697798065	1.697798065	1.697798065	1.697798065	1.697798065	1.699836744	1.699836744	1.699836744	1.699836744	1.699836744	1.699836744	1.699836744	1.699836744	1.716061394	1.716061394
1.467581754	1.467581754	1.467581754	1.467581754	1.467581754	1.467581754	1.467581754	1.467581754	1.615203215	1.596962806	1.596962806	1.596962806	1.596962806	1.596962806	1.596962806	1.596962806	1.596962806	1.596962806	1.596962806	1.596962806	1.596962806	1.596962806	1.596962806	1.596962806	1.910017137	1.910017137	1.910017137	1.910017137	1.910017137	2.021374478	2.021374478	2.021374478	2.021374478	2.021374478	2.021374478	2.021374478	2.021374478	2.021374478	2.021374478	1.873990105	1.873990105	2.009829351	2.009829351	2.009829351	2.009829351	2.009829351	2.009829351	2.009829351	2.009829351	2.009829351	2.009829351	2.009829351	2.009829351	2.009829351	2.009829351	2.009829351	2.022044254	2.022044254	2.022044254	2.022044254	2.022044254	2.022044254	2.022044254	2.022044254	2.022044254	2.022044254	2.022044254	2.022044254	2.022044254	2.022044254	2.022044254	2.022044254	2.022044254	2.022044254	2.022044254	2.022044254	2.022044254	2.022044254	2.043476325	2.043476325	2.043476325	2.043476325	2.043476325	2.043476325	2.043476325	2.043476325	2.045117095	2.045117095	2.045117095	2.045117095	2.045117095	2.045117095	2.045117095	2.045117095	2.016801397	2.016801397
1.997121733	1.997121733	1.997121733	1.997121733	1.997121733	1.997121733	1.997121733	1.997121733	2.074585039	2.074585039	2.074585039	2.074585039	2.074585039	2.074585039	2.074585039	2.074585039	2.074585039	2.074585039	2.074585039	2.074585039	2.074585039	2.074585039	2.074585039	2.074585039	2.403319944	2.403319944	2.403319944	2.403319944	2.403319944	2.16672914	2.16672914	2.16672914	2.16672914	2.16672914	2.16672914	2.16672914	2.16672914	2.16672914	2.16672914	2.115302918	2.115302918	2.22075184	2.22075184	2.22075184	2.22075184	2.22075184	2.22075184	2.22075184	2.22075184	2.22075184	2.22075184	2.22075184	2.22075184	2.22075184	2.22075184	2.22075184	2.190333708	2.190333708	2.190333708	2.190333708	2.190333708	2.190333708	2.190333708	2.190333708	2.190333708	2.190333708	2.190333708	2.190333708	2.190333708	2.190333708	2.190333708	2.190333708	2.190333708	2.190333708	2.190333708	2.190333708	2.190333708	2.190333708	2.215227352	2.215227352	2.215227352	2.215227352	2.215227352	2.215227352	2.215227352	2.215227352	2.213295807	2.213295807	2.213295807	2.213295807	2.213295807	2.213295807	2.213295807	2.213295807	2.214244596	2.214244596
3.346764433	3.346764433	3.346764433	3.346764433	3.346764433	3.346764433	3.346764433	3.346764433	2.972854617	2.972854617	2.972854617	2.972854617	2.972854617	2.972854617	2.972854617	2.972854617	2.972854617	2.972854617	2.972854617	2.972854617	2.972854617	2.972854617	2.972854617	2.972854617	2.861053404	2.861053404	2.861053404	2.861053404	2.861053404	2.972064426	2.972064426	2.972064426	2.972064426	2.972064426	2.972064426	2.972064426	2.972064426	2.972064426	2.972064426	2.931010356	2.931010356	3.012275946	3.012275946	3.012275946	3.012275946	3.012275946	3.012275946	3.012275946	3.012275946	3.012275946	3.012275946	3.012275946	3.012275946	3.012275946	3.012275946	3.012275946	3.043223556	3.043223556	3.043223556	3.043223556	3.043223556	3.043223556	3.043223556	3.043223556	3.043223556	3.043223556	3.043223556	3.043223556	3.043223556	3.043223556	3.043223556	3.043223556	3.043223556	3.043223556	3.043223556	3.043223556	3.043223556	3.043223556	3.06620085	3.06620085	3.06620085	3.06620085	3.06620085	3.06620085	3.06620085	3.06620085	3.066813395	3.066813395	3.066813395	3.066813395	3.066813395	3.066813395	3.066813395	3.066813395	3.000591011	3.000591011
2.72588198	2.72588198	2.72588198	2.72588198	2.72588198	2.72588198	2.72588198	2.72588198	2.413396859	2.413396859	2.413396859	2.413396859	2.413396859	2.413396859	2.413396859	2.413396859	2.413396859	2.413396859	2.413396859	2.413396859	2.413396859	2.413396859	2.413396859	2.413396859	3.03053495	3.03053495	3.03053495	3.03053495	3.03053495	3.060818175	3.060818175	3.060818175	3.060818175	3.060818175	3.060818175	3.060818175	3.060818175	3.060818175	3.060818175	2.951465884	2.951465884	3.002749845	3.002749845	3.002749845	3.002749845	3.002749845	3.002749845	3.002749845	3.002749845	3.002749845	3.002749845	3.002749845	3.002749845	3.002749845	3.002749845	3.002749845	3.014064919	3.014064919	3.014064919	3.014064919	3.014064919	3.014064919	3.014064919	3.014064919	3.014064919	3.014064919	3.014064919	3.014064919	3.014064919	3.014064919	3.014064919	3.014064919	3.014064919	3.014064919	3.014064919	3.014064919	3.014064919	3.014064919	3.040576627	3.040576627	3.040576627	3.040576627	3.040576627	3.040576627	3.040576627	3.040576627	3.04109593	3.04109593	3.04109593	3.04109593	3.04109593	3.04109593	3.04109593	3.04109593	2.993172263	2.993172263
2.48747226	2.48747226	2.48747226	2.48747226	2.48747226	2.48747226	2.48747226	2.48747226	2.852639635	2.852639635	2.852639635	2.852639635	2.852639635	2.852639635	2.852639635	2.852639635	2.852639635	2.852639635	2.852639635	2.852639635	2.852639635	2.852639635	2.852639635	2.852639635	2.214112588	2.214112588	2.214112588	2.214112588	2.214112588	2.217385749	2.217385749	2.217385749	2.217385749	2.217385749	2.217385749	2.217385749	2.217385749	2.217385749	2.217385749	2.259402916	2.259402916	2.277531156	2.277531156	2.277531156	2.277531156	2.277531156	2.277531156	2.277531156	2.277531156	2.277531156	2.277531156	2.277531156	2.277531156	2.277531156	2.277531156	2.277531156	2.28333501	2.28333501	2.28333501	2.28333501	2.28333501	2.28333501	2.28333501	2.28333501	2.28333501	2.28333501	2.28333501	2.28333501	2.28333501	2.28333501	2.28333501	2.28333501	2.28333501	2.28333501	2.28333501	2.28333501	2.28333501	2.28333501	2.278509241	2.278509241	2.278509241	2.278509241	2.278509241	2.278509241	2.278509241	2.278509241	2.276541142	2.276541142	2.276541142	2.276541142	2.276541142	2.276541142	2.276541142	2.276541142	2.233956695	2.233956695
1.506729069	1.506729069	1.506729069	1.506729069	1.506729069	1.506729069	1.506729069	1.506729069	1.364312111	1.364312111	1.364312111	1.364312111	1.364312111	1.364312111	1.364312111	1.364312111	1.364312111	1.364312111	1.364312111	1.364312111	1.364312111	1.364312111	1.364312111	1.364312111	1.44930073	1.44930073	1.44930073	1.44930073	1.44930073	1.523424457	1.523424457	1.523424457	1.523424457	1.523424457	1.523424457	1.523424457	1.523424457	1.523424457	1.523424457	1.411669523	1.411669523	1.397558003	1.397558003	1.397558003	1.397558003	1.397558003	1.397558003	1.397558003	1.397558003	1.397558003	1.397558003	1.397558003	1.397558003	1.397558003	1.397558003	1.397558003	1.45921544	1.45921544	1.45921544	1.45921544	1.45921544	1.45921544	1.45921544	1.45921544	1.45921544	1.45921544	1.45921544	1.45921544	1.45921544	1.45921544	1.45921544	1.45921544	1.45921544	1.45921544	1.45921544	1.45921544	1.45921544	1.45921544	1.445545422	1.445545422	1.445545422	1.445545422	1.445545422	1.445545422	1.445545422	1.445545422	1.44431984	1.44431984	1.44431984	1.44431984	1.44431984	1.44431984	1.44431984	1.44431984	1.449206964	1.449206964
2.323027952	2.323027952	2.323027952	2.323027952	2.323027952	2.323027952	2.323027952	2.323027952	2.087659209	2.087659209	2.087659209	2.087659209	2.087659209	2.087659209	2.087659209	2.087659209	2.087659209	2.087659209	2.087659209	2.087659209	2.087659209	2.087659209	2.087659209	2.087659209	1.900294713	1.900294713	1.900294713	1.900294713	1.900294713	1.830986831	1.830986831	1.830986831	1.830986831	1.830986831	1.830986831	1.830986831	1.830986831	1.830986831	1.830986831	1.859942024	1.859942024	1.800498751	1.800498751	1.800498751	1.800498751	1.800498751	1.800498751	1.800498751	1.800498751	1.800498751	1.800498751	1.800498751	1.800498751	1.800498751	1.800498751	1.800498751	1.848734612	1.848734612	1.848734612	1.848734612	1.848734612	1.848734612	1.848734612	1.848734612	1.848734612	1.848734612	1.848734612	1.848734612	1.848734612	1.848734612	1.848734612	1.848734612	1.848734612	1.848734612	1.848734612	1.848734612	1.848734612	1.848734612	1.848205945	1.848205945	1.848205945	1.848205945	1.848205945	1.848205945	1.848205945	1.848205945	1.849615654	1.849615654	1.849615654	1.849615654	1.849615654	1.849615654	1.849615654	1.849615654	1.763534484	1.763534484
1.691101328	1.691101328	1.691101328	1.691101328	1.691101328	1.691101328	1.691101328	1.691101328	1.68172822	1.68172822	1.68172822	1.68172822	1.68172822	1.68172822	1.68172822	1.68172822	1.68172822	1.68172822	1.68172822	1.68172822	1.68172822	1.68172822	1.68172822	1.68172822	1.864855908	1.864855908	1.864855908	1.864855908	1.864855908	1.79806362	1.79806362	1.79806362	1.79806362	1.79806362	1.79806362	1.79806362	1.79806362	1.79806362	1.79806362	1.777716364	1.777716364	1.719944118	1.719944118	1.719944118	1.719944118	1.719944118	1.719944118	1.719944118	1.719944118	1.719944118	1.719944118	1.719944118	1.719944118	1.719944118	1.719944118	1.719944118	1.761351125	1.761351125	1.761351125	1.761351125	1.761351125	1.761351125	1.761351125	1.761351125	1.761351125	1.761351125	1.761351125	1.761351125	1.761351125	1.761351125	1.761351125	1.761351125	1.761351125	1.761351125	1.761351125	1.761351125	1.761351125	1.761351125	1.747932836	1.747932836	1.747932836	1.747932836	1.747932836	1.747932836	1.747932836	1.747932836	1.749349861	1.749349861	1.749349861	1.749349861	1.749349861	1.749349861	1.749349861	1.749349861	1.652309465	1.652309465
1.231234984	1.231234984	1.231234984	1.231234984	1.231234984	1.231234984	1.231234984	1.231234984	1.292962767	1.292962767	1.292962767	1.292962767	1.292962767	1.292962767	1.292962767	1.292962767	1.292962767	1.292962767	1.292962767	1.292962767	1.292962767	1.292962767	1.292962767	1.292962767	1.148118237	1.148118237	1.148118237	1.148118237	1.148118237	1.081838149	1.081838149	1.081838149	1.081838149	1.081838149	1.081838149	1.081838149	1.081838149	1.081838149	1.081838149	1.175778392	1.175778392	1.066159845	1.066159845	1.066159845	1.066159845	1.066159845	1.066159845	1.066159845	1.066159845	1.066159845	1.066159845	1.066159845	1.066159845	1.066159845	1.066159845	1.066159845	1.116674871	1.116674871	1.116674871	1.116674871	1.116674871	1.116674871	1.116674871	1.116674871	1.116674871	1.116674871	1.116674871	1.116674871	1.116674871	1.116674871	1.116674871	1.116674871	1.116674871	1.116674871	1.116674871	1.116674871	1.116674871	1.116674871	1.116975319	1.116975319	1.116975319	1.116975319	1.116975319	1.116975319	1.116975319	1.116975319	1.116008988	1.116008988	1.116008988	1.116008988	1.116008988	1.116008988	1.116008988	1.116008988	1.071212799	1.071212799
1.324713209	1.324713209	1.324713209	1.324713209	1.324713209	1.324713209	1.324713209	1.324713209	1.279514494	1.279514494	1.279514494	1.279514494	1.279514494	1.279514494	1.279514494	1.279514494	1.279514494	1.279514494	1.279514494	1.279514494	1.279514494	1.279514494	1.279514494	1.279514494	0.90909717	0.90909717	0.90909717	0.90909717	0.90909717	1.115549417	1.115549417	1.115549417	1.115549417	1.115549417	1.115549417	1.115549417	1.115549417	1.115549417	1.115549417	1.138532223	1.138532223	1.054912684	1.054912684	1.054912684	1.054912684	1.054912684	1.054912684	1.054912684	1.054912684	1.054912684	1.054912684	1.054912684	1.054912684	1.054912684	1.054912684	1.054912684	1.066723855	1.066723855	1.066723855	1.066723855	1.066723855	1.066723855	1.066723855	1.066723855	1.066723855	1.066723855	1.066723855	1.066723855	1.066723855	1.066723855	1.066723855	1.066723855	1.066723855	1.066723855	1.066723855	1.066723855	1.066723855	1.066723855	1.04784753	1.04784753	1.04784753	1.04784753	1.04784753	1.04784753	1.04784753	1.04784753	1.046950755	1.046950755	1.046950755	1.046950755	1.046950755	1.046950755	1.046950755	1.046950755	0.996036343	0.996036343
1.435696326	1.435696326	1.435696326	1.435696326	1.435696326	1.435696326	1.435696326	1.435696326	1.550446043	1.550446043	1.550446043	1.550446043	1.550446043	1.550446043	1.550446043	1.550446043	1.550446043	1.550446043	1.550446043	1.550446043	1.550446043	1.550446043	1.550446043	1.550446043	1.571300566	1.571300566	1.571300566	1.571300566	1.571300566	1.371578556	1.371578556	1.371578556	1.371578556	1.371578556	1.371578556	1.371578556	1.371578556	1.371578556	1.371578556	1.45167616	1.45167616	1.373778119	1.373778119	1.373778119	1.373778119	1.373778119	1.373778119	1.373778119	1.373778119	1.373778119	1.373778119	1.373778119	1.373778119	1.373778119	1.373778119	1.373778119	1.342970938	1.342970938	1.342970938	1.342970938	1.342970938	1.342970938	1.342970938	1.342970938	1.342970938	1.342970938	1.342970938	1.342970938	1.342970938	1.342970938	1.342970938	1.342970938	1.342970938	1.342970938	1.342970938	1.342970938	1.342970938	1.342970938	1.33169782	1.33169782	1.33169782	1.33169782	1.33169782	1.33169782	1.33169782	1.33169782	1.330571584	1.330571584	1.330571584	1.330571584	1.330571584	1.330571584	1.330571584	1.330571584	1.268784202	1.268784202
1.701631735	1.701631735	1.701631735	1.701631735	1.701631735	1.701631735	1.701631735	1.701631735	1.715361042	1.715361042	1.715361042	1.715361042	1.715361042	1.715361042	1.715361042	1.715361042	1.715361042	1.715361042	1.715361042	1.715361042	1.715361042	1.715361042	1.715361042	1.715361042	1.546992177	1.546992177	1.546992177	1.546992177	1.546992177	1.726852741	1.726852741	1.726852741	1.726852741	1.726852741	1.726852741	1.726852741	1.726852741	1.726852741	1.726852741	1.774035697	1.774035697	1.725789101	1.725789101	1.725789101	1.725789101	1.725789101	1.725789101	1.725789101	1.725789101	1.725789101	1.725789101	1.725789101	1.725789101	1.725789101	1.725789101	1.725789101	1.695725348	1.695725348	1.695725348	1.695725348	1.695725348	1.695725348	1.695725348	1.695725348	1.695725348	1.695725348	1.695725348	1.695725348	1.695725348	1.695725348	1.695725348	1.695725348	1.695725348	1.695725348	1.695725348	1.695725348	1.695725348	1.695725348	1.697946893	1.697946893	1.697946893	1.697946893	1.697946893	1.697946893	1.697946893	1.697946893	1.699285669	1.699285669	1.699285669	1.699285669	1.699285669	1.699285669	1.699285669	1.699285669	1.66410032	1.66410032
1.597731042	1.597731042	1.597731042	1.597731042	1.597731042	1.597731042	1.597731042	1.597731042	1.351976248	1.351976248	1.351976248	1.351976248	1.351976248	1.351976248	1.351976248	1.351976248	1.351976248	1.351976248	1.351976248	1.351976248	1.351976248	1.351976248	1.351976248	1.351976248	1.739174271	1.739174271	1.739174271	1.739174271	1.739174271	1.632778191	1.632778191	1.632778191	1.632778191	1.632778191	1.632778191	1.632778191	1.632778191	1.632778191	1.632778191	1.653304559	1.653304559	1.651034981	1.651034981	1.651034981	1.651034981	1.651034981	1.651034981	1.651034981	1.651034981	1.651034981	1.651034981	1.651034981	1.651034981	1.651034981	1.651034981	1.651034981	1.653089757	1.653089757	1.653089757	1.653089757	1.653089757	1.653089757	1.653089757	1.653089757	1.653089757	1.653089757	1.653089757	1.653089757	1.653089757	1.653089757	1.653089757	1.653089757	1.653089757	1.653089757	1.653089757	1.653089757	1.653089757	1.653089757	1.66688743	1.66688743	1.66688743	1.66688743	1.66688743	1.66688743	1.66688743	1.66688743	1.668184204	1.668184204	1.668184204	1.668184204	1.668184204	1.668184204	1.668184204	1.668184204	1.593285813	1.593285813
2.009786869	2.009786869	2.009786869	2.009786869	2.009786869	2.009786869	2.009786869	2.009786869	2.037597892	2.037597892	2.037597892	2.037597892	2.037597892	2.037597892	2.037597892	2.037597892	2.037597892	2.037597892	2.037597892	2.037597892	2.037597892	2.037597892	2.037597892	2.037597892	1.497354179	1.497354179	1.497354179	1.497354179	1.497354179	1.64903619	1.64903619	1.64903619	1.64903619	1.64903619	1.64903619	1.64903619	1.64903619	1.64903619	1.64903619	1.64851138	1.64851138	1.624217975	1.624217975	1.624217975	1.624217975	1.624217975	1.624217975	1.624217975	1.624217975	1.624217975	1.624217975	1.624217975	1.624217975	1.624217975	1.624217975	1.624217975	1.593233516	1.593233516	1.593233516	1.593233516	1.593233516	1.593233516	1.593233516	1.593233516	1.593233516	1.593233516	1.593233516	1.593233516	1.593233516	1.593233516	1.593233516	1.593233516	1.593233516	1.593233516	1.593233516	1.593233516	1.593233516	1.593233516	1.586225322	1.586225322	1.586225322	1.586225322	1.586225322	1.586225322	1.586225322	1.586225322	1.584861796	1.584861796	1.584861796	1.584861796	1.584861796	1.584861796	1.584861796	1.584861796	1.556855524	1.556855524
1.14640673	1.14640673	1.14640673	1.14640673	1.14640673	1.14640673	1.14640673	1.14640673	1.743648102	1.743648102	1.743648102	1.743648102	1.743648102	1.743648102	1.743648102	1.743648102	1.743648102	1.743648102	1.743648102	1.743648102	1.743648102	1.743648102	1.743648102	1.743648102	1.475263848	1.475263848	1.475263848	1.475263848	1.475263848	1.392133852	1.392133852	1.392133852	1.392133852	1.392133852	1.392133852	1.392133852	1.392133852	1.392133852	1.392133852	1.38235882	1.38235882	1.399867321	1.399867321	1.399867321	1.399867321	1.399867321	1.399867321	1.399867321	1.399867321	1.399867321	1.399867321	1.399867321	1.399867321	1.399867321	1.399867321	1.399867321	1.366294883	1.366294883	1.366294883	1.366294883	1.366294883	1.366294883	1.366294883	1.366294883	1.366294883	1.366294883	1.366294883	1.366294883	1.366294883	1.366294883	1.366294883	1.366294883	1.366294883	1.366294883	1.366294883	1.366294883	1.366294883	1.366294883	1.372206962	1.372206962	1.372206962	1.372206962	1.372206962	1.372206962	1.372206962	1.372206962	1.373673423	1.373673423	1.373673423	1.373673423	1.373673423	1.373673423	1.373673423	1.373673423	1.380742979	1.380742979
1.761511642	1.761511642	1.761511642	1.761511642	1.761511642	1.761511642	1.761511642	1.761511642	1.762513155	1.762513155	1.762513155	1.762513155	1.762513155	1.762513155	1.762513155	1.762513155	1.762513155	1.762513155	1.762513155	1.762513155	1.762513155	1.762513155	1.762513155	1.762513155	1.659789141	1.659789141	1.659789141	1.659789141	1.659789141	1.682457383	1.682457383	1.682457383	1.682457383	1.682457383	1.682457383	1.682457383	1.682457383	1.682457383	1.682457383	1.642569889	1.642569889	1.663058023	1.663058023	1.663058023	1.663058023	1.663058023	1.663058023	1.663058023	1.663058023	1.663058023	1.663058023	1.663058023	1.663058023	1.663058023	1.663058023	1.663058023	1.672888618	1.672888618	1.672888618	1.672888618	1.672888618	1.672888618	1.672888618	1.672888618	1.672888618	1.672888618	1.672888618	1.672888618	1.672888618	1.672888618	1.672888618	1.672888618	1.672888618	1.672888618	1.672888618	1.672888618	1.672888618	1.672888618	1.677554635	1.677554635	1.677554635	1.677554635	1.677554635	1.677554635	1.677554635	1.677554635	1.676111547	1.676111547	1.676111547	1.676111547	1.676111547	1.676111547	1.676111547	1.676111547	1.667637975	1.667637975
1.470218635	1.470218635	1.470218635	1.470218635	1.470218635	1.470218635	1.470218635	1.470218635	1.410966196	1.410966196	1.410966196	1.410966196	1.410966196	1.410966196	1.410966196	1.410966196	1.410966196	1.410966196	1.410966196	1.410966196	1.410966196	1.410966196	1.410966196	1.410966196	1.632689329	1.632689329	1.632689329	1.632689329	1.632689329	1.715377982	1.715377982	1.715377982	1.715377982	1.715377982	1.715377982	1.715377982	1.715377982	1.715377982	1.715377982	1.594930141	1.594930141	1.678541669	1.678541669	1.678541669	1.678541669	1.678541669	1.678541669	1.678541669	1.678541669	1.678541669	1.678541669	1.678541669	1.678541669	1.678541669	1.678541669	1.678541669	1.656601252	1.656601252	1.656601252	1.656601252	1.656601252	1.656601252	1.656601252	1.656601252	1.656601252	1.656601252	1.656601252	1.656601252	1.656601252	1.656601252	1.656601252	1.656601252	1.656601252	1.656601252	1.656601252	1.656601252	1.656601252	1.656601252	1.637151343	1.637151343	1.637151343	1.637151343	1.637151343	1.637151343	1.637151343	1.637151343	1.63830915	1.63830915	1.63830915	1.63830915	1.63830915	1.63830915	1.63830915	1.63830915	1.662118616	1.662118616
2.368921653	2.368921653	2.368921653	2.368921653	2.368921653	2.368921653	2.368921653	2.368921653	2.59264564	2.59264564	2.59264564	2.59264564	2.59264564	2.59264564	2.59264564	2.59264564	2.59264564	2.59264564	2.59264564	2.59264564	2.59264564	2.59264564	2.59264564	2.59264564	2.202291209	2.202291209	2.202291209	2.202291209	2.202291209	2.083826154	2.083826154	2.083826154	2.083826154	2.083826154	2.083826154	2.083826154	2.083826154	2.083826154	2.083826154	1.922332493	1.922332493	1.965197951	1.965197951	1.965197951	1.965197951	1.965197951	1.965197951	1.965197951	1.965197951	1.965197951	1.965197951	1.965197951	1.965197951	1.965197951	1.965197951	1.965197951	1.907830313	1.907830313	1.907830313	1.907830313	1.907830313	1.907830313	1.907830313	1.907830313	1.907830313	1.907830313	1.907830313	1.907830313	1.907830313	1.907830313	1.907830313	1.907830313	1.907830313	1.907830313	1.907830313	1.907830313	1.907830313	1.907830313	1.910870112	1.910870112	1.910870112	1.910870112	1.910870112	1.910870112	1.910870112	1.910870112	1.909233623	1.909233623	1.909233623	1.909233623	1.909233623	1.909233623	1.909233623	1.909233623	1.895035421	1.895035421
1.766489984	1.766489984	1.766489984	1.766489984	1.766489984	1.766489984	1.766489984	1.766489984	1.940698534	1.940698534	1.940698534	1.940698534	1.940698534	1.940698534	1.940698534	1.940698534	1.940698534	1.940698534	1.940698534	1.940698534	1.940698534	1.940698534	1.940698534	1.940698534	1.766483618	1.766483618	1.766483618	1.766483618	1.766483618	1.749430366	1.749430366	1.749430366	1.749430366	1.749430366	1.749430366	1.749430366	1.749430366	1.749430366	1.749430366	1.703129297	1.703129297	1.762982507	1.762982507	1.762982507	1.762982507	1.762982507	1.762982507	1.762982507	1.762982507	1.762982507	1.762982507	1.762982507	1.762982507	1.762982507	1.762982507	1.762982507	1.711835249	1.711835249	1.711835249	1.711835249	1.711835249	1.711835249	1.711835249	1.711835249	1.711835249	1.711835249	1.711835249	1.711835249	1.711835249	1.711835249	1.711835249	1.711835249	1.711835249	1.711835249	1.711835249	1.711835249	1.711835249	1.711835249	1.715622171	1.715622171	1.715622171	1.715622171	1.715622171	1.715622171	1.715622171	1.715622171	1.716631731	1.716631731	1.716631731	1.716631731	1.716631731	1.716631731	1.716631731	1.716631731	1.723013356	1.723013356
2.120959858	2.120959858	2.120959858	2.120959858	2.120959858	2.120959858	2.120959858	2.120959858	2.170811879	2.170811879	2.170811879	2.170811879	2.170811879	2.170811879	2.170811879	2.170811879	2.170811879	2.170811879	2.170811879	2.170811879	2.170811879	2.170811879	2.170811879	2.170811879	1.926841887	1.926841887	1.926841887	1.926841887	1.926841887	2.025336854	2.025336854	2.025336854	2.025336854	2.025336854	2.025336854	2.025336854	2.025336854	2.025336854	2.025336854	1.934374238	1.934374238	1.994774061	1.994774061	1.994774061	1.994774061	1.994774061	1.994774061	1.994774061	1.994774061	1.994774061	1.994774061	1.994774061	1.994774061	1.994774061	1.994774061	1.994774061	2.019230256	2.019230256	2.019230256	2.019230256	2.019230256	2.019230256	2.019230256	2.019230256	2.019230256	2.019230256	2.019230256	2.019230256	2.019230256	2.019230256	2.019230256	2.019230256	2.019230256	2.019230256	2.019230256	2.019230256	2.019230256	2.019230256	2.016785239	2.016785239	2.016785239	2.016785239	2.016785239	2.016785239	2.016785239	2.016785239	2.01747493	2.01747493	2.01747493	2.01747493	2.01747493	2.01747493	2.01747493	2.01747493	2.011636963	2.011636963
2.206591633	2.206591633	2.206591633	2.206591633	2.206591633	2.206591633	2.206591633	2.206591633	1.955187489	1.955187489	1.955187489	1.955187489	1.955187489	1.955187489	1.955187489	1.955187489	1.955187489	1.955187489	1.955187489	1.955187489	1.955187489	1.955187489	1.955187489	1.955187489	2.077506257	2.077506257	2.077506257	2.077506257	2.077506257	2.059980242	2.059980242	2.059980242	2.059980242	2.059980242	2.059980242	2.059980242	2.059980242	2.059980242	2.059980242	1.897665169	1.897665169	1.916226298	1.916226298	1.916226298	1.916226298	1.916226298	1.916226298	1.916226298	1.916226298	1.916226298	1.916226298	1.916226298	1.916226298	1.916226298	1.916226298	1.916226298	1.799991757	1.799991757	1.799991757	1.799991757	1.799991757	1.799991757	1.799991757	1.799991757	1.799991757	1.799991757	1.799991757	1.799991757	1.799991757	1.799991757	1.799991757	1.799991757	1.799991757	1.799991757	1.799991757	1.799991757	1.799991757	1.799991757	1.818773691	1.818773691	1.818773691	1.818773691	1.818773691	1.818773691	1.818773691	1.818773691	1.81721423	1.81721423	1.81721423	1.81721423	1.81721423	1.81721423	1.81721423	1.81721423	1.817557927	1.817557927
2.300756198	2.300756198	2.300756198	2.300756198	2.300756198	2.300756198	2.300756198	2.300756198	2.137340679	2.137340679	2.137340679	2.137340679	2.137340679	2.137340679	2.137340679	2.137340679	2.137340679	2.137340679	2.137340679	2.137340679	2.137340679	2.137340679	2.137340679	2.137340679	2.218205553	2.218205553	2.218205553	2.218205553	2.218205553	2.292999872	2.292999872	2.292999872	2.292999872	2.292999872	2.292999872	2.292999872	2.292999872	2.292999872	2.292999872	2.188525423	2.188525423	2.248164277	2.248164277	2.248164277	2.248164277	2.248164277	2.248164277	2.248164277	2.248164277	2.248164277	2.248164277	2.248164277	2.248164277	2.248164277	2.248164277	2.248164277	2.397533954	2.397533954	2.397533954	2.397533954	2.397533954	2.397533954	2.397533954	2.397533954	2.397533954	2.397533954	2.397533954	2.397533954	2.397533954	2.397533954	2.397533954	2.397533954	2.397533954	2.397533954	2.397533954	2.397533954	2.397533954	2.397533954	2.40390581	2.40390581	2.40390581	2.40390581	2.40390581	2.40390581	2.40390581	2.40390581	2.404191768	2.404191768	2.404191768	2.404191768	2.404191768	2.404191768	2.404191768	2.404191768	2.355818603	2.355818603
1.953608934	1.953608934	1.953608934	1.953608934	1.953608934	1.953608934	1.953608934	1.953608934	2.202163507	2.202163507	2.202163507	2.202163507	2.202163507	2.202163507	2.202163507	2.202163507	2.202163507	2.202163507	2.202163507	2.202163507	2.202163507	2.202163507	2.202163507	2.202163507	2.170067073	2.170067073	2.170067073	2.170067073	2.170067073	2.026851868	2.026851868	2.026851868	2.026851868	2.026851868	2.026851868	2.026851868	2.026851868	2.026851868	2.026851868	1.95396523	1.95396523	2.028389482	2.028389482	2.028389482	2.028389482	2.028389482	2.028389482	2.028389482	2.028389482	2.028389482	2.028389482	2.028389482	2.028389482	2.028389482	2.028389482	2.028389482	2.036483872	2.036483872	2.036483872	2.036483872	2.036483872	2.036483872	2.036483872	2.036483872	2.036483872	2.036483872	2.036483872	2.036483872	2.036483872	2.036483872	2.036483872	2.036483872	2.036483872	2.036483872	2.036483872	2.036483872	2.036483872	2.036483872	2.045173082	2.045173082	2.045173082	2.045173082	2.045173082	2.045173082	2.045173082	2.045173082	2.045704699	2.045704699	2.045704699	2.045704699	2.045704699	2.045704699	2.045704699	2.045704699	2.018291298	2.018291298
1.957774477	1.957774477	1.957774477	1.957774477	1.957774477	1.957774477	1.957774477	1.957774477	1.989360163	1.989360163	1.989360163	1.989360163	1.989360163	1.989360163	1.989360163	1.989360163	1.989360163	1.989360163	1.989360163	1.989360163	1.989360163	1.989360163	1.989360163	1.989360163	1.948688767	1.948688767	1.948688767	1.948688767	1.948688767	1.951454511	1.951454511	1.951454511	1.951454511	1.951454511	1.951454511	1.951454511	1.951454511	1.951454511	1.951454511	1.934944089	1.934944089	2.006630855	2.006630855	2.006630855	2.006630855	2.006630855	2.006630855	2.006630855	2.006630855	2.006630855	2.006630855	2.006630855	2.006630855	2.006630855	2.006630855	2.006630855	1.948870852	1.948870852	1.948870852	1.948870852	1.948870852	1.948870852	1.948870852	1.948870852	1.948870852	1.948870852	1.948870852	1.948870852	1.948870852	1.948870852	1.948870852	1.948870852	1.948870852	1.948870852	1.948870852	1.948870852	1.948870852	1.948870852	1.959881964	1.959881964	1.959881964	1.959881964	1.959881964	1.959881964	1.959881964	1.959881964	1.960430717	1.960430717	1.960430717	1.960430717	1.960430717	1.960430717	1.960430717	1.960430717	1.942694577	1.942694577
2.098734063	2.098734063	2.098734063	2.098734063	2.098734063	2.098734063	2.098734063	2.098734063	2.303535198	2.303535198	2.303535198	2.303535198	2.303535198	2.303535198	2.303535198	2.303535198	2.303535198	2.303535198	2.303535198	2.303535198	2.303535198	2.303535198	2.303535198	2.303535198	2.255082552	2.255082552	2.255082552	2.255082552	2.255082552	2.309731922	2.309731922	2.309731922	2.309731922	2.309731922	2.309731922	2.309731922	2.309731922	2.309731922	2.309731922	2.132976681	2.132976681	2.239858648	2.239858648	2.239858648	2.239858648	2.239858648	2.239858648	2.239858648	2.239858648	2.239858648	2.239858648	2.239858648	2.239858648	2.239858648	2.239858648	2.239858648	2.170525785	2.170525785	2.170525785	2.170525785	2.170525785	2.170525785	2.170525785	2.170525785	2.170525785	2.170525785	2.170525785	2.170525785	2.170525785	2.170525785	2.170525785	2.170525785	2.170525785	2.170525785	2.170525785	2.170525785	2.170525785	2.170525785	2.169662808	2.169662808	2.169662808	2.169662808	2.169662808	2.169662808	2.169662808	2.169662808	2.167809875	2.167809875	2.167809875	2.167809875	2.167809875	2.167809875	2.167809875	2.167809875	2.143384528	2.143384528
2.361267163	2.361267163	2.361267163	2.361267163	2.361267163	2.361267163	2.361267163	2.361267163	2.362634155	2.362634155	2.362634155	2.362634155	2.362634155	2.362634155	2.362634155	2.362634155	2.362634155	2.362634155	2.362634155	2.362634155	2.362634155	2.362634155	2.362634155	2.362634155	2.205348071	2.205348071	2.205348071	2.205348071	2.205348071	2.274368231	2.274368231	2.274368231	2.274368231	2.274368231	2.274368231	2.274368231	2.274368231	2.274368231	2.274368231	2.212005994	2.212005994	2.279556663	2.279556663	2.279556663	2.279556663	2.279556663	2.279556663	2.279556663	2.279556663	2.279556663	2.279556663	2.279556663	2.279556663	2.279556663	2.279556663	2.279556663	2.184398834	2.184398834	2.184398834	2.184398834	2.184398834	2.184398834	2.184398834	2.184398834	2.184398834	2.184398834	2.184398834	2.184398834	2.184398834	2.184398834	2.184398834	2.184398834	2.184398834	2.184398834	2.184398834	2.184398834	2.184398834	2.184398834	2.208447209	2.208447209	2.208447209	2.208447209	2.208447209	2.208447209	2.208447209	2.208447209	2.208720801	2.208720801	2.208720801	2.208720801	2.208720801	2.208720801	2.208720801	2.208720801	2.166764866	2.166764866
2.21986678	2.21986678	2.21986678	2.21986678	2.21986678	2.21986678	2.21986678	2.21986678	2.271662236	2.271662236	2.271662236	2.271662236	2.271662236	2.271662236	2.271662236	2.271662236	2.271662236	2.271662236	2.271662236	2.271662236	2.271662236	2.271662236	2.271662236	2.271662236	2.32182901	2.32182901	2.32182901	2.32182901	2.32182901	2.22378895	2.22378895	2.22378895	2.22378895	2.22378895	2.22378895	2.22378895	2.22378895	2.22378895	2.22378895	2.198657752	2.198657752	2.228748917	2.228748917	2.228748917	2.228748917	2.228748917	2.228748917	2.228748917	2.228748917	2.228748917	2.228748917	2.228748917	2.228748917	2.228748917	2.228748917	2.228748917	2.242204854	2.242204854	2.242204854	2.242204854	2.242204854	2.242204854	2.242204854	2.242204854	2.242204854	2.242204854	2.242204854	2.242204854	2.242204854	2.242204854	2.242204854	2.242204854	2.242204854	2.242204854	2.242204854	2.242204854	2.242204854	2.242204854	2.256144676	2.256144676	2.256144676	2.256144676	2.256144676	2.256144676	2.256144676	2.256144676	2.256325491	2.256325491	2.256325491	2.256325491	2.256325491	2.256325491	2.256325491	2.256325491	2.270112123	2.270112123
2.844830557	2.844830557	2.844830557	2.844830557	2.844830557	2.844830557	2.844830557	2.844830557	2.619883074	2.619883074	2.619883074	2.619883074	2.619883074	2.619883074	2.619883074	2.619883074	2.619883074	2.619883074	2.619883074	2.619883074	2.619883074	2.619883074	2.619883074	2.619883074	2.589141393	2.589141393	2.589141393	2.589141393	2.589141393	2.656026575	2.656026575	2.656026575	2.656026575	2.656026575	2.656026575	2.656026575	2.656026575	2.656026575	2.656026575	2.623212925	2.623212925	2.637590819	2.637590819	2.637590819	2.637590819	2.637590819	2.637590819	2.637590819	2.637590819	2.637590819	2.637590819	2.637590819	2.637590819	2.637590819	2.637590819	2.637590819	2.770400442	2.770400442	2.770400442	2.770400442	2.770400442	2.770400442	2.770400442	2.770400442	2.770400442	2.770400442	2.770400442	2.770400442	2.770400442	2.770400442	2.770400442	2.770400442	2.770400442	2.770400442	2.770400442	2.770400442	2.770400442	2.770400442	2.778666447	2.778666447	2.778666447	2.778666447	2.778666447	2.778666447	2.778666447	2.778666447	2.778353694	2.778353694	2.778353694	2.778353694	2.778353694	2.778353694	2.778353694	2.778353694	2.769201642	2.769201642
2.552910611	2.552910611	2.552910611	2.552910611	2.552910611	2.552910611	2.552910611	2.552910611	2.812868787	2.812868787	2.812868787	2.812868787	2.812868787	2.812868787	2.812868787	2.812868787	2.812868787	2.812868787	2.812868787	2.812868787	2.812868787	2.812868787	2.812868787	2.812868787	2.523793259	2.523793259	2.523793259	2.523793259	2.523793259	2.556150531	2.556150531	2.556150531	2.556150531	2.556150531	2.556150531	2.556150531	2.556150531	2.556150531	2.556150531	2.55615577	2.55615577	2.520370411	2.520370411	2.520370411	2.520370411	2.520370411	2.520370411	2.520370411	2.520370411	2.520370411	2.520370411	2.520370411	2.520370411	2.520370411	2.520370411	2.520370411	2.570718052	2.570718052	2.570718052	2.570718052	2.570718052	2.570718052	2.570718052	2.570718052	2.570718052	2.570718052	2.570718052	2.570718052	2.570718052	2.570718052	2.570718052	2.570718052	2.570718052	2.570718052	2.570718052	2.570718052	2.570718052	2.570718052	2.593567276	2.593567276	2.593567276	2.593567276	2.593567276	2.593567276	2.593567276	2.593567276	2.593363992	2.593363992	2.593363992	2.593363992	2.593363992	2.593363992	2.593363992	2.593363992	2.551109665	2.551109665
1.632244584	1.632244584	1.632244584	1.632244584	1.632244584	1.632244584	1.632244584	1.632244584	1.746448591	1.746448591	1.746448591	1.746448591	1.746448591	1.746448591	1.746448591	1.746448591	1.746448591	1.746448591	1.746448591	1.746448591	1.746448591	1.746448591	1.746448591	1.746448591	1.851904777	1.851904777	1.851904777	1.851904777	1.851904777	1.791000475	1.791000475	1.791000475	1.791000475	1.791000475	1.791000475	1.791000475	1.791000475	1.791000475	1.791000475	1.754430965	1.754430965	1.764463355	1.764463355	1.764463355	1.764463355	1.764463355	1.764463355	1.764463355	1.764463355	1.764463355	1.764463355	1.764463355	1.764463355	1.764463355	1.764463355	1.764463355	1.749536652	1.749536652	1.749536652	1.749536652	1.749536652	1.749536652	1.749536652	1.749536652	1.749536652	1.749536652	1.749536652	1.749536652	1.749536652	1.749536652	1.749536652	1.749536652	1.749536652	1.749536652	1.749536652	1.749536652	1.749536652	1.749536652	1.768372014	1.768372014	1.768372014	1.768372014	1.768372014	1.768372014	1.768372014	1.768372014	1.770749879	1.770749879	1.770749879	1.770749879	1.770749879	1.770749879	1.770749879	1.770749879	1.755918081	1.755918081
2.235740825	2.235740825	2.235740825	2.235740825	2.235740825	2.235740825	2.235740825	2.235740825	2.330872595	2.330872595	2.330872595	2.330872595	2.330872595	2.330872595	2.330872595	2.330872595	2.330872595	2.330872595	2.330872595	2.330872595	2.330872595	2.330872595	2.330872595	2.330872595	1.968269446	1.968269446	1.968269446	1.968269446	1.968269446	1.969760655	1.969760655	1.969760655	1.969760655	1.969760655	1.969760655	1.969760655	1.969760655	1.969760655	1.969760655	1.898134985	1.898134985	1.924678498	1.924678498	1.924678498	1.924678498	1.924678498	1.924678498	1.924678498	1.924678498	1.924678498	1.924678498	1.924678498	1.924678498	1.924678498	1.924678498	1.924678498	1.825105843	1.825105843	1.825105843	1.825105843	1.825105843	1.825105843	1.825105843	1.825105843	1.825105843	1.825105843	1.825105843	1.825105843	1.825105843	1.825105843	1.825105843	1.825105843	1.825105843	1.825105843	1.825105843	1.825105843	1.825105843	1.825105843	1.821084031	1.821084031	1.821084031	1.821084031	1.821084031	1.821084031	1.821084031	1.821084031	1.819517735	1.819517735	1.819517735	1.819517735	1.819517735	1.819517735	1.819517735	1.819517735	1.847888722	1.847888722
1.882993783	1.882993783	1.882993783	1.882993783	1.882993783	1.882993783	1.882993783	1.882993783	2.142391577	2.142391577	2.142391577	2.142391577	2.142391577	2.142391577	2.142391577	2.142391577	2.142391577	2.142391577	2.142391577	2.142391577	2.142391577	2.142391577	2.142391577	2.142391577	1.783108164	1.783108164	1.783108164	1.783108164	1.783108164	1.784433966	1.784433966	1.784433966	1.784433966	1.784433966	1.784433966	1.784433966	1.784433966	1.784433966	1.784433966	1.769680512	1.769680512	1.810360344	1.810360344	1.810360344	1.810360344	1.810360344	1.810360344	1.810360344	1.810360344	1.810360344	1.810360344	1.810360344	1.810360344	1.810360344	1.810360344	1.810360344	1.733105316	1.733105316	1.733105316	1.733105316	1.733105316	1.733105316	1.733105316	1.733105316	1.733105316	1.733105316	1.733105316	1.733105316	1.733105316	1.733105316	1.733105316	1.733105316	1.733105316	1.733105316	1.733105316	1.733105316	1.733105316	1.733105316	1.728911408	1.728911408	1.728911408	1.728911408	1.728911408	1.728911408	1.728911408	1.728911408	1.729312052	1.729312052	1.729312052	1.729312052	1.729312052	1.729312052	1.729312052	1.729312052	1.784355923	1.784355923
1.46348619	1.46348619	1.46348619	1.46348619	1.46348619	1.46348619	1.46348619	1.46348619	1.133665042	1.133665042	1.133665042	1.133665042	1.133665042	1.133665042	1.133665042	1.133665042	1.133665042	1.133665042	1.133665042	1.133665042	1.133665042	1.133665042	1.133665042	1.133665042	1.462014345	1.462014345	1.462014345	1.462014345	1.462014345	1.463083889	1.463083889	1.463083889	1.463083889	1.463083889	1.463083889	1.463083889	1.463083889	1.463083889	1.463083889	1.295514726	1.295514726	1.394290597	1.394290597	1.394290597	1.394290597	1.394290597	1.394290597	1.394290597	1.394290597	1.394290597	1.394290597	1.394290597	1.394290597	1.394290597	1.394290597	1.394290597	1.405144697	1.405144697	1.405144697	1.405144697	1.405144697	1.405144697	1.405144697	1.405144697	1.405144697	1.405144697	1.405144697	1.405144697	1.405144697	1.405144697	1.405144697	1.405144697	1.405144697	1.405144697	1.405144697	1.405144697	1.405144697	1.405144697	1.39867595	1.39867595	1.39867595	1.39867595	1.39867595	1.39867595	1.39867595	1.39867595	1.399322259	1.399322259	1.399322259	1.399322259	1.399322259	1.399322259	1.399322259	1.399322259	1.335446408	1.335446408
1.196341058	1.196341058	1.196341058	1.196341058	1.196341058	1.196341058	1.196341058	1.196341058	1.310066227	1.310066227	1.310066227	1.310066227	1.310066227	1.310066227	1.310066227	1.310066227	1.310066227	1.310066227	1.310066227	1.310066227	1.310066227	1.310066227	1.310066227	1.310066227	1.154413975	1.154413975	1.154413975	1.154413975	1.154413975	1.241355432	1.241355432	1.241355432	1.241355432	1.241355432	1.241355432	1.241355432	1.241355432	1.241355432	1.241355432	1.263815832	1.263815832	1.284028647	1.284028647	1.284028647	1.284028647	1.284028647	1.284028647	1.284028647	1.284028647	1.284028647	1.284028647	1.284028647	1.284028647	1.284028647	1.284028647	1.284028647	1.238181009	1.238181009	1.238181009	1.238181009	1.238181009	1.238181009	1.238181009	1.238181009	1.238181009	1.238181009	1.238181009	1.238181009	1.238181009	1.238181009	1.238181009	1.238181009	1.238181009	1.238181009	1.238181009	1.238181009	1.238181009	1.238181009	1.23249837	1.23249837	1.23249837	1.23249837	1.23249837	1.23249837	1.23249837	1.23249837	1.231441553	1.231441553	1.231441553	1.231441553	1.231441553	1.231441553	1.231441553	1.231441553	1.228188874	1.228188874
1.429845744	1.429845744	1.429845744	1.429845744	1.429845744	1.429845744	1.429845744	1.429845744	1.014313422	1.014313422	1.014313422	1.014313422	1.014313422	1.014313422	1.014313422	1.014313422	1.014313422	1.014313422	1.014313422	1.014313422	1.014313422	1.014313422	1.014313422	1.014313422	1.424525514	1.424525514	1.424525514	1.424525514	1.424525514	1.396034068	1.396034068	1.396034068	1.396034068	1.396034068	1.396034068	1.396034068	1.396034068	1.396034068	1.396034068	1.367516991	1.367516991	1.372674091	1.372674091	1.372674091	1.372674091	1.372674091	1.372674091	1.372674091	1.372674091	1.372674091	1.372674091	1.372674091	1.372674091	1.372674091	1.372674091	1.372674091	1.37506847	1.37506847	1.37506847	1.37506847	1.37506847	1.37506847	1.37506847	1.37506847	1.37506847	1.37506847	1.37506847	1.37506847	1.37506847	1.37506847	1.37506847	1.37506847	1.37506847	1.37506847	1.37506847	1.37506847	1.37506847	1.37506847	1.378710733	1.378710733	1.378710733	1.378710733	1.378710733	1.378710733	1.378710733	1.378710733	1.379332213	1.379332213	1.379332213	1.379332213	1.379332213	1.379332213	1.379332213	1.379332213	1.401901166	1.401901166
0.883647123	0.883647123	0.883647123	0.883647123	0.883647123	0.883647123	0.883647123	0.883647123	0.833404395	0.833404395	0.833404395	0.833404395	0.833404395	0.833404395	0.833404395	0.833404395	0.833404395	0.833404395	0.833404395	0.833404395	0.833404395	0.833404395	0.833404395	0.833404395	1.12518768	1.12518768	1.12518768	1.12518768	1.12518768	1.083373241	1.083373241	1.083373241	1.083373241	1.083373241	1.083373241	1.083373241	1.083373241	1.083373241	1.083373241	1.054126011	1.054126011	1.028401641	1.028401641	1.028401641	1.028401641	1.028401641	1.028401641	1.028401641	1.028401641	1.028401641	1.028401641	1.028401641	1.028401641	1.028401641	1.028401641	1.028401641	1.059360288	1.059360288	1.059360288	1.059360288	1.059360288	1.059360288	1.059360288	1.059360288	1.059360288	1.059360288	1.059360288	1.059360288	1.059360288	1.059360288	1.059360288	1.059360288	1.059360288	1.059360288	1.059360288	1.059360288	1.059360288	1.059360288	1.055799291	1.055799291	1.055799291	1.055799291	1.055799291	1.055799291	1.055799291	1.055799291	1.054897756	1.054897756	1.054897756	1.054897756	1.054897756	1.054897756	1.054897756	1.054897756	1.080533371	1.080533371
0.785127186	0.785127186	0.785127186	0.785127186	0.785127186	0.785127186	0.785127186	0.785127186	1.220622859	1.220622859	1.220622859	1.220622859	1.220622859	1.220622859	1.220622859	1.220622859	1.220622859	1.220622859	1.220622859	1.220622859	1.220622859	1.220622859	1.220622859	1.220622859	0.835659459	0.835659459	0.835659459	0.835659459	0.835659459	0.919354574	0.919354574	0.919354574	0.919354574	0.919354574	0.919354574	0.919354574	0.919354574	0.919354574	0.919354574	0.882228925	0.882228925	0.797523057	0.797523057	0.797523057	0.797523057	0.797523057	0.797523057	0.797523057	0.797523057	0.797523057	0.797523057	0.797523057	0.797523057	0.797523057	0.797523057	0.797523057	0.852833769	0.852833769	0.852833769	0.852833769	0.852833769	0.852833769	0.852833769	0.852833769	0.852833769	0.852833769	0.852833769	0.852833769	0.852833769	0.852833769	0.852833769	0.852833769	0.852833769	0.852833769	0.852833769	0.852833769	0.852833769	0.852833769	0.8517894	0.8517894	0.8517894	0.8517894	0.8517894	0.8517894	0.8517894	0.8517894	0.852823522	0.852823522	0.852823522	0.852823522	0.852823522	0.852823522	0.852823522	0.852823522	0.844781992	0.844781992
0.838510826	0.838510826	0.838510826	0.838510826	0.838510826	0.838510826	0.838510826	0.838510826	0.703078401	0.703078401	0.703078401	0.703078401	0.703078401	0.703078401	0.703078401	0.703078401	0.703078401	0.703078401	0.703078401	0.703078401	0.703078401	0.703078401	0.703078401	0.703078401	1.103459472	1.103459472	1.103459472	1.103459472	1.103459472	0.993385652	0.993385652	0.993385652	0.993385652	0.993385652	0.993385652	0.993385652	0.993385652	0.993385652	0.993385652	0.93254355	0.93254355	0.893320724	0.893320724	0.893320724	0.893320724	0.893320724	0.893320724	0.893320724	0.893320724	0.893320724	0.893320724	0.893320724	0.893320724	0.893320724	0.893320724	0.893320724	0.723934667	0.723934667	0.723934667	0.723934667	0.723934667	0.723934667	0.723934667	0.723934667	0.723934667	0.723934667	0.723934667	0.723934667	0.723934667	0.723934667	0.723934667	0.723934667	0.723934667	0.723934667	0.723934667	0.723934667	0.723934667	0.723934667	0.727861281	0.727861281	0.727861281	0.727861281	0.727861281	0.727861281	0.727861281	0.727861281	0.727237791	0.727237791	0.727237791	0.727237791	0.727237791	0.727237791	0.727237791	0.727237791	0.674846304	0.674846304
0.780921965	0.780921965	0.780921965	0.780921965	0.780921965	0.780921965	0.780921965	0.780921965	0.979538503	0.979538503	0.979538503	0.979538503	0.979538503	0.979538503	0.979538503	0.979538503	0.979538503	0.979538503	0.979538503	0.979538503	0.979538503	0.979538503	0.979538503	0.979538503	0.81967672	0.81967672	0.81967672	0.81967672	0.81967672	0.902015136	0.902015136	0.902015136	0.902015136	0.902015136	0.902015136	0.902015136	0.902015136	0.902015136	0.902015136	0.852052234	0.852052234	0.84204911	0.84204911	0.84204911	0.84204911	0.84204911	0.84204911	0.84204911	0.84204911	0.84204911	0.84204911	0.84204911	0.84204911	0.84204911	0.84204911	0.84204911	1.013633576	1.013633576	1.013633576	1.013633576	1.013633576	1.013633576	1.013633576	1.013633576	1.013633576	1.013633576	1.013633576	1.013633576	1.013633576	1.013633576	1.013633576	1.013633576	1.013633576	1.013633576	1.013633576	1.013633576	1.013633576	1.013633576	1.014673649	1.014673649	1.014673649	1.014673649	1.014673649	1.014673649	1.014673649	1.014673649	1.015536247	1.015536247	1.015536247	1.015536247	1.015536247	1.015536247	1.015536247	1.015536247	1.039967625	1.039967625
1.156155822	1.156155822	1.156155822	1.156155822	1.156155822	1.156155822	1.156155822	1.156155822	1.053374061	1.053374061	1.053374061	1.053374061	1.053374061	1.053374061	1.053374061	1.053374061	1.053374061	1.053374061	1.053374061	1.053374061	1.053374061	1.053374061	1.053374061	1.053374061	0.947874395	0.947874395	0.947874395	0.947874395	0.947874395	0.934396398	0.934396398	0.934396398	0.934396398	0.934396398	0.934396398	0.934396398	0.934396398	0.934396398	0.934396398	0.859111813	0.859111813	0.835017809	0.835017809	0.835017809	0.835017809	0.835017809	0.835017809	0.835017809	0.835017809	0.835017809	0.835017809	0.835017809	0.835017809	0.835017809	0.835017809	0.835017809	0.72665679	0.72665679	0.72665679	0.72665679	0.72665679	0.72665679	0.72665679	0.72665679	0.72665679	0.72665679	0.72665679	0.72665679	0.72665679	0.72665679	0.72665679	0.72665679	0.72665679	0.72665679	0.72665679	0.72665679	0.72665679	0.72665679	0.720472883	0.720472883	0.720472883	0.720472883	0.720472883	0.720472883	0.720472883	0.720472883	0.719853984	0.719853984	0.719853984	0.719853984	0.719853984	0.719853984	0.719853984	0.719853984	0.722331588	0.722331588
1.035293396	1.035293396	1.035293396	1.035293396	1.035293396	1.035293396	1.035293396	1.035293396	1.405194956	1.405194956	1.405194956	1.405194956	1.405194956	1.405194956	1.405194956	1.405194956	1.405194956	1.405194956	1.405194956	1.405194956	1.405194956	1.405194956	1.405194956	1.405194956	1.072396336	1.072396336	1.072396336	1.072396336	1.072396336	1.085874333	1.085874333	1.085874333	1.085874333	1.085874333	1.085874333	1.085874333	1.085874333	1.085874333	1.085874333	1.162309329	1.162309329	1.197107071	1.197107071	1.197107071	1.197107071	1.197107071	1.197107071	1.197107071	1.197107071	1.197107071	1.197107071	1.197107071	1.197107071	1.197107071	1.197107071	1.197107071	1.231405465	1.231405465	1.231405465	1.231405465	1.231405465	1.231405465	1.231405465	1.231405465	1.231405465	1.231405465	1.231405465	1.231405465	1.231405465	1.231405465	1.231405465	1.231405465	1.231405465	1.231405465	1.231405465	1.231405465	1.231405465	1.231405465	1.234510004	1.234510004	1.234510004	1.234510004	1.234510004	1.234510004	1.234510004	1.234510004	1.23345984	1.23345984	1.23345984	1.23345984	1.23345984	1.23345984	1.23345984	1.23345984	1.032824886	1.032824886
0.802477855	0.802477855	0.802477855	0.802477855	0.802477855	0.802477855	0.802477855	0.802477855	1.039634467	1.039634467	1.039634467	1.039634467	1.039634467	1.039634467	1.039634467	1.039634467	1.039634467	1.039634467	1.039634467	1.039634467	1.039634467	1.039634467	1.039634467	1.039634467	0.796816965	0.796816965	0.796816965	0.796816965	0.796816965	0.823268493	0.823268493	0.823268493	0.823268493	0.823268493	0.823268493	0.823268493	0.823268493	0.823268493	0.823268493	0.814039583	0.814039583	0.832338867	0.832338867	0.832338867	0.832338867	0.832338867	0.832338867	0.832338867	0.832338867	0.832338867	0.832338867	0.832338867	0.832338867	0.832338867	0.832338867	0.832338867	0.895170451	0.895170451	0.895170451	0.895170451	0.895170451	0.895170451	0.895170451	0.895170451	0.895170451	0.895170451	0.895170451	0.895170451	0.895170451	0.895170451	0.895170451	0.895170451	0.895170451	0.895170451	0.895170451	0.895170451	0.895170451	0.895170451	0.897954903	0.897954903	0.897954903	0.897954903	0.897954903	0.897954903	0.897954903	0.897954903	0.898874891	0.898874891	0.898874891	0.898874891	0.898874891	0.898874891	0.898874891	0.898874891	0.881510433	0.881510433
0.77625898	0.77625898	0.77625898	0.77625898	0.77625898	0.77625898	0.77625898	0.77625898	1.140650384	1.140650384	1.140650384	1.140650384	1.140650384	1.140650384	1.140650384	1.140650384	1.140650384	1.140650384	1.140650384	1.140650384	1.140650384	1.140650384	1.140650384	1.140650384	0.92166551	0.92166551	0.92166551	0.92166551	0.92166551	0.829661702	0.829661702	0.829661702	0.829661702	0.829661702	0.829661702	0.829661702	0.829661702	0.829661702	0.829661702	0.779731046	0.779731046	0.783659202	0.783659202	0.783659202	0.783659202	0.783659202	0.783659202	0.783659202	0.783659202	0.783659202	0.783659202	0.783659202	0.783659202	0.783659202	0.783659202	0.783659202	0.81224418	0.81224418	0.81224418	0.81224418	0.81224418	0.81224418	0.81224418	0.81224418	0.81224418	0.81224418	0.81224418	0.81224418	0.81224418	0.81224418	0.81224418	0.81224418	0.81224418	0.81224418	0.81224418	0.81224418	0.81224418	0.81224418	0.81346755	0.81346755	0.81346755	0.81346755	0.81346755	0.81346755	0.81346755	0.81346755	0.814437319	0.814437319	0.814437319	0.814437319	0.814437319	0.814437319	0.814437319	0.814437319	0.821880554	0.821880554
0.732427022	0.732427022	0.732427022	0.732427022	0.732427022	0.732427022	0.732427022	0.732427022	0.659254956	0.659254956	0.659254956	0.659254956	0.659254956	0.659254956	0.659254956	0.659254956	0.659254956	0.659254956	0.659254956	0.659254956	0.659254956	0.659254956	0.659254956	0.659254956	0.653170186	0.653170186	0.653170186	0.653170186	0.653170186	0.744760743	0.744760743	0.744760743	0.744760743	0.744760743	0.744760743	0.744760743	0.744760743	0.744760743	0.744760743	0.691087754	0.691087754	0.6945437	0.6945437	0.6945437	0.6945437	0.6945437	0.6945437	0.6945437	0.6945437	0.6945437	0.6945437	0.6945437	0.6945437	0.6945437	0.6945437	0.6945437	0.590993134	0.590993134	0.590993134	0.590993134	0.590993134	0.590993134	0.590993134	0.590993134	0.590993134	0.590993134	0.590993134	0.590993134	0.590993134	0.590993134	0.590993134	0.590993134	0.590993134	0.590993134	0.590993134	0.590993134	0.590993134	0.590993134	0.588837051	0.588837051	0.588837051	0.588837051	0.588837051	0.588837051	0.588837051	0.588837051	0.586677188	0.586677188	0.586677188	0.586677188	0.586677188	0.586677188	0.586677188	0.586677188	0.619572925	0.619572925
0.708427667	0.708427667	0.708427667	0.708427667	0.708427667	0.708427667	0.708427667	0.708427667	1.159984258	1.159984258	1.159984258	1.159984258	1.159984258	1.159984258	1.159984258	1.159984258	1.159984258	1.159984258	1.159984258	1.159984258	1.159984258	1.159984258	1.159984258	1.159984258	1.165061722	1.165061722	1.165061722	1.165061722	1.165061722	1.061773538	1.061773538	1.061773538	1.061773538	1.061773538	1.061773538	1.061773538	1.061773538	1.061773538	1.061773538	1.041390612	1.041390612	1.060250896	1.060250896	1.060250896	1.060250896	1.060250896	1.060250896	1.060250896	1.060250896	1.060250896	1.060250896	1.060250896	1.060250896	1.060250896	1.060250896	1.060250896	1.145594479	1.145594479	1.145594479	1.145594479	1.145594479	1.145594479	1.145594479	1.145594479	1.145594479	1.145594479	1.145594479	1.145594479	1.145594479	1.145594479	1.145594479	1.145594479	1.145594479	1.145594479	1.145594479	1.145594479	1.145594479	1.145594479	1.13631046	1.13631046	1.13631046	1.13631046	1.13631046	1.13631046	1.13631046	1.13631046	1.136992023	1.136992023	1.136992023	1.136992023	1.136992023	1.136992023	1.136992023	1.136992023	1.17674439	1.17674439
0.746395955	0.746395955	0.746395955	0.746395955	0.746395955	0.746395955	0.746395955	0.746395955	0.670226241	0.670226241	0.670226241	0.670226241	0.670226241	0.670226241	0.670226241	0.670226241	0.670226241	0.670226241	0.670226241	0.670226241	0.670226241	0.670226241	0.670226241	0.670226241	0.769234562	0.769234562	0.769234562	0.769234562	0.769234562	0.782607112	0.782607112	0.782607112	0.782607112	0.782607112	0.782607112	0.782607112	0.782607112	0.782607112	0.782607112	0.665718103	0.665718103	0.655292447	0.655292447	0.655292447	0.655292447	0.655292447	0.655292447	0.655292447	0.655292447	0.655292447	0.655292447	0.655292447	0.655292447	0.655292447	0.655292447	0.655292447	0.521908308	0.521908308	0.521908308	0.521908308	0.521908308	0.521908308	0.521908308	0.521908308	0.521908308	0.521908308	0.521908308	0.521908308	0.521908308	0.521908308	0.521908308	0.521908308	0.521908308	0.521908308	0.521908308	0.521908308	0.521908308	0.521908308	0.512119069	0.512119069	0.512119069	0.512119069	0.512119069	0.512119069	0.512119069	0.512119069	0.513310506	0.513310506	0.513310506	0.513310506	0.513310506	0.513310506	0.513310506	0.513310506	0.564854324	0.564854324
0.682776369	0.682776369	0.682776369	0.682776369	0.682776369	0.682776369	0.682776369	0.682776369	0.700962873	0.700962873	0.700962873	0.700962873	0.700962873	0.700962873	0.700962873	0.700962873	0.700962873	0.700962873	0.700962873	0.700962873	0.700962873	0.700962873	0.700962873	0.700962873	0.636539387	0.636539387	0.636539387	0.636539387	0.636539387	0.700416744	0.700416744	0.700416744	0.700416744	0.700416744	0.700416744	0.700416744	0.700416744	0.700416744	0.700416744	0.513237215	0.513237215	0.529281279	0.529281279	0.529281279	0.529281279	0.529281279	0.529281279	0.529281279	0.529281279	0.529281279	0.529281279	0.529281279	0.529281279	0.529281279	0.529281279	0.529281279	0.479135605	0.479135605	0.479135605	0.479135605	0.479135605	0.479135605	0.479135605	0.479135605	0.479135605	0.479135605	0.479135605	0.479135605	0.479135605	0.479135605	0.479135605	0.479135605	0.479135605	0.479135605	0.479135605	0.479135605	0.479135605	0.479135605	0.473896078	0.473896078	0.473896078	0.473896078	0.473896078	0.473896078	0.473896078	0.473896078	0.473488804	0.473488804	0.473488804	0.473488804	0.473488804	0.473488804	0.473488804	0.473488804	0.639926857	0.639926857
0.764658222	0.764658222	0.764658222	0.764658222	0.764658222	0.764658222	0.764658222	0.764658222	0.980998684	0.980998684	0.980998684	0.980998684	0.980998684	0.980998684	0.980998684	0.980998684	0.980998684	0.980998684	0.980998684	0.980998684	0.980998684	0.980998684	0.980998684	0.980998684	0.88440248	0.88440248	0.88440248	0.88440248	0.88440248	0.808902287	0.808902287	0.808902287	0.808902287	0.808902287	0.808902287	0.808902287	0.808902287	0.808902287	0.808902287	0.698083114	0.698083114	0.701378651	0.701378651	0.701378651	0.701378651	0.701378651	0.701378651	0.701378651	0.701378651	0.701378651	0.701378651	0.701378651	0.701378651	0.701378651	0.701378651	0.701378651	0.603533132	0.603533132	0.603533132	0.603533132	0.603533132	0.603533132	0.603533132	0.603533132	0.603533132	0.603533132	0.603533132	0.603533132	0.603533132	0.603533132	0.603533132	0.603533132	0.603533132	0.603533132	0.603533132	0.603533132	0.603533132	0.603533132	0.611760917	0.611760917	0.611760917	0.611760917	0.611760917	0.611760917	0.611760917	0.611760917	0.611238003	0.611238003	0.611238003	0.611238003	0.611238003	0.611238003	0.611238003	0.611238003	0.535636633	0.535636633
0.180960066	0.180960066	0.180960066	0.180960066	0.180960066	0.180960066	0.180960066	0.180960066	0.493151149	0.493151149	0.493151149	0.493151149	0.493151149	0.493151149	0.493151149	0.493151149	0.493151149	0.493151149	0.493151149	0.493151149	0.493151149	0.493151149	0.493151149	0.493151149	0.37664828	0.37664828	0.37664828	0.37664828	0.37664828	0.464679015	0.464679015	0.464679015	0.464679015	0.464679015	0.464679015	0.464679015	0.464679015	0.464679015	0.464679015	0.387209243	0.387209243	0.389027253	0.389027253	0.389027253	0.389027253	0.389027253	0.389027253	0.389027253	0.389027253	0.389027253	0.389027253	0.389027253	0.389027253	0.389027253	0.389027253	0.389027253	0.512206797	0.512206797	0.512206797	0.512206797	0.512206797	0.512206797	0.512206797	0.512206797	0.512206797	0.512206797	0.512206797	0.512206797	0.512206797	0.512206797	0.512206797	0.512206797	0.512206797	0.512206797	0.512206797	0.512206797	0.512206797	0.512206797	0.505623113	0.505623113	0.505623113	0.505623113	0.505623113	0.505623113	0.505623113	0.505623113	0.506793059	0.506793059	0.506793059	0.506793059	0.506793059	0.506793059	0.506793059	0.506793059	0.484621573	0.484621573
0.764365348	0.764365348	0.764365348	0.764365348	0.764365348	0.764365348	0.764365348	0.764365348	0.449698736	0.449698736	0.449698736	0.449698736	0.449698736	0.449698736	0.449698736	0.449698736	0.449698736	0.449698736	0.449698736	0.449698736	0.449698736	0.449698736	0.449698736	0.449698736	0.62461165	0.62461165	0.62461165	0.62461165	0.62461165	0.562255495	0.562255495	0.562255495	0.562255495	0.562255495	0.562255495	0.562255495	0.562255495	0.562255495	0.562255495	0.465333553	0.465333553	0.467509033	0.467509033	0.467509033	0.467509033	0.467509033	0.467509033	0.467509033	0.467509033	0.467509033	0.467509033	0.467509033	0.467509033	0.467509033	0.467509033	0.467509033	0.481431952	0.481431952	0.481431952	0.481431952	0.481431952	0.481431952	0.481431952	0.481431952	0.481431952	0.481431952	0.481431952	0.481431952	0.481431952	0.481431952	0.481431952	0.481431952	0.481431952	0.481431952	0.481431952	0.481431952	0.481431952	0.481431952	0.498300106	0.498300106	0.498300106	0.498300106	0.498300106	0.498300106	0.498300106	0.498300106	0.497870721	0.497870721	0.497870721	0.497870721	0.497870721	0.497870721	0.497870721	0.497870721	0.370930498	0.370930498
1.177005154	1.177005154	1.177005154	1.177005154	1.177005154	1.177005154	1.177005154	1.177005154	0.799974425	0.799974425	0.799974425	0.799974425	0.799974425	0.799974425	0.799974425	0.799974425	0.799974425	0.799974425	0.799974425	0.799974425	0.799974425	0.799974425	0.799974425	0.799974425	0.620734457	0.620734457	0.620734457	0.620734457	0.620734457	0.682935541	0.682935541	0.682935541	0.682935541	0.682935541	0.682935541	0.682935541	0.682935541	0.682935541	0.682935541	0.608306557	0.608306557	0.624379312	0.624379312	0.624379312	0.624379312	0.624379312	0.624379312	0.624379312	0.624379312	0.624379312	0.624379312	0.624379312	0.624379312	0.624379312	0.624379312	0.624379312	0.637391948	0.637391948	0.637391948	0.637391948	0.637391948	0.637391948	0.637391948	0.637391948	0.637391948	0.637391948	0.637391948	0.637391948	0.637391948	0.637391948	0.637391948	0.637391948	0.637391948	0.637391948	0.637391948	0.637391948	0.637391948	0.637391948	0.628902926	0.628902926	0.628902926	0.628902926	0.628902926	0.628902926	0.628902926	0.628902926	0.628364042	0.628364042	0.628364042	0.628364042	0.628364042	0.628364042	0.628364042	0.628364042	0.465148934	0.465148934
0.459741837	0.459741837	0.459741837	0.459741837	0.459741837	0.459741837	0.459741837	0.459741837	0.747662178	0.747662178	0.747662178	0.747662178	0.747662178	0.747662178	0.747662178	0.747662178	0.747662178	0.747662178	0.747662178	0.747662178	0.747662178	0.747662178	0.747662178	0.747662178	0.862605472	0.862605472	0.862605472	0.862605472	0.862605472	0.776583256	0.776583256	0.776583256	0.776583256	0.776583256	0.776583256	0.776583256	0.776583256	0.776583256	0.776583256	0.6963176	0.6963176	0.712592089	0.712592089	0.712592089	0.712592089	0.712592089	0.712592089	0.712592089	0.712592089	0.712592089	0.712592089	0.712592089	0.712592089	0.712592089	0.712592089	0.712592089	0.704252815	0.704252815	0.704252815	0.704252815	0.704252815	0.704252815	0.704252815	0.704252815	0.704252815	0.704252815	0.704252815	0.704252815	0.704252815	0.704252815	0.704252815	0.704252815	0.704252815	0.704252815	0.704252815	0.704252815	0.704252815	0.704252815	0.72089722	0.72089722	0.72089722	0.72089722	0.72089722	0.72089722	0.72089722	0.72089722	0.720283661	0.720283661	0.720283661	0.720283661	0.720283661	0.720283661	0.720283661	0.720283661	0.600459377	0.600459377
0.79244927	0.79244927	0.903820296	0.903820296	0.903820296	0.903820296	0.903820296	0.903820296	0.899447279	0.899447279	0.899447279	0.899447279	0.899447279	0.899447279	0.899447279	0.899447279	0.899447279	0.899447279	0.899447279	0.899447279	0.899447279	0.899447279	0.899447279	0.899447279	0.733499621	0.733499621	0.733499621	0.733499621	0.733499621	0.819325892	0.819325892	0.819325892	0.819325892	0.819325892	0.819325892	0.819325892	0.819325892	0.819325892	0.819325892	0.834424659	0.834424659	0.890174748	0.890174748	0.890174748	0.890174748	0.890174748	0.890174748	0.890174748	0.890174748	0.890174748	0.890174748	0.890174748	0.890174748	0.890174748	0.890174748	0.890174748	0.766923758	0.766923758	0.766923758	0.766923758	0.766923758	0.766923758	0.766923758	0.766923758	0.766923758	0.766923758	0.766923758	0.766923758	0.766923758	0.766923758	0.766923758	0.766923758	0.766923758	0.766923758	0.766923758	0.766923758	0.766923758	0.766923758	0.782819629	0.782819629	0.782819629	0.782819629	0.782819629	0.782819629	0.782819629	0.782819629	0.783716556	0.783716556	0.783716556	0.783716556	0.783716556	0.783716556	0.783716556	0.783716556	0.586759887	0.586759887
0.900271977	0.900271977	0.776512704	0.776512704	0.776512704	0.776512704	0.776512704	0.776512704	0.713142931	0.713142931	0.713142931	0.713142931	0.713142931	0.713142931	0.713142931	0.713142931	0.713142931	0.713142931	0.713142931	0.713142931	0.713142931	0.713142931	0.713142931	0.713142931	0.728158557	0.728158557	0.728158557	0.728158557	0.728158557	0.691792309	0.691792309	0.691792309	0.691792309	0.691792309	0.691792309	0.691792309	0.691792309	0.691792309	0.691792309	0.672880386	0.672880386	0.701301576	0.701301576	0.701301576	0.701301576	0.701301576	0.701301576	0.701301576	0.701301576	0.701301576	0.701301576	0.701301576	0.701301576	0.701301576	0.701301576	0.701301576	0.536386053	0.536386053	0.536386053	0.536386053	0.536386053	0.536386053	0.536386053	0.536386053	0.536386053	0.536386053	0.536386053	0.536386053	0.536386053	0.536386053	0.536386053	0.536386053	0.536386053	0.536386053	0.536386053	0.536386053	0.536386053	0.536386053	0.559859632	0.559859632	0.559859632	0.559859632	0.559859632	0.559859632	0.559859632	0.559859632	0.559381169	0.559381169	0.559381169	0.559381169	0.559381169	0.559381169	0.559381169	0.559381169	0.652037399	0.652037399
0.724997055	0.724997055	0.770128794	0.770128794	0.770128794	0.770128794	0.770128794	0.770128794	0.763788225	0.763788225	0.763788225	0.763788225	0.763788225	0.763788225	0.763788225	0.763788225	0.763788225	0.763788225	0.763788225	0.763788225	0.763788225	0.763788225	0.763788225	0.763788225	0.842870734	0.842870734	0.842870734	0.842870734	0.842870734	0.807087438	0.807087438	0.807087438	0.807087438	0.807087438	0.807087438	0.807087438	0.807087438	0.807087438	0.807087438	0.706807543	0.706807543	0.722117903	0.722117903	0.722117903	0.722117903	0.722117903	0.722117903	0.722117903	0.722117903	0.722117903	0.722117903	0.722117903	0.722117903	0.722117903	0.722117903	0.722117903	0.746139543	0.746139543	0.746139543	0.746139543	0.746139543	0.746139543	0.746139543	0.746139543	0.746139543	0.746139543	0.746139543	0.746139543	0.746139543	0.746139543	0.746139543	0.746139543	0.746139543	0.746139543	0.746139543	0.746139543	0.746139543	0.746139543	0.784729682	0.784729682	0.784729682	0.784729682	0.784729682	0.784729682	0.784729682	0.784729682	0.785600917	0.785600917	0.785600917	0.785600917	0.785600917	0.785600917	0.785600917	0.785600917	0.735978489	0.735978489
0.540477553	0.540477553	0.496212725	0.496212725	0.496212725	0.496212725	0.496212725	0.496212725	0.924478383	0.924478383	0.924478383	0.924478383	0.924478383	0.924478383	0.924478383	0.924478383	0.924478383	0.924478383	0.924478383	0.924478383	0.924478383	0.924478383	0.924478383	0.924478383	0.835825761	0.835825761	0.835825761	0.835825761	0.835825761	0.872011737	0.872011737	0.872011737	0.872011737	0.872011737	0.872011737	0.872011737	0.872011737	0.872011737	0.872011737	0.790820448	0.790820448	0.806197981	0.806197981	0.806197981	0.806197981	0.806197981	0.806197981	0.806197981	0.806197981	0.806197981	0.806197981	0.806197981	0.806197981	0.806197981	0.806197981	0.806197981	0.675724087	0.675724087	0.675724087	0.675724087	0.675724087	0.675724087	0.675724087	0.675724087	0.675724087	0.675724087	0.675724087	0.675724087	0.675724087	0.675724087	0.675724087	0.675724087	0.675724087	0.675724087	0.675724087	0.675724087	0.675724087	0.675724087	0.714474928	0.714474928	0.714474928	0.714474928	0.714474928	0.714474928	0.714474928	0.714474928	0.713862006	0.713862006	0.713862006	0.713862006	0.713862006	0.713862006	0.713862006	0.713862006	0.778458946	0.778458946
0.582454694	0.582454694	0.625344766	0.625344766	0.625344766	0.625344766	0.625344766	0.625344766	0.828894115	0.828894115	0.828894115	0.828894115	0.828894115	0.828894115	0.828894115	0.828894115	0.828894115	0.828894115	0.828894115	0.828894115	0.828894115	0.828894115	0.828894115	0.828894115	0.710903468	0.710903468	0.710903468	0.710903468	0.710903468	0.722880436	0.722880436	0.722880436	0.722880436	0.722880436	0.722880436	0.722880436	0.722880436	0.722880436	0.722880436	0.658480282	0.658480282	0.673232139	0.673232139	0.673232139	0.673232139	0.673232139	0.673232139	0.673232139	0.673232139	0.673232139	0.673232139	0.673232139	0.673232139	0.673232139	0.673232139	0.673232139	0.829567352	0.829567352	0.829567352	0.829567352	0.829567352	0.829567352	0.829567352	0.829567352	0.829567352	0.829567352	0.829567352	0.829567352	0.829567352	0.829567352	0.829567352	0.829567352	0.829567352	0.829567352	0.829567352	0.829567352	0.829567352	0.829567352	0.800381637	0.800381637	0.800381637	0.800381637	0.800381637	0.800381637	0.800381637	0.800381637	0.801214463	0.801214463	0.801214463	0.801214463	0.801214463	0.801214463	0.801214463	0.801214463	0.772445743	0.772445743
1.161845731	1.161845731	1.105877416	1.105877416	1.105877416	1.105877416	1.105877416	1.105877416	1.123547792	1.123547792	1.123547792	1.123547792	1.123547792	1.123547792	1.123547792	1.123547792	1.123547792	1.123547792	1.123547792	1.123547792	1.123547792	1.123547792	1.123547792	1.123547792	1.056968149	1.056968149	1.056968149	1.056968149	1.056968149	1.022035328	1.022035328	1.022035328	1.022035328	1.022035328	1.022035328	1.022035328	1.022035328	1.022035328	1.022035328	1.00465494	1.00465494	1.007692114	1.007692114	1.007692114	1.007692114	1.007692114	1.007692114	1.007692114	1.007692114	1.007692114	1.007692114	1.007692114	1.007692114	1.007692114	1.007692114	1.007692114	0.976919554	0.976919554	0.976919554	0.976919554	0.976919554	0.976919554	0.976919554	0.976919554	0.976919554	0.976919554	0.976919554	0.976919554	0.976919554	0.976919554	0.976919554	0.976919554	0.976919554	0.976919554	0.976919554	0.976919554	0.976919554	0.976919554	0.959283374	0.959283374	0.959283374	0.959283374	0.959283374	0.959283374	0.959283374	0.959283374	0.958459347	0.958459347	0.958459347	0.958459347	0.958459347	0.958459347	0.958459347	0.958459347	0.98723596	0.98723596
1.015823579	1.015823579	1.120130822	1.120130822	1.120130822	1.120130822	1.120130822	1.120130822	1.208697275	1.208697275	1.208697275	1.208697275	1.208697275	1.208697275	1.208697275	1.208697275	1.208697275	1.208697275	1.208697275	1.208697275	1.208697275	1.208697275	1.208697275	1.208697275	1.276860064	1.276860064	1.276860064	1.276860064	1.276860064	1.288991893	1.288991893	1.288991893	1.288991893	1.288991893	1.288991893	1.288991893	1.288991893	1.288991893	1.288991893	1.167715132	1.167715132	1.171207009	1.171207009	1.171207009	1.171207009	1.171207009	1.171207009	1.171207009	1.171207009	1.171207009	1.171207009	1.171207009	1.171207009	1.171207009	1.171207009	1.171207009	1.164569455	1.164569455	1.164569455	1.164569455	1.164569455	1.164569455	1.164569455	1.164569455	1.164569455	1.164569455	1.164569455	1.164569455	1.164569455	1.164569455	1.164569455	1.164569455	1.164569455	1.164569455	1.164569455	1.164569455	1.164569455	1.164569455	1.178889394	1.178889394	1.178889394	1.178889394	1.178889394	1.178889394	1.178889394	1.178889394	1.179369721	1.179369721	1.179369721	1.179369721	1.179369721	1.179369721	1.179369721	1.179369721	1.200475265	1.200475265
1.159917052	1.159917052	1.179117112	1.179117112	1.179117112	1.179117112	1.179117112	1.179117112	0.997473243	0.997473243	0.997473243	0.997473243	0.997473243	0.997473243	0.997473243	0.997473243	0.997473243	0.997473243	0.997473243	0.997473243	0.997473243	0.997473243	0.997473243	0.997473243	0.918490958	0.918490958	0.918490958	0.918490958	0.918490958	0.907374284	0.907374284	0.907374284	0.907374284	0.907374284	0.907374284	0.907374284	0.907374284	0.907374284	0.907374284	0.787308778	0.787308778	0.777349833	0.777349833	0.777349833	0.777349833	0.777349833	0.777349833	0.777349833	0.777349833	0.777349833	0.777349833	0.777349833	0.777349833	0.777349833	0.777349833	0.777349833	0.794962477	0.794962477	0.794962477	0.794962477	0.794962477	0.794962477	0.794962477	0.794962477	0.794962477	0.794962477	0.794962477	0.794962477	0.794962477	0.794962477	0.794962477	0.794962477	0.794962477	0.794962477	0.794962477	0.794962477	0.794962477	0.794962477	0.803786833	0.803786833	0.803786833	0.803786833	0.803786833	0.803786833	0.803786833	0.803786833	0.803098591	0.803098591	0.803098591	0.803098591	0.803098591	0.803098591	0.803098591	0.803098591	0.853281519	0.853281519
0.976536549	0.976536549	0.917231716	0.917231716	0.917231716	0.917231716	0.917231716	0.917231716	1.24375396	1.24375396	1.278025472	1.278025472	1.278025472	1.278025472	1.278025472	1.278025472	1.278025472	1.278025472	1.278025472	1.278025472	1.278025472	1.278025472	1.278025472	1.278025472	1.023317628	1.023317628	1.023317628	1.023317628	1.023317628	1.114281	1.114281	1.114281	1.114281	1.114281	1.114281	1.114281	1.114281	1.114281	1.114281	1.048278736	1.048278736	1.027155032	1.027155032	1.027155032	1.027155032	1.027155032	1.027155032	1.027155032	1.027155032	1.027155032	1.027155032	1.027155032	1.027155032	1.027155032	1.027155032	1.027155032	1.039044419	1.039044419	1.039044419	1.039044419	1.039044419	1.039044419	1.039044419	1.039044419	1.039044419	1.039044419	1.039044419	1.039044419	1.039044419	1.039044419	1.039044419	1.039044419	1.039044419	1.039044419	1.039044419	1.039044419	1.039044419	1.039044419	1.039434308	1.039434308	1.039434308	1.039434308	1.039434308	1.039434308	1.039434308	1.039434308	1.038552449	1.038552449	1.038552449	1.038552449	1.038552449	1.038552449	1.038552449	1.038552449	1.014419014	1.014419014
1.094120707	1.094120707	1.013015232	1.013015232	1.013015232	1.013015232	1.013015232	1.013015232	1.04886448	1.04886448	1.088674747	1.088674747	1.088674747	1.088674747	1.088674747	1.088674747	1.088674747	1.088674747	1.088674747	1.088674747	1.088674747	1.088674747	1.088674747	1.088674747	1.124871254	1.124871254	1.124871254	1.124871254	1.124871254	1.079632619	1.079632619	1.079632619	1.079632619	1.079632619	1.079632619	1.079632619	1.079632619	1.079632619	1.079632619	1.001395833	1.001395833	0.992624056	0.992624056	0.992624056	0.992624056	0.992624056	0.992624056	0.992624056	0.992624056	0.992624056	0.992624056	0.992624056	0.992624056	0.992624056	0.992624056	0.992624056	0.96710816	0.96710816	0.96710816	0.96710816	0.96710816	0.96710816	0.96710816	0.96710816	0.96710816	0.96710816	0.96710816	0.96710816	0.96710816	0.96710816	0.96710816	0.96710816	0.96710816	0.96710816	0.96710816	0.96710816	0.96710816	0.96710816	0.991255001	0.991255001	0.991255001	0.991255001	0.991255001	0.991255001	0.991255001	0.991255001	0.991863335	0.991863335	0.991863335	0.991863335	0.991863335	0.991863335	0.991863335	0.991863335	1.046245674	1.046245674
0.780058242	0.780058242	0.816160329	0.816160329	0.816160329	0.816160329	0.816160329	0.816160329	0.847676099	0.847676099	0.940207147	0.940207147	0.940207147	0.940207147	0.940207147	0.940207147	0.940207147	0.940207147	0.940207147	0.940207147	0.940207147	0.940207147	0.940207147	0.940207147	0.779948243	0.779948243	0.779948243	0.779948243	0.779948243	0.813239039	0.813239039	0.813239039	0.813239039	0.813239039	0.813239039	0.813239039	0.813239039	0.813239039	0.813239039	0.741541492	0.741541492	0.72011833	0.72011833	0.72011833	0.72011833	0.72011833	0.72011833	0.72011833	0.72011833	0.72011833	0.72011833	0.72011833	0.72011833	0.72011833	0.72011833	0.72011833	0.726212215	0.726212215	0.726212215	0.726212215	0.726212215	0.726212215	0.726212215	0.726212215	0.726212215	0.726212215	0.726212215	0.726212215	0.726212215	0.726212215	0.726212215	0.726212215	0.726212215	0.726212215	0.726212215	0.726212215	0.726212215	0.726212215	0.675474321	0.675474321	0.675474321	0.675474321	0.675474321	0.675474321	0.675474321	0.675474321	0.676333162	0.676333162	0.676333162	0.676333162	0.676333162	0.676333162	0.676333162	0.676333162	0.731627407	0.731627407
0.929987393	0.846081231	0.878446466	0.878446466	0.878446466	0.878446466	0.878446466	0.878446466	0.898032232	0.898032232	0.875527583	0.875527583	0.875527583	0.875527583	0.875527583	0.875527583	0.875527583	0.875527583	0.875527583	0.875527583	0.875527583	0.875527583	0.875527583	0.875527583	0.883983657	0.883983657	0.883983657	0.883983657	0.883983657	0.861693357	0.861693357	0.861693357	0.861693357	0.861693357	0.861693357	0.861693357	0.861693357	0.861693357	0.861693357	0.759737747	0.759737747	0.73871419	0.73871419	0.73871419	0.73871419	0.73871419	0.73871419	0.73871419	0.73871419	0.73871419	0.73871419	0.73871419	0.73871419	0.73871419	0.73871419	0.73871419	0.656791923	0.656791923	0.656791923	0.656791923	0.656791923	0.656791923	0.656791923	0.656791923	0.656791923	0.656791923	0.656791923	0.656791923	0.656791923	0.656791923	0.656791923	0.656791923	0.656791923	0.656791923	0.656791923	0.656791923	0.656791923	0.656791923	0.628250396	0.628250396	0.628250396	0.628250396	0.628250396	0.628250396	0.628250396	0.628250396	0.627712629	0.627712629	0.627712629	0.627712629	0.627712629	0.627712629	0.627712629	0.627712629	0.663431484	0.663431484
NaN	1.355126057	1.194610113	1.194610113	1.194610113	1.194610113	1.194610113	1.194610113	1.090553209	1.090553209	1.161366667	1.161366667	1.161366667	1.161366667	1.161366667	1.314357773	1.314357773	1.314357773	1.314357773	1.314357773	1.314357773	1.314357773	1.314357773	1.314357773	1.202857587	1.202857587	1.202857587	1.202857587	1.202857587	1.202726066	1.202726066	1.202726066	1.202726066	1.202726066	1.202726066	1.202726066	1.202726066	1.202726066	1.202726066	1.140585003	1.140585003	1.121418823	1.121418823	1.121418823	1.121418823	1.121418823	1.121418823	1.121418823	1.121418823	1.121418823	1.121418823	1.121418823	1.121418823	1.121418823	1.121418823	1.121418823	1.196345187	1.196345187	1.196345187	1.196345187	1.196345187	1.196345187	1.196345187	1.196345187	1.196345187	1.196345187	1.196345187	1.196345187	1.196345187	1.196345187	1.196345187	1.196345187	1.196345187	1.196345187	1.196345187	1.196345187	1.196345187	1.196345187	1.206819726	1.206819726	1.206819726	1.206819726	1.206819726	1.206819726	1.206819726	1.206819726	1.207201237	1.207201237	1.207201237	1.207201237	1.207201237	1.207201237	1.207201237	1.207201237	1.109181477	1.109181477
NaN	NaN	1.104504649	1.146891145	1.146891145	1.146891145	1.146891145	1.146891145	1.107646403	1.107646403	1.168409275	1.168409275	1.168409275	1.168409275	1.168409275	1.052950818	1.052950818	1.052950818	1.052950818	1.052950818	1.052950818	1.052950818	1.052950818	1.052950818	1.295914464	1.295914464	1.295914464	1.295914464	1.295914464	1.28504549	1.28504549	1.28504549	1.28504549	1.28504549	1.28504549	1.28504549	1.28504549	1.28504549	1.28504549	1.13928226	1.13928226	1.14380332	1.14380332	1.14380332	1.14380332	1.14380332	1.14380332	1.14380332	1.14380332	1.14380332	1.14380332	1.14380332	1.14380332	1.14380332	1.14380332	1.14380332	1.158841772	1.158841772	1.158841772	1.158841772	1.158841772	1.158841772	1.158841772	1.158841772	1.158841772	1.158841772	1.158841772	1.158841772	1.158841772	1.158841772	1.158841772	1.158841772	1.158841772	1.158841772	1.158841772	1.158841772	1.158841772	1.158841772	1.156292375	1.156292375	1.156292375	1.156292375	1.156292375	1.156292375	1.156292375	1.156292375	1.155307017	1.155307017	1.155307017	1.155307017	1.155307017	1.155307017	1.155307017	1.155307017	1.02495331	1.02495331
NaN	NaN	NaN	0.853488067	0.943408561	0.943408561	0.943408561	0.943408561	1.127052365	1.127052365	1.078560824	1.078560824	1.078560824	1.078560824	1.078560824	0.987067492	0.987067492	0.987067492	0.987067492	0.987067492	0.987067492	0.987067492	0.987067492	0.987067492	1.067245989	1.067245989	1.067245989	1.067245989	1.067245989	1.056629714	1.056629714	1.056629714	1.056629714	1.056629714	1.056629714	1.056629714	1.056629714	1.056629714	1.056629714	0.920498963	0.920498963	0.95860294	0.95860294	0.95860294	0.95860294	0.95860294	0.95860294	0.95860294	0.95860294	0.95860294	0.95860294	0.95860294	0.95860294	0.95860294	0.95860294	0.95860294	0.889961131	0.889961131	0.889961131	0.889961131	0.889961131	0.889961131	0.889961131	0.889961131	0.889961131	0.889961131	0.889961131	0.889961131	0.889961131	0.889961131	0.889961131	0.889961131	0.889961131	0.889961131	0.889961131	0.889961131	0.889961131	0.889961131	0.92431819	0.92431819	0.92431819	0.92431819	0.92431819	0.92431819	0.92431819	0.92431819	0.924914829	0.924914829	0.924914829	0.924914829	0.924914829	0.924914829	0.924914829	0.924914829	0.897041314	0.897041314
NaN	NaN	NaN	NaN	0.616562657	0.628908965	0.628908965	0.628908965	0.754229931	0.754229931	1.03506877	1.03506877	1.03506877	1.03506877	1.03506877	1.056401279	1.056401279	1.056401279	1.056401279	1.056401279	1.056401279	1.056401279	1.056401279	1.056401279	0.950878797	0.950878797	0.950878797	0.950878797	0.950878797	1.003547217	1.003547217	1.003547217	1.003547217	1.003547217	1.003547217	1.003547217	1.003547217	1.003547217	1.003547217	0.821266165	0.821266165	0.869769731	0.869769731	0.869769731	0.869769731	0.869769731	0.869769731	0.869769731	0.869769731	0.869769731	0.869769731	0.869769731	0.869769731	0.869769731	0.869769731	0.869769731	0.772120236	0.772120236	0.772120236	0.772120236	0.772120236	0.772120236	0.772120236	0.772120236	0.772120236	0.772120236	0.772120236	0.772120236	0.772120236	0.772120236	0.772120236	0.772120236	0.772120236	0.772120236	0.772120236	0.772120236	0.772120236	0.772120236	0.820272627	0.820272627	0.820272627	0.820272627	0.820272627	0.820272627	0.820272627	0.820272627	0.820940532	0.820940532	0.820940532	0.820940532	0.820940532	0.820940532	0.820940532	0.820940532	0.773933409	0.773933409
NaN	NaN	NaN	NaN	NaN	1.344019979	1.2564365	1.2564365	1.207825286	1.207825286	1.210049555	1.210049555	1.210049555	1.210049555	1.210049555	1.207857413	1.207857413	1.207857413	1.211596576	1.211596576	1.211596576	1.211596576	1.211596576	1.211596576	1.253934925	1.253934925	1.253934925	1.253934925	1.253934925	1.170337287	1.170337287	1.170337287	1.170337287	1.170337287	1.170337287	1.170337287	1.170337287	1.170337287	1.170337287	1.073395991	1.073395991	1.155558344	1.155558344	1.155558344	1.155558344	1.155558344	1.155558344	1.155558344	1.155558344	1.155558344	1.155558344	1.155558344	1.155558344	1.155558344	1.155558344	1.155558344	1.169828972	1.169828972	1.169828972	1.169828972	1.169828972	1.169828972	1.169828972	1.169828972	1.169828972	1.169828972	1.169828972	1.169828972	1.169828972	1.169828972	1.169828972	1.169828972	1.169828972	1.169828972	1.169828972	1.169828972	1.169828972	1.169828972	1.063962696	1.063962696	1.063962696	1.063962696	1.063962696	1.063962696	1.063962696	1.063962696	1.064403114	1.064403114	1.064403114	1.064403114	1.064403114	1.064403114	1.064403114	1.064403114	0.984664942	0.984664942
NaN	NaN	NaN	NaN	NaN	NaN	1.019416576	1.105575867	0.785935707	0.785935707	0.852820517	0.852820517	0.852820517	0.852820517	0.852820517	0.797862814	0.797862814	0.797862814	0.684942454	0.684942454	0.684942454	0.684942454	0.684942454	0.684942454	0.72426597	0.72426597	0.72426597	0.72426597	0.72426597	0.786427894	0.786427894	0.786427894	0.786427894	0.786427894	0.786427894	0.786427894	0.786427894	0.786427894	0.786427894	0.627382743	0.627382743	0.707113334	0.707113334	0.707113334	0.707113334	0.707113334	0.707113334	0.707113334	0.707113334	0.707113334	0.707113334	0.707113334	0.707113334	0.707113334	0.707113334	0.707113334	0.633878779	0.633878779	0.633878779	0.633878779	0.633878779	0.633878779	0.633878779	0.633878779	0.633878779	0.633878779	0.633878779	0.633878779	0.633878779	0.633878779	0.633878779	0.633878779	0.633878779	0.633878779	0.633878779	0.633878779	0.633878779	0.633878779	0.697702308	0.697702308	0.697702308	0.697702308	0.697702308	0.697702308	0.697702308	0.697702308	0.697101386	0.697101386	0.697101386	0.697101386	0.697101386	0.697101386	0.697101386	0.697101386	0.670468485	0.670468485
NaN	NaN	NaN	NaN	NaN	NaN	NaN	0.449360324	0.542879164	0.542879164	0.67150277	0.67150277	0.67150277	0.67150277	0.67150277	0.713680748	0.713680748	0.713680748	0.695729097	0.695729097	0.695729097	0.695729097	0.695729097	0.695729097	0.719058055	0.719058055	0.719058055	0.719058055	0.719058055	0.698441623	0.698441623	0.698441623	0.698441623	0.698441623	0.698441623	0.698441623	0.698441623	0.698441623	0.698441623	0.567961881	0.567961881	0.64660203	0.64660203	0.64660203	0.64660203	0.64660203	0.64660203	0.64660203	0.64660203	0.64660203	0.64660203	0.64660203	0.64660203	0.64660203	0.64660203	0.64660203	0.684163979	0.684163979	0.684163979	0.684163979	0.684163979	0.684163979	0.684163979	0.684163979	0.684163979	0.684163979	0.684163979	0.684163979	0.684163979	0.684163979	0.684163979	0.684163979	0.684163979	0.684163979	0.684163979	0.684163979	0.684163979	0.684163979	0.754165505	0.754165505	0.754165505	0.754165505	0.754165505	0.754165505	0.754165505	0.754165505	0.753520646	0.753520646	0.753520646	0.753520646	0.753520646	0.753520646	0.753520646	0.753520646	0.717938441	0.717938441
NaN	NaN	NaN	NaN	NaN	NaN	NaN	NaN	0.404773603	0.423869946	0.562613341	0.562613341	0.562613341	0.562613341	0.562613341	0.636568183	0.636568183	0.636568183	0.616701232	0.616701232	0.616701232	0.616701232	0.616701232	0.616701232	0.61224681	0.61224681	0.61224681	0.61224681	0.61224681	0.61224681	0.61224681	0.61224681	0.61224681	0.61224681	0.61224681	0.61224681	0.61224681	0.61224681	0.61224681	0.454269243	0.454269243	0.531975099	0.531975099	0.531975099	0.531975099	0.531975099	0.531975099	0.531975099	0.531975099	0.531975099	0.531975099	0.531975099	0.531975099	0.531975099	0.531975099	0.531975099	0.503613424	0.503613424	0.503613424	0.503613424	0.503613424	0.503613424	0.503613424	0.503613424	0.503613424	0.503613424	0.503613424	0.503613424	0.503613424	0.503613424	0.503613424	0.503613424	0.503613424	0.503613424	0.503613424	0.503613424	0.503613424	0.503613424	0.564564229	0.564564229	0.564564229	0.564564229	0.564564229	0.564564229	0.564564229	0.564564229	0.565408174	0.565408174	0.565408174	0.565408174	0.565408174	0.565408174	0.565408174	0.565408174	0.526483566	0.526483566
NaN	NaN	NaN	NaN	NaN	NaN	NaN	NaN	NaN	0.715553657	0.774279272	0.774279272	0.774279272	0.774279272	0.774279272	0.927849319	0.927849319	0.927849319	0.944382701	0.944382701	0.944382701	0.944382701	0.944382701	0.944382701	0.810541418	0.810541418	0.810541418	0.810541418	0.810541418	0.850896544	0.850896544	0.850896544	0.850896544	0.850896544	0.850896544	0.850896544	0.850896544	0.850896544	0.850896544	0.639120633	0.639120633	0.759790034	0.759790034	0.759790034	0.759790034	0.759790034	0.759790034	0.759790034	0.759790034	0.759790034	0.759790034	0.759790034	0.759790034	0.759790034	0.759790034	0.759790034	0.662122373	0.662122373	0.662122373	0.662122373	0.662122373	0.662122373	0.662122373	0.662122373	0.662122373	0.662122373	0.662122373	0.662122373	0.662122373	0.662122373	0.662122373	0.662122373	0.662122373	0.662122373	0.662122373	0.662122373	0.662122373	0.662122373	0.564029208	0.564029208	0.564029208	0.564029208	0.564029208	0.564029208	0.564029208	0.564029208	0.563545351	0.563545351	0.563545351	0.563545351	0.563545351	0.563545351	0.563545351	0.563545351	0.456625066	0.456625066
NaN	NaN	NaN	NaN	NaN	NaN	NaN	NaN	NaN	NaN	0.566082803	0.673054153	0.673054153	0.673054153	0.673054153	0.691437211	0.691437211	0.691437211	0.667603573	0.667603573	0.667603573	0.667603573	0.667603573	0.667603573	0.703874198	0.703874198	0.703874198	0.703874198	0.703874198	0.673538611	0.673538611	0.673538611	0.673538611	0.673538611	0.673538611	0.673538611	0.673538611	0.673538611	0.673538611	0.514928555	0.514928555	0.568804859	0.568804859	0.568804859	0.568804859	0.568804859	0.568804859	0.568804859	0.568804859	0.568804859	0.568804859	0.568804859	0.568804859	0.568804859	0.568804859	0.568804859	0.518672156	0.518672156	0.518672156	0.518672156	0.518672156	0.518672156	0.518672156	0.518672156	0.518672156	0.518672156	0.518672156	0.518672156	0.518672156	0.518672156	0.518672156	0.518672156	0.518672156	0.518672156	0.518672156	0.518672156	0.518672156	0.518672156	0.593606051	0.593606051	0.593606051	0.593606051	0.593606051	0.593606051	0.593606051	0.593606051	0.593099757	0.593099757	0.593099757	0.593099757	0.593099757	0.593099757	0.593099757	0.593099757	0.632102557	0.632102557
NaN	NaN	NaN	NaN	NaN	NaN	NaN	NaN	NaN	NaN	NaN	0.439611848	0.443830458	0.443830458	0.443830458	0.292417961	0.292417961	0.292417961	0.338149509	0.338149509	0.338149509	0.338149509	0.338149509	0.338149509	0.400000533	0.400000533	0.400000533	0.400000533	0.400000533	0.360036393	0.360036393	0.360036393	0.360036393	0.360036393	0.360036393	0.360036393	0.360036393	0.360036393	0.360036393	0.338188289	0.338188289	0.326690915	0.326690915	0.326690915	0.326690915	0.326690915	0.326690915	0.326690915	0.326690915	0.326690915	0.326690915	0.326690915	0.326690915	0.326690915	0.326690915	0.326690915	0.434030971	0.434030971	0.434030971	0.434030971	0.434030971	0.434030971	0.434030971	0.434030971	0.434030971	0.434030971	0.434030971	0.434030971	0.434030971	0.434030971	0.434030971	0.434030971	0.434030971	0.434030971	0.434030971	0.434030971	0.434030971	0.434030971	0.442903501	0.442903501	0.442903501	0.442903501	0.442903501	0.442903501	0.442903501	0.442903501	0.443830194	0.443830194	0.443830194	0.443830194	0.443830194	0.443830194	0.443830194	0.443830194	0.464405886	0.464405886
NaN	NaN	NaN	NaN	NaN	NaN	NaN	NaN	NaN	NaN	NaN	NaN	0.455306599	0.562400053	0.562400053	0.809076163	0.809076163	0.809076163	0.66168099	0.66168099	0.66168099	0.66168099	0.66168099	0.66168099	0.696173871	0.696173871	0.696173871	0.696173871	0.696173871	0.706294903	0.706294903	0.706294903	0.706294903	0.706294903	0.706294903	0.706294903	0.706294903	0.706294903	0.706294903	0.672964659	0.672964659	0.628592077	0.628592077	0.628592077	0.628592077	0.628592077	0.628592077	0.628592077	0.628592077	0.628592077	0.628592077	0.628592077	0.628592077	0.628592077	0.628592077	0.628592077	0.524107196	0.524107196	0.524107196	0.524107196	0.524107196	0.524107196	0.524107196	0.524107196	0.524107196	0.524107196	0.524107196	0.524107196	0.524107196	0.524107196	0.524107196	0.524107196	0.524107196	0.524107196	0.524107196	0.524107196	0.524107196	0.524107196	0.566765244	0.566765244	0.566765244	0.566765244	0.566765244	0.566765244	0.566765244	0.566765244	0.566279405	0.566279405	0.566279405	0.566279405	0.566279405	0.566279405	0.566279405	0.566279405	0.689784117	0.689784117
NaN	NaN	NaN	NaN	NaN	NaN	NaN	NaN	NaN	NaN	NaN	NaN	NaN	0.812297992	0.864652221	0.883867298	0.883867298	0.883867298	0.785671302	0.785671302	0.785671302	0.785671302	0.785671302	0.785671302	0.888017676	0.888017676	0.888017676	0.888017676	0.888017676	0.937306453	0.956945102	0.956945102	0.956945102	0.956945102	0.956945102	0.956945102	0.956945102	0.956945102	0.956945102	0.979608458	0.979608458	0.828451669	0.828451669	0.828451669	0.828451669	0.828451669	0.828451669	0.828451669	0.828451669	0.828451669	0.828451669	0.828451669	0.828451669	0.828451669	0.828451669	0.828451669	0.786175668	0.786175668	0.786175668	0.786175668	0.786175668	0.786175668	0.786175668	0.786175668	0.786175668	0.786175668	0.786175668	0.786175668	0.786175668	0.786175668	0.786175668	0.786175668	0.786175668	0.786175668	0.786175668	0.786175668	0.786175668	0.786175668	0.612539553	0.612539553	0.612539553	0.612539553	0.612539553	0.612539553	0.612539553	0.612539553	0.613304784	0.613304784	0.613304784	0.613304784	0.613304784	0.613304784	0.613304784	0.613304784	0.601425649	0.601425649
NaN	NaN	NaN	NaN	NaN	NaN	NaN	NaN	NaN	NaN	NaN	NaN	NaN	NaN	0.598023986	0.578992224	0.578992224	0.578992224	0.429767849	0.429767849	0.429767849	0.429767849	0.429767849	0.429767849	0.587660849	0.587660849	0.587660849	0.587660849	0.587660849	0.54842954	0.519023836	0.519023836	0.519023836	0.519023836	0.519023836	0.519023836	0.519023836	0.519023836	0.519023836	0.619395402	0.619395402	0.534303472	0.534303472	0.534303472	0.534303472	0.534303472	0.534303472	0.534303472	0.534303472	0.534303472	0.534303472	0.534303472	0.534303472	0.534303472	0.534303472	0.534303472	0.539979599	0.539979599	0.539979599	0.539979599	0.539979599	0.539979599	0.539979599	0.539979599	0.539979599	0.539979599	0.539979599	0.539979599	0.539979599	0.539979599	0.539979599	0.539979599	0.539979599	0.539979599	0.539979599	0.539979599	0.539979599	0.539979599	0.542201737	0.542201737	0.542201737	0.542201737	0.542201737	0.542201737	0.542201737	0.542201737	0.541735387	0.541735387	0.541735387	0.541735387	0.541735387	0.541735387	0.541735387	0.541735387	0.600602406	0.600602406
NaN	NaN	NaN	NaN	NaN	NaN	NaN	NaN	NaN	NaN	NaN	NaN	NaN	NaN	NaN	0.378700184	0.366607696	0.366607696	0.273128499	0.273128499	0.273128499	0.273128499	0.273128499	0.273128499	0.389864042	0.389864042	0.389864042	0.389864042	0.389864042	0.428808765	0.438575821	0.438575821	0.438575821	0.438575821	0.438575821	0.438575821	0.438575821	0.438575821	0.438575821	0.509717574	0.509717574	0.457228719	0.457228719	0.457228719	0.457228719	0.457228719	0.457228719	0.457228719	0.457228719	0.457228719	0.457228719	0.457228719	0.457228719	0.457228719	0.457228719	0.457228719	0.446825741	0.446825741	0.446825741	0.446825741	0.446825741	0.446825741	0.446825741	0.446825741	0.446825741	0.446825741	0.446825741	0.446825741	0.446825741	0.446825741	0.446825741	0.446825741	0.446825741	0.446825741	0.446825741	0.446825741	0.446825741	0.446825741	0.469157338	0.469157338	0.469157338	0.469157338	0.469157338	0.469157338	0.469157338	0.469157338	0.468755848	0.468755848	0.468755848	0.468755848	0.468755848	0.468755848	0.468755848	0.468755848	0.508794373	0.508794373
NaN	NaN	NaN	NaN	NaN	NaN	NaN	NaN	NaN	NaN	NaN	NaN	NaN	NaN	NaN	NaN	0.354461635	0.336631344	0.334682864	0.334682864	0.334682864	0.334682864	0.334682864	0.334682864	0.581960905	0.581960905	0.581960905	0.581960905	0.581960905	0.572122773	0.668769151	0.668769151	0.668769151	0.668769151	0.668769151	0.668769151	0.668769151	0.668769151	0.668769151	0.591405251	0.591405251	0.560699697	0.560699697	0.560699697	0.560699697	0.560699697	0.560699697	0.560699697	0.560699697	0.560699697	0.560699697	0.560699697	0.560699697	0.560699697	0.560699697	0.560699697	0.485282072	0.485282072	0.485282072	0.485282072	0.485282072	0.485282072	0.485282072	0.485282072	0.485282072	0.485282072	0.485282072	0.485282072	0.485282072	0.485282072	0.485282072	0.485282072	0.485282072	0.485282072	0.485282072	0.485282072	0.485282072	0.485282072	0.517730525	0.517730525	0.517730525	0.517730525	0.517730525	0.517730525	0.517730525	0.517730525	0.517289647	0.517289647	0.517289647	0.517289647	0.517289647	0.517289647	0.517289647	0.517289647	0.56108844	0.56108844
NaN	NaN	NaN	NaN	NaN	NaN	NaN	NaN	NaN	NaN	NaN	NaN	NaN	NaN	NaN	NaN	NaN	0.625079553	0.657574851	0.657574851	0.657574851	0.657574851	0.657574851	0.657574851	0.674701355	0.674701355	0.674701355	0.674701355	0.674701355	0.703380074	0.616334771	0.616334771	0.616334771	0.616334771	0.616334771	0.616334771	0.616334771	0.616334771	0.616334771	0.472714783	0.472714783	0.515600658	0.515600658	0.515600658	0.515600658	0.515600658	0.515600658	0.515600658	0.515600658	0.515600658	0.515600658	0.515600658	0.515600658	0.515600658	0.515600658	0.515600658	0.635960672	0.635960672	0.635960672	0.635960672	0.635960672	0.635960672	0.635960672	0.635960672	0.635960672	0.635960672	0.635960672	0.635960672	0.635960672	0.635960672	0.635960672	0.635960672	0.635960672	0.635960672	0.635960672	0.635960672	0.635960672	0.635960672	0.549139082	0.549139082	0.549139082	0.549139082	0.549139082	0.549139082	0.549139082	0.549139082	0.549934699	0.549934699	0.549934699	0.549934699	0.549934699	0.549934699	0.549934699	0.549934699	0.518401642	0.518401642
NaN	NaN	NaN	NaN	NaN	NaN	NaN	NaN	NaN	NaN	NaN	NaN	NaN	NaN	NaN	NaN	NaN	NaN	0.732678048	0.734644168	0.734644168	0.734644168	0.734644168	0.734644168	0.479157601	0.479157601	0.479157601	0.479157601	0.479157601	0.459814969	0.555291039	0.555291039	0.555291039	0.555291039	0.555291039	0.555291039	0.555291039	0.555291039	0.555291039	0.44962694	0.44962694	0.460733799	0.460733799	0.460733799	0.460733799	0.460733799	0.460733799	0.460733799	0.460733799	0.460733799	0.460733799	0.460733799	0.460733799	0.460733799	0.460733799	0.460733799	0.425442511	0.425442511	0.425442511	0.425442511	0.425442511	0.425442511	0.425442511	0.425442511	0.425442511	0.425442511	0.425442511	0.425442511	0.425442511	0.425442511	0.425442511	0.425442511	0.425442511	0.425442511	0.425442511	0.425442511	0.425442511	0.425442511	0.482116705	0.482116705	0.482116705	0.482116705	0.482116705	0.482116705	0.482116705	0.482116705	0.481704376	0.481704376	0.481704376	0.481704376	0.481704376	0.481704376	0.481704376	0.481704376	0.491294478	0.491294478
NaN	NaN	NaN	NaN	NaN	NaN	NaN	NaN	NaN	NaN	NaN	NaN	NaN	NaN	NaN	NaN	NaN	NaN	NaN	0.432222809	0.519692426	0.519692426	0.519692426	0.519692426	0.571974867	0.571974867	0.571974867	0.571974867	0.571974867	0.590815517	0.618666609	0.618666609	0.618666609	0.618666609	0.618666609	0.618666609	0.618666609	0.618666609	0.618666609	0.582546118	0.582546118	0.593720821	0.593720821	0.593720821	0.593720821	0.593720821	0.593720821	0.593720821	0.593720821	0.593720821	0.593720821	0.593720821	0.593720821	0.593720821	0.593720821	0.593720821	0.603863224	0.603863224	0.603863224	0.603863224	0.603863224	0.603863224	0.603863224	0.603863224	0.603863224	0.603863224	0.603863224	0.603863224	0.603863224	0.603863224	0.603863224	0.603863224	0.603863224	0.603863224	0.603863224	0.603863224	0.603863224	0.603863224	0.55975552	0.55975552	0.55975552	0.55975552	0.55975552	0.55975552	0.55975552	0.55975552	0.56052696	0.56052696	0.56052696	0.56052696	0.56052696	0.56052696	0.56052696	0.56052696	0.499699731	0.499699731
NaN	NaN	NaN	NaN	NaN	NaN	NaN	NaN	NaN	NaN	NaN	NaN	NaN	NaN	NaN	NaN	NaN	NaN	NaN	NaN	0.34488971	0.304464189	0.304464189	0.304464189	0.568721912	0.568721912	0.568721912	0.568721912	0.568721912	0.521204686	0.643149857	0.643149857	0.643149857	0.643149857	0.643149857	0.643149857	0.643149857	0.643149857	0.643149857	0.455345918	0.455345918	0.466249614	0.466249614	0.466249614	0.466249614	0.466249614	0.466249614	0.466249614	0.466249614	0.466249614	0.466249614	0.466249614	0.466249614	0.466249614	0.466249614	0.466249614	0.477180586	0.477180586	0.477180586	0.477180586	0.477180586	0.477180586	0.477180586	0.477180586	0.477180586	0.477180586	0.477180586	0.477180586	0.477180586	0.477180586	0.477180586	0.477180586	0.477180586	0.477180586	0.477180586	0.477180586	0.477180586	0.477180586	0.52683158	0.52683158	0.52683158	0.52683158	0.52683158	0.52683158	0.52683158	0.52683158	0.526379224	0.526379224	0.526379224	0.526379224	0.526379224	0.526379224	0.526379224	0.526379224	0.565741888	0.565741888
NaN	NaN	NaN	NaN	NaN	NaN	NaN	NaN	NaN	NaN	NaN	NaN	NaN	NaN	NaN	NaN	NaN	NaN	NaN	NaN	NaN	0.53981219	0.490262963	0.490262963	0.847063888	0.847063888	0.847063888	0.847063888	0.847063888	0.828317989	0.807516125	0.807516125	0.807516125	0.807516125	0.629671739	0.629671739	0.629671739	0.629671739	0.629671739	0.730418349	0.730418349	0.731245856	0.731245856	0.731245856	0.731245856	0.731245856	0.731245856	0.731245856	0.731245856	0.731245856	0.731245856	0.731245856	0.731245856	0.731245856	0.731245856	0.731245856	0.653110062	0.653110062	0.653110062	0.653110062	0.653110062	0.653110062	0.653110062	0.653110062	0.653110062	0.653110062	0.653110062	0.653110062	0.653110062	0.653110062	0.653110062	0.653110062	0.653110062	0.653110062	0.653110062	0.653110062	0.653110062	0.653110062	0.596950153	0.596950153	0.596950153	0.596950153	0.596950153	0.596950153	0.596950153	0.596950153	0.59644046	0.59644046	0.59644046	0.59644046	0.59644046	0.59644046	0.59644046	0.59644046	0.602621209	0.602621209
NaN	NaN	NaN	NaN	NaN	NaN	NaN	NaN	NaN	NaN	NaN	NaN	NaN	NaN	NaN	NaN	NaN	NaN	NaN	NaN	NaN	NaN	0.360270856	0.427980247	0.560749133	0.560749133	0.560749133	0.560749133	0.560749133	0.588814263	0.522340522	0.522340522	0.522340522	0.522340522	0.485982265	0.485982265	0.485982265	0.485982265	0.485982265	0.409165874	0.409165874	0.419845991	0.419845991	0.419845991	0.419845991	0.419845991	0.419845991	0.419845991	0.419845991	0.419845991	0.419845991	0.419845991	0.419845991	0.419845991	0.419845991	0.419845991	0.367412989	0.367412989	0.367412989	0.367412989	0.367412989	0.367412989	0.367412989	0.367412989	0.367412989	0.367412989	0.367412989	0.367412989	0.367412989	0.367412989	0.367412989	0.367412989	0.367412989	0.367412989	0.367412989	0.367412989	0.367412989	0.367412989	0.444770987	0.444770987	0.444770987	0.444770987	0.444770987	0.444770987	0.444770987	0.444770987	0.445621467	0.445621467	0.445621467	0.445621467	0.445621467	0.445621467	0.445621467	0.445621467	0.446271714	0.446271714
NaN	NaN	NaN	NaN	NaN	NaN	NaN	NaN	NaN	NaN	NaN	NaN	NaN	NaN	NaN	NaN	NaN	NaN	NaN	NaN	NaN	NaN	NaN	0.146847254	0.650257749	0.557622263	0.557622263	0.557622263	0.557622263	0.511224797	0.501114634	0.501114634	0.501114634	0.501114634	0.465073855	0.465073855	0.465073855	0.465073855	0.465073855	0.437994079	0.437994079	0.458786552	0.458786552	0.458786552	0.458786552	0.458786552	0.458786552	0.458786552	0.458786552	0.458786552	0.458786552	0.458786552	0.458786552	0.458786552	0.458786552	0.458786552	0.42351778	0.42351778	0.42351778	0.42351778	0.42351778	0.42351778	0.42351778	0.42351778	0.42351778	0.42351778	0.42351778	0.42351778	0.42351778	0.42351778	0.42351778	0.42351778	0.42351778	0.42351778	0.42351778	0.42351778	0.42351778	0.42351778	0.423217448	0.423217448	0.423217448	0.423217448	0.423217448	0.423217448	0.423217448	0.423217448	0.421631257	0.421631257	0.421631257	0.421631257	0.421631257	0.421631257	0.421631257	0.421631257	0.427084673	0.427084673
NaN	NaN	NaN	NaN	NaN	NaN	NaN	NaN	NaN	NaN	NaN	NaN	NaN	NaN	NaN	NaN	NaN	NaN	NaN	NaN	NaN	NaN	NaN	NaN	0.461894586	0.554530072	0.462321674	0.462321674	0.462321674	0.517848392	0.526244117	0.526244117	0.526244117	0.526244117	0.49986219	0.49986219	0.49986219	0.49986219	0.49986219	0.4765535	0.4765535	0.487063368	0.487063368	0.487063368	0.487063368	0.487063368	0.487063368	0.487063368	0.487063368	0.487063368	0.487063368	0.487063368	0.487063368	0.487063368	0.487063368	0.487063368	0.489691004	0.489691004	0.489691004	0.489691004	0.489691004	0.489691004	0.489691004	0.489691004	0.489691004	0.489691004	0.489691004	0.489691004	0.489691004	0.489691004	0.489691004	0.489691004	0.489691004	0.489691004	0.489691004	0.489691004	0.489691004	0.489691004	0.511597504	0.511597504	0.511597504	0.511597504	0.511597504	0.511597504	0.511597504	0.511597504	0.5123837	0.5123837	0.5123837	0.5123837	0.5123837	0.5123837	0.5123837	0.5123837	0.476653507	0.476653507
NaN	NaN	NaN	NaN	NaN	NaN	NaN	NaN	NaN	NaN	NaN	NaN	NaN	NaN	NaN	NaN	NaN	NaN	NaN	NaN	NaN	NaN	NaN	NaN	NaN	0.643089033	0.551979322	0.551979322	0.551979322	0.561049989	0.688233962	0.688233962	0.688233962	0.688233962	0.552487593	0.552487593	0.552487593	0.552487593	0.552487593	0.605084541	0.605084541	0.615572861	0.615572861	0.615572861	0.615572861	0.615572861	0.615572861	0.615572861	0.615572861	0.615572861	0.615572861	0.615572861	0.615572861	0.615572861	0.615572861	0.615572861	0.610636398	0.610636398	0.610636398	0.610636398	0.610636398	0.610636398	0.610636398	0.610636398	0.610636398	0.610636398	0.610636398	0.610636398	0.610636398	0.610636398	0.610636398	0.610636398	0.610636398	0.610636398	0.610636398	0.610636398	0.610636398	0.610636398	0.539281295	0.539281295	0.539281295	0.539281295	0.539281295	0.539281295	0.539281295	0.539281295	0.540033472	0.540033472	0.540033472	0.540033472	0.540033472	0.540033472	0.540033472	0.540033472	0.50978287	0.50978287
NaN	NaN	NaN	NaN	NaN	NaN	NaN	NaN	NaN	NaN	NaN	NaN	NaN	NaN	NaN	NaN	NaN	NaN	NaN	NaN	NaN	NaN	NaN	NaN	NaN	NaN	0.548949228	0.548949228	0.548949228	0.53967659	0.465308079	0.465308079	0.465308079	0.465308079	0.348336588	0.348336588	0.348336588	0.348336588	0.348336588	0.311198364	0.311198364	0.341468646	0.341468646	0.341468646	0.341468646	0.341468646	0.341468646	0.341468646	0.341468646	0.341468646	0.341468646	0.341468646	0.341468646	0.341468646	0.341468646	0.341468646	0.33490832	0.33490832	0.33490832	0.33490832	0.33490832	0.33490832	0.33490832	0.33490832	0.33490832	0.33490832	0.33490832	0.33490832	0.33490832	0.33490832	0.33490832	0.33490832	0.33490832	0.33490832	0.33490832	0.33490832	0.33490832	0.33490832	0.368774335	0.368774335	0.368774335	0.368774335	0.368774335	0.368774335	0.368774335	0.368774335	0.367252186	0.367252186	0.367252186	0.367252186	0.367252186	0.367252186	0.367252186	0.367252186	0.376722182	0.376722182
NaN	NaN	NaN	NaN	NaN	NaN	NaN	NaN	NaN	NaN	NaN	NaN	NaN	NaN	NaN	NaN	NaN	NaN	NaN	NaN	NaN	NaN	NaN	NaN	NaN	NaN	NaN	0.455166921	0.54595222	0.500478773	0.662284117	0.662284117	0.662284117	0.662284117	0.447387188	0.447387188	0.447387188	0.447387188	0.447387188	0.440044714	0.440044714	0.490074492	0.490074492	0.490074492	0.490074492	0.490074492	0.490074492	0.490074492	0.490074492	0.490074492	0.490074492	0.490074492	0.490074492	0.490074492	0.490074492	0.490074492	0.478477461	0.478477461	0.478477461	0.478477461	0.478477461	0.478477461	0.478477461	0.478477461	0.478477461	0.478477461	0.478477461	0.478477461	0.478477461	0.478477461	0.478477461	0.478477461	0.478477461	0.478477461	0.478477461	0.478477461	0.478477461	0.478477461	0.493596302	0.493596302	0.493596302	0.493596302	0.493596302	0.493596302	0.493596302	0.493596302	0.494380597	0.494380597	0.494380597	0.494380597	0.494380597	0.494380597	0.494380597	0.494380597	0.453320562	0.453320562
NaN	NaN	NaN	NaN	NaN	NaN	NaN	NaN	NaN	NaN	NaN	NaN	NaN	NaN	NaN	NaN	NaN	NaN	NaN	NaN	NaN	NaN	NaN	NaN	NaN	NaN	NaN	NaN	0.4526943	0.470887405	0.460102756	0.460102756	0.460102756	0.460102756	0.4000369	0.4000369	0.4000369	0.4000369	0.4000369	0.348658021	0.348658021	0.398287891	0.398287891	0.398287891	0.398287891	0.398287891	0.398287891	0.398287891	0.398287891	0.398287891	0.398287891	0.398287891	0.398287891	0.398287891	0.398287891	0.398287891	0.414812895	0.414812895	0.414812895	0.414812895	0.414812895	0.414812895	0.414812895	0.414812895	0.414812895	0.414812895	0.414812895	0.414812895	0.414812895	0.414812895	0.414812895	0.414812895	0.414812895	0.414812895	0.414812895	0.414812895	0.414812895	0.414812895	0.456509638	0.456509638	0.456509638	0.456509638	0.456509638	0.456509638	0.456509638	0.456509638	0.456121609	0.456121609	0.456121609	0.456121609	0.456121609	0.456121609	0.456121609	0.456121609	0.421511969	0.421511969
NaN	NaN	NaN	NaN	NaN	NaN	NaN	NaN	NaN	NaN	NaN	NaN	NaN	NaN	NaN	NaN	NaN	NaN	NaN	NaN	NaN	NaN	NaN	NaN	NaN	NaN	NaN	NaN	NaN	0.675282807	0.61019572	0.61019572	0.61019572	0.61019572	0.687225781	0.687225781	0.687225781	0.687225781	0.687225781	0.575113137	0.575113137	0.693209351	0.722811207	0.722811207	0.722811207	0.722811207	0.722811207	0.722811207	0.722811207	0.722811207	0.722811207	0.722811207	0.722811207	0.722811207	0.722811207	0.722811207	0.536381144	0.536381144	0.536381144	0.536381144	0.536381144	0.536381144	0.536381144	0.536381144	0.536381144	0.536381144	0.536381144	0.536381144	0.536381144	0.536381144	0.536381144	0.536381144	0.536381144	0.536381144	0.536381144	0.536381144	0.536381144	0.536381144	0.506783019	0.506783019	0.506783019	0.506783019	0.506783019	0.506783019	0.506783019	0.506783019	0.507542729	0.507542729	0.507542729	0.507542729	0.507542729	0.507542729	0.507542729	0.507542729	0.490602099	0.490602099
NaN	NaN	NaN	NaN	NaN	NaN	NaN	NaN	NaN	NaN	NaN	NaN	NaN	NaN	NaN	NaN	NaN	NaN	NaN	NaN	NaN	NaN	NaN	NaN	NaN	NaN	NaN	NaN	NaN	NaN	0.348292382	0.437403063	0.437403063	0.437403063	0.431616532	0.431616532	0.431616532	0.431616532	0.431616532	0.384862566	0.384862566	0.433284774	0.452801246	0.452801246	0.452801246	0.452801246	0.452801246	0.452801246	0.452801246	0.452801246	0.452801246	0.452801246	0.452801246	0.452801246	0.452801246	0.452801246	0.344802553	0.344802553	0.344802553	0.344802553	0.344802553	0.344802553	0.344802553	0.344802553	0.344802553	0.344802553	0.344802553	0.344802553	0.344802553	0.344802553	0.344802553	0.344802553	0.344802553	0.344802553	0.344802553	0.344802553	0.344802553	0.344802553	0.445038563	0.445038563	0.445038563	0.445038563	0.445038563	0.445038563	0.445038563	0.445038563	0.444658613	0.444658613	0.444658613	0.444658613	0.444658613	0.444658613	0.444658613	0.444658613	0.463853119	0.463853119
NaN	NaN	NaN	NaN	NaN	NaN	NaN	NaN	NaN	NaN	NaN	NaN	NaN	NaN	NaN	NaN	NaN	NaN	NaN	NaN	NaN	NaN	NaN	NaN	NaN	NaN	NaN	NaN	NaN	NaN	NaN	0.3467749	0.355650771	0.355650771	0.286712857	0.286712857	0.286712857	0.286712857	0.286712857	0.295043487	0.295043487	0.333529836	0.29420439	0.29420439	0.29420439	0.29420439	0.29420439	0.29420439	0.29420439	0.29420439	0.29420439	0.29420439	0.29420439	0.29420439	0.29420439	0.29420439	0.262010714	0.262010714	0.262010714	0.262010714	0.262010714	0.262010714	0.262010714	0.262010714	0.262010714	0.262010714	0.262010714	0.262010714	0.262010714	0.262010714	0.262010714	0.262010714	0.262010714	0.262010714	0.262010714	0.262010714	0.262010714	0.262010714	0.279065549	0.279065549	0.279065549	0.279065549	0.279065549	0.279065549	0.279065549	0.279065549	0.278828158	0.278828158	0.278828158	0.278828158	0.278828158	0.278828158	0.278828158	0.278828158	0.290576942	0.290576942
NaN	NaN	NaN	NaN	NaN	NaN	NaN	NaN	NaN	NaN	NaN	NaN	NaN	NaN	NaN	NaN	NaN	NaN	NaN	NaN	NaN	NaN	NaN	NaN	NaN	NaN	NaN	NaN	NaN	NaN	NaN	NaN	0.380919095	0.354390377	0.285893164	0.285893164	0.285893164	0.285893164	0.285893164	0.313756508	0.313756508	0.322659776	0.361664047	0.361664047	0.361664047	0.361664047	0.361664047	0.361664047	0.361664047	0.361664047	0.361664047	0.361664047	0.361664047	0.361664047	0.361664047	0.361664047	0.337504565	0.337504565	0.337504565	0.337504565	0.337504565	0.337504565	0.337504565	0.337504565	0.337504565	0.337504565	0.337504565	0.337504565	0.337504565	0.337504565	0.337504565	0.337504565	0.337504565	0.337504565	0.337504565	0.337504565	0.337504565	0.337504565	0.37833073	0.37833073	0.37833073	0.37833073	0.37833073	0.37833073	0.37833073	0.37833073	0.379185325	0.379185325	0.379185325	0.379185325	0.379185325	0.379185325	0.379185325	0.379185325	0.34197665	0.34197665
NaN	NaN	NaN	NaN	NaN	NaN	NaN	NaN	NaN	NaN	NaN	NaN	NaN	NaN	NaN	NaN	NaN	NaN	NaN	NaN	NaN	NaN	NaN	NaN	NaN	NaN	NaN	NaN	NaN	NaN	NaN	NaN	NaN	0.22968208	0.213884762	0.213884762	0.213884762	0.213884762	0.213884762	0.254204282	0.254204282	0.234009467	0.253362053	0.253362053	0.253362053	0.253362053	0.26309394	0.26309394	0.26309394	0.26309394	0.26309394	0.26309394	0.26309394	0.26309394	0.26309394	0.26309394	0.241717142	0.241717142	0.241717142	0.241717142	0.241717142	0.241717142	0.241717142	0.241717142	0.241717142	0.241717142	0.241717142	0.241717142	0.241717142	0.241717142	0.241717142	0.241717142	0.241717142	0.241717142	0.241717142	0.241717142	0.241717142	0.241717142	0.149287971	0.149287971	0.149287971	0.149287971	0.149287971	0.149287971	0.149287971	0.149287971	0.149159975	0.149159975	0.149159975	0.149159975	0.149159975	0.149159975	0.149159975	0.149159975	0.143841875	0.143841875
NaN	NaN	NaN	NaN	NaN	NaN	NaN	NaN	NaN	NaN	NaN	NaN	NaN	NaN	NaN	NaN	NaN	NaN	NaN	NaN	NaN	NaN	NaN	NaN	NaN	NaN	NaN	NaN	NaN	NaN	NaN	NaN	NaN	NaN	0.213428271	0.213428271	0.213428271	0.213428271	0.213428271	0.282775285	0.282775285	0.272320728	0.281840898	0.281840898	0.281840898	0.281840898	0.25269719	0.25269719	0.25269719	0.25269719	0.25269719	0.25269719	0.25269719	0.25269719	0.25269719	0.25269719	0.195446574	0.195446574	0.195446574	0.195446574	0.195446574	0.195446574	0.195446574	0.195446574	0.195446574	0.195446574	0.195446574	0.195446574	0.195446574	0.195446574	0.195446574	0.195446574	0.195446574	0.195446574	0.195446574	0.195446574	0.195446574	0.195446574	0.246366225	0.246366225	0.246366225	0.246366225	0.246366225	0.246366225	0.246366225	0.246366225	0.246155413	0.246155413	0.246155413	0.246155413	0.246155413	0.246155413	0.246155413	0.246155413	0.228702215	0.228702215
NaN	NaN	NaN	NaN	NaN	NaN	NaN	NaN	NaN	NaN	NaN	NaN	NaN	NaN	NaN	NaN	NaN	NaN	NaN	NaN	NaN	NaN	NaN	NaN	NaN	NaN	NaN	NaN	NaN	NaN	NaN	NaN	NaN	NaN	NaN	0.20410887	0.24842529	0.24842529	0.24842529	0.349922597	0.349922597	0.329681284	0.368110461	0.368110461	0.368110461	0.368110461	0.348837563	0.348837563	0.348837563	0.348837563	0.348837563	0.348837563	0.348837563	0.348837563	0.348837563	0.348837563	0.348360158	0.348360158	0.348360158	0.348360158	0.348360158	0.348360158	0.348360158	0.348360158	0.348360158	0.348360158	0.348360158	0.348360158	0.348360158	0.348360158	0.348360158	0.348360158	0.348360158	0.348360158	0.348360158	0.348360158	0.348360158	0.348360158	0.373084576	0.373084576	0.373084576	0.373084576	0.373084576	0.373084576	0.373084576	0.373084576	0.372766319	0.372766319	0.372766319	0.372766319	0.372766319	0.372766319	0.372766319	0.372766319	0.359780973	0.359780973
NaN	NaN	NaN	NaN	NaN	NaN	NaN	NaN	NaN	NaN	NaN	NaN	NaN	NaN	NaN	NaN	NaN	NaN	NaN	NaN	NaN	NaN	NaN	NaN	NaN	NaN	NaN	NaN	NaN	NaN	NaN	NaN	NaN	NaN	NaN	NaN	0.212445862	0.203602956	0.203602956	0.213240364	0.213240364	0.203085027	0.26073116	0.26073116	0.26073116	0.26073116	0.270479299	0.270479299	0.270479299	0.270479299	0.270479299	0.270479299	0.270479299	0.270479299	0.270479299	0.270479299	0.290407963	0.290407963	0.290407963	0.290407963	0.290407963	0.290407963	0.290407963	0.290407963	0.290407963	0.290407963	0.290407963	0.290407963	0.290407963	0.290407963	0.290407963	0.290407963	0.290407963	0.290407963	0.290407963	0.290407963	0.290407963	0.290407963	0.262312815	0.262312815	0.262312815	0.262312815	0.262312815	0.262312815	0.262312815	0.262312815	0.263253073	0.263253073	0.263253073	0.263253073	0.263253073	0.263253073	0.263253073	0.263253073	0.261421549	0.261421549
NaN	NaN	NaN	NaN	NaN	NaN	NaN	NaN	NaN	NaN	NaN	NaN	NaN	NaN	NaN	NaN	NaN	NaN	NaN	NaN	NaN	NaN	NaN	NaN	NaN	NaN	NaN	NaN	NaN	NaN	NaN	NaN	NaN	NaN	NaN	NaN	NaN	0.353107712	0.397158635	0.492588044	0.492588044	0.501109269	0.538618211	0.538618211	0.538618211	0.538618211	0.423566286	0.423566286	0.423566286	0.423566286	0.442776736	0.442776736	0.442776736	0.442776736	0.442776736	0.442776736	0.384189992	0.384189992	0.384189992	0.384189992	0.384189992	0.384189992	0.384189992	0.384189992	0.384189992	0.384189992	0.384189992	0.384189992	0.384189992	0.384189992	0.384189992	0.384189992	0.384189992	0.384189992	0.384189992	0.384189992	0.384189992	0.384189992	0.422912214	0.422912214	0.422912214	0.422912214	0.422912214	0.422912214	0.422912214	0.422912214	0.42254892	0.42254892	0.42254892	0.42254892	0.42254892	0.42254892	0.42254892	0.42254892	0.373893391	0.373893391
NaN	NaN	NaN	NaN	NaN	NaN	NaN	NaN	NaN	NaN	NaN	NaN	NaN	NaN	NaN	NaN	NaN	NaN	NaN	NaN	NaN	NaN	NaN	NaN	NaN	NaN	NaN	NaN	NaN	NaN	NaN	NaN	NaN	NaN	NaN	NaN	NaN	NaN	0.395587523	0.327049156	0.327049156	0.326295875	0.363845671	0.363845671	0.363845671	0.363845671	0.335651238	0.335651238	0.335651238	0.335651238	0.383436053	0.383436053	0.383436053	0.383436053	0.383436053	0.383436053	0.438005573	0.438005573	0.438005573	0.438005573	0.438005573	0.438005573	0.438005573	0.438005573	0.438005573	0.438005573	0.438005573	0.438005573	0.438005573	0.438005573	0.438005573	0.438005573	0.438005573	0.438005573	0.438005573	0.438005573	0.438005573	0.438005573	0.419976668	0.419976668	0.419976668	0.419976668	0.419976668	0.419976668	0.419976668	0.419976668	0.419617412	0.419617412	0.419617412	0.419617412	0.419617412	0.419617412	0.419617412	0.419617412	0.411301318	0.411301318
NaN	NaN	NaN	NaN	NaN	NaN	NaN	NaN	NaN	NaN	NaN	NaN	NaN	NaN	NaN	NaN	NaN	NaN	NaN	NaN	NaN	NaN	NaN	NaN	NaN	NaN	NaN	NaN	NaN	NaN	NaN	NaN	NaN	NaN	NaN	NaN	NaN	NaN	NaN	0.239796767	0.268533776	0.267917106	0.257719801	0.257719801	0.257719801	0.257719801	0.344069918	0.344069918	0.344069918	0.344069918	0.30569378	0.30569378	0.30569378	0.30569378	0.30569378	0.30569378	0.328014886	0.328014886	0.328014886	0.328014886	0.328014886	0.328014886	0.328014886	0.328014886	0.328014886	0.328014886	0.328014886	0.328014886	0.328014886	0.328014886	0.328014886	0.328014886	0.328014886	0.328014886	0.328014886	0.328014886	0.328014886	0.328014886	0.350363976	0.350363976	0.350363976	0.350363976	0.350363976	0.350363976	0.350363976	0.350363976	0.350065419	0.350065419	0.350065419	0.350065419	0.350065419	0.350065419	0.350065419	0.350065419	0.35725923	0.35725923
NaN	NaN	NaN	NaN	NaN	NaN	NaN	NaN	NaN	NaN	NaN	NaN	NaN	NaN	NaN	NaN	NaN	NaN	NaN	NaN	NaN	NaN	NaN	NaN	NaN	NaN	NaN	NaN	NaN	NaN	NaN	NaN	NaN	NaN	NaN	NaN	NaN	NaN	NaN	NaN	0.506330196	0.486155097	0.390086599	0.390086599	0.390086599	0.390086599	0.447428039	0.447428039	0.447428039	0.447428039	0.418808912	0.418808912	0.418808912	0.418808912	0.418808912	0.418808912	0.461076558	0.461076558	0.461076558	0.461076558	0.461076558	0.461076558	0.461076558	0.461076558	0.461076558	0.461076558	0.461076558	0.461076558	0.461076558	0.461076558	0.461076558	0.461076558	0.461076558	0.461076558	0.461076558	0.461076558	0.461076558	0.461076558	0.40874025	0.40874025	0.40874025	0.40874025	0.40874025	0.40874025	0.40874025	0.40874025	0.409538093	0.409538093	0.409538093	0.409538093	0.409538093	0.409538093	0.409538093	0.409538093	0.492568942	0.492568942
NaN	NaN	NaN	NaN	NaN	NaN	NaN	NaN	NaN	NaN	NaN	NaN	NaN	NaN	NaN	NaN	NaN	NaN	NaN	NaN	NaN	NaN	NaN	NaN	NaN	NaN	NaN	NaN	NaN	NaN	NaN	NaN	NaN	NaN	NaN	NaN	NaN	NaN	NaN	NaN	NaN	0.663446657	0.813320163	0.813320163	0.813320163	0.813320163	0.917134023	0.917134023	0.917134023	0.917134023	0.757005886	0.757005886	0.757005886	0.757005886	0.757005886	0.757005886	0.8262295	0.8262295	0.8262295	0.8262295	0.8262295	0.8262295	0.8262295	0.8262295	0.8262295	0.8262295	0.8262295	0.8262295	0.8262295	0.8262295	0.8262295	0.8262295	0.8262295	0.8262295	0.8262295	0.8262295	0.8262295	0.8262295	0.757933931	0.757933931	0.757933931	0.757933931	0.757933931	0.757933931	0.757933931	0.757933931	0.758421792	0.758421792	0.758421792	0.758421792	0.758421792	0.758421792	0.758421792	0.758421792	0.73310214	0.73310214
NaN	NaN	NaN	NaN	NaN	NaN	NaN	NaN	NaN	NaN	NaN	NaN	NaN	NaN	NaN	NaN	NaN	NaN	NaN	NaN	NaN	NaN	NaN	NaN	NaN	NaN	NaN	NaN	NaN	NaN	NaN	NaN	NaN	NaN	NaN	NaN	NaN	NaN	NaN	NaN	NaN	NaN	0.619720293	0.59163435	0.59163435	0.59163435	0.52567473	0.52567473	0.52567473	0.52567473	0.573390677	0.573390677	0.573390677	0.573390677	0.573390677	0.573390677	0.490275857	0.490275857	0.490275857	0.490275857	0.490275857	0.490275857	0.490275857	0.490275857	0.490275857	0.490275857	0.490275857	0.490275857	0.490275857	0.490275857	0.490275857	0.490275857	0.490275857	0.490275857	0.490275857	0.490275857	0.490275857	0.490275857	0.507019376	0.507019376	0.507019376	0.507019376	0.507019376	0.507019376	0.507019376	0.507019376	0.506582678	0.506582678	0.506582678	0.506582678	0.506582678	0.506582678	0.506582678	0.506582678	0.549077347	0.549077347
NaN	NaN	NaN	NaN	NaN	NaN	NaN	NaN	NaN	NaN	NaN	NaN	NaN	NaN	NaN	NaN	NaN	NaN	NaN	NaN	NaN	NaN	NaN	NaN	NaN	NaN	NaN	NaN	NaN	NaN	NaN	NaN	NaN	NaN	NaN	NaN	NaN	NaN	NaN	NaN	NaN	NaN	NaN	0.495027397	0.392487187	0.392487187	0.467028684	0.467028684	0.467028684	0.467028684	0.411561707	0.411561707	0.411561707	0.411561707	0.411561707	0.411561707	0.460952416	0.460952416	0.460952416	0.460952416	0.460952416	0.460952416	0.460952416	0.460952416	0.460952416	0.460952416	0.460952416	0.460952416	0.460952416	0.460952416	0.460952416	0.460952416	0.460952416	0.460952416	0.460952416	0.460952416	0.460952416	0.460952416	0.588854116	0.588854116	0.588854116	0.588854116	0.588854116	0.588854116	0.588854116	0.588854116	0.588349702	0.588349702	0.588349702	0.588349702	0.588349702	0.588349702	0.588349702	0.588349702	0.64106306	0.64106306
NaN	NaN	NaN	NaN	NaN	NaN	NaN	NaN	NaN	NaN	NaN	NaN	NaN	NaN	NaN	NaN	NaN	NaN	NaN	NaN	NaN	NaN	NaN	NaN	NaN	NaN	NaN	NaN	NaN	NaN	NaN	NaN	NaN	NaN	NaN	NaN	NaN	NaN	NaN	NaN	NaN	NaN	NaN	NaN	0.511652821	0.493093058	0.437027057	0.437027057	0.437027057	0.437027057	0.512081562	0.512081562	0.512081562	0.512081562	0.512081562	0.512081562	0.443940847	0.443940847	0.443940847	0.443940847	0.443940847	0.443940847	0.443940847	0.443940847	0.443940847	0.443940847	0.443940847	0.443940847	0.443940847	0.443940847	0.443940847	0.443940847	0.443940847	0.443940847	0.443940847	0.443940847	0.443940847	0.443940847	0.505983679	0.505983679	0.505983679	0.505983679	0.505983679	0.505983679	0.505983679	0.505983679	0.505552616	0.505552616	0.505552616	0.505552616	0.505552616	0.505552616	0.505552616	0.505552616	0.534124458	0.534124458
NaN	NaN	NaN	NaN	NaN	NaN	NaN	NaN	NaN	NaN	NaN	NaN	NaN	NaN	NaN	NaN	NaN	NaN	NaN	NaN	NaN	NaN	NaN	NaN	NaN	NaN	NaN	NaN	NaN	NaN	NaN	NaN	NaN	NaN	NaN	NaN	NaN	NaN	NaN	NaN	NaN	NaN	NaN	NaN	NaN	0.776559324	0.80395942	0.80395942	0.80395942	0.80395942	0.905987523	0.905987523	0.905987523	0.905987523	0.905987523	0.905987523	0.782533115	0.782533115	0.811106656	0.811106656	0.811106656	0.811106656	0.811106656	0.811106656	0.811106656	0.811106656	0.811106656	0.811106656	0.811106656	0.811106656	0.811106656	0.811106656	0.811106656	0.811106656	0.811106656	0.811106656	0.811106656	0.811106656	0.689211811	0.689211811	0.689211811	0.689211811	0.689211811	0.689211811	0.689211811	0.689211811	0.687517681	0.687517681	0.687517681	0.687517681	0.687517681	0.687517681	0.687517681	0.687517681	0.649235389	0.649235389
NaN	NaN	NaN	NaN	NaN	NaN	NaN	NaN	NaN	NaN	NaN	NaN	NaN	NaN	NaN	NaN	NaN	NaN	NaN	NaN	NaN	NaN	NaN	NaN	NaN	NaN	NaN	NaN	NaN	NaN	NaN	NaN	NaN	NaN	NaN	NaN	NaN	NaN	NaN	NaN	NaN	NaN	NaN	NaN	NaN	NaN	0.559865627	0.523249002	0.523249002	0.523249002	0.605561994	0.605561994	0.605561994	0.605561994	0.605561994	0.605561994	0.780368228	0.780368228	0.768415485	0.768415485	0.768415485	0.768415485	0.768415485	0.768415485	0.768415485	0.768415485	0.768415485	0.768415485	0.768415485	0.768415485	0.768415485	0.768415485	0.768415485	0.768415485	0.768415485	0.768415485	0.768415485	0.768415485	0.693324297	0.693324297	0.693324297	0.693324297	0.693324297	0.693324297	0.693324297	0.693324297	0.693851653	0.693851653	0.693851653	0.693851653	0.693851653	0.693851653	0.693851653	0.693851653	0.685673133	0.685673133
NaN	NaN	NaN	NaN	NaN	NaN	NaN	NaN	NaN	NaN	NaN	NaN	NaN	NaN	NaN	NaN	NaN	NaN	NaN	NaN	NaN	NaN	NaN	NaN	NaN	NaN	NaN	NaN	NaN	NaN	NaN	NaN	NaN	NaN	NaN	NaN	NaN	NaN	NaN	NaN	NaN	NaN	NaN	NaN	NaN	NaN	NaN	0.529633235	0.556951908	0.556951908	0.547346741	0.547346741	0.547346741	0.547346741	0.547346741	0.547346741	0.393269076	0.393269076	0.390282474	0.390282474	0.390282474	0.390282474	0.390282474	0.390282474	0.390282474	0.390282474	0.390282474	0.390282474	0.390282474	0.390282474	0.390282474	0.390282474	0.390282474	0.390282474	0.390282474	0.390282474	0.390282474	0.390282474	0.31736613	0.31736613	0.31736613	0.31736613	0.31736613	0.31736613	0.31736613	0.31736613	0.319299135	0.319299135	0.319299135	0.319299135	0.319299135	0.319299135	0.319299135	0.319299135	0.32560304	0.32560304
NaN	NaN	NaN	NaN	NaN	NaN	NaN	NaN	NaN	NaN	NaN	NaN	NaN	NaN	NaN	NaN	NaN	NaN	NaN	NaN	NaN	NaN	NaN	NaN	NaN	NaN	NaN	NaN	NaN	NaN	NaN	NaN	NaN	NaN	NaN	NaN	NaN	NaN	NaN	NaN	NaN	NaN	NaN	NaN	NaN	NaN	NaN	NaN	-0.081978417	-0.027318672	-0.127446535	-0.127446535	-0.127446535	-0.127446535	-0.127446535	-0.127446535	0.390758393	0.390758393	0.419801211	0.419801211	0.419801211	0.419801211	0.419801211	0.419801211	0.419801211	0.419801211	0.419801211	0.419801211	0.419801211	0.419801211	0.419801211	0.419801211	0.419801211	0.419801211	0.419801211	0.419801211	0.419801211	0.419801211	0.277968702	0.277968702	0.277968702	0.277968702	0.277968702	0.277968702	0.277968702	0.277968702	0.281019318	0.281019318	0.281019318	0.281019318	0.281019318	0.281019318	0.281019318	0.281019318	0.31267673	0.31267673
NaN	NaN	NaN	NaN	NaN	NaN	NaN	NaN	NaN	NaN	NaN	NaN	NaN	NaN	NaN	NaN	NaN	NaN	NaN	NaN	NaN	NaN	NaN	NaN	NaN	NaN	NaN	NaN	NaN	NaN	NaN	NaN	NaN	NaN	NaN	NaN	NaN	NaN	NaN	NaN	NaN	NaN	NaN	NaN	NaN	NaN	NaN	NaN	NaN	0.200163837	0.327392071	0.327392071	0.327392071	0.327392071	0.327392071	0.327392071	0.277075579	0.277075579	0.336896229	0.336896229	0.336896229	0.336896229	0.417080561	0.417080561	0.417080561	0.417080561	0.417080561	0.417080561	0.417080561	0.417080561	0.417080561	0.417080561	0.417080561	0.417080561	0.417080561	0.417080561	0.417080561	0.417080561	0.355944367	0.355944367	0.355944367	0.355944367	0.355944367	0.355944367	0.355944367	0.355944367	0.361090227	0.361090227	0.361090227	0.361090227	0.361090227	0.361090227	0.361090227	0.361090227	0.286849008	0.286849008
NaN	NaN	NaN	NaN	NaN	NaN	NaN	NaN	NaN	NaN	NaN	NaN	NaN	NaN	NaN	NaN	NaN	NaN	NaN	NaN	NaN	NaN	NaN	NaN	NaN	NaN	NaN	NaN	NaN	NaN	NaN	NaN	NaN	NaN	NaN	NaN	NaN	NaN	NaN	NaN	NaN	NaN	NaN	NaN	NaN	NaN	NaN	NaN	NaN	NaN	0.290118064	0.308222527	0.308222527	0.308222527	0.308222527	0.308222527	0.361175079	0.361175079	0.369472211	0.369472211	0.369472211	0.369472211	0.376873365	0.376873365	0.376873365	0.376873365	0.376873365	0.376873365	0.376873365	0.376873365	0.376873365	0.376873365	0.376873365	0.376873365	0.376873365	0.376873365	0.376873365	0.376873365	0.440707153	0.440707153	0.440707153	0.440707153	0.440707153	0.440707153	0.440707153	0.440707153	0.439206648	0.439206648	0.439206648	0.439206648	0.439206648	0.439206648	0.439206648	0.439206648	0.421664959	0.421664959
NaN	NaN	NaN	NaN	NaN	NaN	NaN	NaN	NaN	NaN	NaN	NaN	NaN	NaN	NaN	NaN	NaN	NaN	NaN	NaN	NaN	NaN	NaN	NaN	NaN	NaN	NaN	NaN	NaN	NaN	NaN	NaN	NaN	NaN	NaN	NaN	NaN	NaN	NaN	NaN	NaN	NaN	NaN	NaN	NaN	NaN	NaN	NaN	NaN	NaN	NaN	0.280200843	0.25311892	0.25311892	0.25311892	0.25311892	0.370440285	0.370440285	0.410315134	0.410315134	0.410315134	0.410315134	0.386959113	0.386959113	0.386959113	0.386959113	0.386959113	0.386959113	0.386959113	0.386959113	0.386959113	0.386959113	0.386959113	0.386959113	0.386959113	0.386959113	0.386959113	0.386959113	0.444191765	0.444191765	0.444191765	0.444191765	0.444191765	0.444191765	0.444191765	0.444191765	0.437286055	0.437286055	0.437286055	0.437286055	0.437286055	0.437286055	0.437286055	0.437286055	0.442192392	0.442192392
NaN	NaN	NaN	NaN	NaN	NaN	NaN	NaN	NaN	NaN	NaN	NaN	NaN	NaN	NaN	NaN	NaN	NaN	NaN	NaN	NaN	NaN	NaN	NaN	NaN	NaN	NaN	NaN	NaN	NaN	NaN	NaN	NaN	NaN	NaN	NaN	NaN	NaN	NaN	NaN	NaN	NaN	NaN	NaN	NaN	NaN	NaN	NaN	NaN	NaN	NaN	NaN	0.432433106	0.441422274	0.441422274	0.441422274	0.429337392	0.429337392	0.484058611	0.484058611	0.484058611	0.484058611	0.553345608	0.553345608	0.553345608	0.553345608	0.553345608	0.553345608	0.553345608	0.553345608	0.553345608	0.553345608	0.553345608	0.553345608	0.553345608	0.553345608	0.553345608	0.553345608	0.589921218	0.589921218	0.589921218	0.589921218	0.589921218	0.589921218	0.589921218	0.589921218	0.575424653	0.575424653	0.575424653	0.575424653	0.575424653	0.575424653	0.575424653	0.575424653	0.527829231	0.527829231
NaN	NaN	NaN	NaN	NaN	NaN	NaN	NaN	NaN	NaN	NaN	NaN	NaN	NaN	NaN	NaN	NaN	NaN	NaN	NaN	NaN	NaN	NaN	NaN	NaN	NaN	NaN	NaN	NaN	NaN	NaN	NaN	NaN	NaN	NaN	NaN	NaN	NaN	NaN	NaN	NaN	NaN	NaN	NaN	NaN	NaN	NaN	NaN	NaN	NaN	NaN	NaN	NaN	0.6272422	0.582569427	0.582569427	0.564526088	0.564526088	0.669598652	0.669598652	0.669598652	0.669598652	0.757658502	0.757658502	0.757658502	0.757658502	0.774682516	0.774682516	0.774682516	0.774682516	0.774682516	0.774682516	0.774682516	0.774682516	0.774682516	0.774682516	0.774682516	0.774682516	0.7223813	0.7223813	0.7223813	0.7223813	0.7223813	0.7223813	0.7223813	0.7223813	0.701561539	0.701561539	0.701561539	0.701561539	0.701561539	0.701561539	0.701561539	0.701561539	0.623707484	0.623707484
NaN	NaN	NaN	NaN	NaN	NaN	NaN	NaN	NaN	NaN	NaN	NaN	NaN	NaN	NaN	NaN	NaN	NaN	NaN	NaN	NaN	NaN	NaN	NaN	NaN	NaN	NaN	NaN	NaN	NaN	NaN	NaN	NaN	NaN	NaN	NaN	NaN	NaN	NaN	NaN	NaN	NaN	NaN	NaN	NaN	NaN	NaN	NaN	NaN	NaN	NaN	NaN	NaN	NaN	0.240996234	0.249910876	0.263054334	0.263054334	0.274530394	0.274530394	0.274530394	0.274530394	0.278639852	0.278639852	0.278639852	0.278639852	0.315365339	0.315365339	0.315365339	0.315365339	0.315365339	0.315365339	0.315365339	0.315365339	0.315365339	0.315365339	0.315365339	0.315365339	0.297948224	0.297948224	0.297948224	0.297948224	0.297948224	0.297948224	0.297948224	0.297948224	0.289272059	0.289272059	0.289272059	0.289272059	0.289272059	0.289272059	0.289272059	0.289272059	0.305775216	0.305775216
NaN	NaN	NaN	NaN	NaN	NaN	NaN	NaN	NaN	NaN	NaN	NaN	NaN	NaN	NaN	NaN	NaN	NaN	NaN	NaN	NaN	NaN	NaN	NaN	NaN	NaN	NaN	NaN	NaN	NaN	NaN	NaN	NaN	NaN	NaN	NaN	NaN	NaN	NaN	NaN	NaN	NaN	NaN	NaN	NaN	NaN	NaN	NaN	NaN	NaN	NaN	NaN	NaN	NaN	NaN	0.43584681	0.40698556	0.40698556	0.356708472	0.356708472	0.356708472	0.356708472	0.452666182	0.452666182	0.452666182	0.452666182	0.507777594	0.507777594	0.507777594	0.507777594	0.507777594	0.507777594	0.507777594	0.507777594	0.507777594	0.507777594	0.507777594	0.507777594	0.557199289	0.557199289	0.557199289	0.557199289	0.557199289	0.557199289	0.557199289	0.557199289	0.550608334	0.550608334	0.550608334	0.550608334	0.550608334	0.550608334	0.550608334	0.550608334	0.547820186	0.547820186
NaN	NaN	NaN	NaN	NaN	NaN	NaN	NaN	NaN	NaN	NaN	NaN	NaN	NaN	NaN	NaN	NaN	NaN	NaN	NaN	NaN	NaN	NaN	NaN	NaN	NaN	NaN	NaN	NaN	NaN	NaN	NaN	NaN	NaN	NaN	NaN	NaN	NaN	NaN	NaN	NaN	NaN	NaN	NaN	NaN	NaN	NaN	NaN	NaN	NaN	NaN	NaN	NaN	NaN	NaN	NaN	0.272604388	0.377109903	0.402362067	0.402362067	0.402362067	0.402362067	0.464646544	0.464646544	0.464646544	0.464646544	0.54999671	0.54999671	0.54999671	0.54999671	0.54999671	0.54999671	0.54999671	0.54999671	0.54999671	0.54999671	0.54999671	0.54999671	0.538292411	0.538292411	0.538292411	0.538292411	0.538292411	0.538292411	0.538292411	0.538292411	0.524397248	0.524397248	0.524397248	0.524397248	0.524397248	0.524397248	0.524397248	0.524397248	0.515089559	0.515089559
NaN	NaN	NaN	NaN	NaN	NaN	NaN	NaN	NaN	NaN	NaN	NaN	NaN	NaN	NaN	NaN	NaN	NaN	NaN	NaN	NaN	NaN	NaN	NaN	NaN	NaN	NaN	NaN	NaN	NaN	NaN	NaN	NaN	NaN	NaN	NaN	NaN	NaN	NaN	NaN	NaN	NaN	NaN	NaN	NaN	NaN	NaN	NaN	NaN	NaN	NaN	NaN	NaN	NaN	NaN	NaN	NaN	0.612592385	0.68069454	0.68069454	0.68069454	0.68069454	0.888596988	0.888596988	0.888596988	0.888596988	0.915537933	0.915537933	0.915537933	0.915537933	0.906294507	0.906294507	0.906294507	0.906294507	0.906294507	0.906294507	0.906294507	0.906294507	0.851730391	0.851730391	0.851730391	0.851730391	0.851730391	0.851730391	0.851730391	0.851730391	0.847369264	0.847369264	0.847369264	0.847369264	0.847369264	0.847369264	0.847369264	0.847369264	0.846579166	0.846579166
NaN	NaN	NaN	NaN	NaN	NaN	NaN	NaN	NaN	NaN	NaN	NaN	NaN	NaN	NaN	NaN	NaN	NaN	NaN	NaN	NaN	NaN	NaN	NaN	NaN	NaN	NaN	NaN	NaN	NaN	NaN	NaN	NaN	NaN	NaN	NaN	NaN	NaN	NaN	NaN	NaN	NaN	NaN	NaN	NaN	NaN	NaN	NaN	NaN	NaN	NaN	NaN	NaN	NaN	NaN	NaN	NaN	NaN	0.786174139	0.793570246	0.793570246	0.793570246	0.945025403	0.945025403	0.945025403	0.945025403	0.903567948	0.903567948	0.903567948	0.903567948	0.92471848	0.92471848	0.92471848	0.92471848	0.92471848	0.92471848	0.92471848	0.92471848	0.850758782	0.850758782	0.850758782	0.850758782	0.850758782	0.850758782	0.850758782	0.850758782	0.848543575	0.848543575	0.848543575	0.848543575	0.848543575	0.848543575	0.848543575	0.848543575	0.797834495	0.797834495
NaN	NaN	NaN	NaN	NaN	NaN	NaN	NaN	NaN	NaN	NaN	NaN	NaN	NaN	NaN	NaN	NaN	NaN	NaN	NaN	NaN	NaN	NaN	NaN	NaN	NaN	NaN	NaN	NaN	NaN	NaN	NaN	NaN	NaN	NaN	NaN	NaN	NaN	NaN	NaN	NaN	NaN	NaN	NaN	NaN	NaN	NaN	NaN	NaN	NaN	NaN	NaN	NaN	NaN	NaN	NaN	NaN	NaN	NaN	0.314751574	0.352528973	0.352528973	0.361809808	0.361809808	0.361809808	0.361809808	0.522576058	0.522576058	0.522576058	0.522576058	0.568058808	0.568058808	0.568058808	0.568058808	0.568058808	0.568058808	0.568058808	0.568058808	0.728357913	0.728357913	0.728357913	0.728357913	0.728357913	0.728357913	0.728357913	0.728357913	0.731340222	0.731340222	0.731340222	0.731340222	0.731340222	0.731340222	0.731340222	0.731340222	0.679786343	0.679786343
NaN	NaN	NaN	NaN	NaN	NaN	NaN	NaN	NaN	NaN	NaN	NaN	NaN	NaN	NaN	NaN	NaN	NaN	NaN	NaN	NaN	NaN	NaN	NaN	NaN	NaN	NaN	NaN	NaN	NaN	NaN	NaN	NaN	NaN	NaN	NaN	NaN	NaN	NaN	NaN	NaN	NaN	NaN	NaN	NaN	NaN	NaN	NaN	NaN	NaN	NaN	NaN	NaN	NaN	NaN	NaN	NaN	NaN	NaN	NaN	0.496228768	0.558542631	0.674317533	0.674317533	0.674317533	0.674317533	0.786012016	0.786012016	0.786012016	0.786012016	0.789177006	0.789177006	0.789177006	0.789177006	0.789177006	0.789177006	0.789177006	0.789177006	0.736375821	0.736375821	0.736375821	0.736375821	0.736375821	0.736375821	0.736375821	0.736375821	0.731139081	0.731139081	0.731139081	0.731139081	0.731139081	0.731139081	0.731139081	0.731139081	0.716273998	0.716273998
NaN	NaN	NaN	NaN	NaN	NaN	NaN	NaN	NaN	NaN	NaN	NaN	NaN	NaN	NaN	NaN	NaN	NaN	NaN	NaN	NaN	NaN	NaN	NaN	NaN	NaN	NaN	NaN	NaN	NaN	NaN	NaN	NaN	NaN	NaN	NaN	NaN	NaN	NaN	NaN	NaN	NaN	NaN	NaN	NaN	NaN	NaN	NaN	NaN	NaN	NaN	NaN	NaN	NaN	NaN	NaN	NaN	NaN	NaN	NaN	NaN	0.802022575	0.759070147	0.759070147	0.759070147	0.759070147	0.853413411	0.853413411	0.853413411	0.853413411	0.960344038	0.960344038	0.960344038	0.960344038	0.989871201	0.989871201	0.989871201	0.989871201	0.925565248	0.925565248	0.925565248	0.925565248	0.925565248	0.925565248	0.925565248	0.925565248	0.923427695	0.923427695	0.923427695	0.923427695	0.923427695	0.923427695	0.923427695	0.923427695	0.897263418	0.897263418
NaN	NaN	NaN	NaN	NaN	NaN	NaN	NaN	NaN	NaN	NaN	NaN	NaN	NaN	NaN	NaN	NaN	NaN	NaN	NaN	NaN	NaN	NaN	NaN	NaN	NaN	NaN	NaN	NaN	NaN	NaN	NaN	NaN	NaN	NaN	NaN	NaN	NaN	NaN	NaN	NaN	NaN	NaN	NaN	NaN	NaN	NaN	NaN	NaN	NaN	NaN	NaN	NaN	NaN	NaN	NaN	NaN	NaN	NaN	NaN	NaN	NaN	0.594892167	0.633411071	0.633411071	0.633411071	0.599679169	0.599679169	0.599679169	0.599679169	0.633365186	0.633365186	0.633365186	0.633365186	0.516654059	0.516654059	0.516654059	0.516654059	0.677031529	0.677031529	0.677031529	0.677031529	0.677031529	0.677031529	0.677031529	0.677031529	0.665902334	0.665902334	0.665902334	0.665902334	0.665902334	0.665902334	0.665902334	0.665902334	0.68846333	0.68846333
NaN	NaN	NaN	NaN	NaN	NaN	NaN	NaN	NaN	NaN	NaN	NaN	NaN	NaN	NaN	NaN	NaN	NaN	NaN	NaN	NaN	NaN	NaN	NaN	NaN	NaN	NaN	NaN	NaN	NaN	NaN	NaN	NaN	NaN	NaN	NaN	NaN	NaN	NaN	NaN	NaN	NaN	NaN	NaN	NaN	NaN	NaN	NaN	NaN	NaN	NaN	NaN	NaN	NaN	NaN	NaN	NaN	NaN	NaN	NaN	NaN	NaN	NaN	0.768167367	0.813483984	0.813483984	0.807572455	0.807572455	0.807572455	0.807572455	0.856223438	0.856223438	0.856223438	0.856223438	1.000699093	1.000699093	1.000699093	1.000699093	1.025444796	1.025444796	1.025444796	1.025444796	1.025444796	1.025444796	1.025444796	1.025444796	1.023464371	1.023464371	1.023464371	1.023464371	1.023464371	1.023464371	1.023464371	1.023464371	0.942751816	0.942751816
NaN	NaN	NaN	NaN	NaN	NaN	NaN	NaN	NaN	NaN	NaN	NaN	NaN	NaN	NaN	NaN	NaN	NaN	NaN	NaN	NaN	NaN	NaN	NaN	NaN	NaN	NaN	NaN	NaN	NaN	NaN	NaN	NaN	NaN	NaN	NaN	NaN	NaN	NaN	NaN	NaN	NaN	NaN	NaN	NaN	NaN	NaN	NaN	NaN	NaN	NaN	NaN	NaN	NaN	NaN	NaN	NaN	NaN	NaN	NaN	NaN	NaN	NaN	NaN	0.743451786	0.853613558	0.800226114	0.800226114	0.800226114	0.800226114	0.856822027	0.856822027	0.856822027	0.856822027	0.920089114	0.920089114	0.920089114	0.920089114	0.834568878	0.834568878	0.834568878	0.834568878	0.834568878	0.834568878	0.834568878	0.834568878	0.830645301	0.830645301	0.830645301	0.830645301	0.830645301	0.830645301	0.830645301	0.830645301	0.77728279	0.77728279
NaN	NaN	NaN	NaN	NaN	NaN	NaN	NaN	NaN	NaN	NaN	NaN	NaN	NaN	NaN	NaN	NaN	NaN	NaN	NaN	NaN	NaN	NaN	NaN	NaN	NaN	NaN	NaN	NaN	NaN	NaN	NaN	NaN	NaN	NaN	NaN	NaN	NaN	NaN	NaN	NaN	NaN	NaN	NaN	NaN	NaN	NaN	NaN	NaN	NaN	NaN	NaN	NaN	NaN	NaN	NaN	NaN	NaN	NaN	NaN	NaN	NaN	NaN	NaN	NaN	0.801836052	0.802571825	0.802571825	0.802571825	0.802571825	0.840008247	0.840008247	0.840008247	0.840008247	0.869298565	0.869298565	0.869298565	0.869298565	0.746378531	0.746378531	0.746378531	0.746378531	0.746378531	0.746378531	0.746378531	0.746378531	0.737611527	0.737611527	0.737611527	0.737611527	0.737611527	0.737611527	0.737611527	0.737611527	0.749972757	0.749972757
NaN	NaN	NaN	NaN	NaN	NaN	NaN	NaN	NaN	NaN	NaN	NaN	NaN	NaN	NaN	NaN	NaN	NaN	NaN	NaN	NaN	NaN	NaN	NaN	NaN	NaN	NaN	NaN	NaN	NaN	NaN	NaN	NaN	NaN	NaN	NaN	NaN	NaN	NaN	NaN	NaN	NaN	NaN	NaN	NaN	NaN	NaN	NaN	NaN	NaN	NaN	NaN	NaN	NaN	NaN	NaN	NaN	NaN	NaN	NaN	NaN	NaN	NaN	NaN	NaN	NaN	0.812575939	0.812575939	0.812575939	0.812575939	0.8519211	0.8519211	0.8519211	0.8519211	0.673705282	0.673705282	0.673705282	0.673705282	0.886614505	0.886614505	0.886614505	0.886614505	0.886614505	0.886614505	0.886614505	0.886614505	0.878011591	0.878011591	0.878011591	0.878011591	0.878011591	0.878011591	0.878011591	0.878011591	0.823705153	0.823705153
NaN	NaN	NaN	NaN	NaN	NaN	NaN	NaN	NaN	NaN	NaN	NaN	NaN	NaN	NaN	NaN	NaN	NaN	NaN	NaN	NaN	NaN	NaN	NaN	NaN	NaN	NaN	NaN	NaN	NaN	NaN	NaN	NaN	NaN	NaN	NaN	NaN	NaN	NaN	NaN	NaN	NaN	NaN	NaN	NaN	NaN	NaN	NaN	NaN	NaN	NaN	NaN	NaN	NaN	NaN	NaN	NaN	NaN	NaN	NaN	NaN	NaN	NaN	NaN	NaN	NaN	NaN	0.452793281	0.465675618	0.465675618	0.582742244	0.582742244	0.582742244	0.582742244	0.678590251	0.678590251	0.678590251	0.678590251	0.757465785	0.757465785	0.757465785	0.757465785	0.757465785	0.757465785	0.757465785	0.757465785	0.750901025	0.750901025	0.750901025	0.750901025	0.750901025	0.750901025	0.750901025	0.750901025	0.691074649	0.691074649
NaN	NaN	NaN	NaN	NaN	NaN	NaN	NaN	NaN	NaN	NaN	NaN	NaN	NaN	NaN	NaN	NaN	NaN	NaN	NaN	NaN	NaN	NaN	NaN	NaN	NaN	NaN	NaN	NaN	NaN	NaN	NaN	NaN	NaN	NaN	NaN	NaN	NaN	NaN	NaN	NaN	NaN	NaN	NaN	NaN	NaN	NaN	NaN	NaN	NaN	NaN	NaN	NaN	NaN	NaN	NaN	NaN	NaN	NaN	NaN	NaN	NaN	NaN	NaN	NaN	NaN	NaN	NaN	0.383134021	0.414781892	0.423778223	0.423778223	0.423778223	0.423778223	0.5390665	0.5390665	0.5390665	0.5390665	0.45577002	0.45577002	0.45577002	0.45577002	0.45577002	0.45577002	0.45577002	0.45577002	0.456869943	0.456869943	0.456869943	0.456869943	0.456869943	0.456869943	0.456869943	0.456869943	0.358400786	0.358400786
NaN	NaN	NaN	NaN	NaN	NaN	NaN	NaN	NaN	NaN	NaN	NaN	NaN	NaN	NaN	NaN	NaN	NaN	NaN	NaN	NaN	NaN	NaN	NaN	NaN	NaN	NaN	NaN	NaN	NaN	NaN	NaN	NaN	NaN	NaN	NaN	NaN	NaN	NaN	NaN	NaN	NaN	NaN	NaN	NaN	NaN	NaN	NaN	NaN	NaN	NaN	NaN	NaN	NaN	NaN	NaN	NaN	NaN	NaN	NaN	NaN	NaN	NaN	NaN	NaN	NaN	NaN	NaN	NaN	0.97276121	1.035234849	1.035234849	1.035234849	1.035234849	1.008133536	1.008133536	1.008133536	1.008133536	1.040264387	1.040264387	1.040264387	1.040264387	1.077285076	1.077285076	1.077285076	1.077285076	1.135497549	1.135497549	1.135497549	1.135497549	1.135497549	1.135497549	1.135497549	1.135497549	1.104811188	1.104811188
NaN	NaN	NaN	NaN	NaN	NaN	NaN	NaN	NaN	NaN	NaN	NaN	NaN	NaN	NaN	NaN	NaN	NaN	NaN	NaN	NaN	NaN	NaN	NaN	NaN	NaN	NaN	NaN	NaN	NaN	NaN	NaN	NaN	NaN	NaN	NaN	NaN	NaN	NaN	NaN	NaN	NaN	NaN	NaN	NaN	NaN	NaN	NaN	NaN	NaN	NaN	NaN	NaN	NaN	NaN	NaN	NaN	NaN	NaN	NaN	NaN	NaN	NaN	NaN	NaN	NaN	NaN	NaN	NaN	NaN	0.664733114	0.652184436	0.652184436	0.652184436	0.499862656	0.499862656	0.499862656	0.499862656	0.661455053	0.661455053	0.661455053	0.661455053	0.777110465	0.777110465	0.777110465	0.777110465	0.680815066	0.680815066	0.680815066	0.680815066	0.680815066	0.680815066	0.680815066	0.680815066	0.572553132	0.572553132
NaN	NaN	NaN	NaN	NaN	NaN	NaN	NaN	NaN	NaN	NaN	NaN	NaN	NaN	NaN	NaN	NaN	NaN	NaN	NaN	NaN	NaN	NaN	NaN	NaN	NaN	NaN	NaN	NaN	NaN	NaN	NaN	NaN	NaN	NaN	NaN	NaN	NaN	NaN	NaN	NaN	NaN	NaN	NaN	NaN	NaN	NaN	NaN	NaN	NaN	NaN	NaN	NaN	NaN	NaN	NaN	NaN	NaN	NaN	NaN	NaN	NaN	NaN	NaN	NaN	NaN	NaN	NaN	NaN	NaN	NaN	0.191405215	0.25901988	0.25901988	0.37826486	0.37826486	0.37826486	0.37826486	0.408498069	0.408498069	0.408498069	0.408498069	0.489439532	0.489439532	0.489439532	0.489439532	0.320831237	0.320831237	0.320831237	0.320831237	0.320831237	0.320831237	0.320831237	0.320831237	0.329662164	0.329662164
NaN	NaN	NaN	NaN	NaN	NaN	NaN	NaN	NaN	NaN	NaN	NaN	NaN	NaN	NaN	NaN	NaN	NaN	NaN	NaN	NaN	NaN	NaN	NaN	NaN	NaN	NaN	NaN	NaN	NaN	NaN	NaN	NaN	NaN	NaN	NaN	NaN	NaN	NaN	NaN	NaN	NaN	NaN	NaN	NaN	NaN	NaN	NaN	NaN	NaN	NaN	NaN	NaN	NaN	NaN	NaN	NaN	NaN	NaN	NaN	NaN	NaN	NaN	NaN	NaN	NaN	NaN	NaN	NaN	NaN	NaN	NaN	0.632192228	0.601506824	0.699309357	0.699309357	0.699309357	0.699309357	0.573217762	0.573217762	0.573217762	0.573217762	0.216242613	0.216242613	0.216242613	0.216242613	0.467638719	0.467638719	0.467638719	0.467638719	0.467638719	0.467638719	0.467638719	0.467638719	0.424594332	0.424594332
NaN	NaN	NaN	NaN	NaN	NaN	NaN	NaN	NaN	NaN	NaN	NaN	NaN	NaN	NaN	NaN	NaN	NaN	NaN	NaN	NaN	NaN	NaN	NaN	NaN	NaN	NaN	NaN	NaN	NaN	NaN	NaN	NaN	NaN	NaN	NaN	NaN	NaN	NaN	NaN	NaN	NaN	NaN	NaN	NaN	NaN	NaN	NaN	NaN	NaN	NaN	NaN	NaN	NaN	NaN	NaN	NaN	NaN	NaN	NaN	NaN	NaN	NaN	NaN	NaN	NaN	NaN	NaN	NaN	NaN	NaN	NaN	NaN	0.642424397	0.649237758	0.649237758	0.649237758	0.649237758	0.470536487	0.470536487	0.470536487	0.470536487	0.479491949	0.479491949	0.479491949	0.479491949	0.62168446	0.62168446	0.62168446	0.62168446	0.62168446	0.62168446	0.62168446	0.62168446	0.558936526	0.558936526
NaN	NaN	NaN	NaN	NaN	NaN	NaN	NaN	NaN	NaN	NaN	NaN	NaN	NaN	NaN	NaN	NaN	NaN	NaN	NaN	NaN	NaN	NaN	NaN	NaN	NaN	NaN	NaN	NaN	NaN	NaN	NaN	NaN	NaN	NaN	NaN	NaN	NaN	NaN	NaN	NaN	NaN	NaN	NaN	NaN	NaN	NaN	NaN	NaN	NaN	NaN	NaN	NaN	NaN	NaN	NaN	NaN	NaN	NaN	NaN	NaN	NaN	NaN	NaN	NaN	NaN	NaN	NaN	NaN	NaN	NaN	NaN	NaN	NaN	0.262784184	0.2775453	0.2775453	0.2775453	0.448901226	0.448901226	0.448901226	0.448901226	0.779613588	0.779613588	0.779613588	0.779613588	0.610455567	0.610455567	0.610455567	0.610455567	0.610455567	0.610455567	0.610455567	0.610455567	0.438643847	0.438643847
NaN	NaN	NaN	NaN	NaN	NaN	NaN	NaN	NaN	NaN	NaN	NaN	NaN	NaN	NaN	NaN	NaN	NaN	NaN	NaN	NaN	NaN	NaN	NaN	NaN	NaN	NaN	NaN	NaN	NaN	NaN	NaN	NaN	NaN	NaN	NaN	NaN	NaN	NaN	NaN	NaN	NaN	NaN	NaN	NaN	NaN	NaN	NaN	NaN	NaN	NaN	NaN	NaN	NaN	NaN	NaN	NaN	NaN	NaN	NaN	NaN	NaN	NaN	NaN	NaN	NaN	NaN	NaN	NaN	NaN	NaN	NaN	NaN	NaN	NaN	1.021407674	0.965386856	0.965386856	0.984394963	0.984394963	0.984394963	0.984394963	1.095596932	1.095596932	1.095596932	1.095596932	0.759011689	0.759011689	0.759011689	0.759011689	0.759011689	0.759011689	0.759011689	0.759011689	0.67998348	0.67998348
NaN	NaN	NaN	NaN	NaN	NaN	NaN	NaN	NaN	NaN	NaN	NaN	NaN	NaN	NaN	NaN	NaN	NaN	NaN	NaN	NaN	NaN	NaN	NaN	NaN	NaN	NaN	NaN	NaN	NaN	NaN	NaN	NaN	NaN	NaN	NaN	NaN	NaN	NaN	NaN	NaN	NaN	NaN	NaN	NaN	NaN	NaN	NaN	NaN	NaN	NaN	NaN	NaN	NaN	NaN	NaN	NaN	NaN	NaN	NaN	NaN	NaN	NaN	NaN	NaN	NaN	NaN	NaN	NaN	NaN	NaN	NaN	NaN	NaN	NaN	NaN	-0.017056045	0.136343737	0.022905834	0.022905834	0.022905834	0.022905834	-0.305522507	-0.305522507	-0.305522507	-0.305522507	0.128232154	0.128232154	0.128232154	0.128232154	0.128232154	0.128232154	0.128232154	0.128232154	0.194579909	0.194579909
NaN	NaN	NaN	NaN	NaN	NaN	NaN	NaN	NaN	NaN	NaN	NaN	NaN	NaN	NaN	NaN	NaN	NaN	NaN	NaN	NaN	NaN	NaN	NaN	NaN	NaN	NaN	NaN	NaN	NaN	NaN	NaN	NaN	NaN	NaN	NaN	NaN	NaN	NaN	NaN	NaN	NaN	NaN	NaN	NaN	NaN	NaN	NaN	NaN	NaN	NaN	NaN	NaN	NaN	NaN	NaN	NaN	NaN	NaN	NaN	NaN	NaN	NaN	NaN	NaN	NaN	NaN	NaN	NaN	NaN	NaN	NaN	NaN	NaN	NaN	NaN	NaN	0.714381109	0.462489856	0.462489856	0.462489856	0.462489856	0.284513432	0.284513432	0.284513432	0.284513432	0.42200322	0.42200322	0.42200322	0.42200322	0.255059035	0.255059035	0.255059035	0.255059035	0.248191235	0.248191235
NaN	NaN	NaN	NaN	NaN	NaN	NaN	NaN	NaN	NaN	NaN	NaN	NaN	NaN	NaN	NaN	NaN	NaN	NaN	NaN	NaN	NaN	NaN	NaN	NaN	NaN	NaN	NaN	NaN	NaN	NaN	NaN	NaN	NaN	NaN	NaN	NaN	NaN	NaN	NaN	NaN	NaN	NaN	NaN	NaN	NaN	NaN	NaN	NaN	NaN	NaN	NaN	NaN	NaN	NaN	NaN	NaN	NaN	NaN	NaN	NaN	NaN	NaN	NaN	NaN	NaN	NaN	NaN	NaN	NaN	NaN	NaN	NaN	NaN	NaN	NaN	NaN	NaN	0.05925602	-0.00455961	-0.00455961	-0.00455961	0.08218428	0.08218428	0.08218428	0.08218428	-0.109440133	-0.109440133	-0.109440133	-0.109440133	-0.190089802	-0.190089802	-0.190089802	-0.190089802	-0.156048407	-0.156048407
NaN	NaN	NaN	NaN	NaN	NaN	NaN	NaN	NaN	NaN	NaN	NaN	NaN	NaN	NaN	NaN	NaN	NaN	NaN	NaN	NaN	NaN	NaN	NaN	NaN	NaN	NaN	NaN	NaN	NaN	NaN	NaN	NaN	NaN	NaN	NaN	NaN	NaN	NaN	NaN	NaN	NaN	NaN	NaN	NaN	NaN	NaN	NaN	NaN	NaN	NaN	NaN	NaN	NaN	NaN	NaN	NaN	NaN	NaN	NaN	NaN	NaN	NaN	NaN	NaN	NaN	NaN	NaN	NaN	NaN	NaN	NaN	NaN	NaN	NaN	NaN	NaN	NaN	NaN	0.194965578	0.097530304	0.097530304	0.186034689	0.186034689	0.186034689	0.186034689	0.066590349	0.066590349	0.066590349	0.066590349	0.132552663	0.132552663	0.132552663	0.132552663	-0.00800905	-0.00800905
NaN	NaN	NaN	NaN	NaN	NaN	NaN	NaN	NaN	NaN	NaN	NaN	NaN	NaN	NaN	NaN	NaN	NaN	NaN	NaN	NaN	NaN	NaN	NaN	NaN	NaN	NaN	NaN	NaN	NaN	NaN	NaN	NaN	NaN	NaN	NaN	NaN	NaN	NaN	NaN	NaN	NaN	NaN	NaN	NaN	NaN	NaN	NaN	NaN	NaN	NaN	NaN	NaN	NaN	NaN	NaN	NaN	NaN	NaN	NaN	NaN	NaN	NaN	NaN	NaN	NaN	NaN	NaN	NaN	NaN	NaN	NaN	NaN	NaN	NaN	NaN	NaN	NaN	NaN	NaN	0.155668975	0.126556364	-0.06014983	-0.06014983	-0.06014983	-0.06014983	0.279559989	0.279559989	0.279559989	0.279559989	0.325606924	0.325606924	0.325606924	0.325606924	0.295908484	0.295908484
NaN	NaN	NaN	NaN	NaN	NaN	NaN	NaN	NaN	NaN	NaN	NaN	NaN	NaN	NaN	NaN	NaN	NaN	NaN	NaN	NaN	NaN	NaN	NaN	NaN	NaN	NaN	NaN	NaN	NaN	NaN	NaN	NaN	NaN	NaN	NaN	NaN	NaN	NaN	NaN	NaN	NaN	NaN	NaN	NaN	NaN	NaN	NaN	NaN	NaN	NaN	NaN	NaN	NaN	NaN	NaN	NaN	NaN	NaN	NaN	NaN	NaN	NaN	NaN	NaN	NaN	NaN	NaN	NaN	NaN	NaN	NaN	NaN	NaN	NaN	NaN	NaN	NaN	NaN	NaN	NaN	0.212690615	0.242201419	0.242201419	0.242201419	0.242201419	0.363984989	0.363984989	0.363984989	0.363984989	0.376271723	0.376271723	0.376271723	0.376271723	0.328868988	0.328868988
NaN	NaN	NaN	NaN	NaN	NaN	NaN	NaN	NaN	NaN	NaN	NaN	NaN	NaN	NaN	NaN	NaN	NaN	NaN	NaN	NaN	NaN	NaN	NaN	NaN	NaN	NaN	NaN	NaN	NaN	NaN	NaN	NaN	NaN	NaN	NaN	NaN	NaN	NaN	NaN	NaN	NaN	NaN	NaN	NaN	NaN	NaN	NaN	NaN	NaN	NaN	NaN	NaN	NaN	NaN	NaN	NaN	NaN	NaN	NaN	NaN	NaN	NaN	NaN	NaN	NaN	NaN	NaN	NaN	NaN	NaN	NaN	NaN	NaN	NaN	NaN	NaN	NaN	NaN	NaN	NaN	NaN	0.453684234	0.47721961	0.47721961	0.47721961	0.361762174	0.361762174	0.361762174	0.361762174	0.409198471	0.409198471	0.409198471	0.409198471	0.459597496	0.459597496
NaN	NaN	NaN	NaN	NaN	NaN	NaN	NaN	NaN	NaN	NaN	NaN	NaN	NaN	NaN	NaN	NaN	NaN	NaN	NaN	NaN	NaN	NaN	NaN	NaN	NaN	NaN	NaN	NaN	NaN	NaN	NaN	NaN	NaN	NaN	NaN	NaN	NaN	NaN	NaN	NaN	NaN	NaN	NaN	NaN	NaN	NaN	NaN	NaN	NaN	NaN	NaN	NaN	NaN	NaN	NaN	NaN	NaN	NaN	NaN	NaN	NaN	NaN	NaN	NaN	NaN	NaN	NaN	NaN	NaN	NaN	NaN	NaN	NaN	NaN	NaN	NaN	NaN	NaN	NaN	NaN	NaN	NaN	0.562293612	0.519083068	0.519083068	0.353261727	0.353261727	0.353261727	0.353261727	0.506457957	0.506457957	0.506457957	0.506457957	0.454537254	0.454537254
NaN	NaN	NaN	NaN	NaN	NaN	NaN	NaN	NaN	NaN	NaN	NaN	NaN	NaN	NaN	NaN	NaN	NaN	NaN	NaN	NaN	NaN	NaN	NaN	NaN	NaN	NaN	NaN	NaN	NaN	NaN	NaN	NaN	NaN	NaN	NaN	NaN	NaN	NaN	NaN	NaN	NaN	NaN	NaN	NaN	NaN	NaN	NaN	NaN	NaN	NaN	NaN	NaN	NaN	NaN	NaN	NaN	NaN	NaN	NaN	NaN	NaN	NaN	NaN	NaN	NaN	NaN	NaN	NaN	NaN	NaN	NaN	NaN	NaN	NaN	NaN	NaN	NaN	NaN	NaN	NaN	NaN	NaN	NaN	0.083703479	0.095398385	0.481915669	0.481915669	0.481915669	0.481915669	0.528945228	0.528945228	0.528945228	0.528945228	0.507425614	0.507425614
NaN	NaN	NaN	NaN	NaN	NaN	NaN	NaN	NaN	NaN	NaN	NaN	NaN	NaN	NaN	NaN	NaN	NaN	NaN	NaN	NaN	NaN	NaN	NaN	NaN	NaN	NaN	NaN	NaN	NaN	NaN	NaN	NaN	NaN	NaN	NaN	NaN	NaN	NaN	NaN	NaN	NaN	NaN	NaN	NaN	NaN	NaN	NaN	NaN	NaN	NaN	NaN	NaN	NaN	NaN	NaN	NaN	NaN	NaN	NaN	NaN	NaN	NaN	NaN	NaN	NaN	NaN	NaN	NaN	NaN	NaN	NaN	NaN	NaN	NaN	NaN	NaN	NaN	NaN	NaN	NaN	NaN	NaN	NaN	NaN	0.469364349	0.616721205	0.616721205	0.616721205	0.616721205	0.491467227	0.491467227	0.491467227	0.491467227	0.397451356	0.397451356
NaN	NaN	NaN	NaN	NaN	NaN	NaN	NaN	NaN	NaN	NaN	NaN	NaN	NaN	NaN	NaN	NaN	NaN	NaN	NaN	NaN	NaN	NaN	NaN	NaN	NaN	NaN	NaN	NaN	NaN	NaN	NaN	NaN	NaN	NaN	NaN	NaN	NaN	NaN	NaN	NaN	NaN	NaN	NaN	NaN	NaN	NaN	NaN	NaN	NaN	NaN	NaN	NaN	NaN	NaN	NaN	NaN	NaN	NaN	NaN	NaN	NaN	NaN	NaN	NaN	NaN	NaN	NaN	NaN	NaN	NaN	NaN	NaN	NaN	NaN	NaN	NaN	NaN	NaN	NaN	NaN	NaN	NaN	NaN	NaN	NaN	0.575792638	0.621783883	0.621783883	0.621783883	0.638588765	0.638588765	0.638588765	0.638588765	0.652457787	0.652457787
NaN	NaN	NaN	NaN	NaN	NaN	NaN	NaN	NaN	NaN	NaN	NaN	NaN	NaN	NaN	NaN	NaN	NaN	NaN	NaN	NaN	NaN	NaN	NaN	NaN	NaN	NaN	NaN	NaN	NaN	NaN	NaN	NaN	NaN	NaN	NaN	NaN	NaN	NaN	NaN	NaN	NaN	NaN	NaN	NaN	NaN	NaN	NaN	NaN	NaN	NaN	NaN	NaN	NaN	NaN	NaN	NaN	NaN	NaN	NaN	NaN	NaN	NaN	NaN	NaN	NaN	NaN	NaN	NaN	NaN	NaN	NaN	NaN	NaN	NaN	NaN	NaN	NaN	NaN	NaN	NaN	NaN	NaN	NaN	NaN	NaN	NaN	0.622335495	0.634637347	0.634637347	0.729370851	0.729370851	0.729370851	0.729370851	0.606751589	0.606751589
NaN	NaN	NaN	NaN	NaN	NaN	NaN	NaN	NaN	NaN	NaN	NaN	NaN	NaN	NaN	NaN	NaN	NaN	NaN	NaN	NaN	NaN	NaN	NaN	NaN	NaN	NaN	NaN	NaN	NaN	NaN	NaN	NaN	NaN	NaN	NaN	NaN	NaN	NaN	NaN	NaN	NaN	NaN	NaN	NaN	NaN	NaN	NaN	NaN	NaN	NaN	NaN	NaN	NaN	NaN	NaN	NaN	NaN	NaN	NaN	NaN	NaN	NaN	NaN	NaN	NaN	NaN	NaN	NaN	NaN	NaN	NaN	NaN	NaN	NaN	NaN	NaN	NaN	NaN	NaN	NaN	NaN	NaN	NaN	NaN	NaN	NaN	NaN	0.108893251	0.219421518	0.09123688	0.09123688	0.09123688	0.09123688	0.12630586	0.12630586
NaN	NaN	NaN	NaN	NaN	NaN	NaN	NaN	NaN	NaN	NaN	NaN	NaN	NaN	NaN	NaN	NaN	NaN	NaN	NaN	NaN	NaN	NaN	NaN	NaN	NaN	NaN	NaN	NaN	NaN	NaN	NaN	NaN	NaN	NaN	NaN	NaN	NaN	NaN	NaN	NaN	NaN	NaN	NaN	NaN	NaN	NaN	NaN	NaN	NaN	NaN	NaN	NaN	NaN	NaN	NaN	NaN	NaN	NaN	NaN	NaN	NaN	NaN	NaN	NaN	NaN	NaN	NaN	NaN	NaN	NaN	NaN	NaN	NaN	NaN	NaN	NaN	NaN	NaN	NaN	NaN	NaN	NaN	NaN	NaN	NaN	NaN	NaN	NaN	0.378029275	0.495957701	0.495957701	0.495957701	0.495957701	0.494046507	0.494046507
NaN	NaN	NaN	NaN	NaN	NaN	NaN	NaN	NaN	NaN	NaN	NaN	NaN	NaN	NaN	NaN	NaN	NaN	NaN	NaN	NaN	NaN	NaN	NaN	NaN	NaN	NaN	NaN	NaN	NaN	NaN	NaN	NaN	NaN	NaN	NaN	NaN	NaN	NaN	NaN	NaN	NaN	NaN	NaN	NaN	NaN	NaN	NaN	NaN	NaN	NaN	NaN	NaN	NaN	NaN	NaN	NaN	NaN	NaN	NaN	NaN	NaN	NaN	NaN	NaN	NaN	NaN	NaN	NaN	NaN	NaN	NaN	NaN	NaN	NaN	NaN	NaN	NaN	NaN	NaN	NaN	NaN	NaN	NaN	NaN	NaN	NaN	NaN	NaN	NaN	0.38665902	0.384920661	0.384920661	0.384920661	0.435309494	0.435309494
NaN	NaN	NaN	NaN	NaN	NaN	NaN	NaN	NaN	NaN	NaN	NaN	NaN	NaN	NaN	NaN	NaN	NaN	NaN	NaN	NaN	NaN	NaN	NaN	NaN	NaN	NaN	NaN	NaN	NaN	NaN	NaN	NaN	NaN	NaN	NaN	NaN	NaN	NaN	NaN	NaN	NaN	NaN	NaN	NaN	NaN	NaN	NaN	NaN	NaN	NaN	NaN	NaN	NaN	NaN	NaN	NaN	NaN	NaN	NaN	NaN	NaN	NaN	NaN	NaN	NaN	NaN	NaN	NaN	NaN	NaN	NaN	NaN	NaN	NaN	NaN	NaN	NaN	NaN	NaN	NaN	NaN	NaN	NaN	NaN	NaN	NaN	NaN	NaN	NaN	NaN	0.698122417	0.655819588	0.655819588	0.565457298	0.565457298
NaN	NaN	NaN	NaN	NaN	NaN	NaN	NaN	NaN	NaN	NaN	NaN	NaN	NaN	NaN	NaN	NaN	NaN	NaN	NaN	NaN	NaN	NaN	NaN	NaN	NaN	NaN	NaN	NaN	NaN	NaN	NaN	NaN	NaN	NaN	NaN	NaN	NaN	NaN	NaN	NaN	NaN	NaN	NaN	NaN	NaN	NaN	NaN	NaN	NaN	NaN	NaN	NaN	NaN	NaN	NaN	NaN	NaN	NaN	NaN	NaN	NaN	NaN	NaN	NaN	NaN	NaN	NaN	NaN	NaN	NaN	NaN	NaN	NaN	NaN	NaN	NaN	NaN	NaN	NaN	NaN	NaN	NaN	NaN	NaN	NaN	NaN	NaN	NaN	NaN	NaN	NaN	0.148412787	0.239766903	0.279640915	0.279640915
NaN	NaN	NaN	NaN	NaN	NaN	NaN	NaN	NaN	NaN	NaN	NaN	NaN	NaN	NaN	NaN	NaN	NaN	NaN	NaN	NaN	NaN	NaN	NaN	NaN	NaN	NaN	NaN	NaN	NaN	NaN	NaN	NaN	NaN	NaN	NaN	NaN	NaN	NaN	NaN	NaN	NaN	NaN	NaN	NaN	NaN	NaN	NaN	NaN	NaN	NaN	NaN	NaN	NaN	NaN	NaN	NaN	NaN	NaN	NaN	NaN	NaN	NaN	NaN	NaN	NaN	NaN	NaN	NaN	NaN	NaN	NaN	NaN	NaN	NaN	NaN	NaN	NaN	NaN	NaN	NaN	NaN	NaN	NaN	NaN	NaN	NaN	NaN	NaN	NaN	NaN	NaN	NaN	0.290742889	0.334540131	0.334540131
NaN	NaN	NaN	NaN	NaN	NaN	NaN	NaN	NaN	NaN	NaN	NaN	NaN	NaN	NaN	NaN	NaN	NaN	NaN	NaN	NaN	NaN	NaN	NaN	NaN	NaN	NaN	NaN	NaN	NaN	NaN	NaN	NaN	NaN	NaN	NaN	NaN	NaN	NaN	NaN	NaN	NaN	NaN	NaN	NaN	NaN	NaN	NaN	NaN	NaN	NaN	NaN	NaN	NaN	NaN	NaN	NaN	NaN	NaN	NaN	NaN	NaN	NaN	NaN	NaN	NaN	NaN	NaN	NaN	NaN	NaN	NaN	NaN	NaN	NaN	NaN	NaN	NaN	NaN	NaN	NaN	NaN	NaN	NaN	NaN	NaN	NaN	NaN	NaN	NaN	NaN	NaN	NaN	NaN	0.186628767	0.16119989
NaN	NaN	NaN	NaN	NaN	NaN	NaN	NaN	NaN	NaN	NaN	NaN	NaN	NaN	NaN	NaN	NaN	NaN	NaN	NaN	NaN	NaN	NaN	NaN	NaN	NaN	NaN	NaN	NaN	NaN	NaN	NaN	NaN	NaN	NaN	NaN	NaN	NaN	NaN	NaN	NaN	NaN	NaN	NaN	NaN	NaN	NaN	NaN	NaN	NaN	NaN	NaN	NaN	NaN	NaN	NaN	NaN	NaN	NaN	NaN	NaN	NaN	NaN	NaN	NaN	NaN	NaN	NaN	NaN	NaN	NaN	NaN	NaN	NaN	NaN	NaN	NaN	NaN	NaN	NaN	NaN	NaN	NaN	NaN	NaN	NaN	NaN	NaN	NaN	NaN	NaN	NaN	NaN	NaN	NaN	0.471734449