country,date,Total gross loans,Interest margin to gross income,Total debt,Gross domestic product,50. Residential real estate loans,51. Commercial real estate loans,57. Credit to the private sector,59. Reference lending rates,60. Reference deposit rates,61. Highest interbank rate,62. Lowest interbank rate,1. Residential real estate prices,2. Commercial real estate prices
Albania,Q4 2010,"507,395.12",74.67,,"1,239,644.58","122,902.50","67,811.54",,,,,,,
Albania,Q1 2011,"524,242.98",78.44,,"1,300,624.08","123,571.01","69,702.51",,,,,,,
Albania,Q2 2011,"543,708.25",77.21,,"1,300,624.08","124,814.90","72,732.72",,,,,,,
Albania,Q3 2011,"567,328.09",84.64,,"1,300,624.08","131,056.49","74,548.41",,,,,,,
Albania,Q4 2011,"588,852.39",90.17,,"1,300,624.08","132,575.76","80,995.49",,,,,,,
Albania,Q1 2012,"598,553.92",109.03,,"1,332,810.99","133,206.04","84,098.38",,,,,,,
Albania,Q2 2012,"602,567.74",102.69,,"1,332,810.99","132,409.53","83,705.66",,,,,,,
Albania,Q3 2012,"607,176.67",96.59,,"1,332,810.99","134,848.51","84,097.24",,,,,,,
Albania,Q4 2012,"613,226.71",89.98,,"1,332,810.99","134,710.81","103,111.45",,,,,,,
Albania,Q1 2013,"614,706.76",71.06,,"1,350,052.64","134,250.77","104,167.69",,,,,,,
Albania,Q2 2013,"610,219.65",74.65,,"1,350,052.64","133,682.03","100,078.03",,,,,,,
Albania,Q3 2013,"599,182.49",76.21,,"1,350,052.64","133,067.29","96,260.62",,,,,,,
Albania,Q4 2013,"599,003.71",78.00,"1,622,881.19","1,350,052.64","129,818.94","97,229.57",,,,,,,
Albania,Q1 2014,"597,409.77",87.83,,"1,395,304.63","129,540.44","96,679.83",,,,,,,
Albania,Q2 2014,"599,980.23",91.84,,"1,395,304.63","129,351.75","96,968.46",,,,,,,
Albania,Q3 2014,"607,655.48",88.49,,"1,395,304.63","129,309.60","98,490.52",,,,,,,
Albania,Q4 2014,"632,365.79",87.25,"1,731,099.73","1,395,304.63","128,819.52","105,247.75",,,,,,,
Albania,Q1 2015,"642,240.96",82.53,,"1,434,306.51","129,677.79","103,804.94",,,,,,,
Albania,Q2 2015,"635,862.72",82.45,,"1,434,306.51","128,914.56","102,553.97",,,,,,,
Albania,Q3 2015,"629,839.01",84.42,,"1,434,306.51","127,772.59","102,527.64",,,,,,,
Albania,Q4 2015,"631,932.90",84.94,"1,556,057.34","1,434,306.51","128,187.92","90,103.50",,,,,,,
Albania,Q1 2016,"641,571.66",89.22,,"1,472,479.13","130,441.78","89,214.89",,,,,,,
Albania,Q2 2016,"650,629.70",82.64,,"1,472,479.13","129,687.31","90,806.00",,,,,,,
Albania,Q3 2016,"664,419.59",80.00,,"1,472,479.13","128,906.27","89,103.68",,,,,,,
Albania,Q4 2016,"662,579.76",80.67,"1,535,764.98","1,472,479.13","129,621.82","88,208.18",,,,,,,
Albania,Q1 2017,"669,692.94",91.75,,"1,550,645.49","130,093.86","85,957.72",,,,,,,
Albania,Q2 2017,"660,511.03",90.90,,"1,550,645.49","130,433.01","74,060.02",,,,,,,
Albania,Q3 2017,"671,251.86",90.74,,"1,550,645.49","132,832.59","82,260.78",,,,,,,
Albania,Q4 2017,"664,157.21",90.87,"1,460,257.16","1,550,645.49","134,735.58","83,126.64",,,,,,,
Albania,Q1 2018,"652,176.49",107.46,,"1,636,729.60","135,276.22","84,035.60",,,,,,,
Albania,Q2 2018,"643,604.76",100.71,,"1,636,729.60","134,589.44","83,782.96",,,,,,,
Albania,Q3 2018,"631,492.92",99.65,,"1,636,729.60","135,015.67","82,876.06",,,,,,,
Albania,Q4 2018,"617,285.05",91.63,"1,474,234.10","1,636,729.60","135,360.85","77,687.94",,,,,,,
Albania,Q1 2019,"602,589.23",74.80,,"1,691,903.43","133,628.18","77,126.60",,,,,,,
Albania,Q2 2019,"596,800.32",74.65,,"1,691,903.43","135,106.49","77,788.44",,,,,,,
Albania,Q3 2019,"601,533.48",74.27,,"1,691,903.43","136,709.17","80,487.53",,,,,,,
Albania,Q4 2019,"604,396.90",74.73,"1,644,827.35","1,691,903.43","137,427.69","80,716.96",,,,,,,
Albania,Q1 2020,"645,938.65",81.99,,"1,644,077.27","143,973.47","86,180.26",,,,,,,
Albania,Q2 2020,"638,250.42",75.91,,"1,644,077.27","142,628.80","83,857.04",,,,,,,
Albania,Q3 2020,"641,193.72",75.02,,"1,644,077.27","146,866.67","83,967.90",,,,,,,
Albania,Q4 2020,"645,827.81",72.52,"1,646,232.91","1,644,077.27","150,237.33","91,578.60","569,498.33",600.22,54.03,76.62,14.05,,
Albania,Q1 2021,"662,416.96",73.90,,"1,889,839.12","149,483.76","89,307.63","574,714.37",618.76,61.40,66.48,27.24,,
Albania,Q2 2021,"677,996.93",71.21,,"1,889,839.12","154,990.45","89,648.48","587,699.88",568.32,68.49,71.95,21.50,,
Albania,Q3 2021,"691,887.10",72.04,,"1,889,839.12","160,943.67","89,607.29","600,310.31",613.10,74.63,71.76,19.67,,
Albania,Q4 2021,"702,775.69",71.90,"1,759,196.02","1,889,839.12","165,665.55","92,977.70","618,003.62",565.63,71.00,73.52,19.86,,
Albania,Q1 2022,"718,749.19",86.66,,"2,073,966.89","170,264.49","94,233.64","633,374.86",617.39,58.80,89.35,29.30,,
Albania,Q2 2022,"739,935.78",90.68,,"2,073,966.89","174,123.90","99,242.21","649,573.69",627.90,88.15,124.64,45.68,,
Albania,Q3 2022,"756,511.93",82.92,,"2,073,966.89","178,023.50","101,888.44","666,672.57",764.84,131.12,197.00,133.90,,
Albania,Q4 2022,"745,744.32",79.71,,"2,073,966.89","180,061.26","98,870.77","661,068.50",722.54,146.64,309.50,220.05,,
Argentina,Q1 2012,"353,326.73",44.96,,,"17,780.73","12,472.52","310,279.28","1,826.18",544.09,"1,388.68",778.30,,
Argentina,Q2 2012,"374,258.60",44.27,,,"18,475.26","13,212.88","329,604.25","1,784.61",523.46,"1,265.62",803.68,,
Argentina,Q3 2012,"398,099.88",43.79,,,"19,298.96","14,277.01","350,828.54","1,789.56",525.45,"1,261.04",840.07,,
Argentina,Q4 2012,"441,127.44",43.94,,,"20,009.98","16,949.02","389,692.99","1,805.95",538.47,"1,405.53",886.67,,
Argentina,Q1 2013,"457,312.31",44.18,,,"20,357.41","18,083.10","405,918.13","1,868.11",586.25,"1,569.23",901.07,,
Argentina,Q2 2013,"491,070.93",43.94,,,"20,666.20","20,078.66","436,211.04","1,885.68",600.30,"1,695.47",954.60,,
Argentina,Q3 2013,"523,115.95",42.59,,,"21,016.15","21,585.41","468,543.63","1,930.46",624.30,"1,899.12",959.59,,
Argentina,Q4 2013,"572,803.43",41.43,,,"21,637.27","24,135.07","510,236.10","1,974.78",650.88,"2,294.38","1,152.40",,
Argentina,Q1 2014,"588,292.27",32.56,,,"21,889.08","24,888.63","525,856.57","2,265.87",815.18,"2,510.51","1,173.77",,
Argentina,Q2 2014,"608,409.01",34.81,,,"22,012.17","25,916.26","543,794.10","2,345.69",895.82,"2,506.45","1,369.60",,
Argentina,Q3 2014,"635,868.00",35.45,,,"22,418.44","26,541.15","571,666.62","2,359.28",888.02,"2,080.51","1,207.39",,
Argentina,Q4 2014,"676,838.25",37.70,,,"22,714.94","27,117.03","613,685.30","2,372.43",865.75,"2,488.85","1,589.15",,
Argentina,Q1 2015,"717,739.45",35.17,,,"22,766.16","27,468.08","644,379.68","2,343.06",858.78,"2,482.31","1,650.93",,
Argentina,Q2 2015,"771,647.35",35.74,,,"22,917.68","28,981.21","695,516.43","2,332.76",884.11,"2,218.75","1,525.12",,
Argentina,Q3 2015,"817,644.23",35.22,,,"22,857.89","30,716.69","746,722.06","2,342.65",900.94,"2,600.01","1,806.19",,
Argentina,Q4 2015,"920,291.87",34.34,,,"23,477.37","34,450.74","830,977.91","2,367.79",925.13,"2,754.63","1,907.67",,
Argentina,Q1 2016,"943,330.85",29.47,,,"24,471.50","32,725.77","851,903.12","2,544.71","1,098.69","3,199.33","2,308.79",,
Argentina,Q2 2016,"1,013,823.88",29.12,,,"25,024.80","33,943.05","918,671.07","2,561.65","1,132.79","3,712.72","3,024.21",,
Argentina,Q3 2016,"1,061,548.28",29.99,,,"26,160.10","34,404.22","976,518.63","2,535.47","1,099.37","3,104.52","2,609.96",,
Argentina,Q4 2016,"1,178,657.69",31.95,,,"29,824.31","35,236.51","1,091,812.26","2,484.53",995.23,"2,924.80","2,361.33",,
Argentina,Q1 2017,"1,222,928.81",40.28,,,"34,297.90","36,354.77","1,142,153.82","2,192.69",664.42,"2,667.01","2,145.04",,
Argentina,Q2 2017,"1,368,671.96",40.77,,,"42,630.97","37,946.07","1,286,066.73","2,168.18",657.32,"2,621.44","2,053.50",,
Argentina,Q3 2017,"1,547,142.49",40.00,,,"61,365.74","41,871.92","1,451,636.50","2,119.32",663.72,"2,762.07","2,159.90",,
Argentina,Q4 2017,"1,756,482.02",40.56,,,"92,736.69","46,440.70","1,660,802.94","2,097.75",678.56,"2,974.89","2,298.60",,
Argentina,Q1 2018,"1,894,035.96",66.75,,,"130,190.37","50,526.75","1,801,646.26","2,071.65",786.04,"2,915.39","2,373.45",,
Argentina,Q2 2018,"2,185,858.39",65.49,,,"166,834.84","56,813.51","2,073,490.39","2,082.56",833.80,"3,896.33","2,959.74",,
Argentina,Q3 2018,"2,436,426.37",62.76,,,"191,479.61","61,078.35","2,318,717.96","2,247.81","1,131.34","5,859.76","3,950.20",,
Argentina,Q4 2018,"2,387,927.50",58.73,,,"220,618.04","64,078.33","2,256,214.81","2,611.43","1,765.21","7,323.64","4,846.91",,
Argentina,Q1 2019,"2,467,089.66",39.99,,,"239,581.30","64,882.50","2,352,696.38","2,556.02","1,608.17","5,807.54","4,049.39",,
Argentina,Q2 2019,"2,492,090.26",44.40,,,"260,033.86","67,393.45","2,381,180.02","2,586.32","1,714.34","7,218.40","4,893.48",,
Argentina,Q3 2019,"2,754,455.08",47.98,,,"281,336.54","71,917.56","2,627,679.51","2,623.81","1,889.18","7,283.37","5,574.56",,
Argentina,Q4 2019,"2,907,670.52",50.47,,,"316,157.95","74,252.38","2,728,092.26","2,769.14","1,795.44","6,196.15","4,635.67",,
Argentina,Q1 2020,"3,033,337.05",63.86,,,"339,748.71","75,942.23","2,849,698.96","2,593.33","1,270.15","4,282.53","2,501.19",,
Argentina,Q2 2020,"3,249,224.72",64.64,,,"355,728.74","78,535.39","3,083,062.20","2,185.17",857.64,"2,197.84",856.25,,
Argentina,Q3 2020,"3,427,783.15",65.00,,,"370,068.61","82,503.29","3,267,192.05","2,193.80","1,097.71","2,214.99","1,367.98",,
Argentina,Q4 2020,"3,800,135.59",62.31,,,"396,715.70","90,364.57","3,606,193.28","2,245.12","1,263.71","3,604.30","2,439.01",,
Argentina,Q1 2021,"3,998,576.59",59.90,,,"435,097.51","106,336.34","3,802,552.52","2,342.67","1,365.22","3,780.77","2,522.83",,
Argentina,Q2 2021,"4,322,809.71",59.26,,,"480,497.81","116,443.62","4,086,955.90","2,308.25","1,414.34","3,805.97","2,703.13",,
Argentina,Q3 2021,"4,682,672.88",59.76,,,"514,265.53","139,062.31","4,465,415.88","2,384.49","1,458.35","3,604.31","2,668.44",,
Argentina,Q4 2021,"5,394,317.60",61.29,,,"554,226.74","173,319.73","5,132,033.24","2,459.71","1,427.25","3,617.02","2,733.25",,
Argentina,Q1 2022,"5,863,686.70",55.72,,,"605,942.59","199,573.57","5,599,700.64","2,528.13","1,515.82","3,719.75","2,707.89",,
Argentina,Q2 2022,"6,931,600.48",56.10,,,"699,676.18","236,554.75","6,621,235.54","2,721.97","1,876.75","4,233.60","3,031.27",,
Argentina,Q3 2022,"7,756,852.45",53.84,,,"813,552.23","275,639.84","7,433,020.50","3,177.90","2,528.17","6,220.89","4,423.62",,
Argentina,Q4 2022,"9,043,912.94",52.15,,,"955,828.16","299,044.04","8,666,335.95","3,695.14","3,295.78","7,767.11","5,154.68",,
"Armenia, Rep. of",Q1 2005,,54.87,,,,,,,,,,,
"Armenia, Rep. of",Q2 2005,,48.98,,,,,,,,,,,
"Armenia, Rep. of",Q3 2005,,50.68,,,,,,,,,,,
"Armenia, Rep. of",Q4 2005,,51.25,,,,,,,,,,,
"Armenia, Rep. of",Q1 2006,,63.18,,,,,,,,,,,
"Armenia, Rep. of",Q2 2006,,63.25,,,,,,,,,,,
"Armenia, Rep. of",Q3 2006,,59.05,,,,,,,,,,,
"Armenia, Rep. of",Q4 2006,,58.99,,,,,,,,,,,
"Armenia, Rep. of",Q1 2007,,62.06,,,,,,,,,,,
"Armenia, Rep. of",Q2 2007,,62.47,,,,,,,,,,,
"Armenia, Rep. of",Q3 2007,,66.34,,,,,,,,,,,
"Armenia, Rep. of",Q4 2007,,65.30,,,,,,,,,,,
"Armenia, Rep. of",Q1 2008,,66.11,,,,,,,,,,,
"Armenia, Rep. of",Q2 2008,,65.53,,,,,,,,,,,
"Armenia, Rep. of",Q3 2008,,65.00,,,,,,,,,,,
"Armenia, Rep. of",Q4 2008,"650,706.22",63.39,,"3,568,227.60","83,620.89",,,,,,,,
"Armenia, Rep. of",Q1 2009,,77.77,,,,,,,,,,,
"Armenia, Rep. of",Q2 2009,,72.53,,,,,,,,,,,
"Armenia, Rep. of",Q3 2009,,67.62,,,,,,,,,,,
"Armenia, Rep. of",Q4 2009,,50.99,,,,,,,,,,,
"Armenia, Rep. of",Q1 2010,"790,924.67",67.02,,"3,460,202.70","85,140.17",,,,,,,0.50,
"Armenia, Rep. of",Q2 2010,"805,636.65",67.40,,"3,460,202.70","83,483.24",,,,,,,7.78,
"Armenia, Rep. of",Q3 2010,"858,448.86",66.50,,"3,460,202.70","85,202.14",,,,,,,7.70,
"Armenia, Rep. of",Q4 2010,"941,490.88",65.29,,"3,460,202.70","88,114.47",,,,,,,,
"Armenia, Rep. of",Q1 2011,"1,015,696.84",67.60,,"3,777,945.60","90,637.37",,,,,,,-4.70,
"Armenia, Rep. of",Q2 2011,"1,109,586.27",67.56,,"3,777,945.60","94,927.82",,,,,,,-8.20,
"Armenia, Rep. of",Q3 2011,"1,170,806.13",66.71,,"3,777,945.60","103,288.57",,,,,,,-5.10,
"Armenia, Rep. of",Q4 2011,"1,277,302.13",66.32,,"3,777,945.60","110,299.55",,,,,,,-1.60,
"Armenia, Rep. of",Q1 2012,"1,347,375.01",73.01,,"4,266,460.50","112,386.16",,,,,,,-3.00,
"Armenia, Rep. of",Q2 2012,"1,489,190.47",70.66,,"4,266,460.50","120,677.96",,,,,,,0.20,
"Armenia, Rep. of",Q3 2012,"1,520,739.69",69.06,,"4,266,460.50","123,352.76",,,,,,,2.00,
"Armenia, Rep. of",Q4 2012,"1,590,865.65",67.33,,"4,266,460.50","127,384.01",,,,,,,3.50,
"Armenia, Rep. of",Q1 2013,"1,631,493.47",65.61,,"4,555,638.20","130,419.82",,,,,,,8.00,
"Armenia, Rep. of",Q2 2013,"1,669,020.50",66.05,,"4,555,638.20","132,772.56",,,,,,,5.70,
"Armenia, Rep. of",Q3 2013,"1,695,745.61",65.46,,"4,555,638.20","138,830.38",,,,,,,4.10,
"Armenia, Rep. of",Q4 2013,"1,776,571.20",63.87,,"4,555,638.20","143,197.25",,,,,,,3.00,
"Armenia, Rep. of",Q1 2014,"1,810,830.04",62.68,,"4,828,626.30","145,136.07",,,,,,,1.30,
"Armenia, Rep. of",Q2 2014,"1,861,185.99",62.94,,"4,828,626.30","150,774.74",,,,,,,0.60,
"Armenia, Rep. of",Q3 2014,"1,896,036.55",63.16,,"4,828,626.30","154,621.60",,,,,,,0.40,
"Armenia, Rep. of",Q4 2014,"2,150,326.38",60.68,,"4,828,626.30","172,432.35",,,,,,,0.20,
"Armenia, Rep. of",Q1 2015,"2,061,733.97",56.42,,"5,043,633.20","169,431.21",,,,,,,0.20,
"Armenia, Rep. of",Q2 2015,"2,047,113.95",56.74,,"5,043,633.20","170,842.46",,,,,,,0.20,
"Armenia, Rep. of",Q3 2015,"2,040,743.15",56.15,,"5,043,633.20","173,884.33",,,,,,,0.20,
"Armenia, Rep. of",Q4 2015,"2,088,167.78",55.20,,"5,043,633.20","178,967.01",,,,,,,0.20,
"Armenia, Rep. of",Q1 2016,"2,134,489.13",57.84,,"5,067,293.50","177,334.80",,,,,,,0.20,
"Armenia, Rep. of",Q2 2016,"2,170,931.22",58.00,,"5,067,293.50","178,560.79",,,,,,,0.20,
"Armenia, Rep. of",Q3 2016,"2,189,743.58",56.95,,"5,067,293.50","181,094.14",,,,,,,0.20,
"Armenia, Rep. of",Q4 2016,"2,412,505.82",55.69,,"5,067,293.50","183,688.78",,,,,,,0.30,
"Armenia, Rep. of",Q1 2017,"2,422,902.26",58.72,,,"182,395.28",,,,,,,-1.70,
"Armenia, Rep. of",Q2 2017,"2,472,932.81",58.96,,,"186,205.63",,,,,,,-4.83,
"Armenia, Rep. of",Q3 2017,"2,495,071.52",58.84,,,"191,267.48",,,,,,,-4.65,
"Armenia, Rep. of",Q4 2017,"2,677,090.59",57.34,,,"209,054.25",,,,,,,-2.92,
"Armenia, Rep. of",Q1 2018,"2,718,894.45",57.17,,,"210,548.51",,,,,,,2.64,
"Armenia, Rep. of",Q2 2018,"2,876,432.53",57.07,,,"219,902.81",,,,,,,8.50,
"Armenia, Rep. of",Q3 2018,"2,946,252.84",56.49,,,"231,068.57",,,,,,,10.60,
"Armenia, Rep. of",Q4 2018,"3,078,564.06",56.49,,,"255,209.36",,,,,,,10.60,
"Armenia, Rep. of",Q1 2019,"3,151,801.15",57.50,,,"270,248.69",,,,,,,8.80,
"Armenia, Rep. of",Q2 2019,"3,266,494.33",56.71,,,"295,332.39",,,,,,,9.80,
"Armenia, Rep. of",Q3 2019,"3,415,646.33",55.90,,,"321,589.09",,,,,,,10.80,
"Armenia, Rep. of",Q4 2019,"3,631,157.70",54.96,,,"358,759.53",,,,,,,15.50,
"Armenia, Rep. of",Q1 2020,"3,825,552.30",57.07,,,"394,953.32",,,,,,,14.90,
"Armenia, Rep. of",Q2 2020,"3,834,884.26",58.56,,,"404,618.94",,,,,,,9.79,
"Armenia, Rep. of",Q3 2020,"4,023,804.39",58.38,,,"441,167.24",,,,,,,3.33,
"Armenia, Rep. of",Q4 2020,"4,150,714.89",57.05,,,"481,211.92",,,,,,,-3.91,
"Armenia, Rep. of",Q1 2021,"4,076,682.90",60.10,,,"504,192.76",,,,,,,,
"Armenia, Rep. of",Q2 2021,"4,013,379.45",59.72,,,"544,156.62",,,,,,,,
"Armenia, Rep. of",Q3 2021,"3,898,011.62",58.65,,,"576,672.78",,,,,,,,
Australia,Q4 2005,"1,078,330.64",49.74,"634,147.00","963,471.00","608,842.42",,,,,,,0.02,0.12
Australia,Q1 2006,"1,094,002.76",46.59,"653,386.00","1,039,087.00","623,111.40","116,445.89",,,,,,0.04,0.14
Australia,Q2 2006,"1,131,273.34",51.13,"679,184.00","1,039,087.00","638,212.43",,,,,,,0.07,0.17
Australia,Q3 2006,"1,170,684.77",49.11,"706,699.00","1,039,087.00","667,346.52","125,332.51",,,,,,0.09,0.19
Australia,Q4 2006,"1,211,270.18",58.37,"734,751.00","1,039,087.00","686,498.58",,,,,,,0.09,0.24
Australia,Q1 2007,"1,235,305.46",53.22,"779,710.00","1,132,329.00","696,895.58","136,360.10",,,,,,0.08,0.26
Australia,Q2 2007,"1,290,649.35",55.49,"809,499.00","1,132,329.00","724,880.26",,,,,,,0.09,0.28
Australia,Q3 2007,"1,321,005.97",43.01,"866,349.00","1,132,329.00","729,185.73","157,015.88",,,,,,0.11,0.28
Australia,Q4 2007,"1,412,285.12",63.28,"900,633.00","1,132,329.00","768,265.34",,,,,,,0.13,0.30
Australia,Q1 2008,"1,453,284.61",60.53,"926,759.00","1,235,275.00","793,556.01","174,435.57",,,,,,0.13,0.23
Australia,Q2 2008,"1,499,611.55",49.71,"944,879.00","1,235,275.00","823,181.41",,,,,,,0.07,0.11
Australia,Q3 2008,"1,558,787.52",41.60,"984,526.00","1,235,275.00","856,845.46","191,759.22",,,,,,0.01,0.01
Australia,Q4 2008,"1,674,658.37",44.03,"1,026,398.00","1,235,275.00","942,739.40","212,247.31",,,,,,-0.04,-0.13
Australia,Q1 2009,"1,698,772.96",63.24,"1,011,823.00","1,264,749.00","967,010.82","219,636.69",,,,,,-0.05,-0.18
Australia,Q2 2009,"1,706,656.11",87.32,"959,279.00","1,264,749.00","998,148.70","212,205.77",,,,,,,-0.20
Australia,Q3 2009,"1,717,955.35",38.66,"948,061.00","1,264,749.00","1,021,339.66","212,225.20",,,,,,0.07,-0.19
Australia,Q4 2009,"1,739,538.48",81.35,"944,392.00","1,264,749.00","1,046,275.21","203,402.01",,,,,,0.14,-0.14
Australia,Q1 2010,"1,759,610.32",83.43,"939,082.00","1,364,326.00","1,066,802.26","195,686.65",,,,,,0.18,-0.07
Australia,Q2 2010,"1,814,371.77",52.80,"941,149.00","1,364,326.00","1,106,062.88","195,681.76",,,,,,0.16,
Australia,Q3 2010,"1,801,805.23",86.91,"938,106.00","1,364,326.00","1,115,411.32","191,461.95",,,,,,0.10,0.03
Australia,Q4 2010,"1,821,522.65",445.36,"924,925.00","1,364,326.00","1,137,210.41","186,781.97",,,,,,0.04,0.05
Australia,Q1 2011,"1,850,833.87",51.49,"930,115.00","1,467,795.00","1,157,484.51","187,581.66",,,,,,,0.05
Australia,Q2 2011,"1,882,661.03",82.80,"919,902.00","1,467,795.00","1,187,209.09","185,004.23",,,,,,-0.02,0.05
Australia,Q3 2011,"1,930,422.58",57.90,"952,840.00","1,467,795.00","1,208,425.10","183,580.68",,,,,,-0.03,0.07
Australia,Q4 2011,"1,950,982.34",96.36,"961,071.00","1,467,795.00","1,223,631.96","185,520.02",,,,,,-0.04,0.07
Australia,Q1 2012,"1,987,343.63",82.71,"971,034.00","1,515,187.00","1,250,281.13","185,707.42",,,,,,-0.03,0.06
Australia,Q2 2012,"2,018,499.81",55.50,"989,763.00","1,515,187.00","1,269,873.93","188,272.37",,,,,,-0.02,0.07
Australia,Q3 2012,"2,064,100.74",53.56,"995,576.00","1,515,187.00","1,271,249.33","191,150.69",,,,,,,0.04
Australia,Q4 2012,"2,067,786.92",74.45,"1,009,070.00","1,515,187.00","1,289,294.75","189,992.37",,,,,,0.03,0.03
Australia,Q1 2013,"2,097,390.02",70.01,"1,016,791.00","1,568,548.00","1,308,195.89","191,374.72",,,,,,0.03,0.03
Australia,Q2 2013,"2,158,789.58",59.09,"1,048,512.00","1,568,548.00","1,344,270.75","193,757.92",,,,,,0.05,0.03
Australia,Q3 2013,"2,199,861.87",50.55,"1,059,770.00","1,568,548.00","1,373,581.85","195,574.86",,,,,,0.08,0.03
Australia,Q4 2013,"2,266,954.25",71.05,"1,096,110.00","1,568,548.00","1,405,307.24","198,508.36",,,,,,0.10,0.04
Australia,Q1 2014,"2,305,514.17",66.39,"1,099,212.00","1,613,612.00","1,429,373.85","202,444.83",,,,,,0.11,0.04
Australia,Q2 2014,"2,341,283.62",68.34,"1,108,745.00","1,613,612.00","1,458,697.51","203,611.19",,,,,,0.10,0.04
Australia,Q3 2014,"2,378,111.44",76.86,"1,147,709.00","1,613,612.00","1,477,886.55","206,236.24",,,,,,0.09,0.06
Australia,Q4 2014,"2,457,360.08",55.79,"1,158,519.00","1,613,612.00","1,523,141.57","210,160.32",,,,,,0.07,0.07
Australia,Q1 2015,"2,527,337.83",50.21,"1,202,272.00","1,638,428.00","1,556,732.60","216,375.72",,,,,,0.07,0.07
Australia,Q2 2015,"2,545,594.38",74.72,"1,214,794.00","1,638,428.00","1,580,396.19","215,436.14",,,,,,0.10,0.08
Australia,Q3 2015,"2,603,275.70",53.60,"1,257,747.00","1,638,428.00","1,614,740.89","219,287.97",,,,,,0.11,0.11
Australia,Q4 2015,"2,637,260.89",64.77,"1,263,281.00","1,638,428.00","1,640,372.32","222,652.77",,,,,,0.09,0.13
Australia,Q1 2016,"2,590,010.36",69.50,"1,275,308.00","1,698,535.00","1,615,834.24","227,227.23",,,,,,0.07,0.13
Australia,Q2 2016,"2,659,013.47",90.82,"1,280,639.00","1,698,535.00","1,663,318.20","229,068.65",,,,,,0.04,0.11
Australia,Q3 2016,"2,683,371.44",89.32,"1,284,107.00","1,698,535.00","1,686,840.23","229,700.76",,,,,,0.04,0.11
Australia,Q4 2016,"2,722,474.81",83.37,"1,307,010.00","1,698,535.00","1,717,291.72","227,005.92",,,,,,0.08,0.11
Australia,Q1 2017,"2,703,826.90",60.62,"1,300,736.00","1,801,868.00","1,718,893.48","226,444.97",,,,,,0.10,0.14
Australia,Q2 2017,"2,761,800.52",69.32,"1,317,528.00","1,801,868.00","1,755,532.99","224,184.89",,,,,,0.10,0.18
Australia,Q3 2017,"2,771,454.00",105.33,"1,333,450.00","1,801,868.00","1,765,709.84","225,153.48",,,,,,0.08,0.16
Australia,Q4 2017,"2,799,207.13",63.05,"1,334,995.00","1,801,868.00","1,782,489.16","225,293.44",,,,,,0.05,0.16
Australia,Q1 2018,"2,837,998.23",81.73,"1,357,239.00","1,894,069.00","1,809,864.03","228,094.54",,,,,,0.02,0.12
Australia,Q2 2018,"2,861,485.17",56.50,"1,363,577.00","1,894,069.00","1,822,218.22","228,832.21",,,,,,-0.01,0.10
Australia,Q3 2018,"2,889,701.95",58.81,"1,411,151.00","1,894,069.00","1,834,057.20","231,399.43",,,,,,-0.02,0.09
Australia,Q4 2018,"2,929,502.45",67.79,"1,423,924.00","1,894,069.00","1,854,467.93","231,946.60",,,,,,-0.05,0.07
Australia,Q1 2019,"2,936,585.70",77.01,"1,439,090.00","1,991,962.00","1,864,692.88","233,981.97",,,,,,-0.07,0.07
Australia,Q2 2019,"2,944,284.97",68.89,"1,470,266.00","1,991,962.00","1,875,793.01","232,552.60",,,,,,-0.07,0.06
Australia,Q3 2019,"2,991,517.26",88.00,"1,493,668.00","1,991,962.00","1,903,254.86","233,413.61",,,,,,-0.04,0.09
Australia,Q4 2019,"3,019,673.06",67.06,"1,484,185.00","1,991,962.00","1,925,117.66","232,846.97",,,,,,0.02,0.11
Australia,Q1 2020,"3,039,090.44",83.86,"1,559,691.00","1,970,804.00","1,913,446.88","240,904.76",,,,,,0.07,0.12
Australia,Q2 2020,"2,992,883.40",61.19,"1,497,278.00","1,970,804.00","1,919,225.91","238,923.85",,,,,,0.06,0.09
Australia,Q3 2020,"2,963,628.50",498.61,"1,487,682.00","1,970,804.00","1,931,360.66","238,671.71",,,,,,0.04,0.03
Australia,Q4 2020,"2,987,409.86",74.83,"1,459,135.00","1,970,804.00","1,961,628.25","240,141.93",,,,,,0.04,0.00
Australia,Q1 2021,"3,007,081.47",101.33,"1,465,533.00","2,189,992.00","1,984,227.51","242,064.43",,,,,,0.07,-0.01
Australia,Q2 2021,"3,069,187.58",78.65,"1,481,530.00","2,189,992.00","2,025,671.34","247,737.51",,,,,,0.17,-0.01
Australia,Q3 2021,"3,150,191.57",61.89,"1,483,464.00","2,189,992.00","2,079,272.34","252,622.75",,,,,,0.22,0.05
Australia,Q4 2021,"3,215,384.68",75.03,"1,498,169.00","2,189,992.00","2,117,101.63","257,051.81",,,,,,0.24,0.05
Australia,Q1 2022,"3,243,411.18",65.86,"1,513,452.00","2,448,924.00","2,122,370.15","272,881.37",,,,,,,
Australia,Q2 2022,"3,268,032.64",65.00,"1,546,374.00","2,448,924.00","2,121,916.53","279,417.18",,,,,,,
Australia,Q3 2022,"3,380,936.27",94.44,"1,591,341.00","2,448,924.00","2,193,794.18","281,481.11",,,,,,,
Australia,Q4 2022,"3,443,127.23",54.53,"1,578,243.00","2,448,924.00","2,241,997.43","285,486.85",,,,,,,
Austria,Q1 2010,,62.23,,,,,,,,,,5.60,
Austria,Q2 2010,,68.12,,,,,,,,,,5.60,
Austria,Q3 2010,,68.36,,,,,,,,,,6.30,
Austria,Q4 2010,,67.37,,,,,,,,,,7.40,
Austria,Q1 2011,,60.69,,,,,,,,,,4.60,
Austria,Q2 2011,,60.67,,,,,,,,,,1.30,
Austria,Q3 2011,,64.54,,,,,,,,,,6.00,
Austria,Q4 2011,,63.27,,,,,,,,,,4.90,
Austria,Q1 2012,,56.21,,,,,,,,,,10.70,
Austria,Q2 2012,,56.89,,,,,,,,,,15.50,
Austria,Q3 2012,,57.64,,,,,,,,,,11.90,
Austria,Q4 2012,,59.28,,,,,,,,,,11.50,
Austria,Q1 2013,,60.72,,,,,,,,,,4.90,
Austria,Q2 2013,,64.43,,,,,,,,,,5.00,
Austria,Q3 2013,,63.56,,,,,,,,,,4.70,
Austria,Q4 2013,,65.68,,,,,,,,,,4.10,
Austria,Q1 2014,,63.72,,,,,,,,,,4.10,
Austria,Q2 2014,,63.02,,,,,,,,,,4.80,
Austria,Q3 2014,,59.70,,,,,,,,,,2.50,
Austria,Q4 2014,,58.67,,,,,,,,,,2.40,
Austria,Q1 2015,,56.87,,,,,,,,,,3.50,
Austria,Q2 2015,,58.17,,,,,,,,,,1.40,
Austria,Q3 2015,,59.50,,,,,,,,,,4.00,
Austria,Q4 2015,,58.84,,,,,,,,,,7.60,
Austria,Q1 2016,,61.96,,,,,,,,,,8.10,
Austria,Q2 2016,,58.97,,,,,,,,,,9.50,
Austria,Q3 2016,,60.20,,,,,,,,,,7.20,
Austria,Q4 2016,,58.96,,,,,,,,,,4.60,
Austria,Q1 2017,,59.08,,,,,,,,,,2.30,
Austria,Q2 2017,,58.99,,,,,,,,,,3.60,
Austria,Q3 2017,,59.77,,,,,,,,,,4.50,
Austria,Q4 2017,,59.11,,,,,,,,,,4.70,
Austria,Q1 2018,,61.99,,,,,,,,,,7.30,
Austria,Q2 2018,,60.94,,,,,,,,,,5.00,
Austria,Q3 2018,,61.50,,,,,,,,,,8.00,
Austria,Q4 2018,,61.11,,,,,,,,,,7.40,
Austria,Q1 2019,,61.12,,,,,,,,,,5.00,
Austria,Q2 2019,,60.27,,,,,,,,,,5.60,
Austria,Q3 2019,,61.49,,,,,,,,,,2.30,
Austria,Q4 2019,,60.47,,,,,,,,,,3.00,
Austria,Q1 2020,,68.71,,,,,,,,,,3.40,
Austria,Q2 2020,,65.16,,,,,,,,,,5.20,
Austria,Q3 2020,,64.29,,,,,,,,,,9.50,
Austria,Q4 2020,,61.50,,,,,,,,,,10.00,
Austria,Q1 2021,,60.62,,,,,,,,,,12.30,
Austria,Q2 2021,,60.18,,,,,,,,,,11.70,
Austria,Q3 2021,,60.45,,,,,,,,,,10.40,
Austria,Q4 2021,,,,,,,,,,,,12.60,
"Azerbaijan, Rep. of",Q1 2022,"27,011.62",66.44,,"118,840.70","2,514.53",,"18,200.57","1,427.74",873.06,,,,
"Azerbaijan, Rep. of",Q2 2022,"28,834.67",63.73,,"118,840.70","2,648.51",,"19,017.05","1,431.28",865.07,,,,
"Azerbaijan, Rep. of",Q3 2022,"30,373.20",62.53,,"118,840.70","2,774.64",,"19,924.52","1,433.59",857.28,,,,
"Azerbaijan, Rep. of",Q4 2022,"29,105.31",62.66,,"118,840.70","2,985.15",,"20,386.34","1,413.47",860.14,,,,
"Belarus, Rep. of",Q4 2010,"9,514.08",41.88,,,,,,,,,,,
"Belarus, Rep. of",Q1 2011,"10,528.77",24.89,,,,,,,,,,,
"Belarus, Rep. of",Q2 2011,"12,662.19",15.95,,,,,,,,,,,
"Belarus, Rep. of",Q3 2011,"13,646.29",13.71,,,,,,,,,,,
"Belarus, Rep. of",Q4 2011,"16,879.55",10.69,,,,,,,,,,,
"Belarus, Rep. of",Q1 2012,"17,184.01",11.43,,,,,,,,,,,
"Belarus, Rep. of",Q2 2012,"18,919.99",13.11,,,,,,,,,,,
"Belarus, Rep. of",Q3 2012,"21,236.82",13.65,,,,,,,,,,,
"Belarus, Rep. of",Q4 2012,"21,761.60",14.78,,,,,,,,,,,
"Belarus, Rep. of",Q1 2013,"22,850.48",14.48,,,,,,,,,,,
"Belarus, Rep. of",Q2 2013,"24,203.15",13.39,,,,,,,,,,,
"Belarus, Rep. of",Q3 2013,"26,421.72",12.41,,,,,,,,,,,
"Belarus, Rep. of",Q4 2013,"27,584.86",11.23,,,,,,,,,,,
"Belarus, Rep. of",Q1 2014,"28,286.72",10.17,,,,,,,,,,,
"Belarus, Rep. of",Q2 2014,"29,728.51",9.42,,,,,,,,,,,
"Belarus, Rep. of",Q3 2014,"30,590.55",9.12,,,,,,,,,,,
"Belarus, Rep. of",Q4 2014,"33,056.97",9.86,,,,,,,,,,,
"Belarus, Rep. of",Q1 2015,"35,790.65",8.95,,,,,,,,,,,
"Belarus, Rep. of",Q2 2015,"37,415.55",9.44,,,,,,,,,,,
"Belarus, Rep. of",Q3 2015,"40,034.05",9.85,,,"4,975.74",,,,,,,,
"Belarus, Rep. of",Q4 2015,"40,486.21",10.59,,,"5,121.56",906.94,,,,,,,
"Belarus, Rep. of",Q1 2016,"41,726.85",13.05,,,"5,153.04","1,542.61",,,,,,21.70,
"Belarus, Rep. of",Q2 2016,"41,372.59",12.39,,,"5,166.11","1,386.82",,,,,,12.50,
"Belarus, Rep. of",Q3 2016,"40,284.96",13.63,,"94,949.00","5,206.96","1,346.25",,,,,,5.60,4.10
"Belarus, Rep. of",Q4 2016,"40,182.55",14.70,,"94,949.00","5,330.06","1,189.13",,,,,,-0.60,4.40
"Belarus, Rep. of",Q1 2017,"37,395.95",14.99,,"105,748.20","5,365.63","1,176.36",,,,,,-12.80,3.00
"Belarus, Rep. of",Q2 2017,"38,666.58",17.87,,"105,748.20","5,459.18","1,186.30",,,,,,-4.80,-15.61
"Belarus, Rep. of",Q3 2017,"40,097.40",17.01,,"105,748.20","5,602.65","1,112.89",,,,,,1.28,-3.18
"Belarus, Rep. of",Q4 2017,"43,177.14",16.90,,"105,748.20","5,970.28","1,026.34",,,,,,8.39,9.16
"Belarus, Rep. of",Q1 2018,"43,799.95",17.80,,"122,319.70","6,137.09","1,045.57",,,,,,14.82,0.62
"Belarus, Rep. of",Q2 2018,"49,526.32",16.68,,"122,319.70","6,436.23","1,087.37",,,,,,17.89,24.92
"Belarus, Rep. of",Q3 2018,"52,787.59",17.68,,"122,319.70","6,752.46","1,169.08",,,,,,15.53,36.96
"Belarus, Rep. of",Q4 2018,"55,671.47",17.31,,"122,319.70","7,096.18","1,218.76",,,,,,16.31,17.03
"Belarus, Rep. of",Q1 2019,"54,746.48",17.05,,"134,732.10","7,298.04","1,008.96",,,,,,14.91,18.72
"Belarus, Rep. of",Q2 2019,"55,294.02",17.93,,"134,732.10","7,601.18","1,097.88",,,,,,10.23,22.68
"Belarus, Rep. of",Q3 2019,"56,696.12",17.53,,"134,732.10","7,973.20","1,157.42",,,,,,6.14,-2.59
"Belarus, Rep. of",Q4 2019,"58,933.92",16.97,,"134,732.10","8,454.60","1,076.85",,,,,,4.44,-16.42
"Belarus, Rep. of",Q1 2020,"67,965.54",15.97,,"149,720.80","8,820.21",988.20,,,,,,11.18,6.69
"Belarus, Rep. of",Q2 2020,"65,601.63",15.47,,"149,720.80","9,173.13",818.30,,,,,,10.55,12.67
"Belarus, Rep. of",Q3 2020,"69,950.56",14.80,,"149,720.80","9,604.10",963.34,,,,,,20.22,3.74
"Belarus, Rep. of",Q4 2020,"71,587.00",14.14,,"149,720.80","9,943.60",958.10,,,,,,16.94,2.95
"Belarus, Rep. of",Q1 2021,"70,138.17",14.13,,"173,153.30","10,100.60",945.66,,,,,,9.45,11.25
"Belarus, Rep. of",Q2 2021,"69,820.16",14.08,,"173,153.30","10,354.80",943.67,,,,,,8.59,13.55
"Belarus, Rep. of",Q3 2021,"71,118.66",14.12,,"173,153.30","10,704.50","1,008.44",,,,,,-0.77,52.20
"Belarus, Rep. of",Q4 2021,"76,022.56",14.15,,"173,153.30","11,040.60",838.74,,,,,,0.83,-7.71
"Belarus, Rep. of",Q1 2022,"80,885.88",12.61,,"193,502.13","11,158.60",850.10,,,,,,9.79,18.03
"Belarus, Rep. of",Q2 2022,"78,156.70",12.07,,"193,502.13","11,353.28",767.90,,,,,,6.45,18.66
"Belarus, Rep. of",Q3 2022,"74,517.83",11.83,,"193,502.13","11,554.36",785.56,,,,,,11.79,32.87
"Belarus, Rep. of",Q4 2022,"78,546.33",11.32,,"193,502.13","11,841.47",811.65,,,,,,6.01,-21.21
Belgium,Q4 2006,,43.14,,,,,,,,,,,
Belgium,Q2 2007,,42.17,,,,,,,,,,,
Belgium,Q4 2007,,44.41,,,,,,,,,,,
Belgium,Q1 2008,,,,,,,,,,,,8.13,
Belgium,Q2 2008,,47.48,,,,,,,,,,7.35,
Belgium,Q3 2008,,,,,,,,,,,,5.96,
Belgium,Q4 2008,,47.88,,,,,,,,,,4.86,
Belgium,Q1 2009,,,,,,,,,,,,3.63,
Belgium,Q2 2009,,80.65,,,,,,,,,,1.61,
Belgium,Q3 2009,,,,,,,,,,,,0.18,
Belgium,Q4 2009,,70.82,,,,,,,,,,-0.34,
Belgium,Q1 2010,,,,,,,,,,,,0.39,
Belgium,Q2 2010,,61.04,,,,,,,,,,2.37,
Belgium,Q3 2010,,,,,,,,,,,,4.21,
Belgium,Q4 2010,,58.71,,,,,,,,,,5.40,
Belgium,Q1 2011,,,,,,,,,,,,5.20,
Belgium,Q2 2011,,60.93,,,,,,,,,,4.59,
Belgium,Q3 2011,,,,,,,,,,,,4.09,
Belgium,Q4 2011,,67.12,,,,,,,,,,3.14,
Belgium,Q1 2012,,,,,,,,,,,,3.31,
Belgium,Q2 2012,,67.51,,,,,,,,,,3.15,
Belgium,Q3 2012,,,,,,,,,,,,2.68,
Belgium,Q4 2012,,64.24,,,,,,,,,,2.50,
Belgium,Q1 2013,,50.96,,,,,,,,,,1.98,
Belgium,Q2 2013,,51.85,,,,,,,,,,1.89,
Belgium,Q3 2013,,53.80,,,,,,,,,,1.79,
Belgium,Q4 2013,,44.66,,,,,,,,,,1.71,
Belgium,Q1 2014,,57.69,,,,,,,,,,1.40,
Belgium,Q2 2014,,58.24,,,,,,,,,,0.77,
Belgium,Q3 2014,,59.19,,,,,,,,,,0.67,
Belgium,Q4 2014,,60.72,,,,,,,,,,0.56,
Belgium,Q1 2015,,57.07,,,,,,,,,,1.16,
Belgium,Q2 2015,,56.46,,,,,,,,,,2.35,
Belgium,Q3 2015,,57.73,,,,,,,,,,3.16,
Belgium,Q4 2015,,58.51,,,,,,,,,,4.18,
Belgium,Q1 2016,,58.76,,,,,,,,,,4.09,
Belgium,Q2 2016,,57.85,,,,,,,,,,2.72,
Belgium,Q3 2016,,57.82,,,,,,,,,,1.59,
Belgium,Q4 2016,,57.05,,,,,,,,,,0.01,
Belgium,Q1 2017,,52.33,,,,,,,,,,0.01,
Belgium,Q2 2017,,50.89,,,,,,,,,,0.02,
Belgium,Q3 2017,,51.38,,,,,,,,,,0.02,
Belgium,Q4 2017,,52.63,,,,,,,,,,,
Belgium,Q1 2018,,40.15,,,,,,,,,,2.70,
Belgium,Q2 2018,,40.10,,,,,,,,,,,
Belgium,Q3 2018,,40.20,,,,,,,,,,0.03,
Belgium,Q4 2018,,40.41,,,,,,,,,,0.04,
Belgium,Q1 2019,,39.86,,,,,,,,,,0.04,
Belgium,Q2 2019,,39.18,,,,,,,,,,0.04,
Belgium,Q3 2019,,39.58,,,,,,,,,,0.04,
Belgium,Q4 2019,,39.44,,,,,,,,,,0.04,
Belgium,Q1 2020,,42.16,,,,,,,,,,0.04,
Belgium,Q2 2020,,41.12,,,,,,,,,,0.04,
Belgium,Q3 2020,,40.21,,,,,,,,,,0.05,
Belgium,Q4 2020,,39.08,,,,,,,,,,0.06,
Belgium,Q1 2021,,35.28,,,,,,,,,,0.06,
Belgium,Q2 2021,,50.89,,,,,,,,,,0.07,
Belgium,Q3 2021,,51.18,,,,,,,,,,0.08,
Belgium,Q4 2021,,49.70,,,,,,,,,,0.08,
Belgium,Q1 2022,,47.67,,,,,,148.48,8.57,,,0.09,
Belgium,Q2 2022,,48.19,,,,,,151.29,8.50,,,0.08,
Belgium,Q3 2022,,49.75,,,,,,198.85,8.92,,,0.07,
Belgium,Q4 2022,,50.05,,,,,,304.08,12.48,,,0.06,
Bosnia and Herzegovina,Q2 2003,"3,654.97",47.46,,,,,"4,605.89",,,,,,
Bosnia and Herzegovina,Q3 2003,"3,899.55",45.80,,,,,"4,850.90",,,,,,
Bosnia and Herzegovina,Q4 2003,"4,177.91",45.22,,,,,"5,035.74",,,,,,
Bosnia and Herzegovina,Q1 2004,"4,467.34",51.79,,,,,"5,325.70",,,,,,
Bosnia and Herzegovina,Q2 2004,"4,831.64",49.65,,,,,"5,228.03",,,,,,
Bosnia and Herzegovina,Q3 2004,"5,162.11",50.49,,,,,"5,535.09",,,,,,
Bosnia and Herzegovina,Q4 2004,"5,455.30",49.68,,,,,"5,821.37",,,,,,
Bosnia and Herzegovina,Q1 2005,"5,756.80",55.04,,,,,"6,101.66",,,,,,
Bosnia and Herzegovina,Q2 2005,"6,209.56",52.27,,,,,"6,588.29",,,,,,
Bosnia and Herzegovina,Q3 2005,"6,551.03",54.32,,,,,"6,922.14",,,,,,
Bosnia and Herzegovina,Q4 2005,"7,053.72",54.06,,,,,"7,426.21",,,,,,
Bosnia and Herzegovina,Q1 2006,"7,370.60",54.97,,,,,"7,054.62",,,,,,
Bosnia and Herzegovina,Q2 2006,"7,907.34",53.93,,,,,"7,620.51",,,,,,
Bosnia and Herzegovina,Q3 2006,"8,234.23",54.07,,,,,"7,943.20",,,,,,
Bosnia and Herzegovina,Q4 2006,"8,855.89",54.31,,,,,"8,534.95",,,,,,
Bosnia and Herzegovina,Q1 2007,"9,428.09",52.32,,,,,"9,074.08",,,,,,
Bosnia and Herzegovina,Q2 2007,"10,171.73",55.80,,,,,"9,752.19",,,,,,
Bosnia and Herzegovina,Q3 2007,"10,812.07",59.33,,,,,"10,381.87",,,,,,
Bosnia and Herzegovina,Q4 2007,"11,595.31",59.68,,,,,"11,107.33",,,,,,
Bosnia and Herzegovina,Q1 2008,"12,395.28",61.02,,,,,"11,877.48",,,,,,
Bosnia and Herzegovina,Q2 2008,"13,387.15",60.74,,,,,"12,772.29",,,,,,
Bosnia and Herzegovina,Q3 2008,"13,836.02",61.40,,,,,"13,360.66",,,,,,
Bosnia and Herzegovina,Q4 2008,"14,039.86",60.62,,,,,"13,554.40",,,,,,
Bosnia and Herzegovina,Q1 2009,"13,946.58",63.30,,,,,"13,485.98",,,,,,
Bosnia and Herzegovina,Q2 2009,"13,960.68",62.48,,,,,"13,360.35",,,,,,
Bosnia and Herzegovina,Q3 2009,"13,606.81",62.47,,,,,"13,183.31",,,,,,
Bosnia and Herzegovina,Q4 2009,"13,496.65",61.54,,,,,"13,092.24",,,,,,
Bosnia and Herzegovina,Q1 2010,"13,529.14",63.82,,,,,"13,133.23",,,,,,
Bosnia and Herzegovina,Q2 2010,"13,606.54",62.93,,,,,"13,198.39",,,,,,
Bosnia and Herzegovina,Q3 2010,"13,641.93",61.94,,,,,"13,182.36",,,,,,
Bosnia and Herzegovina,Q4 2010,"13,935.89",60.06,,,,,"13,388.44",,,,,,
Bosnia and Herzegovina,Q1 2011,"14,177.55",61.35,,,,,"13,617.43",,,,,,
Bosnia and Herzegovina,Q2 2011,"14,407.40",60.48,,,,,"13,829.18",,,,,,
Bosnia and Herzegovina,Q3 2011,"14,513.55",60.96,,,,,"13,890.92",,,,,,
Bosnia and Herzegovina,Q4 2011,"14,637.08",63.87,,,,,"13,935.79",,,,,,
Bosnia and Herzegovina,Q1 2012,"14,808.77",65.55,,,,,"14,089.70",,,,,,
Bosnia and Herzegovina,Q2 2012,"14,999.38",64.20,,,,,"14,292.27",,,,,,
Bosnia and Herzegovina,Q3 2012,"15,163.21",63.64,,,,,"14,321.48",,,,,,
Bosnia and Herzegovina,Q4 2012,"15,213.09",63.67,,,,,"14,346.39",,,,,,
Bosnia and Herzegovina,Q1 2013,"15,305.75",64.24,,,,,"14,353.67",,,,,,
Bosnia and Herzegovina,Q2 2013,"15,424.35",63.31,,,,,"14,436.48",,,,,,
Bosnia and Herzegovina,Q3 2013,"15,507.49",63.01,,,,,"14,530.42",,,,,,
Bosnia and Herzegovina,Q4 2013,"15,728.02",62.29,,,,,"14,688.26",,,,,,
Bosnia and Herzegovina,Q1 2014,"15,954.91",63.48,,,,,"14,886.28",,,,,,
Bosnia and Herzegovina,Q2 2014,"16,185.41",62.39,,,,,"15,033.52",,,,,,
Bosnia and Herzegovina,Q3 2014,"16,166.33",61.94,,,,,"15,009.48",,,,,,
Bosnia and Herzegovina,Q4 2014,"15,903.17",61.59,,,,,"14,953.73",,,,,,
Bosnia and Herzegovina,Q1 2015,"16,091.78",61.48,,,,,"14,901.75",,,,,,
Bosnia and Herzegovina,Q2 2015,"16,349.83",60.88,,,,,"15,179.52",,,,,,
Bosnia and Herzegovina,Q3 2015,"16,344.43",60.69,,,,,"15,206.01",,,,,,
Bosnia and Herzegovina,Q4 2015,"16,457.57",62.04,,,,,"15,327.35",,,,,,
Bosnia and Herzegovina,Q1 2016,"16,527.24",61.57,,,,,"15,458.04",,,,,,
Bosnia and Herzegovina,Q2 2016,"16,528.42",60.92,,,,,"15,545.97",,,,,,
Bosnia and Herzegovina,Q3 2016,"16,636.35",61.36,,,,,"15,583.95",,,,,,
Bosnia and Herzegovina,Q4 2016,"16,829.52",60.40,,,,,"15,899.22",,,,,,
Bosnia and Herzegovina,Q1 2017,"17,177.60",56.44,,,,,"16,187.66",,,,,,
Bosnia and Herzegovina,Q2 2017,"17,537.80",57.56,,,,,"16,542.56",,,,,,
Bosnia and Herzegovina,Q3 2017,"17,727.82",58.05,,,,,"16,758.63",,,,,,
Bosnia and Herzegovina,Q4 2017,"18,048.78",58.31,,,,,"17,043.38",,,,,,
Bosnia and Herzegovina,Q1 2018,"18,327.71",59.72,,,,,"17,364.31",,,,,,
Bosnia and Herzegovina,Q2 2018,"18,812.62",58.66,,,,,"17,664.83",,,,,,
Bosnia and Herzegovina,Q3 2018,"19,092.39",58.69,,,,,"17,800.20",,,,,,
Bosnia and Herzegovina,Q4 2018,"19,331.48",58.83,,,,,"17,960.53",,,,,,
Bosnia and Herzegovina,Q1 2019,"19,626.47",59.21,,,,,"18,250.98",,,,,,
Bosnia and Herzegovina,Q2 2019,"20,064.72",58.23,,,,,"18,734.81",,,,,,
Bosnia and Herzegovina,Q3 2019,"20,250.82",56.98,,,,,"18,890.42",,,,,,
Bosnia and Herzegovina,Q4 2019,"20,684.05",56.79,,,,,"19,095.40",,,,,,
Bosnia and Herzegovina,Q1 2020,"20,639.10",56.90,,,,,"18,814.28",,,,,,
Bosnia and Herzegovina,Q2 2020,"20,621.29",56.78,,,,,"18,662.57",,,,,,
Bosnia and Herzegovina,Q3 2020,"20,576.59",56.40,,,,,"18,628.34",,,,,,
Bosnia and Herzegovina,Q4 2020,"20,748.46",56.03,,,,,"18,555.72",,,,,,
Bosnia and Herzegovina,Q1 2021,"20,869.33",54.77,,,,,"18,693.86",,,,,,
Bosnia and Herzegovina,Q2 2021,"21,665.02",53.94,,,,,"19,081.93",,,,,,
Bosnia and Herzegovina,Q3 2021,"21,798.80",53.38,,,,,"19,185.18",,,,,,
Bosnia and Herzegovina,Q4 2021,"21,595.95",59.18,,,,,"20,035.13",,,,,,
Bosnia and Herzegovina,Q1 2022,"21,429.07",57.39,,,,,"19,921.08",,,,,,
Bosnia and Herzegovina,Q2 2022,"21,923.02",56.55,,,,,"20,450.86",,,,,,
Bosnia and Herzegovina,Q3 2022,"21,966.87",56.37,,,,,"20,397.26",,,,,,
Bosnia and Herzegovina,Q4 2022,"22,305.92",56.62,,,,,"20,654.54",,,,,,
Bulgaria,Q4 2015,"73,045.40",66.20,,,,,,,,,,,
Bulgaria,Q1 2016,"72,761.85",74.83,,,,,,,,,,,
Bulgaria,Q2 2016,"73,493.55",68.63,,,,,,,,,,,
Bulgaria,Q3 2016,"74,618.84",68.41,,,,,,,,,,,
Bulgaria,Q4 2016,"75,575.26",69.24,,,,,,,,,,,
Bulgaria,Q1 2017,"77,085.94",77.27,,,,,,,,,,,
Bulgaria,Q2 2017,"76,321.73",72.81,,,,,,,,,,,
Bulgaria,Q3 2017,"79,287.90",71.09,,,,,,,,,,,
Bulgaria,Q4 2017,"79,427.57",69.37,,,,,,,,,,,
Bulgaria,Q1 2018,"80,689.40",76.48,,,,,,,,,,,
Bulgaria,Q2 2018,"81,634.52",67.67,,,,,,,,,,,
Bulgaria,Q3 2018,"84,360.22",66.58,,,,,,,,,,,
Bulgaria,Q4 2018,"86,105.71",65.07,,,,,,,,,,,
Bulgaria,Q1 2019,"87,769.54",76.54,,,,,,,,,,,
Bulgaria,Q2 2019,"87,420.80",64.82,,,,,,,,,,,
Bulgaria,Q3 2019,"89,685.04",65.97,,,,,,,,,,,
Bulgaria,Q4 2019,"91,060.74",65.03,,,,,,,,,,,
Bulgaria,Q1 2020,"90,487.41",73.00,,,,,,,,,,,
Bulgaria,Q2 2020,"90,695.29",61.81,,,,,,,,,,,
Bulgaria,Q3 2020,"93,172.27",63.56,,,,,,,,,,,
Bulgaria,Q4 2020,"97,375.69",63.74,,,,,,,,,,,
Bulgaria,Q1 2021,"99,522.64",61.14,,,,,,,,,,,
Bulgaria,Q2 2021,"99,811.77",61.81,,,,,,,,,,,
Bulgaria,Q3 2021,"103,672.57",62.33,,,,,,,,,,,
Bulgaria,Q4 2021,"82,288.18",57.25,,,"15,812.86","18,197.91","70,265.34",,,,,,
Bulgaria,Q1 2022,"87,823.39",50.92,,,"16,262.61","18,868.45","72,954.88",,,,,,
Bulgaria,Q2 2022,"89,800.26",53.37,,,"16,949.88","19,500.32","74,978.25",,,,,,
Bulgaria,Q3 2022,"93,013.22",55.57,,,"17,654.41","19,770.36","77,428.71",,,,,,
Bulgaria,Q4 2022,"96,134.77",56.69,,,"18,364.61","19,998.89","79,381.51",,,,,,
Canada,Q1 2005,"1,021,274.37",47.68,"1,487,646.00","1,421,590.00","383,601.52","22,060.41",,,,,,,
Canada,Q2 2005,"1,067,126.70",47.78,"1,528,938.00","1,421,590.00","392,816.45","29,961.19",,,,,,,
Canada,Q3 2005,"1,098,409.69",47.18,"1,526,769.00","1,421,590.00","405,671.18","30,660.16",,,,,,,
Canada,Q4 2005,"1,102,483.17",46.93,"1,531,659.00","1,421,590.00","408,922.99","31,796.20",,,,,,,
Canada,Q1 2006,"1,123,993.61",42.08,"1,576,836.00","1,496,604.00","411,854.35","33,605.22",,,,,,,
Canada,Q2 2006,"1,174,427.43",42.15,"1,604,101.00","1,496,604.00","419,235.98","34,079.99",,,,,,,
Canada,Q3 2006,"1,206,439.69",43.57,"1,608,462.00","1,496,604.00","431,344.59","34,328.37",,,,,,,
Canada,Q4 2006,"1,233,065.89",44.07,"1,616,290.00","1,496,604.00","441,208.32","35,014.47",,,,,,,
Canada,Q1 2007,"1,287,485.34",44.43,"1,768,041.00","1,577,661.00","446,901.98","37,375.79",,,,,,,
Canada,Q2 2007,"1,323,523.11",44.34,"1,859,670.00","1,577,661.00","461,054.08","37,332.47",,,,,,,
Canada,Q3 2007,"1,367,185.01",44.79,"1,849,365.00","1,577,661.00","477,921.85","35,526.64",,,,,,,
Canada,Q4 2007,"1,365,647.65",45.55,"1,905,067.00","1,577,661.00","476,731.55","34,812.84",,,,,,,
Canada,Q1 2008,"1,434,237.81",64.07,"1,985,546.00","1,657,041.00","485,720.52","37,284.52",,,,,,,
Canada,Q2 2008,"1,460,522.18",61.82,"2,060,877.00","1,657,041.00","499,761.34","45,305.92",,,,,,,
Canada,Q3 2008,"1,498,461.17",58.29,"2,086,469.00","1,657,041.00","515,899.62","46,711.57",,,,,,,
Canada,Q4 2008,"1,571,865.81",59.15,"2,162,688.00","1,657,041.00","507,129.76","49,272.29",,,,,,,
Canada,Q1 2009,"1,550,116.94",57.57,"2,154,284.00","1,571,334.00","488,210.40","52,870.85",,,,,,,
Canada,Q2 2009,"1,517,938.02",57.55,"2,119,592.00","1,571,334.00","476,838.13","52,844.67",,,,,,,
Canada,Q3 2009,"1,495,278.38",55.64,"2,094,286.00","1,571,334.00","486,797.44","48,940.30",,,,,,,
Canada,Q4 2009,"1,530,353.19",54.42,"2,102,927.00","1,571,334.00","497,021.97","49,019.52",,,,,,,
Canada,Q1 2010,"1,544,846.38",51.31,"2,120,033.00","1,666,048.00","507,247.16","48,638.78",,,,,,,
Canada,Q2 2010,"1,569,682.77",51.64,"2,163,818.00","1,666,048.00","522,547.23","49,318.00",,,,,,,
Canada,Q3 2010,"1,623,078.39",53.02,"2,198,162.00","1,666,048.00","536,710.25","50,519.25",,,,,,,
Canada,Q4 2010,"1,652,788.40",53.07,"2,207,927.00","1,666,048.00","544,397.66","54,475.91",,,,,,,
Canada,Q1 2011,"1,710,471.42",51.67,"2,277,910.00","1,774,063.00","572,722.35","53,698.91",,,,,,,
Canada,Q2 2011,"1,715,176.97",51.86,"2,305,078.00","1,774,063.00","579,774.24","51,821.19",,,,,,,
Canada,Q3 2011,"1,786,656.10",52.58,"2,379,359.00","1,774,063.00","591,444.46","52,200.56",,,,,,,
Canada,Q4 2011,"1,797,109.20",52.63,"2,384,769.00","1,774,063.00","595,826.32","53,320.47",,,,,,,
Canada,Q1 2012,"2,160,504.58",55.74,"2,446,408.00","1,827,201.00","865,049.82","54,531.28",,,,,,,
Canada,Q2 2012,"2,199,708.78",55.32,"2,485,122.00","1,827,201.00","877,331.30","54,772.76",,,,,,,
Canada,Q3 2012,"2,257,658.31",55.37,"2,514,611.00","1,827,201.00","897,441.85","55,980.46",,,,,,,
Canada,Q4 2012,"2,275,198.07",55.32,"2,541,278.00","1,827,201.00","911,563.37","56,426.15",,,,,,,
Canada,Q1 2013,"2,337,307.10",54.80,"2,594,028.00","1,902,247.00","917,247.40","65,372.96",,,,,,,
Canada,Q2 2013,"2,403,926.56",54.98,"2,628,808.00","1,902,247.00","926,269.54","66,744.39",,,,,,,
Canada,Q3 2013,"2,428,205.44",55.56,"2,617,252.00","1,902,247.00","954,588.14","69,541.97",,,,,,,
Canada,Q4 2013,"2,451,131.85",55.42,"2,617,112.00","1,902,247.00","969,556.60","72,704.39",,,,,,,
Canada,Q1 2014,"2,540,236.71",53.48,"2,739,315.00","1,994,898.00","975,712.17","78,421.85",,,,,,,
Canada,Q2 2014,"2,552,685.77",54.01,"2,781,223.00","1,994,898.00","979,454.09","77,395.99",,,,,,,
Canada,Q3 2014,"2,606,260.89",53.65,"2,848,168.00","1,994,898.00","995,140.02","78,043.26",,,,,,,
Canada,Q4 2014,"2,657,453.34",54.00,"2,876,860.00","1,994,898.00","1,011,458.51","78,940.85",,,,,,,
Canada,Q1 2015,"2,804,918.28",53.95,"2,995,884.00","1,990,441.00","1,025,072.91","84,184.94",,,,,,,
Canada,Q2 2015,"2,799,314.34",53.24,"3,049,572.00","1,990,441.00","1,026,560.12","84,181.51",,,,,,,
Canada,Q3 2015,"2,902,890.07",53.25,"3,083,860.00","1,990,441.00","1,053,822.26","88,168.29",,,,,,,
Canada,Q4 2015,"2,939,084.19",53.88,"3,065,253.00","1,990,441.00","1,072,742.07","90,183.27",,,,,,,
Canada,Q1 2016,"3,116,110.30",55.34,"3,074,015.00","2,025,535.00","1,098,511.45","102,163.26",,,,,,,
Canada,Q2 2016,"3,071,043.63",54.77,"3,148,317.00","2,025,535.00","1,098,401.20","99,578.80",,,,,,,
Canada,Q3 2016,"3,144,112.09",54.12,"3,231,370.00","2,025,535.00","1,124,574.94","103,790.72",,,,,,,
Canada,Q4 2016,"3,151,338.68",54.05,"3,232,841.00","2,025,535.00","1,146,522.06","106,383.07",,,,,,,
Canada,Q1 2017,"3,200,512.32",52.02,"3,329,885.00","2,140,641.00","1,158,023.45","107,466.59",,,,,,,
Canada,Q2 2017,"3,322,507.22",53.05,"3,404,204.00","2,140,641.00","1,174,153.26","112,246.65",,,,,,,
Canada,Q3 2017,"3,315,462.15",53.15,"3,455,829.00","2,140,641.00","1,191,859.93","109,825.32",,,,,,,
Canada,Q4 2017,"3,406,351.97",53.36,"3,477,429.00","2,140,641.00","1,218,225.18","115,439.98",,,,,,,
Canada,Q1 2018,"3,440,088.62",53.09,"3,589,026.00","2,235,675.00","1,222,579.77","115,331.25",,,,,,,
Canada,Q2 2018,"3,536,557.76",53.32,"3,671,434.00","2,235,675.00","1,231,498.86","120,271.57",,,,,,,
Canada,Q3 2018,"3,610,001.16",53.41,"3,708,899.00","2,235,675.00","1,256,443.14","121,921.80",,,,,,,
Canada,Q4 2018,"3,691,902.03",53.54,"3,731,685.00","2,235,675.00","1,266,948.95","125,152.99",,,,,,,
Canada,Q1 2019,"3,790,092.38",55.60,"3,769,708.00","2,313,563.00","1,277,764.27","127,590.62",,,,,,,
Canada,Q2 2019,"3,909,154.13",55.06,"3,865,242.00","2,313,563.00","1,287,282.57","130,434.53",,,,,,,
Canada,Q3 2019,"3,951,072.05",55.15,"3,923,963.00","2,313,563.00","1,310,750.06","131,543.85",,,,,,,
Canada,Q4 2019,"4,008,855.00",55.28,"3,947,990.00","2,313,563.00","1,334,192.31","134,023.51",,,,,,,
Canada,Q1 2020,"4,086,688.21",55.46,"4,080,614.00","2,209,681.00","1,348,477.31","137,707.05",,,,,,,
Canada,Q2 2020,"4,297,948.97",57.10,"4,125,592.00","2,209,681.00","1,374,643.73","143,213.69",,,,,,,
Canada,Q3 2020,"4,163,560.03",56.84,"4,165,517.00","2,209,681.00","1,397,623.47","142,825.23",,,,,,,
Canada,Q4 2020,"4,164,815.95",56.44,"4,219,603.00","2,209,681.00","1,435,211.82","143,598.56",,,,,,,
Canada,Q1 2021,"4,164,981.68",54.02,"4,142,608.00","2,509,618.00","1,461,744.37","143,343.57",,,,,,,
Canada,Q2 2021,"4,169,309.50",53.49,"4,168,355.00","2,509,618.00","1,491,626.66","142,973.30",,,,,,,
Canada,Q3 2021,"4,291,407.38",53.64,"4,232,719.00","2,509,618.00","1,546,543.69","146,175.78",,,,,,,
Canada,Q4 2021,"4,343,411.23",53.97,"4,288,038.00","2,509,618.00","1,582,471.47","147,978.38",,,,,,,
Canada,Q1 2022,"4,499,431.81",53.24,"4,339,177.00","2,785,119.00","1,622,377.03","149,882.24",,,,,,,
Canada,Q2 2022,"4,647,185.64",52.47,"4,412,687.00","2,785,119.00","1,655,643.11","152,199.69",,,,,,,
Canada,Q3 2022,"4,773,545.14",55.43,"4,533,131.00","2,785,119.00","1,694,662.02","154,182.71",,,,,,,
Canada,Q4 2022,"4,999,644.84",54.22,"4,596,622.00","2,785,119.00","1,730,390.91","159,616.37",,,,,,,
"China, P.R.: Hong Kong",Q4 2008,,57.80,,,,,,,,,,,
"China, P.R.: Hong Kong",Q1 2009,,54.08,,,,,,,,,,,
"China, P.R.: Hong Kong",Q2 2009,,48.82,,,,,,,,,,,
"China, P.R.: Hong Kong",Q3 2009,,48.20,,,,,,,,,,,
"China, P.R.: Hong Kong",Q4 2009,,47.65,,,,,,,,,,22.20,14.60
"China, P.R.: Hong Kong",Q1 2010,,45.25,,,,,,,,,,30.40,38.00
"China, P.R.: Hong Kong",Q2 2010,,44.43,,,,,,,,,,25.00,29.90
"China, P.R.: Hong Kong",Q3 2010,,44.98,,,,,,,,,,20.50,19.70
"China, P.R.: Hong Kong",Q4 2010,,44.01,,,,,,,,,,21.70,23.20
"China, P.R.: Hong Kong",Q1 2011,,42.31,,,,,,,,,,24.30,28.30
"China, P.R.: Hong Kong",Q2 2011,,42.24,,,,,,,,,,26.57,33.92
"China, P.R.: Hong Kong",Q3 2011,,44.55,,,,,,,,,,19.80,34.90
"China, P.R.: Hong Kong",Q4 2011,,45.32,,,,,,,,,,11.89,19.03
"China, P.R.: Hong Kong",Q1 2012,,45.69,,,,,,,,,,5.43,8.02
"China, P.R.: Hong Kong",Q2 2012,,46.36,,,,,,,,,,7.32,5.11
"China, P.R.: Hong Kong",Q3 2012,,47.81,,,,,,,,,,14.20,10.96
"China, P.R.: Hong Kong",Q4 2012,,48.00,,,,,,,,,,23.60,20.70
"China, P.R.: Hong Kong",Q1 2013,,43.20,,,,,,,,,,28.00,30.50
"China, P.R.: Hong Kong",Q2 2013,,44.20,,,,,,,,,,19.20,26.20
"China, P.R.: Hong Kong",Q3 2013,,45.70,,,,,,,,,,16.10,21.60
"China, P.R.: Hong Kong",Q4 2013,,46.68,,,,,,,,,,8.64,11.35
"China, P.R.: Hong Kong",Q1 2014,,48.52,,,,,,,,,,2.82,4.02
"China, P.R.: Hong Kong",Q2 2014,,49.88,,,,,,,,,,2.53,2.66
"China, P.R.: Hong Kong",Q3 2014,,50.27,,,,,,,,,,6.35,2.29
"China, P.R.: Hong Kong",Q4 2014,,51.20,,,,,,,,,,11.87,3.55
"China, P.R.: Hong Kong",Q1 2015,,47.42,,,,,,,,,,18.43,3.88
"China, P.R.: Hong Kong",Q2 2015,,43.09,,,,,,,,,,20.80,5.85
"China, P.R.: Hong Kong",Q3 2015,,45.11,,,,,,,,,,16.76,8.21
"China, P.R.: Hong Kong",Q4 2015,,46.53,,,,,,,,,,7.04,6.53
"China, P.R.: Hong Kong",Q1 2016,,47.60,,,,,,,,,,-5.01,0.90
"China, P.R.: Hong Kong",Q2 2016,,37.14,,,,,,,,,,-8.12,-5.88
"China, P.R.: Hong Kong",Q3 2016,,40.27,,,,,,,,,,-5.50,-8.83
"China, P.R.: Hong Kong",Q4 2016,,42.59,,,,,,,,,,4.22,-5.65
"China, P.R.: Hong Kong",Q1 2017,,47.34,,,,,,,,,,14.52,6.45
"China, P.R.: Hong Kong",Q2 2017,,48.95,,,,,,,,,,21.18,15.54
"China, P.R.: Hong Kong",Q3 2017,,50.05,,,,,,,,,,17.61,16.99
"China, P.R.: Hong Kong",Q4 2017,,51.15,,,,,,,,,,13.79,17.52
"China, P.R.: Hong Kong",Q1 2018,,52.00,,,,,,,,,,15.59,12.78
"China, P.R.: Hong Kong",Q2 2018,,53.80,,,,,,,,,,15.10,12.70
"China, P.R.: Hong Kong",Q3 2018,,54.92,,,,,,,,,,15.83,17.32
"China, P.R.: Hong Kong",Q4 2018,,56.23,,,,,,,,,,5.89,13.27
"China, P.R.: Hong Kong",Q1 2019,,54.37,,,,,,,,,,1.26,2.41
"China, P.R.: Hong Kong",Q2 2019,,55.72,,,,,,,,,,2.87,3.35
"China, P.R.: Hong Kong",Q3 2019,,56.12,,,,,,,,,,-1.37,-3.44
"China, P.R.: Hong Kong",Q4 2019,,57.14,,,,,,,,,,3.37,-10.44
"China, P.R.: Hong Kong",Q1 2020,,53.85,,,,,,,,,,2.11,-11.68
"China, P.R.: Hong Kong",Q2 2020,,51.80,,,,,,,,,,-2.71,-19.66
"China, P.R.: Hong Kong",Q3 2020,,50.29,,,,,,,,,,-1.13,-17.36
"China, P.R.: Hong Kong",Q4 2020,,50.61,,,,,,,,,,-0.11,-5.88
"China, P.R.: Hong Kong",Q1 2021,,43.82,,,,,,,,,,2.17,4.55
"China, P.R.: Hong Kong",Q2 2021,,46.58,,,,,,,,,,2.56,12.03
"China, P.R.: Hong Kong",Q3 2021,,46.50,,,,,,,,,,3.83,10.88
"China, P.R.: Hong Kong",Q4 2021,,48.42,,,,,,,,,,3.63,1.27
"China, P.R.: Hong Kong",Q1 2022,,49.01,,,,,,,,,,0.08,2.18
"China, P.R.: Hong Kong",Q2 2022,,50.34,,,,,,,,,,-2.16,-1.03
"China, P.R.: Hong Kong",Q3 2022,,53.42,,,,,,,,,,-7.31,-2.37
"China, P.R.: Hong Kong",Q4 2022,"13,542,484.52",52.39,,,"2,535,072.92",,,532.67,28.33,295.95,274.54,-13.59,-3.01
"China, P.R.: Macao",Q1 2010,"214,837.64",40.50,,,"48,403.64","39,270.25",,239.16,62.53,,,,
"China, P.R.: Macao",Q2 2010,"229,822.76",56.90,,,"54,151.62","40,685.07",,239.35,64.63,,,,
"China, P.R.: Macao",Q3 2010,"238,188.87",58.91,,,"55,108.87","44,142.66",,244.82,67.37,,,,
"China, P.R.: Macao",Q4 2010,"253,401.39",58.57,,,"61,191.43","48,949.32",,246.06,71.19,,,,
"China, P.R.: Macao",Q1 2011,"294,600.36",58.16,,,"65,248.15","50,828.87",,240.27,82.70,,,,
"China, P.R.: Macao",Q2 2011,"320,116.39",57.38,,,"70,770.70","55,730.38",,243.69,89.40,,,,
"China, P.R.: Macao",Q3 2011,"321,144.64",56.30,,,"74,293.39","58,883.02",,251.01,95.24,,,,
"China, P.R.: Macao",Q4 2011,"328,983.05",65.95,,,"76,195.76","63,746.35",,255.30,102.64,,,,
"China, P.R.: Macao",Q1 2012,"358,170.26",63.37,,,"77,891.06","62,146.14",,273.90,139.99,,,16.37,
"China, P.R.: Macao",Q2 2012,"386,644.52",64.07,,,"83,603.06","63,736.36",,278.32,144.84,,,26.56,
"China, P.R.: Macao",Q3 2012,"410,451.86",66.45,,,"91,569.57","66,571.72",,282.31,145.36,,,35.15,
"China, P.R.: Macao",Q4 2012,"411,420.10",67.53,,,"96,661.01","68,906.41",,285.01,141.91,,,46.68,
"China, P.R.: Macao",Q1 2013,"470,808.44",75.09,,,"100,416.28","74,629.25",,270.28,123.46,,,56.16,
"China, P.R.: Macao",Q2 2013,"497,036.61",74.83,,,"106,394.35","78,426.85",,270.61,121.57,,,47.77,
"China, P.R.: Macao",Q3 2013,"518,522.82",76.23,,,"113,142.71","81,231.33",,272.90,121.94,,,32.06,
"China, P.R.: Macao",Q4 2013,"543,970.66",76.77,,,"118,262.95","85,309.75",,274.73,124.79,,,39.04,
"China, P.R.: Macao",Q1 2014,"594,209.83",71.78,,,"125,003.42","95,630.06",,281.27,145.81,,,33.74,
"China, P.R.: Macao",Q2 2014,"651,796.72",73.24,,,"137,751.50","105,059.28",,280.08,150.68,,,34.27,
"China, P.R.: Macao",Q3 2014,"695,421.66",74.38,,,"146,814.73","115,636.40",,281.22,153.21,,,36.93,
"China, P.R.: Macao",Q4 2014,"707,046.96",75.88,,,"152,885.03","122,042.44",,283.94,153.65,,,10.90,
"China, P.R.: Macao",Q1 2015,"722,375.24",77.16,,,"158,977.82","132,246.93",,287.60,150.55,,,3.19,
"China, P.R.: Macao",Q2 2015,"793,468.16",78.57,,,"165,458.06","142,405.66",,285.93,146.49,,,-5.13,
"China, P.R.: Macao",Q3 2015,"796,966.75",76.74,,,"170,185.72","154,995.94",,286.54,141.78,,,-10.76,
"China, P.R.: Macao",Q4 2015,"786,600.34",74.58,,,"173,223.63","164,251.26",,288.04,136.55,,,-10.04,
"China, P.R.: Macao",Q1 2016,"801,525.16",72.96,,,"174,843.74","168,478.61",,282.05,112.69,,,-13.86,
"China, P.R.: Macao",Q2 2016,"803,595.05",74.81,,,"176,592.14","170,336.27",,282.06,109.73,,,-8.23,
"China, P.R.: Macao",Q3 2016,"808,778.31",73.97,,,"178,614.07","171,015.35",,280.49,108.38,,,-0.27,
"China, P.R.: Macao",Q4 2016,"825,978.36",71.83,,,"181,844.18","170,587.66",,281.81,106.37,,,10.26,
"China, P.R.: Macao",Q1 2017,"853,843.45",76.83,,,"182,723.54","170,676.60",,276.48,103.55,,,16.67,
"China, P.R.: Macao",Q2 2017,"884,931.40",75.78,,,"185,802.66","174,618.42",,275.22,107.45,,,12.84,
"China, P.R.: Macao",Q3 2017,"903,392.77",74.25,,,"188,311.45","174,682.74",,276.44,111.25,,,10.97,
"China, P.R.: Macao",Q4 2017,"920,298.84",73.73,,,"190,484.34","181,135.54",,280.25,113.13,,,6.78,
"China, P.R.: Macao",Q1 2018,"959,403.47",73.29,,,"191,666.84","190,082.97",,295.22,126.59,,,6.83,
"China, P.R.: Macao",Q2 2018,"1,007,679.89",76.08,,,"198,734.22","197,397.26",,297.84,128.49,,,9.87,
"China, P.R.: Macao",Q3 2018,"1,013,478.68",75.64,,,"212,420.80","190,380.91",,311.95,137.45,,,9.08,
"China, P.R.: Macao",Q4 2018,"1,048,641.97",74.86,,,"216,046.89","197,870.56",,321.80,147.07,,,8.00,
"China, P.R.: Macao",Q1 2019,"1,122,422.66",70.95,,,"219,136.76","196,048.85",,338.76,189.71,,,3.95,
"China, P.R.: Macao",Q2 2019,"1,138,381.93",73.18,,,"224,227.28","191,257.05",,341.11,190.02,,,-0.37,
"China, P.R.: Macao",Q3 2019,"1,136,343.54",72.49,,,"228,324.69","183,201.03",,342.05,190.82,,,-1.04,
"China, P.R.: Macao",Q4 2019,"1,154,569.67",73.07,,,"230,872.24","178,511.73",,341.28,188.56,,,-0.41,
"China, P.R.: Macao",Q1 2020,"1,229,089.69",72.22,,,"231,410.02","181,176.45",,319.74,172.75,,,0.27,
"China, P.R.: Macao",Q2 2020,"1,313,424.44",71.84,,,"232,305.75","179,806.05",,303.30,163.91,,,-0.82,
"China, P.R.: Macao",Q3 2020,"1,309,966.63",72.38,,,"234,008.25","173,966.35",,287.56,152.54,,,0.52,
"China, P.R.: Macao",Q4 2020,"1,309,054.21",71.54,,,"238,436.33","169,075.30",,278.87,141.34,,,0.41,
"China, P.R.: Macao",Q1 2021,"1,389,292.70",69.32,,,"238,614.50","158,556.91",,241.32,96.48,,,-1.10,
"China, P.R.: Macao",Q2 2021,"1,499,821.57",71.91,,,"240,470.80","161,456.07",,235.97,92.46,,,1.05,
"China, P.R.: Macao",Q3 2021,"1,472,395.11",71.77,,,"241,374.29","158,029.00",,235.42,89.16,,,0.11,
"China, P.R.: Macao",Q4 2021,"1,474,146.40",71.28,,,"243,366.17","162,426.36",,234.20,88.02,,,-0.45,
"China, P.R.: Macao",Q1 2022,"1,493,696.45",69.76,,,"242,562.48","161,390.16",,233.21,87.33,,,-0.54,
"China, P.R.: Macao",Q2 2022,"1,504,949.72",69.32,,,"240,235.59","158,680.68",,235.76,93.70,,,-3.83,
"China, P.R.: Macao",Q3 2022,"1,413,833.38",71.31,,,"238,520.03","158,846.65",,254.12,111.46,,,-7.02,
"China, P.R.: Macao",Q4 2022,"1,404,227.14",72.63,,,"238,489.61","165,007.44",,280.91,137.37,,,-7.62,
"China, P.R.: Mainland",Q2 2015,"72,807,879.96",75.39,,,,,,,,,,,
"China, P.R.: Mainland",Q4 2015,"76,135,406.16",76.27,,,,,,,,,,,
"China, P.R.: Mainland",Q2 2016,"82,286,292.11",74.27,,,,,,,,,,,
"China, P.R.: Mainland",Q4 2016,"86,687,745.23",76.20,,,,,,,,,,,
"China, P.R.: Mainland",Q2 2017,"93,819,768.47",75.16,,,,,,,,,,,
"China, P.R.: Mainland",Q2 2018,"105,017,488.85",76.08,,,,,,,,,,,
"China, P.R.: Mainland",Q4 2018,"110,497,771.50",77.89,,,,,,,,,,,
"China, P.R.: Mainland",Q1 2019,"119,988,851.33",74.17,,,,,,,,,,,
"China, P.R.: Mainland",Q2 2019,"123,520,865.77",75.95,,,,,,,,,,,
"China, P.R.: Mainland",Q3 2019,"127,114,258.34",76.74,,,,,,,,,,,
"China, P.R.: Mainland",Q4 2019,"129,633,913.18",78.07,,,,,,,,,,,
"China, P.R.: Mainland",Q1 2020,"136,659,602.84",73.38,,,,,,,,,,,
"China, P.R.: Mainland",Q2 2020,"141,015,337.88",76.27,,,,,,,,,,,
"China, P.R.: Mainland",Q3 2020,"144,514,376.89",77.95,,,,,,,,,,,
"China, P.R.: Mainland",Q4 2020,"146,849,777.50",78.96,,,,,,,,,,,
"China, P.R.: Mainland",Q1 2021,"154,606,966.76",78.40,,,,,,,,,,,
"China, P.R.: Mainland",Q2 2021,"158,962,292.72",79.20,,,,,,,,,,,
"China, P.R.: Mainland",Q3 2021,"162,207,650.64",79.32,,,,,,,,,,,
"China, P.R.: Mainland",Q4 2021,"164,816,275.09",80.19,,,,,,,,,,,
"China, P.R.: Mainland",Q1 2022,"172,507,517.44",78.19,,,,,,,,,,,
"China, P.R.: Mainland",Q2 2022,"177,144,344.61",78.78,,,,,,,,,,,
"China, P.R.: Mainland",Q3 2022,"180,450,223.03",79.50,,,,,,,,,,,
"Croatia, Rep. of",Q2 2006,,,,"39,448.00",,,,,,,,13.10,
"Croatia, Rep. of",Q3 2006,,,,"39,448.00",,,,,,,,13.30,
"Croatia, Rep. of",Q4 2006,,,,"39,448.00",,,,,,,,14.30,
"Croatia, Rep. of",Q1 2007,,,,"43,177.00",,,,,,,,13.90,
"Croatia, Rep. of",Q2 2007,,,,"43,177.00",,,,,,,,15.00,
"Croatia, Rep. of",Q3 2007,,,,"43,177.00",,,,,,,,15.70,
"Croatia, Rep. of",Q4 2007,,,,"43,177.00",,,,,,,,14.00,
"Croatia, Rep. of",Q1 2008,,,,"46,468.00",,,,,,,,11.50,
"Croatia, Rep. of",Q2 2008,,,,"46,468.00",,,,,,,,7.40,
"Croatia, Rep. of",Q3 2008,,,,"46,468.00",,,,,,,,3.60,
"Croatia, Rep. of",Q4 2008,,,,"46,468.00",,,,,,,,1.20,
"Croatia, Rep. of",Q1 2009,,,,"44,408.00",,,,,,,,0.00,
"Croatia, Rep. of",Q2 2009,,,,"44,408.00",,,,,,,,-1.30,
"Croatia, Rep. of",Q3 2009,,,,"44,408.00",,,,,,,,-3.50,
"Croatia, Rep. of",Q4 2009,,,,"44,408.00",,,,,,,,-5.00,
"Croatia, Rep. of",Q1 2010,,,,"44,273.00",,,,,,,,-7.00,
"Croatia, Rep. of",Q2 2010,,,,"44,273.00",,,,,,,,-7.60,
"Croatia, Rep. of",Q3 2010,,,,"44,273.00",,,,,,,,-7.10,
"Croatia, Rep. of",Q4 2010,,,,"44,273.00",,,,,,,,-6.30,
"Croatia, Rep. of",Q1 2011,,,,"44,972.00",,,,,,,,-4.90,
"Croatia, Rep. of",Q2 2011,,,,"44,972.00",,,,,,,,-3.20,
"Croatia, Rep. of",Q3 2011,,,,"44,972.00",,,,,,,,-1.30,
"Croatia, Rep. of",Q4 2011,,,,"44,972.00",,,,,,,,0.20,
"Croatia, Rep. of",Q1 2012,,,,"44,545.00",,,,,,,,1.50,
"Croatia, Rep. of",Q2 2012,,,,"44,545.00",,,,,,,,1.30,
"Croatia, Rep. of",Q3 2012,,,,"44,545.00",,,,,,,,0.40,
"Croatia, Rep. of",Q4 2012,,,,"44,545.00",,,,,,,,-1.60,
"Croatia, Rep. of",Q1 2013,,,,"44,699.00",,,,,,,,-3.50,
"Croatia, Rep. of",Q2 2013,,,,"44,699.00",,,,,,,,-4.60,
"Croatia, Rep. of",Q3 2013,,,,"44,699.00",,,,,,,,-5.00,
"Croatia, Rep. of",Q4 2013,,,,"44,699.00",,,,,,,,-4.00,
"Croatia, Rep. of",Q1 2014,,,,"44,573.00",,,,,,,,-3.10,
"Croatia, Rep. of",Q2 2014,,,,"44,573.00",,,,,,,,-2.10,
"Croatia, Rep. of",Q3 2014,,,,"44,573.00",,,,,,,,-1.70,
"Croatia, Rep. of",Q4 2014,,,,"44,573.00",,,,,,,,-1.60,
"Croatia, Rep. of",Q1 2015,,,,"45,732.00",,,,,,,,-1.50,
"Croatia, Rep. of",Q2 2015,,,,"45,732.00",,,,,,,,-2.40,
"Croatia, Rep. of",Q3 2015,,,,"45,732.00",,,,,,,,-2.70,
"Croatia, Rep. of",Q4 2015,,,,"45,732.00",,,,,,,,-2.90,
"Croatia, Rep. of",Q1 2016,,,,"47,331.00",,,,,,,,-2.40,
"Croatia, Rep. of",Q2 2016,,,,"47,331.00",,,,,,,,-0.90,
"Croatia, Rep. of",Q3 2016,,,,"47,331.00",,,,,,,,0.20,
"Croatia, Rep. of",Q4 2016,,,,"47,331.00",,,,,,,,0.90,
"Croatia, Rep. of",Q1 2017,,,,"49,518.00",,,,,,,,0.80,
"Croatia, Rep. of",Q2 2017,,,,"49,518.00",,,,,,,,1.60,
"Croatia, Rep. of",Q3 2017,,,,"49,518.00",,,,,,,,2.10,
"Croatia, Rep. of",Q4 2017,,,,"49,518.00",,,,,,,,3.80,
"Croatia, Rep. of",Q1 2018,,,,"51,932.00",,,,,,,,6.10,
"Croatia, Rep. of",Q2 2018,,,,"51,932.00",,,,,,,,6.10,
"Croatia, Rep. of",Q3 2018,,,,"51,932.00",,,,,,,,6.90,
"Croatia, Rep. of",Q4 2018,,,,"51,932.00",,,,,,,,6.10,
"Croatia, Rep. of",Q1 2019,,,,"54,785.00",,,,,,,,5.90,
"Croatia, Rep. of",Q2 2019,,,,"54,785.00",,,,,,,,7.30,
"Croatia, Rep. of",Q3 2019,,,,"54,785.00",,,,,,,,7.60,
"Croatia, Rep. of",Q4 2019,,,,"54,785.00",,,,,,,,9.00,
"Croatia, Rep. of",Q1 2020,,,,"50,451.00",,,,,,,,9.40,
"Croatia, Rep. of",Q2 2020,,,,"50,451.00",,,,,,,,8.90,
"Croatia, Rep. of",Q3 2020,,,,"50,451.00",,,,,,,,8.60,
"Croatia, Rep. of",Q4 2020,,,,"50,451.00",,,,,,,,7.70,
"Croatia, Rep. of",Q1 2021,,61.04,,"58,208.00",,,,,,,,6.60,
"Croatia, Rep. of",Q2 2021,,59.03,,"58,208.00",,,,,,,,6.10,
"Croatia, Rep. of",Q3 2021,,57.03,,"58,208.00",,,,,,,,6.60,
"Croatia, Rep. of",Q4 2021,,54.12,,,,,,,,,,7.30,
"Croatia, Rep. of",Q1 2022,,57.13,,,,,,,,,,9.50,
"Croatia, Rep. of",Q2 2022,,54.62,,,,,,,,,,11.30,
"Croatia, Rep. of",Q3 2022,,53.11,,,,,,,,,,12.80,
"Croatia, Rep. of",Q4 2022,,53.45,,,,,,,,,,14.80,
Cyprus,Q4 2008,,67.28,,,,,,,,,,,
Cyprus,Q1 2009,,65.41,,,,,,,,,,,
Cyprus,Q2 2009,,66.74,,,,,,,,,,,
Cyprus,Q3 2009,,65.91,,,,,,,,,,,
Cyprus,Q4 2009,,66.13,,,,,,,,,,,
Cyprus,Q1 2010,,71.65,,,,,,,,,,,
Cyprus,Q2 2010,,73.80,,,,,,,,,,,
Cyprus,Q3 2010,,74.26,,,,,,,,,,,
Cyprus,Q4 2010,,74.32,,,,,,,,,,,
Cyprus,Q1 2011,,72.53,,,,,,,,,,,
Cyprus,Q2 2011,,78.61,,,,,,,,,,,
Cyprus,Q3 2011,,82.02,,,,,,,,,,,
Cyprus,Q4 2011,,83.66,,,,,,,,,,,
Cyprus,Q1 2012,,77.65,,,,,,,,,,,
Cyprus,Q2 2012,,85.12,,,,,,,,,,,
Cyprus,Q3 2012,,87.64,,,,,,,,,,,
Cyprus,Q4 2012,,76.81,,,,,,,,,,,
Cyprus,Q1 2013,,77.87,,,,,,,,,,,
Cyprus,Q2 2013,,81.82,,,,,,,,,,,
Cyprus,Q3 2013,,81.93,,,,,,,,,,,
Cyprus,Q4 2013,,82.71,,,,,,,,,,,
Cyprus,Q1 2014,,82.04,,,,,,,,,,,
Cyprus,Q2 2014,,80.47,,,,,,,,,,,
Cyprus,Q3 2014,,81.57,,,,,,,,,,,
Cyprus,Q4 2014,,78.29,,,,,,,,,,,
Cyprus,Q1 2015,,79.17,,,,,,,,,,,
Cyprus,Q2 2015,,66.86,,,,,,,,,,,
Cyprus,Q3 2015,,80.85,,,,,,,,,,,
Cyprus,Q4 2015,,76.37,,,,,,,,,,,
Cyprus,Q1 2016,,82.04,,,,,,,,,,,
Cyprus,Q2 2016,,73.48,,,,,,,,,,,
Cyprus,Q3 2016,,74.54,,,,,,,,,,,
Cyprus,Q4 2016,,72.57,,,,,,,,,,,
Cyprus,Q1 2017,,74.76,,,,,,,,,,,
Cyprus,Q2 2017,,72.48,,,,,,,,,,,
Cyprus,Q3 2017,,72.12,,,,,,,,,,,
Cyprus,Q4 2017,,71.18,,,,,,,,,,,
Cyprus,Q1 2018,,63.42,,,,,,,,,,,
Cyprus,Q2 2018,,65.11,,,,,,,,,,,
Cyprus,Q3 2018,,49.17,,,,,,,,,,,
Cyprus,Q4 2018,,51.73,,,,,,,,,,,
Cyprus,Q1 2019,,69.69,,,,,,,,,,,
Cyprus,Q2 2019,,66.06,,,,,,,,,,,
Cyprus,Q3 2019,,66.00,,,,,,,,,,,
Cyprus,Q4 2019,,65.28,,,,,,,,,,,
Cyprus,Q1 2020,,70.96,,,,,,,,,,,
Cyprus,Q2 2020,,72.68,,,,,,,,,,,
Cyprus,Q3 2020,,71.44,,,,,,,,,,,
Cyprus,Q4 2020,,69.56,,,,,,,,,,,
Cyprus,Q1 2021,,70.84,,,,,,,,,,,
Cyprus,Q2 2021,,70.04,,,,,,,,,,,
Cyprus,Q3 2021,,69.03,,,,,,,,,,,
Cyprus,Q4 2021,,68.01,,,,,,,,,,,
Cyprus,Q1 2022,,67.13,,,,,,,,,,,
Cyprus,Q2 2022,,61.90,,,,,,,,,,,
Cyprus,Q3 2022,,63.88,,,,,,,,,,,
Cyprus,Q4 2022,,64.67,,,,,,,,,,,
Czech Rep.,Q4 2008,"2,517,776.06",64.97,,,,,,,,,,,
Czech Rep.,Q1 2009,"2,538,499.23",62.59,,,,,,,,,,,
Czech Rep.,Q2 2009,"2,521,133.90",61.80,,,,,,,,,,,
Czech Rep.,Q3 2009,"2,478,080.59",61.05,,,,,,,,,,,
Czech Rep.,Q4 2009,"2,544,541.96",55.79,,,,,,,,,,,
Czech Rep.,Q1 2010,"2,503,562.43",59.41,,,,,,,,,,,
Czech Rep.,Q2 2010,"2,585,815.28",62.52,,,,,,,,,,,
Czech Rep.,Q3 2010,"2,534,813.21",62.62,,,,,,,,,,,
Czech Rep.,Q4 2010,"2,614,853.66",63.12,,,,,,,,,,,
Czech Rep.,Q1 2011,"2,594,392.14",62.48,,,,,,,,,,,
Czech Rep.,Q2 2011,"2,631,295.25",64.18,,,,,,,,,,,
Czech Rep.,Q3 2011,"2,726,870.24",64.26,,,,,,,,,,,
Czech Rep.,Q4 2011,"2,750,323.46",64.45,,,,,,,,,,,
Czech Rep.,Q1 2012,"2,805,347.45",63.72,,,,,,,,,,,
Czech Rep.,Q2 2012,"2,823,695.72",62.41,,,,,,,,,,,
Czech Rep.,Q3 2012,"2,801,827.74",62.46,,,,,,,,,,,
Czech Rep.,Q4 2012,"2,784,312.76",60.72,,,,,,,,,,,
Czech Rep.,Q1 2013,"2,849,459.99",58.87,,,,,,,,,,,
Czech Rep.,Q2 2013,"2,883,045.68",59.76,,,,,,,,,,,
Czech Rep.,Q3 2013,"2,938,989.04",60.08,,,,,,,,,,,
Czech Rep.,Q4 2013,"3,067,242.26",59.89,,,,,,,,,,,
Czech Rep.,Q1 2014,"3,039,790.54",63.01,,,,,,,,,,,
Czech Rep.,Q2 2014,"3,104,493.70",62.15,,,,,,,,,,,
Czech Rep.,Q3 2014,"3,074,570.66",62.52,,,,,,,,,,,
Czech Rep.,Q4 2014,"3,097,878.73",61.83,,,,,,,,,,,
Czech Rep.,Q1 2015,"3,097,391.27",59.30,,,,,,,,,,,
Czech Rep.,Q2 2015,"3,206,657.96",60.75,,,,,,,,,,,
Czech Rep.,Q3 2015,"3,286,907.04",61.06,,,,,,,,,,,
Czech Rep.,Q4 2015,"3,194,374.97",60.75,,,,,,,,,,,
Czech Rep.,Q1 2016,"3,302,032.09",62.09,,,,,,,,,,,
Czech Rep.,Q2 2016,"3,363,746.90",57.50,,,,,,,,,,,
Czech Rep.,Q3 2016,"3,408,465.62",58.73,,,,,,,,,,,
Czech Rep.,Q4 2016,"3,381,810.32",59.00,,,,,,,,,,,
Czech Rep.,Q1 2017,"3,582,359.07",57.44,,,,,,,,,,,
Czech Rep.,Q2 2017,"3,570,680.92",57.39,,,,,,,,,,,
Czech Rep.,Q3 2017,"3,645,234.46",58.94,,,,,,,,,,,
Czech Rep.,Q4 2017,"3,547,273.78",59.16,,,,,,,,,,,
Czech Rep.,Q1 2018,"3,700,389.75",62.19,,,,,,,,,,,
Czech Rep.,Q2 2018,"3,707,146.90",63.80,,,,,,,,,,,
Czech Rep.,Q3 2018,"3,831,170.36",64.25,,,,,,,,,,,
Czech Rep.,Q4 2018,"3,773,615.46",64.85,,,,,,,,,,,
Czech Rep.,Q1 2019,"6,470,460.30",69.06,,,,,,,,,,,
Czech Rep.,Q2 2019,"6,600,736.82",67.70,,,,,,,,,,,
Czech Rep.,Q3 2019,"6,777,837.38",69.01,,,,,,,,,,,
Czech Rep.,Q4 2019,"6,353,248.80",68.97,,,,,,,,,,,
Czech Rep.,Q1 2020,"7,014,274.56",75.42,,,,,,,,,,,
Czech Rep.,Q2 2020,"6,514,196.62",69.58,,,,,,,,,,,
Czech Rep.,Q3 2020,"6,713,109.25",67.94,,,,,,,,,,,
Czech Rep.,Q4 2020,"6,447,414.65",66.74,,,,,,,,,,,
Czech Rep.,Q1 2021,"6,986,803.84",64.35,,,,,,,,,,,
Czech Rep.,Q2 2021,"6,938,217.31",63.17,,,"1,595,450.49","645,429.94","3,787,080.31",62.12,19.21,31.38,10.29,,
Czech Rep.,Q3 2021,"6,944,178.36",63.49,,,"1,671,908.53","671,942.79","3,957,276.34",68.41,21.58,69.84,20.76,,
Czech Rep.,Q4 2021,"6,678,083.89",64.94,,,"1,730,437.47","664,716.40","4,001,985.14",92.50,37.08,241.44,154.68,,
Czech Rep.,Q1 2022,"6,869,117.03",68.85,,,"1,741,917.35","669,805.85","4,021,788.49",128.71,77.46,425.66,336.56,,
Czech Rep.,Q2 2022,"7,417,079.53",71.23,,,"1,762,803.82","670,048.75","4,049,189.47",150.28,109.78,570.32,444.05,,
Czech Rep.,Q3 2022,"7,088,007.10",70.67,,,"1,762,393.14","686,298.12","4,128,721.61",170.99,138.94,708.81,580.56,,
Czech Rep.,Q4 2022,"6,648,234.49",70.02,,,"1,784,939.16","674,096.16","4,108,257.64",187.59,150.64,706.69,589.84,,
"Estonia, Rep. of",Q4 2008,,78.40,,,,,,,,,,,
"Estonia, Rep. of",Q1 2009,,218.53,,,,,,,,,,,
"Estonia, Rep. of",Q2 2009,,-500.67,,,,,,,,,,,
"Estonia, Rep. of",Q3 2009,,-219.67,,,,,,,,,,,
"Estonia, Rep. of",Q4 2009,,-77.71,,,,,,,,,,,
"Estonia, Rep. of",Q1 2010,,159.75,,,,,,,,,,,
"Estonia, Rep. of",Q2 2010,,125.46,,,,,,,,,,,
"Estonia, Rep. of",Q3 2010,,102.70,,,,,,,,,,,
"Estonia, Rep. of",Q4 2010,,100.77,,,,,,,,,,,
"Estonia, Rep. of",Q1 2011,,67.20,,,,,,,,,,,
"Estonia, Rep. of",Q2 2011,,68.42,,,,,,,,,,,
"Estonia, Rep. of",Q3 2011,,37.64,,,,,,,,,,,
"Estonia, Rep. of",Q4 2011,,41.50,,,,,,,,,,,
"Estonia, Rep. of",Q1 2012,,60.02,,,,,,,,,,,
"Estonia, Rep. of",Q2 2012,,61.35,,,,,,,,,,,
"Estonia, Rep. of",Q3 2012,,62.46,,,,,,,,,,,
"Estonia, Rep. of",Q4 2012,,60.80,,,,,,,,,,,
"Estonia, Rep. of",Q1 2013,,58.06,,,,,,,,,,,
"Estonia, Rep. of",Q2 2013,,45.86,,,,,,,,,,,
"Estonia, Rep. of",Q3 2013,,49.91,,,,,,,,,,,
"Estonia, Rep. of",Q4 2013,,48.44,,,,,,,,,,,
"Estonia, Rep. of",Q1 2014,,65.19,,,,,,,,,,,
"Estonia, Rep. of",Q2 2014,,55.31,,,,,,,,,,,
"Estonia, Rep. of",Q3 2014,,59.17,,,,,,,,,,,
"Estonia, Rep. of",Q4 2014,,61.47,,,,,,,,,,,
"Estonia, Rep. of",Q1 2015,,50.77,,,,,,,,,,,
"Estonia, Rep. of",Q2 2015,,54.93,,,,,,,,,,,
"Estonia, Rep. of",Q3 2015,,56.99,,,,,,,,,,,
"Estonia, Rep. of",Q4 2015,,57.01,,,,,,,,,,,
"Estonia, Rep. of",Q1 2016,,44.81,,,,,,,,,,,
"Estonia, Rep. of",Q2 2016,,49.23,,,,,,,,,,,
"Estonia, Rep. of",Q3 2016,,52.61,,,,,,,,,,,
"Estonia, Rep. of",Q4 2016,,54.46,,,,,,,,,,,
"Estonia, Rep. of",Q1 2017,,51.60,,,,,,,,,,,
"Estonia, Rep. of",Q2 2017,,55.01,,,,,,,,,,,
"Estonia, Rep. of",Q3 2017,,56.46,,,,,,,,,,,
"Estonia, Rep. of",Q4 2017,,57.92,,,,,,,,,,,
"Estonia, Rep. of",Q1 2018,,53.60,,,,,,,,,,,
"Estonia, Rep. of",Q2 2018,,56.84,,,,,,,,,,,
"Estonia, Rep. of",Q3 2018,,58.90,,,,,,,,,,,
"Estonia, Rep. of",Q4 2018,,59.84,,,,,,,,,,,
"Estonia, Rep. of",Q1 2019,,62.78,,,,,,,,,,,
"Estonia, Rep. of",Q2 2019,,59.05,,,,,,,,,,,
"Estonia, Rep. of",Q3 2019,,60.05,,,,,,,,,,,
"Estonia, Rep. of",Q4 2019,,59.20,,,,,,,,,,,
"Estonia, Rep. of",Q1 2020,,55.28,,,,,,,,,,,
"Estonia, Rep. of",Q2 2020,,59.57,,,,,,,,,,,
"Estonia, Rep. of",Q3 2020,,61.17,,,,,,,,,,,
"Estonia, Rep. of",Q4 2020,,60.66,,,,,,,,,,,
"Estonia, Rep. of",Q1 2021,,62.68,,,,,,,,,,,
"Estonia, Rep. of",Q2 2021,,62.78,,,,,,,,,,,
"Estonia, Rep. of",Q3 2021,,63.25,,,,,,,,,,,
"Estonia, Rep. of",Q4 2021,,62.62,,,,,,,,,,,
"Estonia, Rep. of",Q1 2022,,65.41,,,,,,,,,,,
"Estonia, Rep. of",Q2 2022,,65.94,,,,,,,,,,,
"Estonia, Rep. of",Q3 2022,,64.93,,,,,,,,,,,
"Estonia, Rep. of",Q4 2022,,66.72,,,,,,,,,,,
Finland,Q1 2005,,62.31,,,,,,,,,,,
Finland,Q2 2005,,61.26,,,,,,,,,,,
Finland,Q3 2005,,62.49,,,,,,,,,,,
Finland,Q4 2005,,61.47,,,,,,,,,,,
Finland,Q1 2006,,52.41,,,,,,,,,,,
Finland,Q2 2006,,52.55,,,,,,,,,,,
Finland,Q3 2006,,54.90,,,,,,,,,,,
Finland,Q4 2006,,53.72,,,,,,,,,,,
Finland,Q1 2007,"178,300.00",47.27,,,,,,,,,,,
Finland,Q2 2007,"174,913.00",50.83,,,,,,,,,,,
Finland,Q3 2007,"179,801.00",52.45,,,,,,,,,,,
Finland,Q4 2007,"189,832.00",50.69,,,"59,759.00",,,,,,,4.10,
Finland,Q1 2008,"187,323.00",52.86,,,"61,061.00",,,,,,,3.30,
Finland,Q2 2008,"193,108.00",57.23,,,"62,997.00",,,,,,,2.70,
Finland,Q3 2008,"200,452.00",59.69,,,"64,333.00",,,,,,,0.30,
Finland,Q4 2008,"211,257.00",60.35,,,"65,032.00",,,,,,,-3.90,
Finland,Q1 2009,"210,691.00",48.64,,,"65,671.00",,,,,,,-5.50,
Finland,Q2 2009,"217,265.00",47.48,,,"66,969.00",,,,,,,-3.50,
Finland,Q3 2009,"201,469.00",47.72,,,"68,152.00",,,,,,,0.50,
Finland,Q4 2009,"212,283.00",46.74,,,"69,285.00",,,,,,,7.90,
Finland,Q1 2010,"216,675.00",43.89,,,"70,024.00",,,,,,,11.40,
Finland,Q2 2010,"222,283.00",44.57,,,"71,678.00",,,,,,,10.30,
Finland,Q3 2010,"222,893.00",45.42,,,"72,961.00",,,,,,,8.00,
Finland,Q4 2010,"231,933.35",44.75,,,"74,185.00",,,,,,,5.20,
Finland,Q1 2011,"249,645.00",43.28,,,"74,950.00",,,,,,,3.80,
Finland,Q2 2011,"252,087.00",46.17,,,"76,500.00",,,,,,,3.20,
Finland,Q3 2011,"266,072.00",48.66,,,"77,929.00",,,,,,,2.50,
Finland,Q4 2011,"283,322.00",48.09,,,"79,151.00",,,,,,,1.00,
Finland,Q1 2012,"272,141.00",41.67,,,"79,932.00",,,,,,,1.30,
Finland,Q2 2012,"288,630.00",44.21,,,"81,580.00",,,,,,,0.80,
Finland,Q3 2012,"297,868.00",44.46,,,"82,796.00",,,,,,,1.60,
Finland,Q4 2012,"281,489.00",43.72,,,"83,618.00",,,,,,,2.70,
Finland,Q1 2013,"273,545.00",37.72,,,"83,921.00",,,,,,,1.60,
Finland,Q2 2013,"278,997.00",38.94,,,"84,576.00",,,,,,,1.70,
Finland,Q3 2013,"271,992.00",40.48,,,"85,035.00",,,,,,,1.10,
Finland,Q4 2013,"275,211.00",40.76,,,"85,379.00",,,,,,,0.90,
Finland,Q1 2014,,41.01,,,"85,414.00",,,,,,,,
Finland,Q2 2014,,41.65,,,"85,980.00",,,,,,,-0.60,
Finland,Q3 2014,,42.11,,,"86,365.00",,,,,,,-1.00,
Finland,Q4 2014,"292,122.00",41.72,,,"86,735.00",,,,,,,-1.30,
Finland,Q1 2015,"305,033.00",36.14,,,"86,889.00",,,,,,,-1.10,
Finland,Q2 2015,"306,359.00",37.14,,,"87,698.00",,,,,,,-1.10,
Finland,Q3 2015,"309,035.00",38.09,,,"88,351.00",,,,,,,-0.90,
Finland,Q4 2015,"284,087.00",38.94,,,"88,968.00",,,,,,,-0.20,
Finland,Q1 2016,"299,713.00",38.56,,,"89,200.00",,,,,,,-0.10,
Finland,Q2 2016,"296,139.00",38.21,,,"90,132.00",,,,,,,0.50,
Finland,Q3 2016,"287,747.00",39.57,,,"90,710.00",,,,,,,0.50,
Finland,Q4 2016,"245,421.00",36.81,,,"70,246.00",,,,,,,0.50,
Finland,Q1 2017,"242,014.00",36.42,,,"63,372.00",,,,,,,1.90,
Finland,Q2 2017,"242,193.00",40.38,,,"63,905.00",,,,,,,1.90,
Finland,Q3 2017,"240,239.00",43.01,,,"64,402.00",,,,,,,1.40,
Finland,Q4 2017,"238,619.00",40.93,,,"59,742.00",,,,,,,1.40,
Finland,Q1 2018,"200,333.72",46.38,,,"57,904.29","15,395.53","109,104.98",,,,,,
Finland,Q2 2018,"196,522.02",47.96,,,"58,294.22","15,300.04","109,861.74",,,,,1.00,
Finland,Q3 2018,"197,144.28",48.95,,,"58,650.47","15,186.50","110,562.06",,,,,0.50,
Finland,Q4 2018,"201,984.88",46.44,,,"58,909.81","15,275.45","111,086.14",,,,,0.80,
Finland,Q1 2019,"527,769.30",43.69,,,"170,940.23","33,468.72","417,642.17",,,,,1.40,
Finland,Q2 2019,"521,879.10",45.75,,,"170,059.44","32,766.69","418,329.79",,,,,0.90,
Finland,Q3 2019,"520,229.80",47.28,,,"170,848.41","32,690.61","416,370.64",,,,,0.80,
Finland,Q4 2019,"521,823.01",47.75,,,"172,270.45","33,415.98","422,596.68",,,,,-0.50,
Finland,Q1 2020,"543,597.73",47.06,,,"173,266.77","33,566.92","430,628.04",,,,,1.00,
Finland,Q2 2020,"547,545.50",47.06,,,"192,591.39","40,995.96","430,145.24",,,,,0.10,
Finland,Q3 2020,"543,333.09",49.51,,,"195,280.73","43,971.04","430,676.68",,,,,1.60,
Finland,Q4 2020,"532,548.86",49.57,,,"199,089.96","43,869.20","440,163.27",,,,,3.60,
Finland,Q1 2021,"545,513.65",46.54,,,"223,548.63","55,418.92","445,984.24",,,,,2.80,
Finland,Q2 2021,"525,275.49",46.44,,,"226,006.32","54,060.93","447,187.00",,,,,5.10,
Finland,Q3 2021,"528,601.67",47.20,,,"227,727.57","53,926.41","452,344.39",,,,,4.00,
Finland,Q4 2021,"527,136.70",47.65,,,"229,484.39","54,554.65","453,828.47",,,,,3.10,
Finland,Q1 2022,"504,500.00",54.18,,,"235,553.00","50,960.00","465,207.00",,,,,,
Finland,Q2 2022,"499,818.00",52.05,,,"236,418.00","54,228.00","463,034.00",,,,,,
Finland,Q3 2022,"503,065.00",53.05,,,"232,845.00","53,887.00","463,118.00",0.00,0.00,0.00,0.00,,
Finland,Q4 2022,"497,380.00",53.89,,,"231,956.00","53,100.00","460,672.00",,,,,,
France,Q1 2001,,,,,,,,,,,,7.34,
France,Q2 2001,,,,,,,,,,,,7.54,
France,Q3 2001,,,,,,,,,,,,6.89,
France,Q4 2001,,,,,,,,,,,,7.71,
France,Q1 2002,,,,,,,,,,,,7.42,
France,Q2 2002,,,,,,,,,,,,7.77,
France,Q3 2002,,,,,,,,,,,,9.02,
France,Q4 2002,,,,,,,,,,,,9.72,
France,Q1 2003,,,,,,,,,,,,10.91,
France,Q2 2003,,,,,,,,,,,,11.25,
France,Q3 2003,,,,,,,,,,,,11.49,
France,Q4 2003,,,,,,,,,,,,12.21,
France,Q1 2004,,,,,,,,,,,,13.61,
France,Q2 2004,,,,,,,,,,,,13.90,
France,Q3 2004,,,,,,,,,,,,14.55,
France,Q4 2004,,,,,,,,,,,,15.35,
France,Q1 2005,,,,,,,,,,,,15.15,
France,Q2 2005,,,,,,,,,,,,15.40,
France,Q3 2005,,,,,,,,,,,,15.21,
France,Q4 2005,,,,,,,,,,,,14.73,
France,Q1 2006,,,,,,,,,,,,13.78,
France,Q2 2006,,,,,,,,,,,,12.50,
France,Q3 2006,,,,,,,,,,,,10.79,
France,Q4 2006,,,,,,,,,,,,9.57,
France,Q1 2007,,,,,,,,,,,,7.93,
France,Q2 2007,,,,,,,,,,,,6.52,
France,Q3 2007,,,,,,,,,,,,5.70,
France,Q4 2007,,,,,,,,,,,,5.45,
France,Q1 2008,,,,,,,,,,,,4.08,
France,Q2 2008,,,,,,,,,,,,2.71,
France,Q3 2008,,,,,,,,,,,,0.59,
France,Q4 2008,,33.93,,,,,,,,,,-3.31,
France,Q1 2009,,,,,,,,,,,,-6.37,
France,Q2 2009,,,,,,,,,,,,-8.01,
France,Q3 2009,,,,,,,,,,,,-6.73,
France,Q4 2009,,44.65,,,,,,,,,,-3.23,
France,Q1 2010,,,,,,,,,,,,1.26,
France,Q2 2010,,,,,,,,,,,,4.67,
France,Q3 2010,,,,,,,,,,,,5.85,
France,Q4 2010,,43.38,,,,,,,,,,6.77,
France,Q1 2011,,,,,,,,,,,,6.62,
France,Q2 2011,,40.32,,,,,,,,,,6.59,
France,Q3 2011,,,,,,,,,,,,5.92,
France,Q4 2011,,41.41,,,,,,,,,,3.71,
France,Q1 2012,,,,,,,,,,,,1.75,
France,Q2 2012,,37.47,,,,,,,,,,-0.19,
France,Q3 2012,,,,,,,,,,,,-1.58,
France,Q4 2012,,38.16,,,,,,,,,,-2.07,
France,Q1 2013,,,,,,,,,,,,-2.00,
France,Q2 2013,,33.12,,,,,,,,,,-2.10,
France,Q3 2013,,,,,,,,,,,,-1.89,
France,Q4 2013,,33.39,,,,,,,,,,-1.54,
France,Q1 2014,,,,,,,,,,,,-1.46,
France,Q2 2014,,,,,,,,,,,,-1.17,
France,Q3 2014,,,,,,,,,,,,-1.25,
France,Q4 2014,,35.48,,,,,,,,,,-2.15,
France,Q1 2015,,32.48,,,,,,,,,,-1.88,
France,Q2 2015,,32.27,,,,,,,,,,-1.97,
France,Q3 2015,,32.70,,,,,,,,,,-1.37,
France,Q4 2015,,32.89,,,,,,,,,,-0.10,
France,Q1 2016,,32.85,,,,,,,,,,0.30,
France,Q2 2016,,33.89,,,,,,,,,,0.70,
France,Q3 2016,,34.72,,,,,,,,,,1.49,
France,Q4 2016,,37.81,,,,,,,,,,1.60,
France,Q1 2017,,35.73,,,,,,,,,,2.81,
France,Q2 2017,,36.50,,,,,,,,,,3.29,
France,Q3 2017,,36.76,,,,,,,,,,3.22,
France,Q4 2017,,36.23,,,,,,,,,,3.34,
France,Q1 2018,,35.37,,,,,,,,,,2.93,
France,Q2 2018,,35.43,,,,,,,,,,2.80,
France,Q3 2018,,35.68,,,,,,,,,,2.74,
France,Q4 2018,,36.00,,,,,,,,,,3.23,
France,Q1 2019,,34.72,,,,,,,,,,2.94,
France,Q2 2019,,34.77,,,,,,,,,,3.20,
France,Q3 2019,,36.68,,,,,,,,,,3.41,
France,Q4 2019,,37.04,,,,,,,,,,3.78,
France,Q1 2020,,37.85,,,,,,,,,,4.88,
France,Q2 2020,,38.73,,,,,,,,,,5.19,
France,Q3 2020,,39.07,,,,,,,,,,4.90,
France,Q4 2020,,38.80,,,,,,,,,,5.86,
France,Q1 2021,,36.39,,,,,,,,,,5.53,
France,Q2 2021,,36.16,,,,,,,,,,6.06,
France,Q3 2021,,36.60,,,,,,,,,,7.13,
France,Q4 2021,,35.52,,,,,,,,,,6.87,
France,Q1 2022,,34.67,,,,,,,,,,6.99,
France,Q2 2022,,35.85,,,,,,,,,,6.78,
France,Q3 2022,,36.18,,,,,,,,,,6.42,
France,Q4 2022,,36.44,,,,,,,,,,4.78,
Georgia,Q1 2001,,60.64,,"6,861.30",365.88,428.59,,,,,,,
Georgia,Q2 2001,,59.74,,"6,861.30",368.74,446.26,,,,,,,
Georgia,Q3 2001,,61.40,,"6,861.30",410.29,485.84,,,,,,,
Georgia,Q4 2001,,62.22,,"6,861.30",,,,,,,,,
Georgia,Q1 2002,,58.42,,"7,665.40",457.14,568.40,,,,,,,
Georgia,Q2 2002,,59.36,,"7,665.40",482.21,611.43,,,,,,,
Georgia,Q3 2002,,60.39,,"7,665.40",,,,,,,,,
Georgia,Q4 2002,,63.12,,"7,665.40",,,,,,,,,
Georgia,Q1 2003,,68.65,,"8,804.50",,,,,,,,,
Georgia,Q2 2003,,67.69,,"8,804.50",,,,,,,,,
Georgia,Q3 2003,,67.51,,"8,804.50",,,,,,,,,
Georgia,Q4 2003,802.59,66.05,,"8,804.50",,,,,,,,,
Georgia,Q1 2004,,70.67,,"10,100.20",,,,,,,,,
Georgia,Q2 2004,,70.20,,"10,100.20",,,,,,,,,
Georgia,Q3 2004,,68.24,,"10,100.20",,,,,,,,,
Georgia,Q4 2004,981.42,62.07,,"10,100.20",,,,,,,,,
Georgia,Q1 2005,,59.35,,"11,947.40",,,,,,,,,
Georgia,Q2 2005,,61.02,,"11,947.40",,,,,,,,,
Georgia,Q3 2005,,60.90,,"11,947.40",,,,,,,,,
Georgia,Q4 2005,"1,753.36",61.15,,"11,947.40",,,,,,,,,
Georgia,Q1 2006,,63.03,,"14,177.00",,,,,,,,,
Georgia,Q2 2006,,64.58,,"14,177.00",189.39,570.80,,,,,,,
Georgia,Q3 2006,,64.28,,"14,177.00",222.87,661.25,,,,,,,
Georgia,Q4 2006,"2,713.66",64.73,,"14,177.00",257.08,704.25,,,,,,,
Georgia,Q1 2007,,68.05,,"17,470.80",321.77,833.23,,,,,,,
Georgia,Q2 2007,,66.93,,"17,470.80",400.13,980.91,,,,,,,
Georgia,Q3 2007,,66.60,,"17,470.80",493.63,"1,239.08",,,,,,,
Georgia,Q4 2007,"4,643.74",64.34,,"17,470.80",592.28,"1,401.49",,,,,,,
Georgia,Q1 2008,,53.36,,"19,610.50",650.78,"1,496.08",,,,,,,
Georgia,Q2 2008,,58.68,,"19,610.50",724.25,"1,465.95",,,,,,,
Georgia,Q3 2008,,61.58,,"19,610.50",756.52,"1,409.84",,,,,,,
Georgia,Q4 2008,"6,075.27",62.48,,"19,610.50",889.04,"1,650.77",,,,,,,
Georgia,Q1 2009,"5,747.34",69.25,,"18,490.90",837.98,"1,649.21",,,,,,,
Georgia,Q2 2009,"5,457.79",66.27,,"18,490.90",824.60,"1,644.68",,,,,,,
Georgia,Q3 2009,"5,289.75",67.12,,"18,490.90",805.10,"1,638.14",,,,,,,
Georgia,Q4 2009,"5,261.02",65.89,,"18,490.90",918.35,"1,865.53",,,,,,,
Georgia,Q1 2010,"5,425.56",66.94,,"21,821.57",951.06,"1,897.43",,,,,,,
Georgia,Q2 2010,"5,814.86",64.47,,"21,821.57","1,001.08","1,987.65",,,,,,,
Georgia,Q3 2010,"5,918.04",65.63,,"21,821.57","1,009.66","1,921.51",,,,,,,
Georgia,Q4 2010,"6,342.39",65.87,,"21,821.57","1,048.80","1,818.03",,,,,,,
Georgia,Q1 2011,"6,452.59",67.59,,"25,478.72","1,069.87","1,816.65",,,,,,,
Georgia,Q2 2011,"6,989.43",65.96,,"25,478.72","1,153.31","1,853.46",,,,,,,
Georgia,Q3 2011,"7,506.96",64.39,,"25,478.72","1,203.28","1,841.33",,,,,,,
Georgia,Q4 2011,"7,831.78",63.30,,"25,478.72","1,402.59","2,612.59",,,,,,,
Georgia,Q1 2012,"7,933.15",64.03,,"27,227.33","1,439.32","2,628.96",,,,,,,
Georgia,Q2 2012,"8,450.82",64.77,,"27,227.33","1,506.42","2,679.11",,,,,,,
Georgia,Q3 2012,"8,707.88",64.80,,"27,227.33","1,552.01","2,733.33",,,,,,,
Georgia,Q4 2012,"8,842.16",64.78,"15,974.30","27,227.33","1,594.36","2,713.21",,,,,,,
Georgia,Q1 2013,"8,878.90",66.37,,"28,593.05","1,645.19","2,691.27",,,,,,,
Georgia,Q2 2013,"9,326.14",64.74,,"28,593.05","1,727.35","2,775.32",,,,,,,
Georgia,Q3 2013,"9,658.24",65.12,,"28,593.05","1,800.71","2,820.44",,,,,,,
Georgia,Q4 2013,"10,687.90",64.91,"17,262.02","28,593.05","2,050.06","3,142.28",,,,,,,
Georgia,Q1 2014,"10,898.42",68.93,,"31,124.10","2,164.93","3,305.55",,,,,,,
Georgia,Q2 2014,"11,370.91",66.52,,"31,124.10","2,336.77","3,376.13",,,,,,,
Georgia,Q3 2014,"11,813.41",66.43,,"31,124.10","2,218.43","2,961.61",,,,,,,
Georgia,Q4 2014,"13,230.68",64.92,,"31,124.10","2,796.02","3,812.98",,,,,,,
Georgia,Q1 2015,"14,844.82",63.32,,"33,935.02","3,309.80","4,487.62",,,,,,,
Georgia,Q2 2015,"15,052.15",65.77,,"33,935.02","3,429.98","4,582.19",,,,,,,
Georgia,Q3 2015,"15,940.81",66.78,,"33,935.02","3,691.15","4,877.89",,,,,,,
Georgia,Q4 2015,"16,258.22",66.06,,"33,935.02","4,268.43","4,240.09",,,,,,,
Georgia,Q1 2016,"16,205.07",69.67,,"35,836.02","4,321.06","4,149.36",,,,,,,
Georgia,Q2 2016,"16,678.09",67.35,,"35,836.02","4,311.70","4,446.15",,,,,,,
Georgia,Q3 2016,"16,840.12",66.82,,"35,836.02","4,515.47","4,472.11",,,,,,,
Georgia,Q4 2016,"19,161.94",63.73,,"35,836.02","5,391.62","5,274.94",,,,,,,
Georgia,Q1 2017,"19,070.68",66.62,,"40,761.66","5,236.49","5,051.20",,,,,,,
Georgia,Q2 2017,"19,592.65",66.90,,"40,761.66","5,477.96","5,099.77",,,,,,,
Georgia,Q3 2017,"20,532.56",65.53,,"40,761.66","5,878.87","5,177.03",,,,,,,
Georgia,Q4 2017,"22,523.44",62.44,,"40,761.66","6,512.32","5,736.21",,,,,,,
Georgia,Q1 2018,"22,456.70",64.65,,"44,599.34","6,581.22","5,491.19",,,,,,,
Georgia,Q2 2018,"23,395.96",62.99,,"44,599.34","7,163.00","5,779.75",,,,,,,
Georgia,Q3 2018,"25,199.05",61.87,,"44,599.34","7,950.26","6,385.72",,,,,,,
Georgia,Q4 2018,"26,861.39",60.80,,"44,599.34","8,705.71","6,548.42",,,,,,,
Georgia,Q1 2019,"27,141.26",61.85,,"49,252.65","8,807.83","6,704.92",,,,,,,
Georgia,Q2 2019,"29,213.25",60.93,,"49,252.65","9,621.70","7,463.88",,,,,,,
Georgia,Q3 2019,"30,487.99",59.27,,"49,252.65","9,823.95","7,972.44",,,,,,,
Georgia,Q4 2019,"32,355.79",58.52,,"49,252.65","10,217.13","8,506.84",,,,,,,
Georgia,Q1 2020,"35,564.69",56.54,,"49,266.74","11,527.13","10,199.25",,,,,,,
Georgia,Q2 2020,"34,664.95",58.43,,"49,266.74","11,197.61","9,921.16",,,,,,,
Georgia,Q3 2020,"37,230.05",58.75,,"49,266.74","12,259.70","11,190.23",,,,,,,
Georgia,Q4 2020,"38,962.77",58.45,,"49,266.74","12,764.33","12,378.63",,,,,,,
Georgia,Q1 2021,"39,794.94",59.93,,"60,003.32","13,219.58","12,999.01",,,,,,,
Georgia,Q2 2021,"39,955.61",57.10,,"60,003.32","13,201.01","12,499.11",,,,,,,
Georgia,Q3 2021,"41,632.03",57.00,,"60,003.32","13,532.16","12,910.80",,,,,,,
Georgia,Q4 2021,"43,685.61",57.88,,,"14,184.34","13,640.74",,,,,,,
Georgia,Q1 2022,"46,553.16",57.54,,,"14,742.13","13,489.44","42,489.34",10.94,5.20,10.65,10.39,,
Georgia,Q2 2022,"48,611.56",57.47,,,"14,824.10","13,339.11","42,713.78",11.25,5.43,11.01,10.83,,
Georgia,Q3 2022,"47,066.81",54.26,,,"15,203.05","12,620.19","42,119.28",11.71,5.52,10.45,10.09,,
Georgia,Q4 2022,"50,241.58",53.04,,,"15,780.88","13,031.32","43,609.76",12.02,5.71,9.74,9.56,,
Germany,Q1 2005,,,,,,,,555.22,191.51,,,,
Germany,Q2 2005,,,,,,,,550.06,190.18,,,,
Germany,Q3 2005,,,,,,,,543.19,184.15,,,,
Germany,Q4 2005,,,,,,,,537.77,185.16,,,,
Germany,Q1 2006,,,,,,,,536.23,189.96,,,,
Germany,Q2 2006,,,,,,,,536.30,199.46,,,,
Germany,Q3 2006,,,,,,,,537.83,210.10,,,,
Germany,Q4 2006,,,,,,,,540.58,223.10,,,,
Germany,Q1 2007,,,,,,,,543.05,237.47,,,,
Germany,Q2 2007,,,,,,,,545.90,248.21,,,,
Germany,Q3 2007,,,,,,,,551.00,264.93,,,,
Germany,Q4 2007,,,,,,,,555.02,270.23,,,,
Germany,Q1 2008,,,,,,,,552.78,274.95,,,,
Germany,Q2 2008,,,,,,,,555.51,283.56,,,,
Germany,Q3 2008,,,,,,,,561.72,298.93,,,,
Germany,Q4 2008,,,,,,,,544.54,271.30,,,,
Germany,Q1 2009,,,,,,,,510.54,217.42,,,,
Germany,Q2 2009,,,,,,,,493.31,177.54,,,,
Germany,Q3 2009,,,,,,,,482.36,151.69,,,,
Germany,Q4 2009,,,,,,,,475.97,133.54,,,,
Germany,Q1 2010,,,,,,,,470.99,121.73,,,,
Germany,Q2 2010,,,,,,,,472.31,122.97,,,,
Germany,Q3 2010,,,,,,,,470.86,122.38,,,,
Germany,Q4 2010,,,,,,,,466.43,120.42,,,,
Germany,Q1 2011,,,,,,,,464.78,122.68,,,,
Germany,Q2 2011,,,,,,,,467.95,129.97,,,,
Germany,Q3 2011,,,,,,,,469.13,134.98,,,,
Germany,Q4 2011,,,,,,,,462.99,132.02,,,,
Germany,Q1 2012,,,,,,,,451.75,124.37,,,,
Germany,Q2 2012,,,,,,,,439.50,116.46,,,,
Germany,Q3 2012,,,,,,,,428.26,103.72,,,,
Germany,Q4 2012,,,,,,,,418.38,92.95,,,,
Germany,Q1 2013,,,,,,,,411.74,85.49,,,,
Germany,Q2 2013,,,,,,,,406.16,77.77,,,,
Germany,Q3 2013,,,,,,,,400.49,73.64,,,,
Germany,Q4 2013,,,,,,,,394.59,69.47,,,,
Germany,Q1 2014,,,,,,,,390.96,66.50,,,,
Germany,Q2 2014,,,,,,,,385.14,62.60,,,,
Germany,Q3 2014,,,,,,,,377.37,55.51,,,,
Germany,Q4 2014,,,,,,,,367.99,50.06,,,,
Germany,Q1 2015,,,,,,,,360.51,44.18,,,,
Germany,Q2 2015,,,,,,,,351.91,40.11,,,,
Germany,Q3 2015,,,,,,,,344.27,37.14,,,,
Germany,Q4 2015,,,,,,,,335.33,34.39,,,,
Germany,Q1 2016,,,,,,,,327.24,31.85,,,,
Germany,Q2 2016,,,,,,,,319.54,28.15,,,,
Germany,Q3 2016,,,,,,,,311.63,25.64,,,,
Germany,Q4 2016,,,,,,,,303.46,23.84,,,,
Germany,Q1 2017,,,,,,,,296.95,21.57,,,,
Germany,Q2 2017,,,,,,,,290.28,20.23,,,,
Germany,Q3 2017,,,,,,,,283.92,18.51,,,,
Germany,Q4 2017,,,,,,,,278.04,17.63,,,,
Germany,Q1 2018,,,,,,,,272.64,16.76,,,,
Germany,Q2 2018,,,,,,,,266.40,15.62,,,,
Germany,Q3 2018,,,,,,,,261.46,14.91,,,,
Germany,Q4 2018,,,,,,,,256.62,14.44,,,,
Germany,Q1 2019,,,,,,,,251.97,13.56,,,,
Germany,Q2 2019,,,,,,,,246.96,13.19,,,,
Germany,Q3 2019,,,,,,,,242.02,12.25,,,,
Germany,Q4 2019,,,,,,,,236.80,11.40,,,,
Germany,Q1 2020,,,,,,,,231.19,10.29,,,,
Germany,Q2 2020,,,,,,,,225.87,9.43,,,,
Germany,Q3 2020,,,,,,,,221.57,8.62,,,,
Germany,Q4 2020,,,,,,,,216.12,7.70,,,,
Germany,Q1 2021,,,,,,,,209.58,6.72,,,,
Germany,Q2 2021,,,,,,,,206.70,5.98,,,,
Germany,Q3 2021,,,,,,,,202.55,5.13,,,,
Germany,Q4 2021,,65.14,,,,,,197.00,4.20,,,,
Germany,Q1 2022,,,,,,,,194.81,3.78,0.00,-59.00,,
Germany,Q2 2022,,,,,,,,196.29,3.83,2.00,-59.00,,
Germany,Q3 2022,,,,,,,,208.92,10.94,20.00,-25.00,,
Germany,Q4 2022,,51.84,,,,,,231.58,22.24,135.00,0.00,,
Greece,Q3 2008,,75.14,,,,,,,,,,1.56,3.09
Greece,Q4 2008,,74.57,,,,,,,,,,0.59,4.46
Greece,Q1 2009,,72.89,,,,,,,,,,-3.29,4.46
Greece,Q2 2009,,68.74,,,,,,,,,,-2.47,1.07
Greece,Q3 2009,,69.98,,,,,,,,,,-5.10,1.07
Greece,Q4 2009,,73.28,,,,,,,,,,-4.00,-3.69
Greece,Q1 2010,,88.36,,,,,,,,,,-1.77,-3.69
Greece,Q2 2010,,87.61,,,,,,,,,,-4.69,-8.82
Greece,Q3 2010,,86.78,,,,,,,,,,-5.20,-8.82
Greece,Q4 2010,,85.00,,,,,,,,,,-6.97,-10.85
Greece,Q1 2011,,79.78,,,,,,,,,,-5.41,-10.85
Greece,Q2 2011,,84.07,,,,,,,,,,-5.12,-5.18
Greece,Q3 2011,,85.71,,,,,,,,,,-4.74,-5.18
Greece,Q4 2011,,87.31,,,,,,,,,,-6.63,-5.78
Greece,Q1 2012,,91.07,,,,,,,,,,-10.55,-5.78
Greece,Q2 2012,,95.17,,,,,,,,,,-10.82,-9.87
Greece,Q3 2012,,94.19,,,,,,,,,,-12.59,-9.87
Greece,Q4 2012,,79.30,,,,,,,,,,-12.77,-10.17
Greece,Q1 2013,,20.46,,,,,,,,,,-11.49,-10.17
Greece,Q2 2013,,32.82,,,,,,,,,,-11.97,-11.18
Greece,Q3 2013,,41.54,,,,,,,,,,-10.19,-11.18
Greece,Q4 2013,,45.79,,,,,,,,,,-9.64,-10.61
Greece,Q1 2014,,79.88,,,,,,,,,,-9.09,-10.61
Greece,Q2 2014,,78.55,,,,,,,,,,-8.21,-5.12
Greece,Q3 2014,,79.82,,,,,,,,,,-6.88,-5.12
Greece,Q4 2014,,81.84,,,,,,,,,,-5.54,-1.22
Greece,Q1 2015,,83.75,,,,,,,,,,-4.11,-1.22
Greece,Q2 2015,,81.10,,,,,,,,,,-4.97,-0.59
Greece,Q3 2015,,82.85,,,,,,,,,,-6.04,-0.59
Greece,Q4 2015,,85.28,,,,,,,,,,-5.12,-0.18
Greece,Q1 2016,,80.32,,,,,,,,,,-4.36,-0.18
Greece,Q2 2016,,79.88,,,,,,,,,,-2.53,-0.39
Greece,Q3 2016,,80.67,,,,,,,,,,-1.50,-0.39
Greece,Q4 2016,,79.64,,,,,,,,,,-1.03,-0.42
Greece,Q1 2017,,80.11,,,,,,,,,,-1.88,-0.42
Greece,Q2 2017,,81.06,,,,,,,,,,-1.06,-0.16
Greece,Q3 2017,,75.79,,,,,,,,,,-0.67,-0.16
Greece,Q4 2017,,78.43,,,,,,,,,,-0.43,3.63
Greece,Q1 2018,,67.42,,,,,,,,,,0.46,3.63
Greece,Q2 2018,,75.77,,,,,,,,,,1.27,8.42
Greece,Q3 2018,,72.51,,,,,,,,,,2.29,8.42
Greece,Q4 2018,,71.94,,,,,,,,,,3.20,6.74
Greece,Q1 2019,,69.60,,,,,,,,,,5.51,6.74
Greece,Q2 2019,,66.44,,,,,,,,,,7.59,4.71
Greece,Q3 2019,,65.27,,,,,,,,,,8.28,4.71
Greece,Q4 2019,,67.46,,,,,,,,,,7.47,5.24
Greece,Q1 2020,,51.70,,,,,,,,,,6.73,5.24
Greece,Q2 2020,,55.14,,,,,,,,,,4.30,3.17
Greece,Q3 2020,,57.77,,,,,,,,,,3.88,3.17
Greece,Q4 2020,,57.39,,,,,,,,,,3.02,1.33
Greece,Q1 2021,,48.85,,,,,,,,,,4.54,1.63
Greece,Q2 2021,,98.01,,,,,,,,,,6.79,3.75
Greece,Q3 2021,,85.57,,,,,,357.00,4.00,,,8.59,3.75
Greece,Q4 2021,,78.88,,,,,,350.00,4.00,,,9.49,5.20
Greece,Q1 2022,,43.83,,,,,,349.00,3.00,,,8.56,5.20
Greece,Q2 2022,,41.63,,,,,,348.00,3.00,,,9.42,5.20
Greece,Q3 2022,,47.48,,,,,,395.00,4.00,,,11.17,4.08
Greece,Q4 2022,,52.47,,,,,,502.00,9.00,,,12.16,4.08
Hungary,Q4 2008,"20,942,016.24",65.39,,,,,,,,,,,
Hungary,Q2 2009,"20,109,248.10",67.01,,,,,,,,,,,
Hungary,Q4 2009,"19,621,430.74",66.80,,,,,,,,,,,
Hungary,Q1 2010,"19,383,182.95",57.06,,,,,,,,,,,
Hungary,Q2 2010,"20,721,848.33",55.72,,,,,,,,,,,
Hungary,Q3 2010,"19,824,888.89",56.38,,,,,,,,,,,
Hungary,Q4 2010,"19,865,380.88",56.08,,,,,,,,,,,
Hungary,Q1 2011,"18,484,070.96",51.49,,,,,,,,,,,
Hungary,Q2 2011,"18,625,980.02",56.54,,,,,,,,,,,
Hungary,Q3 2011,"19,930,738.26",55.08,,,,,,,,,,,
Hungary,Q4 2011,"19,920,177.57",51.59,,,,,,,,,,,
Hungary,Q1 2012,"18,516,011.14",60.04,,,,,,,,,,,
Hungary,Q2 2012,"17,984,770.93",56.05,,,,,,,,,,,
Hungary,Q3 2012,"17,254,351.01",55.85,,,,,,,,,,,
Hungary,Q4 2012,"17,007,849.04",54.02,,,,,,,,,,,
Hungary,Q1 2013,"17,034,347.35",49.13,,,,,,,,,,,
Hungary,Q2 2013,"16,701,717.03",49.73,,,,,,,,,,,
Hungary,Q3 2013,"16,701,191.91",49.07,,,,,,,,,,,
Hungary,Q4 2013,"16,097,270.79",46.55,,,,,,,,,,,
Hungary,Q1 2014,"16,106,393.99",47.27,,,,,,,,,,,
Hungary,Q2 2014,"16,014,478.28",47.22,,,,,,,,,,,
Hungary,Q3 2014,"15,981,779.94",55.06,,,,,,,,,,,
Hungary,Q4 2014,"15,503,195.64",53.56,,,,,,,,,,,
Hungary,Q1 2015,"14,586,227.08",44.59,,,,,,,,,,,
Hungary,Q2 2015,"14,516,979.48",49.31,,,,,,,,,,,
Hungary,Q3 2015,"14,093,046.68",48.27,,,,,,,,,,,
Hungary,Q4 2015,"13,704,082.90",49.52,,,,,,,,,,,
Hungary,Q1 2016,"14,163,591.93",50.44,,,,,,,,,,,
Hungary,Q2 2016,"14,131,907.33",49.68,,,,,,,,,,,
Hungary,Q3 2016,"14,539,123.96",49.65,,,,,,,,,,,
Hungary,Q4 2016,"14,525,291.08",46.87,,,,,,,,,,,
Hungary,Q1 2017,"14,751,101.89",47.91,,,,,,,,,,,
Hungary,Q2 2017,"14,886,260.82",46.37,,,,,,,,,,,
Hungary,Q3 2017,"15,216,633.39",46.61,,,,,,,,,,,
Hungary,Q4 2017,"15,216,105.26",46.04,,,,,,,,,,,
Hungary,Q1 2018,"15,507,170.73",48.58,,,,,,,,,,,
Hungary,Q2 2018,"16,399,895.54",45.58,,,,,,,,,,,
Hungary,Q3 2018,"16,885,520.80",45.87,,,,,,,,,,,
Hungary,Q4 2018,"16,942,947.98",47.73,,,,,,,,,,,
Hungary,Q1 2019,"17,589,394.63",50.31,,,,,,,,,,,
Hungary,Q2 2019,"18,356,818.03",49.47,,,,,,,,,,,
Hungary,Q3 2019,"19,671,331.93",47.52,,,,,,,,,,,
Hungary,Q4 2019,"19,667,408.27",46.81,,,,,,,,,,,
Hungary,Q1 2020,"32,570,412.69",51.59,,,,,,,,,,,
Hungary,Q2 2020,"31,224,094.61",53.18,,,,,,,,,,,
Hungary,Q3 2020,"32,326,929.15",52.32,,,,,,,,,,,
Hungary,Q4 2020,"33,884,958.33",52.05,,,,,,,,,,,
Hungary,Q1 2021,"34,617,461.07",51.87,,,,,,,,,,,
Hungary,Q2 2021,"41,329,590.36",51.87,,,"6,929,432.51","4,982,930.37",,,,,,,
Hungary,Q3 2021,"43,363,309.45",52.39,,,"7,245,995.16","5,282,986.63",,,,,,,
Hungary,Q4 2021,"46,134,568.41",53.45,,,"7,457,494.86","5,477,364.80",,,,,,,
Hungary,Q1 2022,"48,814,206.63",54.74,,,"7,589,522.82","5,548,017.22",,,,,,,
Hungary,Q2 2022,"51,184,167.67",57.40,,,"7,914,231.67","6,044,079.22",,,,,,,
Hungary,Q3 2022,"54,247,210.76",59.20,,,"8,292,378.46","6,572,186.41",,,,,,,
Hungary,Q4 2022,"49,107,617.06",61.28,,,"8,164,504.34","6,390,166.41",,,,,,,
Iceland,Q1 2014,,44.97,,,,,,,,,,,
Iceland,Q2 2014,,38.78,,,,,,,,,,,
Iceland,Q3 2014,,42.13,,,,,,,,,,,
Iceland,Q4 2014,,39.22,,,,,,,,,,,
Iceland,Q1 2015,,35.80,,,,,,,,,,,
Iceland,Q2 2015,,42.50,,,,,,,,,,,
Iceland,Q3 2015,,42.50,,,,,,,,,,,
Iceland,Q4 2015,"2,379,980.05",39.36,,,,,,,,,,,
Iceland,Q1 2016,"2,389,860.37",52.22,,,,,,,,,,7.44,
Iceland,Q2 2016,"2,446,913.44",48.65,,,,,,,,,,10.92,
Iceland,Q3 2016,"2,423,831.43",49.16,,,,,,,,,,12.16,
Iceland,Q4 2016,"2,429,157.68",51.46,,,"757,797.10",,,,,,,14.98,
Iceland,Q1 2017,"2,519,162.34",50.41,,,"774,729.88",,,,,,,20.94,
Iceland,Q2 2017,"2,521,610.71",51.86,,,"791,437.58",,,,,,,21.19,
Iceland,Q3 2017,"2,613,008.84",53.76,,,"811,325.97",,,,,,,19.64,
Iceland,Q4 2017,"2,644,066.60",53.65,,,"833,362.56",,,,,,,13.69,
Iceland,Q1 2018,"2,634,106.94",52.32,,,"871,832.27","567,190.84","2,466,421.75",,,,,7.70,
Iceland,Q2 2018,"2,742,627.99",52.94,,,"897,918.47","604,041.95","2,569,479.06",,,,,5.21,
Iceland,Q3 2018,"2,863,854.63",55.64,,,"931,765.47","638,138.79","2,673,435.79",,,,,3.89,
Iceland,Q4 2018,"2,838,983.59",64.49,,,"958,890.27","847,990.36","2,708,985.16",,,,,5.88,
Iceland,Q1 2019,"2,930,293.35",60.19,,,"978,946.50","849,238.58","2,766,694.83",,,,,4.31,
Iceland,Q2 2019,"2,991,139.70",62.41,,,"1,007,878.04","865,371.89","2,818,140.04",,,,,3.15,
Iceland,Q3 2019,"2,962,197.68",64.89,,,"1,031,240.57","833,645.51","2,824,641.12",,,,,3.50,
Iceland,Q4 2019,"2,905,209.83",66.85,,,"1,006,082.43","828,308.06","2,772,647.37",,,,,2.30,
Iceland,Q1 2020,"3,029,720.05",90.77,,,"1,025,579.32","832,122.77","2,861,086.82",,,,,3.63,
Iceland,Q2 2020,"3,042,887.03",75.14,,,"1,078,293.24","813,085.48","2,886,683.37",,,,,3.82,
Iceland,Q3 2020,"3,133,973.39",73.29,,,"1,163,085.11","724,446.28","3,012,436.62",,,,,5.59,
Iceland,Q4 2020,"3,207,684.23",69.51,,,"1,271,379.25","707,823.11","3,074,842.02",,,,,7.70,
Iceland,Q1 2021,"3,266,576.80",60.42,,,"1,340,436.56","726,916.04","3,126,485.70",,,,,10.74,
Iceland,Q2 2021,"3,349,166.42",60.85,,,"1,455,629.94","749,334.93","3,229,231.64",,,,,16.01,
Iceland,Q3 2021,"3,452,856.40",59.80,,,"1,526,958.10","705,480.81","3,310,947.39",,,,,16.60,
Iceland,Q4 2021,"3,467,439.86",60.01,,,"1,580,307.36","692,379.06","3,351,925.82",,,,,18.43,
Iceland,Q1 2022,"3,578,304.38",71.39,,,"1,617,592.36","692,920.27","3,444,507.55",,,,,22.23,
Iceland,Q2 2022,"3,665,286.22",67.47,,,"1,665,800.00","702,778.67","3,551,572.83",,,,,24.98,
Iceland,Q3 2022,"3,796,855.36",70.87,,,"1,712,939.19","715,283.85","3,630,221.54",,,,,22.48,
Iceland,Q4 2022,"3,902,805.55",70.91,,,"1,737,077.30","737,772.54","3,732,004.16",,,,,17.37,
India,Q1 2009,"29,909,408.82",62.01,,,,,,,,,,,
India,Q3 2009,"30,976,613.39",57.03,,,,,,,,,,,
India,Q1 2010,"34,943,438.79",59.75,,,,,,,,,,,
India,Q3 2010,"37,314,245.29",67.79,,,,,,,,,,,
India,Q1 2011,"42,851,436.14",67.51,,,,,,,,,,,
India,Q3 2011,"44,827,952.70",71.68,,,"4,215,271.80","1,420,152.95",,,,,,,
India,Q4 2011,"47,007,133.49",71.78,,,"4,132,790.62","1,545,788.56",,,,,,,
India,Q1 2012,"50,734,745.64",69.68,,,"4,607,936.97","1,592,500.69",,,,,,,
India,Q2 2012,"51,756,947.82",71.95,,,"4,688,935.05","1,586,133.92",,,,,,,
India,Q3 2012,"52,663,241.40",71.31,,,"4,779,744.88","1,665,660.07",,,,,,,
India,Q4 2012,"55,229,334.75",70.26,,,"4,989,883.85","1,734,211.11",,,,,,,
India,Q1 2013,"58,817,984.08",69.07,,,"5,518,082.04","1,917,061.62",,,,,,,
India,Q2 2013,"59,315,209.43",66.88,,,"5,432,309.51","1,850,568.10",,,,,,,
India,Q3 2013,"62,152,727.59",69.79,,,"5,529,622.94","1,935,855.19",,,,,,,
India,Q4 2013,"64,263,315.92",69.41,,,"5,940,047.69","1,988,159.82",,,,,,,
India,Q1 2014,"67,971,168.98",68.26,,,"6,477,726.71","2,059,196.50",,,,,,11.40,
India,Q2 2014,"67,676,211.30",69.06,,,"6,771,723.76","2,182,066.38",,,,,,14.00,
India,Q3 2014,"69,179,471.38",70.06,,,"6,572,935.86","2,216,874.82",,,,,,11.90,
India,Q4 2014,"70,965,433.05",67.73,,,"7,105,493.94","2,255,495.73",,,,,,14.10,
India,Q1 2015,"74,768,806.01",65.90,,,"7,701,881.64","2,362,616.20",,,,,,15.40,
India,Q2 2015,"75,805,023.29",70.99,,,"7,910,145.30","2,276,978.39",,,,,,14.52,
India,Q3 2015,"77,592,288.64",70.31,,,"8,239,707.39","2,379,433.36",,,,,,13.06,
India,Q4 2015,"79,714,726.75",68.73,,,"8,344,278.29","2,440,690.02",,,,,,9.75,
India,Q1 2016,"82,831,949.24",66.74,,,"8,496,616.08","2,515,144.44",,,,,,3.30,
India,Q2 2016,"81,736,641.88",65.16,,,"8,508,431.80","2,550,951.35",,,,,,7.33,
India,Q3 2016,"83,275,316.79",62.00,,,"8,786,434.10","2,793,985.04",,,,,,7.65,
India,Q4 2016,"82,551,613.29",60.87,,,"9,073,793.26","2,694,595.75",,,,,,8.34,
India,Q1 2017,"86,422,593.98",60.99,,,"9,666,722.48","2,390,526.51",,,,,,10.50,
India,Q2 2017,"84,694,814.65",62.14,,,"8,464,891.40","2,574,275.61",,,,,,8.70,
India,Q3 2017,"86,913,842.06",60.41,,,"8,763,087.09","2,714,296.35",,,,,,7.33,
India,Q4 2017,"90,807,972.26",61.96,,,"9,093,430.18","2,874,274.97",,,,,,7.58,
India,Q1 2018,"94,409,493.00",61.40,,,"9,402,785.50","2,899,900.38",,,,,,6.70,
India,Q2 2018,"93,952,341.95",68.36,,,"9,671,080.30","2,979,012.13",,,,,,5.32,
India,Q3 2018,"97,386,759.22",67.12,,,"9,857,846.49","2,938,686.93",,,,,,5.67,
India,Q4 2018,"101,477,831.43",66.36,,,"10,436,018.82","2,969,870.07",,,,,,3.58,
India,Q1 2019,"104,781,080.43",65.34,,,"10,791,037.66","3,052,007.22",,,,,,3.44,
India,Q2 2019,"104,444,161.07",66.36,,,"13,983,322.55","2,990,210.14",,,,,,2.81,
India,Q3 2019,"105,525,913.75",64.21,,,"15,146,686.21","5,415,986.62",,,,,,3.25,
India,Q4 2019,"107,630,471.47",63.84,,,"15,777,019.05","5,650,994.24",,,,,,2.97,
India,Q1 2020,"111,518,267.89",62.03,,,"16,074,479.35","5,618,248.75",,,,,,3.92,
India,Q2 2020,"109,634,054.61",68.09,,,"16,541,460.26","3,605,601.73",,,,,,2.83,
India,Q3 2020,"110,620,825.10",66.93,,,"15,608,536.17","3,553,296.88",,,,,,1.13,
India,Q4 2020,"113,736,914.69",65.68,,,"15,721,998.50","3,380,704.04",,,,,,1.11,
India,Q1 2021,"116,935,621.90",63.70,,,"17,454,787.81","3,861,382.16",,,,,,2.66,
India,Q2 2021,"115,916,772.72",63.80,,,"17,644,672.13","3,837,801.63",,,,,,1.97,
India,Q3 2021,"118,182,301.55",64.05,,,"18,032,372.18","3,628,714.83",,,,,,2.38,
India,Q4 2021,"123,709,632.15",64.27,,,"18,247,496.59","3,726,498.53",,,,,,3.13,
India,Q1 2022,"130,305,412.22",64.16,,,"19,308,585.47","3,809,474.96",,,,,,1.79,
India,Q2 2022,"133,728,116.46",70.99,,,"19,519,522.68","4,000,957.52",,,,,,3.45,
India,Q3 2022,"139,858,190.90",69.39,,,"20,189,113.89","4,212,187.27",,,,,,4.54,
India,Q4 2022,"144,548,559.86",68.69,,,"20,700,111.86","4,428,881.03",,,,,,2.80,
Indonesia,Q2 2011,"2,088,740,375.95",57.70,"454,308,461.89","7,831,726,000.00","256,912,549.96","318,554,968.49","1,859,651,284.00","1,283.28",690.28,,,0.05,
Indonesia,Q4 2011,"2,381,913,834.66",59.77,"507,670,234.08","7,831,726,000.00","287,040,145.57","353,378,462.00","2,093,223,262.35","1,243.58",662.38,,,0.05,
Indonesia,Q1 2012,"2,552,269,747.42",59.21,"509,041,994.87","8,615,704,500.00","236,316,507.14","283,776,819.32","2,163,918,458.96","1,267.57",604.47,,,0.04,
Indonesia,Q2 2012,"2,759,126,641.66",63.35,"563,884,856.92","8,615,704,500.00","252,129,507.02","311,053,254.81","2,340,056,862.65","1,244.60",568.70,,,0.04,
Indonesia,Q3 2012,"2,874,720,582.91",64.97,"587,607,936.25","8,615,704,500.00","247,322,622.05","296,854,903.25","2,448,286,454.07","1,231.17",563.47,,,0.04,
Indonesia,Q4 2012,"3,020,937,447.88",64.97,"621,951,238.04","8,615,704,500.00","253,164,936.07","307,792,055.82","2,587,366,105.48","1,216.03",575.33,,,0.07,
Indonesia,Q1 2013,"3,135,106,151.95",63.89,"627,629,494.24","9,546,134,000.00","263,940,881.81","324,697,277.28","2,642,907,742.69","1,203.29",565.29,,,0.11,
Indonesia,Q2 2013,"3,261,034,387.94",66.26,"687,414,321.37","9,546,134,000.00","281,495,527.45","364,903,388.98","2,820,127,627.08","1,193.97",571.37,,,0.12,
Indonesia,Q3 2013,"3,493,583,257.32",68.36,"774,809,650.98","9,546,134,000.00","302,880,130.66","389,821,502.02","3,000,735,383.90","1,215.09",661.09,,,0.14,
Indonesia,Q4 2013,"3,600,186,471.46",68.84,"823,249,756.24","9,546,134,000.00","314,825,760.24","406,080,016.18","3,134,722,146.77","1,239.92",769.32,,,0.12,
Indonesia,Q1 2014,"3,644,445,078.07",66.70,"845,433,578.16","10,569,705,300.00","345,449,847.22","412,200,590.18","3,155,477,276.63","1,257.31",806.61,,,0.08,
Indonesia,Q2 2014,"3,810,825,129.26",68.04,"895,301,382.67","10,569,705,300.00","396,373,967.63","436,637,021.07","3,299,657,431.43","1,276.84",862.34,,,7.40,
Indonesia,Q3 2014,"3,963,790,490.09",68.62,"940,222,472.26","10,569,705,300.00","410,413,846.20","457,347,382.15","3,391,287,359.02","1,288.25",885.85,,,6.53,
Indonesia,Q4 2014,"4,030,881,070.60",69.01,"945,104,264.01","10,569,705,300.00","414,238,926.08","466,076,129.58","3,502,395,689.67","1,296.13",877.73,,,6.29,
Indonesia,Q1 2015,"4,049,062,036.30",64.32,"990,640,715.56","11,526,332,800.00","424,502,563.40","482,719,066.54","3,515,658,312.18","1,299.93",861.53,,,6.27,16.20
Indonesia,Q2 2015,"4,180,573,675.15",68.80,"1,029,859,806.28","11,526,332,800.00","434,220,673.99","513,563,089.69","3,663,082,073.19","1,298.45",816.45,,,5.95,28.63
Indonesia,Q3 2015,"4,360,936,351.86",70.15,"1,041,328,003.25","11,526,332,800.00","423,615,351.52","528,717,241.81","3,780,937,895.84","1,200.53",795.53,,,5.46,22.60
Indonesia,Q4 2015,"4,360,090,184.72",70.33,"965,643,821.33","11,526,332,800.00","434,857,485.09","563,271,918.83","3,869,704,734.16","1,284.29",794.29,,,4.62,23.69
Indonesia,Q1 2016,"4,387,323,221.85",63.49,"1,039,477,858.02","12,401,728,500.00","463,738,701.45","541,268,403.84","3,846,805,226.51","1,271.08",757.38,,,4.15,2.83
Indonesia,Q2 2016,"4,480,885,893.81",68.40,"1,057,234,187.81","12,401,728,500.00","467,460,692.88","570,926,034.07","3,996,414,194.93","1,239.38",713.98,,,3.39,1.15
Indonesia,Q3 2016,"4,533,016,102.04",70.03,"1,045,813,934.26","12,401,728,500.00","546,067,421.87","608,025,175.20","4,046,942,853.34","1,223.81",716.01,,,2.75,0.31
Indonesia,Q4 2016,"4,621,045,615.81",67.98,"1,096,797,840.38","12,401,728,500.00","553,756,304.96","611,411,343.64","4,201,145,962.52","1,205.27",671.57,,,2.38,-0.17
Indonesia,Q1 2017,"4,695,284,660.21",60.22,"1,098,912,022.95","13,589,825,700.00","529,996,781.16","668,499,489.46","4,191,596,932.51","1,191.60",660.70,,,2.62,0.17
Indonesia,Q2 2017,"4,797,879,096.82",68.57,"1,132,863,869.66","13,589,825,700.00","542,973,384.52","695,062,965.93","4,303,273,329.76","1,177.92",650.62,,,3.17,0.26
Indonesia,Q3 2017,"4,944,688,573.08",68.60,"1,105,482,119.85","13,589,825,700.00","561,727,544.72","703,976,648.80","4,358,811,581.86","1,161.85",633.55,,,3.32,0.21
Indonesia,Q4 2017,"5,033,574,676.09",69.31,"1,170,124,067.83","13,589,825,700.00","573,209,034.42","723,526,467.61","4,542,827,471.56","1,131.83",606.63,,,3.50,0.28
Indonesia,Q1 2018,"5,104,381,968.34",66.73,"1,187,316,031.47","14,838,756,000.00","584,404,084.03","706,854,852.40","4,566,487,474.71","1,119.56",584.26,,,3.69,0.93
Indonesia,Q2 2018,"5,375,309,233.44",69.33,"1,283,234,223.79","14,838,756,000.00","595,330,184.95","741,908,135.96","4,771,060,174.96","1,172.23",586.13,,,3.26,0.41
Indonesia,Q3 2018,"5,579,659,157.92",70.06,"1,336,945,701.75","14,838,756,000.00","622,716,074.90","759,129,085.26","4,926,475,648.52","1,262.45",631.25,,,3.18,0.52
Indonesia,Q4 2018,"5,682,994,046.12",69.75,"1,359,733,113.02","14,838,756,000.00","645,121,105.09","794,480,891.64","5,153,014,792.49","1,081.38",687.68,,,2.95,1.52
Indonesia,Q1 2019,"5,791,609,862.97",64.72,"1,304,891,898.70","15,832,657,200.00","657,087,188.50","775,417,204.67","5,111,939,595.26","1,085.25",687.55,,,1.63,0.95
Indonesia,Q2 2019,"5,981,481,037.21",66.09,"1,357,208,934.97","15,832,657,200.00","691,126,528.66","804,207,756.42","5,261,791,385.95","1,074.48",682.88,,,1.26,1.50
Indonesia,Q3 2019,"5,991,898,987.32",65.88,"1,377,662,918.71","15,832,657,200.00","700,908,408.22","836,912,955.34","5,327,632,555.34","1,066.57",657.17,,,1.25,1.37
Indonesia,Q4 2019,"6,073,553,514.55",65.31,"1,364,169,730.90","15,832,657,200.00","711,317,588.84","842,337,069.74","5,403,393,155.86","1,053.07",630.77,,,1.24,0.32
Indonesia,Q1 2020,"6,276,327,718.81",54.10,"1,624,895,975.69","15,443,353,200.00","704,206,059.05","833,982,634.36","5,484,973,332.75","1,036.11",603.01,,,1.68,0.31
Indonesia,Q2 2020,"6,165,267,530.03",61.27,"1,550,082,823.91","15,443,353,200.00","699,048,994.59","836,045,118.54","5,345,975,618.09",998.60,573.90,,,1.30,0.29
Indonesia,Q3 2020,"6,305,647,247.08",61.39,"1,606,219,365.73","15,443,353,200.00","716,087,978.21","853,113,684.93","5,351,212,490.44",988.34,517.84,,,1.36,0.26
Indonesia,Q4 2020,"6,348,336,893.90",60.96,"1,583,862,398.57","15,443,353,200.00","725,901,838.45","860,920,894.37","5,296,061,154.78",970.37,452.57,,,1.25,0.12
Indonesia,Q1 2021,"6,410,181,852.72",58.71,"1,743,003,319.25","16,976,690,800.00","724,886,388.00","842,656,750.53","5,326,194,509.72",961.16,405.13,,,0.96,0.45
Indonesia,Q2 2021,"6,291,107,038.64",59.78,"1,657,031,033.44","16,976,690,800.00","741,811,505.99","853,860,403.85","5,405,413,166.43",952.27,376.53,,,0.96,0.32
Indonesia,Q3 2021,"6,381,168,653.26",60.55,"1,660,287,829.98","16,976,690,800.00","751,459,486.02","857,373,865.74","5,484,323,669.47",936.17,351.90,,,1.03,0.35
Indonesia,Q4 2021,"6,564,553,769.32",60.49,"1,670,306,560.72","16,976,690,800.00","756,238,847.25","855,119,016.10","5,576,234,399.96",917.72,323.21,,,1.19,0.60
Indonesia,Q1 2022,"6,743,024,301.74",64.06,"1,752,565,460.22","19,588,445,600.00","900,033,480.00","1,016,218,676.52","5,679,564,997.09",909.30,305.32,,,1.57,0.26
Indonesia,Q2 2022,"6,776,339,016.26",67.55,"1,735,005,513.76","19,588,445,600.00","906,617,505.33","1,046,942,688.08","5,941,088,768.24",894.45,297.81,,,1.66,0.41
Indonesia,Q3 2022,"7,051,318,356.22",66.79,"1,758,346,072.87","19,588,445,600.00","932,900,549.55","1,069,903,399.73","6,041,106,329.82",896.61,312.23,,,1.94,0.45
Indonesia,Q4 2022,"7,295,716,174.34",66.46,"1,687,491,254.95","19,588,445,600.00","945,864,865.56","1,096,019,631.87","6,137,821,296.96",914.56,413.58,,,2.00,0.35
Ireland,Q2 2010,,149.12,,,,,,,,,,,
Ireland,Q4 2010,,-294.33,,,,,,,,,,,
Ireland,Q2 2011,,33.39,,,,,,,,,,,
Ireland,Q4 2011,,40.62,,,,,,,,,,,
Ireland,Q2 2012,,62.85,,,,,,,,,,,
Ireland,Q4 2012,,64.54,,,,,,,,,,,
Ireland,Q2 2013,,44.12,,,,,,,,,,,
Ireland,Q4 2013,,50.97,,,,,,,,,,,
Ireland,Q2 2014,,52.02,,,,,,,,,,,
Ireland,Q4 2014,,54.48,,,,,,,,,,,
Ireland,Q1 2015,,60.89,,,,,,,,,,,
Ireland,Q2 2015,,60.86,,,,,,,,,,,
Ireland,Q3 2015,,58.39,,,,,,,,,,,
Ireland,Q4 2015,,57.64,,,,,,,,,,,
Ireland,Q1 2016,,53.87,,,,,,,,,,,
Ireland,Q2 2016,,46.85,,,,,,,,,,,
Ireland,Q3 2016,,48.74,,,,,,,,,,,
Ireland,Q4 2016,,50.68,,,,,,,,,,,
Ireland,Q1 2017,,53.78,,,,,,,,,,,
Ireland,Q2 2017,,52.23,,,,,,,,,,,
Ireland,Q3 2017,,52.72,,,,,,,,,,,
Ireland,Q4 2017,,51.96,,,,,,,,,,,
Ireland,Q1 2018,,53.11,,,,,,,,,,,
Ireland,Q2 2018,,52.22,,,,,,,,,,,
Ireland,Q3 2018,,52.21,,,,,,,,,,,
Ireland,Q4 2018,,52.00,,,,,,,,,,,
Ireland,Q1 2019,,46.66,,,,,,,,,,,
Ireland,Q2 2019,,46.16,,,,,,,,,,,
Ireland,Q3 2019,,45.77,,,,,,,,,,,
Ireland,Q4 2019,,46.54,,,,,,,,,,,
Ireland,Q1 2020,,55.32,,,,,,,,,,,
Ireland,Q2 2020,,51.98,,,,,,,,,,,
Ireland,Q3 2020,,53.20,,,,,,,,,,,
Ireland,Q4 2020,,51.83,,,,,,,,,,,
Ireland,Q1 2021,,46.32,,,,,,,,,,,
Ireland,Q2 2021,,46.53,,,,,,,,,,,
Ireland,Q3 2021,,46.13,,,,,,,,,,,
Ireland,Q4 2021,,43.42,,,,,,,,,,,
Ireland,Q1 2022,,42.80,,,,,,,,,,,
Ireland,Q2 2022,,41.53,,,,,,,,,,14.00,
Ireland,Q3 2022,,44.04,,,,,,,,,,10.70,
Ireland,Q4 2022,,45.40,,,,,,,,,,7.70,
Israel,Q1 2000,,,"229,563.33","554,658.00",,,,,,,,-3.72,
Israel,Q2 2000,,,"229,108.21","554,658.00",,,,,,,,-2.45,
Israel,Q3 2000,,,"249,340.11","554,658.00",,,,,,,,-6.27,
Israel,Q4 2000,,,"262,139.31","554,658.00",,,,,,,,-6.23,
Israel,Q1 2001,,,"264,583.64","566,237.00",,,,,,,,-3.60,
Israel,Q2 2001,,,"266,172.69","566,237.00",,,,,,,,-4.87,
Israel,Q3 2001,,,"271,220.02","566,237.00",,,,,,,,-2.04,
Israel,Q4 2001,,,"281,445.96","566,237.00",,,,,,,,0.16,
Israel,Q1 2002,,,"285,260.55","592,511.00",,,,,,,,5.56,
Israel,Q2 2002,,,"288,455.91","592,511.00",,,,,,,,7.05,
Israel,Q3 2002,,,"292,805.31","592,511.00",,,,,,,,4.81,
Israel,Q4 2002,,,"302,259.54","592,511.00","100,654.74","93,284.87",,,,,,2.50,
Israel,Q1 2003,,,"300,278.22","597,952.00","100,343.08","94,435.07",,,,,,-4.76,
Israel,Q2 2003,,,"301,802.26","597,952.00","98,548.84","91,477.25",,,,,,-8.55,
Israel,Q3 2003,,,"309,062.03","597,952.00","99,816.46","92,536.34",,,,,,-6.42,
Israel,Q4 2003,,,"324,830.12","597,952.00","98,587.49","91,758.46",,,,,,-6.11,
Israel,Q1 2004,,,"335,318.22","627,359.00","100,785.67","90,860.93",,,,,,-1.75,
Israel,Q2 2004,,,"338,346.71","627,359.00","104,211.82","90,229.05",,,,,,2.64,
Israel,Q3 2004,,,"338,280.55","627,359.00","108,237.51","87,384.08",,,,,,-0.71,
Israel,Q4 2004,,,"354,322.45","627,359.00","107,167.95","86,835.96",,,,,,-1.32,
Israel,Q1 2005,,,"351,267.30","660,069.00","107,382.86","87,267.66",,,,,,-1.46,
Israel,Q2 2005,,,"368,336.39","660,069.00","109,008.68","85,439.17",,,,,,-0.54,
Israel,Q3 2005,,,"362,471.17","660,069.00","109,498.48","83,635.19",,,,,,2.58,
Israel,Q4 2005,,,"391,849.39","660,069.00","113,196.79","83,216.07",,,,,,4.42,
Israel,Q1 2006,,,"432,672.59","707,004.00","119,346.42","83,483.98",,,,,,4.34,
Israel,Q2 2006,,,"433,163.20","707,004.00","118,743.61","83,857.04",,,,,,-0.11,
Israel,Q3 2006,,,"443,513.83","707,004.00","120,185.35","82,539.68",,,,,,-1.98,
Israel,Q4 2006,,,"451,613.04","707,004.00","122,013.33","85,090.62",,,,,,-4.34,
Israel,Q1 2007,,,"521,383.35","756,105.00","124,003.42","86,384.80",,,,,,-6.10,
Israel,Q2 2007,,,"581,048.20","756,105.00","126,149.12","89,018.60",,,,,,-0.49,
Israel,Q3 2007,,,"597,380.93","756,105.00","131,526.09","91,809.91",,,,,,0.38,
Israel,Q4 2007,,,"637,480.70","756,105.00","133,686.98","95,060.68",,,,,,3.19,
Israel,Q1 2008,,,"640,702.79","791,265.00","136,329.04","96,999.22",,,,,,6.22,
Israel,Q2 2008,,,"622,437.99","791,265.00","141,512.94","99,995.33",,,,,,5.96,
Israel,Q3 2008,,,"640,449.61","791,265.00","148,563.04","103,815.49",,,,,,10.59,
Israel,Q4 2008,,,"669,299.64","791,265.00","151,004.08","107,193.79",,,,,,10.58,
Israel,Q1 2009,,,"696,838.16","833,530.00","152,280.70","108,286.30",,,,,,10.71,
Israel,Q2 2009,,,"671,417.65","833,530.00","157,216.45","107,323.14",,,,,,12.84,
Israel,Q3 2009,,,"666,316.34","833,530.00","164,197.86","106,565.85",,,,,,13.90,
Israel,Q4 2009,,,"675,678.33","833,530.00","169,999.70","104,852.39",,,,,,19.87,
Israel,Q1 2010,,,"664,103.28","891,238.00","173,445.27","102,214.79",,,,,,19.63,
Israel,Q2 2010,,,"736,123.22","891,238.00","180,412.13","103,960.95",,,,,,18.00,
Israel,Q3 2010,,,"748,863.57","891,238.00","188,146.28","105,576.17",,,,,,15.61,
Israel,Q4 2010,,,"732,742.49","891,238.00","194,428.10","109,948.15",,,,,,14.08,
Israel,Q1 2011,,,"768,432.43","954,616.00","203,645.39","113,201.19",,,,,,14.81,
Israel,Q2 2011,,,"776,425.44","954,616.00","211,152.12","112,608.57",,,,,,12.87,
Israel,Q3 2011,,,"819,020.63","954,616.00","217,028.27","113,305.48",,,,,,8.43,
Israel,Q4 2011,,,"863,918.43","954,616.00","219,053.14","116,692.81",,,,,,3.98,
Israel,Q1 2012,,59.32,"861,177.25","1,011,341.00","221,980.86","115,838.51",,,,,,1.77,
Israel,Q2 2012,,62.39,"871,425.20","1,011,341.00","228,543.63","117,865.11",,,,,,0.82,
Israel,Q3 2012,,62.06,"857,253.98","1,011,341.00","236,451.98","115,835.86",,,,,,4.09,
Israel,Q4 2012,"863,335.34",60.88,"851,813.55","1,011,341.00","241,024.70","115,140.10",,,,,,8.70,
Israel,Q1 2013,"858,346.26",57.09,"819,864.29","1,075,041.00","245,177.80","114,036.70",,4.38,1.27,,,9.07,
Israel,Q2 2013,"860,718.54",58.04,"826,583.07","1,075,041.00","251,407.50","112,083.60",,4.67,1.47,,,10.16,
Israel,Q3 2013,"869,553.54",59.27,"819,918.98","1,075,041.00","258,346.60","110,797.30",,4.92,1.71,,,8.56,
Israel,Q4 2013,"873,279.55",59.15,"826,096.72","1,075,041.00","262,898.30","111,675.20",,4.66,1.28,,,7.33,
Israel,Q1 2014,"876,645.94",56.86,"828,710.17","1,124,650.00","265,267.30","111,434.40",,3.41,0.61,,,8.31,
Israel,Q2 2014,"885,879.44",58.59,"835,207.56","1,124,650.00","270,287.70","111,797.20",,3.92,0.80,,,6.59,
Israel,Q3 2014,"904,835.21",58.09,"860,110.78","1,124,650.00","275,685.70","113,001.40",,3.98,0.81,,,5.91,
Israel,Q4 2014,"912,119.49",58.22,"879,048.61","1,124,650.00","279,968.20","114,473.50",,3.85,0.73,,,4.26,
Israel,Q1 2015,"922,168.25",45.83,"933,904.71","1,179,321.00","282,534.40","116,330.00",,2.27,0.03,,,4.04,
Israel,Q2 2015,"927,528.15",54.27,"925,581.15","1,179,321.00","290,117.80","117,717.70",,3.36,0.42,,,5.89,
Israel,Q3 2015,"945,645.30",56.22,"940,556.29","1,179,321.00","298,351.60","119,771.40",,3.51,0.48,,,6.73,
Israel,Q4 2015,"957,455.57",56.38,"935,420.66","1,179,321.00","302,847.90","119,686.70",,3.36,0.44,,,7.91,
Israel,Q1 2016,"969,486.19",57.89,"930,743.79","1,237,058.00","306,545.00","121,615.10",,2.84,0.27,,,7.90,
Israel,Q2 2016,"979,632.83",57.51,"988,988.27","1,237,058.00","312,732.70","122,707.40",,3.35,0.45,,,6.82,
Israel,Q3 2016,"988,647.30",58.60,"1,135,686.80","1,237,058.00","316,638.40","120,679.10",,3.50,0.51,,,8.86,
Israel,Q4 2016,"983,621.34",58.64,"1,142,634.05","1,237,058.00","317,345.10","120,426.30",,3.45,0.49,,,5.70,
Israel,Q1 2017,"987,978.48",60.28,"1,061,160.21","1,289,525.00","319,899.40","121,891.50",,3.44,0.46,,,4.55,
Israel,Q2 2017,"998,521.24",62.43,"1,048,798.06","1,289,525.00","324,803.00","125,624.60",,3.84,0.75,,,4.93,
Israel,Q3 2017,"1,010,753.17",61.81,"1,060,565.07","1,289,525.00","327,505.90","128,213.30",,3.65,0.55,,,2.57,
Israel,Q4 2017,"1,017,811.87",61.63,"976,780.70","1,289,525.00","330,204.10","132,494.30",,29.68,4.58,,,1.42,
Israel,Q1 2018,"1,034,859.32",62.27,"1,017,378.61","1,352,533.00","333,392.30","136,885.70",,3.45,0.53,,,-0.07,
Israel,Q2 2018,"1,045,145.07",63.31,"1,027,666.78","1,352,533.00","339,249.70","139,901.50",,3.99,0.96,,,-0.56,
Israel,Q3 2018,"1,065,701.70",62.37,"1,011,373.11","1,352,533.00","344,488.60","143,282.50",,3.93,0.76,,,-1.93,
Israel,Q4 2018,"1,082,733.28",64.37,"1,042,760.51","1,352,533.00","350,837.30","146,336.20",,3.89,0.77,,,-0.76,
Israel,Q1 2019,"1,091,784.47",64.86,"1,096,277.98","1,434,617.00","355,300.90","150,503.30",,3.57,0.77,,,1.06,
Israel,Q2 2019,"1,089,904.99",66.50,"1,086,131.73","1,434,617.00","363,354.90","152,673.80",,4.16,0.99,,,0.78,
Israel,Q3 2019,"1,098,040.10",66.41,"1,054,572.69","1,434,617.00","369,827.60","155,087.20",,3.83,0.87,,,2.46,
Israel,Q4 2019,"1,109,057.45",66.19,"1,065,655.65","1,434,617.00","388,772.70","157,080.40",,3.75,0.84,,,4.18,
Israel,Q1 2020,"1,142,078.42",70.04,"1,098,082.60","1,422,635.00","397,315.80","163,366.10",,3.32,0.60,,,3.14,
Israel,Q2 2020,"1,131,872.02",67.24,"1,075,410.60","1,422,635.00","405,108.90","165,900.90",,3.27,0.54,,,3.02,
Israel,Q3 2020,"1,139,512.23",66.96,"1,063,990.47","1,422,635.00","414,362.20","169,160.70",,3.33,0.50,,,2.71,
Israel,Q4 2020,"1,164,603.53",66.57,"1,011,128.86","1,422,635.00","424,242.90","174,946.10",,3.32,0.47,,,3.96,
Israel,Q1 2021,"1,193,329.09",63.65,"1,035,704.17","1,578,038.00","434,546.10","183,978.70",,3.38,0.37,,,5.85,
Israel,Q2 2021,"1,231,508.25",66.21,"1,037,636.62","1,578,038.00","451,630.40","194,092.80",,3.77,0.46,,,7.91,
Israel,Q3 2021,"1,265,529.39",67.05,"1,058,232.44","1,578,038.00","469,710.40","206,368.30",,3.75,0.46,,,10.07,
Israel,Q4 2021,"1,323,234.95",66.84,"1,036,497.29","1,578,038.00","488,827.60","219,531.40",,3.62,0.42,,,13.14,
Israel,Q1 2022,"1,382,407.47",68.11,"1,095,068.72","1,742,048.73","508,681.60","234,597.10",,3.80,0.33,,,15.27,
Israel,Q2 2022,"1,424,985.79",70.22,"1,152,832.03","1,742,048.73","530,797.30","243,604.60",,4.12,0.70,,,18.24,
Israel,Q3 2022,"1,463,680.10",71.77,"1,163,537.01","1,742,048.73","544,415.10","250,971.30",,4.32,0.96,,,20.25,
Italy,Q4 2005,,50.64,,,,,,,,,,,
Italy,Q2 2006,,50.40,,,,,,,,,,5.94,
Italy,Q4 2006,,51.86,,,,,,,,,,5.73,
Italy,Q2 2007,,52.50,,,,,,,,,,5.44,
Italy,Q4 2007,,55.21,,,,,,,,,,,
Italy,Q2 2008,,61.24,,,,,,,,,,3.67,
Italy,Q4 2008,,65.89,,,,,,,,,,2.60,
Italy,Q2 2009,,61.62,,,,,,,,,,-1.50,
Italy,Q4 2009,,60.83,,,,,,,,,,-1.10,
Italy,Q2 2010,,56.81,,,,,,,,,,-3.10,
Italy,Q4 2010,,57.54,,,,,,,,,,-2.70,
Italy,Q2 2011,,54.78,,,,,,,,,,-1.50,
Italy,Q4 2011,,57.09,,,,,,,,,,-2.40,
Italy,Q2 2012,,54.63,,,,,,,,,,-4.30,
Italy,Q4 2012,,53.76,,,,,,,,,,-7.10,
Italy,Q2 2013,,49.26,,,,,,,,,,-7.40,
Italy,Q4 2013,,49.11,,,,,,,,,,-6.40,
Italy,Q2 2014,,49.83,,,,,,,,,,-4.90,
Italy,Q4 2014,,50.44,,,,,,,,,,-3.00,
Italy,Q2 2015,,45.67,,,,,,,,,,-3.30,
Italy,Q4 2015,,47.73,,,,,,,,,,,
Italy,Q2 2016,,47.47,,,,,,,,,,,
Italy,Q4 2016,,48.38,,,,,,,,,,,
Italy,Q2 2017,,41.11,,,,,,,,,,,
Italy,Q4 2017,,48.20,,,,,,,,,,,
Italy,Q2 2018,,48.37,,,,,,,,,,,
Italy,Q4 2018,,49.61,,,,,,,,,,,
Italy,Q2 2019,,49.46,,,,,,,,,,,
Italy,Q4 2019,,48.20,,,,,,,,,,,
Italy,Q2 2020,,49.12,,,,,,,,,,,
Italy,Q4 2020,,49.48,,,,,,,,,,,
Italy,Q2 2021,,44.85,,,,,,,,,,,
Italy,Q4 2021,,46.39,,,,,,,,,,,
Italy,Q2 2022,,47.88,,,,,,221.00,31.00,,,,
Italy,Q4 2022,,51.48,,,,,,320.00,45.00,,,,
Japan,Q2 2009,,,,,,,,,,,,-9.00,-14.20
Japan,Q3 2009,"482,212,000.00",75.09,,,,,,,,,,-6.40,-11.10
Japan,Q4 2009,,,,,,,,,,,,-3.60,-8.90
Japan,Q1 2010,"478,281,000.00",72.76,,,,,,,,,,0.40,-1.70
Japan,Q2 2010,,,,,,,,,,,,2.10,-3.40
Japan,Q3 2010,"470,832,000.00",67.20,,,,,,,,,,1.20,-1.00
Japan,Q4 2010,,,,,,,,,,,,2.00,-0.60
Japan,Q1 2011,"475,044,000.00",74.12,,,,,,,,,,0.90,0.01
Japan,Q2 2011,,,,,,,,,,,,0.20,-0.30
Japan,Q3 2011,"474,787,000.00",69.28,,,,,,,,,,0.20,0.40
Japan,Q4 2011,,,,,,,,,,,,-1.00,-0.20
Japan,Q1 2012,"486,623,000.00",69.18,,,,,,,,,,-0.50,-2.60
Japan,Q2 2012,,,,,,,,,,,,-1.20,0.30
Japan,Q3 2012,"487,671,000.00",71.94,,,,,,,,,,-1.40,-2.10
Japan,Q4 2012,,,,,,,,,,,,-0.40,0.20
Japan,Q1 2013,"508,871,000.00",60.97,,,,,,,,,,-0.50,4.80
Japan,Q2 2013,,,,,,,,,,,,1.80,6.10
Japan,Q3 2013,"514,586,000.00",64.21,,,,,,,,,,2.50,4.10
Japan,Q4 2013,,,,,,,,,,,,2.80,4.60
Japan,Q1 2014,"530,238,000.00",64.24,,,,,,,,,,3.10,0.04
Japan,Q2 2014,,,,,,,,,,,,1.50,0.20
Japan,Q3 2014,"539,836,000.00",63.37,,,,,,,,,,1.10,3.00
Japan,Q4 2014,,,,,,,,,,,,0.60,2.90
Japan,Q1 2015,"556,746,000.00",62.88,,,,,,,,,,2.30,6.80
Japan,Q2 2015,,,,,,,,,,,,2.50,4.50
Japan,Q3 2015,"562,337,000.00",62.32,,,,,,,,,,2.90,7.70
Japan,Q4 2015,,,,,,,,,,,,1.90,5.10
Japan,Q1 2016,"569,679,000.00",60.36,,,,,,,,,,1.60,4.80
Japan,Q2 2016,,,,,,,,,,,,3.00,4.00
Japan,Q3 2016,"566,593,000.00",61.01,,,,,,,,,,1.80,0.90
Japan,Q4 2016,,,,,,,,,,,,2.50,2.70
Japan,Q1 2017,"585,848,142.00",62.59,,,,,,,,,,3.90,2.80
Japan,Q2 2017,,,,,,,,,,,,2.00,1.00
Japan,Q3 2017,"590,707,397.70",59.91,,,,,,,,,,2.50,4.20
Japan,Q4 2017,,,,,,,,,,,,1.80,6.50
Japan,Q1 2018,"595,299,839.00",62.20,,,,,,,,,,1.60,4.10
Japan,Q2 2018,,,,,,,,,,,,1.90,5.90
Japan,Q3 2018,"607,735,121.00",60.81,,,,,,,,,,1.80,3.60
Japan,Q4 2018,,,,,,,,,,,,2.60,-1.60
Japan,Q1 2019,"612,585,262.00",70.36,,,,,,,,,,2.30,0.70
Japan,Q2 2019,,,,,,,,,,,,1.90,-0.60
Japan,Q3 2019,"613,319,024.00",56.82,,,,,,,,,,1.20,0.50
Japan,Q4 2019,,,,,,,,,,,,1.00,-0.40
Japan,Q1 2020,"629,611,407.00",60.32,,,,,,,,,,-0.40,-0.60
Japan,Q2 2020,,,,,,,,,,,,-0.70,-3.40
Japan,Q3 2020,"643,868,715.20",60.09,,,,,,,,,,-0.10,-5.40
Japan,Q4 2020,,,,,,,,,,,,1.50,0.30
Japan,Q1 2021,"650,055,993.00",63.52,,,,,,,,,,3.30,1.40
Japan,Q2 2021,,,,,,,,,,,,5.50,3.50
Japan,Q3 2021,"648,888,758.00",61.14,,,,,,,,,,8.10,6.50
Japan,Q4 2021,,,,,,,,,,,,6.90,4.90
Japan,Q1 2022,"672,452,411.00",69.05,,,,,,,,,,9.10,4.10
Japan,Q2 2022,,,,,,,,,,,,9.20,7.80
Japan,Q3 2022,"713,584,283.00",68.71,,,,,,,,,,7.90,6.90
Jordan,Q2 2015,"34,109.20",64.27,,"27,396.78","3,313.80",817.51,,,,,,,
Jordan,Q4 2015,"34,787.28",66.55,,"27,396.78","3,718.28",708.96,,,,,,,
Jordan,Q2 2016,"36,045.44",65.78,,"28,323.71","3,969.96",792.60,,,,,,,
Jordan,Q4 2016,"36,609.39",66.79,,"28,323.71","6,675.50","29,600.63",,,,,,,
Jordan,Q2 2017,"38,673.32",66.05,,"29,400.00","4,186.94","1,131.99",,,,,,,
Jordan,Q4 2017,"39,666.81",67.82,,"29,400.00","4,264.33","1,202.07",,,,,,,
Jordan,Q2 2018,"40,684.42",67.62,,"30,481.85","4,507.27","1,359.80",,,,,,,
Jordan,Q4 2018,"41,219.19",68.89,,"30,481.85","4,616.43","1,388.35",,,,,,,
Jordan,Q2 2019,"42,108.19",67.31,,"31,597.06","4,638.98","1,413.06",,,,,,,
"Kazakhstan, Rep. of",Q1 2008,"8,861,484.89",82.64,"11,622,652.50","16,052,920.00",,,,,,,,23.03,
"Kazakhstan, Rep. of",Q2 2008,"8,936,436.15",78.31,"12,763,672.65","16,052,920.00","1,250,265.30","642,649.81",,,,,,5.87,
"Kazakhstan, Rep. of",Q3 2008,"9,094,005.79",79.44,"13,744,099.86","16,052,920.00",,,,,,,,-7.72,
"Kazakhstan, Rep. of",Q4 2008,"9,244,542.84",77.16,"14,167,981.33","16,052,920.00","1,552,542.70","882,918.77",,,,,,-11.05,
"Kazakhstan, Rep. of",Q1 2009,"7,626,821.51",91.09,"16,618,649.75","17,007,650.00",,,,,,,,-12.90,
"Kazakhstan, Rep. of",Q2 2009,"7,600,731.97",110.20,"17,809,049.26","17,007,650.00","1,602,204.58","949,170.70",,,,,,-9.66,
"Kazakhstan, Rep. of",Q3 2009,"7,542,958.05",102.78,"18,470,994.97","17,007,650.00",,,,,,,,-8.74,
"Kazakhstan, Rep. of",Q4 2009,"7,114,491.08",90.81,"19,453,697.33","17,007,650.00","1,345,740.81","617,332.09",,,,,,-7.47,
"Kazakhstan, Rep. of",Q1 2010,"7,196,076.59",16.82,"19,628,314.23","21,815,520.00",,,,,,,,-4.39,
"Kazakhstan, Rep. of",Q2 2010,"7,163,240.30",26.69,"20,384,232.09","21,815,520.00","1,219,046.38","595,593.53",,,,,,-3.46,
"Kazakhstan, Rep. of",Q3 2010,"7,332,877.53",33.02,"20,991,759.97","21,815,520.00",,,,,,,,0.78,
"Kazakhstan, Rep. of",Q4 2010,"7,421,227.59",38.02,"21,470,690.37","21,815,520.00","1,211,683.07","523,328.08",,,,,,2.77,
"Kazakhstan, Rep. of",Q1 2011,"7,485,926.54",72.14,"22,193,790.13","28,243,050.00","1,242,482.68","588,516.38",,,,,,5.59,
"Kazakhstan, Rep. of",Q2 2011,"7,679,847.99",71.67,"23,376,928.73","28,243,050.00","1,272,638.15","582,221.88",,,,,,6.97,
"Kazakhstan, Rep. of",Q3 2011,"8,034,506.85",73.83,"24,224,360.68","28,243,050.00","1,287,588.74","610,170.58",,,,,,7.59,
"Kazakhstan, Rep. of",Q4 2011,"8,382,403.63",69.68,"24,456,406.05","28,243,050.00","1,469,436.71","618,665.91",,,,,,8.02,
"Kazakhstan, Rep. of",Q1 2012,"8,524,060.22",63.82,"25,218,767.32","31,015,180.00","1,490,969.40","624,042.13",,,,,,3.57,
"Kazakhstan, Rep. of",Q2 2012,"8,887,681.10",63.49,"25,893,165.43","31,015,180.00","1,526,836.02","624,124.31",,,,,,6.04,
"Kazakhstan, Rep. of",Q3 2012,"9,120,664.68",64.28,"26,675,421.33","31,015,180.00","1,491,237.30","705,144.62",,,,,,8.01,
"Kazakhstan, Rep. of",Q4 2012,"9,596,314.03",63.81,"27,674,772.84","31,015,180.00","1,538,620.03","695,698.31",,,,,,9.22,
"Kazakhstan, Rep. of",Q1 2013,"9,731,217.79",65.85,"28,475,369.52","35,999,030.00","1,559,684.04","676,903.25",,,,,,14.34,
"Kazakhstan, Rep. of",Q2 2013,"10,201,664.62",52.02,"28,917,698.77","35,999,030.00","1,559,645.02","691,169.43",,,,,,13.29,
"Kazakhstan, Rep. of",Q3 2013,"10,605,797.12",55.38,"29,556,752.10","35,999,030.00","1,481,521.58","724,491.16",,,,,,12.31,
"Kazakhstan, Rep. of",Q4 2013,"10,966,841.40",59.12,"29,664,427.23","35,999,030.00","1,513,851.10","1,088,955.95",,,,,,12.03,
"Kazakhstan, Rep. of",Q1 2014,"11,834,036.99",68.18,"33,112,554.06","39,675,840.00","1,666,869.79","1,122,865.19",,,,,,17.93,
"Kazakhstan, Rep. of",Q2 2014,"11,869,056.77",66.33,"37,544,935.88","39,675,840.00","1,643,246.47","1,129,293.00",,,,,,19.21,
"Kazakhstan, Rep. of",Q3 2014,"11,867,034.88",64.35,"38,147,343.84","39,675,840.00","1,649,257.35","1,106,846.44",,,,,,17.43,
"Kazakhstan, Rep. of",Q4 2014,"11,998,773.90",56.67,"39,089,438.82","39,675,840.00","1,393,147.96","1,292,888.35",,,,,,15.25,
"Kazakhstan, Rep. of",Q1 2015,"11,991,163.78",68.38,"39,395,150.76","40,884,140.00","1,388,923.17","1,316,530.06",,,,,,7.91,
"Kazakhstan, Rep. of",Q2 2015,"12,503,941.11",90.64,"30,752,338.18","40,884,140.00","1,262,549.53","707,396.04",,,,,,3.29,
"Kazakhstan, Rep. of",Q3 2015,"14,350,084.77",76.72,"41,370,595.77","40,884,140.00","1,320,856.85","820,503.97",,,,,,5.01,
"Kazakhstan, Rep. of",Q4 2015,"15,553,712.32",70.29,"45,074,498.73","40,884,140.00","1,341,056.46","923,459.40",,,,,,10.43,
"Kazakhstan, Rep. of",Q1 2016,"15,619,253.52",65.55,"38,121,393.27","46,971,150.00","1,315,099.77","897,046.16",,,,,,12.69,
"Kazakhstan, Rep. of",Q2 2016,"15,315,505.16",68.92,"39,860,466.57","46,971,150.00","1,324,394.42","869,963.88",,,,,,11.63,
"Kazakhstan, Rep. of",Q3 2016,"15,490,238.67",68.28,"41,900,760.60","46,971,150.00","1,302,491.64","889,418.82",,,,,,8.52,
"Kazakhstan, Rep. of",Q4 2016,"15,510,813.02",66.91,"41,847,630.73","46,971,150.00","1,241,754.78","870,822.01",,,,,,1.52,
"Kazakhstan, Rep. of",Q1 2017,"15,248,051.34",63.11,"42,522,701.09","54,378,860.00","1,224,754.75","857,443.30",,,,,,-2.62,
"Kazakhstan, Rep. of",Q2 2017,"15,533,282.05",63.48,"44,655,417.83","54,378,860.00","1,254,867.68","841,872.11",,,,,,-1.30,
"Kazakhstan, Rep. of",Q3 2017,"13,902,949.89",73.56,"45,739,785.17","54,378,860.00","1,294,527.01","824,803.29",,,,,,-0.45,
"Kazakhstan, Rep. of",Q4 2017,"13,590,511.45",54.80,"43,914,596.47","54,378,860.00","1,337,375.06","799,620.01",,,,,,0.33,
"Kazakhstan, Rep. of",Q1 2018,"13,306,287.65",59.34,"43,241,832.05","61,819,540.00","1,356,287.97","770,945.27",,,,,,1.95,
"Kazakhstan, Rep. of",Q2 2018,"13,482,133.96",59.97,"45,389,358.11","61,819,540.00","1,410,510.73","706,902.15",,,,,,2.41,
"Kazakhstan, Rep. of",Q3 2018,"13,194,045.63",54.10,"47,049,352.94","61,819,540.00","1,391,411.23","809,401.93",,,,,,1.73,
"Kazakhstan, Rep. of",Q4 2018,"13,761,029.25",52.68,"47,722,098.49","61,819,540.00","1,488,717.30","820,195.20",,,,,,2.46,
"Kazakhstan, Rep. of",Q1 2019,"12,909,953.10",29.38,"50,356,658.47","69,532,620.00","1,543,263.79","763,324.50",,,,,,5.91,
"Kazakhstan, Rep. of",Q2 2019,"13,113,689.04",40.28,"50,997,828.19","69,532,620.00","1,671,996.80","779,749.20",,,,,,6.44,
"Kazakhstan, Rep. of",Q3 2019,"13,323,067.76",45.25,"51,109,287.63","69,532,620.00","1,801,700.02","779,460.26",,,,,,8.18,
"Kazakhstan, Rep. of",Q4 2019,"14,738,200.01",48.94,"51,293,753.66","69,532,620.00","1,933,811.85","766,785.78",,,,,,9.74,
"Kazakhstan, Rep. of",Q1 2020,"15,256,410.60",55.06,"55,558,122.28","70,649,030.00","2,013,834.61","747,143.53",,,,,,6.53,
"Kazakhstan, Rep. of",Q2 2020,"14,988,004.90",54.01,"54,020,560.44","70,649,030.00","2,070,334.82","727,730.08",,,,,,6.36,
"Kazakhstan, Rep. of",Q3 2020,"15,306,402.85",54.64,"54,878,323.87","70,649,030.00","2,237,659.72","738,197.62",,,,,,6.66,
"Kazakhstan, Rep. of",Q4 2020,"15,754,998.57",45.53,"54,261,951.89","70,649,030.00","2,509,765.92","653,365.23",,,,,,7.57,
"Kazakhstan, Rep. of",Q1 2021,"15,760,785.61",58.43,"54,409,485.97","83,951,590.00","2,507,185.81","656,478.05",,,,,,56.71,
"Kazakhstan, Rep. of",Q2 2021,"16,728,535.93",58.08,"57,342,907.46","83,951,590.00","2,771,080.84","653,931.92",,,,,,62.26,
"Kazakhstan, Rep. of",Q3 2021,"18,043,831.16",58.10,"55,582,069.24","83,951,590.00","2,999,242.87","739,881.76",,,,,,64.46,
"Kazakhstan, Rep. of",Q4 2021,"20,156,048.27",57.69,"60,192,972.54","83,951,590.00","3,440,790.35","396,978.13",,,,,,66.09,
"Kazakhstan, Rep. of",Q1 2022,"20,405,358.39",52.53,"63,580,713.14","103,883,144.75","3,668,238.65","422,471.88",,,,,,20.73,
"Kazakhstan, Rep. of",Q2 2022,"21,251,775.45",76.02,"66,064,043.24","103,883,144.75","4,005,903.44","418,668.29",,,,,,23.53,
"Kazakhstan, Rep. of",Q3 2022,"22,252,838.61",66.18,"69,178,272.95","103,883,144.75","4,360,414.33","442,789.30",,,,,,,
"Kazakhstan, Rep. of",Q4 2022,"24,205,868.66",61.52,"77,035,323.60","103,883,144.75","4,808,509.24","382,221.52",,,,,,,
Kenya,Q1 2006,"481,030.81",61.33,,"2,139,104.42","7,463.07","8,795.02","387,753.36",13.26,4.41,7.78,7.52,,
Kenya,Q2 2006,"494,647.91",60.37,,"2,139,104.42","6,988.06","8,939.89","401,892.21",13.75,4.35,8.11,6.41,,
Kenya,Q3 2006,"512,005.21",60.74,,"2,139,104.42","7,726.86","6,834.86","409,049.64",13.63,4.14,6.02,5.66,,
Kenya,Q4 2006,"550,498.45",60.68,,"2,139,104.42","8,601.70","7,282.74","423,933.78",13.89,4.12,6.34,6.08,,
Kenya,Q1 2007,"570,527.70",60.83,,"2,471,104.15","7,079.92","9,495.62","438,433.02",13.66,4.25,6.55,6.43,,
Kenya,Q2 2007,"550,210.56",61.66,,"2,471,104.15","7,630.20","9,036.51","425,922.06",13.28,4.15,7.11,6.81,,
Kenya,Q3 2007,"512,320.00",61.35,,"2,471,104.15","6,747.48","10,381.01","449,785.41",13.07,4.32,7.59,7.07,,
Kenya,Q4 2007,"628,136.41",61.57,,"2,471,104.15","3,385.24","11,542.54","493,372.97",13.32,4.31,7.65,6.50,,
Kenya,Q1 2008,"643,522.04",61.28,,"2,840,256.78","2,248.39","11,463.64","506,405.49",13.89,4.39,7.66,6.35,,
Kenya,Q2 2008,"761,983.67",59.69,,"2,840,256.78","3,679.49","13,329.97","547,096.50",13.99,4.45,7.79,6.59,,
Kenya,Q3 2008,"647,227.86",60.10,,"2,840,256.78","5,070.38","14,024.39","602,399.13",13.74,4.60,8.07,6.70,,
Kenya,Q4 2008,"682,661.77",61.24,,"2,840,256.78","17,554.37","16,199.43","627,942.99",14.44,4.80,6.83,6.67,,
Kenya,Q1 2009,"691,041.89",62.81,,"3,275,642.42","20,474.45","18,495.04","639,138.51",14.77,5.17,5.95,5.49,,
Kenya,Q2 2009,"708,913.22",62.42,,"3,275,642.42","21,486.49","21,803.94","657,525.28",14.88,5.17,5.81,3.08,,
Kenya,Q3 2009,"726,927.23",62.73,,"3,275,642.42","21,876.29","24,503.89","661,203.82",14.76,5.05,3.68,2.69,,
Kenya,Q4 2009,"768,019.13",63.03,,"3,275,642.42","25,404.76","27,430.50","705,844.97",14.80,4.98,3.11,2.57,,
Kenya,Q1 2010,"784,293.80",59.11,,"3,597,629.98","24,490.29","29,288.75","724,662.66",14.97,4.88,3.69,2.21,,
Kenya,Q2 2010,"824,853.62",60.97,,"3,597,629.98","35,674.35","45,980.30","764,319.49",14.47,4.51,2.46,1.15,,
Kenya,Q3 2010,"874,603.83",60.31,,"3,597,629.98","41,522.23","51,446.15","804,092.25",14.15,3.71,1.66,1.18,,
Kenya,Q4 2010,"921,239.23",59.70,,"3,597,629.98","44,446.78","54,419.15","846,560.36",13.89,3.57,1.18,0.98,,
Kenya,Q1 2011,"990,205.73",63.08,,"4,162,514.17","46,966.98","57,968.22","911,189.48",13.96,3.44,1.24,1.13,,
Kenya,Q2 2011,"1,078,400.28",64.56,,"4,162,514.17","51,383.66","66,582.76","996,472.06",13.90,3.55,6.36,3.97,,
Kenya,Q3 2011,"1,187,459.46",64.73,,"4,162,514.17","58,511.42","69,540.69","1,095,618.83",14.42,4.04,14.29,7.46,,
Kenya,Q4 2011,"1,200,264.42",65.25,,"4,162,514.17","58,479.20","78,929.83","1,107,358.24",17.92,5.85,28.90,14.95,,
Kenya,Q1 2012,"1,230,281.81",66.75,,"4,767,191.33","61,609.24","81,830.95","1,129,155.83",20.05,7.89,24.02,18.15,,
Kenya,Q2 2012,"1,283,670.93",66.48,,"4,767,191.33","85,317.12","93,422.26","1,162,801.71",20.21,8.45,17.16,16.15,,
Kenya,Q3 2012,"1,310,937.89",66.38,,"4,767,191.33","66,441.71","91,951.40","1,184,171.87",20.00,7.83,13.71,7.02,,
Kenya,Q4 2012,"1,355,216.27",66.94,,"4,767,191.33","67,789.04","94,151.10","1,229,464.97",18.64,6.78,9.14,5.84,,
Kenya,Q1 2013,"1,396,012.46",69.46,,"5,311,321.84","70,047.08","96,035.64","1,263,270.84",17.90,6.45,9.25,5.86,,
Kenya,Q2 2013,"1,447,487.74",68.53,,"5,311,321.84","72,058.59","104,541.60","1,307,927.28",17.43,6.52,7.90,7.14,,
Kenya,Q3 2013,"1,515,684.47",68.90,,"5,311,321.84","75,591.96","106,160.15","1,388,854.14",16.95,6.50,8.88,7.52,,
Kenya,Q4 2013,"1,597,916.04",68.79,,"5,311,321.84","79,346.80","118,990.23","1,668,987.05",16.96,6.56,10.77,8.98,,
Kenya,Q1 2014,"1,682,714.83",67.31,,"6,003,835.02","80,274.75","132,959.04","1,737,660.83",17.00,6.58,10.43,6.47,,
Kenya,Q2 2014,"1,776,294.69",67.49,,"6,003,835.02","84,923.55","140,221.34","1,848,894.59",16.67,6.48,7.76,6.60,,
Kenya,Q3 2014,"1,899,683.22",68.23,,"6,003,835.02","97,585.31","150,464.72","1,942,176.22",16.41,6.58,11.79,7.43,,
Kenya,Q4 2014,"1,963,330.26",68.13,,"6,003,835.02","99,788.54","162,902.51","2,028,269.51",15.98,6.73,6.91,6.73,,
Kenya,Q1 2015,"2,030,000.70",70.59,,"6,884,317.36","104,148.87","167,460.23","2,073,812.71",15.62,6.66,7.12,6.77,,
Kenya,Q2 2015,"2,157,376.52",70.15,,"6,884,317.36","107,157.03","181,779.48","2,200,329.16",15.57,6.60,11.78,8.77,,
Kenya,Q3 2015,"2,307,965.35",70.15,,"6,884,317.36","106,789.94","195,895.08","2,315,724.28",16.09,6.83,19.85,12.89,,
Kenya,Q4 2015,"2,327,464.80",69.44,,"6,884,317.36","110,404.18","193,419.23","2,374,693.37",17.35,7.65,14.82,7.27,,
Kenya,Q1 2016,"2,355,006.03",71.28,,"7,594,063.65","117,053.34","195,306.06","2,397,429.81",17.92,7.41,6.37,4.05,,
Kenya,Q2 2016,"2,389,419.83",72.25,,"7,594,063.65","123,113.69","200,075.44","2,401,226.41",18.14,6.70,4.87,3.61,,
Kenya,Q3 2016,"2,449,092.49",72.75,,"7,594,063.65","115,660.53","213,972.79","2,530,100.05",16.54,6.66,5.54,4.89,,
Kenya,Q4 2016,"2,496,615.64",72.11,,"7,594,063.65","116,804.02","220,548.16","2,589,166.25",13.68,7.60,5.92,4.12,,
Kenya,Q1 2017,"2,537,612.74",68.52,,"8,483,396.46","122,527.28","228,557.97","2,577,721.14",13.66,7.33,7.70,4.46,,
Kenya,Q2 2017,"2,520,339.36",68.24,,"8,483,396.46","115,176.10","240,570.30","2,589,886.18",13.66,7.06,5.34,3.99,,
Kenya,Q3 2017,"2,542,681.76",68.38,,"8,483,396.46","112,617.32","246,206.09","2,640,197.96",13.68,7.58,8.10,5.52,,
Kenya,Q4 2017,"2,605,116.45",69.11,,"8,483,396.46","114,509.83","251,975.96","2,703,066.90",13.67,8.10,8.86,7.27,,
Kenya,Q1 2018,"2,581,098.12",68.11,,"9,340,306.70","112,490.94","258,346.75","2,690,310.59",13.60,8.22,6.21,4.90,,
Kenya,Q2 2018,"2,641,133.61",68.26,,"9,340,306.70","115,107.29","258,568.49","2,738,012.83",13.23,8.10,5.38,4.70,,
Kenya,Q3 2018,"2,538,676.61",66.97,,"9,340,306.70","116,159.32","241,682.88","2,660,704.29",12.85,7.85,6.52,4.28,,
Kenya,Q4 2018,"2,567,294.36",67.43,,"9,340,306.70","119,412.72","238,009.47","2,691,222.93",12.56,7.49,8.15,3.48,,
Kenya,Q1 2019,"2,583,861.18",65.77,,"10,237,730.00","117,515.36","250,777.05","2,717,910.11",12.49,7.28,3.72,2.51,,
Kenya,Q2 2019,"2,653,786.92",65.85,,"10,237,730.00","116,711.04","249,434.13","2,793,387.34",12.48,7.19,5.61,2.98,,
Kenya,Q3 2019,"2,766,742.17",65.32,,"10,237,730.00","114,525.98","262,563.03","2,872,682.70",12.44,6.95,6.59,2.28,,
Kenya,Q4 2019,"2,774,649.49",65.55,,"10,237,730.00","115,934.00","246,867.15","2,916,571.07",12.35,6.88,6.86,4.24,,
Kenya,Q1 2020,"2,847,641.54",65.59,,"10,716,034.00","115,221.16","252,112.74","2,997,552.24",12.19,7.06,4.84,4.39,,
Kenya,Q2 2020,"2,908,702.47",67.93,,"10,716,034.00","120,257.74","264,205.92","3,033,459.47",11.92,6.94,5.13,3.27,,
Kenya,Q3 2020,"2,943,447.10",67.35,,"10,716,034.00","123,143.42","267,539.23","3,131,103.83",11.88,6.61,2.95,2.12,,
Kenya,Q4 2020,"2,999,473.26",67.09,,"10,716,034.00","125,111.17","270,389.91","3,190,154.50",12.00,6.29,5.29,2.69,,
Kenya,Q1 2021,"3,040,454.54",69.45,,"12,098,202.00","123,393.61","273,263.95","3,247,888.51",12.02,6.41,5.23,4.49,,
Kenya,Q2 2021,"3,160,545.55",68.83,,"12,098,202.00","118,552.82","281,937.99","3,345,490.49",12.05,6.33,5.12,4.62,,
Kenya,Q3 2021,"3,193,259.36",69.48,,"12,098,202.00","115,408.72","286,748.28","3,387,246.66",12.11,6.33,4.73,3.10,,
Kenya,Q4 2021,"3,248,667.35",69.72,,"12,098,202.00","113,997.39","284,075.22","3,482,212.00",12.14,6.44,5.30,4.97,,
Kenya,Q1 2022,"3,382,418.50",69.34,,"13,405,951.49","115,043.31","283,643.80","3,605,623.21",12.15,6.55,4.73,4.36,,
Kenya,Q2 2022,"3,492,801.91",67.38,,"13,405,951.49","114,185.86","288,517.75","3,713,434.20",12.23,6.60,5.06,4.60,,
Kenya,Q3 2022,"3,594,702.44",66.55,,"13,405,951.49","114,910.41","287,455.90","3,838,027.13",12.40,6.83,5.50,4.36,,
Kenya,Q4 2022,"3,677,308.51",66.56,,"13,405,951.49","115,419.48","295,758.43","3,935,006.11",12.57,7.09,5.44,4.61,,
"Korea, Rep. of",Q1 2009,"1,229,515,000.00",69.71,,"1,205,347,800.00","241,577,135.35","227,632,519.38",,,,,,,
"Korea, Rep. of",Q2 2009,"1,221,117,000.00",66.90,,"1,205,347,800.00","244,798,000.00","230,146,000.00",,,,,,,
"Korea, Rep. of",Q3 2009,"1,223,356,000.00",67.69,,"1,205,347,800.00","248,339,000.00","236,571,000.00",,,,,,,
"Korea, Rep. of",Q4 2009,"1,212,317,000.00",71.62,,"1,205,347,800.00","251,598,000.00","231,417,000.00",,,,,,1.50,
"Korea, Rep. of",Q1 2010,"1,214,126,000.00",70.82,,"1,322,611,200.00","249,519,000.00","237,967,000.00",,,,,,3.10,
"Korea, Rep. of",Q2 2010,"1,242,660,000.00",70.03,,"1,322,611,200.00","254,602,000.00","236,553,000.00",,,,,,3.00,
"Korea, Rep. of",Q3 2010,"1,241,427,000.00",69.83,,"1,322,611,200.00","260,399,550.00","242,134,670.00",,,,,,1.70,
"Korea, Rep. of",Q4 2010,"1,242,514,000.00",70.62,,"1,322,611,200.00","262,544,000.00","251,737,000.00",,,,,,1.87,
"Korea, Rep. of",Q1 2011,"1,266,104,000.00",68.96,,"1,388,937,200.00","276,458,000.00","257,616,000.00",,,,,,3.53,
"Korea, Rep. of",Q2 2011,"1,277,083,000.00",63.49,,"1,388,937,200.00","282,123,000.00","264,166,000.00",,,,,,2.04,
"Korea, Rep. of",Q3 2011,"1,332,362,000.00",67.48,,"1,388,937,200.00","287,476,000.00","271,940,000.00",,,,,,1.50,
"Korea, Rep. of",Q4 2011,"1,339,652,000.00",68.96,,"1,388,937,200.00","291,550,000.00","276,419,000.00",,,,,,0.89,
"Korea, Rep. of",Q1 2012,"1,344,972,000.00",67.87,,"1,440,111,300.00","302,301,000.00","287,291,000.00",,,,,,0.48,
"Korea, Rep. of",Q2 2012,"1,359,141,000.00",69.57,,"1,440,111,300.00","303,901,000.00","288,374,000.00",,,,,,0.12,
"Korea, Rep. of",Q3 2012,"1,370,326,000.00",70.64,,"1,440,111,300.00","304,170,000.00","297,819,000.00",,,,,,-0.36,
"Korea, Rep. of",Q4 2012,"1,359,938,000.00",72.34,,"1,440,111,300.00","302,755,000.00","297,674,000.00",,,,,,-0.26,
"Korea, Rep. of",Q1 2013,"1,363,624,000.00",73.37,,"1,500,819,200.00","306,717,231.56","301,711,143.50",,,,,,-0.66,
"Korea, Rep. of",Q2 2013,"1,401,574,000.00",76.01,,"1,500,819,200.00","307,912,085.29","306,827,508.49",,,,,,-0.83,
"Korea, Rep. of",Q3 2013,"1,411,877,000.00",74.25,,"1,500,819,200.00","307,542,080.82","311,851,236.19",,,,,,-0.46,
"Korea, Rep. of",Q4 2013,"1,413,808,000.00",76.14,,"1,500,819,200.00","313,296,000.00","310,149,000.00",,,,,,0.37,
"Korea, Rep. of",Q1 2014,"1,437,747,000.00",75.00,,"1,562,929,000.00","312,079,000.00","322,475,000.00",,,,,,0.56,
"Korea, Rep. of",Q2 2014,"1,456,254,000.00",72.38,,"1,562,929,000.00","316,854,000.00","327,840,000.00",,,,,,0.34,
"Korea, Rep. of",Q3 2014,"1,478,855,000.00",72.70,,"1,562,929,000.00","329,942,000.00","336,290,000.00",,,,,,0.50,
"Korea, Rep. of",Q4 2014,"1,556,078,000.00",69.66,,"1,562,929,000.00","343,739,000.00","343,591,000.00",,,,,,0.68,
"Korea, Rep. of",Q1 2015,"1,585,448,000.00",63.12,,"1,658,020,400.00","294,841,000.00","297,131,000.00",,,,,,0.02,
"Korea, Rep. of",Q2 2015,"1,604,860,000.00",60.74,,"1,658,020,400.00","288,167,000.00","305,077,000.00",,,,,,0.05,
"Korea, Rep. of",Q3 2015,"1,646,454,000.00",60.29,,"1,658,020,400.00","296,237,050.00","316,185,810.00",,,,,,0.04,
"Korea, Rep. of",Q4 2015,"1,665,284,000.00",62.87,,"1,658,020,400.00","309,001,940.00","322,500,600.00",,,,,,0.04,
"Korea, Rep. of",Q1 2016,"1,692,132,000.00",65.08,,"1,740,779,600.00","328,516,000.00","385,232,000.00",,,,,,1.22,
"Korea, Rep. of",Q2 2016,"1,713,149,000.00",62.01,,"1,740,779,600.00","312,652,000.00","375,814,000.00",,,,,,1.29,
"Korea, Rep. of",Q3 2016,"1,733,542,000.00",61.57,,"1,740,779,600.00","314,248,000.00","385,458,000.00",,,,,,1.46,
"Korea, Rep. of",Q4 2016,"1,754,257,000.00",64.97,,"1,740,779,600.00","315,335,000.00","393,996,000.00",,,,,,1.24,
"Korea, Rep. of",Q1 2017,"1,762,851,000.00",46.06,,"1,835,698,200.00","318,242,000.00","400,298,513.80",,,,,,1.22,
"Korea, Rep. of",Q2 2017,"1,790,431,000.00",51.02,,"1,835,698,200.00","319,225,848.30","409,922,006.90",,,,,,1.29,
"Korea, Rep. of",Q3 2017,"1,824,317,000.00",56.04,,"1,835,698,200.00","322,205,240.40","421,119,333.40",,,,,,1.46,
"Korea, Rep. of",Q4 2017,"1,838,481,000.00",58.72,"2,584,763,900.00","1,835,698,200.00","324,794,386.90","429,274,870.80",,,,,,1.24,
"Korea, Rep. of",Q1 2018,"1,850,954,000.00",60.92,,"1,898,192,500.00","329,912,000.00","442,730,000.00",,,,,,1.84,
"Korea, Rep. of",Q2 2018,"1,889,572,000.00",60.55,,"1,898,192,500.00","333,279,000.00","452,217,000.00",,,,,,1.94,
"Korea, Rep. of",Q3 2018,"1,915,403,000.00",62.84,,"1,898,192,500.00","333,571,000.00","456,027,000.00",,,,,,2.71,
"Korea, Rep. of",Q4 2018,"1,954,128,000.00",65.15,"2,699,855,460.00","1,898,192,500.00","336,051,000.00","462,628,000.00",,,,,,3.16,
"Korea, Rep. of",Q1 2019,"1,967,283,000.00",61.06,,"1,924,498,100.00","343,500,000.00","446,787,000.00",,,,,,2.34,
"Korea, Rep. of",Q2 2019,"1,992,508,000.00",60.83,,"1,924,498,100.00","345,687,000.00","450,719,000.00",,,,,,1.67,
"Korea, Rep. of",Q3 2019,"2,035,870,000.00",58.92,,"1,924,498,100.00","350,297,000.00","461,649,000.00",,,,,,0.45,
"Korea, Rep. of",Q4 2019,"2,070,879,000.00",62.40,"2,880,905,210.00","1,924,498,100.00","351,692,000.00","470,564,000.00",,,,,,0.24,
"Korea, Rep. of",Q1 2020,"2,125,271,000.00",46.70,,"1,940,726,200.00","350,724,000.00","482,466,000.00",,,,,,1.68,
"Korea, Rep. of",Q2 2020,"2,188,714,000.00",54.73,,"1,940,726,200.00","350,954,000.00","488,046,000.00",,,,,,2.85,
"Korea, Rep. of",Q3 2020,"2,239,031,000.00",59.04,,"1,940,726,200.00","362,597,000.00","510,472,000.00",,,,,,5.29,
"Korea, Rep. of",Q4 2020,"2,278,990,000.00",60.41,"3,170,809,350.00","1,940,726,200.00","369,387,000.00","517,066,000.00",,,,,,8.35,
"Korea, Rep. of",Q1 2021,"2,334,045,000.00",63.19,,"2,071,658,000.00","374,418,000.00","529,303,000.00",,,,,,11.16,
"Korea, Rep. of",Q2 2021,"2,386,774,000.00",65.40,,"2,071,658,000.00","375,370,000.00","546,811,000.00",,,,,,13.93,
"Korea, Rep. of",Q3 2021,"2,439,533,000.00",67.49,,"2,071,658,000.00","376,566,122.28","565,159,143.96",,,,,,15.90,
"Korea, Rep. of",Q4 2021,"2,500,279,000.00",70.12,"3,602,400,943.00","2,071,658,000.00","384,737,402.37","577,098,662.41",,,,,,14.97,
"Korea, Rep. of",Q1 2022,"2,538,524,000.00",79.41,,"2,202,947,102.77","383,810,931.45","591,954,058.80",,,,,,11.28,
"Korea, Rep. of",Q2 2022,"2,597,417,000.00",79.08,,"2,202,947,102.77","385,448,986.88","609,475,498.58",,,,,,8.26,
"Kosovo, Rep. of",Q1 2010,"1,360.09",74.44,,"4,031.00",,,,,,,,,
"Kosovo, Rep. of",Q2 2010,"1,429.48",74.75,,"4,031.00",,,,,,,,,
"Kosovo, Rep. of",Q3 2010,"1,445.36",74.55,,"4,031.00",,,,,,,,,
"Kosovo, Rep. of",Q4 2010,"1,486.03",74.25,,"4,031.00",,,,,,,,,
"Kosovo, Rep. of",Q1 2011,"1,542.01",76.07,,"4,555.90",,,,,,,,,
"Kosovo, Rep. of",Q2 2011,"1,658.08",75.84,,"4,555.90",,,,,,,,,
"Kosovo, Rep. of",Q3 2011,"1,691.71",75.33,,"4,555.90",,,,,,,,,
"Kosovo, Rep. of",Q4 2011,"1,717.79",75.17,,"4,555.90",,,,,,,,,
"Kosovo, Rep. of",Q1 2012,"1,744.00",73.14,,"4,797.30",,,,,,,,,
"Kosovo, Rep. of",Q2 2012,"1,803.79",73.95,,"4,797.30",,,,,,,,,
"Kosovo, Rep. of",Q3 2012,"1,807.61",74.35,,"4,797.30",,,,,,,,,
"Kosovo, Rep. of",Q4 2012,"1,822.42",73.95,,"4,797.30",,,,,,,,,
"Kosovo, Rep. of",Q1 2013,"1,856.17",72.63,,"5,071.30",,,,,,,,,
"Kosovo, Rep. of",Q2 2013,"1,889.59",71.54,,"5,071.30",,,,,,,,,
"Kosovo, Rep. of",Q3 2013,"1,874.38",71.69,,"5,071.30",,,,,,,,,
"Kosovo, Rep. of",Q4 2013,"1,897.96",71.50,,"5,071.30",,,,,,,,,
"Kosovo, Rep. of",Q1 2014,"1,930.75",72.75,,"5,325.10",,,,,,,,,
"Kosovo, Rep. of",Q2 2014,"1,990.66",72.86,,"5,325.10",,,,,,,,,
"Kosovo, Rep. of",Q3 2014,"1,935.82",74.34,,"5,325.10",,,,,,,,,
"Kosovo, Rep. of",Q4 2014,"1,943.30",74.67,,"5,325.10",,,,,,,,,
"Kosovo, Rep. of",Q1 2015,"1,982.86",76.68,,"5,674.40",,,,,,,,,
"Kosovo, Rep. of",Q2 2015,"2,086.33",76.40,,"5,674.40",,,,,,,,,
"Kosovo, Rep. of",Q3 2015,"2,082.82",76.21,,"5,674.40",,,,,,,,,
"Kosovo, Rep. of",Q4 2015,"2,107.79",75.77,,"5,674.40",,,,,,,,,
"Kosovo, Rep. of",Q1 2016,"2,161.59",73.96,,"6,037.30",137.88,142.36,,,,,,,
"Kosovo, Rep. of",Q2 2016,"2,250.62",76.60,,"6,037.30",139.05,128.09,,,,,,,
"Kosovo, Rep. of",Q3 2016,"2,276.02",74.74,,"6,037.30",149.32,144.01,,,,,,,
"Kosovo, Rep. of",Q4 2016,"2,319.03",75.27,,"6,037.30",152.30,149.92,,,,,,,
"Kosovo, Rep. of",Q1 2017,"2,427.34",71.49,,"6,356.50",158.46,163.75,990.84,7.04,0.96,,,,
"Kosovo, Rep. of",Q2 2017,"2,518.87",70.48,,"6,356.50",158.67,162.09,990.84,6.79,1.09,,,,
"Kosovo, Rep. of",Q3 2017,"2,774.61",70.57,,"6,356.50",162.45,162.51,990.84,6.51,0.95,,,,
"Kosovo, Rep. of",Q4 2017,"2,596.66",71.23,,"6,356.50",174.75,160.80,990.84,6.83,1.34,,,,
"Kosovo, Rep. of",Q1 2018,"2,627.25",74.50,,"6,671.50",182.03,167.69,990.84,6.81,1.18,,,,
"Kosovo, Rep. of",Q2 2018,"2,500.79",79.46,,"6,671.50",188.58,183.71,990.84,6.53,1.23,,,,
"Kosovo, Rep. of",Q3 2018,"2,763.02",78.84,,"6,671.50",186.07,183.90,990.84,6.99,1.37,,,,
"Kosovo, Rep. of",Q4 2018,"2,850.49",78.41,,"6,671.50",186.38,196.02,"1,009.82",5.99,1.47,,,,
"Kosovo, Rep. of",Q1 2019,"2,929.13",80.36,,"7,056.20",192.33,204.06,"1,025.70",6.71,1.50,,,,
"Kosovo, Rep. of",Q2 2019,"2,999.28",80.97,,"7,056.20",188.01,209.91,"1,069.10",6.34,1.28,,,,
"Kosovo, Rep. of",Q3 2019,"3,095.95",79.05,,"7,056.20",188.80,209.55,"1,092.30",6.54,1.50,,,,
"Kosovo, Rep. of",Q4 2019,"3,182.26",80.60,,"7,056.20",195.03,210.15,"1,115.05",6.42,1.60,,,,
"Kosovo, Rep. of",Q1 2020,"3,254.84",78.65,,"6,771.60",204.03,183.58,"3,064.45",6.28,1.32,,,,
"Kosovo, Rep. of",Q2 2020,"3,329.09",79.75,,"6,771.60",197.09,188.26,"3,116.94",6.26,1.54,,,,
"Kosovo, Rep. of",Q3 2020,"3,393.28",79.57,,"6,771.60",171.61,150.23,"3,166.56",6.35,1.49,,,,
"Kosovo, Rep. of",Q4 2020,"3,473.83",79.18,,"6,771.60",166.61,218.56,"3,231.18",6.01,1.52,,,,
"Kosovo, Rep. of",Q1 2021,"3,608.92",76.26,,"7,957.90",,,"3,305.52",6.12,1.40,,,,
"Kosovo, Rep. of",Q2 2021,"3,754.46",76.17,,"7,957.90",,,"3,495.71",6.00,1.27,,,,
"Kosovo, Rep. of",Q3 2021,"3,875.56",75.40,,"7,957.90",,,"3,553.26",5.89,1.41,,,,
"Kosovo, Rep. of",Q4 2021,"3,947.49",76.52,,"7,957.90",292.78,242.67,"3,726.66",5.80,1.33,,,,
"Kosovo, Rep. of",Q1 2022,"4,090.23",78.06,,"8,918.54",308.42,244.48,"3,909.88",5.77,1.16,,,,
"Kosovo, Rep. of",Q2 2022,"4,274.64",77.12,,"8,918.54",332.95,258.50,"4,115.00",6.02,1.70,,,,
"Kosovo, Rep. of",Q3 2022,"4,447.16",76.02,,"8,918.54",349.09,270.99,"4,206.62",6.28,1.95,,,,
"Kosovo, Rep. of",Q4 2022,"4,535.36",76.65,,"8,918.54",352.97,281.28,"4,326.23",6.29,2.35,,,,
Kyrgyz Rep.,Q1 2010,"27,656.72",60.99,,,"2,998.71",,,,,,,,
Kyrgyz Rep.,Q2 2010,"27,317.02",62.39,,"220,369.30","2,928.68",,,,,,,,
Kyrgyz Rep.,Q3 2010,"28,372.89",63.15,,,"2,859.43",,,,,,,,
Kyrgyz Rep.,Q4 2010,"28,172.84",60.22,,"220,369.30","2,844.20",,,,,,,0.90,
Kyrgyz Rep.,Q1 2011,"28,829.05",59.91,,,"2,764.50",,,,,,,,
Kyrgyz Rep.,Q2 2011,"30,602.71",56.84,,"285,989.10","2,750.72",,,,,,,,
Kyrgyz Rep.,Q3 2011,"32,528.44",55.99,,,"2,787.26",,,,,,,,
Kyrgyz Rep.,Q4 2011,"33,703.44",56.18,"93,288.41","285,989.10","2,972.38",,,,,,,7.20,
Kyrgyz Rep.,Q1 2012,"35,973.72",56.93,,,"3,044.29",,,,,,,,
Kyrgyz Rep.,Q2 2012,"38,580.99",57.41,,"310,471.30","3,260.21",,,,,,,,
Kyrgyz Rep.,Q3 2012,"39,453.14",56.18,,,"3,381.83",,,,,,,,
Kyrgyz Rep.,Q4 2012,"43,785.48",58.05,"109,517.99","310,471.30","3,853.84",,,,,,,8.60,
Kyrgyz Rep.,Q1 2013,"45,771.36",64.22,,"355,294.80","4,012.32",,,,,,,,
Kyrgyz Rep.,Q2 2013,"50,953.58",63.24,,"355,294.80","4,480.06",,,,,,,,
Kyrgyz Rep.,Q3 2013,"54,378.06",62.62,,"355,294.80","4,946.35",,,,,,,,
Kyrgyz Rep.,Q4 2013,"59,111.45",62.15,"143,563.22","355,294.80","5,516.41",,,,,,,29.30,
Kyrgyz Rep.,Q1 2014,"65,883.47",64.96,,"400,694.00","6,234.93",,,,,,,,
Kyrgyz Rep.,Q2 2014,"71,145.28",64.86,,"400,694.00","6,684.01",,,,,,,30.10,
Kyrgyz Rep.,Q3 2014,"77,385.84",64.27,,"400,694.00","7,444.78",,,,,,,,
Kyrgyz Rep.,Q4 2014,"83,839.78",63.09,"202,513.04","400,694.00","8,308.44",,,,,,,15.30,
Kyrgyz Rep.,Q1 2015,"93,634.32",69.87,,"430,489.40","8,672.87",,,,,,,,
Kyrgyz Rep.,Q2 2015,"93,026.75",69.99,,"430,489.40","8,411.72",,,,,,,,
Kyrgyz Rep.,Q3 2015,"97,571.36",63.63,,"430,489.40","9,057.87",,,,,,,,
Kyrgyz Rep.,Q4 2015,"98,954.45",62.61,"297,955.20","430,489.40","9,286.11",,,,,,,-1.60,
Kyrgyz Rep.,Q1 2016,"95,452.88",69.17,,"476,331.20","8,152.50",,,,,,,,
Kyrgyz Rep.,Q2 2016,"94,208.53",53.89,,"476,331.20","7,680.63",,,,,,,-2.40,
Kyrgyz Rep.,Q3 2016,"94,986.85",39.63,,"476,331.20","7,827.04",,,,,,,,
Kyrgyz Rep.,Q4 2016,"96,459.41",65.42,"260,420.74","476,331.20","8,374.41",,,,,,,-11.00,
Kyrgyz Rep.,Q1 2017,"97,522.53",69.96,,"530,476.00","8,448.03",,,,,,,,
Kyrgyz Rep.,Q2 2017,"105,369.83",47.44,,"530,476.00","9,057.55",,,,,,,9.80,
Kyrgyz Rep.,Q3 2017,"109,347.72",69.10,,"530,476.00","9,983.35",,,,,,,,
Kyrgyz Rep.,Q4 2017,"111,648.91",68.58,"340,241.44","530,476.00","10,369.59",,,,,,,6.20,
Kyrgyz Rep.,Q1 2018,"113,966.48",71.12,,"569,385.60","10,604.17",,,,,,,,
Kyrgyz Rep.,Q2 2018,"122,442.24",67.08,,"569,385.60","10,994.61",,,,,,,,
Kyrgyz Rep.,Q3 2018,"127,127.66",65.86,,"569,385.60","11,378.48",,,,,,,,
Kyrgyz Rep.,Q4 2018,"131,406.17",64.61,"279,515.30","569,385.60","12,250.69",,,,,,,6.60,
Kyrgyz Rep.,Q1 2019,"134,099.57",63.82,,"619,102.70","12,552.73",,,,,,,,
Kyrgyz Rep.,Q2 2019,"142,811.27",66.04,,"619,102.70","13,177.76",,,,,,,5.60,
Kyrgyz Rep.,Q3 2019,"147,126.03",68.37,,"619,102.70","14,162.61",,,,,,,,
Kyrgyz Rep.,Q4 2019,"150,743.46",66.87,"289,258.11","619,102.70","15,227.89",,,,,,,9.50,
Kyrgyz Rep.,Q1 2020,"158,253.44",70.74,,"601,820.30","15,834.38",,,,,,,,
Kyrgyz Rep.,Q2 2020,"160,239.55",68.72,,"601,820.30","15,596.13",,,,,,,6.00,
Kyrgyz Rep.,Q3 2020,"165,826.24",67.00,,"601,820.30","16,427.64",,,,,,,,
Kyrgyz Rep.,Q4 2020,"168,828.64",65.48,"345,098.80","601,820.30","17,123.22",,,,,,,13.50,
Kyrgyz Rep.,Q1 2021,"172,617.08",66.55,,"739,818.50","17,005.35",,,,,,,,
Kyrgyz Rep.,Q2 2021,"179,333.49",64.96,,"739,818.50","17,589.36",,,,,,,19.00,
Kyrgyz Rep.,Q3 2021,"180,624.44",64.31,,"739,818.50","18,254.63",,,,,,,,
Kyrgyz Rep.,Q4 2021,"186,650.57",63.22,"388,859.17","739,818.50","19,791.48",,,,,,,7.20,
Kyrgyz Rep.,Q1 2022,"187,955.13",50.44,,"919,444.60","20,284.86",,,,,,,,
Kyrgyz Rep.,Q2 2022,"195,123.74",36.79,,"919,444.60","21,636.82",,,,,,,6.90,
Kyrgyz Rep.,Q3 2022,"199,704.90",35.39,,"919,444.60","22,556.51",,,,,,,,
Kyrgyz Rep.,Q4 2022,"209,491.97",35.37,,"919,444.60","24,240.60",,,,,,,30.70,
Latvia,Q1 2011,"23,408.02",52.27,,,,,,,,,,,
Latvia,Q2 2011,"22,977.84",50.86,,,,,,,,,,,
Latvia,Q3 2011,"22,886.32",51.93,,,,,,,,,,,
Latvia,Q4 2011,"23,303.97",51.59,,,,,,,,,,,
Latvia,Q1 2012,"21,807.09",47.99,,,,,,,,,,,
Latvia,Q2 2012,"21,573.61",48.38,,,,,,,,,,,
Latvia,Q3 2012,"21,282.36",48.72,,,,,,,,,,,
Latvia,Q4 2012,"21,329.57",48.15,,,,,,,,,,,
Latvia,Q1 2013,"21,034.88",52.70,,,,,,,,,,,
Latvia,Q2 2013,"21,281.31",49.99,,,,,,,,,,,
Latvia,Q3 2013,"20,685.81",49.38,,,,,,,,,,,
Latvia,Q4 2013,"20,329.59",52.55,,,,,,,,,,,
Latvia,Q1 2014,"20,798.66",67.71,,,"4,940.80","2,607.30",,,,,,,
Latvia,Q2 2014,"21,728.71",54.58,,,"4,864.00","2,592.03",,,,,,,
Latvia,Q3 2014,"22,580.39",53.93,,,"4,803.66","2,596.73",,,,,,,
Latvia,Q4 2014,"21,984.41",53.89,,,"4,723.10","2,629.15",,,,,,,
Latvia,Q1 2015,"21,643.98",54.18,,,"4,661.60","2,603.55",,,,,,,
Latvia,Q2 2015,"20,974.25",51.51,,,"4,605.10","2,555.45",,,,,,,
Latvia,Q3 2015,"21,136.01",51.71,,,"4,557.00","2,517.63",,,,,,,
Latvia,Q4 2015,"19,045.13",52.52,,,"4,502.50","2,399.50",,,,,,,
Latvia,Q1 2016,"19,436.84",49.81,,,"4,453.60","2,372.18",,,,,,,
Latvia,Q2 2016,"20,015.71",40.39,,,"4,440.40","2,394.34",,,,,,,
Latvia,Q3 2016,"18,782.14",43.08,,,"4,414.99","2,919.99",,,,,,,
Latvia,Q4 2016,"23,220.42",41.44,,,"4,718.74","3,993.48",,,,,,,
Latvia,Q1 2017,"23,554.71",47.12,,,"4,665.98","4,114.13",,,,,,,
Latvia,Q2 2017,"23,731.13",46.53,,,"4,656.65","3,946.02",,,,,,,
Latvia,Q3 2017,"22,367.37",46.37,,,"4,649.39","3,752.88",,,,,,,
Latvia,Q4 2017,"22,790.58",45.01,,,"4,637.89","3,560.33",,,,,,,
Latvia,Q1 2018,"21,967.79",48.85,,,"4,640.46","3,670.77",,,,,,,
Latvia,Q2 2018,"21,142.71",46.43,,,"4,666.95","3,828.51",,,,,,,
Latvia,Q3 2018,"19,068.23",44.97,,,"4,440.54","3,667.16",,,,,,,
Latvia,Q4 2018,"19,698.72",46.36,,,"4,444.89","3,628.50",,,,,,,
Latvia,Q1 2019,"19,160.88",47.08,,,"4,451.06","3,786.64",,,,,,,
Latvia,Q2 2019,"18,879.66",47.71,,,"4,469.58","3,900.42",,,,,,,
Latvia,Q3 2019,"19,091.42",47.57,,,"4,490.21","3,892.70",,,,,,,
Latvia,Q4 2019,"19,372.33",48.19,,,"4,491.28","3,823.38",,,,,,,
Latvia,Q1 2020,"19,019.78",52.46,,,"4,523.44","3,675.18",,,,,,,
Latvia,Q2 2020,"19,027.35",55.69,,,"4,544.68","3,841.47",,,,,,,
Latvia,Q3 2020,"18,942.02",54.30,,,"4,578.26","3,816.62",,,,,,,
Latvia,Q4 2020,"19,690.65",51.42,,,"4,616.86","3,897.16",,,,,,,
Latvia,Q1 2021,"20,792.28",52.71,,,"4,648.27","4,128.07","13,872.77",,,,,,
Latvia,Q2 2021,"20,756.11",50.29,,,"4,702.17","4,069.08","13,741.18",,,,,,
Latvia,Q3 2021,"20,574.36",50.99,,,"4,871.89","4,171.79","14,102.38",,,,,,
Latvia,Q4 2021,"21,415.67",50.29,,,"4,935.23","3,977.33","14,229.85",,,,,,
Latvia,Q1 2022,"21,776.91",53.64,,,"4,984.27","3,982.49","14,175.44",,,,,,
Latvia,Q2 2022,"22,264.21",54.10,,,"5,057.86","4,031.39","14,525.31",,,,,,
Latvia,Q3 2022,"22,653.21",54.44,,,"5,114.61","4,081.43","15,042.60",,,,,,
Latvia,Q4 2022,"23,774.82",57.14,,,"5,147.36","4,046.87","15,010.27",,,,,,
Lebanon,Q2 2011,,66.21,,,,,,,,,,,
Lebanon,Q3 2011,,66.08,,,,,,,,,,,
Lebanon,Q4 2011,,65.20,,,,,,,,,,,
Lebanon,Q1 2012,,63.78,,,,,,,,,,,
Lebanon,Q2 2012,,61.46,,,,,,,,,,,
Lebanon,Q3 2012,,63.39,,,,,,,,,,,
Lebanon,Q4 2012,,63.11,,,,,,,,,,,
Lebanon,Q1 2013,,65.23,,,,,,,,,,,
Lebanon,Q2 2013,,62.80,,,,,,,,,,,
Lebanon,Q3 2013,,64.59,,,,,,,,,,,
Lebanon,Q4 2013,,65.03,,,,,,,,,,,
Lebanon,Q1 2014,,68.34,,,,,,,,,,,
Lebanon,Q2 2014,,64.38,,,,,,,,,,,
Lebanon,Q3 2014,,64.50,,,,,,,,,,,
Lebanon,Q4 2014,,63.43,,,,,,,,,,,
Lebanon,Q1 2015,,59.22,,,,,,,,,,,
Lebanon,Q2 2015,,62.80,,,,,,,,,,,
Lebanon,Q3 2015,,65.31,,,,,,,,,,,
Lebanon,Q4 2015,,62.11,,,,,,,,,,,
Lebanon,Q1 2016,,64.53,,,,,,,,,,,
Lebanon,Q2 2016,,61.74,,,,,,,,,,,
Lebanon,Q3 2016,,57.23,,,,,,,,,,,
Lebanon,Q4 2016,,54.32,,,,,,,,,,,
Lebanon,Q1 2017,,65.07,,,,,,,,,,,
Lebanon,Q2 2017,,62.11,,,,,,,,,,,
Lebanon,Q3 2017,,61.17,,,,,,,,,,,
Lebanon,Q4 2017,,61.11,,,,,,,,,,,
Lebanon,Q1 2018,,78.23,,,,,,,,,,,
Lebanon,Q2 2018,,76.02,,,,,,,,,,,
Lebanon,Q3 2018,,76.75,,,,,,,,,,,
Lebanon,Q4 2018,,76.11,,,,,,,,,,,
Lebanon,Q1 2019,,77.39,,,,,,,,,,,
Lebanon,Q2 2019,,71.51,,,,,,,,,,,
Lebanon,Q3 2019,,72.69,,,,,,,,,,,
Lebanon,Q4 2019,,74.09,,,,,,,,,,,
Lebanon,Q1 2020,,160.51,,,,,,,,,,,
Lebanon,Q2 2020,,130.94,,,,,,,,,,,
Lithuania,Q4 2003,,,"11,766.39","16,649.90",,,,,,,,17.45,
Lithuania,Q1 2004,,,,"18,219.70",,,,,,,,23.43,
Lithuania,Q2 2004,,,,"18,219.70",,,,,,,,25.87,
Lithuania,Q3 2004,,,,"18,219.70",,,,,,,,27.13,
Lithuania,Q4 2004,,,"13,268.71","18,219.70",,,,,,,,26.30,
Lithuania,Q1 2005,,,,"20,980.00",,,,,,,,28.01,
Lithuania,Q2 2005,,,,"20,980.00",,,,,,,,43.06,
Lithuania,Q3 2005,,,,"20,980.00",,,,,,,,54.89,
Lithuania,Q4 2005,,,"17,492.57","20,980.00",,,,,,,,62.87,
Lithuania,Q1 2006,,,,"24,053.30",,,,,,,,62.59,
Lithuania,Q2 2006,,,,"24,053.30",,,,,,,,43.30,
Lithuania,Q3 2006,,,,"24,053.30",,,,,,,,40.52,
Lithuania,Q4 2006,,,"22,379.98","24,053.30",,,,,,,,37.32,
Lithuania,Q1 2007,,,,"29,011.30",,,,,,,,28.48,
Lithuania,Q2 2007,,,,"29,011.30",,,,,,,,32.57,
Lithuania,Q3 2007,,,,"29,011.30",,,,,,,,28.28,
Lithuania,Q4 2007,,,"29,053.09","29,011.30",,,,,,,,17.69,
Lithuania,Q1 2008,,,,"32,660.00",,,,,,,,16.75,
Lithuania,Q2 2008,,,,"32,660.00",,,,,,,,16.07,
Lithuania,Q3 2008,,,,"32,660.00",,,,,,,,7.02,
Lithuania,Q4 2008,"20,041.28",63.10,"24,554.86","32,660.00",,,,,,,,-2.49,
Lithuania,Q1 2009,"19,518.04",54.40,"23,677.97","26,897.10",,,,,,,,-24.58,
Lithuania,Q2 2009,"18,885.61",50.18,"22,841.89","26,897.10",,,,,,,,-31.01,
Lithuania,Q3 2009,"18,331.27",48.55,"22,259.55","26,897.10",,,,,,,,-32.99,
Lithuania,Q4 2009,"17,709.61",46.02,"21,180.05","26,897.10",,,,,,,,-31.12,
Lithuania,Q1 2010,"17,286.11",36.82,"23,330.89","28,033.90",,,,,,,,-15.54,
Lithuania,Q2 2010,"17,036.20",40.52,"23,998.31","28,033.90",,,,,,,,-8.86,
Lithuania,Q3 2010,"16,649.15",44.43,"23,643.76","28,033.90",,,,,,,,-5.17,
Lithuania,Q4 2010,"16,385.52",46.89,"23,182.05","28,033.90",,,,,,,,1.35,
Lithuania,Q1 2011,"16,213.30",55.99,"23,399.50","31,317.20",,,,,,,,7.79,
Lithuania,Q2 2011,"15,912.12",56.75,"24,083.52","31,317.20",,,,,,,,6.28,
Lithuania,Q3 2011,"16,012.05",56.69,"24,385.97","31,317.20",,,,,,,,6.83,
Lithuania,Q4 2011,"14,013.94",56.93,"23,695.98","31,317.20",,,,,,,,5.56,
Lithuania,Q1 2012,"13,817.96",53.78,"25,656.48","33,410.20",,,,,,,,0.89,
Lithuania,Q2 2012,"13,916.64",52.13,"25,724.76","33,410.20",,,,,,,,-0.92,
Lithuania,Q3 2012,"13,863.92",50.92,"26,947.93","33,410.20",,,,,,,,0.30,
Lithuania,Q4 2012,"12,947.12",51.82,"26,122.71","33,410.20",,,,,,,,-1.17,
Lithuania,Q1 2013,"12,749.25",45.45,,"35,039.60",,,,,,,,-0.14,
Lithuania,Q2 2013,"12,817.53",46.90,,"35,039.60",,,,,,,,2.41,
Lithuania,Q3 2013,"12,930.14",48.05,,"35,039.60",,,,,,,,-0.38,
Lithuania,Q4 2013,"12,700.59",47.94,"33,221.62","35,039.60",,,,,,,,2.99,
Lithuania,Q1 2014,"12,511.08",51.42,,"36,581.30",,,,,,,,3.86,
Lithuania,Q2 2014,"12,632.84",49.61,,"36,581.30",,,,,,,,6.48,
Lithuania,Q3 2014,"12,703.54",49.33,,"36,581.30",,,,,,,,10.13,
Lithuania,Q4 2014,"12,735.61",49.94,"33,685.53","36,581.30",,,,,,,,5.27,
Lithuania,Q1 2015,"12,836.90",51.47,,"37,345.70",,,,,,,,4.46,
Lithuania,Q2 2015,"15,349.30",50.05,,"37,345.70","4,787.07","3,340.58",,,,,,3.48,
Lithuania,Q3 2015,"15,704.20",48.44,,"37,345.70","4,877.39","3,372.82",,,,,,3.44,
Lithuania,Q4 2015,"19,860.46",52.60,"34,165.68","37,345.70","4,967.39","3,287.62",,,,,,3.30,
Lithuania,Q1 2016,"19,282.99",54.48,,"38,889.90","5,079.98","4,081.20",,,,,,3.37,
Lithuania,Q2 2016,"20,300.84",56.61,,"38,889.90","5,579.81","4,109.51",,,,,,3.40,
Lithuania,Q3 2016,"21,015.47",56.21,,"38,889.90","5,691.04","4,176.20",,,,,,5.30,
Lithuania,Q4 2016,"21,633.86",56.32,"36,776.65","38,889.90","5,806.93","4,162.55",,,,,,9.48,
Lithuania,Q1 2017,"21,630.97",56.17,,"42,276.30","5,894.55","4,156.60",,,,,,10.21,
Lithuania,Q2 2017,"21,829.62",56.11,,"42,276.30","6,009.20","4,049.59",,,,,,10.21,
Lithuania,Q3 2017,"22,186.01",56.66,,"42,276.30","6,156.86","4,173.60",,,,,,8.54,
Lithuania,Q4 2017,"24,416.36",54.64,"39,180.38","42,276.30","7,136.10","4,582.63",,,,,,6.86,
Lithuania,Q1 2018,"24,763.61",55.89,,"45,515.20","7,229.92","4,568.52",,,,,,7.84,
Lithuania,Q2 2018,"25,611.65",54.79,,"45,515.20","7,380.48","4,554.60",,,,,,7.40,
Lithuania,Q3 2018,"26,301.92",54.49,,"45,515.20","7,532.43","4,745.99",,,,,,6.59,
Lithuania,Q4 2018,"27,573.61",54.68,"43,303.71","45,515.20","7,697.40","4,696.92",,,,,,7.40,
Lithuania,Q1 2019,"26,952.27",52.15,,"48,908.20","5,499.13","3,614.66",,,,,,7.86,
Lithuania,Q2 2019,"26,930.61",53.06,,"48,908.20","5,639.00","3,664.51",,,,,,6.59,
Lithuania,Q3 2019,"27,349.76",53.12,,"48,908.20","5,814.74","3,676.13",,,,,,6.44,
Lithuania,Q4 2019,"29,201.67",54.35,"47,412.16","48,908.20","5,983.22","3,689.07",,,,,,6.51,
Lithuania,Q1 2020,"30,054.65",58.26,,"49,769.50","6,154.92","3,630.49",,,,,,6.24,
Lithuania,Q2 2020,"30,128.08",58.67,,"49,769.50","6,380.60","3,950.37",,,,,,6.97,
Lithuania,Q3 2020,"31,003.00",57.54,,"49,769.50","6,521.84","3,799.17",,,,,,6.41,
Lithuania,Q4 2020,"34,907.00",56.52,"49,036.44","49,769.50","6,700.17","3,700.86",,,,,,9.40,
Lithuania,Q1 2021,"35,077.04",48.11,,"56,179.00","6,839.35","3,716.79",,,,,,11.97,
Lithuania,Q2 2021,"34,718.32",45.94,,"56,179.00","7,033.60","3,701.11",,,,,,13.28,
Lithuania,Q3 2021,"36,002.89",44.42,,"56,179.00","7,200.74","3,849.55",,,,,,18.88,
Lithuania,Q4 2021,"40,022.63",44.12,"56,396.32","56,179.00","7,382.15","3,937.21",,,,,,19.82,
Lithuania,Q1 2022,"39,406.58",46.75,,"66,918.10","7,579.11","4,137.13",,,,,,19.15,
Lithuania,Q2 2022,"44,047.24",44.98,,"66,918.10","7,798.59","4,355.36",,,,,,22.06,
Lithuania,Q3 2022,"46,980.44",41.56,,"66,918.10","8,027.96","4,493.43",,,,,,19.27,
Lithuania,Q4 2022,"51,749.73",39.76,,"66,918.10","8,224.74","4,773.44",,,,,,16.02,
Malaysia,Q4 2005,"555,494.78",58.73,,,,,,,,,,,
Malaysia,Q1 2006,"561,778.87",62.27,,,,,,,,,,,
Malaysia,Q2 2006,"574,708.87",61.45,,,,,,,,,,,
Malaysia,Q3 2006,"583,548.58",60.90,,,,,,,,,,,
Malaysia,Q4 2006,"587,863.72",59.04,,,,,,,,,,,
Malaysia,Q1 2007,"596,310.68",52.76,,,,,,,,,,,
Malaysia,Q2 2007,"609,168.61",53.93,,,,,,,,,,,
Malaysia,Q3 2007,"639,844.00",54.93,,,,,,,,,,,
Malaysia,Q4 2007,"639,768.39",55.50,,,,,,,,,,,
Malaysia,Q1 2008,"657,482.19",54.59,,,,,,,,,,,
Malaysia,Q2 2008,"682,108.43",55.58,,,,,,,,,,,
Malaysia,Q3 2008,"709,261.05",58.02,,,,,,,,,,,
Malaysia,Q4 2008,"723,454.01",58.24,,,,,,,,,,,
Malaysia,Q1 2009,"731,621.58",59.53,,,,,,,,,,,
Malaysia,Q2 2009,"741,011.25",58.93,,,,,,,,,,,
Malaysia,Q3 2009,"762,729.54",58.46,,,,,,,,,,,
Malaysia,Q4 2009,"782,020.70",57.69,,,,,,,,,,,
Malaysia,Q1 2010,"803,765.69",60.17,,,,,,,,,,,
Malaysia,Q2 2010,"832,846.44",59.54,,,,,,,,,,,
Malaysia,Q3 2010,"852,107.26",59.59,,,,,,,,,,,
Malaysia,Q4 2010,"880,433.84",59.82,,,,,,,,,,,
Malaysia,Q1 2011,"909,372.31",56.04,,,,,,,,,,,
Malaysia,Q2 2011,"945,073.96",56.19,,,,,,,,,,,
Malaysia,Q3 2011,"968,818.32",52.86,,,,,,,,,,,
Malaysia,Q4 2011,"1,000,211.27",53.48,,,,,,,,,,,
Malaysia,Q1 2012,"1,019,862.11",47.50,,,,,,,,,,,
Malaysia,Q2 2012,"1,063,611.84",52.19,,,,,,,,,,,
Malaysia,Q3 2012,"1,084,194.91",54.79,,,,,,,,,,,
Malaysia,Q4 2012,"1,104,179.83",54.78,,,,,,,,,,,
Malaysia,Q1 2013,"1,127,778.61",52.86,,,,,,,,,,,
Malaysia,Q2 2013,"1,160,759.22",50.19,,,,,,,,,,,
Malaysia,Q3 2013,"1,188,165.31",48.88,,,,,,,,,,,
Malaysia,Q4 2013,"1,222,604.81",59.60,,,,,,,,,,,
Malaysia,Q1 2014,"1,243,845.60",60.02,,,,,,,,,,,
Malaysia,Q2 2014,"1,269,860.19",60.49,,,,,,,,,,,
Malaysia,Q3 2014,"1,296,122.69",61.40,,,,,,,,,,,
Malaysia,Q4 2014,"1,337,771.81",61.00,,,,,,,,,,,
Malaysia,Q1 2015,"1,360,082.40",62.68,,,,,,,,,,,
Malaysia,Q2 2015,"1,385,971.34",61.54,,,,,,,,,,,
Malaysia,Q3 2015,"1,422,412.74",61.79,,,,,,,,,,,
Malaysia,Q4 2015,"1,442,617.99",61.84,,,,,,,,,,,
Malaysia,Q1 2016,"1,446,227.67",61.31,,,,,,,,,,,
Malaysia,Q2 2016,"1,462,077.94",59.24,,,,,,,,,,,
Malaysia,Q3 2016,"1,480,808.60",60.31,,,,,,,,,,,
Malaysia,Q4 2016,"1,518,689.16",60.96,,,,,,,,,,,
Malaysia,Q1 2017,"1,533,741.66",64.42,,,,,,,,,,,
Malaysia,Q2 2017,"1,546,434.95",62.56,,,,,,,,,,,
Malaysia,Q3 2017,"1,557,901.14",62.60,,,,,,,,,,,
Malaysia,Q4 2017,"1,581,424.48",61.07,,,,,,,,,,,
Malaysia,Q1 2018,"1,599,446.61",58.70,,,,,,,,,,,
Malaysia,Q2 2018,"1,654,874.21",58.70,,,,,,,,,,,
Malaysia,Q3 2018,"1,679,526.51",60.60,,,,,,,,,,,
Malaysia,Q4 2018,"1,700,914.84",60.98,,,,,,,,,,,
Malaysia,Q1 2019,"1,710,553.34",59.22,,,,,,,,,,,
Malaysia,Q2 2019,"1,724,017.87",56.69,,,,,,,,,,,
Malaysia,Q3 2019,"1,743,113.24",57.46,,,,,,,,,,,
Malaysia,Q4 2019,"1,767,249.44",57.85,,,,,,,,,,,
Malaysia,Q1 2020,"1,778,658.08",57.93,,,,,,,,,,,
Malaysia,Q2 2020,"1,795,140.69",54.58,,,,,,,,,,,
Malaysia,Q3 2020,"1,819,419.24",57.04,,,,,,,,,,,
Malaysia,Q4 2020,"1,827,007.66",58.11,,,,,,,,,,,
Malaysia,Q1 2021,"1,850,598.34",60.37,,,,,,,,,,,
Malaysia,Q2 2021,"1,856,998.19",60.54,,,,,,,,,,,
Malaysia,Q3 2021,"1,879,195.91",60.47,,,,,,,,,,,
Malaysia,Q4 2021,"1,915,612.68",61.37,,,,,,,,,,,
Malaysia,Q1 2022,"1,940,656.33",58.29,,,,,,,,,,,
Malaysia,Q2 2022,"1,967,078.00",61.31,,,"727,768.00","423,002.00","2,130,127.75",408.62,141.68,189.78,170.85,,
Malaysia,Q3 2022,"1,999,396.00",60.88,,,"740,124.00","425,519.00","2,130,161.61",454.64,166.36,230.14,210.05,,
Malaysia,Q4 2022,"2,024,147.00",60.89,,,"754,120.00","428,886.00","2,164,908.12",487.70,211.86,266.40,244.78,,
"Moldova, Rep. of",Q1 2009,"24,205.16",47.45,,"60,429.80",,,,,,,,,
"Moldova, Rep. of",Q2 2009,"22,364.99",46.45,,"60,429.80",,,,,,,,,
"Moldova, Rep. of",Q3 2009,"22,017.57",46.20,,"60,429.80",,,,,,,,,
"Moldova, Rep. of",Q4 2009,"22,416.40",46.34,,"60,429.80",,,,,,,,,
"Moldova, Rep. of",Q1 2010,"22,161.82",56.32,,"86,275.38",,,,,,,,,
"Moldova, Rep. of",Q2 2010,"23,422.61",57.92,,"86,275.38",,,,,,,,,
"Moldova, Rep. of",Q3 2010,"24,349.15",56.85,,"86,275.38",,,,,,,,,
"Moldova, Rep. of",Q4 2010,"25,478.30",55.72,,"86,275.38",,,,,,,,,
"Moldova, Rep. of",Q1 2011,"26,450.92",59.16,,"98,772.81",,,,,,,,,
"Moldova, Rep. of",Q2 2011,"27,695.08",57.82,,"98,772.81",,,,,,,,,
"Moldova, Rep. of",Q3 2011,"28,976.77",57.62,,"98,772.81",,,,,,,,,
"Moldova, Rep. of",Q4 2011,"29,769.30",57.65,,"98,772.81",,,,,,,,,
"Moldova, Rep. of",Q1 2012,"30,982.07",57.49,,"105,480.18",,,,,,,,,
"Moldova, Rep. of",Q2 2012,"32,046.16",56.56,,"105,480.18",,,,,,,,,
"Moldova, Rep. of",Q3 2012,"33,831.03",55.44,,"105,480.18",,,,,,,,,
"Moldova, Rep. of",Q4 2012,"34,982.30",56.70,,"105,480.18",,,,,,,,,
"Moldova, Rep. of",Q1 2013,"35,001.23",57.07,,"119,532.87",,,,,,,,,
"Moldova, Rep. of",Q2 2013,"37,756.61",53.90,,"119,532.87",,,,,,,,,
"Moldova, Rep. of",Q3 2013,"39,058.13",53.10,,"119,532.87",,,,,,,,,
"Moldova, Rep. of",Q4 2013,"42,177.28",53.15,,"119,532.87",,,,,,,,,
"Moldova, Rep. of",Q1 2014,"43,292.39",58.27,,"133,481.63",,,,,,,,,
"Moldova, Rep. of",Q2 2014,"45,113.01",55.51,,"133,481.63",,,,,,,,,
"Moldova, Rep. of",Q3 2014,"47,228.45",56.28,,"133,481.63",,,,,,,,,
"Moldova, Rep. of",Q4 2014,"40,841.98",54.96,,"133,481.63",,,,,,,,,
"Moldova, Rep. of",Q1 2015,"41,974.30",43.15,,"145,753.64",,,,,,,,,
"Moldova, Rep. of",Q2 2015,"42,780.02",49.04,,"145,753.64",,,,,,,,,
"Moldova, Rep. of",Q3 2015,"39,710.61",50.95,,"145,753.64",,,,,,,,,
"Moldova, Rep. of",Q4 2015,"38,300.33",52.83,,"145,753.64",,,,,,,,,
"Moldova, Rep. of",Q1 2016,"37,851.22",63.93,,"160,814.56",,,,,,,,,
"Moldova, Rep. of",Q2 2016,"37,236.30",60.79,,"160,814.56",,,,,,,,,
"Moldova, Rep. of",Q3 2016,"36,336.49",58.49,,"160,814.56",,,,,,,,,
"Moldova, Rep. of",Q4 2016,"34,761.27",57.67,,"160,814.56",,,,,,,,,
"Moldova, Rep. of",Q1 2017,"34,409.79",57.16,,"176,007.29",,,,,,,,,
"Moldova, Rep. of",Q2 2017,"34,384.68",55.99,,"176,007.29",,,,,,,,,
"Moldova, Rep. of",Q3 2017,"34,085.95",54.13,,"176,007.29",,,,,,,,,
"Moldova, Rep. of",Q4 2017,"33,712.47",53.15,,"176,007.29",,,,,,,,,
"Moldova, Rep. of",Q1 2018,"32,645.14",59.88,,"189,062.63",,,,,,,,,
"Moldova, Rep. of",Q2 2018,"33,395.41",62.61,,"189,062.63",,,,,,,,,
"Moldova, Rep. of",Q3 2018,"34,825.10",65.04,,"189,062.63",,,,,,,,,
"Moldova, Rep. of",Q4 2018,"35,586.54",64.59,,"189,062.63",,,,,,,,,
"Moldova, Rep. of",Q1 2019,"36,606.64",52.96,,"206,256.24",,,,,,,,,
"Moldova, Rep. of",Q2 2019,"38,922.53",52.08,,"206,256.24",,,,,,,,,
"Moldova, Rep. of",Q3 2019,"39,735.96",51.50,,"206,256.24",,,,,,,,,
"Moldova, Rep. of",Q4 2019,"40,350.61",51.31,,"206,256.24",,,,,,,,,
"Moldova, Rep. of",Q1 2020,"42,051.79",51.18,,"199,733.68",,,,,,,,,
"Moldova, Rep. of",Q2 2020,"41,576.43",48.88,,"199,733.68",,,,,,,,,
"Moldova, Rep. of",Q3 2020,"43,555.98",48.00,,"199,733.68",,,,,,,,,
"Moldova, Rep. of",Q4 2020,"45,674.42",47.05,,"199,733.68",,,,,,,,,
"Moldova, Rep. of",Q1 2021,"46,697.30",50.40,,"241,870.52",,,,,,,,,
"Moldova, Rep. of",Q2 2021,"50,090.88",49.70,,"241,870.52",,,,,,,,,
"Moldova, Rep. of",Q3 2021,"53,498.84",49.52,,"241,870.52",,,,,,,,,
"Moldova, Rep. of",Q4 2021,"56,475.92",50.00,,"241,870.52",,,,,,,,,
"Moldova, Rep. of",Q1 2022,"58,024.65",55.16,,"272,917.84",,,,,,,,,
"Moldova, Rep. of",Q2 2022,"60,202.45",56.21,,"272,917.84",,,,,,,,,
"Moldova, Rep. of",Q3 2022,"60,220.48",57.99,,"272,917.84",,,,,,,,,
"Moldova, Rep. of",Q4 2022,"61,627.79",59.08,,"272,917.84",,,,,,,,,
"Netherlands, The",Q1 2008,,76.82,,,,,,,,,,,
"Netherlands, The",Q2 2008,,71.41,,,,,,,,,,,
"Netherlands, The",Q3 2008,,94.18,,,,,,,,,,,
"Netherlands, The",Q4 2008,,-99.61,,,,,,,,,,,
"Netherlands, The",Q1 2009,,69.14,,,,,,,,,,,
"Netherlands, The",Q2 2009,,70.40,,,,,,,,,,,
"Netherlands, The",Q3 2009,,70.81,,,,,,,,,,,
"Netherlands, The",Q4 2009,,68.85,,,,,,,,,,,
"Netherlands, The",Q1 2010,,65.60,,,,,,,,,,,
"Netherlands, The",Q2 2010,,74.20,,,,,,,,,,,
"Netherlands, The",Q3 2010,,70.42,,,,,,,,,,,
"Netherlands, The",Q4 2010,,71.12,,,,,,,,,,,
"Netherlands, The",Q1 2011,,66.89,,,,,,,,,,,
"Netherlands, The",Q2 2011,,69.56,,,,,,,,,,,
"Netherlands, The",Q3 2011,,72.92,,,,,,,,,,,
"Netherlands, The",Q4 2011,,73.00,,,,,,,,,,,
"Netherlands, The",Q1 2012,,65.37,,,,,,,,,,,
"Netherlands, The",Q2 2012,,70.40,,,,,,,,,,,
"Netherlands, The",Q3 2012,,72.71,,,,,,,,,,,
"Netherlands, The",Q4 2012,,75.14,,,,,,,,,,,
"Netherlands, The",Q1 2013,,94.75,,,,,,,,,,,
"Netherlands, The",Q2 2013,,65.71,,,,,,,,,,,
"Netherlands, The",Q3 2013,,66.33,,,,,,,,,,,
"Netherlands, The",Q4 2013,,82.79,,,,,,,,,,,
"Netherlands, The",Q1 2014,,73.22,,,,,,,,,,,
"Netherlands, The",Q2 2014,,75.08,,,,,,,,,,,
"Netherlands, The",Q3 2014,,74.52,,,,,,,,,,,
"Netherlands, The",Q4 2014,,77.69,,,,,,,,,,,
"Netherlands, The",Q1 2015,,70.27,,,,,,,,,,,
"Netherlands, The",Q2 2015,,65.55,,,,,,,,,,,
"Netherlands, The",Q3 2015,,77.38,,,,,,,,,,,
"Netherlands, The",Q4 2015,,73.49,,,,,,,,,,,
"Netherlands, The",Q1 2016,,82.19,,,,,,,,,,,
"Netherlands, The",Q2 2016,,71.83,,,,,,,,,,,
"Netherlands, The",Q3 2016,,73.63,,,,,,,,,,,
"Netherlands, The",Q4 2016,,64.78,,,,,,,,,,,
"Netherlands, The",Q1 2017,,73.27,,,,,,,,,,,
"Netherlands, The",Q2 2017,,70.97,,,,,,,,,,,
"Netherlands, The",Q3 2017,,74.71,,,,,,,,,,,
"Netherlands, The",Q4 2017,,73.54,,,,,,,,,,,
"Netherlands, The",Q1 2018,,55.16,,,,,,,,,,,
"Netherlands, The",Q2 2018,,54.83,,,,,,,,,,,
"Netherlands, The",Q3 2018,,55.23,,,,,,,,,,,
"Netherlands, The",Q4 2018,,54.82,,,,,,,,,,,
"Netherlands, The",Q1 2019,,54.87,,,,,,114.52,120.56,,,7.96,
"Netherlands, The",Q2 2019,,54.50,,,,,,234.03,239.42,,,7.24,
"Netherlands, The",Q3 2019,,54.24,,,,,,334.81,341.52,,,6.24,
"Netherlands, The",Q4 2019,,54.88,,,,,,460.23,451.91,,,6.24,
"Netherlands, The",Q1 2020,,56.05,,,,,,99.57,97.96,,,6.67,
"Netherlands, The",Q2 2020,,56.16,,,,,,186.31,175.51,,,7.52,
"Netherlands, The",Q3 2020,,55.18,,,,,,266.35,251.23,,,8.14,
"Netherlands, The",Q4 2020,,54.14,,,,,,363.34,324.94,,,8.77,
"Netherlands, The",Q1 2021,,50.37,,,,,,80.88,71.99,,,10.33,
"Netherlands, The",Q2 2021,,50.11,,,,,,201.27,146.56,,,12.98,
"Netherlands, The",Q3 2021,,48.76,,,,,,302.50,224.40,,,17.49,
"Netherlands, The",Q4 2021,,47.74,,,,,,403.22,299.74,,,19.60,
"Netherlands, The",Q1 2022,,47.13,,,,,,101.14,76.84,,,20.24,
"Netherlands, The",Q2 2022,,47.12,,,,,,208.72,164.03,,,18.37,
"Netherlands, The",Q3 2022,,48.82,,,,,,325.90,267.29,,,11.86,
"Netherlands, The",Q4 2022,,49.63,,,,,,487.09,395.82,,,5.14,
"North Macedonia, Republic of",Q4 2005,"70,513.60",45.21,,"308,447.00",,,"68,645.59","1,091.00",285.00,,,,
"North Macedonia, Republic of",Q1 2006,"74,980.12",54.78,,,,,"72,792.68","1,051.00",273.00,,,,
"North Macedonia, Republic of",Q2 2006,"81,611.63",55.43,,,,,"79,199.12","1,034.00",251.00,,,,
"North Macedonia, Republic of",Q3 2006,"84,004.73",52.77,,,,,"81,733.77","1,017.00",273.00,,,,
"North Macedonia, Republic of",Q4 2006,"92,308.48",53.42,,"334,839.00",,,"89,448.10","1,006.00",282.00,,,-4.86,
"North Macedonia, Republic of",Q1 2007,"98,980.04",57.32,,,,,"96,050.11",991.00,297.00,,,-0.56,
"North Macedonia, Republic of",Q2 2007,"107,714.49",52.64,,,,,"104,827.28",970.00,323.00,,,3.21,
"North Macedonia, Republic of",Q3 2007,"118,723.28",53.71,,,,,"115,440.02",958.00,335.00,,,-0.98,
"North Macedonia, Republic of",Q4 2007,"128,005.77",53.45,"462,516.23","372,889.00",,,"124,581.55",951.00,358.00,,,10.93,
"North Macedonia, Republic of",Q1 2008,"140,136.10",56.45,,,,,"136,711.03",928.00,376.00,,,11.79,
"North Macedonia, Republic of",Q2 2008,"153,057.91",56.07,,,,,"148,931.48",927.00,388.00,,,19.59,
"North Macedonia, Republic of",Q3 2008,"165,098.11",57.07,,,,,"159,900.05",922.00,410.00,,,24.33,
"North Macedonia, Republic of",Q4 2008,"171,888.93",55.91,"547,606.32","414,890.00",,,"167,534.72",911.00,443.00,,,24.70,
"North Macedonia, Republic of",Q1 2009,"175,878.21",62.94,,,"30,504.75","50,593.87","171,632.87",924.00,445.00,,,13.69,
"North Macedonia, Republic of",Q2 2009,"175,272.37",63.10,,,"36,933.73","52,854.46","170,551.97",952.00,454.00,,,7.43,
"North Macedonia, Republic of",Q3 2009,"175,176.07",62.24,,,"37,903.33","56,014.59","170,476.59",959.00,459.00,,,2.30,
"North Macedonia, Republic of",Q4 2009,"179,466.64",62.32,"556,349.31","414,622.00","32,648.31","64,183.15","173,575.58",960.00,471.00,,,-7.89,
"North Macedonia, Republic of",Q1 2010,"182,212.34",63.99,,,"34,045.96","66,066.65","176,026.53",922.00,466.00,,,1.38,
"North Macedonia, Republic of",Q2 2010,"186,854.11",63.58,,,"34,521.58","66,788.96","180,544.50",901.00,446.00,,,0.03,
"North Macedonia, Republic of",Q3 2010,"190,616.46",63.29,,,"36,766.18","69,008.33","183,958.92",869.00,430.00,,,1.06,
"North Macedonia, Republic of",Q4 2010,"193,845.65",61.63,"583,216.80","437,297.00","42,203.42","78,636.35","186,431.55",857.00,433.00,,,6.94,
"North Macedonia, Republic of",Q1 2011,"199,045.49",63.53,,,"43,940.83","81,082.07","190,640.15",849.00,395.00,,,-3.36,
"North Macedonia, Republic of",Q2 2011,"206,184.14",62.70,,,"46,183.03","81,142.25","196,405.26",841.00,390.00,,,-1.59,
"North Macedonia, Republic of",Q3 2011,"208,795.96",62.46,,,"48,245.69","87,232.72","199,109.26",838.00,386.00,,,0.60,
"North Macedonia, Republic of",Q4 2011,"213,195.38",60.00,"604,381.78","464,186.00","49,295.06","91,200.75","202,089.13",831.00,376.00,,,-1.72,
"North Macedonia, Republic of",Q1 2012,"217,912.01",62.92,,,"52,427.14","94,967.30","206,236.31",817.00,356.00,,,2.18,
"North Macedonia, Republic of",Q2 2012,"223,663.32",62.85,,,"56,013.60","98,711.41","211,730.02",806.00,347.00,,,-1.50,
"North Macedonia, Republic of",Q3 2012,"224,425.29",63.05,,,"55,041.38","100,022.14","212,946.96",795.00,337.00,,,-3.03,
"North Macedonia, Republic of",Q4 2012,"228,487.24",60.59,"649,085.96","466,703.00","57,068.61","98,726.47","214,293.94",788.00,330.00,,,-4.31,
"North Macedonia, Republic of",Q1 2013,"230,248.38",62.53,,,"58,101.31","99,973.95","215,529.04",776.00,306.00,,,-5.35,
"North Macedonia, Republic of",Q2 2013,"234,271.26",62.85,,,"58,236.33","103,103.13","219,785.65",764.00,306.00,,,-4.03,
"North Macedonia, Republic of",Q3 2013,"235,797.74",63.35,,,"59,470.21","102,804.90","221,271.23",755.00,285.00,,,-1.97,
"North Macedonia, Republic of",Q4 2013,"244,089.82",62.17,"664,387.91","501,891.00","59,351.81","103,276.29","228,067.89",737.00,277.00,,,-2.75,
"North Macedonia, Republic of",Q1 2014,"247,347.68",64.95,,,"59,913.95","105,266.01","231,890.16",728.00,257.00,,,-2.34,
"North Macedonia, Republic of",Q2 2014,"253,753.81",64.02,,,"61,281.28","106,187.98","238,517.17",716.00,252.00,,,-0.16,
"North Macedonia, Republic of",Q3 2014,"256,998.77",64.52,,,"63,559.69","108,101.51","241,962.27",706.00,233.00,,,2.31,
"North Macedonia, Republic of",Q4 2014,"266,180.60",63.45,"693,167.14","527,631.00","65,860.65","112,917.80","250,822.76",694.00,215.00,,,-1.23,
"North Macedonia, Republic of",Q1 2015,"268,647.92",61.18,,,"64,461.82","113,321.45","253,382.97",694.00,235.00,,,1.53,
"North Macedonia, Republic of",Q2 2015,"275,715.53",62.51,,,"65,899.66","115,433.86","260,366.11",682.00,220.00,133.75,102.92,0.52,
"North Macedonia, Republic of",Q3 2015,"278,470.72",62.78,,,"66,995.96","116,464.23","263,759.80",670.00,197.00,127.40,100.60,-3.42,
"North Macedonia, Republic of",Q4 2015,"291,869.79",62.75,"733,772.00","558,954.00","69,214.73","120,071.09","275,100.64",654.00,190.00,130.00,92.38,1.14,
"North Macedonia, Republic of",Q1 2016,"291,228.98",64.90,,,"69,653.10","121,298.14","275,174.93",645.00,182.00,130.66,81.31,2.40,
"North Macedonia, Republic of",Q2 2016,"287,355.18",62.62,,,"70,629.63","118,332.26","270,533.65",637.00,180.00,163.20,107.38,0.67,
"North Macedonia, Republic of",Q3 2016,"286,887.75",63.27,,,"71,387.57","117,669.38","271,257.78",632.00,178.00,167.13,129.92,0.39,
"North Macedonia, Republic of",Q4 2016,"294,885.56",62.61,"771,029.96","594,794.00","73,663.18","120,081.73","278,554.70",616.00,177.00,139.64,129.91,1.44,
"North Macedonia, Republic of",Q1 2017,"291,757.56",63.50,,,"73,643.55","118,955.33","276,111.54",609.00,165.00,130.66,108.69,-3.76,
"North Macedonia, Republic of",Q2 2017,"297,501.76",62.48,,,"75,861.89","120,166.37","282,142.26",598.00,156.00,138.21,114.02,-2.22,
"North Macedonia, Republic of",Q3 2017,"298,091.99",62.31,,,"72,396.82","119,970.52","282,947.24",589.00,152.00,130.00,117.46,-0.87,
"North Macedonia, Republic of",Q4 2017,"309,991.22",60.56,"763,702.99","618,106.00","78,572.41","124,648.94","295,064.79",573.00,151.00,130.00,120.00,-0.24,
"North Macedonia, Republic of",Q1 2018,"307,386.03",56.42,,,"79,937.12","122,655.71","292,712.32",567.00,148.00,130.00,115.81,4.12,
"North Macedonia, Republic of",Q2 2018,"313,990.93",57.46,,,"82,037.92","125,761.83","300,668.90",557.00,145.00,130.00,89.24,2.45,
"North Macedonia, Republic of",Q3 2018,"319,349.79",58.67,,,"83,976.40","128,054.03","306,849.50",546.00,142.00,130.00,88.16,2.91,
"North Macedonia, Republic of",Q4 2018,"330,185.70",57.85,"798,591.24","660,877.00","86,936.11","132,629.02","317,824.15",533.00,141.00,130.32,98.39,1.98,
"North Macedonia, Republic of",Q1 2019,"331,743.50",62.72,,,"88,256.43","132,925.42","320,416.43",526.00,142.00,130.00,100.00,1.78,
"North Macedonia, Republic of",Q2 2019,"337,978.52",60.97,,,"90,405.19","135,208.64","326,314.87",519.00,141.00,130.00,100.08,5.48,
"North Macedonia, Republic of",Q3 2019,"336,918.61",59.65,,,"90,891.21","133,766.91","324,849.87",509.00,136.00,130.00,100.00,2.01,
"North Macedonia, Republic of",Q4 2019,"350,004.89",58.28,"840,537.89","692,683.00","96,463.33","138,995.85","337,806.10",494.00,126.00,130.00,100.08,3.40,
"North Macedonia, Republic of",Q1 2020,"359,994.19",61.00,,,"97,365.56","138,493.20","339,913.59",489.00,111.00,130.00,85.40,2.14,
"North Macedonia, Republic of",Q2 2020,"366,581.47",57.89,,,"99,802.72","142,081.39","347,533.27",480.00,109.00,130.00,91.83,1.43,
"North Macedonia, Republic of",Q3 2020,"368,586.34",58.68,,,"100,109.52","141,545.06","347,095.29",470.00,98.00,130.00,100.00,2.86,
"North Macedonia, Republic of",Q4 2020,"364,725.57",56.81,"886,377.75","669,279.00","102,667.61","143,487.97","351,521.93",463.00,95.00,129.68,102.10,1.81,
"North Macedonia, Republic of",Q1 2021,"368,491.68",57.37,,,"104,181.93","144,553.92","355,773.03",459.00,89.00,130.00,100.67,3.11,
"North Macedonia, Republic of",Q2 2021,"377,641.51",52.63,,,"106,537.69","147,440.13","365,078.74",454.00,84.00,130.00,100.75,4.08,
"North Macedonia, Republic of",Q3 2021,"382,020.48",53.94,,,"108,761.01","151,658.55","369,788.42",446.00,78.00,130.00,100.78,5.81,
"North Macedonia, Republic of",Q4 2021,"396,975.36",52.89,"997,714.24","720,413.00","111,574.56","156,402.84","381,573.98",437.00,74.00,130.00,100.00,11.29,
"North Macedonia, Republic of",Q1 2022,"408,406.51",55.58,,,"113,444.46","160,552.08","391,816.44",430.00,70.00,130.00,100.00,12.39,
"North Macedonia, Republic of",Q2 2022,"421,550.29",54.06,,,"116,119.82","164,195.37","402,548.71",427.00,67.00,133.50,104.00,16.50,
"North Macedonia, Republic of",Q3 2022,"427,592.21",54.56,,,"118,544.43","167,349.79","406,781.53",435.00,70.00,160.31,131.25,21.25,
"North Macedonia, Republic of",Q4 2022,"437,934.32",55.22,,"799,375.26","121,150.63","169,608.00","417,684.90",444.00,86.00,231.29,195.81,20.56,
Norway,Q1 2009,"2,712,651.00",30.76,,"2,439,712.00","1,505,268.00","70,580.00",,,,,,-4.90,-2.60
Norway,Q2 2009,"2,685,542.00",33.98,,"2,439,712.00","1,537,510.00","70,212.00",,,,,,0.80,-2.60
Norway,Q3 2009,"2,580,548.00",36.49,,"2,439,712.00","1,561,475.00","69,400.00",,,,,,6.50,
Norway,Q4 2009,"2,551,242.00",37.62,,"2,439,712.00","1,570,610.00","73,677.00",,,,,,14.60,
Norway,Q1 2010,"2,522,050.00",44.20,,"2,605,351.00","1,598,158.00","72,900.00",,,,,,10.80,2.70
Norway,Q2 2010,"2,551,394.00",39.76,,"2,605,351.00","1,627,315.00","72,654.00",,,,,,8.40,2.70
Norway,Q3 2010,"2,537,564.00",39.95,,"2,605,351.00","1,651,603.00","71,334.00",,,,,,6.90,2.60
Norway,Q4 2010,"2,535,903.00",39.48,,"2,605,351.00","1,677,192.00","72,053.00",,,,,,8.00,3.00
Norway,Q1 2011,"2,541,626.00",41.62,,"2,809,929.00","1,698,352.00","69,125.00",,,,,,7.00,3.00
Norway,Q2 2011,"2,542,889.00",37.56,,"2,809,929.00","1,732,034.00","69,331.00",,,,,,8.00,16.00
Norway,Q3 2011,"2,612,295.00",37.35,,"2,809,929.00","1,754,611.00","80,825.00",,,,,,9.00,16.00
Norway,Q4 2011,"2,628,790.00",37.63,,"2,809,929.00","1,792,131.00","85,130.00",,,,,,9.00,18.00
Norway,Q1 2012,"2,618,213.00",32.14,,"2,983,083.00","1,824,933.00","87,463.00",,,,,,5.10,
Norway,Q2 2012,"2,657,345.00",34.80,,"2,983,083.00","1,873,654.00","90,657.00",,,,,,6.40,
Norway,Q3 2012,"2,669,663.00",35.74,,"2,983,083.00","1,908,633.00","94,429.00",,,,,,6.00,
Norway,Q4 2012,"2,653,824.00",36.09,"5,627,675.00","2,983,083.00","1,969,381.00","94,802.00",,,,,,7.70,
Norway,Q1 2013,"2,678,446.00",34.96,,"3,090,335.00","1,961,981.00","96,678.00",,,,,,5.20,2.00
Norway,Q2 2013,"2,696,584.00",36.20,,"3,090,335.00","2,003,742.00","98,759.00",,,,,,5.70,2.00
Norway,Q3 2013,"2,672,696.00",37.57,,"3,090,335.00","2,045,203.00","101,050.00",,,,,,2.60,4.00
Norway,Q4 2013,"2,842,253.00",36.19,,"3,090,335.00","2,075,787.00","103,147.00",,,,,,-0.60,7.00
Norway,Q1 2014,"2,736,807.00",30.37,,"3,161,777.00","2,091,564.00","104,987.00",,,,,,0.00,0.07
Norway,Q2 2014,"2,961,446.00",23.97,,"3,161,777.00","2,135,286.00","107,138.00",,,,,,1.08,6.00
Norway,Q3 2014,"2,897,749.00",35.74,,"3,161,777.00","2,165,436.00","107,616.00",,,,,,3.62,2.00
Norway,Q4 2014,"3,211,901.00",35.83,,"3,161,777.00","2,195,886.00","111,189.00",,,,,,8.07,2.00
Norway,Q1 2015,"3,116,659.00",32.05,,"3,130,183.00","2,238,304.00","112,352.00",,,,,,7.90,2.00
Norway,Q2 2015,"3,202,130.00",32.07,,"3,130,183.00","2,291,150.00","112,844.00",,,,,,8.10,-2.00
Norway,Q3 2015,"3,272,092.00",34.07,,"3,130,183.00","2,320,203.00","111,341.00",,,,,,7.00,-2.00
Norway,Q4 2015,"3,391,193.00",34.91,,"3,130,183.00","2,370,170.00","117,449.00",,,,,,7.00,
Norway,Q1 2016,"3,305,728.00",36.90,"1,490,921.00","3,116,035.00","2,398,229.00","117,118.00",,,,,,7.30,
Norway,Q2 2016,"3,327,263.00",35.14,"1,523,925.00","3,116,035.00","2,461,023.00","118,584.00",,,,,,8.20,
Norway,Q3 2016,"3,343,365.00",37.14,"1,473,926.00","3,116,035.00","2,509,467.00","118,320.00",,,,,,11.00,8.30
Norway,Q4 2016,"3,378,237.00",37.23,"1,498,478.00","3,116,035.00","2,545,678.00","123,569.00",,,,,,12.50,8.30
Norway,Q1 2017,"3,434,666.00",61.85,,"3,323,103.00","2,582,352.00","121,604.00",,,,,,6.00,8.30
Norway,Q2 2017,"3,499,473.00",59.36,,"3,323,103.00","2,638,623.00","121,533.00",,,,,,-0.50,8.30
Norway,Q3 2017,"3,526,631.00",60.74,,"3,323,103.00","2,676,922.00","122,119.00",,,,,,-0.50,8.30
Norway,Q4 2017,"3,627,536.00",58.41,"6,634,542.00","3,323,103.00","2,716,058.00","126,569.00",,,,,,-1.10,8.30
Norway,Q1 2018,"3,619,024.00",68.85,,"3,576,581.00","2,700,261.00","193,620.00",,,,,,-2.90,3.75
Norway,Q2 2018,"3,678,048.00",64.96,,"3,576,581.00","2,741,375.00","194,895.00",,,,,,1.50,3.75
Norway,Q3 2018,"3,685,979.00",66.70,,"3,576,581.00","2,810,524.00","173,213.00",,,,,,2.70,9.00
Norway,Q4 2018,"3,726,817.00",66.15,,"3,576,581.00","2,844,955.00","176,282.00",,,,,,2.80,10.00
Norway,Q1 2019,"3,757,946.00",64.69,,"3,596,936.00","2,873,403.00","170,744.00",,,,,,3.20,3.00
Norway,Q2 2019,"3,847,918.00",59.78,,"3,596,936.00","2,930,756.00","175,945.00",,,,,,2.60,2.50
Norway,Q3 2019,"3,932,210.00",62.55,,"3,596,936.00","2,966,650.00","176,186.00",,,,,,3.00,1.60
Norway,Q4 2019,"3,986,236.00",61.81,,"3,596,936.00","3,011,947.00","183,940.00",,,,,,2.90,0.90
Norway,Q1 2020,"4,124,950.00",70.10,,"3,461,575.00","3,027,832.00","179,902.00",,,,,,3.00,
Norway,Q2 2020,"4,059,247.00",65.49,,"3,461,575.00","3,079,859.00","182,810.00",,,,,,3.30,
Norway,Q3 2020,"4,116,914.00",66.62,,"3,461,575.00","3,129,419.00","180,405.00",,,,,,5.90,
Norway,Q4 2020,"4,086,137.00",62.57,,"3,461,575.00","3,166,363.00","182,178.00",,,,,,8.70,
Norway,Q1 2021,"4,077,452.00",63.08,,"4,211,621.00","3,194,316.00","186,559.00",,,,,,12.50,
Norway,Q2 2021,"4,190,637.00",62.17,,"4,211,621.00","3,257,762.00","185,815.00",,,,,,10.10,
Norway,Q3 2021,"4,216,453.00",63.79,,"4,211,621.00","3,292,908.00","186,010.00",,,,,,7.99,
Norway,Q4 2021,"4,303,987.00",62.13,,"4,211,621.00","3,328,877.00","186,504.00",,,,,,6.29,
Norway,Q1 2022,"5,327,345.00",77.98,,"5,569,172.00","3,016,403.00","540,546.00","4,139,178.00",2.68,0.51,,,7.20,
Norway,Q2 2022,"5,452,922.00",76.14,,"5,569,172.00","3,067,541.00","548,333.00","4,245,147.00",2.88,0.63,,,6.40,
Norway,Q3 2022,"5,490,244.00",79.64,,"5,569,172.00","3,105,747.00","562,479.00","4,304,534.00",3.54,1.16,,,4.80,
Norway,Q4 2022,"5,561,753.00",75.60,,"5,569,172.00","3,123,931.00","575,813.00","4,325,307.00",4.51,1.69,,,2.60,
"Poland, Rep. of",Q1 2008,,,,,,,,,,,,19.60,
"Poland, Rep. of",Q2 2008,,,,,,,,,,,,6.70,
"Poland, Rep. of",Q3 2008,,,,,,,,,,,,-0.55,
"Poland, Rep. of",Q4 2008,"733,988.10",55.71,"1,192,797.98","1,285,570.80","213,013.20","35,758.39",,,,,,-4.05,
"Poland, Rep. of",Q1 2009,"766,474.64",12.71,"1,218,236.92","1,372,024.50","232,844.06","38,872.87",,,,,,-6.31,
"Poland, Rep. of",Q2 2009,"756,400.75",24.88,"1,234,208.13","1,372,024.50","230,492.85","39,145.53",,,,,,-7.44,
"Poland, Rep. of",Q3 2009,"748,229.12",39.08,"1,229,662.57","1,372,024.50","230,755.20","38,358.68",,,,,,-7.85,
"Poland, Rep. of",Q4 2009,"793,497.13",51.86,"777,625.02","1,372,024.50","216,418.85","58,027.61",,,,,,-6.25,
"Poland, Rep. of",Q1 2010,"797,087.69",49.03,"767,578.72","1,434,368.30","218,878.55","54,625.67",,,,,,1.37,
"Poland, Rep. of",Q2 2010,"845,007.78",51.23,"813,176.92","1,434,368.30","248,249.16","54,987.68",,,,,,2.92,
"Poland, Rep. of",Q3 2010,"852,077.56",51.68,"815,651.50","1,434,368.30","249,970.23","54,678.87",,,,,,3.85,
"Poland, Rep. of",Q4 2010,"892,177.13",53.00,"840,952.80","1,434,368.30","266,375.20","54,806.10",,,,,,-0.59,
"Poland, Rep. of",Q1 2011,"900,534.22",53.68,"841,586.75","1,553,640.80","268,638.96","54,925.58",,,,,,-1.22,
"Poland, Rep. of",Q2 2011,"923,121.19",54.59,"880,971.05","1,553,640.80","286,383.82","56,002.47",,,,,,-1.70,
"Poland, Rep. of",Q3 2011,"1,001,909.15",55.06,"915,534.60","1,553,640.80","310,524.73","58,299.07",,,,,,-1.29,
"Poland, Rep. of",Q4 2011,"1,008,460.62",55.79,"949,137.64","1,553,640.80","317,644.74","60,312.44",,,,,,-1.23,
"Poland, Rep. of",Q1 2012,"1,008,044.32",56.05,"937,325.96","1,612,738.70","311,370.14","59,715.39",,,,,,-5.20,
"Poland, Rep. of",Q2 2012,"1,028,704.69",55.70,"975,221.44","1,612,738.70","321,090.30","61,563.64",,,,,,-6.13,
"Poland, Rep. of",Q3 2012,"1,045,008.55",55.80,"967,925.94","1,612,738.70","317,680.11","62,872.05",,,,,,-7.02,
"Poland, Rep. of",Q4 2012,"1,064,552.23",55.01,"977,176.88","1,612,738.70","320,314.14","64,793.60",,,,,,-6.95,
"Poland, Rep. of",Q1 2013,"1,052,200.54",54.67,"973,085.57","1,630,126.00","324,767.91","65,524.08",,,,,,-5.81,
"Poland, Rep. of",Q2 2013,"1,061,547.62",54.15,"1,016,420.65","1,630,126.00","332,441.88","65,570.76",,,,,,-3.40,
"Poland, Rep. of",Q3 2013,"1,109,205.36",54.22,"1,013,757.21","1,630,126.00","333,486.37","64,592.47",,,,,,-1.47,
"Poland, Rep. of",Q4 2013,"1,086,827.08",56.10,"1,029,667.83","1,630,126.00","333,901.58","64,155.69",,,,,,1.47,
"Poland, Rep. of",Q1 2014,"1,127,448.81",57.39,"995,073.35","1,700,552.30","338,232.94","65,052.68",,,,,,2.02,
"Poland, Rep. of",Q2 2014,"1,160,602.34",58.44,"1,037,052.84","1,700,552.30","342,175.86","64,583.88",,,,,,2.19,
"Poland, Rep. of",Q3 2014,"1,167,917.57",59.23,"1,057,494.23","1,700,552.30","347,565.93","65,556.82",,,,,,2.40,
"Poland, Rep. of",Q4 2014,"1,164,857.33",58.18,"1,095,617.06","1,700,552.30","353,473.00","66,549.54",,,,,,0.71,
"Poland, Rep. of",Q1 2015,"1,192,317.04",57.02,"1,089,622.80","1,798,470.60","367,894.46","66,120.67",,,,,,2.02,
"Poland, Rep. of",Q2 2015,"1,213,943.18",57.09,"1,127,184.80","1,798,470.60","376,150.85","68,381.08",,,,,,1.15,
"Poland, Rep. of",Q3 2015,"1,217,316.36",57.10,"1,146,510.54","1,798,470.60","373,274.38","71,302.93",,,,,,1.87,
"Poland, Rep. of",Q4 2015,"1,233,385.36",57.21,"1,164,452.46","1,798,470.60","378,133.28","73,688.13",,,,,,1.99,
"Poland, Rep. of",Q1 2016,"1,218,624.29",57.92,"1,158,817.48","1,853,204.90","379,289.36","73,799.62",,,,,,1.87,
"Poland, Rep. of",Q2 2016,"1,258,250.84",56.14,"1,220,785.24","1,853,204.90","389,640.61","74,693.81",,,,,,1.48,
"Poland, Rep. of",Q3 2016,"1,265,658.19",56.46,"1,215,690.97","1,853,204.90","388,862.03","75,294.07",,,,,,0.94,
"Poland, Rep. of",Q4 2016,"1,281,721.03",56.93,"1,195,883.94","1,853,204.90","396,810.31","75,549.77",,,,,,2.91,
"Poland, Rep. of",Q1 2017,"1,301,900.63",57.88,"1,252,071.33","1,982,794.00","392,790.27","73,633.37",,,,,,1.62,
"Poland, Rep. of",Q2 2017,"1,314,294.75",60.59,"1,252,071.33","1,982,794.00","393,968.53","76,671.35",,,,,,4.06,
"Poland, Rep. of",Q3 2017,"1,327,575.16",60.96,"1,307,199.50","1,982,794.00","395,048.55","79,470.62",,,,,,6.02,
"Poland, Rep. of",Q4 2017,"1,329,405.58",61.20,"1,337,883.02","1,982,794.00","390,909.40","79,317.98",,,,,,4.91,
"Poland, Rep. of",Q1 2018,"1,311,852.13",62.91,"1,311,605.69","2,126,506.50","376,580.25","126,374.23",,,,,,7.54,
"Poland, Rep. of",Q2 2018,"1,337,401.69",61.71,"1,380,442.85","2,126,506.50","388,417.36","128,440.86",,,,,,7.47,
"Poland, Rep. of",Q3 2018,"1,378,608.67",62.40,"1,411,603.91","2,126,506.50","389,857.69","127,178.30",,,,,,7.91,
"Poland, Rep. of",Q4 2018,"1,411,417.16",62.84,"1,427,204.81","2,126,506.50","382,198.19","135,935.09",,365.32,102.36,,,10.44,
"Poland, Rep. of",Q1 2019,"1,400,687.82",63.41,"1,443,644.80","2,288,491.80","383,540.40","138,220.71",,366.36,95.31,,,10.80,
"Poland, Rep. of",Q2 2019,"1,414,345.91",62.59,"1,195,883.94","2,288,491.80","397,037.04","141,820.43",,367.32,95.03,,,10.99,
"Poland, Rep. of",Q3 2019,"1,479,710.57",63.19,"1,542,034.22","2,288,491.80","404,221.44","141,015.99",,367.64,94.15,,,10.41,
"Poland, Rep. of",Q4 2019,"1,470,935.44",62.78,"1,580,819.89","2,288,491.80","401,910.84","137,074.82",,372.12,94.53,,,10.35,
"Poland, Rep. of",Q1 2020,"1,536,473.43",66.54,"1,621,645.20","2,337,671.60","419,147.56","140,198.23",,368.88,90.85,,,11.68,
"Poland, Rep. of",Q2 2020,"1,474,106.36",64.68,"1,638,678.07","2,337,671.60","416,333.69","138,437.02",,351.33,79.40,,,9.68,
"Poland, Rep. of",Q3 2020,"1,445,833.07",63.69,"1,665,311.50","2,337,671.60","425,311.78","139,935.01",,324.07,61.76,,,9.91,
"Poland, Rep. of",Q4 2020,"1,465,769.88",62.08,"1,710,982.81","2,337,671.60","424,222.30","135,166.40",,303.52,44.85,,,8.88,
"Poland, Rep. of",Q1 2021,"1,490,234.22",57.50,"1,638,074.47","2,623,947.50","426,665.99","142,393.31",,276.54,28.49,9.52,-7.24,8.27,
"Poland, Rep. of",Q2 2021,"1,505,696.42",56.64,"1,677,591.80","2,623,947.50","418,902.42","137,787.17",,263.16,18.21,9.81,-7.27,10.45,
"Poland, Rep. of",Q3 2021,"1,551,125.17",57.35,"1,745,538.29","2,623,947.50","424,914.50","140,132.33",,260.66,14.48,9.89,-7.00,11.03,
"Poland, Rep. of",Q4 2021,"1,594,642.09",58.04,"1,841,837.20","2,623,947.50","429,625.30","138,069.46",,266.06,15.62,80.80,53.54,14.13,
"Poland, Rep. of",Q1 2022,"1,616,334.63",66.04,"1,927,167.09","3,067,724.70","427,042.85","145,349.82",,295.62,25.31,254.84,225.10,15.68,
"Poland, Rep. of",Q2 2022,"1,660,822.15",67.93,"1,998,977.91","3,067,724.70","425,438.69","148,128.56",,356.55,53.54,500.48,470.63,15.13,
"Poland, Rep. of",Q3 2022,"1,733,345.87",72.07,"2,116,555.42","3,067,724.70","417,057.70","153,668.59",,411.14,103.87,653.66,623.77,14.28,
"Poland, Rep. of",Q4 2022,"1,638,455.99",73.46,"2,087,456.66","3,067,724.70","402,452.39","152,954.58",,486.79,157.72,663.30,633.30,9.13,
Portugal,Q4 2005,,51.82,,,,,,,,,,3.64,
Portugal,Q4 2006,,51.98,,,,,,,,,,0.92,
Portugal,Q4 2007,,53.99,,,,,,,,,,1.69,
Portugal,Q4 2008,,57.91,,,,,,,,,,,
Portugal,Q1 2009,,58.00,,,,,,,,,,-3.26,
Portugal,Q2 2009,,55.35,,,,,,,,,,-2.68,
Portugal,Q3 2009,,53.57,,,,,,,,,,0.13,
Portugal,Q4 2009,,51.65,,,,,,,,,,2.28,
Portugal,Q1 2010,,50.80,,,,,,,,,,1.96,
Portugal,Q2 2010,,44.61,,,,,,,,,,1.42,
Portugal,Q3 2010,,51.15,,,,,,,,,,0.58,
Portugal,Q4 2010,,40.82,,,,,,,,,,-0.86,-2.03
Portugal,Q1 2011,,44.15,,,,,,,,,,-2.13,
Portugal,Q2 2011,,53.70,,,,,,,,,,-4.60,
Portugal,Q3 2011,,55.06,,,,,,,,,,-5.43,
Portugal,Q4 2011,,54.18,,,,,,,,,,-7.49,-4.12
Portugal,Q1 2012,,48.60,,,,,,,,,,-8.17,
Portugal,Q2 2012,,45.73,,,,,,,,,,-8.28,
Portugal,Q3 2012,,44.88,,,,,,,,,,-7.68,
Portugal,Q4 2012,,44.41,,,,,,,,,,-4.01,-8.61
Portugal,Q1 2013,,40.08,,,,,,,,,,-4.53,
Portugal,Q2 2013,,41.43,,,,,,,,,,-2.53,
Portugal,Q3 2013,,43.94,,,,,,,,,,-1.01,
Portugal,Q4 2013,,45.46,,,,,,,,,,0.61,-3.40
Portugal,Q1 2014,,44.27,,,,,,,,,,4.01,
Portugal,Q2 2014,,45.46,,,,,,,,,,5.91,
Portugal,Q3 2014,,46.56,,,,,,,,,,4.92,
Portugal,Q4 2014,,47.37,,,,,,,,,,2.20,3.69
Portugal,Q1 2015,,43.07,,,,,,,,,,0.81,
Portugal,Q2 2015,,44.28,,,,,,,,,,2.94,
Portugal,Q3 2015,,47.43,,,,,,,,,,3.43,
Portugal,Q4 2015,,45.97,,,,,,,,,,5.01,3.53
Portugal,Q1 2016,,56.28,,,,,,,,,,6.94,
Portugal,Q2 2016,,51.71,,,,,,,,,,6.30,
Portugal,Q3 2016,,53.06,,,,,,,,,,7.61,
Portugal,Q4 2016,,50.36,,,,,,,,,,7.59,1.98
Portugal,Q1 2017,,54.42,,,,,,,,,,7.93,
Portugal,Q2 2017,,50.53,,,,,,,,,,8.04,
Portugal,Q3 2017,,50.60,,,,,,,,,,10.42,
Portugal,Q4 2017,,47.82,,,,,,,,,,10.49,3.33
Portugal,Q1 2018,,50.41,,,,,,,,,,12.24,
Portugal,Q2 2018,,50.84,,,,,,,,,,11.24,
Portugal,Q3 2018,,51.67,,,,,,,,,,8.46,
Portugal,Q4 2018,,54.94,,,,,,,,,,9.32,4.88
Portugal,Q1 2019,,53.19,,,,,,,,,,9.21,
Portugal,Q2 2019,,53.43,,,,,,,,,,9.46,
Portugal,Q3 2019,,54.53,,,,,,,,,,10.75,
Portugal,Q4 2019,,55.60,,,,,,,,,,10.37,3.09
Portugal,Q1 2020,,55.17,,,,,,,,,,10.60,
Portugal,Q2 2020,,58.43,,,,,,,,,,9.73,
Portugal,Q3 2020,,57.00,,,,,,,,,,6.92,
Portugal,Q4 2020,,56.34,,,,,,,,,,7.96,2.83
Portugal,Q1 2021,,50.61,,,,,,,,,,6.61,
Portugal,Q2 2021,,50.51,,,,,,,,,,7.81,
Portugal,Q3 2021,,51.25,,,,,,,,,,11.52,
Portugal,Q4 2021,,50.97,,,,,,,,,,11.59,5.13
Portugal,Q1 2022,,51.19,,,,,,,,,,12.95,
Portugal,Q2 2022,,51.43,,,,,,,,,,13.17,
Romania,Q1 2010,"193,222.15",55.73,,,"52,140.90","74,119.63",,,,,,,
Romania,Q2 2010,"206,635.13",58.19,,,"57,564.85","78,393.39",,,,,,,
Romania,Q3 2010,"203,884.99",58.75,,,"56,711.58","78,212.44",,,,,,,
Romania,Q4 2010,"205,651.02",60.61,,,"58,061.72","78,265.42",,,,,,,
Romania,Q1 2011,"200,467.18",59.78,,,"55,582.45","76,923.83",,,,,,,
Romania,Q2 2011,"210,705.54",63.70,,,"58,781.11","80,640.57",,,,,,,
Romania,Q3 2011,"217,697.29",62.33,,,"60,736.03","83,028.23",,,,,,,
Romania,Q4 2011,"219,451.53",61.99,,,"61,533.00","82,725.00",,,,,,,
Romania,Q1 2012,"215,259.82",63.05,,,"63,671.00","83,610.00",,,,,,,
Romania,Q2 2012,"219,353.03",63.53,,,"65,048.33","84,195.52",,,,,,,
Romania,Q3 2012,"214,263.78",61.85,,,"66,644.91","86,634.03",,,,,,,
Romania,Q4 2012,"210,400.91",62.32,,,"65,791.92","84,164.92",,,,,,,
Romania,Q1 2013,"209,362.52",58.04,,,"65,780.60","84,396.73",,,,,,,
Romania,Q2 2013,"210,505.16",59.17,,,"66,652.53","84,385.34",,,,,,,
Romania,Q3 2013,"208,208.28",59.14,,,"66,717.62","84,380.43",,,,,,,
Romania,Q4 2013,"195,118.70",58.83,,,"63,350.11","82,124.94",,,,,,,
Romania,Q1 2014,"194,247.87",61.02,,,"66,779.05","82,054.03",,,,,,,
Romania,Q2 2014,"216,058.82",59.53,,,"66,254.43","84,832.35",,,,,,,
Romania,Q3 2014,"210,055.10",59.42,,,"66,645.11","81,331.22",,,,,,,
Romania,Q4 2014,"207,385.76",58.56,,,"68,041.00","79,332.00",,,,,,,
Romania,Q1 2015,"206,214.50",59.36,,,"68,808.00","78,449.00",,,,,,,
Romania,Q2 2015,"209,023.79",59.54,,,"69,147.44","78,872.00",,,,,,,
Romania,Q3 2015,"208,093.53",59.92,,,"69,302.48","77,604.58",,,,,,,
Romania,Q4 2015,"265,057.08",58.49,,,"72,781.81","76,178.41",,,,,,,
Romania,Q1 2016,"256,466.37",60.63,,,"72,585.97","75,345.77",,,,,,,
Romania,Q2 2016,"261,820.24",53.67,,,"74,900.32","72,227.98",,,,,,,
Romania,Q3 2016,"258,561.33",55.07,,,"75,070.66","70,154.58",,,,,,,
Romania,Q4 2016,"264,150.22",56.34,,,"76,486.58","69,940.80",,,,,,,
Romania,Q1 2017,"261,037.62",60.00,,,"77,045.34","70,076.40",,,,,,,
Romania,Q2 2017,"263,834.84",57.69,,,"78,301.82","70,063.14",,,,,,,
Romania,Q3 2017,"267,570.13",58.55,,,"80,409.24","70,529.28",,,,,,,
Romania,Q4 2017,"283,882.94",58.77,,,"82,116.21","67,008.91",,,,,,,
Romania,Q1 2018,"284,228.30",64.51,,,"83,118.85","67,792.75",,,,,,,
Romania,Q2 2018,"286,708.50",65.31,,,"84,709.58","66,790.41",,,,,,,
Romania,Q3 2018,"290,016.43",64.79,,,"86,090.62","66,505.09",,,,,,,
Romania,Q4 2018,"292,171.20",65.42,,,"87,494.51","67,279.21",,,,,,,
Romania,Q1 2019,"293,407.90",68.78,,,"89,041.90","69,272.79",,,,,,,
Romania,Q2 2019,"299,980.59",66.44,,,"89,658.97","70,506.09",,,,,,,
Romania,Q3 2019,"302,628.23",65.95,,,"90,993.36","72,014.57",,,,,,,
Romania,Q4 2019,"315,501.73",66.41,,,"93,678.57","71,923.85",,,,,,,
Romania,Q1 2020,"325,446.34",72.51,,,"95,205.45","73,049.29",,,,,,,
Romania,Q2 2020,"324,313.76",68.81,,,"96,581.78","72,497.26",,,,,,,
Romania,Q3 2020,"334,008.81",67.98,,,"98,229.12","73,241.03",,,,,,,
Romania,Q4 2020,"349,541.71",67.23,,,"100,362.67","73,019.86",,,,,,,
Romania,Q1 2021,"350,622.92",65.90,,,"101,877.11","73,725.43",,,,,,,
Romania,Q2 2021,"359,158.68",64.99,,,"104,295.15","74,372.25",,,,,,,
Romania,Q3 2021,"367,865.30",65.58,,,"107,512.95","75,758.34",,,,,,,
Romania,Q4 2021,"396,664.28",65.87,"1,213,949.64","1,187,402.40","110,100.84","77,056.73",,,,,,,
Romania,Q1 2022,"396,924.22",68.15,,,"112,042.40","80,304.01",,,,,,,
Romania,Q2 2022,"420,782.93",68.65,"942,311.46","1,412,457.40","114,438.20","83,031.54",,,,,,,
Romania,Q3 2022,"432,691.52",69.17,,,"114,539.95","84,678.42",,,,,,,
Romania,Q4 2022,"448,977.72",70.60,,,"114,623.93","87,260.08",,,,,,,
Russian Federation,Q4 2008,"20,155,945.35",,,,"1,049,531.30","972,665.84",,,,,,,
Russian Federation,Q2 2009,"20,127,730.30",,,,"1,011,852.30","1,085,949.78",,,,,,,
Russian Federation,Q4 2009,"20,163,726.37",,,,"1,010,888.50","1,097,792.50",,,,,,,
Russian Federation,Q1 2010,"20,130,742.37",,,"49,617,630.00","1,006,977.00","1,130,952.00",,,,,,-7.10,
Russian Federation,Q2 2010,"20,814,993.87",,,"49,617,630.00","1,033,903.00","1,183,785.00",,,,,,-2.60,
Russian Federation,Q3 2010,"21,800,955.88",,,"49,617,630.00","1,069,725.00","1,214,752.00",,,,,,1.20,
Russian Federation,Q4 2010,"22,542,641.89",,,"49,617,630.00","1,129,373.00","1,165,914.00",,,,,,2.70,
Russian Federation,Q1 2011,"23,093,223.99",,,"60,114,000.00","1,158,870.00","1,218,169.00",,,,,,5.70,
Russian Federation,Q2 2011,"24,424,849.52",,,"60,114,000.00","1,243,460.00","1,298,500.00",,,,,,5.50,
Russian Federation,Q3 2011,"26,949,705.50",,,"60,114,000.00","1,355,562.00","1,398,088.00",,,,,,5.40,
Russian Federation,Q4 2011,"29,017,802.53",,,"60,114,000.00","1,478,982.00","1,403,157.00",,,,,,5.80,
Russian Federation,Q1 2012,"29,386,198.04",,,"68,103,400.00","1,539,880.00","1,251,492.00",,,,,,8.50,
Russian Federation,Q2 2012,"31,476,096.08",,,"68,103,400.00","1,686,308.00","1,357,518.00",,,,,,10.00,
Russian Federation,Q3 2012,"32,643,974.11",,,"68,103,400.00","1,820,416.00","1,454,484.00",,,,,,11.90,
Russian Federation,Q4 2012,"34,455,311.72",,,"68,103,400.00","1,997,204.00","1,443,668.00",,,,,,12.10,
Russian Federation,Q1 2013,"35,359,741.52",,,"72,985,700.00","2,094,905.00","1,505,257.00",,,,,,10.40,
Russian Federation,Q2 2013,"37,876,424.78",,,"72,985,700.00","2,275,068.00","1,632,653.00",,,,,,8.40,
Russian Federation,Q3 2013,"39,383,112.04",,,"72,985,700.00","2,399,345.00","1,771,452.00",,,,,,5.90,
Russian Federation,Q4 2013,"40,896,480.72",,,"72,985,700.00","2,648,859.00","1,728,654.00",,,,,,3.60,
Russian Federation,Q1 2014,"42,496,331.42",,,"79,030,000.00","2,809,819.00","1,739,888.00",,,,,,3.60,
Russian Federation,Q2 2014,"44,320,063.88",,,"79,030,000.00","3,036,731.00","1,843,925.00",,,,,,3.50,
Russian Federation,Q3 2014,"46,310,388.64",,,"79,030,000.00","3,278,091.00","1,968,390.00",,,,,,4.10,
Russian Federation,Q4 2014,"52,507,811.93",,,"79,030,000.00","3,528,379.00","1,991,391.00",,,,,,5.10,
Russian Federation,Q1 2015,"51,808,614.49",,,"83,087,400.00","3,559,674.00","1,914,873.00",,,,,,4.90,
Russian Federation,Q2 2015,"51,605,961.92",,,"83,087,400.00","3,609,044.00","1,905,636.00",,,,,,3.10,
Russian Federation,Q3 2015,"55,720,813.46",,,"83,087,400.00","3,744,534.00","1,894,863.00",,,,,,0.10,
Russian Federation,Q4 2015,"57,911,738.20",,,"83,087,400.00","3,982,237.00","1,859,605.00",,,,,,-3.21,
Russian Federation,Q1 2016,"56,656,692.48",,,"85,616,100.00","4,096,266.00","1,835,913.00",,,,,,-4.50,
Russian Federation,Q2 2016,"55,691,942.62",,,"85,616,100.00","4,186,302.00","1,844,545.00",,,,,,-4.80,
Russian Federation,Q3 2016,"55,557,499.71",,,"85,616,100.00","4,318,404.00","1,779,149.00",,,,,,-4.14,
Russian Federation,Q4 2016,"55,834,981.86",,,"85,616,100.00","4,493,155.00","1,682,619.00",,,,,,-2.98,
Russian Federation,Q1 2017,"55,417,410.17",,,"91,843,200.00","4,544,946.00","1,626,249.00",,,,,,-2.88,
Russian Federation,Q2 2017,"56,669,171.60",,,"91,843,200.00","4,670,901.00","1,723,212.00",,,,,,-2.52,
Russian Federation,Q3 2017,"56,904,311.04",,,"91,843,200.00","4,898,832.00","1,592,186.00",,,,,,-2.27,
Russian Federation,Q4 2017,"58,347,013.56",,,"91,843,200.00","5,187,464.00","1,520,738.00",,,,,,-1.62,
Russian Federation,Q1 2018,"56,496,001.87",,,"103,861,700.00","5,187,464.00","585,409.00",,,,,,-0.49,
Russian Federation,Q2 2018,"58,576,760.00",,,"103,861,700.00","5,419,955.00","1,585,299.00",,,,,,0.62,
Russian Federation,Q3 2018,"61,416,508.05",,,"103,861,700.00","5,757,684.00","1,631,164.00",,,,,,2.11,
Russian Federation,Q4 2018,"65,350,336.55",,,"103,861,700.00","6,410,409.00","1,548,413.00",,,,,,4.09,
Russian Federation,Q1 2019,"65,822,271.82",,,"109,608,300.00","6,852,499.00","1,190,966.00",,,,,,4.40,
Russian Federation,Q2 2019,"66,161,800.75",,,"109,608,300.00","7,121,049.00","1,248,548.00",,,,,,4.04,
Russian Federation,Q3 2019,"67,136,956.74",,,"109,608,300.00","7,356,809.00","1,333,521.00",,,,,,5.30,
Russian Federation,Q4 2019,"68,804,886.76",,,"109,608,300.00","7,636,884.00","1,301,184.00",,,,,,3.78,
Russian Federation,Q1 2020,"73,165,885.19",,,"107,658,200.00","7,949,208.00","1,216,815.00",,,,,,2.73,
Russian Federation,Q2 2020,"72,960,899.30",,,"107,658,200.00","8,197,742.00","1,287,248.00",,,,,,3.57,
Russian Federation,Q3 2020,"77,826,886.69",,,"107,658,200.00","8,843,463.00","1,412,709.00",,,,,,4.82,
Russian Federation,Q4 2020,"78,493,986.34",,,"107,658,200.00","9,290,814.00","1,432,807.00",,,,,,9.46,
Russian Federation,Q1 2021,"80,655,896.38",,,"135,295,000.00","9,788,954.00","1,578,851.00",,,,,,13.55,
Russian Federation,Q2 2021,"83,162,813.04",,,"135,295,000.00","10,573,881.00","1,793,568.00",,,,,,17.10,
Russian Federation,Q3 2021,"86,643,159.76",,,"135,295,000.00","11,205,899.00","2,064,236.00",,,,,,17.10,
Russian Federation,Q4 2021,,,,"135,295,000.00",,,,,,,,17.20,
Russian Federation,Q1 2022,,,,"151,455,600.00",,,,,,,,23.30,
Russian Federation,Q2 2022,,,,"151,455,600.00",,,,,,,,20.00,
Russian Federation,Q3 2022,,,,"151,455,600.00",,,,,,,,16.20,
Russian Federation,Q4 2022,,,,"151,455,600.00",,,,,,,,11.80,
Singapore,Q4 2008,"362,750.00",73.47,,"273,941.60",,,,,,,,,
Singapore,Q1 2009,"370,224.00",62.53,,"282,394.50",,,,,,,,,
Singapore,Q2 2009,"374,424.00",60.67,,"282,394.50",,,,,,,,,
Singapore,Q3 2009,"374,126.00",67.93,,"282,394.50",,,,,,,,,
Singapore,Q4 2009,"369,645.00",67.28,,"282,394.50",,,,,,,,,
Singapore,Q1 2010,"379,788.00",57.46,,"326,980.10",,,,,,,,,
Singapore,Q2 2010,"402,954.00",60.87,,"326,980.10",,,,,,,,,
Singapore,Q3 2010,"421,498.00",57.65,,"326,980.10",,,,,,,,,
Singapore,Q4 2010,"428,626.00",58.48,,"326,980.10",,,,,,,,,
Singapore,Q1 2011,"454,468.00",57.45,,"351,367.90",,,,,,,,,
Singapore,Q2 2011,"487,164.00",61.40,,"351,367.90",,,,,,,,,
Singapore,Q3 2011,"533,133.00",63.93,,"351,367.90",,,,,,,,,
Singapore,Q4 2011,"549,858.00",65.15,,"351,367.90",,,,,,,,,
Singapore,Q1 2012,"566,768.00",58.21,,"368,770.50",,,,,,,,,
Singapore,Q2 2012,"583,079.00",62.69,,"368,770.50",,,,,,,,,
Singapore,Q3 2012,"586,583.00",59.92,,"368,770.50",,,,,,,,,
Singapore,Q4 2012,"588,321.00",55.57,,"368,770.50",,,,,,,,,
Singapore,Q1 2013,"628,283.00",56.79,,"384,870.30",,,,,,,,,
Singapore,Q2 2013,"658,422.00",59.29,,"384,870.30",,,,,,,,,
Singapore,Q3 2013,"682,111.00",60.68,,"384,870.30",,,,,,,,,
Singapore,Q4 2013,"714,581.00",61.65,,"384,870.30",,,,,,,,,
Singapore,Q1 2014,"736,287.00",57.92,,"398,947.90",,,,,,,,,
Singapore,Q2 2014,"742,247.00",60.74,,"398,947.90",,,,,,,,,
Singapore,Q3 2014,"777,719.00",57.36,,"398,947.90",,,,,,,,,
Singapore,Q4 2014,"800,493.98",64.93,,"398,947.90",,,,,,,,,
Singapore,Q1 2015,"806,619.00",58.87,,"423,444.10",,,,,,,,,
Singapore,Q2 2015,"796,181.00",60.63,,"423,444.10",,,,,,,,,
Singapore,Q3 2015,"808,938.00",62.23,,"423,444.10",,,,,,,,,
Singapore,Q4 2015,"807,629.00",62.85,,"423,444.10",,,,,,,,,
Singapore,Q1 2016,"792,649.00",63.33,,"440,372.20",,,,,,,,,
Singapore,Q2 2016,"811,959.00",60.38,,"440,372.20",,,,,,,,,
Singapore,Q3 2016,"824,466.00",58.59,,"440,372.20",,,,,,,,,
Singapore,Q4 2016,"861,081.00",61.79,,"440,372.20",,,,,,,,,
Singapore,Q1 2017,"872,370.00",58.30,,"474,115.10",,,,,,,,,
Singapore,Q2 2017,"887,029.00",60.54,,"474,115.10",,,,,,,,,
Singapore,Q3 2017,"911,927.00",61.13,,"474,115.10",,,,,,,,,
Singapore,Q4 2017,"938,651.00",62.47,,"474,115.10",,,,,,,,,
Singapore,Q1 2018,"949,535.00",62.07,,"507,123.90",,,,,,,,,
Singapore,Q2 2018,"981,554.00",63.74,,"507,123.90",,,,,,,,,
Singapore,Q3 2018,"984,109.00",63.98,,"507,123.90",,,,,,,,,
Singapore,Q4 2018,"999,070.00",69.12,,"507,123.90",,,,,,,,,
Singapore,Q1 2019,"1,009,062.00",61.57,,"510,737.80",,,,,,,,,
Singapore,Q2 2019,"1,024,498.00",62.60,,"510,737.80",,,,,,,,,
Singapore,Q3 2019,"1,025,786.00",62.08,,"510,737.80",,,,,,,,,
Singapore,Q4 2019,"1,023,865.00",63.52,,"510,737.80",,,,,,,,,
Slovak Rep.,Q1 2011,,76.03,,,,,,,,,,,
Slovak Rep.,Q2 2011,,72.90,,,,,,,,,,,
Slovak Rep.,Q3 2011,,75.10,,,,,,,,,,,
Slovak Rep.,Q4 2011,,73.88,,,,,,,,,,,
Slovak Rep.,Q1 2012,,85.18,,,,,,,,,,,
Slovak Rep.,Q2 2012,,82.96,,,,,,,,,,,
Slovak Rep.,Q3 2012,,81.33,,,,,,,,,,,
Slovak Rep.,Q4 2012,,84.10,,,,,,,,,,,
Slovak Rep.,Q1 2013,,80.23,,,,,,,,,,,
Slovak Rep.,Q2 2013,,75.60,,,,,,,,,,,
Slovak Rep.,Q3 2013,,77.19,,,,,,,,,,,
Slovak Rep.,Q4 2013,,77.51,,,,,,,,,,,
Slovak Rep.,Q1 2014,,78.96,,,,,,,,,,,
Slovak Rep.,Q2 2014,,78.96,,,,,,,,,,,
Slovak Rep.,Q3 2014,,78.82,,,,,,,,,,,
Slovak Rep.,Q4 2014,,80.43,,,,,,,,,,,
Slovak Rep.,Q1 2015,,72.32,,,,,,,,,,,
Slovak Rep.,Q2 2015,,72.06,,,,,,,,,,,
Slovak Rep.,Q3 2015,,73.20,,,,,,,,,,,
Slovak Rep.,Q4 2015,,76.91,,,,,,,,,,,
Slovak Rep.,Q1 2016,,78.63,,,,,,,,,,,
Slovak Rep.,Q2 2016,,66.73,,,,,,,,,,,
Slovak Rep.,Q3 2016,,69.18,,,,,,,,,,,
Slovak Rep.,Q4 2016,,67.18,,,,,,,,,,,
Slovak Rep.,Q1 2017,,76.44,,,,,,,,,,,
Slovak Rep.,Q2 2017,,73.84,,,,,,,,,,,
Slovak Rep.,Q3 2017,,73.43,,,,,,,,,,,
Slovak Rep.,Q4 2017,,74.40,,,,,,,,,,,
Slovak Rep.,Q1 2018,,72.97,,,,,,,,,,,
Slovak Rep.,Q2 2018,,72.25,,,,,,,,,,,
Slovak Rep.,Q3 2018,,72.87,,,,,,,,,,,
Slovak Rep.,Q4 2018,,72.79,,,,,,,,,,,
Slovak Rep.,Q1 2019,,74.98,,,,,,,,,,,
Slovak Rep.,Q2 2019,,72.06,,,,,,,,,,,
Slovak Rep.,Q3 2019,,72.33,,,,,,,,,,,
Slovak Rep.,Q4 2019,,71.45,,,,,,,,,,,
Slovak Rep.,Q1 2020,,84.52,,,,,,,,,,,
Slovak Rep.,Q2 2020,,74.74,,,,,,,,,,,
Slovak Rep.,Q3 2020,,70.85,,,,,,,,,,,
Slovak Rep.,Q4 2020,,63.92,,,,,,,,,,,
Slovak Rep.,Q1 2021,,64.83,,,,,,,,,,,
Slovak Rep.,Q2 2021,,62.05,,,,,,,,,,,
Slovak Rep.,Q3 2021,,62.37,,,,,,,,,,,
Slovak Rep.,Q4 2021,,61.78,,,,,,211.43,8.16,0.00,-70.00,,
Slovak Rep.,Q1 2022,,62.53,,,,,,209.37,7.75,0.00,-70.00,,
Slovak Rep.,Q2 2022,,59.10,,,,,,209.23,7.83,155.00,-70.00,,
Slovak Rep.,Q3 2022,,60.54,,,,,,231.16,12.65,320.00,-55.00,,
Slovak Rep.,Q4 2022,,60.61,,,,,,271.49,27.50,423.00,-55.00,,
"Slovenia, Rep. of",Q4 2008,,65.68,,,,,,,,,,,
"Slovenia, Rep. of",Q4 2009,,3.32,,,,,,,,,,,
"Slovenia, Rep. of",Q1 2010,,65.44,,,,,,,,,,,
"Slovenia, Rep. of",Q2 2010,,64.82,,,,,,,,,,,
"Slovenia, Rep. of",Q3 2010,,64.07,,,,,,,,,,,
"Slovenia, Rep. of",Q4 2010,,63.60,,,,,,,,,,,
"Slovenia, Rep. of",Q1 2011,,65.42,,,,,,,,,,,
"Slovenia, Rep. of",Q2 2011,,64.05,,,,,,,,,,,
"Slovenia, Rep. of",Q3 2011,,63.93,,,,,,,,,,,
"Slovenia, Rep. of",Q4 2011,,65.30,,,,,,,,,,,
"Slovenia, Rep. of",Q1 2012,,63.78,,,,,,,,,,,
"Slovenia, Rep. of",Q2 2012,,61.83,,,,,,,,,,,
"Slovenia, Rep. of",Q3 2012,,60.19,,,,,,,,,,,
"Slovenia, Rep. of",Q4 2012,,58.03,,,,,,,,,,,
"Slovenia, Rep. of",Q1 2013,,57.63,,,,,,,,,,,
"Slovenia, Rep. of",Q2 2013,,57.10,,,,,,,,,,,
"Slovenia, Rep. of",Q3 2013,,57.17,,,,,,,,,,,
"Slovenia, Rep. of",Q4 2013,,53.73,,,,,,,,,,,
"Slovenia, Rep. of",Q1 2014,,57.64,,,,,,,,,,,
"Slovenia, Rep. of",Q2 2014,,55.44,,,,,,,,,,,
"Slovenia, Rep. of",Q3 2014,,55.12,,,,,,,,,,,
"Slovenia, Rep. of",Q4 2014,,55.38,,,,,,,,,,,
"Slovenia, Rep. of",Q1 2015,,59.37,,,,,,,,,,,
"Slovenia, Rep. of",Q2 2015,,57.99,,,,,,,,,,,
"Slovenia, Rep. of",Q3 2015,,58.08,,,,,,,,,,,
"Slovenia, Rep. of",Q4 2015,,57.40,,,,,,,,,,,
"Slovenia, Rep. of",Q1 2016,,56.72,,,,,,,,,,,
"Slovenia, Rep. of",Q2 2016,,53.87,,,,,,,,,,,
"Slovenia, Rep. of",Q3 2016,,54.58,,,,,,,,,,,
"Slovenia, Rep. of",Q4 2016,,54.20,,,,,,,,,,,
"Slovenia, Rep. of",Q1 2017,,55.32,,,,,,,,,,,
"Slovenia, Rep. of",Q2 2017,,54.65,,,,,,,,,,,
"Slovenia, Rep. of",Q3 2017,,54.90,,,,,,,,,,,
"Slovenia, Rep. of",Q4 2017,,55.25,,,,,,,,,,,
"Slovenia, Rep. of",Q1 2018,,49.21,,,,,,,,,,,
"Slovenia, Rep. of",Q2 2018,,51.52,,,,,,,,,,,
"Slovenia, Rep. of",Q3 2018,,52.28,,,,,,,,,,,
"Slovenia, Rep. of",Q4 2018,,52.20,,,,,,,,,,,
"Slovenia, Rep. of",Q1 2019,,52.48,,,,,,,,,,,
"Slovenia, Rep. of",Q2 2019,,49.92,,,,,,,,,,,
"Slovenia, Rep. of",Q3 2019,,51.75,,,,,,,,,,,
"Slovenia, Rep. of",Q4 2019,,52.32,,,,,,,,,,,
"Slovenia, Rep. of",Q1 2020,,36.71,,,,,,,,,,,
"Slovenia, Rep. of",Q2 2020,,41.59,,,,,,,,,,,
"Slovenia, Rep. of",Q3 2020,,45.25,,,,,,,,,,,
"Slovenia, Rep. of",Q4 2020,,43.06,,,,,,,,,,,
"Slovenia, Rep. of",Q1 2021,,53.16,,,,,,,,,,,
"Slovenia, Rep. of",Q2 2021,,50.62,,,,,,,,,,,
"Slovenia, Rep. of",Q3 2021,,51.21,,,,,,,,,,,
"Slovenia, Rep. of",Q4 2021,,51.88,,,,,,,,,,,
"Slovenia, Rep. of",Q1 2022,,37.09,,,,,,,,,,,
"Slovenia, Rep. of",Q2 2022,,43.39,,,,,,,,,,,
"Slovenia, Rep. of",Q3 2022,,46.08,,,,,,,,,,,
"Slovenia, Rep. of",Q4 2022,,50.04,,,,,,,,,,,
South Africa,Q1 2008,"2,209,736.62",53.69,,"2,611,631.00","709,506.10","170,068.60",,,,,,7.49,
South Africa,Q2 2008,"2,281,179.11",50.97,,"2,611,631.00","726,158.00","182,021.60",,,,,,4.53,
South Africa,Q3 2008,"2,323,422.27",51.33,,"2,611,631.00","746,452.10","196,864.90",,,,,,1.57,
South Africa,Q4 2008,"2,316,120.89",50.29,,"2,611,631.00","763,503.40","208,587.50",,,,,,-0.36,
South Africa,Q1 2009,"2,329,016.41",49.31,,"2,794,229.00","776,894.00","211,316.50",,,,,,-3.47,
South Africa,Q2 2009,"2,257,510.85",49.71,,"2,794,229.00","779,262.10","213,136.50",,,,,,-3.36,
South Africa,Q3 2009,"2,265,553.10",49.33,,"2,794,229.00","782,943.60","213,695.10",,,,,,2.07,
South Africa,Q4 2009,"2,256,940.57",48.21,,"2,794,229.00","786,715.00","218,201.60",,,,,,5.94,
South Africa,Q1 2010,"2,281,536.84",47.98,,"3,055,613.00","797,895.80","221,233.10",,,,,,12.57,
South Africa,Q2 2010,"2,307,360.52",48.74,,"3,055,613.00","803,026.10","222,662.00",,,,,,10.62,
South Africa,Q3 2010,"2,346,977.27",48.27,,"3,055,613.00","817,490.40","226,466.70",,,,,,3.42,
South Africa,Q4 2010,"2,312,328.30",47.30,,"3,055,613.00","816,629.50","227,616.80",,,,,,1.65,
South Africa,Q1 2011,"2,326,755.80",46.44,,"3,327,047.00","821,522.20","225,911.90",,,,,,-0.75,
South Africa,Q2 2011,"2,361,635.71",47.95,,"3,327,047.00","823,839.30","234,289.00",,,,,,2.21,
South Africa,Q3 2011,"2,427,820.06",48.52,,"3,327,047.00","825,680.00","238,544.90",,,,,,4.44,
South Africa,Q4 2011,"2,522,159.13",48.43,,"3,327,047.00","826,903.20","239,919.80",,,,,,0.56,
South Africa,Q1 2012,"2,568,121.19",47.74,,"3,566,385.00","832,068.50","237,870.00",,,,,,-2.16,
South Africa,Q2 2012,"2,615,168.76",48.04,,"3,566,385.00","828,992.80","247,076.10",,,,,,-1.42,
South Africa,Q3 2012,"2,679,927.93",48.39,,"3,566,385.00","831,435.80","246,911.10",,,,,,1.90,
South Africa,Q4 2012,"2,753,190.20",47.65,,"3,566,385.00","833,536.60","251,679.00",,,,,,7.40,
South Africa,Q1 2013,"2,831,070.52",51.25,,"3,868,631.00","837,065.50","249,545.30",,,,,,11.70,
South Africa,Q2 2013,"2,893,243.40",50.64,,"3,868,631.00","840,313.10","252,924.90",,,,,,10.74,
South Africa,Q3 2013,"2,914,254.42",51.60,,"3,868,631.00","843,958.80","262,210.10",,,,,,9.01,
South Africa,Q4 2013,"2,966,725.75",51.60,,"3,868,631.00","845,586.10","260,838.50",,,,,,8.62,
South Africa,Q1 2014,"3,084,205.45",54.06,,"4,133,873.00","850,127.70","267,205.70",,,,,,8.67,
South Africa,Q2 2014,"3,158,953.74",53.77,,"4,133,873.00","854,391.50","276,524.10",,,,,,9.55,
South Africa,Q3 2014,"3,207,818.25",53.49,,"4,133,873.00","859,925.40","282,130.80",,,,,,10.00,
South Africa,Q4 2014,"3,235,591.90",53.53,,"4,133,873.00","861,607.60","293,091.70",,,,,,9.07,
South Africa,Q1 2015,"3,367,738.30",51.96,,"4,420,793.00","869,059.83","300,044.07",,,,,,692.93,
South Africa,Q2 2015,"3,441,086.61",52.79,,"4,420,793.00","877,089.48","307,651.03",,,,,,609.78,
South Africa,Q3 2015,"3,535,776.65",53.65,,"4,420,793.00","884,638.23","324,834.39",,,,,,531.52,
South Africa,Q4 2015,"3,600,922.93",53.51,,"4,420,793.00","893,200.96","331,994.11",,,,,,549.60,
South Africa,Q1 2016,"3,720,880.06",55.18,,"4,759,555.00","901,471.89","341,789.29",,,,,,654.44,
South Africa,Q2 2016,"3,697,640.52",54.76,,"4,759,555.00","906,654.01","349,203.34",,,,,,474.18,
South Africa,Q3 2016,"3,690,869.85",54.56,,"4,759,555.00","914,196.29","359,834.04",,,,,,563.03,
South Africa,Q4 2016,"3,707,641.13",54.24,,"4,759,555.00","920,754.82","273,287.66",,,,,,,
South Africa,Q1 2017,"3,783,347.53",55.78,,"5,078,191.00","929,324.94","274,816.81",,,,,,,
South Africa,Q2 2017,"3,774,357.05",54.77,,"5,078,191.00","934,107.63","278,379.22",,,,,,,
South Africa,Q3 2017,"3,869,736.79",53.89,,"5,078,191.00","941,171.78","287,863.59",,,,,,,
South Africa,Q4 2017,"3,800,616.20",53.88,,"5,078,191.00","948,896.73","288,880.23",,,,,,,
South Africa,Q1 2018,"3,874,485.43",54.16,,"5,348,610.00","958,350.02","295,486.55",,,,,,,
South Africa,Q2 2018,"3,922,277.65",53.37,,"5,348,610.00","967,569.30","299,305.52",,,,,,,
South Africa,Q3 2018,"4,023,488.49",53.95,,"5,348,610.00","978,201.31","301,180.30",,,,,,,
South Africa,Q4 2018,"4,114,628.32",53.29,,"5,348,610.00","988,419.92","309,940.13",,,,,,,
South Africa,Q1 2019,"4,216,202.28",53.53,,"5,613,665.00","999,669.85","313,173.24",,,,,,,
South Africa,Q2 2019,"4,271,288.45",53.74,,"5,613,665.00","1,009,721.52","321,822.14",,,,,,,
South Africa,Q3 2019,"4,302,108.79",53.99,,"5,613,665.00","1,023,719.48","332,802.48",,,,,,,
South Africa,Q4 2019,"4,283,009.51",53.93,,"5,613,665.00","1,036,345.34","340,783.55",,,,,,,
South Africa,Q1 2020,"4,607,370.49",53.89,,"5,556,916.00","1,050,116.03","349,321.58",,,,,,,
South Africa,Q2 2020,"4,571,223.66",55.34,,"5,556,916.00","1,041,982.91","356,772.20",,,,,,,
South Africa,Q3 2020,"4,539,237.90",55.28,,"5,556,916.00","1,058,050.05","360,389.95",,,,,,,
South Africa,Q4 2020,"4,564,342.40",54.90,,"5,556,916.00","1,078,652.41","364,973.89",,,,,,,
South Africa,Q1 2021,"4,602,041.16",55.82,,"6,192,497.00","1,101,352.38","362,973.39",,,,,,,
South Africa,Q2 2021,"4,580,895.03",54.83,,"6,192,497.00","1,119,280.72","371,021.17",,,,,,,
South Africa,Q3 2021,"4,704,564.39",54.98,,"6,192,497.00","1,141,669.02","376,310.58",,,,,,,
South Africa,Q4 2021,"4,774,093.80",54.66,,"6,192,497.00","1,161,153.69","375,060.16",,,,,,,
South Africa,Q1 2022,"4,848,829.24",55.71,,"6,624,834.01","1,182,718.62","378,100.11",,,,,,,
South Africa,Q2 2022,"5,005,239.18",54.75,,"6,624,834.01","1,201,585.23","380,948.76",,,,,,,
South Africa,Q3 2022,"4,901,703.43",56.61,,"6,624,834.01","1,225,432.20","391,821.05","4,411,374.00",5.58,6.35,6.79,1.43,,
Spain,Q4 2010,,,,,,,,,,,,-2.00,
Spain,Q4 2011,,,,,,,,,,,,-7.40,
Spain,Q2 2012,,,,,,,,,,,,-7.40,
Spain,Q4 2012,,67.18,,,,,,,,,,,
Spain,Q2 2013,,53.22,,,,,,,,,,,
Spain,Q4 2013,,58.04,,,,,,,,,,,
Spain,Q2 2014,,57.90,,,,,,,,,,,
Spain,Q4 2014,,61.45,,,,,,,,,,,
Spain,Q1 2015,,58.67,,,,,,,,,,,
Spain,Q2 2015,,60.38,,,,,,,,,,,
Spain,Q3 2015,,64.82,,,,,,,,,,,
Spain,Q4 2015,,65.70,,,,,,,,,,4.20,-1.34
Spain,Q1 2016,,65.26,,,,,,,,,,6.30,-2.40
Spain,Q2 2016,,64.34,,,,,,,,,,3.90,-6.66
Spain,Q3 2016,,65.04,,,,,,,,,,4.00,-11.57
Spain,Q4 2016,,66.12,,,,,,,,,,4.50,-8.77
Spain,Q1 2017,,58.02,,,,,,,,,,5.30,-6.30
Spain,Q2 2017,,58.26,,,,,,,,,,5.60,-8.50
Spain,Q3 2017,,59.01,,,,,,,,,,6.70,-3.47
Spain,Q4 2017,,59.53,,,,,,,,,,7.20,1.29
Spain,Q1 2018,,58.70,,,,,,,,,,6.20,-0.48
Spain,Q2 2018,,59.22,,,,,,,,,,6.80,4.98
Spain,Q3 2018,,58.72,,,,,,,,,,7.20,2.40
Spain,Q4 2018,,59.89,,,,,,,,,,6.60,-0.01
Spain,Q1 2019,,60.80,,,,,,,,,,6.80,2.74
Spain,Q2 2019,,60.35,,,,,,,,,,5.30,3.37
Spain,Q3 2019,,60.31,,,,,,,,,,4.70,3.58
Spain,Q4 2019,,59.69,,,,,,,,,,3.60,-0.56
Spain,Q1 2020,,59.92,,,,,,,,,,3.20,-4.06
Spain,Q2 2020,,60.34,,,,,,,,,,2.10,-8.32
Spain,Q3 2020,,60.55,,,,,,,,,,1.70,-12.23
Spain,Q4 2020,,63.68,,,,,,,,,,1.50,-8.29
Spain,Q1 2021,,48.81,,,,,,,,,,0.90,-7.00
Spain,Q2 2021,,51.34,,,,,,,,,,3.30,-3.84
Spain,Q3 2021,,52.52,,,,,,,,,,4.20,4.37
Spain,Q4 2021,,53.59,,,,,,,,,,6.40,8.73
Spain,Q1 2022,,57.84,,,,,,,,,,8.50,8.66
Spain,Q2 2022,,58.27,,,,,,,,,,8.00,6.75
Spain,Q3 2022,,59.44,,,,,,,,,,7.60,3.83
Spain,Q4 2022,,60.14,,,,,,,,,,5.50,0.19
Sweden,Q1 2012,,,,"3,743,086.00","2,144,126.00",,,,,,,,
Sweden,Q2 2012,,,,"3,743,086.00","2,171,137.00",,,,,,,,
Sweden,Q3 2012,,,,"3,743,086.00","2,194,104.00",,,,,,,-3.00,
Sweden,Q4 2012,,,,"3,743,086.00","2,223,198.00",,,,,,,-1.00,
Sweden,Q1 2013,,,,"3,822,671.00","2,246,293.00",,,,,,,2.60,
Sweden,Q2 2013,,,,"3,822,671.00","2,278,430.00",,,,,,,3.00,
Sweden,Q3 2013,,,,"3,822,671.00","2,306,967.00",,,,,,,3.00,
Sweden,Q4 2013,,,,"3,822,671.00","2,340,535.00",,,,,,,3.90,
Sweden,Q1 2014,,,,"3,992,730.00","2,367,055.00",,,,,,,5.60,
Sweden,Q2 2014,,,,"3,992,730.00","2,407,157.00",,,,,,,8.16,
Sweden,Q3 2014,,,,"3,992,730.00","2,443,440.00",,,,,,,11.50,
Sweden,Q4 2014,,,,"3,992,730.00","2,494,802.00",,,,,,,8.57,
Sweden,Q1 2015,,,,"4,260,470.00","2,524,859.00",,,,,,,11.56,
Sweden,Q2 2015,,,,"4,260,470.00","2,582,377.00",,,,,,,13.01,
Sweden,Q3 2015,,,,"4,260,470.00","2,635,187.00",,,,,,,13.60,
Sweden,Q4 2015,,,"7,977,178.00","4,260,470.00","2,695,980.00",,,,,,,12.34,
Sweden,Q1 2016,"8,522,427.79",54.03,,"4,415,031.00","2,980,368.63","907,809.41",,,,,,12.48,
Sweden,Q2 2016,"8,908,093.47",53.22,,"4,415,031.00","3,073,196.81","978,509.40",,,,,,8.72,
Sweden,Q3 2016,"9,035,845.61",52.59,,"4,415,031.00","3,108,833.86","977,137.16",,,,,,7.08,
Sweden,Q4 2016,"8,511,386.69",52.35,"8,124,414.00","4,415,031.00","3,151,329.98","979,597.43",,,,,,6.49,
Sweden,Q1 2017,"8,956,220.69",52.57,,"4,625,094.00","3,139,033.44","965,518.64",,,,,,7.91,
Sweden,Q2 2017,"8,876,547.31",52.87,,"4,625,094.00","3,187,301.00","987,391.96",,,,,,8.49,
Sweden,Q3 2017,"9,637,240.79",53.23,,"4,625,094.00","3,226,291.07","993,495.35",,,,,,7.54,
Sweden,Q4 2017,"9,177,690.46",53.37,"8,711,062.00","4,625,094.00","3,358,938.65","1,009,724.64",,,,,,2.77,
Sweden,Q1 2018,"10,460,270.36",51.58,,"4,828,306.00","3,530,757.95","1,020,782.40",,,,,,-0.68,
Sweden,Q2 2018,"10,813,933.88",52.79,,"4,828,306.00","3,513,184.74","1,367,979.79",,,,,,-1.67,
Sweden,Q3 2018,"10,740,874.00",53.31,,"4,828,306.00","3,540,597.71","1,482,174.89",,,,,,-2.07,
Sweden,Q4 2018,"6,375,097.08",56.39,"9,407,914.00","4,828,306.00","2,475,091.19","802,140.13",,,,,,0.72,
Sweden,Q1 2019,"6,828,834.38",55.47,,"5,049,619.00","2,505,346.00","1,140,902.14",,,,,,1.52,
Sweden,Q2 2019,"6,698,855.58",56.38,,"5,049,619.00","2,553,794.47","1,158,449.96",,,,,,2.17,
Sweden,Q3 2019,"6,862,959.36",55.67,,"5,049,619.00","2,565,523.70","1,181,716.55",,,,,,2.94,
Sweden,Q4 2019,"6,628,936.77",53.10,"10,151,200.00","5,049,619.00","2,593,182.49","1,157,806.37",,,,,,3.28,
Sweden,Q1 2020,"7,512,270.11",60.46,,"5,038,538.00","2,624,302.86","1,160,521.67",,,,,,4.55,
Sweden,Q2 2020,"7,569,686.09",58.04,,"5,038,538.00","2,633,180.44","1,158,444.45",,,,,,3.25,
Sweden,Q3 2020,"7,365,610.04",57.83,,"5,038,538.00","2,657,347.16","1,041,166.52",,,,,,3.72,
Sweden,Q4 2020,"6,933,298.39",56.84,"10,422,137.00","5,038,538.00","2,673,716.46","1,043,768.35",,,,,,5.27,
Sweden,Q1 2021,"7,709,610.94",54.94,,"5,462,040.00","2,728,384.72","1,061,806.38",,,,,,7.24,
Sweden,Q2 2021,"6,062,465.85",55.88,,"5,462,040.00","2,764,969.22","1,075,433.29",,,,,,10.93,
Sweden,Q3 2021,"6,127,698.47",54.03,,"5,462,040.00","2,807,506.24","1,086,809.34",,,,,,11.34,
Sweden,Q4 2021,"5,871,179.55",53.23,"11,533,038.00","5,462,040.00","2,749,289.76","1,062,283.23",,,,,,11.11,
Sweden,Q1 2022,"6,174,744.59",52.23,,"5,926,336.00","2,778,479.94","1,093,836.68",,,,,,10.31,
Sweden,Q2 2022,"6,361,139.55",55.06,,"5,926,336.00","2,818,737.00","1,150,598.00",,,,,,7.05,
Sweden,Q3 2022,"6,521,904.00",55.44,,"5,926,336.00","2,831,439.00","1,164,335.00",,,,,,1.15,
Sweden,Q4 2022,"6,418,043.00",56.82,"12,629,987.00","5,926,336.00","2,842,294.00","1,197,733.00",,,,,,-3.70,
Switzerland,Q1 2010,"2,081,084.92",,,,,,,,,,,,
Switzerland,Q2 2010,"2,065,222.84",24.31,,,,,,,,,,,
Switzerland,Q3 2010,"2,074,643.86",,,,,,,,,,,,
Switzerland,Q4 2010,"2,029,471.27",26.34,,,"636,991.02","130,521.92",,,,,,,
Switzerland,Q1 2011,"2,031,907.09",,,,,,,,,,,,
Switzerland,Q2 2011,"2,015,117.07",28.93,,,,,,,,,,,
Switzerland,Q3 2011,"2,006,466.65",,,,,,,,,,,,
Switzerland,Q4 2011,"2,003,215.87",30.55,,,"673,421.32","135,896.56",,,,,,,
Switzerland,Q1 2012,"1,970,810.85",,,,,,,,,,,,
Switzerland,Q2 2012,"1,977,892.90",29.93,,,,,,,,,,,
Switzerland,Q3 2012,"2,005,349.70",,,,,,,,,,,,
Switzerland,Q4 2012,"1,961,389.06",31.63,,,"706,276.53","142,355.42",,,,,,,
Switzerland,Q1 2013,"2,008,114.38",,,,,,,,,,,,
Switzerland,Q2 2013,"1,983,992.97",30.00,,,,,,,,,,,
Switzerland,Q3 2013,"1,928,934.75",,,,,,,,,,,,
Switzerland,Q4 2013,"1,948,803.06",30.19,,,"735,804.12","148,186.49",,,,,,,
Switzerland,Q1 2014,"1,967,778.50",,,,,,,,,,,,
Switzerland,Q2 2014,"2,026,312.25",33.86,,,,,,,,,,,
Switzerland,Q3 2014,"2,047,432.95",,,,,,,,,,,,
Switzerland,Q4 2014,"2,048,289.26",31.94,,,"766,793.47","151,776.35",,,,,,,
Switzerland,Q1 2015,"2,048,289.93",,,,,,,,,,,,
Switzerland,Q2 2015,"2,066,277.12",33.51,,,,,,,,,,,
Switzerland,Q3 2015,"2,058,857.87",,,,,,,,,,,,
Switzerland,Q4 2015,"1,994,889.76",29.41,,,"793,786.39","150,403.16",,,,,,,
Switzerland,Q1 2016,"2,004,387.84",,,,,,,,,,,,
Switzerland,Q2 2016,"2,026,623.91",32.99,,,"806,049.52","150,561.69",,,,,,,
Switzerland,Q3 2016,"2,018,986.36",,,,,,,,,,,,
Switzerland,Q4 2016,"2,007,889.90",33.41,,,"818,487.29","150,171.46",,,,,,,
Switzerland,Q1 2017,"2,031,074.75",,,,,,,,,,,,
Switzerland,Q2 2017,"2,045,694.13",33.03,,,"831,247.97","151,635.77",,,,,,,
Switzerland,Q3 2017,"2,073,200.22",,,,,,,,,,,,
Switzerland,Q4 2017,"2,118,339.72",33.82,,,"846,551.44","150,604.21",,,,,,,
Switzerland,Q1 2018,"2,129,135.06",,,,,,,,,,,,
Switzerland,Q2 2018,"2,154,696.53",30.02,,,"861,089.36","154,980.98",,,,,,,
Switzerland,Q3 2018,"2,134,813.30",,,,,,,,,,,,
Switzerland,Q4 2018,"2,112,032.58",32.27,,,"874,524.03","159,137.12",,,,,,,
Switzerland,Q1 2019,"2,168,021.04",,,,,,,,,,,,
Switzerland,Q2 2019,"2,164,563.49",29.29,,,"887,222.05","162,403.83",,,,,,,
Switzerland,Q3 2019,"2,169,676.97",,,,,,,,,,,,
Switzerland,Q4 2019,"2,157,924.47",30.17,,,"903,365.83","163,040.12",,,,,,,
Switzerland,Q1 2020,"2,235,642.16",,,,,,,,,,,,
Switzerland,Q2 2020,"2,219,689.93",26.57,,,"917,371.29","163,514.61",,,,,,,
Switzerland,Q3 2020,"2,211,487.20",,,,,,,,,,,,
Switzerland,Q4 2020,"2,166,461.92",27.64,,,"938,378.80","161,635.18",,,,,,,
Switzerland,Q1 2021,"2,299,371.87",,,,,,,,,,,,
Switzerland,Q2 2021,"2,270,865.70",30.90,,,"956,906.49","165,648.95",,,,,,,
Switzerland,Q3 2021,"2,277,652.49",,,,,,,,,,,,
Switzerland,Q4 2021,"2,235,452.44",29.91,,,"971,245.36","166,590.63",,,,,,,
Switzerland,Q1 2022,"2,257,986.93",,,,,,,,,,,,
Switzerland,Q2 2022,,27.75,,,"988,061.33","170,420.38",,,,,,,
"Tajikistan, Rep. of",Q1 2008,,55.95,,"17,609.30",,,,,,,,,
"Tajikistan, Rep. of",Q2 2008,,56.06,,"17,609.30",,,,,,,,,
"Tajikistan, Rep. of",Q3 2008,,54.38,,"17,609.30",,,,,,,,,
"Tajikistan, Rep. of",Q4 2008,,52.56,,"17,609.30",,,,,,,,,
"Tajikistan, Rep. of",Q1 2009,,56.49,,"20,622.80",,,,,,,,,
"Tajikistan, Rep. of",Q2 2009,,54.86,,"20,622.80",,,,,,,,,
"Tajikistan, Rep. of",Q3 2009,,52.69,,"20,622.80",,,,,,,,,
"Tajikistan, Rep. of",Q4 2009,,61.71,,"20,622.80",,,,,,,,,
"Tajikistan, Rep. of",Q1 2010,"3,078.91",48.54,,"24,704.70",,,,,,,,,
"Tajikistan, Rep. of",Q2 2010,"2,942.24",42.97,,"24,704.70",,,,,,,,,
"Tajikistan, Rep. of",Q3 2010,"3,142.87",41.74,,"24,704.70",,,,,,,,,
"Tajikistan, Rep. of",Q4 2010,"3,377.86",46.98,,"24,704.70",40.33,,,,,,,,
"Tajikistan, Rep. of",Q1 2011,"4,009.13",43.33,,"30,069.30",51.05,,,,,,,,
"Tajikistan, Rep. of",Q2 2011,"4,350.89",42.85,,"30,069.30",54.52,,,,,,,,
"Tajikistan, Rep. of",Q3 2011,"4,656.38",40.62,,"30,069.30",56.39,,,,,,,,
"Tajikistan, Rep. of",Q4 2011,"4,267.24",42.45,,"30,069.30",56.22,,,,,,,,
"Tajikistan, Rep. of",Q1 2012,"4,958.85",35.29,,"36,161.10",58.53,,,,,,,,
"Tajikistan, Rep. of",Q2 2012,"4,730.90",32.72,,"36,161.10",61.57,,,,,,,,
"Tajikistan, Rep. of",Q3 2012,"4,706.91",32.72,,"36,161.10",59.55,,,,,,,,
"Tajikistan, Rep. of",Q4 2012,"4,904.91",31.29,,"36,161.10",66.83,,,,,,,,
"Tajikistan, Rep. of",Q1 2013,"5,642.04",42.07,,"40,524.50",77.36,,,,,,,,
"Tajikistan, Rep. of",Q2 2013,"6,342.88",41.13,,"40,524.50",93.65,,,,,,,,
"Tajikistan, Rep. of",Q3 2013,"6,914.30",41.74,,"40,524.50",105.48,,,,,,,,
"Tajikistan, Rep. of",Q4 2013,"7,484.18",43.06,,"40,524.50",104.31,,,,,,,,
"Tajikistan, Rep. of",Q1 2014,"8,046.74",45.11,,"45,605.20",107.36,,,,,,,,
"Tajikistan, Rep. of",Q2 2014,"8,739.92",43.07,,"45,605.20",115.76,,,,,,,,
"Tajikistan, Rep. of",Q3 2014,"9,235.97",40.22,,"45,605.20",113.63,,,,,,,,
"Tajikistan, Rep. of",Q4 2014,"9,803.06",37.05,,"45,605.20",90.53,,,,,,,,
"Tajikistan, Rep. of",Q1 2015,"10,702.55",41.96,,"48,401.60",94.89,,,,,,,,
"Tajikistan, Rep. of",Q2 2015,"11,086.89",40.77,,"48,401.60",98.14,,,,,,,,
"Tajikistan, Rep. of",Q3 2015,"11,530.23",46.25,,"48,401.60",117.42,,,,,,,,
"Tajikistan, Rep. of",Q4 2015,,52.21,,,,,,,,,,,
"Tajikistan, Rep. of",Q1 2016,,78.23,,,,,,,,,,,
"Tajikistan, Rep. of",Q2 2016,,65.49,,,,,,,,,,,
"Tajikistan, Rep. of",Q3 2016,,59.23,,,,,,,,,,,
"Tajikistan, Rep. of",Q4 2016,,63.67,,,,,,,,,,,
"Tajikistan, Rep. of",Q1 2017,,67.69,,,,,,,,,,,
"Tajikistan, Rep. of",Q2 2017,,59.32,,,,,,,,,,,
"Tajikistan, Rep. of",Q3 2017,,58.00,,,,,,,,,,,
"Tajikistan, Rep. of",Q4 2017,,65.22,,,,,,,,,,,
"Tajikistan, Rep. of",Q1 2018,,64.34,,,,,,,,,,,
"Tajikistan, Rep. of",Q2 2018,,59.35,,,,,,,,,,,
"Tajikistan, Rep. of",Q3 2018,,59.81,,,,,,,,,,,
"Tajikistan, Rep. of",Q4 2018,,65.34,,,,,,,,,,,
"Tajikistan, Rep. of",Q1 2019,,69.86,,,,,,,,,,,
"Tajikistan, Rep. of",Q2 2019,,65.06,,,,,,,,,,,
"Tajikistan, Rep. of",Q3 2019,,64.81,,,,,,,,,,,
"Tajikistan, Rep. of",Q4 2019,,66.29,,,,,,,,,,,
"Tajikistan, Rep. of",Q1 2020,,73.37,,,,,,,,,,,
"Tajikistan, Rep. of",Q2 2020,,69.60,,,,,,,,,,,
"Tajikistan, Rep. of",Q3 2020,,67.30,,,,,,,,,,,
"Tajikistan, Rep. of",Q4 2020,,73.52,,,,,,,,,,,
"Tajikistan, Rep. of",Q1 2021,,56.99,,,,,,,,,,,
"Tajikistan, Rep. of",Q2 2021,,58.29,,,,,,,,,,,
"Tajikistan, Rep. of",Q3 2021,,61.18,,,,,,,,,,,
"Tajikistan, Rep. of",Q4 2021,,60.89,,,,,,,,,,,
Thailand,Q1 2006,"5,415,136.53",70.76,,,"619,148.13","326,385.04",,,,,,,
Thailand,Q2 2006,"5,477,839.70",72.13,,,"661,457.18","333,381.71",,,,,,,
Thailand,Q3 2006,"5,506,498.93",72.00,,,"682,674.57","350,817.66",,,,,,,
Thailand,Q4 2006,"5,486,844.63",72.76,,,"695,915.57","342,627.72",,,,,,,
Thailand,Q1 2007,"5,510,420.63",71.52,,"9,076,301.00","708,476.54","347,676.34",,,,,,,
Thailand,Q2 2007,"5,547,628.60",71.20,,"9,076,301.00","727,845.63","364,033.51",,,,,,,
Thailand,Q3 2007,"5,644,914.48",71.91,,"9,076,301.00","747,966.38","371,839.39",,,,,,,
Thailand,Q4 2007,"5,811,696.02",72.43,,"9,076,301.00","779,960.06","392,039.17",,,,,,,
Thailand,Q1 2008,"6,213,955.29",70.68,,"9,706,929.00","783,719.65","403,332.73",,,,,,,
Thailand,Q2 2008,"6,276,865.22",72.04,,"9,706,929.00","819,333.00","414,680.59",,,,,,,
Thailand,Q3 2008,"6,510,485.54",72.98,,"9,706,929.00","851,000.61","418,746.84",,,,,,,
Thailand,Q4 2008,"6,871,546.08",72.87,,"9,706,929.00","875,635.46","444,561.57",,,,,,,
Thailand,Q1 2009,"6,919,567.56",69.68,,"9,658,667.00","889,517.60","435,493.69",,,,,,9.60,
Thailand,Q2 2009,"6,787,833.50",69.17,,"9,658,667.00","905,979.12","446,048.30",,,,,,6.30,
Thailand,Q3 2009,"6,828,076.23",69.02,,"9,658,667.00","929,206.38","421,558.08",,,,,,3.10,
Thailand,Q4 2009,"6,979,290.14",69.18,,"9,658,667.00","963,216.03","405,497.97",,,,,,2.50,
Thailand,Q1 2010,"7,256,114.35",68.26,,"10,808,145.00","1,014,109.36","374,108.69",,,,,,2.70,
Thailand,Q2 2010,"7,183,829.52",68.59,,"10,808,145.00","1,052,050.03","396,499.41",,,,,,2.70,
Thailand,Q3 2010,"7,388,055.06",68.63,,"10,808,145.00","1,064,293.11","381,349.99",,,,,,3.80,
Thailand,Q4 2010,"7,797,561.59",68.30,,"10,808,145.00","1,093,426.40","382,909.15",,,,,,1.80,
Thailand,Q1 2011,"8,362,106.97",63.12,,"11,306,906.00","1,119,824.12","382,010.07",,,,,,5.60,
Thailand,Q2 2011,"8,478,705.31",62.26,,"11,306,906.00","1,151,839.98","394,037.09",,,,,,7.10,
Thailand,Q3 2011,"8,499,369.93",62.64,,"11,306,906.00","1,192,046.46","414,860.04",,,,,,2.20,
Thailand,Q4 2011,"8,754,194.82",62.93,,"11,306,906.00","1,203,311.21","425,409.05",,,,,,2.30,
Thailand,Q1 2012,"9,058,557.35",63.69,,"12,357,342.00","1,224,372.36","438,854.65",,,,,,2.00,
Thailand,Q2 2012,"9,286,631.88",62.79,,"12,357,342.00","1,256,802.39","461,573.31",,,,,,0.40,
Thailand,Q3 2012,"9,815,789.98",62.93,,"12,357,342.00","1,310,231.88","468,991.18",,,,,,3.60,
Thailand,Q4 2012,"10,176,260.95",62.21,,"12,357,342.00","1,343,918.14","466,198.71",,,,,,7.40,
Thailand,Q1 2013,"10,612,029.03",61.10,,"12,915,158.00","1,375,812.39","500,810.24",,,,,,6.90,
Thailand,Q2 2013,"10,787,697.23",58.50,,"12,915,158.00","1,409,317.91","520,797.93",,,,,,8.90,
Thailand,Q3 2013,"10,870,605.79",59.86,,"12,915,158.00","1,458,495.91","540,932.50",,,,,,10.60,
Thailand,Q4 2013,"11,239,888.90",60.25,,"12,915,158.00","1,513,206.70","561,598.49",,,,,,5.00,
Thailand,Q1 2014,"11,236,450.51",63.38,,"13,230,304.00","1,544,082.05","571,700.11",,,,,,5.20,
Thailand,Q2 2014,"11,298,963.53",60.35,,"13,230,304.00","1,585,708.63","574,983.79",,,,,,5.40,
Thailand,Q3 2014,"11,497,396.17",61.46,,"13,230,304.00","1,637,402.49","581,537.44",,,,,,5.80,
Thailand,Q4 2014,"11,792,948.56",62.06,,"13,230,304.00","1,696,130.69","581,766.13",,,,,,6.50,
Thailand,Q1 2015,"12,241,601.45",62.42,,"13,743,480.00","1,724,037.60","599,254.30",,,,,,6.50,
Thailand,Q2 2015,"12,295,942.84",61.02,,"13,743,480.00","1,771,381.77","617,755.43",,,,,,2.20,
Thailand,Q3 2015,"12,181,310.30",59.21,,"13,743,480.00","1,814,581.94","617,011.88",,,,,,0.50,
Thailand,Q4 2015,"12,408,123.60",60.38,,"13,743,480.00","1,855,397.07","631,906.56",,,,,,1.10,
Thailand,Q1 2016,"12,694,929.06",61.50,,"14,590,337.00","1,884,932.56","617,616.06",,,,,,-0.10,
Thailand,Q2 2016,"12,821,868.51",61.98,,"14,590,337.00","1,930,858.20","609,798.55",,,,,,4.70,
Thailand,Q3 2016,"12,739,097.09",62.01,,"14,590,337.00","1,954,555.43","614,589.52",,,,,,1.40,
Thailand,Q4 2016,"12,758,673.03",62.31,,"14,590,337.00","1,984,379.99","608,113.97",,,,,,-0.40,
Thailand,Q1 2017,"12,921,340.63",63.00,,"15,488,664.00","1,999,301.04","616,992.18",,,,,,-0.70,
Thailand,Q2 2017,"13,278,267.36",62.29,,"15,488,664.00","2,027,725.31","672,441.57",,,,,,-3.00,
Thailand,Q3 2017,"13,553,019.36",62.13,,"15,488,664.00","2,065,656.43","657,468.04",,,,,,1.50,
Thailand,Q4 2017,"13,858,903.29",61.89,,"15,488,664.00","2,093,179.49","650,837.65",,,,,,4.40,
Thailand,Q1 2020,"15,384,286.96",61.38,,"15,661,146.00","2,386,849.79","795,840.20",,,,107.46,96.75,3.84,
Thailand,Q2 2020,"15,654,153.18",62.62,,"15,661,146.00","2,428,295.26","810,278.19",,,,63.53,52.22,5.17,
Thailand,Q3 2020,"15,555,393.21",64.40,,"15,661,146.00","2,477,876.65","793,838.41",,,,50.28,40.00,5.40,
Thailand,Q4 2020,"16,031,887.54",64.78,,"15,661,146.00","2,524,184.15","762,037.66",,,,50.13,40.00,3.92,
Thailand,Q1 2021,"16,506,675.83",66.35,,"16,166,597.00","2,555,685.08","738,598.56",,,,50.39,40.00,0.35,
Thailand,Q2 2021,"16,763,949.41",62.93,,"16,166,597.00","2,595,101.51","745,660.16",,,,50.75,40.00,0.49,
Thailand,Q3 2021,"16,511,878.47",55.50,,"16,166,597.00","2,618,115.51","733,591.92",,,,50.54,40.00,2.01,
Thailand,Q4 2021,"16,926,168.01",57.98,,"16,166,597.00","2,636,276.84","734,225.64",,,,50.75,40.00,2.40,
Thailand,Q1 2022,"17,291,229.17",68.88,,"17,367,310.00","2,644,485.35","742,289.54",,,,50.77,40.00,4.17,
Thailand,Q2 2022,"17,335,413.55",66.78,,"17,367,310.00","2,659,965.84","743,771.10",,,,50.70,39.91,5.24,
Thailand,Q3 2022,"17,161,554.95",66.96,,"17,367,310.00","2,686,933.01","732,594.94",,,,67.14,55.40,3.60,
Thailand,Q4 2022,"17,424,826.94",67.69,,"17,367,310.00","2,719,401.80","711,469.66",,,,109.45,98.75,4.69,
"Türkiye, Rep of",Q4 2005,"180,907.22",60.08,,"680,275.85","13,375.59","1,019.22",,,,,,,
"Türkiye, Rep of",Q1 2006,"198,703.20",56.19,,"795,757.11","17,454.50","1,405.97",,,,,,,
"Türkiye, Rep of",Q2 2006,"226,105.01",58.53,,"795,757.11","22,137.17","1,919.18",,,,,,,
"Türkiye, Rep of",Q3 2006,"229,112.47",58.87,,"795,757.11","22,789.45","1,962.97",,,,,,,
"Türkiye, Rep of",Q4 2006,"238,763.43",60.04,,"795,757.11","23,979.83","1,955.18",,,,,,,
"Türkiye, Rep of",Q1 2007,"254,017.73",62.35,,"887,714.42","25,179.48","2,112.13",,,,,,,
"Türkiye, Rep of",Q2 2007,"271,196.50",58.54,,"887,714.42","27,647.93","2,386.26",,,,,,,
"Türkiye, Rep of",Q3 2007,"288,276.98",60.13,,"887,714.42","30,226.93","2,617.58",,,,,,,
"Türkiye, Rep of",Q4 2007,"311,475.28",60.04,,"887,714.42","32,986.53","2,893.04",,,,,,,
"Türkiye, Rep of",Q1 2008,"347,788.01",60.93,,"1,002,756.49","36,473.00","3,454.23",,,,,,,
"Türkiye, Rep of",Q2 2008,"367,268.75",59.92,,"1,002,756.49","38,738.37","3,620.25",,,,,,,
"Türkiye, Rep of",Q3 2008,"398,181.24",62.49,,"1,002,756.49","40,366.94","3,666.28",,,,,,,
"Türkiye, Rep of",Q4 2008,"408,313.76",63.65,,"1,002,756.49","40,829.19","3,617.23",,,,,,,
"Türkiye, Rep of",Q1 2009,"413,418.02",62.23,,"1,006,372.48","41,281.87","3,495.69",,,,,,,
"Türkiye, Rep of",Q2 2009,"410,330.35",63.26,,"1,006,372.48","42,612.69","3,398.20",,,,,,,
"Türkiye, Rep of",Q3 2009,"421,485.70",65.51,,"1,006,372.48","44,009.66","3,300.95",,,,,,,
"Türkiye, Rep of",Q4 2009,"439,697.63",66.43,,"1,006,372.48","47,016.76","3,393.07",,,,,,,
"Türkiye, Rep of",Q1 2010,"462,860.62",63.23,,"1,167,664.49","49,856.34","3,530.03",,,,,,,
"Türkiye, Rep of",Q2 2010,"499,475.11",62.02,,"1,167,664.49","54,022.77","3,850.03",,,,,,,
"Türkiye, Rep of",Q3 2010,"520,194.33",61.11,,"1,167,664.49","57,022.29","4,342.49",,,,,,,
"Türkiye, Rep of",Q4 2010,"572,933.09",61.46,,"1,167,664.49","62,916.74","4,730.50",,,,,,,
"Türkiye, Rep of",Q1 2011,"607,704.23",55.41,,"1,404,927.61","67,358.23","4,749.64",,,,,,,
"Türkiye, Rep of",Q2 2011,"661,977.66",56.42,,"1,404,927.61","72,810.44","4,915.79",,,,,,,
"Türkiye, Rep of",Q3 2011,"704,018.17",57.90,,"1,404,927.61","75,083.26","4,893.66",,,,,,,
"Türkiye, Rep of",Q4 2011,"736,425.54",59.90,,"1,404,927.61","76,563.97","4,862.73",,,,,,,
"Türkiye, Rep of",Q1 2012,"745,156.91",63.69,,"1,581,479.25","77,301.48","4,797.83",,,,,,,
"Türkiye, Rep of",Q2 2012,"793,424.53",64.18,,"1,581,479.25","80,231.38","5,008.58",,,,,,,
"Türkiye, Rep of",Q3 2012,"812,894.43",64.67,,"1,581,479.25","82,979.08","5,001.41",,,,,,,
"Türkiye, Rep of",Q4 2012,"853,254.85",64.59,,"1,581,479.25","88,020.04","5,074.64",,,,,,,
"Türkiye, Rep of",Q1 2013,"897,337.00",63.40,,"1,823,427.32","93,901.20","5,252.32",,,,,,,
"Türkiye, Rep of",Q2 2013,"987,794.59",61.88,,"1,823,427.32","101,934.78","6,051.19",,,,,,,
"Türkiye, Rep of",Q3 2013,"1,062,900.30",61.68,,"1,823,427.32","107,676.57","6,736.89",,,,,,,
"Türkiye, Rep of",Q4 2013,"1,123,615.39",62.56,,"1,823,427.32","111,905.14","7,591.03",,,,,,,
"Türkiye, Rep of",Q1 2014,"1,167,353.60",62.55,,"2,054,897.84","113,598.47","7,560.81",,,,,,,
"Türkiye, Rep of",Q2 2014,"1,205,714.53",62.53,,"2,054,897.84","116,427.00","7,637.04",,,,,,,
"Türkiye, Rep of",Q3 2014,"1,274,950.09",64.16,,"2,054,897.84","121,334.56","7,910.66",,,,,,,
"Türkiye, Rep of",Q4 2014,"1,328,517.39",65.20,,"2,054,897.84","127,317.47","8,341.05",,,,,,,
"Türkiye, Rep of",Q1 2015,"1,418,392.57",63.07,,"2,350,941.34","132,981.40","8,664.19",,,,,,,
"Türkiye, Rep of",Q2 2015,"1,497,410.09",65.40,,"2,350,941.34","139,850.35","9,258.01",,,,,,,
"Türkiye, Rep of",Q3 2015,"1,585,798.87",69.00,,"2,350,941.34","142,640.95","9,501.79",,,,,,,
"Türkiye, Rep of",Q4 2015,"1,591,206.96",71.06,,"2,350,941.34","145,169.05","8,750.65",,,,,,,
"Türkiye, Rep of",Q1 2016,"1,620,777.87",67.60,,"2,626,559.72","148,629.74","8,881.86",,,,,,,
"Türkiye, Rep of",Q2 2016,"1,678,626.79",64.22,,"2,626,559.72","152,917.83","9,073.28",,,,,,,
"Türkiye, Rep of",Q3 2016,"1,731,849.48",66.71,,"2,626,559.72","155,994.12","8,689.89",,,,,,,
"Türkiye, Rep of",Q4 2016,"1,870,399.05",66.98,,"2,626,559.72","165,525.05","9,095.06",,,,,,,
"Türkiye, Rep of",Q1 2017,"1,976,442.93",68.35,,"3,133,704.26","174,388.59","9,759.80",,,,,,,
"Türkiye, Rep of",Q2 2017,"2,051,489.77",70.40,,"3,133,704.26","182,201.18","10,063.10",,,,,,,
"Türkiye, Rep of",Q3 2017,"2,134,414.29",71.05,,"3,133,704.26","188,501.52","10,375.79",,,,,,,
"Türkiye, Rep of",Q4 2017,"2,251,016.87",71.36,,"3,133,704.26","193,234.68","10,871.37",,,,,,,
"Türkiye, Rep of",Q1 2018,"2,354,454.58",66.64,,"3,758,773.73","194,960.78","11,248.18",,,,,,,
"Türkiye, Rep of",Q2 2018,"2,535,802.35",68.73,,"3,758,773.73","201,459.80","11,716.15",,,,,,,
"Türkiye, Rep of",Q3 2018,"2,825,647.62",69.43,,"3,758,773.73","197,630.12","11,611.18",,,,,,,
"Türkiye, Rep of",Q4 2018,"2,621,597.16",68.89,,"3,758,773.73","190,056.52","10,599.49",,,,,,,
"Türkiye, Rep of",Q1 2019,"2,777,615.20",57.19,,"4,311,732.77","185,837.21","9,973.72",,,,,,,
"Türkiye, Rep of",Q2 2019,"2,817,812.78",63.22,,"4,311,732.77","182,599.75","9,422.77",,,,,,,
"Türkiye, Rep of",Q3 2019,"2,845,319.03",65.39,,"4,311,732.77","189,056.47","8,809.24",,,,,,,
"Türkiye, Rep of",Q4 2019,"3,001,476.55",66.06,,"4,311,732.77","201,322.20","9,056.76",,,,,,,
"Türkiye, Rep of",Q1 2020,"3,230,860.47",69.22,,"5,048,220.07","213,177.65","9,677.47",,,,,,,
"Türkiye, Rep of",Q2 2020,"3,567,727.76",70.40,,"5,048,220.07","236,297.10","8,977.27",,,,,,,
"Türkiye, Rep of",Q3 2020,"3,893,179.95",72.31,,"5,048,220.07","279,635.97","10,429.37",,,,,,,
"Türkiye, Rep of",Q4 2020,"3,921,749.53",71.94,,"5,048,220.07","280,644.79","10,872.96",,,,,,,
"Türkiye, Rep of",Q1 2021,"4,126,465.73",55.55,,"7,248,788.98","279,128.01","11,122.97",,,,,,,
"Türkiye, Rep of",Q2 2021,"4,290,327.76",62.18,,"7,248,788.98","279,674.16","11,457.75",,,,,,,
"Türkiye, Rep of",Q3 2021,"4,415,056.53",67.41,,"7,248,788.98","284,419.34","12,425.39",,,,,,35.60,
"Türkiye, Rep of",Q4 2021,"5,379,833.28",65.64,,"7,248,788.98","300,341.53","14,114.64","5,004,723.99",18.42,13.62,,,59.72,
"Türkiye, Rep of",Q1 2022,"6,013,424.12",61.82,,"15,006,574.17","312,081.00","14,886.97","5,604,014.80",18.66,13.22,,,110.10,
"Türkiye, Rep of",Q2 2022,"6,800,125.12",62.17,,"15,006,574.17","348,069.36","18,735.93","6,348,917.54",20.72,13.82,,,160.70,
"Türkiye, Rep of",Q3 2022,"7,428,325.76",64.77,,"15,006,574.17","355,553.86","19,315.40","6,895,477.32",21.17,13.56,,,189.20,
"Türkiye, Rep of",Q4 2022,"8,257,126.29",66.53,,"15,006,574.17","361,144.70","19,598.53","7,583,693.31",18.93,14.51,,,167.90,
Ukraine,Q4 2005,"156,077.99",48.36,,,,,,,,,,,
Ukraine,Q1 2006,"173,248.44",52.88,,,"3,754.26","2,517.29",,14.15,6.92,8.25,1.34,,
Ukraine,Q2 2006,"198,530.52",52.83,,,"11,663.58","4,329.02",,13.76,6.32,9.49,1.95,,
Ukraine,Q3 2006,"228,179.23",53.96,,,"14,972.19","5,246.60",,13.33,6.48,7.38,1.44,,
Ukraine,Q4 2006,"268,282.64",54.49,,,"20,412.01","6,404.95",,13.69,7.15,10.19,1.89,,
Ukraine,Q1 2007,"304,385.11",56.08,,,"23,164.38","6,711.28",,13.10,7.07,8.26,1.94,,
Ukraine,Q2 2007,"353,480.71",55.61,,,"27,742.20","7,969.01",,13.04,6.89,9.50,1.15,,
Ukraine,Q3 2007,"410,984.65",55.19,,,"33,092.11","8,993.60",,12.85,7.10,8.97,1.60,,
Ukraine,Q4 2007,"485,865.61",55.45,,,"40,777.52","10,618.23",,13.35,7.89,11.03,1.64,,
Ukraine,Q1 2008,"535,941.12",58.64,,,"47,112.37","11,626.83",,13.77,7.82,19.88,1.74,,
Ukraine,Q2 2008,"578,823.27",57.97,,,"51,585.58","12,168.27",,15.18,7.01,12.40,2.30,,
Ukraine,Q3 2008,"628,168.91",57.97,,,"55,589.60","14,087.33",,15.22,8.80,17.50,2.08,,
Ukraine,Q4 2008,"788,556.30",51.16,,"954,355.56","88,351.73","18,262.32",,19.39,11.23,28.63,1.09,,
Ukraine,Q1 2009,"770,956.60",70.14,,"912,189.61","101,623.27","18,087.30",,22.19,13.26,62.63,0.65,,
Ukraine,Q2 2009,"767,299.26",68.83,,"912,189.61","98,889.03","17,751.79",,16.68,11.18,100.00,0.10,,
Ukraine,Q3 2009,"793,942.45",66.75,,"912,189.61","102,045.59","18,026.20",,16.13,11.25,150.00,0.10,,
Ukraine,Q4 2009,"770,349.26",66.76,,"912,189.61","98,792.08","17,670.10",,17.86,12.00,25.00,0.01,,
Ukraine,Q1 2010,"748,783.07",71.01,,"1,079,346.00","91,591.70","15,006.30",,16.34,11.79,25.00,0.00,,
Ukraine,Q2 2010,"748,592.55",67.96,,"1,079,346.00","88,038.93","14,086.66",,14.63,9.44,10.25,0.01,,
Ukraine,Q3 2010,"781,544.62",67.51,,"1,079,346.00","86,667.46","14,053.90",,13.76,7.96,16.00,0.01,,
Ukraine,Q4 2010,"788,564.42",65.98,,"1,079,346.00","81,953.10","13,611.70",,14.79,7.58,18.00,0.10,,
Ukraine,Q1 2011,"805,360.38",67.80,,"1,299,991.00","80,250.70","13,237.94",,13.87,6.44,12.77,0.10,,
Ukraine,Q2 2011,"826,138.19",65.95,,"1,299,991.00","77,094.37","12,464.51",,14.58,6.29,14.50,0.01,,
Ukraine,Q3 2011,"856,883.43",64.42,,"1,299,991.00","75,787.40","11,499.65",,14.17,6.71,31.54,0.01,,
Ukraine,Q4 2011,"857,305.69",63.07,,"1,299,991.00","70,447.06","10,317.64",,15.31,9.64,29.10,0.10,,
Ukraine,Q1 2012,"861,187.93",62.23,,"1,404,669.00","67,022.93","9,954.48",,13.90,8.53,18.00,0.01,,
Ukraine,Q2 2012,"868,673.82",62.69,,"1,404,669.00","63,243.72","9,543.42",,15.35,10.12,34.00,0.00,,
Ukraine,Q3 2012,"859,415.86",61.56,,"1,404,669.00","61,280.77","8,869.63",,15.96,11.63,39.00,0.10,,
Ukraine,Q4 2012,"852,567.76",64.15,,"1,404,669.00","58,427.15","7,466.72",,15.97,11.12,45.00,0.06,,
Ukraine,Q1 2013,"858,095.64",61.97,,"1,465,198.00","56,877.94","12,857.15",,15.05,9.46,24.00,0.10,,
Ukraine,Q2 2013,"867,116.74",60.87,,"1,465,198.00","55,115.28","12,895.86",,13.87,8.70,20.00,0.10,,
Ukraine,Q3 2013,"895,285.06",60.49,,"1,465,198.00","53,599.96","12,860.68",,14.03,9.21,22.00,0.10,,
Ukraine,Q4 2013,"941,630.52",58.56,,"1,465,198.00","51,446.73","13,026.31",,15.02,11.19,65.00,0.10,,
Ukraine,Q1 2014,"1,049,752.77",53.72,,"1,586,915.00","60,412.41","14,955.83",,16.63,11.13,44.99,0.10,,
Ukraine,Q2 2014,"1,038,630.44",51.18,,"1,586,915.00","62,709.93","14,885.62",,14.91,11.37,28.00,0.03,,
Ukraine,Q3 2014,"1,036,702.82",49.11,,"1,586,915.00","65,341.73","14,813.01",,15.48,9.76,26.79,0.10,,
Ukraine,Q4 2014,"1,075,438.24",48.46,,"1,586,915.00","71,802.93","15,547.52",,15.01,9.61,46.70,0.10,,
Ukraine,Q1 2015,"1,252,571.13",14.20,,"1,988,544.00","96,875.33","18,367.33",,16.19,10.83,47.00,0.10,,
Ukraine,Q2 2015,"1,101,685.25",42.93,,"1,988,544.00","67,405.55","14,523.43",,18.12,13.51,31.67,0.10,,
Ukraine,Q3 2015,"1,048,216.16",47.99,,"1,988,544.00","62,570.33","14,769.96",,18.48,12.15,27.80,0.10,,
Ukraine,Q4 2015,"1,046,304.19",39.00,,"1,988,544.00","66,169.01","12,985.51",,18.22,10.50,24.11,0.10,,
Ukraine,Q1 2016,"1,076,657.04",59.38,,"2,385,367.00","67,371.72","13,286.08",,17.23,11.69,25.00,2.62,,
Ukraine,Q2 2016,"1,006,328.74",55.94,,"2,385,367.00","61,560.83","11,318.23",,16.90,11.48,30.00,0.10,,
Ukraine,Q3 2016,"1,040,507.25",48.17,,"2,385,367.00","59,136.71","11,417.03",,15.41,9.73,20.55,0.25,,
Ukraine,Q4 2016,"1,046,575.66",45.94,,"2,385,367.00","58,549.39","11,138.37",,15.16,9.16,14.84,1.00,,
Ukraine,Q1 2017,"1,027,873.77",45.40,,"2,982,920.00","54,690.97","11,193.59",,15.11,9.20,16.00,0.10,102.20,
Ukraine,Q2 2017,"1,013,227.57",49.69,,"2,982,920.00","51,306.38","10,610.27",,14.34,7.97,15.60,0.40,106.10,
Ukraine,Q3 2017,"1,036,178.22",50.69,,"2,982,920.00","49,149.28","10,391.38",,14.21,7.61,13.75,1.70,106.40,
Ukraine,Q4 2017,"1,085,302.94",50.20,,"2,982,920.00","48,267.86","10,631.97",,15.38,8.57,24.50,0.00,104.40,
Ukraine,Q1 2018,"1,101,816.19",58.86,,"3,560,302.00","43,812.56","22,428.50",,16.62,10.04,30.64,0.00,105.30,
Ukraine,Q2 2018,"1,097,522.46",55.27,,"3,560,302.00","42,112.27","23,162.32",,17.01,10.29,30.45,0.00,105.60,
Ukraine,Q3 2018,"1,194,543.96",54.31,,"3,560,302.00","50,017.78","23,647.87",,18.40,11.46,19.87,0.00,105.70,
Ukraine,Q4 2018,"1,159,284.17",52.02,,"3,560,302.00","44,458.03","33,562.01",,17.95,12.70,20.50,0.00,105.10,
Ukraine,Q1 2019,"1,140,400.21",49.46,,"3,977,198.00","43,247.62","33,235.45",,17.16,12.06,18.25,1.00,105.40,
Ukraine,Q2 2019,"1,108,645.59",47.09,,"3,977,198.00","40,122.98","31,682.01",,17.01,11.84,18.00,0.10,106.50,
Ukraine,Q3 2019,"1,071,932.66",46.68,,"3,977,198.00","36,796.37","30,282.85",,17.31,11.60,17.50,0.10,106.40,
Ukraine,Q4 2019,"1,050,512.56",47.39,,"3,977,198.00","32,611.05","30,118.65",,16.24,10.02,15.95,0.75,107.90,
Ukraine,Q1 2020,"1,129,083.40",44.13,,"4,222,026.00","36,460.86","33,487.38",,15.57,7.03,17.00,0.30,107.00,
Ukraine,Q2 2020,"1,059,307.59",43.46,,"4,222,026.00","34,765.46","31,595.08",,13.09,5.61,10.00,0.30,106.70,
Ukraine,Q3 2020,"1,052,117.71",44.27,,"4,222,026.00","35,479.91","25,513.64",,11.87,4.24,14.24,1.01,107.70,
Ukraine,Q4 2020,"990,071.12",45.00,,"4,222,026.00","28,923.80","23,675.26",,11.90,4.02,11.00,4.20,106.10,
Ukraine,Q1 2021,"995,872.36",59.95,,"5,459,574.00","28,017.20","23,345.60",,11.77,3.92,7.67,0.07,109.80,
Ukraine,Q2 2021,"1,025,884.12",54.39,,"5,459,574.00","28,389.72","22,300.33",,12.69,4.06,12.00,0.38,112.80,
Ukraine,Q3 2021,"1,061,792.03",53.80,,"5,459,574.00","28,354.40","21,732.60",,12.09,4.69,12.00,0.38,114.30,
Ukraine,Q4 2021,"1,088,129.09",53.11,,"5,459,574.00","28,560.02","19,549.36",,12.55,4.69,9.00,0.25,,
Ukraine,Q1 2022,"1,131,438.91",57.00,,"4,900,000.00","29,055.70","18,131.63","1,007,166.17",13.66,6.00,10.00,10.00,,
Ukraine,Q2 2022,"1,142,502.48",55.34,,"4,900,000.00","24,618.94","13,348.25","1,004,306.71",16.88,6.90,23.50,1.03,,
Ukraine,Q3 2022,"1,186,914.38",50.67,,"4,900,000.00","29,065.25","16,899.40","1,029,104.31",18.26,8.45,24.00,1.90,,
Ukraine,Q4 2022,"1,133,562.78",52.08,,"4,900,000.00","21,336.56","15,690.66","973,791.13",18.86,9.84,22.00,3.93,,
United Arab Emirates,Q1 2009,"1,202,636.15",66.46,,,,,,,,,,,
United Arab Emirates,Q2 2009,"1,219,040.78",65.92,,,,,,,,,,,
United Arab Emirates,Q3 2009,"1,232,655.34",65.38,,,,,,,,,,,
United Arab Emirates,Q4 2009,"1,221,748.38",65.95,,,,,,,,,,,
United Arab Emirates,Q1 2010,"1,248,609.67",66.61,,,,,,,,,,,
United Arab Emirates,Q2 2010,"1,242,848.03",68.15,,,,,,,,,,,
United Arab Emirates,Q3 2010,"1,283,671.71",68.30,,,,,,,,,,,
United Arab Emirates,Q4 2010,"1,291,429.42",68.18,,,,,,,,,,,
United Arab Emirates,Q1 2011,"1,343,560.52",66.06,,,,,,,,,,,
United Arab Emirates,Q2 2011,"1,342,931.75",62.74,,,,,,,,,,,
United Arab Emirates,Q3 2011,"1,344,852.89",65.29,,,,,,,,,,,
United Arab Emirates,Q4 2011,"1,355,019.14",67.60,,,,,,,,,,,
United Arab Emirates,Q1 2012,"1,420,091.09",70.87,,,,,,,,,,,
United Arab Emirates,Q2 2012,"1,406,081.72",70.98,,,,,,,,,,,
United Arab Emirates,Q3 2012,"1,434,334.22",71.16,,,,,,,,,,,
United Arab Emirates,Q4 2012,"1,451,478.68",70.94,,,,,,,,,,,
United Arab Emirates,Q1 2013,"1,506,019.16",68.17,,,,,,,,,,,
United Arab Emirates,Q2 2013,"1,512,599.58",68.40,,,,,,,,,,,
United Arab Emirates,Q3 2013,"1,541,094.33",69.06,,,,,,,,,,,
United Arab Emirates,Q4 2013,"1,423,390.11",70.22,,,"107,688.00","179,608.00",,,,,,,
United Arab Emirates,Q1 2014,"1,471,395.36",68.10,,,0.00,0.00,,,,,,,
United Arab Emirates,Q2 2014,"1,410,281.76",68.69,,,0.00,0.00,,,,,,,
United Arab Emirates,Q3 2014,"1,465,112.67",68.14,,,0.00,0.00,,,,,,,
United Arab Emirates,Q4 2014,"1,441,640.96",68.19,,,"92,337.00","184,278.00",,,,,,,
United Arab Emirates,Q1 2015,"1,477,429.51",68.06,,,"98,338.00","176,305.00",,,,,,,
United Arab Emirates,Q2 2015,"1,516,893.67",68.55,,,"93,878.00","179,898.00",,,,,,,
United Arab Emirates,Q3 2015,"1,541,320.68",69.22,,,"93,211.00","186,675.00",,,,,,,
United Arab Emirates,Q4 2015,"1,552,714.93",69.61,,,"92,862.00","195,519.00",,,,,,,
United Arab Emirates,Q1 2016,"1,581,446.53",67.59,,,"95,097.00","201,093.00",,,,,,,
United Arab Emirates,Q2 2016,"1,615,555.70",67.94,,,"95,422.00","199,735.00",,,,,,,
United Arab Emirates,Q3 2016,"1,637,486.71",68.44,,,"97,954.00","207,946.00",,,,,,,
United Arab Emirates,Q4 2016,"1,641,967.76",68.93,,,"99,630.00","218,265.00",,,,,,,
United Arab Emirates,Q1 2017,"1,673,584.81",65.43,,,"102,942.00","224,835.00",,,,,,,
United Arab Emirates,Q2 2017,"1,656,881.73",66.30,,,"104,219.00","233,028.00",,,,,,,
United Arab Emirates,Q3 2017,"1,656,036.74",66.84,,,"79,304.00","266,858.00",,,,,,,
United Arab Emirates,Q4 2017,"1,649,475.72",66.51,,,"74,131.00","276,274.00",,,,,,,
United Arab Emirates,Q1 2018,"1,674,674.46",69.55,,,"76,082.00","278,425.00",,,,,,,
United Arab Emirates,Q2 2018,"1,691,518.00",70.59,,,"78,053.00","290,598.00",,,,,,,
United Arab Emirates,Q3 2018,"1,732,557.00",70.50,,,"75,559.00","294,615.00",,,,,,,
United Arab Emirates,Q4 2018,"1,739,634.00",71.53,,,"75,606.00","303,505.00",,,,,,,
United Arab Emirates,Q1 2019,"1,768,160.00",69.40,,,"71,958.00","314,662.00",,,,,,,
United Arab Emirates,Q2 2019,"1,780,742.00",66.15,,,"70,636.00","330,355.00",,,,,,,
United Arab Emirates,Q3 2019,"1,818,712.00",64.29,,,"69,699.00","335,225.00",,,,,,,
United Arab Emirates,Q4 2019,"1,852,554.00",67.92,,,"70,762.00","338,324.00",,,,,,,
United Arab Emirates,Q1 2020,"1,859,138.00",68.01,,,"73,674.00","340,328.00",,,,,,,
United Arab Emirates,Q2 2020,"1,879,421.00",67.25,,,"75,303.00","349,852.00",,,,,,,
United Arab Emirates,Q3 2020,"1,901,764.00",67.62,,,"76,855.00","351,485.00",,,,,,,
United Arab Emirates,Q4 2020,"1,880,694.00",68.47,,,"84,622.00","354,464.00",,,,,,,
United Arab Emirates,Q1 2021,"1,862,471.00",65.45,,,"82,868.00","357,700.00",,,,,,,
United Arab Emirates,Q2 2021,"1,879,681.00",64.49,,,"87,424.00","352,855.00",,,,,,,
United Arab Emirates,Q3 2021,"1,892,467.00",63.63,,,"87,821.00","349,762.00",,,,,,,
United Arab Emirates,Q4 2021,"1,916,002.00",62.71,,,"88,576.00","345,944.00",,,,,,,
United Arab Emirates,Q1 2022,"1,961,878.00",60.38,,,"89,735.00","345,134.00",,,,,,,
United Arab Emirates,Q2 2022,"1,999,252.00",64.08,,,"90,886.00","341,132.00",,,,,,,
United Arab Emirates,Q3 2022,"2,027,240.00",66.25,,,"92,250.00","338,272.00",,,,,,,
United Arab Emirates,Q4 2022,"2,042,055.99",68.20,,,"94,710.33","330,101.00",,,,,,,
United Kingdom,Q4 2005,,,,,"887,817.00","155,928.00",,,,,,,
United Kingdom,Q4 2008,"3,687,474.00",44.57,"1,795,665.00","1,594,737.00","733,033.20","307,228.14",,,,,,,
United Kingdom,Q2 2009,"3,449,308.00",44.68,"1,825,012.00","1,551,882.00","835,353.49","303,207.23",,,,,,,
United Kingdom,Q4 2009,"3,297,729.00",44.10,"1,849,434.00","1,551,882.00","857,265.67","294,563.39",,,,,,,
United Kingdom,Q2 2010,"3,133,898.00",41.91,"1,838,398.00","1,612,381.00","1,004,158.00","290,685.00",,,,,,0.08,0.15
United Kingdom,Q4 2010,"3,100,105.00",50.43,"1,830,458.00","1,612,381.00","982,518.00","265,729.00",,,,,,0.01,0.07
United Kingdom,Q2 2011,"3,151,859.00",43.31,"1,590,877.00","1,664,211.00","983,996.00","228,020.00",,,,,,-0.03,0.02
United Kingdom,Q4 2011,"3,087,476.00",44.19,"1,667,285.00","1,664,211.00","991,858.00","211,219.00",,,,,,-0.02,0.01
United Kingdom,Q2 2012,"3,110,622.94",43.07,"1,718,106.00","1,713,241.00","1,003,948.45","201,292.47",,,,,,0.01,0.01
United Kingdom,Q4 2012,"3,039,051.00",49.34,"1,710,897.00","1,713,241.00","1,009,177.00","191,184.00",,,,,,0.02,0.01
United Kingdom,Q2 2013,"3,102,476.00",40.64,"1,458,608.00","1,782,296.00","1,014,420.00","184,631.00",,,,,,0.02,0.00
United Kingdom,Q4 2013,"2,909,271.00",50.67,"1,378,329.00","1,782,296.00","1,029,118.00","170,727.00",,,,,,0.03,0.04
United Kingdom,Q1 2014,,,"1,383,678.00","1,862,827.00","1,034,139.00","166,495.00",,,,,,6.44,
United Kingdom,Q2 2014,"2,924,452.00",48.43,"1,367,613.00","1,862,827.00","1,040,497.00","165,954.00",,,,,,8.35,
United Kingdom,Q3 2014,,,"1,367,329.00","1,862,827.00","1,048,019.00","164,725.00",,,,,,9.11,
United Kingdom,Q4 2014,"3,597,271.00",55.84,"1,358,637.00","1,862,827.00","1,053,812.00","158,207.00",,,,,,7.70,
United Kingdom,Q1 2015,,,"1,387,769.00","1,920,998.00","1,055,097.00","165,807.00",,,,,,6.68,
United Kingdom,Q2 2015,"3,512,265.00",49.10,"1,335,896.00","1,920,998.00","1,061,796.00","161,696.00",,,,,,5.20,
United Kingdom,Q3 2015,,,"1,344,379.00","1,920,998.00","1,073,080.00","162,438.00",,,,,,5.34,
United Kingdom,Q4 2015,"3,986,201.00",50.99,"1,360,332.00","1,920,998.00","1,086,502.00","161,448.00",,,,,,6.91,
United Kingdom,Q1 2016,"3,898,300.00",46.98,"1,382,059.00","1,999,461.00","1,099,769.00","164,938.00",,,,,,8.42,
United Kingdom,Q2 2016,"4,302,947.00",45.29,"1,454,895.00","1,999,461.00","1,113,487.00","165,897.00",,,,,,8.17,
United Kingdom,Q3 2016,"4,293,279.00",53.50,"1,513,480.00","1,999,461.00","2,494,850.00","343,280.00",,,,,,6.14,
United Kingdom,Q4 2016,"4,189,730.00",53.81,"1,524,365.00","1,999,461.00","2,509,812.00","349,936.00",,,,,,5.16,
United Kingdom,Q1 2017,"4,155,298.00",52.38,"1,550,567.00","2,085,008.00","2,524,567.00","349,316.00",,,,,,3.64,
United Kingdom,Q2 2017,"4,357,226.00",51.70,"1,551,706.00","2,085,008.00","2,542,141.00","350,771.00",,,,,,4.20,
United Kingdom,Q3 2017,"4,385,808.00",51.98,"1,580,958.00","2,085,008.00","2,567,887.00","349,342.00",,,,,,4.69,
United Kingdom,Q4 2017,"4,371,792.00",52.34,"1,598,591.00","2,085,008.00","2,587,604.00","348,669.00",,,,,,4.56,
United Kingdom,Q1 2018,"5,072,487.00",48.33,"1,571,574.00","2,157,410.00","2,578,407.00","326,491.00",,,,,,3.97,
United Kingdom,Q2 2018,"5,413,442.80",44.65,"1,571,080.00","2,157,410.00","2,691,859.00","351,852.00",,,,,,2.94,
United Kingdom,Q3 2018,"5,482,170.05",44.93,"1,549,877.00","2,157,410.00","2,714,229.00","348,648.00",,,,,,2.92,
United Kingdom,Q4 2018,"5,424,175.60",46.14,"1,547,709.00","2,157,410.00","2,748,858.00","355,203.00",,,,,,1.95,
United Kingdom,Q1 2019,"5,442,783.68",46.70,"1,534,734.00","2,238,348.00","2,766,412.00","361,322.00",,,,,,1.49,
United Kingdom,Q2 2019,"5,458,001.92",44.85,"1,573,342.00","2,238,348.00","2,799,567.00","372,106.00",,,,,,0.74,
United Kingdom,Q3 2019,"5,552,570.90",45.05,"1,620,923.00","2,238,348.00","2,840,046.00","369,756.00",,,,,,0.90,
United Kingdom,Q4 2019,"5,549,162.18",44.67,"1,599,882.00","2,238,348.00","2,857,727.00","365,451.00",,,,,,0.90,
United Kingdom,Q1 2020,"5,875,610.27",43.62,"1,674,136.00","2,109,594.00","2,885,540.58","381,065.64",,,,,,2.46,
United Kingdom,Q2 2020,"5,948,192.55",41.38,"1,740,887.00","2,109,594.00","2,902,537.88","400,237.13",,,,,,2.02,
United Kingdom,Q3 2020,"5,904,783.91",42.19,"1,735,643.00","2,109,594.00","2,915,711.31","398,399.52",,,,,,3.43,
United Kingdom,Q4 2020,"6,483,557.67",43.87,"1,745,086.00","2,109,594.00","2,950,792.87","387,593.80",,,,,,6.99,
United Kingdom,Q1 2021,"5,899,021.31",44.08,"1,741,315.00","2,270,246.00","2,984,689.90","381,676.63",,,,,,8.95,
United Kingdom,Q2 2021,"5,978,019.96",42.65,"1,752,973.00","2,270,246.00","3,035,685.59","378,055.62",,,,,,13.20,
United Kingdom,Q3 2021,"6,157,335.52",42.79,"1,740,419.00","2,270,246.00","3,066,902.78","371,206.60",,,,,,11.37,
United Kingdom,Q4 2021,"6,090,341.44",43.13,"1,740,711.00","2,270,246.00","3,078,311.79","373,586.96",,,,,,8.12,
United Kingdom,Q1 2022,"6,356,555.49",45.43,"1,679,189.00","2,482,127.00","3,120,087.99","381,004.90",,,,,,8.00,
United Kingdom,Q2 2022,"6,602,097.46",43.46,"1,667,814.00","2,482,127.00","3,159,727.22","395,074.90",,,,,,6.56,
United Kingdom,Q3 2022,"7,113,066.16",42.60,"1,687,956.00","2,482,127.00","3,203,217.12","396,256.70",,,,,,8.91,
United Kingdom,Q4 2022,"6,526,155.10",44.96,"1,681,033.00","2,482,127.00","3,196,603.47","380,501.74",,,,,,8.41,
United States,Q1 2005,,,,,,,,,,,,11.42,15.63
United States,Q2 2005,,,,,,,,,,,,11.84,11.92
United States,Q3 2005,,,,,,,,,,,,11.89,9.77
United States,Q4 2005,,,,,,,,,,,,11.77,13.58
United States,Q1 2006,,,,,,,,,,,,11.04,13.32
United States,Q2 2006,,,,,,,,,,,,9.76,16.03
United States,Q3 2006,,,,,,,,,,,,7.48,13.78
United States,Q4 2006,,,,,,,,,,,,5.06,12.47
United States,Q1 2007,,,,,,,,,,,,3.18,12.33
United States,Q2 2007,,,,,,,,,,,,1.16,12.21
United States,Q3 2007,,,,,,,,,,,,-0.68,11.69
United States,Q4 2007,,,,,,,,,,,,-2.19,8.67
United States,Q1 2008,,,,,,,,,,,,-3.97,-3.00
United States,Q2 2008,,,,,,,,,,,,-6.00,-5.16
United States,Q3 2008,,,,,,,,,,,,-7.83,-9.27
United States,Q4 2008,,,,,,,,,,,,-9.33,-11.37
United States,Q1 2009,,58.03,,,,,,,,,,-9.99,-9.56
United States,Q2 2009,,57.47,,,,,,,,,,-9.85,-26.93
United States,Q3 2009,,59.23,,,,,,,,,,-8.89,-27.29
United States,Q4 2009,,60.04,,,,,,,,,,-6.97,-30.30
United States,Q1 2010,,63.72,,,,,,,,,,-4.67,-23.29
United States,Q2 2010,,63.46,,,,,,,,,,-2.60,0.68
United States,Q3 2010,,63.63,,,,,,,,,,-2.21,2.67
United States,Q4 2010,,63.61,,,,,,,,,,-3.16,11.69
United States,Q1 2011,,65.01,,,,,,,,,,-4.54,12.18
United States,Q2 2011,,64.76,,,,,,,,,,-6.02,1.66
United States,Q3 2011,,64.12,,,,,,,,,,-5.82,1.41
United States,Q4 2011,,64.37,,,,,,,,,,-4.90,6.04
United States,Q1 2012,,62.22,,,,,,,,,,-3.47,2.30
United States,Q2 2012,,62.83,,,,,,,,,,-1.05,4.23
United States,Q3 2012,,62.28,,,,,,,,,,1.20,7.49
United States,Q4 2012,,61.92,,,,,,,,,,3.46,2.98
United States,Q1 2013,,60.21,,,,,,,,,,5.31,4.39
United States,Q2 2013,,60.15,,,,,,,,,,6.74,10.75
United States,Q3 2013,,61.17,,,,,,,,,,7.91,14.85
United States,Q4 2013,,61.73,,,,,,,,,,8.53,12.85
United States,Q1 2014,,63.12,,,,,,,,,,8.34,9.69
United States,Q2 2014,,62.52,,,,,,,,,,7.67,8.54
United States,Q3 2014,,62.37,,,,,,,,,,6.69,4.91
United States,Q4 2014,,62.70,,,,,,,,,,5.67,8.55
United States,Q1 2015,,62.17,,,,,,,,,,5.49,15.00
United States,Q2 2015,,62.05,,,,,,,,,,5.44,12.55
United States,Q3 2015,,62.30,,,,,,,,,,5.96,10.10
United States,Q4 2015,,62.58,,,,,,,,,,6.90,5.74
United States,Q1 2016,,64.54,,,,,,,,,,7.22,-0.72
United States,Q2 2016,,63.55,,,,,,,,,,6.96,0.75
United States,Q3 2016,,63.73,,,,,,,,,,6.29,4.31
United States,Q4 2016,,64.07,,,,,,,,,,5.96,5.36
United States,Q1 2017,,65.67,,,,,,,,,,6.00,5.40
United States,Q2 2017,,65.06,,,,,,,,,,6.43,9.76
United States,Q3 2017,,65.36,,,,,,,,,,6.71,4.09
United States,Q4 2017,,65.78,,,,,,,,,,6.94,5.80
United States,Q1 2018,,65.89,,,,,,,,,,7.05,8.71
United States,Q2 2018,,66.04,,,,,,,,,,6.91,1.22
United States,Q3 2018,,66.38,,,,,,,,,,7.07,3.19
United States,Q4 2018,,66.86,,,,,,,,,,6.35,0.33
United States,Q1 2019,,67.78,,,,,,,,,,5.96,3.76
United States,Q2 2019,,67.51,,,,,,,,,,5.45,7.65
United States,Q3 2019,,67.06,,,,,,,,,,4.77,6.99
United States,Q4 2019,,67.03,,,,,,,,,,5.20,7.22
United States,Q1 2020,,66.47,,,,,,,,,,5.72,4.55
United States,Q2 2020,,65.26,,,,,,,,,,5.69,-1.52
United States,Q3 2020,,64.49,,,,,,,,,,6.91,0.83
United States,Q4 2020,,64.43,,,,,,,,,,9.91,5.27
United States,Q1 2021,,63.53,,,,,,,,,,12.39,4.84
United States,Q2 2021,,63.73,,,,,,,,,,16.81,9.54
United States,Q3 2021,,64.09,,,,,,,,,,18.47,15.58
United States,Q4 2021,,64.63,,,,,,,,,,16.61,16.02
United States,Q1 2022,,65.64,,,,,,,,,,17.81,11.85
United States,Q2 2022,,66.56,,,,,,,,,,17.94,8.33
United States,Q3 2022,,67.77,,,,,,,,,,14.54,2.58
United States,Q4 2022,,69.80,,,,,,,,,,10.49,-1.52
"Uzbekistan, Rep. of",Q1 2011,"11,748,200.00",36.93,,,,,,,,,,,
"Uzbekistan, Rep. of",Q2 2011,"13,258,200.00",36.12,,,,,,,,,,,
"Uzbekistan, Rep. of",Q3 2011,"13,916,900.00",35.84,,,,,,,,,,,
"Uzbekistan, Rep. of",Q4 2011,"14,326,200.00",35.21,,,,,,,,,,,
"Uzbekistan, Rep. of",Q1 2012,"15,538,900.00",36.11,,,,,,,,,,,
"Uzbekistan, Rep. of",Q2 2012,"17,082,900.00",36.34,,,,,,,,,,,
"Uzbekistan, Rep. of",Q3 2012,"18,336,000.00",36.28,,,,,,,,,,,
"Uzbekistan, Rep. of",Q4 2012,"18,600,795.71",35.64,,,,,,,,,,,
"Uzbekistan, Rep. of",Q1 2013,"20,230,716.64",37.03,,,,,,,,,,,
"Uzbekistan, Rep. of",Q2 2013,"22,422,877.67",35.60,,,,,,,,,,,
"Uzbekistan, Rep. of",Q3 2013,"24,682,094.54",36.68,,,,,,,,,,,
"Uzbekistan, Rep. of",Q4 2013,"25,562,488.69",37.29,,,,,,,,,,,
"Uzbekistan, Rep. of",Q1 2014,"26,886,085.99",37.42,,,,,,,,,,,
"Uzbekistan, Rep. of",Q2 2014,"29,918,948.81",38.33,,,,,,,,,,,
"Uzbekistan, Rep. of",Q3 2014,"31,613,247.39",39.51,,,,,,,,,,,
"Uzbekistan, Rep. of",Q4 2014,"32,160,905.88",40.28,,,,,,,,,,,
"Uzbekistan, Rep. of",Q1 2015,"33,258,020.23",42.13,,,,,,,,,,,
"Uzbekistan, Rep. of",Q2 2015,"36,510,447.46",40.67,,,,,,,,,,,
"Uzbekistan, Rep. of",Q3 2015,"38,324,633.87",40.79,,,,,,,,,,,
"Uzbekistan, Rep. of",Q4 2015,"39,718,335.04",39.90,,,,,,,,,,,
"Uzbekistan, Rep. of",Q1 2016,"41,813,090.62",38.95,,,,,,,,,,,
"Uzbekistan, Rep. of",Q2 2016,"45,333,395.78",39.18,,,,,,,,,,,
"Uzbekistan, Rep. of",Q3 2016,"48,073,744.05",40.04,,,,,,,,,,,
"Uzbekistan, Rep. of",Q4 2016,"52,610,507.24",39.45,,,,,,,,,,,
"Uzbekistan, Rep. of",Q1 2017,"59,847,567.75",36.45,,,,,,,,,,,
"Uzbekistan, Rep. of",Q2 2017,"69,918,920.65",38.93,,,,,,,,,,,
"Uzbekistan, Rep. of",Q3 2017,"104,908,788.09",31.11,,,,,,,,,,,
"Uzbekistan, Rep. of",Q4 2017,"110,572,058.42",32.55,,,,,,,,,,,
"Uzbekistan, Rep. of",Q1 2018,"121,040,071.80",41.95,,,,,,,,,,,
"Uzbekistan, Rep. of",Q2 2018,"134,615,868.13",45.52,,,,,,,,,,,
"Uzbekistan, Rep. of",Q3 2018,"151,312,723.78",49.78,,,,,,,,,,,
"Uzbekistan, Rep. of",Q4 2018,"167,390,630.15",48.42,,,,,,,,,,,
"Uzbekistan, Rep. of",Q1 2019,"187,484,323.80",53.12,,,"14,450,026.57",,"103,091,204.31",,,,,,
"Uzbekistan, Rep. of",Q2 2019,"212,115,346.00",53.10,,,"15,876,360.33",,"120,165,488.17",,,,,,
"Uzbekistan, Rep. of",Q3 2019,"238,034,153.80",51.14,,,"17,970,373.87",,"135,943,713.86",,,,,,
"Uzbekistan, Rep. of",Q4 2019,"214,344,297.62",50.71,,,"20,325,526.88",,"146,920,257.78",,,,,,
"Uzbekistan, Rep. of",Q1 2020,"225,199,122.54",46.61,,,"22,553,880.07",,"156,927,107.60",,,,,,
"Uzbekistan, Rep. of",Q2 2020,"250,602,219.40",51.39,,,"24,763,624.08",,"175,002,833.51",,,,,,
"Uzbekistan, Rep. of",Q3 2020,"267,489,941.21",54.78,,,"26,050,446.40",,"190,204,951.96",,,,,,
"Uzbekistan, Rep. of",Q4 2020,"280,727,894.38",54.35,,,"28,300,806.30",,"205,698,141.45",,,,,,
"Uzbekistan, Rep. of",Q1 2021,"287,503,926.42",41.75,,,"29,449,225.91",,"212,816,001.31",,,,,,
"Uzbekistan, Rep. of",Q2 2021,"304,597,946.11",44.00,,,"30,868,444.26",,"228,976,677.03",,,,,,
"Uzbekistan, Rep. of",Q3 2021,"315,643,044.71",47.32,,,"32,949,937.55",,"238,090,103.87",,,,,,
"Uzbekistan, Rep. of",Q4 2021,"330,863,226.27",49.03,,,"35,946,000.60",,"250,459,883.58",,,,,,
"Uzbekistan, Rep. of",Q1 2022,"345,280,251.78",39.78,,,"37,819,593.94",,"264,186,756.44",,,,,,
"Uzbekistan, Rep. of",Q2 2022,"348,765,339.75",38.59,,,"40,627,287.44",,"270,243,611.03",,,,,,
"Uzbekistan, Rep. of",Q3 2022,"368,607,460.36",41.48,,,"43,476,695.77",,"288,085,852.81",,,,,,
"Uzbekistan, Rep. of",Q4 2022,"396,130,398.76",42.13,,,"46,460,063.94",,"307,943,459.95",,,,,,