country,date,"Exchange Rates, National Currency Per U.S. Dollar, End of Period, Rate","Monetary and Financial Accounts, Interest Rates, Central Bank Policy Rates, Discount Rate, Percent per Annum","Monetary and Financial Accounts, Interest Rates, Securities Markets, Government Debt Securities, Government Bond Yields, Short to Medium Term , Percent per Annum","Monetary and Financial Accounts, Interest Rates, Securities Markets, Government Debt Securities, Treasury Bills, 3 Months, Percent per Annum","Monetary and Financial Accounts, Interest Rates, Central Bank Policy Rates, Monetary Policy-Related Interest Rate, Percent per Annum","Gross Domestic Product, Deflator, Seasonally Adjusted, Index","Labor Markets, Unemployment Rate, Percent"
Albania,Q1 2000,141.05,,,,,,
Albania,Q2 2000,139.62,,,,,,
Albania,Q3 2000,146.95,,,,,,
Albania,Q4 2000,142.64,,,,,,
Albania,Q1 2001,146.86,,,,,,
Albania,Q2 2001,148.58,,,,6.5,,
Albania,Q3 2001,141.65,,,,7,,
Albania,Q4 2001,136.55,,,,7,,
Albania,Q1 2002,143.81,,,,7.5,,
Albania,Q2 2002,139.75,,,,8.5,,
Albania,Q3 2002,138.89,,,,8.5,,
Albania,Q4 2002,133.74,,,,8.5,,
Albania,Q1 2003,129.19,,,,8.5,,15.5
Albania,Q2 2003,118.47,,,,8,,15.2
Albania,Q3 2003,118.1,,,,7.5,,15
Albania,Q4 2003,106.58,,,,6.5,,15
Albania,Q1 2004,106.51,,,,6.5,,15
Albania,Q2 2004,106.6,,,,5.75,,15
Albania,Q3 2004,101.22,,,,5.5,,14.6
Albania,Q4 2004,92.64,,,,5.25,,14.4
Albania,Q1 2005,97.15,,,,5,,14.3
Albania,Q2 2005,102.76,,,,5,,14.3
Albania,Q3 2005,102.58,,,,5,,14.3
Albania,Q4 2005,103.58,,,,5,,14.2
Albania,Q1 2006,101.53,,,,5,,14.02
Albania,Q2 2006,97.08,,,,5.25,,13.9
Albania,Q3 2006,97.07,,,,5.25,,13.8
Albania,Q4 2006,94.14,,,,5.5,,13.9
Albania,Q1 2007,94.98,,,,5.5,,13.6
Albania,Q2 2007,90.52,,,,5.75,,13.46
Albania,Q3 2007,86.88,,,,6,,13.18
Albania,Q4 2007,82.89,,,,6.25,,13.2
Albania,Q1 2008,78.29,,,,6.25,,13.04
Albania,Q2 2008,77.17,,,,6.25,,12.66
Albania,Q3 2008,86.38,,,,6.25,,12.62
Albania,Q4 2008,87.91,,,,6.25,,12.68
Albania,Q1 2009,98.63,,,,5.75,,13.56
Albania,Q2 2009,92.73,,,,5.75,,13.57
Albania,Q3 2009,91.88,,,,5.75,,13.51
Albania,Q4 2009,95.81,,,,5.25,,13.61
Albania,Q1 2010,103.31,,,,5.25,,13.7
Albania,Q2 2010,111.44,,,,5.25,,13.65
Albania,Q3 2010,101.46,,,,5,,13.8
Albania,Q4 2010,104,,,,5,,13.77
Albania,Q1 2011,99.04,,,,5.25,,13.71
Albania,Q2 2011,97.68,,,,5.25,,13.53
Albania,Q3 2011,104.19,,,,5,,13.06
Albania,Q4 2011,107.54,,,,4.75,,13.1
Albania,Q1 2012,105.2,,,,4.25,,12.83
Albania,Q2 2012,109.86,,,,4.25,,13.46
Albania,Q3 2012,108.34,,,,4,,13.06
Albania,Q4 2012,105.85,,,,4,,14.14
Albania,Q1 2013,109.15,,,,3.75,,14.3
Albania,Q2 2013,107.99,,,,3.75,,15.88
Albania,Q3 2013,104.76,,,,3.5,,16.71
Albania,Q4 2013,101.86,,,,3,,16.69
Albania,Q1 2014,101.89,,,,2.75,,20.07
Albania,Q2 2014,102.78,,,,2.5,,17.36
Albania,Q3 2014,110.89,,,,2.5,,17.15
Albania,Q4 2014,115.23,,,,2.25,,17.82
Albania,Q1 2015,130.63,,,,2,,17.04
Albania,Q2 2015,125.57,,,,2,,17.08
Albania,Q3 2015,124.24,,,,2,,17.25
Albania,Q4 2015,125.79,,,,1.75,,17.39
Albania,Q1 2016,122.26,,,,1.75,,17
Albania,Q2 2016,123.5,,,,1.25,,15.69
Albania,Q3 2016,122.74,,,,1.25,,14.86
Albania,Q4 2016,128.17,,,,1.25,,14.15
Albania,Q1 2017,127.34,,,,1.25,,14.27
Albania,Q2 2017,116.3,,,,1.25,,13.39
Albania,Q3 2017,113.37,,,,1.25,,13.61
Albania,Q4 2017,111.1,,,,1.25,,13.22
Albania,Q1 2018,105.8,,,,1.25,,12.47
Albania,Q2 2018,108.13,,,,1,,12.4
Albania,Q3 2018,108.75,,,,1,,12.17
Albania,Q4 2018,107.82,,,,1,,12.18
Albania,Q1 2019,111.67,,,,1,,12
Albania,Q2 2019,107.69,,,,1,,11.38
Albania,Q3 2019,111.7,,,,1,,11.34
Albania,Q4 2019,108.64,,,,1,,11.15
Albania,Q1 2020,118.75,,,,0.5,,11.4
Albania,Q2 2020,110.95,,,,0.5,,11.9
Albania,Q3 2020,105.99,,,,0.5,,11.6
Albania,Q4 2020,100.84,,,,0.5,,11.8
Albania,Q1 2021,104.91,,,,0.5,,11.9
Albania,Q2 2021,103.1,,,,0.5,,11.56
Albania,Q3 2021,104.79,,,,0.5,,
Albania,Q4 2021,106.54,,,,0.5,,
Albania,Q1 2022,109.28,,,,1,,
Albania,Q2 2022,114.22,,,,1.25,,
Albania,Q3 2022,118.85,,,,2.25,,
Albania,Q4 2022,107.05,,,,2.75,,
Argentina,Q1 2000,1,,,,,,
Argentina,Q2 2000,1,,,,,,
Argentina,Q3 2000,1,,,,,,
Argentina,Q4 2000,1,,,,,,
Argentina,Q1 2001,1,,,,,,
Argentina,Q2 2001,1,,,,,,
Argentina,Q3 2001,1,,,,,,
Argentina,Q4 2001,1,,,,,,
Argentina,Q1 2002,2.95,,,,82.46,,
Argentina,Q2 2002,3.75,,,,41.83,,
Argentina,Q3 2002,3.69,,,,23.51,,
Argentina,Q4 2002,3.32,,,,6.63,,
Argentina,Q1 2003,2.93,,,,6.63,,
Argentina,Q2 2003,2.75,,,,3.13,,
Argentina,Q3 2003,2.87,,,,1.57,,16.13
Argentina,Q4 2003,2.91,,,,1.67,,14.45
Argentina,Q1 2004,2.84,,,,1.28,39.01,14.29
Argentina,Q2 2004,2.94,,,,2.5,41.59,14.66
Argentina,Q3 2004,2.96,,,,2.5,40.08,13.15
Argentina,Q4 2004,2.96,,,,2.5,40.92,12
Argentina,Q1 2005,2.9,,,,2.75,41.87,12.93
Argentina,Q2 2005,2.87,,,,4.25,44.19,11.95
Argentina,Q3 2005,2.89,,,,4.25,45.12,11.14
Argentina,Q4 2005,3.01,,,,5,46.97,10.03
Argentina,Q1 2006,3.06,,,,5,49.02,11.31
Argentina,Q2 2006,3.07,,,,5.75,49.77,10.33
Argentina,Q3 2006,3.08,,,,5.75,51.19,10.09
Argentina,Q4 2006,3.04,,,,6.25,52.65,8.61
Argentina,Q1 2007,3.08,,,,10.4,54.2,9.68
Argentina,Q2 2007,3.07,,,,10.25,56.34,8.26
Argentina,Q3 2007,3.13,,,,10.37,59.31,
Argentina,Q4 2007,3.13,,,,10.75,62.91,7.53
Argentina,Q1 2008,3.15,,,,11.07,67.12,8.33
Argentina,Q2 2008,3.01,,,,11.84,71.39,7.97
Argentina,Q3 2008,3.12,,,,12.26,72.89,7.77
Argentina,Q4 2008,3.43,,,,12.05,75.79,7.29
Argentina,Q1 2009,3.7,,,,14,77.68,8.38
Argentina,Q2 2009,3.78,,,,16.25,81.31,8.74
Argentina,Q3 2009,3.82,,,,9.75,83.72,9.09
Argentina,Q4 2009,3.78,,,,9.5,88.25,8.38
Argentina,Q1 2010,3.86,,,,9.5,92.91,8.28
Argentina,Q2 2010,3.91,,,,9.5,96.16,7.85
Argentina,Q3 2010,3.94,,,,9.5,102.47,7.44
Argentina,Q4 2010,3.96,,,,9.5,108.45,7.29
Argentina,Q1 2011,4.03,,,,9.5,113.55,7.38
Argentina,Q2 2011,4.09,,,,9.5,121.14,7.36
Argentina,Q3 2011,4.19,,,,9.5,127.47,7.24
Argentina,Q4 2011,4.28,,,,9.5,133.04,6.75
Argentina,Q1 2012,4.36,,,,9.5,139.9,7.14
Argentina,Q2 2012,4.53,,,,9.5,148.87,7.22
Argentina,Q3 2012,4.68,,,,9.5,155.33,7.63
Argentina,Q4 2012,4.9,,,,9.5,161.65,6.86
Argentina,Q1 2013,5.1,,,,9.5,170.1,7.93
Argentina,Q2 2013,5.38,,,,9.5,180.46,7.25
Argentina,Q3 2013,5.78,,,,9.5,192,6.83
Argentina,Q4 2013,6.5,,,,9.5,208.47,6.4
Argentina,Q1 2014,7.95,,,,28.63,233.84,7.12
Argentina,Q2 2014,8.08,,,,26.8,257.02,7.5
Argentina,Q3 2014,8.38,,,,26.86,272.34,7.52
Argentina,Q4 2014,8.51,,,,26.86,290.78,6.93
Argentina,Q1 2015,8.77,,,,26.22,302.23,7.11
Argentina,Q2 2015,9.04,,,,26.04,314.19,6.56
Argentina,Q3 2015,9.38,,,,26.04,346.44,
Argentina,Q4 2015,13.1,,,,33,370.57,
Argentina,Q1 2016,14.6,,,,38,415.08,
Argentina,Q2 2016,15,,,,30.75,461.32,9.32
Argentina,Q3 2016,15.3,,,,26.75,491.03,8.52
Argentina,Q4 2016,15.9,,,,24.75,515.08,7.56
Argentina,Q1 2017,15.4,,,,24.75,546.21,9.21
Argentina,Q2 2017,16.6,,,,26.25,561.91,8.72
Argentina,Q3 2017,17.3,,,,26.25,615.79,8.27
Argentina,Q4 2017,18.6,,,,28.75,645.68,7.21
Argentina,Q1 2018,20.6,,,,27.25,714.69,9.15
Argentina,Q2 2018,28.8,,,,40,789.27,9.61
Argentina,Q3 2018,41.15,,,,65,883.06,8.99
Argentina,Q4 2018,37.6,,,,59.25,989.97,9.13
Argentina,Q1 2019,43.25,,,,68.16,"1,068.75",10.08
Argentina,Q2 2019,42.36,,,,62.69,"1,171.47",10.65
Argentina,Q3 2019,57.49,,,,78.37,"1,295.85",9.74
Argentina,Q4 2019,59.79,,,,55,"1,491.13",8.9
Argentina,Q1 2020,64.37,,,,38,"1,603.63",10.38
Argentina,Q2 2020,70.36,,,,38,"1,642.14",13.08
Argentina,Q3 2020,76.08,,,,38,"1,780.82",11.72
Argentina,Q4 2020,84.05,,,,38,"1,997.56",10.96
Argentina,Q1 2021,91.9,,,,38,"2,295.43",10.17
Argentina,Q2 2021,95.62,,,,38,"2,645.27",9.61
Argentina,Q3 2021,98.64,,,,38,"2,766.92",8.24
Argentina,Q4 2021,102.62,,,,38,"3,100.24",6.97
Argentina,Q1 2022,110.91,,,,44.5,"3,524.11",6.96
Argentina,Q2 2022,125.13,,,,52,"4,132.83",
Argentina,Q3 2022,147.22,,,,,"4,836.01",
Argentina,Q4 2022,177.06,,,,,"5,856.01",
"Armenia, Rep. of",Q1 2000,527.61,,,,19,,
"Armenia, Rep. of",Q2 2000,547.89,,,,15,,
"Armenia, Rep. of",Q3 2000,536.42,,,,18,,
"Armenia, Rep. of",Q4 2000,552.18,,,,25,,
"Armenia, Rep. of",Q1 2001,544.68,,,,23,,
"Armenia, Rep. of",Q2 2001,554.11,,,,16,,
"Armenia, Rep. of",Q3 2001,554.14,,,,15,,
"Armenia, Rep. of",Q4 2001,561.81,,,,15,,
"Armenia, Rep. of",Q1 2002,576.96,,,,13.5,,
"Armenia, Rep. of",Q2 2002,577.14,,,,13.5,,
"Armenia, Rep. of",Q3 2002,580.18,,,,13.5,,
"Armenia, Rep. of",Q4 2002,584.89,,,,13.5,,
"Armenia, Rep. of",Q1 2003,589.52,,,,10,,
"Armenia, Rep. of",Q2 2003,584.8,,,,10,,
"Armenia, Rep. of",Q3 2003,570.13,,,,9,,
"Armenia, Rep. of",Q4 2003,566,,,,7,,
"Armenia, Rep. of",Q1 2004,561.55,,,,6,,9.8
"Armenia, Rep. of",Q2 2004,534.49,,,,6,,9.33
"Armenia, Rep. of",Q3 2004,508.22,,,,4,,9.2
"Armenia, Rep. of",Q4 2004,485.84,,,,3.75,,9.4
"Armenia, Rep. of",Q1 2005,458.13,,,,3.75,,9.07
"Armenia, Rep. of",Q2 2005,442.34,,,,3.75,,8.3
"Armenia, Rep. of",Q3 2005,444.21,,,,3,,7.73
"Armenia, Rep. of",Q4 2005,450.19,,,,3.5,,7.67
"Armenia, Rep. of",Q1 2006,450.92,,,,4,,7.73
"Armenia, Rep. of",Q2 2006,418.79,,,,4,,7.57
"Armenia, Rep. of",Q3 2006,381.5,,,,4.5,,7.4
"Armenia, Rep. of",Q4 2006,363.5,,,,4.75,,7.37
"Armenia, Rep. of",Q1 2007,362.13,,,,4.75,,7.33
"Armenia, Rep. of",Q2 2007,340.95,,,,4.5,,7.2
"Armenia, Rep. of",Q3 2007,335.79,,,,4.75,,6.8
"Armenia, Rep. of",Q4 2007,304.22,,,,5.75,,6.6
"Armenia, Rep. of",Q1 2008,307.25,,,,6.25,,6.37
"Armenia, Rep. of",Q2 2008,302.65,,,,7,,6.27
"Armenia, Rep. of",Q3 2008,302.12,,,,7.75,,6.23
"Armenia, Rep. of",Q4 2008,306.73,,,,7.25,,6.3
"Armenia, Rep. of",Q1 2009,367.77,,,,7.75,,6.6
"Armenia, Rep. of",Q2 2009,360.06,,,,6,,6.93
"Armenia, Rep. of",Q3 2009,384.28,,,,5,,6.87
"Armenia, Rep. of",Q4 2009,377.89,,,,5,,7
"Armenia, Rep. of",Q1 2010,400.5,,,,6.5,,7.3
"Armenia, Rep. of",Q2 2010,367.5,,,,7.25,,7.1
"Armenia, Rep. of",Q3 2010,361.31,,,,7.25,,7.1
"Armenia, Rep. of",Q4 2010,363.44,,,,7.25,,7.03
"Armenia, Rep. of",Q1 2011,369.68,,,,8.25,,6.63
"Armenia, Rep. of",Q2 2011,368.86,,,,8.5,,6.47
"Armenia, Rep. of",Q3 2011,372.05,,,,8,,6.33
"Armenia, Rep. of",Q4 2011,385.77,,,,8,,6.2
"Armenia, Rep. of",Q1 2012,390.64,,,,8,,20.05
"Armenia, Rep. of",Q2 2012,418.01,,,,8,,17.43
"Armenia, Rep. of",Q3 2012,406.25,,,,8,,16.04
"Armenia, Rep. of",Q4 2012,403.58,,,,8,,15.71
"Armenia, Rep. of",Q1 2013,418.58,,,,8,,16.93
"Armenia, Rep. of",Q2 2013,409.9,,,,8,,16.2
"Armenia, Rep. of",Q3 2013,405.29,,,,8.5,,15.38
"Armenia, Rep. of",Q4 2013,405.64,,,,7.75,,16.2
"Armenia, Rep. of",Q1 2014,413.31,,,,7.5,,17.69
"Armenia, Rep. of",Q2 2014,407.28,,,,7,,17.2
"Armenia, Rep. of",Q3 2014,407.6,,,,6.75,,17.1
"Armenia, Rep. of",Q4 2014,474.97,,,,8.5,,17.74
"Armenia, Rep. of",Q1 2015,471.13,,,,10.5,,19.44
"Armenia, Rep. of",Q2 2015,472.53,,,,10.5,,17.84
"Armenia, Rep. of",Q3 2015,473.71,,,,10.25,,15.89
"Armenia, Rep. of",Q4 2015,483.75,,,,8.75,,19.23
"Armenia, Rep. of",Q1 2016,480.79,,,,8.25,,18.17
"Armenia, Rep. of",Q2 2016,476.68,,,,7.5,,18.35
"Armenia, Rep. of",Q3 2016,474.46,,,,6.75,,17.95
"Armenia, Rep. of",Q4 2016,483.94,,,,6.25,,16.08
"Armenia, Rep. of",Q1 2017,483.45,,,,6,,18.87
"Armenia, Rep. of",Q2 2017,480.47,,,,6,,17.74
"Armenia, Rep. of",Q3 2017,478.41,,,,6,,16.39
"Armenia, Rep. of",Q4 2017,484.1,,,,6,,17.93
"Armenia, Rep. of",Q1 2018,480.06,,,,6,,16.4
"Armenia, Rep. of",Q2 2018,482.24,,,,6,,14.58
"Armenia, Rep. of",Q3 2018,482.71,,,,6,,10.24
"Armenia, Rep. of",Q4 2018,483.75,,,,6,,11.93
"Armenia, Rep. of",Q1 2019,486.44,,,,5.75,,17.73
"Armenia, Rep. of",Q2 2019,477.11,,,,5.75,,12.09
"Armenia, Rep. of",Q3 2019,475.97,,,,5.5,,9.18
"Armenia, Rep. of",Q4 2019,479.7,,,,5.5,,10.41
"Armenia, Rep. of",Q1 2020,504.47,,,,5.25,,14.97
"Armenia, Rep. of",Q2 2020,482.36,,,,4.5,,11.59
"Armenia, Rep. of",Q3 2020,488.41,,,,4.25,,9.88
"Armenia, Rep. of",Q4 2020,522.59,,,,5.25,,11.65
"Armenia, Rep. of",Q1 2021,531.17,,,,5.5,,13.08
"Armenia, Rep. of",Q2 2021,495.86,,,,6.5,,9.95
"Armenia, Rep. of",Q3 2021,484.2,,,,7.25,,7.3
"Armenia, Rep. of",Q4 2021,480.14,,,,7.75,,10
"Armenia, Rep. of",Q1 2022,485.91,,,,9.25,,
"Armenia, Rep. of",Q2 2022,407.21,,,,9.25,,
"Armenia, Rep. of",Q3 2022,405.65,,,,10,,
"Armenia, Rep. of",Q4 2022,393.57,,,,10.75,,
Australia,Q1 2000,1.65,,6.68,,5.5,67.35,7.18
Australia,Q2 2000,1.67,,6.23,,6,67.54,6.27
Australia,Q3 2000,1.84,,6.18,,6.25,69.03,5.79
Australia,Q4 2000,1.81,,5.77,,6.25,68.9,5.91
Australia,Q1 2001,2.04,,4.85,,5.5,70.16,6.89
Australia,Q2 2001,1.97,,5.18,,5,70.26,6.82
Australia,Q3 2001,2.03,,5.23,,4.75,70.92,6.61
Australia,Q4 2001,1.96,,4.66,,4.25,71.04,6.65
Australia,Q1 2002,1.88,,5.4,,4.25,72.07,7.21
Australia,Q2 2002,1.77,,5.73,,4.75,72.04,6.36
Australia,Q3 2002,1.84,,5.23,,4.75,72.86,6.05
Australia,Q4 2002,1.77,,4.9,,4.75,73.47,5.85
Australia,Q1 2003,1.66,,4.58,,4.75,74.12,6.6
Australia,Q2 2003,1.5,,4.51,,4.75,74.53,6.02
Australia,Q3 2003,1.47,,4.92,,4.75,74.99,5.67
Australia,Q4 2003,1.33,,5.54,,5.25,75.61,5.42
Australia,Q1 2004,1.32,,5.33,,5.25,76.47,6.04
Australia,Q2 2004,1.45,,5.39,,5.25,77.11,5.42
Australia,Q3 2004,1.4,,5.28,,5.25,77.65,5.26
Australia,Q4 2004,1.28,,5.09,,5.25,78.39,4.87
Australia,Q1 2005,1.3,,5.38,,5.5,79.22,5.58
Australia,Q2 2005,1.31,,5.26,,5.5,80.52,5.04
Australia,Q3 2005,1.31,,5.15,,5.5,81.54,4.76
Australia,Q4 2005,1.36,,5.32,,5.5,82.64,4.75
Australia,Q1 2006,1.4,,5.24,,5.5,83.6,5.51
Australia,Q2 2006,1.35,,5.67,,5.75,84.43,4.85
Australia,Q3 2006,1.34,,5.87,,6,85.62,4.49
Australia,Q4 2006,1.26,,5.94,,6.25,86.76,4.29
Australia,Q1 2007,1.24,,6.05,,6.25,87.83,4.98
Australia,Q2 2007,1.18,,6.24,,6.25,88.48,4.32
Australia,Q3 2007,1.13,,6.3,,6.5,88.88,4.08
Australia,Q4 2007,1.13,,6.6,,6.75,90.26,4.14
Australia,Q1 2008,1.09,,6.51,,7.25,91.69,4.45
Australia,Q2 2008,1.04,,6.52,,7.25,93.73,4.25
Australia,Q3 2008,1.25,,5.9,,7,96.07,4.02
Australia,Q4 2008,1.44,,3.99,,4.25,96.67,4.22
Australia,Q1 2009,1.45,,3.14,,3.25,96.13,5.78
Australia,Q2 2009,1.23,,3.97,,3,94.1,5.71
Australia,Q3 2009,1.14,,4.8,,3,94.1,5.46
Australia,Q4 2009,1.11,,4.99,,3.75,95.49,5.29
Australia,Q1 2010,1.09,,4.92,,4,97.29,5.81
Australia,Q2 2010,1.17,,4.97,,4.5,100.06,5.26
Australia,Q3 2010,1.03,,4.59,,4.5,100.81,4.94
Australia,Q4 2010,0.98,,5.07,,4.75,101.84,4.85
Australia,Q1 2011,0.97,,5.1,,4.75,103.72,5.41
Australia,Q2 2011,0.93,,4.96,,4.75,105.01,4.93
Australia,Q3 2011,1.02,,4,,4.75,105.52,5.02
Australia,Q4 2011,0.98,,3.43,,4.25,104.56,4.96
Australia,Q1 2012,0.96,,3.48,,4.25,103.8,5.6
Australia,Q2 2012,0.98,,2.71,,3.5,104.56,5.07
Australia,Q3 2012,0.96,,2.54,,3.5,104.17,5.11
Australia,Q4 2012,0.96,,2.6,,3,104.1,5.12
Australia,Q1 2013,0.96,,2.85,,3,104.54,5.96
Australia,Q2 2013,1.08,,2.66,,2.75,105.4,5.57
Australia,Q3 2013,1.07,,2.76,,2.5,105.65,5.55
Australia,Q4 2013,1.13,,2.98,,2.5,106.42,5.57
Australia,Q1 2014,1.08,,2.94,,2.5,106.39,6.47
Australia,Q2 2014,1.06,,2.89,,2.5,105.91,5.85
Australia,Q3 2014,1.14,,2.7,,2.5,105.39,6.03
Australia,Q4 2014,1.22,,2.48,,2.5,105.63,5.96
Australia,Q1 2015,1.31,,1.94,,2.25,105.34,6.65
Australia,Q2 2015,1.3,,1.97,,2,105.11,5.94
Australia,Q3 2015,1.43,,1.89,,2,105.19,6.09
Australia,Q4 2015,1.37,,2,,2,104.6,5.55
Australia,Q1 2016,1.31,,1.9,,2,104.32,6.22
Australia,Q2 2016,1.35,,1.71,,1.75,104.96,5.61
Australia,Q3 2016,1.31,,1.5,,1.5,106.29,5.57
Australia,Q4 2016,1.38,,1.82,,1.5,108.61,5.44
Australia,Q1 2017,1.31,,1.96,,1.5,110.24,6.24
Australia,Q2 2017,1.3,,1.78,,1.5,109.49,5.52
Australia,Q3 2017,1.28,,1.98,,1.5,109.83,5.44
Australia,Q4 2017,1.28,,2.01,,1.5,110.01,5.19
Australia,Q1 2018,1.3,,2.13,,1.5,111.09,5.96
Australia,Q2 2018,1.35,,2.16,,1.5,111.61,5.36
Australia,Q3 2018,1.38,,2.07,,1.5,112.85,5.12
Australia,Q4 2018,1.42,,2.03,,1.5,113.84,4.79
Australia,Q1 2019,1.41,,1.66,,1.5,114.87,5.42
Australia,Q2 2019,1.45,,1.2,,1.25,115.9,5.16
Australia,Q3 2019,1.48,,0.8,,1,116.81,5.18
Australia,Q4 2019,1.43,,0.73,,0.75,116.06,4.9
Australia,Q1 2020,1.62,,,,0.25,116.85,5.59
Australia,Q2 2020,1.46,,,,0.25,115.58,6.84
Australia,Q3 2020,1.41,,,,0.25,116.52,6.99
Australia,Q4 2020,1.3,,,,0.1,118.21,6.43
Australia,Q1 2021,1.32,,,,0.1,120.76,6.37
Australia,Q2 2021,1.33,,,,0.1,122.97,5.11
Australia,Q3 2021,1.39,,,,0.1,125.07,4.57
Australia,Q4 2021,1.38,,,,0.1,124.4,4.41
Australia,Q1 2022,1.34,,,,0.1,129.43,4.35
Australia,Q2 2022,1.45,,,,0.85,133.4,3.76
Australia,Q3 2022,1.54,,,,,133.58,3.45
Australia,Q4 2022,1.48,,,,,135.72,3.27
Austria,Q1 2000,,,,,,84.27,5.23
Austria,Q2 2000,,,,,,83.74,3.47
Austria,Q3 2000,,,,,,84.22,3.4
Austria,Q4 2000,,,,,,84.71,3.63
Austria,Q1 2001,,,,,,85.08,4.43
Austria,Q2 2001,,,,,,85.69,3.73
Austria,Q3 2001,,,,,,85.87,3.67
Austria,Q4 2001,,,,,,86.78,4.1
Austria,Q1 2002,,,,,,86.03,5.37
Austria,Q2 2002,,,,,,86.64,3.97
Austria,Q3 2002,,,,,,86.99,3.97
Austria,Q4 2002,,,,,,87.69,4.23
Austria,Q1 2003,,,,,,87.81,5.3
Austria,Q2 2003,,,,,,87.86,4.6
Austria,Q3 2003,,,,,,87.95,4.37
Austria,Q4 2003,,,,,,88.27,4.77
Austria,Q1 2004,,,,,,89.04,6.73
Austria,Q2 2004,,,,,,88.89,5.6
Austria,Q3 2004,,,,,,89.48,5.47
Austria,Q4 2004,,,,,,90.42,5.77
Austria,Q1 2005,,,,,,91.26,6.57
Austria,Q2 2005,,,,,,91.59,5.87
Austria,Q3 2005,,,,,,91.97,5.73
Austria,Q4 2005,,,,,,92.08,5.97
Austria,Q1 2006,,,,,,92.75,6.93
Austria,Q2 2006,,,,,,93.17,5.47
Austria,Q3 2006,,,,,,93.83,5
Austria,Q4 2006,,,,,,94,5.17
Austria,Q1 2007,,,,,,94.73,5.93
Austria,Q2 2007,,,,,,95.13,5.27
Austria,Q3 2007,,,,,,95.62,5
Austria,Q4 2007,,,,,,96.41,4.67
Austria,Q1 2008,,,,,,96.65,5.2
Austria,Q2 2008,,,,,,97.03,3.9
Austria,Q3 2008,,,,,,97.57,4.13
Austria,Q4 2008,,,,,,98.01,4.53
Austria,Q1 2009,,,,,,98.43,5.73
Austria,Q2 2009,,,,,,98.93,5.5
Austria,Q3 2009,,,,,,99.47,5.83
Austria,Q4 2009,,,,,,99.73,5.6
Austria,Q1 2010,,,,,,99.73,6.1
Austria,Q2 2010,,,,,,99.81,5.13
Austria,Q3 2010,,,,,,100,4.87
Austria,Q4 2010,,,,,,100.46,4.67
Austria,Q1 2011,,,,,,101.43,5.83
Austria,Q2 2011,,,,,,101.75,4.6
Austria,Q3 2011,,,,,,102.09,4.1
Austria,Q4 2011,,,,,,102.03,5.07
Austria,Q1 2012,,,,,,103.16,5.43
Austria,Q2 2012,,,,,,103.62,5
Austria,Q3 2012,,,,,,104.11,5.17
Austria,Q4 2012,,,,,,104.67,5.17
Austria,Q1 2013,,,,,,104.71,6.63
Austria,Q2 2013,,,,,,105.4,5.17
Austria,Q3 2013,,,,,,105.98,5.43
Austria,Q4 2013,,,,,,106.15,5.67
Austria,Q1 2014,,,,,,106.51,6.87
Austria,Q2 2014,,,,,,107.54,5.67
Austria,Q3 2014,,,,,,108.31,5.7
Austria,Q4 2014,,,,,,108.97,5.9
Austria,Q1 2015,,,,,,109.05,6.77
Austria,Q2 2015,,,,,,110.09,6.03
Austria,Q3 2015,,,,,,110.73,5.73
Austria,Q4 2015,,,,,,111.24,6.07
Austria,Q1 2016,,,,,,112.33,7.27
Austria,Q2 2016,,,,,,112.61,6.33
Austria,Q3 2016,,,,,,112.41,6.27
Austria,Q4 2016,,,,,,111.92,5.93
Austria,Q1 2017,,,,,,112.49,6.9
Austria,Q2 2017,,,,,,113.35,5.6
Austria,Q3 2017,,,,,,113.8,5.6
Austria,Q4 2017,,,,,,114.03,5.6
Austria,Q1 2018,,,,,,115.14,6.1
Austria,Q2 2018,,,,,,114.94,4.8
Austria,Q3 2018,,,,,,115.66,5.03
Austria,Q4 2018,,,,,,116.14,4.9
Austria,Q1 2019,,,,,,116.3,5.73
Austria,Q2 2019,,,,,,116.7,4.67
Austria,Q3 2019,,,,,,117.72,4.53
Austria,Q4 2019,,,,,,118.22,4.43
Austria,Q1 2020,,,,,,118.84,5.23
Austria,Q2 2020,,,,,,120.62,6.77
Austria,Q3 2020,,,,,,120.5,6.1
Austria,Q4 2020,,,,,,121.01,6
Austria,Q1 2021,,,,,,121.72,7.97
Austria,Q2 2021,,,,,,122.14,6.53
Austria,Q3 2021,,,,,,123.04,5.27
Austria,Q4 2021,,,,,,123.31,5.03
Austria,Q1 2022,,,,,,125.81,5.27
Austria,Q2 2022,,,,,,127.47,4.27
Austria,Q3 2022,,,,,,129.43,4.7
Austria,Q4 2022,,,,,,131.35,4.8
"Azerbaijan, Rep. of",Q1 2000,0.88,,,,10,,
"Azerbaijan, Rep. of",Q2 2000,0.9,,,,10,,
"Azerbaijan, Rep. of",Q3 2000,0.91,,,,10,,
"Azerbaijan, Rep. of",Q4 2000,0.91,,,,10,,
"Azerbaijan, Rep. of",Q1 2001,0.92,,,,10,,
"Azerbaijan, Rep. of",Q2 2001,0.93,,,,10,,
"Azerbaijan, Rep. of",Q3 2001,0.94,,,,10,,
"Azerbaijan, Rep. of",Q4 2001,0.96,,,,10,,
"Azerbaijan, Rep. of",Q1 2002,0.97,,,,10,,
"Azerbaijan, Rep. of",Q2 2002,0.97,,,,10,,
"Azerbaijan, Rep. of",Q3 2002,0.98,,,,7,,
"Azerbaijan, Rep. of",Q4 2002,0.98,,,,7,,
"Azerbaijan, Rep. of",Q1 2003,0.98,,,,7,,
"Azerbaijan, Rep. of",Q2 2003,0.98,,,,7,,
"Azerbaijan, Rep. of",Q3 2003,0.98,,,,7,,
"Azerbaijan, Rep. of",Q4 2003,0.98,,,,7,,
"Azerbaijan, Rep. of",Q1 2004,0.99,,,,7,,
"Azerbaijan, Rep. of",Q2 2004,0.98,,,,7,,
"Azerbaijan, Rep. of",Q3 2004,0.98,,,,7,,
"Azerbaijan, Rep. of",Q4 2004,0.98,,,,7,,
"Azerbaijan, Rep. of",Q1 2005,0.97,,,,7,,
"Azerbaijan, Rep. of",Q2 2005,0.94,,,,7.5,,
"Azerbaijan, Rep. of",Q3 2005,0.92,,,,8,,
"Azerbaijan, Rep. of",Q4 2005,0.92,,,,9,,
"Azerbaijan, Rep. of",Q1 2006,0.91,,,,9,,
"Azerbaijan, Rep. of",Q2 2006,0.9,,,,9.5,,
"Azerbaijan, Rep. of",Q3 2006,0.88,,,,9.5,,
"Azerbaijan, Rep. of",Q4 2006,0.87,,,,9.5,,
"Azerbaijan, Rep. of",Q1 2007,0.87,,,,9.5,,
"Azerbaijan, Rep. of",Q2 2007,0.86,,,,13,,
"Azerbaijan, Rep. of",Q3 2007,0.85,,,,13,,
"Azerbaijan, Rep. of",Q4 2007,0.85,,,,13,,
"Azerbaijan, Rep. of",Q1 2008,0.83,,,,13,,5.79
"Azerbaijan, Rep. of",Q2 2008,0.81,,,,15,,5.74
"Azerbaijan, Rep. of",Q3 2008,0.81,,,,15,,5.7
"Azerbaijan, Rep. of",Q4 2008,0.8,,,,8,,5.62
"Azerbaijan, Rep. of",Q1 2009,0.8,,,,3,,5.8
"Azerbaijan, Rep. of",Q2 2009,0.8,,,,2,,5.77
"Azerbaijan, Rep. of",Q3 2009,0.8,,,,2,,5.75
"Azerbaijan, Rep. of",Q4 2009,0.8,,,,2,,5.7
"Azerbaijan, Rep. of",Q1 2010,0.8,,,,2,,5.72
"Azerbaijan, Rep. of",Q2 2010,0.8,,,,2,,5.69
"Azerbaijan, Rep. of",Q3 2010,0.8,,,,2,,5.66
"Azerbaijan, Rep. of",Q4 2010,0.8,,,,3,,5.63
"Azerbaijan, Rep. of",Q1 2011,0.79,,,,5,,5.6
"Azerbaijan, Rep. of",Q2 2011,0.79,,,,5.25,,5.55
"Azerbaijan, Rep. of",Q3 2011,0.79,,,,5.25,,5.51
"Azerbaijan, Rep. of",Q4 2011,0.79,,,,5.25,,5.42
"Azerbaijan, Rep. of",Q1 2012,0.79,,,,5.25,,5.35
"Azerbaijan, Rep. of",Q2 2012,0.79,,,,5.25,,5.3
"Azerbaijan, Rep. of",Q3 2012,0.79,,,,5.25,,5.26
"Azerbaijan, Rep. of",Q4 2012,0.79,,,,5,,5.19
"Azerbaijan, Rep. of",Q1 2013,0.78,,,,4.75,,5.16
"Azerbaijan, Rep. of",Q2 2013,0.78,,,,4.75,,5.09
"Azerbaijan, Rep. of",Q3 2013,0.78,,,,4.75,,5.02
"Azerbaijan, Rep. of",Q4 2013,0.78,,,,4.75,,4.97
"Azerbaijan, Rep. of",Q1 2014,0.78,,,,4.75,,4.95
"Azerbaijan, Rep. of",Q2 2014,0.78,,,,4.25,,4.95
"Azerbaijan, Rep. of",Q3 2014,0.78,,,,3.5,,4.94
"Azerbaijan, Rep. of",Q4 2014,0.78,,,,3.5,,4.91
"Azerbaijan, Rep. of",Q1 2015,1.05,,,,3.5,,4.89
"Azerbaijan, Rep. of",Q2 2015,1.05,,,,3.5,,4.85
"Azerbaijan, Rep. of",Q3 2015,1.05,,,,3,,4.81
"Azerbaijan, Rep. of",Q4 2015,1.56,,,,3,,4.96
"Azerbaijan, Rep. of",Q1 2016,1.54,,,,7,,4.96
"Azerbaijan, Rep. of",Q2 2016,1.54,,,,7,,4.95
"Azerbaijan, Rep. of",Q3 2016,1.62,,,,15,,4.95
"Azerbaijan, Rep. of",Q4 2016,1.77,,,,15,,5.04
"Azerbaijan, Rep. of",Q1 2017,1.72,,,,15,,5.03
"Azerbaijan, Rep. of",Q2 2017,1.7,,,,15,,4.99
"Azerbaijan, Rep. of",Q3 2017,1.7,,,,15,,
"Azerbaijan, Rep. of",Q4 2017,1.7,,,,15,,
"Azerbaijan, Rep. of",Q1 2018,1.7,,,,13,,
"Azerbaijan, Rep. of",Q2 2018,1.7,,,,10,,
"Azerbaijan, Rep. of",Q3 2018,1.7,,,,10,,
"Azerbaijan, Rep. of",Q4 2018,1.7,,,,9.75,,
"Azerbaijan, Rep. of",Q1 2019,1.7,,,,9,,
"Azerbaijan, Rep. of",Q2 2019,1.7,,,,8.5,,
"Azerbaijan, Rep. of",Q3 2019,1.7,,,,8,,
"Azerbaijan, Rep. of",Q4 2019,1.7,,,,7.5,,
"Azerbaijan, Rep. of",Q1 2020,1.7,,,,7.25,,
"Azerbaijan, Rep. of",Q2 2020,1.7,,,,7,,
"Azerbaijan, Rep. of",Q3 2020,1.7,,,,6.5,,
"Azerbaijan, Rep. of",Q4 2020,1.7,,,,6.25,,
"Azerbaijan, Rep. of",Q1 2021,1.7,,,,6.25,,
"Azerbaijan, Rep. of",Q2 2021,1.7,,,,6.25,,
"Azerbaijan, Rep. of",Q3 2021,1.7,,,,6.5,,
"Azerbaijan, Rep. of",Q4 2021,1.7,,,,7.25,,
"Azerbaijan, Rep. of",Q1 2022,1.7,,,,7.75,,
"Azerbaijan, Rep. of",Q2 2022,1.7,,,,7.75,,
"Azerbaijan, Rep. of",Q3 2022,1.7,,,,7.75,,
"Azerbaijan, Rep. of",Q4 2022,1.7,,,,8.25,,
"Belarus, Rep. of",Q1 2000,0.04,,,,130,,
"Belarus, Rep. of",Q2 2000,0.07,,,,90,,
"Belarus, Rep. of",Q3 2000,0.1,,,,85,,
"Belarus, Rep. of",Q4 2000,0.12,,,,80,,
"Belarus, Rep. of",Q1 2001,0.13,,,,68,,
"Belarus, Rep. of",Q2 2001,0.14,,,,50,,
"Belarus, Rep. of",Q3 2001,0.15,,,,48,,
"Belarus, Rep. of",Q4 2001,0.16,,,,66,,
"Belarus, Rep. of",Q1 2002,0.17,,,,55,,
"Belarus, Rep. of",Q2 2002,0.18,,,,44,,
"Belarus, Rep. of",Q3 2002,0.19,,,,39,,
"Belarus, Rep. of",Q4 2002,0.19,,,,38,,
"Belarus, Rep. of",Q1 2003,0.2,,,,35,,
"Belarus, Rep. of",Q2 2003,0.21,,,,31,,
"Belarus, Rep. of",Q3 2003,0.21,,,,28,,
"Belarus, Rep. of",Q4 2003,0.22,,,,28,,
"Belarus, Rep. of",Q1 2004,0.22,,,,23,,
"Belarus, Rep. of",Q2 2004,0.22,,,,19,,
"Belarus, Rep. of",Q3 2004,0.22,,,,17,,
"Belarus, Rep. of",Q4 2004,0.22,,,,17,,
"Belarus, Rep. of",Q1 2005,0.22,,,,15,,
"Belarus, Rep. of",Q2 2005,0.22,,,,12,,
"Belarus, Rep. of",Q3 2005,0.22,,,,12,,
"Belarus, Rep. of",Q4 2005,0.22,,,,11,,
"Belarus, Rep. of",Q1 2006,0.21,,,,11,,
"Belarus, Rep. of",Q2 2006,0.21,,,,10.5,,
"Belarus, Rep. of",Q3 2006,0.21,,,,10.5,,
"Belarus, Rep. of",Q4 2006,0.21,,,,10,,
"Belarus, Rep. of",Q1 2007,0.21,,,,11,,
"Belarus, Rep. of",Q2 2007,0.21,,,,10.75,,
"Belarus, Rep. of",Q3 2007,0.21,,,,10,,
"Belarus, Rep. of",Q4 2007,0.22,,,,10,,
"Belarus, Rep. of",Q1 2008,0.21,,,,10,,
"Belarus, Rep. of",Q2 2008,0.21,,,,10.25,,
"Belarus, Rep. of",Q3 2008,0.21,,,,10.5,,
"Belarus, Rep. of",Q4 2008,0.22,,,,12,,
"Belarus, Rep. of",Q1 2009,0.28,,,,14,,
"Belarus, Rep. of",Q2 2009,0.28,,,,14,,
"Belarus, Rep. of",Q3 2009,0.28,,,,14,,
"Belarus, Rep. of",Q4 2009,0.29,,,,13.5,,
"Belarus, Rep. of",Q1 2010,0.3,,,,13,,
"Belarus, Rep. of",Q2 2010,0.3,,,,12,,
"Belarus, Rep. of",Q3 2010,0.3,,,,10.5,,
"Belarus, Rep. of",Q4 2010,0.3,,,,10.5,,
"Belarus, Rep. of",Q1 2011,0.3,,,,12,,
"Belarus, Rep. of",Q2 2011,0.5,,,,18,,
"Belarus, Rep. of",Q3 2011,0.56,,,,30,,
"Belarus, Rep. of",Q4 2011,0.84,,,,45,,
"Belarus, Rep. of",Q1 2012,0.8,,,,38,,
"Belarus, Rep. of",Q2 2012,0.83,,,,32,,
"Belarus, Rep. of",Q3 2012,0.84,,,,30,,
"Belarus, Rep. of",Q4 2012,0.86,,,,30,,
"Belarus, Rep. of",Q1 2013,0.87,,,,30,,
"Belarus, Rep. of",Q2 2013,0.88,,,,23.5,,
"Belarus, Rep. of",Q3 2013,0.91,,,,23.5,,
"Belarus, Rep. of",Q4 2013,0.95,,,,23.5,,
"Belarus, Rep. of",Q1 2014,0.99,,,,23.5,,
"Belarus, Rep. of",Q2 2014,1.02,,,,21.5,,
"Belarus, Rep. of",Q3 2014,1.06,,,,20,,
"Belarus, Rep. of",Q4 2014,1.19,,,,20,,
"Belarus, Rep. of",Q1 2015,1.47,,,,25,,
"Belarus, Rep. of",Q2 2015,1.53,,,,25,,
"Belarus, Rep. of",Q3 2015,1.77,,,,25,,
"Belarus, Rep. of",Q4 2015,1.86,,,,25,,
"Belarus, Rep. of",Q1 2016,2.01,,,,25,,
"Belarus, Rep. of",Q2 2016,2.01,,,,22,,
"Belarus, Rep. of",Q3 2016,1.93,,,,18,,
"Belarus, Rep. of",Q4 2016,1.96,,,,18,,
"Belarus, Rep. of",Q1 2017,1.87,,,,15,,
"Belarus, Rep. of",Q2 2017,1.93,,,,13,,
"Belarus, Rep. of",Q3 2017,1.97,,,,11.5,,
"Belarus, Rep. of",Q4 2017,1.97,,,,11,,
"Belarus, Rep. of",Q1 2018,1.96,,,,10.5,,
"Belarus, Rep. of",Q2 2018,2,,,,10,,
"Belarus, Rep. of",Q3 2018,2.11,,,,10,,
"Belarus, Rep. of",Q4 2018,2.16,,,,10,,
"Belarus, Rep. of",Q1 2019,2.13,,,,10,,
"Belarus, Rep. of",Q2 2019,2.04,,,,10,,
"Belarus, Rep. of",Q3 2019,2.07,,,,9.5,,
"Belarus, Rep. of",Q4 2019,2.1,,,,9,,
"Belarus, Rep. of",Q1 2020,2.6,,,,8.75,,
"Belarus, Rep. of",Q2 2020,2.4,,,,8,,
"Belarus, Rep. of",Q3 2020,2.64,,,,7.75,,
"Belarus, Rep. of",Q4 2020,2.58,,,,7.75,,
"Belarus, Rep. of",Q1 2021,2.62,,,,7.75,,4.2
"Belarus, Rep. of",Q2 2021,2.53,,,,8.5,,4
"Belarus, Rep. of",Q3 2021,2.51,,,,9.25,,3.7
"Belarus, Rep. of",Q4 2021,2.55,,,,9.25,,3.8
"Belarus, Rep. of",Q1 2022,2.97,,,,12,,
"Belarus, Rep. of",Q2 2022,2.52,,,,12,,
"Belarus, Rep. of",Q3 2022,2.48,,,,12,,
"Belarus, Rep. of",Q4 2022,2.74,,,,12,,
Belgium,Q1 2000,,,,,,83.06,7.17
Belgium,Q2 2000,,,,,,83.45,6.47
Belgium,Q3 2000,,,,,,83.83,7.07
Belgium,Q4 2000,,,,,,84.33,6.8
Belgium,Q1 2001,,,,,,84.17,6.17
Belgium,Q2 2001,,,,,,85.41,6.2
Belgium,Q3 2001,,,,,,85.69,6.47
Belgium,Q4 2001,,,,,,86.05,7.53
Belgium,Q1 2002,,,,,,86.28,7.43
Belgium,Q2 2002,,,,,,86.5,6.93
Belgium,Q3 2002,,,,,,86.86,7.63
Belgium,Q4 2002,,,,,,87.28,8.1
Belgium,Q1 2003,,,,,,87.6,8.17
Belgium,Q2 2003,,,,,,88.18,7.7
Belgium,Q3 2003,,,,,,88.54,8.37
Belgium,Q4 2003,,,,,,89.01,8.47
Belgium,Q1 2004,,,,,,89.54,8.67
Belgium,Q2 2004,,,,,,89.63,7.37
Belgium,Q3 2004,,,,,,90.19,9.13
Belgium,Q4 2004,,,,,,90.74,8.4
Belgium,Q1 2005,,,,,,90.98,8.53
Belgium,Q2 2005,,,,,,91.53,8.07
Belgium,Q3 2005,,,,,,92.12,8.67
Belgium,Q4 2005,,,,,,92.96,8.47
Belgium,Q1 2006,,,,,,93.45,8.67
Belgium,Q2 2006,,,,,,93.66,8.27
Belgium,Q3 2006,,,,,,94.17,8.13
Belgium,Q4 2006,,,,,,94.64,7.93
Belgium,Q1 2007,,,,,,95.47,7.97
Belgium,Q2 2007,,,,,,95.73,7.63
Belgium,Q3 2007,,,,,,95.77,7.27
Belgium,Q4 2007,,,,,,96.21,7.07
Belgium,Q1 2008,,,,,,96.91,7.07
Belgium,Q2 2008,,,,,,97.53,6.33
Belgium,Q3 2008,,,,,,98.07,7.7
Belgium,Q4 2008,,,,,,98.01,6.8
Belgium,Q1 2009,,,,,,97.8,7.97
Belgium,Q2 2009,,,,,,97.87,7.57
Belgium,Q3 2009,,,,,,98.55,8.3
Belgium,Q4 2009,,,,,,98.36,8.13
Belgium,Q1 2010,,,,,,98.8,8.67
Belgium,Q2 2010,,,,,,99.98,8.17
Belgium,Q3 2010,,,,,,100.41,8.73
Belgium,Q4 2010,,,,,,100.81,7.93
Belgium,Q1 2011,,,,,,101.31,7.2
Belgium,Q2 2011,,,,,,101.65,6.67
Belgium,Q3 2011,,,,,,101.91,7.83
Belgium,Q4 2011,,,,,,102.37,7.17
Belgium,Q1 2012,,,,,,103.59,7.33
Belgium,Q2 2012,,,,,,103.71,7.03
Belgium,Q3 2012,,,,,,103.73,7.83
Belgium,Q4 2012,,,,,,104.2,8.33
Belgium,Q1 2013,,,,,,104.8,8.6
Belgium,Q2 2013,,,,,,105.09,8.23
Belgium,Q3 2013,,,,,,104.98,8.73
Belgium,Q4 2013,,,,,,105.64,8.63
Belgium,Q1 2014,,,,,,105.85,8.83
Belgium,Q2 2014,,,,,,105.67,8.3
Belgium,Q3 2014,,,,,,106.49,8.83
Belgium,Q4 2014,,,,,,106.62,8.67
Belgium,Q1 2015,,,,,,106.98,8.9
Belgium,Q2 2015,,,,,,107.08,8.43
Belgium,Q3 2015,,,,,,107.92,8.43
Belgium,Q4 2015,,,,,,108.31,8.83
Belgium,Q1 2016,,,,,,108.1,8.33
Belgium,Q2 2016,,,,,,109.85,7.93
Belgium,Q3 2016,,,,,,110.18,7.9
Belgium,Q4 2016,,,,,,110.42,7.23
Belgium,Q1 2017,,,,,,111.2,7.7
Belgium,Q2 2017,,,,,,111.7,7.03
Belgium,Q3 2017,,,,,,111.83,7.27
Belgium,Q4 2017,,,,,,111.86,6.4
Belgium,Q1 2018,,,,,,112.33,6.13
Belgium,Q2 2018,,,,,,113.31,6.1
Belgium,Q3 2018,,,,,,113.43,5.9
Belgium,Q4 2018,,,,,,114.41,5.7
Belgium,Q1 2019,,,,,,114.3,5.6
Belgium,Q2 2019,,,,,,114.81,5.33
Belgium,Q3 2019,,,,,,115.8,5.37
Belgium,Q4 2019,,,,,,116.51,5.17
Belgium,Q1 2020,,,,,,116.85,5.07
Belgium,Q2 2020,,,,,,115.95,4.9
Belgium,Q3 2020,,,,,,117.2,6.43
Belgium,Q4 2020,,,,,,118.28,5.77
Belgium,Q1 2021,,,,,,119.29,6.7
Belgium,Q2 2021,,,,,,119.24,6.13
Belgium,Q3 2021,,,,,,120.42,6.5
Belgium,Q4 2021,,,,,,122.57,5.77
Belgium,Q1 2022,,,,,,125.36,5.37
Belgium,Q2 2022,,,,,,126.53,5.63
Belgium,Q3 2022,,,,,,128.59,5.67
Belgium,Q4 2022,,,,,,129.52,5.63
Bosnia and Herzegovina,Q1 2000,2.05,,,,,,
Bosnia and Herzegovina,Q2 2000,2.05,,,,,,
Bosnia and Herzegovina,Q3 2000,2.23,,,,,,
Bosnia and Herzegovina,Q4 2000,2.1,,,,,,
Bosnia and Herzegovina,Q1 2001,2.21,,,,,,
Bosnia and Herzegovina,Q2 2001,2.31,,,,,,
Bosnia and Herzegovina,Q3 2001,2.14,,,,,,
Bosnia and Herzegovina,Q4 2001,2.22,,,,,,
Bosnia and Herzegovina,Q1 2002,2.24,,,,,,
Bosnia and Herzegovina,Q2 2002,1.96,,,,,,
Bosnia and Herzegovina,Q3 2002,1.98,,,,,,
Bosnia and Herzegovina,Q4 2002,1.87,,,,,,
Bosnia and Herzegovina,Q1 2003,1.8,,,,,,
Bosnia and Herzegovina,Q2 2003,1.71,,,,,,
Bosnia and Herzegovina,Q3 2003,1.68,,,,,,
Bosnia and Herzegovina,Q4 2003,1.55,,,,,,
Bosnia and Herzegovina,Q1 2004,1.6,,,,,,
Bosnia and Herzegovina,Q2 2004,1.61,,,,,,
Bosnia and Herzegovina,Q3 2004,1.58,,,,,,
Bosnia and Herzegovina,Q4 2004,1.44,,,,,,
Bosnia and Herzegovina,Q1 2005,1.51,,,,,,
Bosnia and Herzegovina,Q2 2005,1.62,,,,,,
Bosnia and Herzegovina,Q3 2005,1.62,,,,,,
Bosnia and Herzegovina,Q4 2005,1.66,,,,,,
Bosnia and Herzegovina,Q1 2006,1.62,,,,,,
Bosnia and Herzegovina,Q2 2006,1.54,,,,,,
Bosnia and Herzegovina,Q3 2006,1.54,,,,,,
Bosnia and Herzegovina,Q4 2006,1.49,,,,,,
Bosnia and Herzegovina,Q1 2007,1.47,,,,,,
Bosnia and Herzegovina,Q2 2007,1.45,,,,,,
Bosnia and Herzegovina,Q3 2007,1.38,,,,,,
Bosnia and Herzegovina,Q4 2007,1.33,,,,,,
Bosnia and Herzegovina,Q1 2008,1.24,,,,,,
Bosnia and Herzegovina,Q2 2008,1.24,,,,,,
Bosnia and Herzegovina,Q3 2008,1.37,,,,,,
Bosnia and Herzegovina,Q4 2008,1.41,,,,,,
Bosnia and Herzegovina,Q1 2009,1.47,,,,,,
Bosnia and Herzegovina,Q2 2009,1.38,,,,,,
Bosnia and Herzegovina,Q3 2009,1.34,,,,,,
Bosnia and Herzegovina,Q4 2009,1.36,,,,,,
Bosnia and Herzegovina,Q1 2010,1.45,,,,,,
Bosnia and Herzegovina,Q2 2010,1.59,,,,,,
Bosnia and Herzegovina,Q3 2010,1.43,,,,,,
Bosnia and Herzegovina,Q4 2010,1.46,,,,,,
Bosnia and Herzegovina,Q1 2011,1.38,,,,,,
Bosnia and Herzegovina,Q2 2011,1.35,,,,,,
Bosnia and Herzegovina,Q3 2011,1.45,,,,,,
Bosnia and Herzegovina,Q4 2011,1.51,,,,,,
Bosnia and Herzegovina,Q1 2012,1.46,,,,,,
Bosnia and Herzegovina,Q2 2012,1.55,,,,,,
Bosnia and Herzegovina,Q3 2012,1.51,,,,,,
Bosnia and Herzegovina,Q4 2012,1.48,,,,,,
Bosnia and Herzegovina,Q1 2013,1.53,,,,,,
Bosnia and Herzegovina,Q2 2013,1.5,,,,,,
Bosnia and Herzegovina,Q3 2013,1.45,,,,,,
Bosnia and Herzegovina,Q4 2013,1.42,,,,,,
Bosnia and Herzegovina,Q1 2014,1.42,,,,,,
Bosnia and Herzegovina,Q2 2014,1.43,,,,,,
Bosnia and Herzegovina,Q3 2014,1.55,,,,,,
Bosnia and Herzegovina,Q4 2014,1.61,,,,,,
Bosnia and Herzegovina,Q1 2015,1.82,,,,,,
Bosnia and Herzegovina,Q2 2015,1.75,,,,,,
Bosnia and Herzegovina,Q3 2015,1.75,,,,,,
Bosnia and Herzegovina,Q4 2015,1.8,,,,,,
Bosnia and Herzegovina,Q1 2016,1.72,,,,,,
Bosnia and Herzegovina,Q2 2016,1.76,,,,,,
Bosnia and Herzegovina,Q3 2016,1.75,,,,,,
Bosnia and Herzegovina,Q4 2016,1.86,,,,,,
Bosnia and Herzegovina,Q1 2017,1.83,,,,,,
Bosnia and Herzegovina,Q2 2017,1.71,,,,,,
Bosnia and Herzegovina,Q3 2017,1.66,,,,,,
Bosnia and Herzegovina,Q4 2017,1.63,,,,,,
Bosnia and Herzegovina,Q1 2018,1.59,,,,,,37.32
Bosnia and Herzegovina,Q2 2018,1.68,,,,,,36.02
Bosnia and Herzegovina,Q3 2018,1.69,,,,,,35.65
Bosnia and Herzegovina,Q4 2018,1.71,,,,,,35.07
Bosnia and Herzegovina,Q1 2019,1.74,,,,,,34.57
Bosnia and Herzegovina,Q2 2019,1.72,,,,,,33.14
Bosnia and Herzegovina,Q3 2019,1.79,,,,,,32.96
Bosnia and Herzegovina,Q4 2019,1.75,,,,,,32.82
Bosnia and Herzegovina,Q1 2020,1.77,,,,,,32.84
Bosnia and Herzegovina,Q2 2020,1.73,,,,,,34.3
Bosnia and Herzegovina,Q3 2020,1.67,,,,,,34.42
Bosnia and Herzegovina,Q4 2020,1.59,,,,,,33.65
Bosnia and Herzegovina,Q1 2021,1.67,,,,,,33.61
Bosnia and Herzegovina,Q2 2021,1.65,,,,,,32.57
Bosnia and Herzegovina,Q3 2021,1.68,,,,,,32.1
Bosnia and Herzegovina,Q4 2021,1.73,,,,,,31.24
Bosnia and Herzegovina,Q1 2022,1.76,,,,,,30.86
Bosnia and Herzegovina,Q2 2022,1.86,,,,,,12.69
Bosnia and Herzegovina,Q3 2022,2.02,,,,,,11.97
Bosnia and Herzegovina,Q4 2022,1.83,,,,,,11.88
Brazil,Q1 2000,1.75,21.22,,,18.5,43.48,
Brazil,Q2 2000,1.8,20.4,,,17.5,43.81,
Brazil,Q3 2000,1.84,18.89,,,16.5,44.98,
Brazil,Q4 2000,1.95,18.52,,,15.75,45.08,
Brazil,Q1 2001,2.16,17.7,,,15.75,46.89,
Brazil,Q2 2001,2.3,19.63,,,18.25,47.23,
Brazil,Q3 2001,2.67,21.44,,,19,48.19,
Brazil,Q4 2001,2.32,21.43,,,19,49.53,
Brazil,Q1 2002,2.32,21.1,,,18.5,50.69,
Brazil,Q2 2002,2.84,19.28,,,18.5,52.53,
Brazil,Q3 2002,3.89,24.97,,,18,53.11,
Brazil,Q4 2002,3.53,30.42,,,25,54.27,
Brazil,Q1 2003,3.35,33.9,,,26.5,57.61,
Brazil,Q2 2003,2.87,33.65,,,26,59.31,
Brazil,Q3 2003,2.92,28.28,,,20,60.99,
Brazil,Q4 2003,2.89,23.92,,,16.5,62.35,
Brazil,Q1 2004,2.91,23.16,,,16.25,63.07,
Brazil,Q2 2004,3.11,22.75,,,16,64.28,
Brazil,Q3 2004,2.86,23.06,,,16.25,65.75,
Brazil,Q4 2004,2.65,24.55,,,17.75,66.53,
Brazil,Q1 2005,2.67,26.11,,,19.25,67.12,
Brazil,Q2 2005,2.35,26.93,,,19.75,68.72,
Brazil,Q3 2005,2.22,26.78,,,19.5,70.4,
Brazil,Q4 2005,2.34,25.34,,,18,71.56,
Brazil,Q1 2006,2.17,23.74,,,16.5,72,
Brazil,Q2 2006,2.16,22.09,,,15.25,72.86,
Brazil,Q3 2006,2.17,21.02,,,14.25,74.99,
Brazil,Q4 2006,2.14,19.98,,,13.25,76.75,
Brazil,Q1 2007,2.05,19.5,,,12.75,77.93,
Brazil,Q2 2007,1.93,18.75,,,12,78.77,
Brazil,Q3 2007,1.84,17.89,,,11.25,79.3,
Brazil,Q4 2007,1.77,17.85,,,11.25,80.17,
Brazil,Q1 2008,1.75,17.85,,,11.25,83.27,
Brazil,Q2 2008,1.59,18.81,,,12.25,85.34,
Brazil,Q3 2008,1.91,20.19,,,13.75,87.42,
Brazil,Q4 2008,2.34,20.48,,,13.75,88.95,
Brazil,Q1 2009,2.24,18.41,,,11.25,89.87,
Brazil,Q2 2009,1.95,16.11,,,9.25,90.96,
Brazil,Q3 2009,1.79,15.17,,,8.75,92.81,
Brazil,Q4 2009,1.74,15.17,,,8.75,95.28,
Brazil,Q1 2010,1.79,15.17,,,8.75,96.33,
Brazil,Q2 2010,1.81,16.53,,,10.25,98.32,
Brazil,Q3 2010,1.7,17.3,,,10.75,101.6,
Brazil,Q4 2010,1.69,17.3,,,10.75,103.74,
Brazil,Q1 2011,1.64,18.32,,,11.75,104.8,
Brazil,Q2 2011,1.57,18.82,,,12.25,107.85,
Brazil,Q3 2011,1.83,18.61,,,12,109.37,
Brazil,Q4 2011,1.86,17.55,,,11,110.78,
Brazil,Q1 2012,1.83,16.24,,,9.75,115.8,
Brazil,Q2 2012,2.09,14.89,,,8.5,116.06,7.63
Brazil,Q3 2012,2.03,13.83,,,7.5,117.55,7.27
Brazil,Q4 2012,2.05,13.59,,,7.25,119.17,6.84
Brazil,Q1 2013,2.02,13.58,,,7.25,122.03,7.64
Brazil,Q2 2013,2.22,14.37,,,8,125.04,7.62
Brazil,Q3 2013,2.26,15.43,,,9,126.45,7.11
Brazil,Q4 2013,2.35,16.49,,,10,129.31,6.46
Brazil,Q1 2014,2.26,17.29,,,10.75,132.08,6.77
Brazil,Q2 2014,2.2,17.55,,,11,134.52,6.99
Brazil,Q3 2014,2.45,17.55,,,11,137.32,6.85
Brazil,Q4 2014,2.66,18.27,,,11.75,138.41,6.54
Brazil,Q1 2015,3.19,19.34,,,12.75,141.02,7.39
Brazil,Q2 2015,3.14,20.39,,,13.75,143.9,8.15
Brazil,Q3 2015,4.12,21,,,14.25,147.92,8.72
Brazil,Q4 2015,3.9,21,,,14.25,150.74,8.97
Brazil,Q1 2016,3.61,21,,,14.25,154.47,10.21
Brazil,Q2 2016,3.24,21,,,14.25,157.1,11.23
Brazil,Q3 2016,3.25,21,,,14.25,158.77,11.72
Brazil,Q4 2016,3.26,20.47,,,13.75,161.56,11.9
Brazil,Q1 2017,3.17,18.88,,,12.25,162.02,13.16
Brazil,Q2 2017,3.31,16.76,,,10.25,162.41,13.3
Brazil,Q3 2017,3.17,14.85,,,8.25,162.63,12.61
Brazil,Q4 2017,3.31,13.42,,,7,166.02,12.01
Brazil,Q1 2018,3.32,12.97,,,6.5,168.22,12.62
Brazil,Q2 2018,3.86,12.78,,,6.5,170.4,12.68
Brazil,Q3 2018,4,12.78,,,6.5,170.73,12.11
Brazil,Q4 2018,3.87,12.78,,,6.5,173.93,11.63
Brazil,Q1 2019,3.9,12.78,,,6.5,173.96,12.4
Brazil,Q2 2019,3.83,12.78,,,6.5,176.54,12.26
Brazil,Q3 2019,4.16,12.05,,,5.5,180.02,11.81
Brazil,Q4 2019,4.03,10.87,,,4.5,181.62,11.25
Brazil,Q1 2020,5.2,10.19,,,3.75,186.9,11.83
Brazil,Q2 2020,5.48,8.73,,,2.25,189.06,13.15
Brazil,Q3 2020,5.64,8.01,,,2,190.19,14.59
Brazil,Q4 2020,5.2,8.01,,,2,194.27,14.37
Brazil,Q1 2021,5.7,8.36,,,2.75,208.21,14.66
Brazil,Q2 2021,5,9.99,,,4.25,208.52,14.58
Brazil,Q3 2021,5.44,11.76,,,6.25,212.59,13.16
Brazil,Q4 2021,5.58,15.29,,,9.25,215.05,11.59
Brazil,Q1 2022,4.74,17.82,,,11.75,219.28,
Brazil,Q2 2022,5.24,19.66,,,13.25,227.71,
Brazil,Q3 2022,5.41,20.47,,,,231.25,
Brazil,Q4 2022,5.22,20.47,,,,234.97,
Bulgaria,Q1 2000,2.05,,,,,56.8,15.33
Bulgaria,Q2 2000,2.05,,,,,57.45,16.27
Bulgaria,Q3 2000,2.23,,,,,59.28,16.6
Bulgaria,Q4 2000,2.1,,,,,61.08,17.53
Bulgaria,Q1 2001,2.21,,,,,61.16,19.4
Bulgaria,Q2 2001,2.31,,,,,61.84,19.97
Bulgaria,Q3 2001,2.14,,,,,63,19.13
Bulgaria,Q4 2001,2.22,,,,,63.16,20.03
Bulgaria,Q1 2002,2.24,,,,,64.41,20
Bulgaria,Q2 2002,1.96,,,,,64.72,18.13
Bulgaria,Q3 2002,1.98,,,,,64.71,17.67
Bulgaria,Q4 2002,1.89,,,,,65.45,17.1
Bulgaria,Q1 2003,1.8,,,,,64.96,15.67
Bulgaria,Q2 2003,1.65,,,,,65.64,13.83
Bulgaria,Q3 2003,1.68,,,,,66.85,12.77
Bulgaria,Q4 2003,1.55,,,,,67.32,12.8
Bulgaria,Q1 2004,1.6,,,,,69.27,13.4
Bulgaria,Q2 2004,1.61,,,,,69.39,12.1
Bulgaria,Q3 2004,1.58,,,,,70.22,11.03
Bulgaria,Q4 2004,1.44,,,,,70.42,11.9
Bulgaria,Q1 2005,1.51,,,,,72.76,11.4
Bulgaria,Q2 2005,1.62,,,,2.06,74,10
Bulgaria,Q3 2005,1.62,,,,2.04,74.79,9.2
Bulgaria,Q4 2005,1.66,,,,2.05,76.21,9.97
Bulgaria,Q1 2006,1.62,,,,2.28,76.23,9.73
Bulgaria,Q2 2006,1.54,,,,2.56,78.55,8.97
Bulgaria,Q3 2006,1.54,,,,2.94,80.6,8.83
Bulgaria,Q4 2006,1.49,,,,3.26,82.11,8.4
Bulgaria,Q1 2007,1.47,,,,3.52,86.9,8.03
Bulgaria,Q2 2007,1.45,,,,3.84,85.7,6.87
Bulgaria,Q3 2007,1.38,,,,4.09,88.8,6.63
Bulgaria,Q4 2007,1.33,,,,4.58,90.6,6.13
Bulgaria,Q1 2008,1.24,,,,4.83,93.16,6.53
Bulgaria,Q2 2008,1.24,,,,4.96,94.82,5.8
Bulgaria,Q3 2008,1.37,,,,5.23,96.79,5.17
Bulgaria,Q4 2008,1.39,,,,5.77,96.13,5.03
Bulgaria,Q1 2009,1.47,,,,3.49,99.1,7.47
Bulgaria,Q2 2009,1.38,,,,2.35,100.63,7.47
Bulgaria,Q3 2009,1.34,,,,1.57,96.71,7.8
Bulgaria,Q4 2009,1.36,,,,0.55,101.38,9.03
Bulgaria,Q1 2010,1.45,,,,0.18,96.68,11.27
Bulgaria,Q2 2010,1.59,,,,0.2,98.8,11.1
Bulgaria,Q3 2010,1.43,,,,0.17,99.91,10.6
Bulgaria,Q4 2010,1.47,,,,0.18,104.61,12.4
Bulgaria,Q1 2011,1.38,,,,0.18,108.43,13.17
Bulgaria,Q2 2011,1.35,,,,0.22,107.66,12.23
Bulgaria,Q3 2011,1.45,,,,0.18,106.86,11.33
Bulgaria,Q4 2011,1.51,,,,0.22,102.33,12.47
Bulgaria,Q1 2012,1.46,,,,0.15,105.05,13.9
Bulgaria,Q2 2012,1.55,,,,0.14,108.18,13.33
Bulgaria,Q3 2012,1.51,,,,0.04,108.2,12.57
Bulgaria,Q4 2012,1.48,,,,0.03,108.38,13.43
Bulgaria,Q1 2013,1.53,,,,0.01,108.62,14.73
Bulgaria,Q2 2013,1.5,,,,0.01,106.99,13.9
Bulgaria,Q3 2013,1.45,,,,0.02,106.08,13
Bulgaria,Q4 2013,1.42,,,,0.02,109.09,14
Bulgaria,Q1 2014,1.42,,,,0.04,105.67,13.97
Bulgaria,Q2 2014,1.43,,,,0.05,106.9,12.37
Bulgaria,Q3 2014,1.55,,,,0.04,111.36,11.73
Bulgaria,Q4 2014,1.61,,,,0.02,110.8,11.57
Bulgaria,Q1 2015,1.82,,,,0.01,110.66,11.57
Bulgaria,Q2 2015,1.75,,,,0.02,114.03,10.87
Bulgaria,Q3 2015,1.75,,,,0.01,111.26,9.23
Bulgaria,Q4 2015,1.79,,,,0.01,112.89,8.83
Bulgaria,Q1 2016,1.72,,,,0,115.11,9.57
Bulgaria,Q2 2016,1.76,,,,0,114.13,9.1
Bulgaria,Q3 2016,1.75,,,,0,116.35,8
Bulgaria,Q4 2016,1.86,,,,0,117.92,7.67
Bulgaria,Q1 2017,1.83,,,,0,118.94,7.87
Bulgaria,Q2 2017,1.71,,,,0,120.31,7.33
Bulgaria,Q3 2017,1.66,,,,0,121.89,6.83
Bulgaria,Q4 2017,1.63,,,,0,124.35,6.63
Bulgaria,Q1 2018,1.59,,,,0,122.34,6.73
Bulgaria,Q2 2018,1.68,,,,0,126.42,6.47
Bulgaria,Q3 2018,1.69,,,,0,129.15,6
Bulgaria,Q4 2018,1.71,,,,0,127.21,5.67
Bulgaria,Q1 2019,1.74,,,,0,133.3,6
Bulgaria,Q2 2019,1.72,,,,0,134.75,5.2
Bulgaria,Q3 2019,1.8,,,,0,131.07,4.67
Bulgaria,Q4 2019,1.74,,,,0,134.19,5.1
Bulgaria,Q1 2020,1.79,,,,0,136.96,5.53
Bulgaria,Q2 2020,1.75,,,,0,136.87,6.83
Bulgaria,Q3 2020,1.67,,,,0,140.38,5.8
Bulgaria,Q4 2020,1.59,,,,0,141.81,6.23
Bulgaria,Q1 2021,1.67,,,,0,145.43,6.3
Bulgaria,Q2 2021,1.65,,,,0,144.73,5.63
Bulgaria,Q3 2021,1.69,,,,0,151.33,4.6
Bulgaria,Q4 2021,1.73,,,,0,155.76,4.53
Bulgaria,Q1 2022,1.76,,,,0,163.43,4.9
Bulgaria,Q2 2022,1.88,,,,0,168.15,4.67
Bulgaria,Q3 2022,2.01,,,,0,173.2,3.67
Bulgaria,Q4 2022,1.83,,,,1.3,180.48,3.87
Canada,Q1 2000,1.45,,6.29,,5.25,78.37,7.31
Canada,Q2 2000,1.48,,6.16,,5.75,79.57,6.73
Canada,Q3 2000,1.5,,5.93,,5.75,80.37,6.87
Canada,Q4 2000,1.5,,5.58,,5.75,81.03,6.42
Canada,Q1 2001,1.58,,5.06,,5,81.81,7.52
Canada,Q2 2001,1.51,,5.34,,4.5,81.8,7.08
Canada,Q3 2001,1.58,,4.86,,3.5,80.86,7.12
Canada,Q4 2001,1.59,,4.25,,2.25,80.21,7.16
Canada,Q1 2002,1.59,,4.74,,2,80.57,8.51
Canada,Q2 2002,1.52,,4.78,,2.5,81.98,7.66
Canada,Q3 2002,1.59,,4.16,,2.75,82.53,7.47
Canada,Q4 2002,1.58,,4.09,,2.75,83.58,7.05
Canada,Q1 2003,1.47,,4.19,,3,84.74,7.94
Canada,Q2 2003,1.35,,3.73,,3.25,84.03,7.67
Canada,Q3 2003,1.35,,3.74,,2.75,85.11,7.73
Canada,Q4 2003,1.3,,3.84,,2.75,85.5,6.96
Canada,Q1 2004,1.31,,3.31,,2.25,86.45,7.83
Canada,Q2 2004,1.33,,3.79,,2,87.54,7.18
Canada,Q3 2004,1.26,,3.87,,2.25,88.04,7.07
Canada,Q4 2004,1.2,,3.69,,2.5,88.42,6.67
Canada,Q1 2005,1.21,,3.52,,2.5,88.97,7.41
Canada,Q2 2005,1.23,,3.3,,2.5,89.56,6.76
Canada,Q3 2005,1.16,,3.36,,2.75,90.85,6.78
Canada,Q4 2005,1.16,,3.84,,3.25,91.99,6.09
Canada,Q1 2006,1.17,,4.02,,3.75,91.66,6.89
Canada,Q2 2006,1.12,,4.39,,4.25,92.53,6.15
Canada,Q3 2006,1.12,,4.04,,4.25,93.15,6.51
Canada,Q4 2006,1.17,,3.95,,4.25,93.39,5.74
Canada,Q1 2007,1.15,,4,,4.25,94.78,6.59
Canada,Q2 2007,1.07,,4.43,,4.25,95.65,6.03
Canada,Q3 2007,0.99,,4.4,,4.5,95.6,6.03
Canada,Q4 2007,0.99,,4.02,,4.25,96.83,5.51
Canada,Q1 2008,1.03,,3.23,,3.5,98.73,6.34
Canada,Q2 2008,1.02,,3.21,,3,100.79,6.04
Canada,Q3 2008,1.06,,3.14,,3,100.99,6.12
Canada,Q4 2008,1.22,,2.24,,1.5,97.61,6.06
Canada,Q1 2009,1.26,,1.83,,0.5,96.07,8.36
Canada,Q2 2009,1.16,,2.06,,0.25,96.58,8.59
Canada,Q3 2009,1.07,,2.38,,0.25,97.35,8.57
Canada,Q4 2009,1.05,,2.34,,0.25,98.92,7.85
Canada,Q1 2010,1.02,,2.35,,0.25,99.7,8.76
Canada,Q2 2010,1.06,,2.43,,0.5,99.74,8.13
Canada,Q3 2010,1.03,,1.96,,1,99.76,8.19
Canada,Q4 2010,0.99,,2.1,,1,100.8,7.14
Canada,Q1 2011,0.97,,2.35,,1,102.19,8.15
Canada,Q2 2011,0.96,,2.18,,1,103.27,7.56
Canada,Q3 2011,1.05,,1.57,,1,103.37,7.41
Canada,Q4 2011,1.02,,1.32,,1,104.11,6.92
Canada,Q1 2012,1,,1.35,,1,104.18,7.87
Canada,Q2 2012,1.02,,1.35,,1,104.06,7.27
Canada,Q3 2012,0.98,,1.23,,1,104.59,7.29
Canada,Q4 2012,0.99,,1.28,,1,105.14,6.76
Canada,Q1 2013,1.02,,1.3,,1,106.05,7.55
Canada,Q2 2013,1.05,,1.39,,1,105.99,7.09
Canada,Q3 2013,1.03,,1.67,,1,106.57,7.13
Canada,Q4 2013,1.06,,1.55,,1,106.61,6.53
Canada,Q1 2014,1.11,,1.38,,1,108.1,7.42
Canada,Q2 2014,1.07,,1.41,,1,108.48,7.06
Canada,Q3 2014,1.12,,1.43,,1,108.83,7.02
Canada,Q4 2014,1.16,,1.32,,1,108.09,6.15
Canada,Q1 2015,1.27,,0.56,,0.75,107.08,7.19
Canada,Q2 2015,1.25,,0.79,,0.75,107.41,6.89
Canada,Q3 2015,1.33,,0.6,,0.5,107.89,7.01
Canada,Q4 2015,1.38,,0.71,,0.5,107.31,6.54
Canada,Q1 2016,1.3,,0.55,,0.5,107.09,7.64
Canada,Q2 2016,1.29,,0.71,,0.5,107.82,6.95
Canada,Q3 2016,1.31,,0.59,,0.5,108.49,7.06
Canada,Q4 2016,1.34,,0.87,,0.5,109.52,6.35
Canada,Q1 2017,1.33,,1.02,,0.5,110.53,7.11
Canada,Q2 2017,1.3,,0.94,,0.5,110.56,6.47
Canada,Q3 2017,1.25,,,,1,110.7,6.31
Canada,Q4 2017,1.25,,,,1,112.24,5.48
Canada,Q1 2018,1.29,,,,1.25,112.5,6.21
Canada,Q2 2018,1.32,,,,1.25,113.3,5.91
Canada,Q3 2018,1.29,,,,1.5,113.47,6.01
Canada,Q4 2018,1.36,,,,1.75,111.96,5.2
Canada,Q1 2019,1.34,,,,1.75,113.5,6.14
Canada,Q2 2019,1.31,,,,1.75,114.56,5.55
Canada,Q3 2019,1.32,,,,1.75,114.61,5.76
Canada,Q4 2019,1.31,,,,1.75,115.6,5.21
Canada,Q1 2020,1.42,,,,0.25,114.38,6.71
Canada,Q2 2020,1.36,,,,0.25,113.09,13.05
Canada,Q3 2020,1.33,,,,0.25,115.84,10.21
Canada,Q4 2020,1.29,,,,0.25,117.6,8.03
Canada,Q1 2021,1.26,,,,0.25,121.21,8.83
Canada,Q2 2021,1.24,,,,0.25,123.93,8.05
Canada,Q3 2021,1.27,,,,0.25,125.54,7.33
Canada,Q4 2021,1.29,,,,0.25,127.95,5.66
Canada,Q1 2022,1.25,,,,0.5,131.64,6.07
Canada,Q2 2022,1.29,,,,1.5,135.71,
Canada,Q3 2022,1.37,,,,,134.09,
Canada,Q4 2022,1.36,,,,,133.13,
Chile,Q1 2000,505.81,13.08,,,5.37,57.01,8.2
Chile,Q2 2000,538.61,8.08,,,5.5,57.64,9.4
Chile,Q3 2000,565.37,8.86,,,5,58.42,10.7
Chile,Q4 2000,572.68,8.73,,,5,59.4,8.3
Chile,Q1 2001,592.91,0.48,,,4.05,59.25,8.8
Chile,Q2 2001,626.65,8.6,,,3.5,60.16,9.7
Chile,Q3 2001,696.23,6.5,,,6.5,61.05,10.1
Chile,Q4 2001,656.2,6.5,,,6.5,61.99,7.9
Chile,Q1 2002,664.44,5.3,,,4.75,61.32,8.8
Chile,Q2 2002,697.62,4,,,4,61.84,9.5
Chile,Q3 2002,747.62,3,,,3,63.18,9.7
Chile,Q4 2002,712.38,3,,,3,64.16,7.8
Chile,Q1 2003,727.36,2.75,,,2.75,64.01,8.2
Chile,Q2 2003,697.23,2.75,,,2.75,65.01,9.1
Chile,Q3 2003,665.13,2.75,,,2.75,65.54,9.4
Chile,Q4 2003,599.42,2.45,,,2.25,66.75,7.4
Chile,Q1 2004,623.21,1.75,,,1.75,67.76,9.18
Chile,Q2 2004,636.59,1.75,,,1.75,69.44,10.87
Chile,Q3 2004,606.96,1.94,,,2,70.91,11.03
Chile,Q4 2004,559.83,2.25,,,2.25,71.46,9.08
Chile,Q1 2005,586.45,2.75,,,2.75,72.6,9.09
Chile,Q2 2005,578.92,3.25,,,3.25,73.99,9.92
Chile,Q3 2005,533.69,3.93,,,4,75.85,9.78
Chile,Q4 2005,514.21,4.5,,,4.5,77.1,8.14
Chile,Q1 2006,527.7,4.75,,,4.75,81.5,8.25
Chile,Q2 2006,547.31,5,,,5,85.32,8.83
Chile,Q3 2006,538.22,5.25,,,5.25,86.01,7.94
Chile,Q4 2006,534.43,5.25,,,5.25,83.81,6.24
Chile,Q1 2007,539.37,5,,,5,87.35,6.64
Chile,Q2 2007,527.46,5,,,5,89,6.88
Chile,Q3 2007,511.72,5.75,,,5.75,88.95,7.69
Chile,Q4 2007,495.82,6,,,6,88.52,7.25
Chile,Q1 2008,439.09,6.25,,,6.25,90.51,7.52
Chile,Q2 2008,520.14,6.75,,,6.75,89.64,8.24
Chile,Q3 2008,552.47,8.25,,,8.25,87.22,7.83
Chile,Q4 2008,629.11,8.25,,,8.25,87.58,7.62
Chile,Q1 2009,582.1,2.25,,,2.25,88.93,9.17
Chile,Q2 2009,529.07,0.75,,,0.75,90.97,10.57
Chile,Q3 2009,546.07,0.5,,,0.5,92.15,10.22
Chile,Q4 2009,506.43,0.5,,,0.5,95.53,8.79
Chile,Q1 2010,526.29,0.5,,,0.5,96.92,9.46
Chile,Q2 2010,543.09,1,,,1,97.69,8.78
Chile,Q3 2010,485.23,2.2,,,2.5,101.77,8.18
Chile,Q4 2010,468.37,3.12,,,3.25,103.63,7.46
Chile,Q1 2011,482.08,3.72,,,4,104.09,7.51
Chile,Q2 2011,471.13,5.13,,,5.25,102.53,7.47
Chile,Q3 2011,515.14,5.25,,,5.25,102.69,7.52
Chile,Q4 2011,521.46,5.25,,,5.25,104.04,6.99
Chile,Q1 2012,489.76,5,,,5,103.86,6.78
Chile,Q2 2012,509.73,5,,,5,103.18,6.81
Chile,Q3 2012,470.48,5,,,5,103.7,6.71
Chile,Q4 2012,478.6,5,,,5,105.78,6.3
Chile,Q1 2013,472.54,5,,,5,105.19,6.56
Chile,Q2 2013,503.86,5,,,5,105.41,6.36
Chile,Q3 2013,502.97,5,,,5,106.88,5.98
Chile,Q4 2013,523.76,4.5,,,4.5,108.42,6.12
Chile,Q1 2014,550.53,4.11,,,4,110.2,6.51
Chile,Q2 2014,550.6,4,,,4,111.79,6.67
Chile,Q3 2014,601.66,3.36,,,3.25,113.45,6.88
Chile,Q4 2014,607.38,3,,,3,115.41,6.36
Chile,Q1 2015,626.87,3,,,3,117.52,6.47
Chile,Q2 2015,634.58,3,,,3,117.59,6.73
Chile,Q3 2015,704.68,3,,,3,118.65,6.65
Chile,Q4 2015,707.34,3.35,,,3.5,119.66,6.23
Chile,Q1 2016,675.1,3.5,,,3.5,121.9,6.47
Chile,Q2 2016,661.49,3.5,,,3.5,122.29,7.15
Chile,Q3 2016,659.08,3.5,,,3.5,124.5,6.87
Chile,Q4 2016,667.29,,,,3.5,126.13,6.45
Chile,Q1 2017,662.66,,,,3,127.08,6.86
Chile,Q2 2017,663.21,,,,2.5,129.08,7.24
Chile,Q3 2017,636.85,,,,2.5,130.78,6.95
Chile,Q4 2017,615.22,,,,2.5,131.63,6.69
Chile,Q1 2018,605.26,,,,2.5,131.4,7.08
Chile,Q2 2018,647.95,,,,2.5,131.27,7.38
Chile,Q3 2018,661.5,,,,2.5,131.72,7.41
Chile,Q4 2018,695.69,,,,2.75,132.62,7.01
Chile,Q1 2019,681.09,,,,3,133.4,7.12
Chile,Q2 2019,679.86,,,,2.5,133.44,7.31
Chile,Q3 2019,725.68,,,,2,135.32,7.33
Chile,Q4 2019,744.62,,,,1.75,138.49,7.4
Chile,Q1 2020,846.3,,,,1,140.98,8.61
Chile,Q2 2020,816.36,,,,0.5,148.46,12.81
Chile,Q3 2020,784.46,,,,0.5,149.7,12.95
Chile,Q4 2020,728.96,,,,0.5,153.38,10.95
Chile,Q1 2021,732.11,,,,0.5,153.7,10.88
Chile,Q2 2021,735.28,,,,0.5,157.5,10.01
Chile,Q3 2021,803.59,,,,1.5,159.41,8.82
Chile,Q4 2021,866.25,,,,4,161.81,7.77
Chile,Q1 2022,787.16,,,,7,163.68,
Chile,Q2 2022,919.97,,,,9,164.43,
Chile,Q3 2022,966,,,,,171.45,
Chile,Q4 2022,867.01,,,,,175.17,
"China, P.R.: Hong Kong",Q1 2000,7.79,,,,7.5,,5.53
"China, P.R.: Hong Kong",Q2 2000,7.79,,,,8,,5.03
"China, P.R.: Hong Kong",Q3 2000,7.8,,,,8,,4.93
"China, P.R.: Hong Kong",Q4 2000,7.8,,,,8,,4.4
"China, P.R.: Hong Kong",Q1 2001,7.8,,,,6.5,,4.4
"China, P.R.: Hong Kong",Q2 2001,7.8,,,,5.25,,4.57
"China, P.R.: Hong Kong",Q3 2001,7.8,,,,4.5,,5.33
"China, P.R.: Hong Kong",Q4 2001,7.8,,,,3.25,,6.1
"China, P.R.: Hong Kong",Q1 2002,7.8,,,,3.25,,6.87
"China, P.R.: Hong Kong",Q2 2002,7.8,,,,3.25,,7.57
"China, P.R.: Hong Kong",Q3 2002,7.8,,,,3.25,,7.6
"China, P.R.: Hong Kong",Q4 2002,7.8,,,,2.75,,7.13
"China, P.R.: Hong Kong",Q1 2003,7.8,,,,2.75,,7.5
"China, P.R.: Hong Kong",Q2 2003,7.8,,,,2.5,,8.5
"China, P.R.: Hong Kong",Q3 2003,7.74,,,,2.5,,8.47
"China, P.R.: Hong Kong",Q4 2003,7.76,,,,2.5,,7.27
"China, P.R.: Hong Kong",Q1 2004,7.79,,,,2.5,,7.07
"China, P.R.: Hong Kong",Q2 2004,7.8,,,,2.5,,6.9
"China, P.R.: Hong Kong",Q3 2004,7.8,,,,3.25,,6.9
"China, P.R.: Hong Kong",Q4 2004,7.77,,,,3.75,,6.3
"China, P.R.: Hong Kong",Q1 2005,7.8,,,,4.25,,5.87
"China, P.R.: Hong Kong",Q2 2005,7.77,,,,4.5,,5.8
"China, P.R.: Hong Kong",Q3 2005,7.76,,,,5.25,,5.7
"China, P.R.: Hong Kong",Q4 2005,7.75,,,,5.75,,5.03
"China, P.R.: Hong Kong",Q1 2006,7.76,,,,6.25,,4.97
"China, P.R.: Hong Kong",Q2 2006,7.77,,,,6.75,,5
"China, P.R.: Hong Kong",Q3 2006,7.79,,,,6.75,,4.9
"China, P.R.: Hong Kong",Q4 2006,7.77,,,,6.75,,4.23
"China, P.R.: Hong Kong",Q1 2007,7.81,,,,6.75,,4.2
"China, P.R.: Hong Kong",Q2 2007,7.81,,,,6.75,,4.33
"China, P.R.: Hong Kong",Q3 2007,7.77,,,,6.25,,4.3
"China, P.R.: Hong Kong",Q4 2007,7.8,,,,5.75,,3.3
"China, P.R.: Hong Kong",Q1 2008,7.79,,,,3.75,,3.2
"China, P.R.: Hong Kong",Q2 2008,7.8,,,,3.5,,3.33
"China, P.R.: Hong Kong",Q3 2008,7.77,,,,3.5,,3.6
"China, P.R.: Hong Kong",Q4 2008,7.75,,,,0.5,,3.97
"China, P.R.: Hong Kong",Q1 2009,7.75,,,,0.5,,5.07
"China, P.R.: Hong Kong",Q2 2009,7.75,,,,0.5,,5.57
"China, P.R.: Hong Kong",Q3 2009,7.75,,,,0.5,,5.6
"China, P.R.: Hong Kong",Q4 2009,7.76,,,,0.5,,4.73
"China, P.R.: Hong Kong",Q1 2010,7.76,,,,0.5,,4.47
"China, P.R.: Hong Kong",Q2 2010,7.79,,,,0.5,,4.73
"China, P.R.: Hong Kong",Q3 2010,7.76,,,,0.5,,4.4
"China, P.R.: Hong Kong",Q4 2010,7.77,,,,0.5,,3.7
"China, P.R.: Hong Kong",Q1 2011,7.78,,,,0.5,,3.47
"China, P.R.: Hong Kong",Q2 2011,7.78,,,,0.5,,3.7
"China, P.R.: Hong Kong",Q3 2011,7.79,,,,0.5,,3.4
"China, P.R.: Hong Kong",Q4 2011,7.77,,,,0.5,,3.1
"China, P.R.: Hong Kong",Q1 2012,7.76,,,,0.5,,3.27
"China, P.R.: Hong Kong",Q2 2012,7.76,,,,0.5,,3.33
"China, P.R.: Hong Kong",Q3 2012,7.75,,,,0.5,,3.47
"China, P.R.: Hong Kong",Q4 2012,7.75,,,,0.5,,3.2
"China, P.R.: Hong Kong",Q1 2013,7.76,,,,0.5,,3.38
"China, P.R.: Hong Kong",Q2 2013,7.76,,,,0.5,,3.45
"China, P.R.: Hong Kong",Q3 2013,7.75,,,,0.5,,3.45
"China, P.R.: Hong Kong",Q4 2013,7.75,,,,0.5,,3.09
"China, P.R.: Hong Kong",Q1 2014,7.76,,,,0.5,,2.97
"China, P.R.: Hong Kong",Q2 2014,7.75,,,,0.5,,3.23
"China, P.R.: Hong Kong",Q3 2014,7.76,,,,0.5,,3.5
"China, P.R.: Hong Kong",Q4 2014,7.76,,,,0.5,,3.27
"China, P.R.: Hong Kong",Q1 2015,7.75,,,,0.5,,3.13
"China, P.R.: Hong Kong",Q2 2015,7.75,,,,0.5,,3.3
"China, P.R.: Hong Kong",Q3 2015,7.75,,,,0.5,,3.47
"China, P.R.: Hong Kong",Q4 2015,7.75,,,,0.75,,3.3
"China, P.R.: Hong Kong",Q1 2016,7.75,,,,0.75,,3.17
"China, P.R.: Hong Kong",Q2 2016,7.76,,,,0.75,,3.47
"China, P.R.: Hong Kong",Q3 2016,7.76,,,,0.75,,3.57
"China, P.R.: Hong Kong",Q4 2016,7.75,,,,1,,3.33
"China, P.R.: Hong Kong",Q1 2017,7.77,,,,1.25,,3.13
"China, P.R.: Hong Kong",Q2 2017,7.81,,,,1.5,,3.2
"China, P.R.: Hong Kong",Q3 2017,7.81,,,,1.5,,3.3
"China, P.R.: Hong Kong",Q4 2017,7.81,,,,1.75,,2.97
"China, P.R.: Hong Kong",Q1 2018,7.85,,,,2,,2.73
"China, P.R.: Hong Kong",Q2 2018,7.85,,,,2.25,,2.8
"China, P.R.: Hong Kong",Q3 2018,7.83,,,,2.5,,2.9
"China, P.R.: Hong Kong",Q4 2018,7.83,,,,2.75,,2.8
"China, P.R.: Hong Kong",Q1 2019,7.85,,,,2.75,,2.73
"China, P.R.: Hong Kong",Q2 2019,7.81,,,,2.75,,2.9
"China, P.R.: Hong Kong",Q3 2019,7.84,,,,2.25,,3.07
"China, P.R.: Hong Kong",Q4 2019,7.79,,,,2.49,,3.15
"China, P.R.: Hong Kong",Q1 2020,7.76,,,,1.65,,4.29
"China, P.R.: Hong Kong",Q2 2020,7.75,,,,0.5,,6.15
"China, P.R.: Hong Kong",Q3 2020,7.75,,,,0.5,,6.57
"China, P.R.: Hong Kong",Q4 2020,7.75,,,,0.5,,6.33
"China, P.R.: Hong Kong",Q1 2021,7.78,,,,0.5,,6.63
"China, P.R.: Hong Kong",Q2 2021,7.77,,,,0.5,,5.97
"China, P.R.: Hong Kong",Q3 2021,7.79,,,,0.5,,4.9
"China, P.R.: Hong Kong",Q4 2021,7.8,,,,0.5,,4.13
"China, P.R.: Hong Kong",Q1 2022,7.83,,,,0.75,,4.27
"China, P.R.: Hong Kong",Q2 2022,7.85,,,,2,,
"China, P.R.: Hong Kong",Q3 2022,7.85,,,,,,
"China, P.R.: Hong Kong",Q4 2022,7.81,,,,,,
"China, P.R.: Macao",Q1 2000,8.02,,,,,,6.76
"China, P.R.: Macao",Q2 2000,8.03,,,,,,7.06
"China, P.R.: Macao",Q3 2000,8.03,,,,,,6.77
"China, P.R.: Macao",Q4 2000,8.03,,,,,,6.65
"China, P.R.: Macao",Q1 2001,8.03,,,,,,6.29
"China, P.R.: Macao",Q2 2001,8.03,,,,,,6.35
"China, P.R.: Macao",Q3 2001,8.03,,,,,,6.29
"China, P.R.: Macao",Q4 2001,8.03,,,,,,6.55
"China, P.R.: Macao",Q1 2002,8.03,,,,,,6.28
"China, P.R.: Macao",Q2 2002,8.03,,,,,,6.28
"China, P.R.: Macao",Q3 2002,8.03,,,,,,6.48
"China, P.R.: Macao",Q4 2002,8.03,,,,,,6.17
"China, P.R.: Macao",Q1 2003,8.03,,,,,,6.13
"China, P.R.: Macao",Q2 2003,8.03,,,,,,6.49
"China, P.R.: Macao",Q3 2003,7.98,,,,,,6.05
"China, P.R.: Macao",Q4 2003,8,,,,,,5.45
"China, P.R.: Macao",Q1 2004,8.03,,,,,,5.6
"China, P.R.: Macao",Q2 2004,8.03,,,,,,4.9
"China, P.R.: Macao",Q3 2004,8.03,,,,,,4.68
"China, P.R.: Macao",Q4 2004,8.01,,,,,,4.15
"China, P.R.: Macao",Q1 2005,8.03,,,,,,4.21
"China, P.R.: Macao",Q2 2005,8.01,,,,,,4.21
"China, P.R.: Macao",Q3 2005,7.99,,,,,,4.19
"China, P.R.: Macao",Q4 2005,7.99,,,,,,3.95
"China, P.R.: Macao",Q1 2006,7.99,,,,,,3.94
"China, P.R.: Macao",Q2 2006,8,,,,,,3.8
"China, P.R.: Macao",Q3 2006,8.02,,,,,,3.93
"China, P.R.: Macao",Q4 2006,8.01,,,,,,3.58
"China, P.R.: Macao",Q1 2007,8.05,,,,,,3.14
"China, P.R.: Macao",Q2 2007,8.05,,,,,,3.01
"China, P.R.: Macao",Q3 2007,7.99,,,,,,3.09
"China, P.R.: Macao",Q4 2007,8.03,,,,,,2.97
"China, P.R.: Macao",Q1 2008,8.02,,,,,,2.94
"China, P.R.: Macao",Q2 2008,8.04,,,,,,2.72
"China, P.R.: Macao",Q3 2008,8,,,,,,3.11
"China, P.R.: Macao",Q4 2008,7.98,,,,,,3.26
"China, P.R.: Macao",Q1 2009,7.98,,,,,,3.84
"China, P.R.: Macao",Q2 2009,7.98,,,,,,3.54
"China, P.R.: Macao",Q3 2009,7.98,,,,,,3.72
"China, P.R.: Macao",Q4 2009,7.99,,,,,,3.07
"China, P.R.: Macao",Q1 2010,8,,,,,,2.88
"China, P.R.: Macao",Q2 2010,8.02,,,,,,2.82
"China, P.R.: Macao",Q3 2010,7.99,,,,,,2.82
"China, P.R.: Macao",Q4 2010,8.02,,,,,,2.72
"China, P.R.: Macao",Q1 2011,8.02,,,,,,2.65
"China, P.R.: Macao",Q2 2011,8.02,,,,,,2.68
"China, P.R.: Macao",Q3 2011,8.03,,,,,,2.73
"China, P.R.: Macao",Q4 2011,8,,,,,,2.24
"China, P.R.: Macao",Q1 2012,8,,,,,,1.96
"China, P.R.: Macao",Q2 2012,7.99,,,,,,2.08
"China, P.R.: Macao",Q3 2012,7.99,,,,,,1.99
"China, P.R.: Macao",Q4 2012,7.98,,,,,,1.88
"China, P.R.: Macao",Q1 2013,8,,,,,,1.87
"China, P.R.: Macao",Q2 2013,7.99,,,,,,1.7
"China, P.R.: Macao",Q3 2013,7.99,,,,,,1.89
"China, P.R.: Macao",Q4 2013,7.99,,,,,,1.83
"China, P.R.: Macao",Q1 2014,7.99,,,,,,1.64
"China, P.R.: Macao",Q2 2014,7.98,,,,,,1.62
"China, P.R.: Macao",Q3 2014,8,,,,,,1.68
"China, P.R.: Macao",Q4 2014,7.99,,,,,,1.68
"China, P.R.: Macao",Q1 2015,7.99,,,,,,1.67
"China, P.R.: Macao",Q2 2015,7.98,,,,,,1.8
"China, P.R.: Macao",Q3 2015,7.98,,,,,,1.91
"China, P.R.: Macao",Q4 2015,7.98,,,,,,1.9
"China, P.R.: Macao",Q1 2016,7.99,,,,,,1.92
"China, P.R.: Macao",Q2 2016,7.99,,,,,,1.86
"China, P.R.: Macao",Q3 2016,7.99,,,,,,1.89
"China, P.R.: Macao",Q4 2016,7.99,,,,,,1.91
"China, P.R.: Macao",Q1 2017,8,,,,,,2.04
"China, P.R.: Macao",Q2 2017,8.04,,,,,,2
"China, P.R.: Macao",Q3 2017,8.05,,,,,,2.01
"China, P.R.: Macao",Q4 2017,8.05,,,,,,1.85
"China, P.R.: Macao",Q1 2018,8.08,,,,,,1.96
"China, P.R.: Macao",Q2 2018,8.08,,,,,,1.76
"China, P.R.: Macao",Q3 2018,8.05,,,,,,1.77
"China, P.R.: Macao",Q4 2018,8.07,,,,,,1.72
"China, P.R.: Macao",Q1 2019,8.09,,,,,,1.65
"China, P.R.: Macao",Q2 2019,8.05,,,,,,1.7
"China, P.R.: Macao",Q3 2019,8.08,,,,,,1.88
"China, P.R.: Macao",Q4 2019,8.02,,,,,,1.66
"China, P.R.: Macao",Q1 2020,7.99,,,,,,2.04
"China, P.R.: Macao",Q2 2020,7.98,,,,,,2.48
"China, P.R.: Macao",Q3 2020,7.98,,,,,,2.92
"China, P.R.: Macao",Q4 2020,7.99,,,,,,2.78
"China, P.R.: Macao",Q1 2021,8.01,,,,,,3
"China, P.R.: Macao",Q2 2021,8,,,,,,
"China, P.R.: Macao",Q3 2021,8.02,,,,,,
"China, P.R.: Macao",Q4 2021,8.03,,,,,,
"China, P.R.: Macao",Q1 2022,8.06,,,,,,
"China, P.R.: Macao",Q2 2022,8.08,,,,,,
"China, P.R.: Macao",Q3 2022,8.09,,,,,,
"China, P.R.: Macao",Q4 2022,8.03,,,,,,
"China, P.R.: Mainland",Q1 2000,8.28,3.24,,,,,
"China, P.R.: Mainland",Q2 2000,8.28,3.24,,,,,
"China, P.R.: Mainland",Q3 2000,8.28,3.24,,,,,
"China, P.R.: Mainland",Q4 2000,8.28,3.24,,,,,
"China, P.R.: Mainland",Q1 2001,8.28,3.24,,,,,
"China, P.R.: Mainland",Q2 2001,8.28,3.24,,,,,
"China, P.R.: Mainland",Q3 2001,8.28,3.24,,,,,
"China, P.R.: Mainland",Q4 2001,8.28,3.24,,,,,
"China, P.R.: Mainland",Q1 2002,8.28,2.7,,,,,
"China, P.R.: Mainland",Q2 2002,8.28,2.7,,,,,
"China, P.R.: Mainland",Q3 2002,8.28,2.7,,,,,
"China, P.R.: Mainland",Q4 2002,8.28,2.7,,,,,
"China, P.R.: Mainland",Q1 2003,8.28,2.7,,,,,
"China, P.R.: Mainland",Q2 2003,8.28,2.7,,,,,
"China, P.R.: Mainland",Q3 2003,8.28,2.7,,,,,
"China, P.R.: Mainland",Q4 2003,8.28,2.7,,,,,
"China, P.R.: Mainland",Q1 2004,8.28,2.7,,,,,
"China, P.R.: Mainland",Q2 2004,8.28,2.7,,,,,
"China, P.R.: Mainland",Q3 2004,8.28,2.7,,,,,
"China, P.R.: Mainland",Q4 2004,8.28,3.33,,,,,
"China, P.R.: Mainland",Q1 2005,8.28,3.33,,,,,
"China, P.R.: Mainland",Q2 2005,8.28,3.33,,,,,
"China, P.R.: Mainland",Q3 2005,8.09,3.33,,,,,
"China, P.R.: Mainland",Q4 2005,8.07,3.33,,,,,
"China, P.R.: Mainland",Q1 2006,8.02,3.33,,,,,
"China, P.R.: Mainland",Q2 2006,8,3.33,,,,,
"China, P.R.: Mainland",Q3 2006,7.91,3.33,,,,,
"China, P.R.: Mainland",Q4 2006,7.81,3.33,,,,,
"China, P.R.: Mainland",Q1 2007,7.73,3.33,,,,,
"China, P.R.: Mainland",Q2 2007,7.62,3.33,,,,,
"China, P.R.: Mainland",Q3 2007,7.51,3.33,,,,,
"China, P.R.: Mainland",Q4 2007,7.3,3.33,,,,,
"China, P.R.: Mainland",Q1 2008,7.02,4.14,,,,,
"China, P.R.: Mainland",Q2 2008,6.86,4.14,,,,,
"China, P.R.: Mainland",Q3 2008,6.82,4.14,,,,,
"China, P.R.: Mainland",Q4 2008,6.83,2.79,,,,,
"China, P.R.: Mainland",Q1 2009,6.84,2.79,,,,,
"China, P.R.: Mainland",Q2 2009,6.83,2.79,,,,,
"China, P.R.: Mainland",Q3 2009,6.83,2.79,,,,,
"China, P.R.: Mainland",Q4 2009,6.83,2.79,,,,,
"China, P.R.: Mainland",Q1 2010,6.83,2.79,,,,,
"China, P.R.: Mainland",Q2 2010,6.79,2.79,,,,,
"China, P.R.: Mainland",Q3 2010,6.7,2.79,,,,,
"China, P.R.: Mainland",Q4 2010,6.62,3.25,,,,,
"China, P.R.: Mainland",Q1 2011,6.56,3.25,,,,,
"China, P.R.: Mainland",Q2 2011,6.47,3.25,,,,,
"China, P.R.: Mainland",Q3 2011,6.35,3.25,,,,,
"China, P.R.: Mainland",Q4 2011,6.3,3.25,,,,,
"China, P.R.: Mainland",Q1 2012,6.29,3.25,,,,,
"China, P.R.: Mainland",Q2 2012,6.32,3.25,,,,,
"China, P.R.: Mainland",Q3 2012,6.34,3.25,,,,,
"China, P.R.: Mainland",Q4 2012,6.29,3.25,,,,,
"China, P.R.: Mainland",Q1 2013,6.27,3.25,,,,,
"China, P.R.: Mainland",Q2 2013,6.18,3.25,,,,,
"China, P.R.: Mainland",Q3 2013,6.15,3.25,,,,,
"China, P.R.: Mainland",Q4 2013,6.1,3.25,,,,,
"China, P.R.: Mainland",Q1 2014,6.15,3.25,,,,,
"China, P.R.: Mainland",Q2 2014,6.15,3.25,,,,,
"China, P.R.: Mainland",Q3 2014,6.15,3.25,,,,,
"China, P.R.: Mainland",Q4 2014,6.12,3.25,,,,,
"China, P.R.: Mainland",Q1 2015,6.14,3.25,,,,,
"China, P.R.: Mainland",Q2 2015,6.11,3.25,,,,,
"China, P.R.: Mainland",Q3 2015,6.36,3.25,,,,,
"China, P.R.: Mainland",Q4 2015,6.49,2.9,,,,,
"China, P.R.: Mainland",Q1 2016,6.47,2.9,,,2.25,,
"China, P.R.: Mainland",Q2 2016,6.64,2.9,,,2.25,,
"China, P.R.: Mainland",Q3 2016,6.67,2.9,,,2.25,,
"China, P.R.: Mainland",Q4 2016,6.95,2.9,,,2.25,,
"China, P.R.: Mainland",Q1 2017,6.89,2.9,,,2.45,,
"China, P.R.: Mainland",Q2 2017,6.78,2.9,,,2.45,,
"China, P.R.: Mainland",Q3 2017,6.65,2.9,,,2.45,,
"China, P.R.: Mainland",Q4 2017,6.51,2.9,,,2.5,,
"China, P.R.: Mainland",Q1 2018,6.28,2.9,,,2.55,,
"China, P.R.: Mainland",Q2 2018,6.62,2.9,,,2.55,,
"China, P.R.: Mainland",Q3 2018,6.88,2.9,,,2.55,,
"China, P.R.: Mainland",Q4 2018,6.85,2.9,,,2.55,,
"China, P.R.: Mainland",Q1 2019,6.72,2.9,,,2.55,,5.2
"China, P.R.: Mainland",Q2 2019,6.87,2.9,,,2.55,,5.03
"China, P.R.: Mainland",Q3 2019,7.13,2.9,,,2.55,,5.23
"China, P.R.: Mainland",Q4 2019,6.99,2.9,,,2.5,,5.13
"China, P.R.: Mainland",Q1 2020,7.09,2.9,,,2.2,,5.8
"China, P.R.: Mainland",Q2 2020,7.07,2.9,,,2.2,,5.87
"China, P.R.: Mainland",Q3 2020,6.81,2.9,,,2.2,,5.57
"China, P.R.: Mainland",Q4 2020,6.53,2.9,,,2.2,,
"China, P.R.: Mainland",Q1 2021,6.56,2.9,,,2.2,,
"China, P.R.: Mainland",Q2 2021,6.46,2.9,,,2.2,,
"China, P.R.: Mainland",Q3 2021,6.46,2.9,,,2.2,,
"China, P.R.: Mainland",Q4 2021,6.37,2.9,,,2.2,,
"China, P.R.: Mainland",Q1 2022,6.34,2.9,,,2.1,,
"China, P.R.: Mainland",Q2 2022,6.69,2.9,,,2.1,,
"China, P.R.: Mainland",Q3 2022,7.1,2.9,,,2,,
"China, P.R.: Mainland",Q4 2022,6.99,2.9,,,2,,
"Croatia, Rep. of",Q1 2000,8.08,7.9,,,,67.64,15.23
"Croatia, Rep. of",Q2 2000,8.05,5.9,,,,69.6,15.37
"Croatia, Rep. of",Q3 2000,8.53,5.9,,,,70.63,15.63
"Croatia, Rep. of",Q4 2000,8.16,5.9,,,,70.95,16.13
"Croatia, Rep. of",Q1 2001,8.72,5.9,,,,71.49,16.8
"Croatia, Rep. of",Q2 2001,8.65,5.9,,,,73.1,16.2
"Croatia, Rep. of",Q3 2001,8.23,5.9,,,,72.48,15.07
"Croatia, Rep. of",Q4 2001,8.36,5.9,,,,73.7,15.93
"Croatia, Rep. of",Q1 2002,8.49,5.9,,,,74.74,16.5
"Croatia, Rep. of",Q2 2002,7.36,5.9,,,,74.98,15.4
"Croatia, Rep. of",Q3 2002,7.5,5.9,,,,75.78,14.63
"Croatia, Rep. of",Q4 2002,7.15,4.5,,,,76.39,14.63
"Croatia, Rep. of",Q1 2003,7.16,4.5,,,,77.42,14.77
"Croatia, Rep. of",Q2 2003,6.57,4.5,,,,78.26,13.97
"Croatia, Rep. of",Q3 2003,6.63,4.5,,,,79.42,13.3
"Croatia, Rep. of",Q4 2003,6.12,4.5,,,,79.73,14.27
"Croatia, Rep. of",Q1 2004,6.06,4.5,,,,80.16,14.73
"Croatia, Rep. of",Q2 2004,6.06,4.5,,,,81.31,13.63
"Croatia, Rep. of",Q3 2004,6.13,4.5,,,,82.09,13.13
"Croatia, Rep. of",Q4 2004,5.64,4.5,,,,82.76,13.93
"Croatia, Rep. of",Q1 2005,5.74,4.5,,,,83.04,14.13
"Croatia, Rep. of",Q2 2005,6.06,4.5,,,,83.5,13.1
"Croatia, Rep. of",Q3 2005,6.17,4.5,,,,84.54,12.23
"Croatia, Rep. of",Q4 2005,6.23,4.5,,,,85.4,12.63
"Croatia, Rep. of",Q1 2006,6.07,4.5,,,,86.35,12.97
"Croatia, Rep. of",Q2 2006,5.79,4.5,,,,87.03,11.8
"Croatia, Rep. of",Q3 2006,5.83,4.5,,,,87.75,10.7
"Croatia, Rep. of",Q4 2006,5.58,4.5,,,,88.51,11.17
"Croatia, Rep. of",Q1 2007,5.54,4.5,,,,89.43,11.13
"Croatia, Rep. of",Q2 2007,5.42,4.5,,,,90.42,9.67
"Croatia, Rep. of",Q3 2007,5.14,4.5,,,,91.73,9.37
"Croatia, Rep. of",Q4 2007,4.99,9,,,,93.04,9.57
"Croatia, Rep. of",Q1 2008,4.59,9,,,,93.84,9.87
"Croatia, Rep. of",Q2 2008,4.59,9,,,,95.3,8.4
"Croatia, Rep. of",Q3 2008,4.96,9,,,,97.85,7.67
"Croatia, Rep. of",Q4 2008,5.16,9,,,,97.74,8.4
"Croatia, Rep. of",Q1 2009,5.66,9,,,,98.54,9.43
"Croatia, Rep. of",Q2 2009,5.2,9,,,,99.22,8.97
"Croatia, Rep. of",Q3 2009,5,9,,,,99.12,8.8
"Croatia, Rep. of",Q4 2009,5.09,9,,,,99.45,9.97
"Croatia, Rep. of",Q1 2010,5.39,9,,,,99.5,11.57
"Croatia, Rep. of",Q2 2010,5.9,9,,,,99.84,11.43
"Croatia, Rep. of",Q3 2010,5.36,9,,,,100.12,11.27
"Croatia, Rep. of",Q4 2010,5.57,9,,,,100.54,12.73
"Croatia, Rep. of",Q1 2011,5.24,9,,,,101.4,14.3
"Croatia, Rep. of",Q2 2011,5.13,7,,,,101.29,13.47
"Croatia, Rep. of",Q3 2011,5.49,7,,,,101.81,12.83
"Croatia, Rep. of",Q4 2011,5.82,7,,,,102.12,14.07
"Croatia, Rep. of",Q1 2012,5.62,7,,,,102.21,16.27
"Croatia, Rep. of",Q2 2012,5.97,7,,,,102.89,14.93
"Croatia, Rep. of",Q3 2012,5.76,7,,,,103.2,14.57
"Croatia, Rep. of",Q4 2012,5.73,7,,,,104.02,17.37
"Croatia, Rep. of",Q1 2013,5.92,7,,,,104.45,18.97
"Croatia, Rep. of",Q2 2013,5.71,7,,,,104.07,16.77
"Croatia, Rep. of",Q3 2013,5.64,7,,,,103.39,15.97
"Croatia, Rep. of",Q4 2013,5.55,7,,,,103.58,17.97
"Croatia, Rep. of",Q1 2014,5.58,7,,,,103.82,19.33
"Croatia, Rep. of",Q2 2014,5.56,,,,,103.9,16.97
"Croatia, Rep. of",Q3 2014,6.02,,,,,104.07,15.3
"Croatia, Rep. of",Q4 2014,6.3,,,,,104.19,17.4
"Croatia, Rep. of",Q1 2015,7.05,,,,,104.41,18.4
"Croatia, Rep. of",Q2 2015,6.83,,,,,104.13,15.7
"Croatia, Rep. of",Q3 2015,6.79,,,,,103.14,14.5
"Croatia, Rep. of",Q4 2015,6.99,,,,,104.73,15.93
"Croatia, Rep. of",Q1 2016,6.65,,,,,103.48,16
"Croatia, Rep. of",Q2 2016,6.79,,,,,103.8,12.7
"Croatia, Rep. of",Q3 2016,6.7,,,,,104.41,11.67
"Croatia, Rep. of",Q4 2016,7.17,,,,,104.35,13.17
"Croatia, Rep. of",Q1 2017,6.93,,,,,103.78,13.77
"Croatia, Rep. of",Q2 2017,6.49,,,,,105.28,10.53
"Croatia, Rep. of",Q3 2017,6.35,,,,,105.65,9.53
"Croatia, Rep. of",Q4 2017,6.27,,,,,106.19,10.47
"Croatia, Rep. of",Q1 2018,6.03,,,,,106.41,10.5
"Croatia, Rep. of",Q2 2018,6.34,,,,,107.23,7.93
"Croatia, Rep. of",Q3 2018,6.4,,,,,107.76,7.2
"Croatia, Rep. of",Q4 2018,6.47,,,,,108.07,7.97
"Croatia, Rep. of",Q1 2019,6.61,,,,,108.05,8.13
"Croatia, Rep. of",Q2 2019,6.5,,,,,109.18,6.2
"Croatia, Rep. of",Q3 2019,6.77,,,,,109.84,5.77
"Croatia, Rep. of",Q4 2019,6.65,,,,,111.04,6.47
"Croatia, Rep. of",Q1 2020,6.88,,,,,111.2,7
"Croatia, Rep. of",Q2 2020,6.71,,,,,110.4,7.67
"Croatia, Rep. of",Q3 2020,6.45,,,,,108.16,7.67
"Croatia, Rep. of",Q4 2020,6.14,,,,,111.95,8.7
"Croatia, Rep. of",Q1 2021,6.45,,,,,111.29,9.27
"Croatia, Rep. of",Q2 2021,6.29,,,,,111.56,7.67
"Croatia, Rep. of",Q3 2021,6.43,,,,,112.65,6.73
"Croatia, Rep. of",Q4 2021,6.64,,,,,114.79,6.9
"Croatia, Rep. of",Q1 2022,6.81,,,,,116.56,7.33
"Croatia, Rep. of",Q2 2022,7.16,,,,,120.43,6.5
"Croatia, Rep. of",Q3 2022,7.77,,,,,123.15,6.4
"Croatia, Rep. of",Q4 2022,7.06,,,,,126.7,6.83
Cyprus,Q1 2000,0.6,7,,,,75.32,5.23
Cyprus,Q2 2000,0.6,7,,,,75.33,5
Cyprus,Q3 2000,0.65,7,,,,75.93,4.7
Cyprus,Q4 2000,0.62,7,,,,76.76,4.47
Cyprus,Q1 2001,0.66,7,,,,77.64,4.2
Cyprus,Q2 2001,0.68,7,,,,79.01,4
Cyprus,Q3 2001,0.63,6,,,,78.82,3.83
Cyprus,Q4 2001,0.65,5.5,,,,78.96,3.63
Cyprus,Q1 2002,0.66,5.5,,,,78.2,3.47
Cyprus,Q2 2002,0.58,5.5,,,,78.28,3.3
Cyprus,Q3 2002,0.58,5.5,,,,79.15,3.5
Cyprus,Q4 2002,0.55,5,,,,79.74,3.73
Cyprus,Q1 2003,0.54,5,,,,81.54,3.93
Cyprus,Q2 2003,0.51,4.5,,,,83.08,4.17
Cyprus,Q3 2003,0.5,4.5,,,,83.18,4.17
Cyprus,Q4 2003,0.47,4.5,,,,84.53,4.23
Cyprus,Q1 2004,0.48,4.5,,,,84.22,4.3
Cyprus,Q2 2004,0.48,5.5,,,,84.86,4.33
Cyprus,Q3 2004,0.47,5.5,,,,85.86,4.73
Cyprus,Q4 2004,0.43,5.5,,,,86.4,5.07
Cyprus,Q1 2005,0.45,5.25,,,,86.26,5.53
Cyprus,Q2 2005,0.48,4.25,,,,86.95,5.4
Cyprus,Q3 2005,0.48,4.25,,,,87.17,5.17
Cyprus,Q4 2005,0.48,4.25,,,,87.87,5.23
Cyprus,Q1 2006,0.48,4.25,,,,88.38,5.97
Cyprus,Q2 2006,0.45,4.25,,,,89.4,4.1
Cyprus,Q3 2006,0.46,4.5,,,,90.16,3.97
Cyprus,Q4 2006,0.44,4.5,,,,91.04,4.27
Cyprus,Q1 2007,0.44,4.75,,,,91.66,4.87
Cyprus,Q2 2007,0.43,5,,,,93.18,3.4
Cyprus,Q3 2007,0.41,5,,,,94.15,3.97
Cyprus,Q4 2007,0.4,5,,,,94.84,3.57
Cyprus,Q1 2008,,5,,,,96.2,4.6
Cyprus,Q2 2008,,5,,,,97.59,3.17
Cyprus,Q3 2008,,,,,,98.77,3.57
Cyprus,Q4 2008,,,,,,99.02,3.33
Cyprus,Q1 2009,,,,,,97.1,4.63
Cyprus,Q2 2009,,,,,,98.23,5.23
Cyprus,Q3 2009,,,,,,98.08,5.5
Cyprus,Q4 2009,,,,,,99.22,6.1
Cyprus,Q1 2010,,,,,,99.3,7.4
Cyprus,Q2 2010,,,,,,100.1,6.5
Cyprus,Q3 2010,,,,,,100.13,5.87
Cyprus,Q4 2010,,,,,,100.47,5.47
Cyprus,Q1 2011,,,,,,100.56,7.53
Cyprus,Q2 2011,,,,,,101.59,7.27
Cyprus,Q3 2011,,,,,,101.88,7.83
Cyprus,Q4 2011,,,,,,102.46,9
Cyprus,Q1 2012,,,,,,102.33,11.17
Cyprus,Q2 2012,,,,,,103.02,11.33
Cyprus,Q3 2012,,,,,,103.59,12.1
Cyprus,Q4 2012,,,,,,104.42,12.77
Cyprus,Q1 2013,,,,,,100.47,15.9
Cyprus,Q2 2013,,,,,,104.23,15.5
Cyprus,Q3 2013,,,,,,102.86,16.27
Cyprus,Q4 2013,,,,,,101.91,16.03
Cyprus,Q1 2014,,,,,,100.77,16.93
Cyprus,Q2 2014,,,,,,100.92,15.5
Cyprus,Q3 2014,,,,,,101.31,16.07
Cyprus,Q4 2014,,,,,,100.95,16.03
Cyprus,Q1 2015,,,,,,100.57,17.67
Cyprus,Q2 2015,,,,,,100.73,14.63
Cyprus,Q3 2015,,,,,,99.79,14.73
Cyprus,Q4 2015,,,,,,99.82,12.73
Cyprus,Q1 2016,,,,,,98.95,14.07
Cyprus,Q2 2016,,,,,,99.58,12.13
Cyprus,Q3 2016,,,,,,99.93,12.97
Cyprus,Q4 2016,,,,,,100.11,12.87
Cyprus,Q1 2017,,,,,,100.25,13.6
Cyprus,Q2 2017,,,,,,100.65,10.63
Cyprus,Q3 2017,,,,,,100.94,10
Cyprus,Q4 2017,,,,,,100.88,10.13
Cyprus,Q1 2018,,,,,,100.86,10.8
Cyprus,Q2 2018,,,,,,101.99,7.4
Cyprus,Q3 2018,,,,,,101.94,7.87
Cyprus,Q4 2018,,,,,,101.97,7.6
Cyprus,Q1 2019,,,,,,102.21,8.8
Cyprus,Q2 2019,,,,,,103.21,6.5
Cyprus,Q3 2019,,,,,,103.23,6.77
Cyprus,Q4 2019,,,,,,103.49,6.37
Cyprus,Q1 2020,,,,,,103.18,7.33
Cyprus,Q2 2020,,,,,,100.54,6.83
Cyprus,Q3 2020,,,,,,101.51,8.27
Cyprus,Q4 2020,,,,,,101.77,8.1
Cyprus,Q1 2021,,,,,,103.04,8.67
Cyprus,Q2 2021,,,,,,104.11,8.43
Cyprus,Q3 2021,,,,,,104.96,6.7
Cyprus,Q4 2021,,,,,,106.66,6.27
Cyprus,Q1 2022,,,,,,108.82,6.63
Cyprus,Q2 2022,,,,,,110.97,6.87
Cyprus,Q3 2022,,,,,,112.19,6.77
Cyprus,Q4 2022,,,,,,113.82,
Czech Rep.,Q1 2000,37.25,,,,5.25,80.73,9.53
Czech Rep.,Q2 2000,37.76,,,,5.25,81.59,8.7
Czech Rep.,Q3 2000,40.02,,,,5.25,82.16,8.57
Czech Rep.,Q4 2000,37.81,,,,5.25,82.76,8.3
Czech Rep.,Q1 2001,38.84,,,,5,83.94,8.43
Czech Rep.,Q2 2001,39.38,,,,5,85.05,7.97
Czech Rep.,Q3 2001,36.92,,,,5.25,86.72,8.23
Czech Rep.,Q4 2001,36.26,,,,4.75,87.55,7.87
Czech Rep.,Q1 2002,35.35,,,,4.25,87.68,7.67
Czech Rep.,Q2 2002,29.35,,,,3.75,88.66,7
Czech Rep.,Q3 2002,30.73,,,,3,88.27,7.23
Czech Rep.,Q4 2002,30.14,,,,2.75,88.03,7.27
Czech Rep.,Q1 2003,29.32,,,,2.5,89.12,7.57
Czech Rep.,Q2 2003,27.63,,,,2.25,89.56,7.5
Czech Rep.,Q3 2003,27.33,,,,2,89.09,7.97
Czech Rep.,Q4 2003,25.65,,,,2,89.42,8.07
Czech Rep.,Q1 2004,26.86,,,,2,92.08,8.67
Czech Rep.,Q2 2004,26.14,,,,2.25,91.86,8.17
Czech Rep.,Q3 2004,25.51,,,,2.5,93.08,8.2
Czech Rep.,Q4 2004,22.37,,,,2.5,94.55,8.13
Czech Rep.,Q1 2005,23.1,,,,2.25,93.43,8.37
Czech Rep.,Q2 2005,24.84,,,,1.75,92.87,7.83
Czech Rep.,Q3 2005,24.54,,,,1.75,92.46,7.77
Czech Rep.,Q4 2005,24.59,,,,2,93.26,7.8
Czech Rep.,Q1 2006,23.62,,,,2,92.71,7.97
Czech Rep.,Q2 2006,22.41,,,,2,92.94,7.07
Czech Rep.,Q3 2006,22.38,,,,2.5,94.11,7
Czech Rep.,Q4 2006,20.88,,,,2.5,94.62,6.5
Czech Rep.,Q1 2007,21.02,,,,2.5,96.59,6.03
Czech Rep.,Q2 2007,21.26,,,,2.75,96.5,5.3
Czech Rep.,Q3 2007,19.47,,,,3.25,97.45,5.13
Czech Rep.,Q4 2007,18.08,,,,3.5,97.14,4.83
Czech Rep.,Q1 2008,16.02,,,,3.75,97.98,4.7
Czech Rep.,Q2 2008,15.16,,,,3.75,98.89,4.23
Czech Rep.,Q3 2008,17.25,,,,3.5,99.81,4.3
Czech Rep.,Q4 2008,19.35,,,,2.25,98.85,4.4
Czech Rep.,Q1 2009,20.57,,,,1.75,102.38,5.77
Czech Rep.,Q2 2009,18.32,,,,1.5,101.53,6.37
Czech Rep.,Q3 2009,17.18,,,,1.25,100.51,7.33
Czech Rep.,Q4 2009,18.37,,,,1,101.36,7.27
Czech Rep.,Q1 2010,18.87,,,,1,100.15,8.07
Czech Rep.,Q2 2010,20.95,,,,0.75,100.49,7.13
Czech Rep.,Q3 2010,18.03,,,,0.75,100.12,7.1
Czech Rep.,Q4 2010,18.75,,,,0.75,99.25,6.87
Czech Rep.,Q1 2011,17.27,,,,0.75,99.06,7.17
Czech Rep.,Q2 2011,16.85,,,,0.75,99.63,6.7
Czech Rep.,Q3 2011,18.33,,,,0.75,100.39,6.57
Czech Rep.,Q4 2011,19.94,,,,0.75,100.84,6.43
Czech Rep.,Q1 2012,18.52,,,,0.75,100.84,7.1
Czech Rep.,Q2 2012,20.36,,,,0.5,101.31,6.67
Czech Rep.,Q3 2012,19.32,,,,0.5,101.65,6.97
Czech Rep.,Q4 2012,19.06,,,,0.05,101.93,7.17
Czech Rep.,Q1 2013,20.07,,,,0.05,101.96,7.43
Czech Rep.,Q2 2013,19.84,,,,0.05,102.31,6.8
Czech Rep.,Q3 2013,19.05,,,,0.05,102.9,6.93
Czech Rep.,Q4 2013,19.89,,,,0.05,104.06,6.7
Czech Rep.,Q1 2014,19.9,,,,0.05,104.68,6.8
Czech Rep.,Q2 2014,20.1,,,,0.05,105.35,6.03
Czech Rep.,Q3 2014,21.85,,,,0.05,105.75,5.9
Czech Rep.,Q4 2014,22.83,,,,0.05,106.05,5.73
Czech Rep.,Q1 2015,25.59,,,,0.05,106.27,6
Czech Rep.,Q2 2015,24.35,,,,0.05,106.46,4.93
Czech Rep.,Q3 2015,24.27,,,,0.05,106.63,4.83
Czech Rep.,Q4 2015,24.82,,,,0.05,106.68,4.47
Czech Rep.,Q1 2016,23.76,,,,0.05,107.78,4.37
Czech Rep.,Q2 2016,24.43,,,,0.05,107.67,3.93
Czech Rep.,Q3 2016,24.21,,,,0.05,107.69,3.97
Czech Rep.,Q4 2016,25.64,,,,0.05,107.76,3.6
Czech Rep.,Q1 2017,25.28,,,,0.05,108.14,3.47
Czech Rep.,Q2 2017,22.95,,,,0.05,108.81,2.97
Czech Rep.,Q3 2017,22,,,,0.25,109.45,2.8
Czech Rep.,Q4 2017,21.29,,,,0.5,110.07,2.4
Czech Rep.,Q1 2018,20.64,,,,0.75,110.9,2.43
Czech Rep.,Q2 2018,22.32,,,,1,111.57,2.2
Czech Rep.,Q3 2018,21.97,,,,1.5,112.23,2.37
Czech Rep.,Q4 2018,22.47,,,,1.75,112.97,2.07
Czech Rep.,Q1 2019,22.97,,,,1.75,115.14,2.03
Czech Rep.,Q2 2019,22.36,,,,2,115.95,1.9
Czech Rep.,Q3 2019,23.71,,,,2,116.6,2.13
Czech Rep.,Q4 2019,22.62,,,,2,117.4,2
Czech Rep.,Q1 2020,24.94,,,,1,119.66,1.97
Czech Rep.,Q2 2020,23.88,,,,0.25,120.82,2.37
Czech Rep.,Q3 2020,23.24,,,,0.25,121.63,2.87
Czech Rep.,Q4 2020,21.39,,,,0.25,123.09,3
Czech Rep.,Q1 2021,22.3,,,,0.25,123.59,3.37
Czech Rep.,Q2 2021,21.44,,,,0.5,125.44,3
Czech Rep.,Q3 2021,22.02,,,,0.75,126.52,2.7
Czech Rep.,Q4 2021,21.95,,,,3.75,125.75,2.17
Czech Rep.,Q1 2022,21.96,,,,4.5,131.19,2.5
Czech Rep.,Q2 2022,23.82,,,,7,133.99,2.4
Czech Rep.,Q3 2022,25.18,,,,,138.66,2.37
Czech Rep.,Q4 2022,22.62,,,,,140.35,2.33
Denmark,Q1 2000,7.79,,6.69,,3.5,78.28,5
Denmark,Q2 2000,7.79,,6.79,,4.25,78.71,4.2
Denmark,Q3 2000,8.47,,7.48,,4.5,79.15,4.17
Denmark,Q4 2000,8.02,,7.26,,4.75,80.31,3.93
Denmark,Q1 2001,8.47,,,,4.75,80.46,4.6
Denmark,Q2 2001,8.79,,6.61,,4.5,80.98,4.17
Denmark,Q3 2001,8.12,,6.36,,3.75,81.13,4.7
Denmark,Q4 2001,8.41,,6.28,,3.25,81.86,4.63
Denmark,Q1 2002,8.5,,6.4,,3.25,82.4,4.67
Denmark,Q2 2002,7.45,,6.33,,3.25,82.69,4.27
Denmark,Q3 2002,7.53,,6.08,,3.25,83.29,4.83
Denmark,Q4 2002,7.08,,5.73,,2.86,83.68,4.57
Denmark,Q1 2003,6.82,,5.18,,2.55,83.69,5.33
Denmark,Q2 2003,6.5,,4.94,,2.08,84.05,5.4
Denmark,Q3 2003,6.37,,5.23,,2,84.63,5.5
Denmark,Q4 2003,5.96,,5.3,,2,84.6,5.4
Denmark,Q1 2004,6.09,,4.98,,2,85.55,6.1
Denmark,Q2 2004,6.11,,5.15,,2,85.46,5.2
Denmark,Q3 2004,6,,5.02,,2,86.16,5.67
Denmark,Q4 2004,5.47,,4.88,,2,86.85,5.03
Denmark,Q1 2005,5.75,,4.85,,2,87.89,5.73
Denmark,Q2 2005,6.16,,4.79,,2,87.91,4.8
Denmark,Q3 2005,6.2,,4.49,,2,88.8,4.77
Denmark,Q4 2005,6.32,,4.22,,2.25,89.42,4.07
Denmark,Q1 2006,6.17,,4.36,,2.5,90.14,4.5
Denmark,Q2 2006,5.87,,4.77,,2.75,90.26,3.93
Denmark,Q3 2006,5.89,,4.75,,3,90.75,3.7
Denmark,Q4 2006,5.66,,4.61,,3.5,90.23,3.5
Denmark,Q1 2007,5.59,,4.7,,3.75,91.82,4.13
Denmark,Q2 2007,5.51,,4.99,,4,92.14,3.67
Denmark,Q3 2007,5.26,,5.45,,4,92.43,3.97
Denmark,Q4 2007,5.08,,5.36,,4,93.77,3.23
Denmark,Q1 2008,4.72,,5.25,,4,94.94,3.7
Denmark,Q2 2008,4.73,,5.62,,4,95.66,3.4
Denmark,Q3 2008,5.22,,5.77,,4.25,97.46,3.73
Denmark,Q4 2008,5.28,,5.85,,3.5,97.47,3.9
Denmark,Q1 2009,5.6,,5.45,,2,96.32,5.7
Denmark,Q2 2009,5.27,,5.25,,1.2,96.03,6.37
Denmark,Q3 2009,5.08,,5.01,,1,97.21,6.63
Denmark,Q4 2009,5.19,,4.63,,1,97.96,6.93
Denmark,Q1 2010,5.52,,4.45,,0.75,99.35,8.27
Denmark,Q2 2010,6.07,,4.17,,0.75,99.92,7.6
Denmark,Q3 2010,5.46,,3.91,,0.75,100.03,7.6
Denmark,Q4 2010,5.61,,4.23,,0.75,100.7,7.53
Denmark,Q1 2011,5.25,,4.53,,0.75,100.92,8.43
Denmark,Q2 2011,5.16,,4.36,,1,100.16,7.3
Denmark,Q3 2011,5.51,,3.88,,1.25,100.61,7.63
Denmark,Q4 2011,5.75,,3.46,,0.75,100.89,7.67
Denmark,Q1 2012,5.57,,3.17,,0.75,101.98,8.23
Denmark,Q2 2012,5.9,,3.21,,0.25,102.96,8
Denmark,Q3 2012,5.77,,3.08,,0,103.52,7.83
Denmark,Q4 2012,5.66,,2.99,,0,103.66,7.07
Denmark,Q1 2013,5.84,,2.82,,0,103.56,8
Denmark,Q2 2013,5.73,,2.55,,0,103.7,7.27
Denmark,Q3 2013,5.52,,3.04,,0,104.06,7.43
Denmark,Q4 2013,5.41,,,,0,104.47,6.8
Denmark,Q1 2014,5.41,,,,0,104.73,7.5
Denmark,Q2 2014,5.46,,,,0,105.14,6.6
Denmark,Q3 2014,5.92,,,,0,104.5,7.03
Denmark,Q4 2014,6.12,,,,0,105.71,6.57
Denmark,Q1 2015,6.94,,,,0,105.58,6.73
Denmark,Q2 2015,6.67,,,,0,105.31,6.1
Denmark,Q3 2015,6.66,,,,0,105.52,6.37
Denmark,Q4 2015,6.83,,,,0,105.49,5.87
Denmark,Q1 2016,6.54,,,,0,105.77,6.37
Denmark,Q2 2016,6.7,,,,0,105.58,5.77
Denmark,Q3 2016,6.68,,,,0,105.33,6.1
Denmark,Q4 2016,7.05,,,,0,106.29,5.7
Denmark,Q1 2017,7.01,,,,0,106.79,6.5
Denmark,Q2 2017,6.52,,,,0,107.3,5.6
Denmark,Q3 2017,6.3,,,,0,106.92,6.03
Denmark,Q4 2017,6.21,,,,0,106.97,5.13
Denmark,Q1 2018,6.01,,,,0,106.79,5.53
Denmark,Q2 2018,6.39,,,,0,107.24,4.97
Denmark,Q3 2018,6.44,,,,0,108.33,5
Denmark,Q4 2018,6.52,,,,0,108.81,5.1
Denmark,Q1 2019,6.64,,,,0,108.45,5.47
Denmark,Q2 2019,6.56,,,,0,108.55,4.67
Denmark,Q3 2019,6.86,,,,0,108.97,5
Denmark,Q4 2019,6.68,,,,0,109.73,4.97
Denmark,Q1 2020,6.82,,,,0,111.63,5.17
Denmark,Q2 2020,6.66,,,,0,111.83,5.2
Denmark,Q3 2020,6.36,,,,0,112.52,6.37
Denmark,Q4 2020,6.06,,,,0,112.47,5.77
Denmark,Q1 2021,6.34,,,,0,113.61,6.4
Denmark,Q2 2021,6.26,,,,0,114.42,4.73
Denmark,Q3 2021,6.42,,,,0,115.91,4.87
Denmark,Q4 2021,6.56,,,,-0.6,117.22,4.4
Denmark,Q1 2022,6.7,,,,-0.6,120.95,4.6
Denmark,Q2 2022,7.16,,,,-0.6,125.15,3.93
Denmark,Q3 2022,7.63,,,,0.65,127.99,4.7
Denmark,Q4 2022,6.97,,,,1.75,124.37,4.6
"Egypt, Arab Rep. of",Q1 2000,3.41,12,,,,,
"Egypt, Arab Rep. of",Q2 2000,3.45,12,,,,,
"Egypt, Arab Rep. of",Q3 2000,3.5,12,,,,,
"Egypt, Arab Rep. of",Q4 2000,3.69,12,,,,,
"Egypt, Arab Rep. of",Q1 2001,3.84,12,,,,,
"Egypt, Arab Rep. of",Q2 2001,3.85,11,,,,,
"Egypt, Arab Rep. of",Q3 2001,4.14,11,,,,,
"Egypt, Arab Rep. of",Q4 2001,4.49,11,,,,,
"Egypt, Arab Rep. of",Q1 2002,4.5,11,,,,,
"Egypt, Arab Rep. of",Q2 2002,4.5,11,,,,,
"Egypt, Arab Rep. of",Q3 2002,4.5,11,,,,,
"Egypt, Arab Rep. of",Q4 2002,4.5,10,,,,,
"Egypt, Arab Rep. of",Q1 2003,5.73,10,,,,,9.96
"Egypt, Arab Rep. of",Q2 2003,6.03,10,,,,,10.45
"Egypt, Arab Rep. of",Q3 2003,6.13,10,,,,,10.6
"Egypt, Arab Rep. of",Q4 2003,6.15,10,,,,,10.65
"Egypt, Arab Rep. of",Q1 2004,6.17,10,,,,,10.44
"Egypt, Arab Rep. of",Q2 2004,6.19,10,,,,,11.12
"Egypt, Arab Rep. of",Q3 2004,6.23,10,,,,,10.95
"Egypt, Arab Rep. of",Q4 2004,6.13,10,,,,,10.47
"Egypt, Arab Rep. of",Q1 2005,5.79,10,,,,,10.11
"Egypt, Arab Rep. of",Q2 2005,5.78,10,,,,,10.52
"Egypt, Arab Rep. of",Q3 2005,5.75,10,,,,,11.78
"Egypt, Arab Rep. of",Q4 2005,5.73,10,,,,,11.74
"Egypt, Arab Rep. of",Q1 2006,5.74,9,,,,,11.77
"Egypt, Arab Rep. of",Q2 2006,5.75,9,,,,,10.86
"Egypt, Arab Rep. of",Q3 2006,5.73,9,,,,,11.09
"Egypt, Arab Rep. of",Q4 2006,5.7,9,,,,,8.99
"Egypt, Arab Rep. of",Q1 2007,5.69,9,,,,,9.03
"Egypt, Arab Rep. of",Q2 2007,5.69,9,,,,,8.93
"Egypt, Arab Rep. of",Q3 2007,5.58,9,,,,,8.9
"Egypt, Arab Rep. of",Q4 2007,5.5,9,,,,,9.14
"Egypt, Arab Rep. of",Q1 2008,5.44,9,,,,,9.19
"Egypt, Arab Rep. of",Q2 2008,5.32,10,,,,,8.12
"Egypt, Arab Rep. of",Q3 2008,5.45,11.5,,,,,8.33
"Egypt, Arab Rep. of",Q4 2008,5.5,11.5,,,,,8.42
"Egypt, Arab Rep. of",Q1 2009,5.63,10,,,,,9.14
"Egypt, Arab Rep. of",Q2 2009,5.59,9,,,,,9.04
"Egypt, Arab Rep. of",Q3 2009,5.49,8.5,,,,,9.02
"Egypt, Arab Rep. of",Q4 2009,5.48,8.5,,,,,9.15
"Egypt, Arab Rep. of",Q1 2010,5.49,8.5,,,,,8.77
"Egypt, Arab Rep. of",Q2 2010,5.68,8.5,,,,,8.84
"Egypt, Arab Rep. of",Q3 2010,5.68,8.5,,,,,8.69
"Egypt, Arab Rep. of",Q4 2010,5.79,8.5,,,,,8.72
"Egypt, Arab Rep. of",Q1 2011,5.95,8.5,,,,,11.74
"Egypt, Arab Rep. of",Q2 2011,5.96,8.5,,,,,11.67
"Egypt, Arab Rep. of",Q3 2011,5.95,8.5,,,,,11.72
"Egypt, Arab Rep. of",Q4 2011,6.02,9.5,,,,,12.26
"Egypt, Arab Rep. of",Q1 2012,6.03,9.5,,,,,12.61
"Egypt, Arab Rep. of",Q2 2012,6.05,9.5,,,,,12.42
"Egypt, Arab Rep. of",Q3 2012,6.08,9.5,,,,,12.36
"Egypt, Arab Rep. of",Q4 2012,6.31,9.5,,,,,13.01
"Egypt, Arab Rep. of",Q1 2013,6.79,10.25,,,,,12.88
"Egypt, Arab Rep. of",Q2 2013,7.01,10.25,,,,,13.15
"Egypt, Arab Rep. of",Q3 2013,6.88,9.25,,,,,13.35
"Egypt, Arab Rep. of",Q4 2013,6.94,8.75,,,,,13.25
"Egypt, Arab Rep. of",Q1 2014,6.96,8.75,,,,,13.26
"Egypt, Arab Rep. of",Q2 2014,7.15,8.75,,,,,13.19
"Egypt, Arab Rep. of",Q3 2014,7.15,9.75,,,,,13
"Egypt, Arab Rep. of",Q4 2014,7.14,9.75,,,,,12.96
"Egypt, Arab Rep. of",Q1 2015,7.6,9.25,,,,,14.19
"Egypt, Arab Rep. of",Q2 2015,7.61,9.25,,,,,12.45
"Egypt, Arab Rep. of",Q3 2015,7.81,9.25,,,,,12.78
"Egypt, Arab Rep. of",Q4 2015,7.81,9.75,,,9.25,,12.76
"Egypt, Arab Rep. of",Q1 2016,8.86,11.25,,,10.4,,13.55
"Egypt, Arab Rep. of",Q2 2016,8.86,12.25,,,10.4,,11.81
"Egypt, Arab Rep. of",Q3 2016,8.86,12.25,,,10.4,,12.09
"Egypt, Arab Rep. of",Q4 2016,18.13,15.25,,,15.25,,12.31
"Egypt, Arab Rep. of",Q1 2017,18.08,15.25,,,15.25,,10.82
"Egypt, Arab Rep. of",Q2 2017,18.04,17.25,,,17.25,,11.69
"Egypt, Arab Rep. of",Q3 2017,17.61,19.25,,,19.25,,12.67
"Egypt, Arab Rep. of",Q4 2017,17.68,19.25,,,19.25,,11.92
"Egypt, Arab Rep. of",Q1 2018,17.6,17.25,,,17.25,,10.6
"Egypt, Arab Rep. of",Q2 2018,17.83,17.25,,,17.25,,9.9
"Egypt, Arab Rep. of",Q3 2018,17.86,17.25,,,17.25,,10
"Egypt, Arab Rep. of",Q4 2018,17.87,17.25,,,17.25,,8.89
"Egypt, Arab Rep. of",Q1 2019,17.27,16.25,,,16.25,,8.11
"Egypt, Arab Rep. of",Q2 2019,16.65,16.25,,,16.25,,7.46
"Egypt, Arab Rep. of",Q3 2019,16.22,13.75,,,13.75,,7.79
"Egypt, Arab Rep. of",Q4 2019,15.99,12.75,,,12.75,,8.05
"Egypt, Arab Rep. of",Q1 2020,15.7,9.75,,,9.75,,7.76
"Egypt, Arab Rep. of",Q2 2020,16.09,9.75,,,9.75,,9.67
"Egypt, Arab Rep. of",Q3 2020,15.71,9.25,,,9.25,,7.36
"Egypt, Arab Rep. of",Q4 2020,15.68,8.75,,,8.75,,7.25
"Egypt, Arab Rep. of",Q1 2021,15.66,8.75,,,8.75,,7.39
"Egypt, Arab Rep. of",Q2 2021,15.63,8.75,,,8.75,,7.3
"Egypt, Arab Rep. of",Q3 2021,15.66,8.75,,,8.75,,7.57
"Egypt, Arab Rep. of",Q4 2021,15.66,8.75,,,8.75,,7.5
"Egypt, Arab Rep. of",Q1 2022,18.22,9.75,,,9.75,,
"Egypt, Arab Rep. of",Q2 2022,18.75,11.75,,,11.75,,
"Egypt, Arab Rep. of",Q3 2022,19.51,11.75,,,11.75,,
"Egypt, Arab Rep. of",Q4 2022,24.69,16.75,,,16.75,,
"Estonia, Rep. of",Q1 2000,16.36,,,,,57.67,16.08
"Estonia, Rep. of",Q2 2000,16.34,,,,,57.85,13.9
"Estonia, Rep. of",Q3 2000,17.82,,,,,58.28,13.97
"Estonia, Rep. of",Q4 2000,16.82,,,,,60.47,14.67
"Estonia, Rep. of",Q1 2001,17.77,,,,,60.41,14.2
"Estonia, Rep. of",Q2 2001,18.47,,,,,62.7,12.97
"Estonia, Rep. of",Q3 2001,17.06,,,,,62.7,12.9
"Estonia, Rep. of",Q4 2001,17.69,,,,,64.51,12.1
"Estonia, Rep. of",Q1 2002,17.95,,,,,64.72,11.57
"Estonia, Rep. of",Q2 2002,15.78,,,,,65.56,10.17
"Estonia, Rep. of",Q3 2002,15.91,,,,,65.4,10.9
"Estonia, Rep. of",Q4 2002,14.94,,,,,66.76,12.7
"Estonia, Rep. of",Q1 2003,14.39,,,,,67.42,11.3
"Estonia, Rep. of",Q2 2003,13.69,,,,,67.99,10.77
"Estonia, Rep. of",Q3 2003,13.41,,,,,68.24,9.7
"Estonia, Rep. of",Q4 2003,12.41,,,,,68.57,9.63
"Estonia, Rep. of",Q1 2004,12.8,,,,,71.08,10.27
"Estonia, Rep. of",Q2 2004,12.9,,,,,69.54,9.7
"Estonia, Rep. of",Q3 2004,12.7,,,,,72.35,10.33
"Estonia, Rep. of",Q4 2004,11.47,,,,,72.5,10.03
"Estonia, Rep. of",Q1 2005,12.08,,,,,74.09,9.17
"Estonia, Rep. of",Q2 2005,12.95,,,,,74.97,8.23
"Estonia, Rep. of",Q3 2005,13.01,,,,,76.06,7.3
"Estonia, Rep. of",Q4 2005,13.22,,,,,77.31,7.2
"Estonia, Rep. of",Q1 2006,12.92,,,,,79.73,6.77
"Estonia, Rep. of",Q2 2006,12.31,,,,,80.86,5.9
"Estonia, Rep. of",Q3 2006,12.34,,,,,83.5,5.53
"Estonia, Rep. of",Q4 2006,11.88,,,,,85.01,5.57
"Estonia, Rep. of",Q1 2007,11.75,,,,,89.03,5.37
"Estonia, Rep. of",Q2 2007,11.62,,,,,91.01,4.8
"Estonia, Rep. of",Q3 2007,11.03,,,,,93.73,4.07
"Estonia, Rep. of",Q4 2007,10.64,,,,,97.36,4.17
"Estonia, Rep. of",Q1 2008,9.89,,,,,96.52,4.13
"Estonia, Rep. of",Q2 2008,9.89,,,,,99.14,4.1
"Estonia, Rep. of",Q3 2008,10.88,,,,,96.25,6.03
"Estonia, Rep. of",Q4 2008,11.11,,,,,103.25,7.8
"Estonia, Rep. of",Q1 2009,11.79,,,,,98.77,11.17
"Estonia, Rep. of",Q2 2009,11.1,,,,,97.87,12.93
"Estonia, Rep. of",Q3 2009,10.69,,,,,96.92,14.1
"Estonia, Rep. of",Q4 2009,10.87,,,,,98.56,15.7
"Estonia, Rep. of",Q1 2010,11.63,,,,,97.84,19.07
"Estonia, Rep. of",Q2 2010,12.81,,,,,98.46,18.1
"Estonia, Rep. of",Q3 2010,11.48,,,,,101.35,15.2
"Estonia, Rep. of",Q4 2010,11.71,,,,,102.35,13.97
"Estonia, Rep. of",Q1 2011,,,,,,104.14,14.33
"Estonia, Rep. of",Q2 2011,,,,,,105.16,12.93
"Estonia, Rep. of",Q3 2011,,,,,,106.22,11
"Estonia, Rep. of",Q4 2011,,,,,,107.22,11.13
"Estonia, Rep. of",Q1 2012,,,,,,108.44,11.23
"Estonia, Rep. of",Q2 2012,,,,,,109.61,10
"Estonia, Rep. of",Q3 2012,,,,,,110.86,9.27
"Estonia, Rep. of",Q4 2012,,,,,,110.84,9.13
"Estonia, Rep. of",Q1 2013,,,,,,113.19,9.7
"Estonia, Rep. of",Q2 2013,,,,,,113.89,7.9
"Estonia, Rep. of",Q3 2013,,,,,,115.87,7.8
"Estonia, Rep. of",Q4 2013,,,,,,114.98,8.57
"Estonia, Rep. of",Q1 2014,,,,,,117.36,8.47
"Estonia, Rep. of",Q2 2014,,,,,,118.35,7.13
"Estonia, Rep. of",Q3 2014,,,,,,117.57,7.2
"Estonia, Rep. of",Q4 2014,,,,,,118.7,6.47
"Estonia, Rep. of",Q1 2015,,,,,,117.91,6.83
"Estonia, Rep. of",Q2 2015,,,,,,118.41,6.6
"Estonia, Rep. of",Q3 2015,,,,,,118.97,5.63
"Estonia, Rep. of",Q4 2015,,,,,,119.64,6.5
"Estonia, Rep. of",Q1 2016,,,,,,121.22,6.83
"Estonia, Rep. of",Q2 2016,,,,,,120.74,6.63
"Estonia, Rep. of",Q3 2016,,,,,,121.17,7.13
"Estonia, Rep. of",Q4 2016,,,,,,122.55,6.73
"Estonia, Rep. of",Q1 2017,,,,,,124.48,5.9
"Estonia, Rep. of",Q2 2017,,,,,,126.26,6.3
"Estonia, Rep. of",Q3 2017,,,,,,125.75,5.4
"Estonia, Rep. of",Q4 2017,,,,,,127.66,5.63
"Estonia, Rep. of",Q1 2018,,,,,,129.85,6.5
"Estonia, Rep. of",Q2 2018,,,,,,131.38,5.13
"Estonia, Rep. of",Q3 2018,,,,,,132.06,5.3
"Estonia, Rep. of",Q4 2018,,,,,,134.64,4.63
"Estonia, Rep. of",Q1 2019,,,,,,136.35,4.6
"Estonia, Rep. of",Q2 2019,,,,,,136.9,4.93
"Estonia, Rep. of",Q3 2019,,,,,,136.47,4.17
"Estonia, Rep. of",Q4 2019,,,,,,136.07,4.23
"Estonia, Rep. of",Q1 2020,,,,,,134.56,5.17
"Estonia, Rep. of",Q2 2020,,,,,,133.85,7.17
"Estonia, Rep. of",Q3 2020,,,,,,137.18,7.67
"Estonia, Rep. of",Q4 2020,,,,,,136.86,7.53
"Estonia, Rep. of",Q1 2021,,,,,,137.07,7.07
"Estonia, Rep. of",Q2 2021,,,,,,139.48,6.7
"Estonia, Rep. of",Q3 2021,,,,,,145.53,5.83
"Estonia, Rep. of",Q4 2021,,,,,,151.53,5.23
"Estonia, Rep. of",Q1 2022,,,,,,157.79,5.63
"Estonia, Rep. of",Q2 2022,,,,,,164.71,5.73
"Estonia, Rep. of",Q3 2022,,,,,,169.66,5.6
"Estonia, Rep. of",Q4 2022,,,,,,176.11,5.33
Finland,Q1 2000,,,,,,85.22,11.03
Finland,Q2 2000,,,,,,86.05,11.07
Finland,Q3 2000,,,,,,86.73,8.4
Finland,Q4 2000,,,,,,87.61,8.63
Finland,Q1 2001,,,,,,88.93,9.77
Finland,Q2 2001,,,,,,89.34,10.3
Finland,Q3 2001,,,,,,89.41,8.03
Finland,Q4 2001,,,,,,89.4,8.4
Finland,Q1 2002,,,,,,89.95,9.6
Finland,Q2 2002,,,,,,90.15,10.43
Finland,Q3 2002,,,,,,90.06,8
Finland,Q4 2002,,,,,,90.29,8.27
Finland,Q1 2003,,,,,,90.5,9.47
Finland,Q2 2003,,,,,,90.17,10.47
Finland,Q3 2003,,,,,,89.94,7.87
Finland,Q4 2003,,,,,,90.53,8.23
Finland,Q1 2004,,,,,,90.73,9.33
Finland,Q2 2004,,,,,,90.83,10.37
Finland,Q3 2004,,,,,,90.77,7.67
Finland,Q4 2004,,,,,,90.97,7.93
Finland,Q1 2005,,,,,,91.22,9.17
Finland,Q2 2005,,,,,,91.69,9.63
Finland,Q3 2005,,,,,,91.5,7.2
Finland,Q4 2005,,,,,,92.28,7.6
Finland,Q1 2006,,,,,,91.61,8.4
Finland,Q2 2006,,,,,,92.14,8.93
Finland,Q3 2006,,,,,,92.84,6.77
Finland,Q4 2006,,,,,,93.45,6.77
Finland,Q1 2007,,,,,,94.26,7.6
Finland,Q2 2007,,,,,,94.78,7.7
Finland,Q3 2007,,,,,,95.16,6.07
Finland,Q4 2007,,,,,,96.01,6.1
Finland,Q1 2008,,,,,,96.85,6.67
Finland,Q2 2008,,,,,,97.9,7.27
Finland,Q3 2008,,,,,,98.63,5.57
Finland,Q4 2008,,,,,,98.43,5.97
Finland,Q1 2009,,,,,,100.27,7.8
Finland,Q2 2009,,,,,,99.55,9.77
Finland,Q3 2009,,,,,,99.24,7.6
Finland,Q4 2009,,,,,,99.68,8.3
Finland,Q1 2010,,,,,,99.32,9.47
Finland,Q2 2010,,,,,,99.61,9.67
Finland,Q3 2010,,,,,,100.05,7.43
Finland,Q4 2010,,,,,,101.02,7.6
Finland,Q1 2011,,,,,,101.51,9
Finland,Q2 2011,,,,,,102.44,8.97
Finland,Q3 2011,,,,,,103.04,6.9
Finland,Q4 2011,,,,,,103.54,7
Finland,Q1 2012,,,,,,104.88,8.2
Finland,Q2 2012,,,,,,105.38,8.7
Finland,Q3 2012,,,,,,106.02,7.17
Finland,Q4 2012,,,,,,106.48,7.17
Finland,Q1 2013,,,,,,107.62,9
Finland,Q2 2013,,,,,,108.25,9.23
Finland,Q3 2013,,,,,,108.57,7.17
Finland,Q4 2013,,,,,,109.1,7.8
Finland,Q1 2014,,,,,,109.68,9.23
Finland,Q2 2014,,,,,,109.98,9.7
Finland,Q3 2014,,,,,,110.3,7.63
Finland,Q4 2014,,,,,,110.66,8.43
Finland,Q1 2015,,,,,,111.66,9.9
Finland,Q2 2015,,,,,,111.86,10.73
Finland,Q3 2015,,,,,,112.07,8.43
Finland,Q4 2015,,,,,,112.15,8.77
Finland,Q1 2016,,,,,,111.88,9.73
Finland,Q2 2016,,,,,,111.91,9.97
Finland,Q3 2016,,,,,,112.15,7.77
Finland,Q4 2016,,,,,,112.2,8.2
Finland,Q1 2017,,,,,,112.64,9.5
Finland,Q2 2017,,,,,,112.63,10.07
Finland,Q3 2017,,,,,,112.9,7.8
Finland,Q4 2017,,,,,,113.63,7.7
Finland,Q1 2018,,,,,,114.16,8.9
Finland,Q2 2018,,,,,,114.71,8.27
Finland,Q3 2018,,,,,,115.57,6.53
Finland,Q4 2018,,,,,,116.4,6.03
Finland,Q1 2019,,,,,,116.27,7.07
Finland,Q2 2019,,,,,,116.63,7.83
Finland,Q3 2019,,,,,,117.05,6
Finland,Q4 2019,,,,,,117.8,6.07
Finland,Q1 2020,,,,,,118.94,7.1
Finland,Q2 2020,,,,,,119.37,8.87
Finland,Q3 2020,,,,,,118.62,7.6
Finland,Q4 2020,,,,,,118.51,7.33
Finland,Q1 2021,,,,,,119.29,8.43
Finland,Q2 2021,,,,,,120.91,9.17
Finland,Q3 2021,,,,,,122.06,6.87
Finland,Q4 2021,,,,,,123.64,6.23
Finland,Q1 2022,,,,,,125.28,7.07
Finland,Q2 2022,,,,,,126.72,7.2
Finland,Q3 2022,,,,,,129.24,6.67
Finland,Q4 2022,,,,,,130.89,6.13
France,Q1 2000,,,,3.36,,83.31,10.2
France,Q2 2000,,,,4.07,,83.71,
France,Q3 2000,,,,4.6,,84.17,
France,Q4 2000,,,,4.94,,84.51,
France,Q1 2001,,,,4.75,,84.94,8.6
France,Q2 2001,,,,4.62,,85.39,
France,Q3 2001,,,,4.27,,85.74,
France,Q4 2001,,,,3.38,,86.36,
France,Q1 2002,,,,3.35,,86.87,8.7
France,Q2 2002,,,,3.45,,87.13,
France,Q3 2002,,,,3.34,,87.51,
France,Q4 2002,,,,3.04,,88.01,
France,Q1 2003,,,,2.64,,88.22,8.67
France,Q2 2003,,,,2.31,,88.85,8.27
France,Q3 2003,,,,2.08,,89.31,7.93
France,Q4 2003,,,,2.08,,89.65,9.17
France,Q1 2004,,,,2.01,,90.02,9.33
France,Q2 2004,,,,2.02,,90.17,8.5
France,Q3 2004,,,,2.02,,90.53,8.43
France,Q4 2004,,,,2.04,,91.06,9.33
France,Q1 2005,,,,2.04,,91.49,9
France,Q2 2005,,,,2.02,,92.06,8.53
France,Q3 2005,,,,2.02,,92.32,8.57
France,Q4 2005,,,,2.21,,92.88,9.43
France,Q1 2006,,,,2.46,,93.34,9.53
France,Q2 2006,,,,2.68,,93.76,8.7
France,Q3 2006,,,,3.04,,94.43,8.5
France,Q4 2006,,,,3.39,,95.16,8.67
France,Q1 2007,,,,3.67,,95.62,8.83
France,Q2 2007,,,,3.92,,96.2,7.87
France,Q3 2007,,,,3.99,,96.97,7.57
France,Q4 2007,,,,3.88,,97.56,7.8
France,Q1 2008,,,,3.88,,98.4,7.5
France,Q2 2008,,,,4.03,,98.97,7.1
France,Q3 2008,,,,4.24,,98.93,7.1
France,Q4 2008,,,,2.33,,99.22,8.03
France,Q1 2009,,,,1.06,,99.1,8.97
France,Q2 2009,,,,0.73,,98.87,8.93
France,Q3 2009,,,,0.4,,98.73,8.73
France,Q4 2009,,,,0.39,,99.04,9.83
France,Q1 2010,,,,0.31,,99.42,9.77
France,Q2 2010,,,,0.25,,99.95,9.03
France,Q3 2010,,,,0.38,,100.32,8.73
France,Q4 2010,,,,0.57,,100.31,9.57
France,Q1 2011,,,,0.64,,100.6,9.57
France,Q2 2011,,,,1,,100.84,8.87
France,Q3 2011,,,,0.76,,101.01,8.73
France,Q4 2011,,,,0.37,,101.34,9.7
France,Q1 2012,,,,0.12,,101.62,9.9
France,Q2 2012,,,,0.07,,102.07,9.4
France,Q3 2012,,,,-0.01,,102.35,9.23
France,Q4 2012,,,,0.02,,102.43,10.5
France,Q1 2013,,,,0.02,,102.76,10.8
France,Q2 2013,,,,0.02,,102.94,10.13
France,Q3 2013,,,,0.05,,102.96,9.8
France,Q4 2013,,,,0.08,,102.99,10.47
France,Q1 2014,,,,0.15,,103.31,10.63
France,Q2 2014,,,,0.13,,103.35,9.83
France,Q3 2014,,,,-0.01,,103.44,9.87
France,Q4 2014,,,,-0.03,,103.9,10.77
France,Q1 2015,,,,-0.13,,104.32,10.77
France,Q2 2015,,,,-0.18,,104.51,10.1
France,Q3 2015,,,,-0.2,,104.84,10
France,Q4 2015,,,,-0.28,,105.06,10.53
France,Q1 2016,,,,-0.4,,105.28,10.63
France,Q2 2016,,,,-0.49,,105.15,9.63
France,Q3 2016,,,,-0.59,,105.22,9.67
France,Q4 2016,,,,-0.75,,105.27,10.33
France,Q1 2017,,,,-0.66,,105.57,10
France,Q2 2017,,,,-0.57,,105.73,9.13
France,Q3 2017,,,,,,105.81,9.3
France,Q4 2017,,,,,,105.99,9.27
France,Q1 2018,,,,,,106.43,9.6
France,Q2 2018,,,,,,106.58,8.67
France,Q3 2018,,,,,,107,8.83
France,Q4 2018,,,,,,107.31,9
France,Q1 2019,,,,,,107.73,9
France,Q2 2019,,,,,,108,8.03
France,Q3 2019,,,,,,108.36,8.3
France,Q4 2019,,,,,,108.69,8.4
France,Q1 2020,,,,,,110.04,8.1
France,Q2 2020,,,,,,114.02,6.83
France,Q3 2020,,,,,,110.03,8.93
France,Q4 2020,,,,,,111.37,8.27
France,Q1 2021,,,,,,112.41,8.33
France,Q2 2021,,,,,,112.89,7.63
France,Q3 2021,,,,,,112.9,7.93
France,Q4 2021,,,,,,113.21,7.6
France,Q1 2022,,,,,,114.16,7.53
France,Q2 2022,,,,,,115.34,7.1
France,Q3 2022,,,,,,116.94,7.3
France,Q4 2022,,,,,,118.26,7.33
Georgia,Q1 2000,1.93,,,,,,
Georgia,Q2 2000,1.96,,,,,,
Georgia,Q3 2000,1.96,,,,,,
Georgia,Q4 2000,1.98,,,,,,
Georgia,Q1 2001,2.06,,,,,,
Georgia,Q2 2001,2.05,,,,,,
Georgia,Q3 2001,2.06,,,,,,
Georgia,Q4 2001,2.06,,,,,,
Georgia,Q1 2002,2.22,,,,,,
Georgia,Q2 2002,2.19,,,,,,
Georgia,Q3 2002,2.18,,,,,,
Georgia,Q4 2002,2.09,,,,,,
Georgia,Q1 2003,2.13,,,,,,
Georgia,Q2 2003,2.11,,,,,,
Georgia,Q3 2003,2.11,,,,,,
Georgia,Q4 2003,2.08,,,,,,
Georgia,Q1 2004,2.01,,,,,,
Georgia,Q2 2004,1.92,,,,,,
Georgia,Q3 2004,1.84,,,,,,
Georgia,Q4 2004,1.83,,,,,,
Georgia,Q1 2005,1.83,,,,,,
Georgia,Q2 2005,1.81,,,,,,
Georgia,Q3 2005,1.79,,,,,,
Georgia,Q4 2005,1.79,,,,,,
Georgia,Q1 2006,1.83,,,,,,
Georgia,Q2 2006,1.77,,,,,,
Georgia,Q3 2006,1.74,,,,,,
Georgia,Q4 2006,1.71,,,,,,
Georgia,Q1 2007,1.7,,,,,,
Georgia,Q2 2007,1.67,,,,,,
Georgia,Q3 2007,1.66,,,,,,
Georgia,Q4 2007,1.59,,,,,,
Georgia,Q1 2008,1.48,,,,11,,
Georgia,Q2 2008,1.42,,,,12,,
Georgia,Q3 2008,1.41,,,,10,,
Georgia,Q4 2008,1.67,,,,8,,
Georgia,Q1 2009,1.67,,,,6.5,,
Georgia,Q2 2009,1.66,,,,6,,
Georgia,Q3 2009,1.68,,,,6,,
Georgia,Q4 2009,1.69,,,,5,,
Georgia,Q1 2010,1.75,,,,5,,
Georgia,Q2 2010,1.84,,,,6.25,,
Georgia,Q3 2010,1.81,,,,7,,
Georgia,Q4 2010,1.77,,,,7.5,,
Georgia,Q1 2011,1.71,,,,8,,
Georgia,Q2 2011,1.67,,,,8,,
Georgia,Q3 2011,1.66,,,,7.5,,
Georgia,Q4 2011,1.67,,,,6.75,,
Georgia,Q1 2012,1.66,,,,6.5,,
Georgia,Q2 2012,1.65,,,,5.75,,
Georgia,Q3 2012,1.66,,,,5.75,,
Georgia,Q4 2012,1.66,,,,5.25,,
Georgia,Q1 2013,1.66,,,,4.5,,
Georgia,Q2 2013,1.65,,,,4,,
Georgia,Q3 2013,1.66,,,,3.75,,
Georgia,Q4 2013,1.74,,,,3.75,,
Georgia,Q1 2014,1.75,,,,4,,
Georgia,Q2 2014,1.77,,,,4,,
Georgia,Q3 2014,1.75,,,,4,,
Georgia,Q4 2014,1.86,,,,4,,
Georgia,Q1 2015,2.23,,,,4.5,,
Georgia,Q2 2015,2.25,,,,5,,
Georgia,Q3 2015,2.38,,,,7,,
Georgia,Q4 2015,2.39,,,,8,,
Georgia,Q1 2016,2.37,,,,8,,
Georgia,Q2 2016,2.34,,,,7,,
Georgia,Q3 2016,2.33,,,,6.5,,
Georgia,Q4 2016,2.65,,,,6.5,,
Georgia,Q1 2017,2.45,,,,6.75,,15.41
Georgia,Q2 2017,2.41,,,,7,,14.15
Georgia,Q3 2017,2.48,,,,7,,12.56
Georgia,Q4 2017,2.59,,,,7.25,,13.63
Georgia,Q1 2018,2.41,,,,7.25,,14.02
Georgia,Q2 2018,2.45,,,,7.25,,12.12
Georgia,Q3 2018,2.62,,,,7,,12.18
Georgia,Q4 2018,2.68,,,,7,,12.34
Georgia,Q1 2019,2.69,,,,6.5,,12.8
Georgia,Q2 2019,2.87,,,,6.5,,11.37
Georgia,Q3 2019,2.96,,,,7.5,,11.12
Georgia,Q4 2019,2.87,,,,9,,10.94
Georgia,Q1 2020,3.28,,,,9,,11.36
Georgia,Q2 2020,3.06,,,,8.25,,10.34
Georgia,Q3 2020,3.29,,,,8,,9.55
Georgia,Q4 2020,3.28,,,,8,,13.09
Georgia,Q1 2021,3.41,,,,,,
Georgia,Q2 2021,3.16,,,,9.5,,
Georgia,Q3 2021,3.12,,,,10,,
Georgia,Q4 2021,3.1,,,,10.5,,
Georgia,Q1 2022,3.1,,,,11,,
Georgia,Q2 2022,2.93,,,,11,,
Georgia,Q3 2022,2.84,,,,11,,
Georgia,Q4 2022,2.7,,,,11,,
Germany,Q1 2000,,,5.43,,,89.59,
Germany,Q2 2000,,,5.53,,,89.34,7.9
Germany,Q3 2000,,,5.73,,,89.59,
Germany,Q4 2000,,,5.53,,,89.79,
Germany,Q1 2001,,,5.07,,,90.25,
Germany,Q2 2001,,,5.1,,,90.17,7.8
Germany,Q3 2001,,,4.93,,,90.81,
Germany,Q4 2001,,,4.53,,,91.74,
Germany,Q1 2002,,,4.97,,,91.84,
Germany,Q2 2002,,,5.13,,,91.4,8.5
Germany,Q3 2002,,,4.6,,,92.24,
Germany,Q4 2002,,,4.27,,,92.5,
Germany,Q1 2003,,,3.73,,,92.96,
Germany,Q2 2003,,,3.53,,,92.96,9.8
Germany,Q3 2003,,,3.7,,,93.42,
Germany,Q4 2003,,,3.93,,,93.51,
Germany,Q1 2004,,,3.57,,,93.89,
Germany,Q2 2004,,,3.7,,,94.36,10.7
Germany,Q3 2004,,,3.63,,,94.37,
Germany,Q4 2004,,,3.3,,,94.36,
Germany,Q1 2005,,,3.23,,,94.56,11.5
Germany,Q2 2005,,,2.97,,,94.58,11.3
Germany,Q3 2005,,,2.83,,,94.61,11.1
Germany,Q4 2005,,,3.2,,,94.79,10.8
Germany,Q1 2006,,,3.43,,,94.64,11.3
Germany,Q2 2006,,,3.9,,,95.01,10.2
Germany,Q3 2006,,,3.9,,,95.01,9.8
Germany,Q4 2006,,,3.9,,,95.37,9.8
Germany,Q1 2007,,,4.13,,,96.21,9.37
Germany,Q2 2007,,,4.47,,,96.51,8.47
Germany,Q3 2007,,,4.6,,,96.83,8.27
Germany,Q4 2007,,,4.47,,,97.19,8.07
Germany,Q1 2008,,,4.07,,,97.16,8.1
Germany,Q2 2008,,,4.63,,,97.43,7.67
Germany,Q3 2008,,,4.87,,,97.64,7.07
Germany,Q4 2008,,,4.27,,,98.06,6.87
Germany,Q1 2009,,,3.67,,,98.77,7.53
Germany,Q2 2009,,,3.5,,,99.12,7.27
Germany,Q3 2009,,,3.13,,,99.65,7.33
Germany,Q4 2009,,,2.93,,,99.91,6.77
Germany,Q1 2010,,,2.75,,,99.99,7.47
Germany,Q2 2010,,,,,,99.41,6.53
Germany,Q3 2010,,,,,,100.19,6.27
Germany,Q4 2010,,,,,,100.41,6.03
Germany,Q1 2011,,,,,,100.45,6.23
Germany,Q2 2011,,,,,,100.82,5.47
Germany,Q3 2011,,,,,,101.21,5.37
Germany,Q4 2011,,,,,,101.85,5
Germany,Q1 2012,,,,,,101.9,5.5
Germany,Q2 2012,,,,,,102.15,5
Germany,Q3 2012,,,,,,102.87,5
Germany,Q4 2012,,,,,,103.44,4.83
Germany,Q1 2013,,,,,,104.1,5.43
Germany,Q2 2013,,,,,,104.4,4.9
Germany,Q3 2013,,,,,,104.87,4.77
Germany,Q4 2013,,,,,,105.03,4.7
Germany,Q1 2014,,,,,,105.97,5.13
Germany,Q2 2014,,,,,,106.51,4.63
Germany,Q3 2014,,,,,,106.77,4.57
Germany,Q4 2014,,,,,,106.98,4.5
Germany,Q1 2015,,,,,,108,4.73
Germany,Q2 2015,,,,,,108.44,4.4
Germany,Q3 2015,,,,,,108.75,4.13
Germany,Q4 2015,,,,,,108.96,4.2
Germany,Q1 2016,,,,,,109.51,4.27
Germany,Q2 2016,,,,,,109.86,4
Germany,Q3 2016,,,,,,110.04,3.8
Germany,Q4 2016,,,,,,110.51,3.57
Germany,Q1 2017,,,,,,110.81,3.9
Germany,Q2 2017,,,,,,111.41,3.57
Germany,Q3 2017,,,,,,111.92,3.47
Germany,Q4 2017,,,,,,112.39,3.33
Germany,Q1 2018,,,,,,112.89,3.43
Germany,Q2 2018,,,,,,113.45,3.27
Germany,Q3 2018,,,,,,114.17,3.17
Germany,Q4 2018,,,,,,115,2.97
Germany,Q1 2019,,,,,,115.16,3.17
Germany,Q2 2019,,,,,,115.84,2.93
Germany,Q3 2019,,,,,,116.71,2.93
Germany,Q4 2019,,,,,,117.51,2.87
Germany,Q1 2020,,,,,,118.27,3.43
Germany,Q2 2020,,,,,,119.49,3.67
Germany,Q3 2020,,,,,,117.64,3.9
Germany,Q4 2020,,,,,,118.63,3.5
Germany,Q1 2021,,,,,,120.43,4.1
Germany,Q2 2021,,,,,,120.51,3.73
Germany,Q3 2021,,,,,,122.86,3.37
Germany,Q4 2021,,,,,,124.36,3.1
Germany,Q1 2022,,,,,,125.99,3.17
Germany,Q2 2022,,,,,,127.68,3
Germany,Q3 2022,,,,,,128.5,3.13
Germany,Q4 2022,,,,,,131.81,2.97
Greece,Q1 2000,350.33,,,,,71.56,12.17
Greece,Q2 2000,351.78,,,,,72.19,11.13
Greece,Q3 2000,385.56,,,,,71.85,10.8
Greece,Q4 2000,365.62,,,,,71.59,10.83
Greece,Q1 2001,,,,,,72.98,11.1
Greece,Q2 2001,,,,,,73.91,10.33
Greece,Q3 2001,,,,,,74.53,10.13
Greece,Q4 2001,,,,,,75.11,11.13
Greece,Q1 2002,,,,,,75.81,11.4
Greece,Q2 2002,,,,,,76.11,9.93
Greece,Q3 2002,,,,,,76.47,9.83
Greece,Q4 2002,,,,,,78.02,10.17
Greece,Q1 2003,,,,,,78.26,10.4
Greece,Q2 2003,,,,,,78.45,9.37
Greece,Q3 2003,,,,,,80.11,9.27
Greece,Q4 2003,,,,,,80,9.93
Greece,Q1 2004,,,,,,80.98,11.43
Greece,Q2 2004,,,,,,81.92,10.3
Greece,Q3 2004,,,,,,82.71,10.2
Greece,Q4 2004,,,,,,81.7,10.5
Greece,Q1 2005,,,,,,82.64,10.53
Greece,Q2 2005,,,,,,83.61,9.77
Greece,Q3 2005,,,,,,83.65,9.83
Greece,Q4 2005,,,,,,84.16,9.9
Greece,Q1 2006,,,,,,86.03,9.87
Greece,Q2 2006,,,,,,86.52,8.9
Greece,Q3 2006,,,,,,87.04,8.43
Greece,Q4 2006,,,,,,86.3,8.93
Greece,Q1 2007,,,,,,88.84,9.23
Greece,Q2 2007,,,,,,88.5,8.23
Greece,Q3 2007,,,,,,89.61,8.03
Greece,Q4 2007,,,,,,91.18,8.17
Greece,Q1 2008,,,,,,92.54,8.4
Greece,Q2 2008,,,,,,92.85,7.33
Greece,Q3 2008,,,,,,93.46,7.27
Greece,Q4 2008,,,,,,93.48,8.07
Greece,Q1 2009,,,,,,96.09,9.77
Greece,Q2 2009,,,,,,95.78,9.13
Greece,Q3 2009,,,,,,94.99,9.43
Greece,Q4 2009,,,,,,96.14,10.67
Greece,Q1 2010,,,,,,99.41,12.17
Greece,Q2 2010,,,,,,100.14,12.23
Greece,Q3 2010,,,,,,100.91,12.77
Greece,Q4 2010,,,,,,99.54,14.67
Greece,Q1 2011,,,,,,101.07,16.47
Greece,Q2 2011,,,,,,100.49,16.63
Greece,Q3 2011,,,,,,100.63,18.1
Greece,Q4 2011,,,,,,102.02,21.17
Greece,Q1 2012,,,,,,100.49,23.1
Greece,Q2 2012,,,,,,100.91,24
Greece,Q3 2012,,,,,,100.45,25.33
Greece,Q4 2012,,,,,,100.52,26.8
Greece,Q1 2013,,,,,,100.37,28.2
Greece,Q2 2013,,,,,,99.46,27.63
Greece,Q3 2013,,,,,,97.74,27.43
Greece,Q4 2013,,,,,,96.57,28.03
Greece,Q1 2014,,,,,,96.81,28.17
Greece,Q2 2014,,,,,,96.3,26.67
Greece,Q3 2014,,,,,,96.46,25.6
Greece,Q4 2014,,,,,,96.73,26.17
Greece,Q1 2015,,,,,,96.21,26.8
Greece,Q2 2015,,,,,,95.78,24.6
Greece,Q3 2015,,,,,,96.45,23.9
Greece,Q4 2015,,,,,,96.01,24.63
Greece,Q1 2016,,,,,,95.82,25.27
Greece,Q2 2016,,,,,,96.14,23.37
Greece,Q3 2016,,,,,,95.72,22.87
Greece,Q4 2016,,,,,,95.45,24
Greece,Q1 2017,,,,,,95.6,23.97
Greece,Q2 2017,,,,,,95.82,21.5
Greece,Q3 2017,,,,,,96.15,20.33
Greece,Q4 2017,,,,,,96.21,21.57
Greece,Q1 2018,,,,,,95.59,21.8
Greece,Q2 2018,,,,,,95.68,19.33
Greece,Q3 2018,,,,,,95.75,18.5
Greece,Q4 2018,,,,,,95.96,19.33
Greece,Q1 2019,,,,,,,20
Greece,Q2 2019,,,,,,,17.47
Greece,Q3 2019,,,,,,,16.77
Greece,Q4 2019,,,,,,,17.3
Greece,Q1 2020,,,,,,,17.3
Greece,Q2 2020,,,,,,,19.3
Greece,Q3 2020,,,,,,,16.33
Greece,Q4 2020,,,,,,,17.53
Greece,Q1 2021,,,,,,,17.1
Greece,Q2 2021,,,,,,,15.8
Greece,Q3 2021,,,,,,,13.03
Greece,Q4 2021,,,,,,,13.23
Greece,Q1 2022,,,,,,,13.8
Greece,Q2 2022,,,,,,,12.47
Greece,Q3 2022,,,,,,,11.67
Greece,Q4 2022,,,,,,,11.9
Hungary,Q1 2000,269.94,,,,12,,7
Hungary,Q2 2000,271.33,,,,11,,6.5
Hungary,Q3 2000,299.72,,,,11,,5.93
Hungary,Q4 2000,284.73,,,,11,,5.63
Hungary,Q1 2001,302.79,,,,11,,6.03
Hungary,Q2 2001,287.39,,,,11,,5.67
Hungary,Q3 2001,281.29,,,,11,,5.37
Hungary,Q4 2001,279.03,,,,9.75,,5.23
Hungary,Q1 2002,279.18,,,,8.5,,5.93
Hungary,Q2 2002,246.72,,,,9,,5.57
Hungary,Q3 2002,247.36,,,,9.5,,5.4
Hungary,Q4 2002,225.16,,,,8.5,,5.43
Hungary,Q1 2003,227.02,,,,6.5,,6.17
Hungary,Q2 2003,232.98,,,,9.5,,5.83
Hungary,Q3 2003,218.23,,,,9.5,,5.5
Hungary,Q4 2003,207.92,,,,12.5,,5.47
Hungary,Q1 2004,203.65,,,,12.25,,6.03
Hungary,Q2 2004,208.76,,,,11.5,,5.83
Hungary,Q3 2004,200.52,,,,11,,6.03
Hungary,Q4 2004,180.29,,,,9.5,,6.37
Hungary,Q1 2005,190.81,,,,7.75,,7
Hungary,Q2 2005,204.79,,,,7,,7.13
Hungary,Q3 2005,207.56,,,,6,,7.23
Hungary,Q4 2005,213.58,,,,6,,7.33
Hungary,Q1 2006,219.2,,,,6,,7.63
Hungary,Q2 2006,221.78,,,,6.25,,7.27
Hungary,Q3 2006,215.74,,,,7.75,,7.43
Hungary,Q4 2006,191.62,,,,8,,7.5
Hungary,Q1 2007,186.13,,,,8,,7.47
Hungary,Q2 2007,182.68,,,,7.75,,7.1
Hungary,Q3 2007,176.84,,,,7.5,,7.23
Hungary,Q4 2007,172.61,,,,7.5,,7.77
Hungary,Q1 2008,163.9,,,,7.5,,7.9
Hungary,Q2 2008,149.76,,,,8.5,,7.6
Hungary,Q3 2008,169.15,,,,8.5,,7.6
Hungary,Q4 2008,187.91,,,,10,,8.1
Hungary,Q1 2009,233,,,,9.5,,9.43
Hungary,Q2 2009,193.27,,,,9.5,,9.27
Hungary,Q3 2009,184.79,,,,7.5,,9.93
Hungary,Q4 2009,188.07,,,,6.25,,10.07
Hungary,Q1 2010,198.02,,,,5.5,,11.43
Hungary,Q2 2010,234.5,,,,5.25,,10.87
Hungary,Q3 2010,203.43,,,,5.25,,10.47
Hungary,Q4 2010,208.65,,,,5.75,,10.43
Hungary,Q1 2011,186.98,,,,6,,11.5
Hungary,Q2 2011,183.39,,,,6,,10.47
Hungary,Q3 2011,215.65,,,,6,,10.33
Hungary,Q4 2011,240.68,,,,7,,10.33
Hungary,Q1 2012,221.61,,,,7,,11.5
Hungary,Q2 2012,229.13,,,,7,,10.5
Hungary,Q3 2012,219.17,,,,6.5,,10.13
Hungary,Q4 2012,220.93,,,,5.75,,10.2
Hungary,Q1 2013,237.36,,,,5,,11.2
Hungary,Q2 2013,226.18,,,,4.25,,9.57
Hungary,Q3 2013,221.06,,,,3.6,,9.27
Hungary,Q4 2013,215.67,,,,3,,8.5
Hungary,Q1 2014,223.38,,,,2.6,,8.03
Hungary,Q2 2014,227.13,,,,2.3,,7.73
Hungary,Q3 2014,245.13,,,,2.1,,7.07
Hungary,Q4 2014,259.13,,,,2.1,,7
Hungary,Q1 2015,278.94,,,,1.95,,7.5
Hungary,Q2 2015,282.75,,,,1.5,,6.7
Hungary,Q3 2015,279.05,,,,1.35,,6.03
Hungary,Q4 2015,286.63,,,,1.35,,5.83
Hungary,Q1 2016,276.62,,,,1.2,,5.93
Hungary,Q2 2016,284.29,,,,0.9,,4.93
Hungary,Q3 2016,276.35,,,,0.9,,4.5
Hungary,Q4 2016,293.69,,,,0.9,,4.17
Hungary,Q1 2017,288.64,,,,0.9,,4.47
Hungary,Q2 2017,270.87,,,,0.9,,4.23
Hungary,Q3 2017,263.75,,,,0.9,,3.9
Hungary,Q4 2017,258.82,,,,0.9,,3.6
Hungary,Q1 2018,253.94,,,,0.9,,3.87
Hungary,Q2 2018,282.06,,,,0.9,,3.4
Hungary,Q3 2018,278.76,,,,0.9,,3.53
Hungary,Q4 2018,280.94,,,,0.9,,3.3
Hungary,Q1 2019,286.14,,,,0.9,,3.47
Hungary,Q2 2019,284.08,,,,0.9,,3.3
Hungary,Q3 2019,306.06,,,,0.9,,3.2
Hungary,Q4 2019,294.74,,,,0.9,,3.03
Hungary,Q1 2020,327.07,,,,0.9,,3.4
Hungary,Q2 2020,317.83,,,,0.75,,4.67
Hungary,Q3 2020,311.4,,,,0.6,,4.37
Hungary,Q4 2020,297.36,,,,0.6,,4.13
Hungary,Q1 2021,309.66,,,,0.6,,4.37
Hungary,Q2 2021,296.04,,,,0.9,,4.1
Hungary,Q3 2021,310.66,,,,1.65,,3.9
Hungary,Q4 2021,325.71,,,,2.4,,3.8
Hungary,Q1 2022,332.09,,,,4.4,,3.67
Hungary,Q2 2022,379.99,,,,7.75,,3.43
Hungary,Q3 2022,428.57,,,,,,3.6
Hungary,Q4 2022,375.68,,,,,,3.77
Iceland,Q1 2000,73.69,11.1,,,,,
Iceland,Q2 2000,76.46,11.6,,,,,1.9
Iceland,Q3 2000,83.08,11.6,,,,,
Iceland,Q4 2000,84.7,12.4,,,,,
Iceland,Q1 2001,91.35,12.4,,,,,
Iceland,Q2 2001,104.71,12.4,,,,,1.9
Iceland,Q3 2001,101.31,12.4,,,,,
Iceland,Q4 2001,102.95,12,,,,,
Iceland,Q1 2002,99.48,12,,,9.15,,
Iceland,Q2 2002,86.19,10.9,,,8.15,,3
Iceland,Q3 2002,86.58,9.5,,,6.85,,
Iceland,Q4 2002,80.58,8.2,,,5.63,,
Iceland,Q1 2003,76.48,7.7,,,5.16,,4.03
Iceland,Q2 2003,76.38,7.7,,,5.16,,4.03
Iceland,Q3 2003,76.07,7.7,,,5.16,,2.87
Iceland,Q4 2003,70.99,7.7,,,5.16,,3.13
Iceland,Q1 2004,72.16,7.7,,,5.16,,3.5
Iceland,Q2 2004,72.49,8,,,5.59,,4.5
Iceland,Q3 2004,70.85,8.75,,,6.53,,2.9
Iceland,Q4 2004,61.04,10.25,,,7.92,,2.73
Iceland,Q1 2005,60.58,10.75,,,8.61,,3.3
Iceland,Q2 2005,65.02,11,,,9.07,,3.27
Iceland,Q3 2005,61.55,11,,,9.75,,2
Iceland,Q4 2005,62.98,12,,,9.97,,2.97
Iceland,Q1 2006,70.7,12.25,,,10.87,,2.5
Iceland,Q2 2006,76.42,13.75,,,11.54,,4.53
Iceland,Q3 2006,69.91,15,,,13.09,,2.9
Iceland,Q4 2006,71.66,15.25,,,13.3,,2.9
Iceland,Q1 2007,65.69,15.25,,,13.3,,2.13
Iceland,Q2 2007,62.09,15.25,,,13.3,,3.33
Iceland,Q3 2007,61.73,15.25,,,13.3,,2.27
Iceland,Q4 2007,61.85,15.25,,,13.75,,2.17
Iceland,Q1 2008,76.49,16.5,,,15,,2.57
Iceland,Q2 2008,79.07,16.5,,,15.5,,3.17
Iceland,Q3 2008,101.2,16.5,,,15.5,,2.97
Iceland,Q4 2008,120.58,22,,,18,,4.63
Iceland,Q1 2009,122.06,21,,,17,,7.83
Iceland,Q2 2009,127.01,,,,9.5,,9.77
Iceland,Q3 2009,123.87,15.31,,,9.5,,6.7
Iceland,Q4 2009,124.9,14.55,,,9.13,,7.77
Iceland,Q1 2010,128.12,10.5,,,8.13,,8.43
Iceland,Q2 2010,127.62,9.5,,,7.13,,9.8
Iceland,Q3 2010,113.36,7.75,,,5.38,,6.9
Iceland,Q4 2010,115.05,5.5,,,3.88,,8.07
Iceland,Q1 2011,114.07,5.25,,,3.63,,8.4
Iceland,Q2 2011,114.49,5.25,,,3.63,,9.6
Iceland,Q3 2011,118.11,5.5,,,3.88,,6.17
Iceland,Q4 2011,122.71,5.75,,,4.13,,6.53
Iceland,Q1 2012,126.47,6,,,4.38,,7.77
Iceland,Q2 2012,125.74,6.75,,,5.13,,7.83
Iceland,Q3 2012,123.66,6.75,,,5.13,,5.67
Iceland,Q4 2012,128.99,7,,,5.38,,5.27
Iceland,Q1 2013,124.65,7,,,5.38,,6.37
Iceland,Q2 2013,123.98,7,,,5.38,,7.3
Iceland,Q3 2013,121.07,7,,,5.38,,4.83
Iceland,Q4 2013,115.55,7,,,5.38,,4.87
Iceland,Q1 2014,112.7,7,,,5.38,,6.03
Iceland,Q2 2014,112.86,7,,,5.25,,6.33
Iceland,Q3 2014,121.24,7,,,5.25,,4.73
Iceland,Q4 2014,126.9,6.25,,,4.5,,4.53
Iceland,Q1 2015,137.21,6.25,,,4.5,,5.1
Iceland,Q2 2015,131.6,6.75,,,5,,5.53
Iceland,Q3 2015,127.35,7.25,,,5.5,,4
Iceland,Q4 2015,129.59,7.5,,,5.75,,3.4
Iceland,Q1 2016,123.53,7.5,,,5.75,,3.67
Iceland,Q2 2016,122.65,7.5,,,5.75,,4
Iceland,Q3 2016,114.44,7,,,5.25,,2.87
Iceland,Q4 2016,112.82,6.75,,,5,,2.83
Iceland,Q1 2017,113.1,6.75,,,5,,3.47
Iceland,Q2 2017,103.34,6.25,,,4.5,,4.13
Iceland,Q3 2017,105.47,6.25,,,4.5,,2.4
Iceland,Q4 2017,104.42,6,,,4.25,,3.13
Iceland,Q1 2018,98.02,6,,,4.25,,3.1
Iceland,Q2 2018,106.4,6,,,4.25,,4.03
Iceland,Q3 2018,111.06,6,,,4.25,,2.47
Iceland,Q4 2018,116.33,6.25,,,4.5,,2.8
Iceland,Q1 2019,122.57,6.25,,,4.5,,3.53
Iceland,Q2 2019,124.46,5.5,,,3.75,,4.8
Iceland,Q3 2019,123.69,5.25,,,3.5,,3.6
Iceland,Q4 2019,121.1,4.75,,,3,,3.8
Iceland,Q1 2020,141.72,3.5,,,1.75,,4.4
Iceland,Q2 2020,138.58,2.75,,,1,,7.97
Iceland,Q3 2020,138.54,2.75,,,1,,5.8
Iceland,Q4 2020,127.21,2.5,,,0.75,,7.57
Iceland,Q1 2021,126.31,2.5,,,0.75,,7.63
Iceland,Q2 2021,123.22,2.75,,,1,,7.97
Iceland,Q3 2021,130.32,3,,,1.25,,4
Iceland,Q4 2021,130.38,3.75,,,2,,4.43
Iceland,Q1 2022,127.92,4.5,,,2.75,,4.1
Iceland,Q2 2022,133.72,6.5,,,4.75,,4.27
Iceland,Q3 2022,144.55,7.25,,,,,3.37
Iceland,Q4 2022,142.04,7.75,,,,,3.27
India,Q1 2000,43.62,8,,,,58.15,
India,Q2 2000,44.68,7,,,,58.42,
India,Q3 2000,46.07,8,,,,58.82,
India,Q4 2000,46.75,8,,,,59.49,
India,Q1 2001,46.64,7,,,,60.14,
India,Q2 2001,47.04,7,,,,60.48,
India,Q3 2001,47.86,7,,,,60.85,
India,Q4 2001,48.18,6.5,,,,61.26,
India,Q1 2002,48.8,6.5,,,,61.45,
India,Q2 2002,48.87,6.5,,,,62.28,
India,Q3 2002,48.38,6.5,,,,63.21,
India,Q4 2002,48.03,6.25,,,,63.53,
India,Q1 2003,47.55,6.25,,,,64.29,
India,Q2 2003,46.47,6,,,,64.86,
India,Q3 2003,45.85,6,,,,64.88,
India,Q4 2003,45.61,6,,,,65.86,
India,Q1 2004,43.45,6,,,,66.68,
India,Q2 2004,45.98,6,,,,68.32,
India,Q3 2004,46.16,6,,,,68.86,
India,Q4 2004,43.59,6,,,,69.45,
India,Q1 2005,43.76,6,,,,70.37,
India,Q2 2005,43.52,6,,,,70.71,
India,Q3 2005,43.99,6,,,,71.88,
India,Q4 2005,45.07,6,,,6.25,72.63,
India,Q1 2006,44.61,6,,,,73.5,
India,Q2 2006,45.09,6,,,,75.18,
India,Q3 2006,45.96,6,,,,76.09,
India,Q4 2006,44.25,6,,,7.25,77.65,
India,Q1 2007,43.6,6,,,,78.31,
India,Q2 2007,40.76,6,,,,78.98,
India,Q3 2007,39.74,6,,,,80.43,
India,Q4 2007,39.42,6,,,7.75,81.52,
India,Q1 2008,39.99,6,,,,83.96,
India,Q2 2008,42.95,6,,,,86.42,
India,Q3 2008,46.94,6,,,,88.57,
India,Q4 2008,48.46,6,,,6.5,90.55,
India,Q1 2009,50.95,6,,,,87.65,
India,Q2 2009,47.88,6,,,,89.23,
India,Q3 2009,48.04,6,,,,92.48,
India,Q4 2009,46.68,6,,,4.75,95.42,
India,Q1 2010,45.14,6,,,,97.19,
India,Q2 2010,46.6,6,,,,98.94,
India,Q3 2010,44.92,6,,,,100.68,
India,Q4 2010,44.81,6,,,6.25,103.19,
India,Q1 2011,44.65,6,,,,105.23,
India,Q2 2011,44.72,6,,,,106.97,
India,Q3 2011,48.93,6,,,,109.55,
India,Q4 2011,53.26,6,,,8.5,111.06,
India,Q1 2012,51.16,9.5,,,8.5,113.46,
India,Q2 2012,56.31,9,,,8,116.47,
India,Q3 2012,52.7,9,,,8,118.03,
India,Q4 2012,54.78,9,,,8,119.89,
India,Q1 2013,54.39,8.5,,,7.5,121.63,
India,Q2 2013,59.7,8.25,,,7.25,123.27,
India,Q3 2013,62.78,9.5,,,7.5,125.49,
India,Q4 2013,61.9,8.75,,,7.5,127.34,
India,Q1 2014,60.1,9,,,8,129.33,
India,Q2 2014,60.09,9,,,8,129.42,
India,Q3 2014,61.61,9,,,8,130.38,
India,Q4 2014,63.33,9,,,8,131.04,
India,Q1 2015,62.59,8.5,,,7.5,131.55,
India,Q2 2015,63.75,8.25,,,7.25,132.32,
India,Q3 2015,65.74,8.25,,,6.75,133.31,
India,Q4 2015,66.33,7.75,,,6.75,134.2,
India,Q1 2016,66.33,7.75,,,6.75,134.44,
India,Q2 2016,67.62,7,,,6.5,136.2,
India,Q3 2016,66.66,7,,,6.5,136.66,
India,Q4 2016,67.95,6.75,,,6.25,138.15,
India,Q1 2017,64.84,6.75,,,6.25,140.57,
India,Q2 2017,64.74,6.5,,,6.25,140.74,
India,Q3 2017,65.36,6.25,,,,142.43,7.2
India,Q4 2017,63.93,6.25,,,,144.14,6.81
India,Q1 2018,65.04,6.25,,,,146.09,7.27
India,Q2 2018,68.58,6.5,,,,147.82,7.96
India,Q3 2018,72.55,6.75,,,,149.27,7.52
India,Q4 2018,69.79,6.75,,,,149.53,7.86
India,Q1 2019,69.17,6.5,,,,149.19,7.14
India,Q2 2019,68.92,6,,,,149.96,6.96
India,Q3 2019,70.69,5.65,,,,151.18,6.08
India,Q4 2019,71.27,5.4,,,,153.37,5.98
India,Q1 2020,75.39,4.65,,,,155.64,6.7
India,Q2 2020,75.53,4.25,,,,150.88,11.63
India,Q3 2020,73.8,4.25,,,,155.18,7.18
India,Q4 2020,73.05,4.25,,,,162.2,6.11
India,Q1 2021,73.5,4.25,,,,168.41,5.8
India,Q2 2021,74.35,4.25,,,,163.68,7.93
India,Q3 2021,74.26,4.25,,,,168.15,6.39
India,Q4 2021,74.3,4.25,,,,178.32,5.49
India,Q1 2022,75.81,4.25,,,,182.41,5.67
India,Q2 2022,78.94,5.15,,,,184.87,5.16
India,Q3 2022,81.55,,,,,186.21,
India,Q4 2022,82.79,,,,,189.27,
Indonesia,Q1 2000,"7,590.00",,,,11.03,35.21,
Indonesia,Q2 2000,"8,735.00",,,,11.74,36.67,
Indonesia,Q3 2000,"8,780.00",,,,13.62,37.56,
Indonesia,Q4 2000,"9,595.00",,,,14.53,38.41,
Indonesia,Q1 2001,"10,400.00",,,,15.58,40.12,
Indonesia,Q2 2001,"11,440.00",,,,16.65,42.73,
Indonesia,Q3 2001,"9,675.00",,,,17.57,43.06,
Indonesia,Q4 2001,"10,400.00",,,,,43.13,
Indonesia,Q1 2002,"9,655.00",,,,,43.82,
Indonesia,Q2 2002,"8,730.00",,,,,44.41,
Indonesia,Q3 2002,"9,015.00",,,,,45.16,
Indonesia,Q4 2002,"8,940.00",,,,,45.63,
Indonesia,Q1 2003,"8,908.00",,,,,47.45,
Indonesia,Q2 2003,"8,285.00",,,,,46.71,
Indonesia,Q3 2003,"8,389.00",,,,,47.14,
Indonesia,Q4 2003,"8,465.00",,,,,47.58,
Indonesia,Q1 2004,"8,587.00",,,,,49.24,
Indonesia,Q2 2004,"9,415.00",,,,,50.67,
Indonesia,Q3 2004,"9,170.00",,,,,51.9,
Indonesia,Q4 2004,"9,290.00",,,,,53.11,
Indonesia,Q1 2005,"9,480.00",,,,,54.77,
Indonesia,Q2 2005,"9,713.00",,,,,56.79,
Indonesia,Q3 2005,"10,310.00",,,,10,58.53,
Indonesia,Q4 2005,"9,830.00",,,,12.75,64.14,
Indonesia,Q1 2006,"9,075.00",,,,12.75,64.65,
Indonesia,Q2 2006,"9,300.00",,,,12.5,65.52,
Indonesia,Q3 2006,"9,235.00",,,,11.25,67.49,
Indonesia,Q4 2006,"9,020.00",,,,9.75,69.64,
Indonesia,Q1 2007,"9,118.00",,,,9,71.61,
Indonesia,Q2 2007,"9,054.00",,,,8.5,72.76,
Indonesia,Q3 2007,"9,137.00",,,,8.25,74.89,
Indonesia,Q4 2007,"9,419.00",,,,8,78.13,
Indonesia,Q1 2008,"9,217.00",,,,8,83.36,7.78
Indonesia,Q2 2008,"9,225.00",,,,8.5,86.55,
Indonesia,Q3 2008,"9,378.00",,,,9.25,89.73,6.63
Indonesia,Q4 2008,"10,950.00",,,,9.25,91.75,
Indonesia,Q1 2009,"11,575.00",,,,7.75,91.33,6.18
Indonesia,Q2 2009,"10,225.00",,,,7,92.18,
Indonesia,Q3 2009,"9,681.00",,,,6.5,93.1,6.03
Indonesia,Q4 2009,"9,400.00",,,,6.5,96.02,
Indonesia,Q1 2010,"9,115.00",,,,6.5,98.08,5.31
Indonesia,Q2 2010,"9,083.00",,,,6.5,99.61,
Indonesia,Q3 2010,"8,924.00",,,,6.5,100.1,5.91
Indonesia,Q4 2010,"8,991.00",,,,6.5,102.21,
Indonesia,Q1 2011,"8,709.00",,,,6.75,105.09,5.3
Indonesia,Q2 2011,"8,597.00",,,,6.75,106.16,
Indonesia,Q3 2011,"8,823.00",,,,6.75,108.77,5
Indonesia,Q4 2011,"9,068.00",,,,6,109.83,
Indonesia,Q1 2012,"9,180.00",,,,5.75,111.15,4.68
Indonesia,Q2 2012,"9,480.00",,,,5.75,112.18,
Indonesia,Q3 2012,"9,588.00",,,,5.75,111.2,4.26
Indonesia,Q4 2012,"9,670.00",,,,5.75,111.59,
Indonesia,Q1 2013,"9,719.00",,,,5.75,114.12,3.69
Indonesia,Q2 2013,"9,929.00",,,,6,115.3,
Indonesia,Q3 2013,"11,613.00",,,,7.25,118.18,4.99
Indonesia,Q4 2013,"12,189.00",,,,7.5,120.53,
Indonesia,Q1 2014,"11,404.00",,,,7.5,121.73,3.38
Indonesia,Q2 2014,"11,969.00",,,,7.5,122.68,
Indonesia,Q3 2014,"12,212.00",,,,7.5,124.25,4.73
Indonesia,Q4 2014,"12,440.00",,,,7.75,125.03,
Indonesia,Q1 2015,"13,084.00",,,,7.5,126.56,4.04
Indonesia,Q2 2015,"13,332.00",,,,7.5,128.19,
Indonesia,Q3 2015,"14,657.00",,,,7.5,129.13,5.01
Indonesia,Q4 2015,"13,795.00",,,,7.5,129.47,
Indonesia,Q1 2016,"13,276.00",,,,6.75,129.49,4.28
Indonesia,Q2 2016,"13,180.00",,,,6.5,130.72,
Indonesia,Q3 2016,"12,998.00",,,,5,131.89,4.32
Indonesia,Q4 2016,"13,436.00",,,,4.75,133.74,
Indonesia,Q1 2017,"13,321.00",,,,4.75,135.73,3.08
Indonesia,Q2 2017,"13,319.00",,,,4.75,136.31,
Indonesia,Q3 2017,"13,492.00",,,,4.25,137.49,4.49
Indonesia,Q4 2017,"13,548.00",,,,4.25,138.91,
Indonesia,Q1 2018,"13,756.00",,,,4.25,140.45,4.18
Indonesia,Q2 2018,"14,404.00",,,,5.25,141.89,
Indonesia,Q3 2018,"14,929.00",,,,5.75,143.48,4.59
Indonesia,Q4 2018,"14,481.00",,,,6,143.56,
Indonesia,Q1 2019,"14,244.00",,,,6,144.06,3.32
Indonesia,Q2 2019,"14,141.00",,,,6,145.16,
Indonesia,Q3 2019,"14,174.00",,,,5.25,144.74,3.86
Indonesia,Q4 2019,"13,901.01",,,,5,144.59,
Indonesia,Q1 2020,"16,367.01",,,,4.5,145.14,3.11
Indonesia,Q2 2020,"14,302.00",,,,4.25,142.85,
Indonesia,Q3 2020,"14,918.00",,,,4,143.64,5.43
Indonesia,Q4 2020,"14,105.01",,,,3.75,144.5,
Indonesia,Q1 2021,"14,572.00",,,,3.5,147.7,3.87
Indonesia,Q2 2021,"14,496.00",,,,3.5,151.09,
Indonesia,Q3 2021,"14,307.01",,,,3.5,154.09,3.79
Indonesia,Q4 2021,"14,269.01",,,,3.5,157.76,
Indonesia,Q1 2022,"14,349.01",,,,3.5,159.72,3.45
Indonesia,Q2 2022,"14,848.00",,,,3.5,168.49,
Indonesia,Q3 2022,"15,247.00",,,,4.25,170.54,3.47
Indonesia,Q4 2022,"15,731.00",,,,5.5,170.33,
"Iran, Islamic Rep. of",Q1 2000,"1,747.80",,,,,,
"Iran, Islamic Rep. of",Q2 2000,"1,741.61",,,,,,
"Iran, Islamic Rep. of",Q3 2000,"1,749.73",,,,,,
"Iran, Islamic Rep. of",Q4 2000,"2,262.93",,,,,,
"Iran, Islamic Rep. of",Q1 2001,"1,762.77",,,,,,
"Iran, Islamic Rep. of",Q2 2001,"1,762.45",,,,,,13.9
"Iran, Islamic Rep. of",Q3 2001,"1,758.59",,,,,,14
"Iran, Islamic Rep. of",Q4 2001,"1,750.95",,,,,,14.2
"Iran, Islamic Rep. of",Q1 2002,"7,934.85",,,,,,14.7
"Iran, Islamic Rep. of",Q2 2002,"7,894.41",,,,,,12.6
"Iran, Islamic Rep. of",Q3 2002,"7,925.80",,,,,,12.2
"Iran, Islamic Rep. of",Q4 2002,"7,951.98",,,,,,12.8
"Iran, Islamic Rep. of",Q1 2003,"8,078.75",,,,,,12.2
"Iran, Islamic Rep. of",Q2 2003,"8,198.57",,,,,,11.6
"Iran, Islamic Rep. of",Q3 2003,"8,241.88",,,,,,11.2
"Iran, Islamic Rep. of",Q4 2003,"8,272.11",11.68,,,,,11.8
"Iran, Islamic Rep. of",Q1 2004,"8,485.34",11.8,,,,,11.3
"Iran, Islamic Rep. of",Q2 2004,"8,652.95",11.63,,,,,10.4
"Iran, Islamic Rep. of",Q3 2004,"8,752.00",11.67,,,,,
"Iran, Islamic Rep. of",Q4 2004,"8,793.00",,,,,,10.3
"Iran, Islamic Rep. of",Q1 2005,"8,877.00",,,,,,
"Iran, Islamic Rep. of",Q2 2005,"8,985.00",,,,,,11.9
"Iran, Islamic Rep. of",Q3 2005,"9,035.00",,,,,,10.9
"Iran, Islamic Rep. of",Q4 2005,"9,091.00",,,,,,10.9
"Iran, Islamic Rep. of",Q1 2006,"9,143.00",,,,,,11.55
"Iran, Islamic Rep. of",Q2 2006,"9,178.00",,,,,,11.45
"Iran, Islamic Rep. of",Q3 2006,"9,208.00",,,,,,11.45
"Iran, Islamic Rep. of",Q4 2006,"9,223.00",,,,,,11.69
"Iran, Islamic Rep. of",Q1 2007,"9,243.00",,,,,,10.73
"Iran, Islamic Rep. of",Q2 2007,"9,277.00",,,,,,10.77
"Iran, Islamic Rep. of",Q3 2007,"9,322.00",,,,,,10.91
"Iran, Islamic Rep. of",Q4 2007,"9,282.00",,,,,,10.67
"Iran, Islamic Rep. of",Q1 2008,"8,976.00",,,,,,
"Iran, Islamic Rep. of",Q2 2008,"9,148.00",,,,,,
"Iran, Islamic Rep. of",Q3 2008,"9,703.00",,,,,,
"Iran, Islamic Rep. of",Q4 2008,"9,825.00",,,,,,
"Iran, Islamic Rep. of",Q1 2009,"9,924.00",,,,,,
"Iran, Islamic Rep. of",Q2 2009,"9,929.00",,,,,,
"Iran, Islamic Rep. of",Q3 2009,"9,899.00",,,,,,
"Iran, Islamic Rep. of",Q4 2009,"9,984.00",,,,,,
"Iran, Islamic Rep. of",Q1 2010,"10,012.00",,,,,,13.16
"Iran, Islamic Rep. of",Q2 2010,"10,483.00",,,,,,13.95
"Iran, Islamic Rep. of",Q3 2010,"10,198.00",,,,,,13.89
"Iran, Islamic Rep. of",Q4 2010,"10,353.00",,,,,,13.63
"Iran, Islamic Rep. of",Q1 2011,"10,400.00",,,,,,12.1
"Iran, Islamic Rep. of",Q2 2011,"10,671.00",,,,,,12.51
"Iran, Islamic Rep. of",Q3 2011,"10,740.00",,,,,,12.95
"Iran, Islamic Rep. of",Q4 2011,"11,165.00",,,,,,12.38
"Iran, Islamic Rep. of",Q1 2012,"12,260.00",,,,,,12.24
"Iran, Islamic Rep. of",Q2 2012,"12,260.00",,,,,,12.79
"Iran, Islamic Rep. of",Q3 2012,"12,260.00",,,,,,12.36
"Iran, Islamic Rep. of",Q4 2012,"12,260.00",,,,,,11.71
"Iran, Islamic Rep. of",Q1 2013,"12,260.00",,,,,,10.64
"Iran, Islamic Rep. of",Q2 2013,"12,260.00",,,,,,10.72
"Iran, Islamic Rep. of",Q3 2013,"24,812.00",,,,,,10.76
"Iran, Islamic Rep. of",Q4 2013,"24,774.00",,,,,,10.27
"Iran, Islamic Rep. of",Q1 2014,"25,444.00",,,,,,10.93
"Iran, Islamic Rep. of",Q2 2014,"25,651.00",,,,,,10.73
"Iran, Islamic Rep. of",Q3 2014,"26,668.00",,,,,,10.63
"Iran, Islamic Rep. of",Q4 2014,"27,138.00",,,,,,10.44
"Iran, Islamic Rep. of",Q1 2015,"28,085.00",,,,,,11.41
"Iran, Islamic Rep. of",Q2 2015,"29,319.00",,,,,,10.92
"Iran, Islamic Rep. of",Q3 2015,"29,956.00",,,,,,11.39
"Iran, Islamic Rep. of",Q4 2015,"30,130.00",,,,,,10.96
"Iran, Islamic Rep. of",Q1 2016,"30,260.00",,,,,,12.54
"Iran, Islamic Rep. of",Q2 2016,"30,700.00",,,,,,12.78
"Iran, Islamic Rep. of",Q3 2016,"31,460.00",,,,,,12.54
"Iran, Islamic Rep. of",Q4 2016,"32,376.00",,,,,,12.6
"Iran, Islamic Rep. of",Q1 2017,"32,422.00",,,,,,12.52
"Iran, Islamic Rep. of",Q2 2017,"32,489.00",,,,,,12.13
"Iran, Islamic Rep. of",Q3 2017,"33,805.00",,,,,,12.02
"Iran, Islamic Rep. of",Q4 2017,"36,074.00",,,,,,12.26
"Iran, Islamic Rep. of",Q1 2018,"37,743.00",,,,,,12.53
"Iran, Islamic Rep. of",Q2 2018,"42,590.00",,,,,,12.14
"Iran, Islamic Rep. of",Q3 2018,"42,000.00",,,,,,12.11
"Iran, Islamic Rep. of",Q4 2018,"42,000.00",,,,,,12
"Iran, Islamic Rep. of",Q1 2019,"42,000.00",,,,,,10.89
"Iran, Islamic Rep. of",Q2 2019,"42,000.00",,,,,,10.54
"Iran, Islamic Rep. of",Q3 2019,"42,000.00",,,,,,10.76
"Iran, Islamic Rep. of",Q4 2019,"42,000.00",,,,,,10.76
"Iran, Islamic Rep. of",Q1 2020,"42,000.00",,,,,,9.58
"Iran, Islamic Rep. of",Q2 2020,"42,000.00",,,,,,9.61
"Iran, Islamic Rep. of",Q3 2020,"42,000.00",,,,,,9.64
"Iran, Islamic Rep. of",Q4 2020,"42,000.00",,,,,,9.92
"Iran, Islamic Rep. of",Q1 2021,"42,000.00",,,,,,9.62
"Iran, Islamic Rep. of",Q2 2021,"42,000.00",,,,,,9.09
"Iran, Islamic Rep. of",Q3 2021,"42,000.00",,,,,,9.29
"Iran, Islamic Rep. of",Q4 2021,"42,000.00",,,,,,9.12
"Iran, Islamic Rep. of",Q1 2022,"42,000.00",,,,,,
"Iran, Islamic Rep. of",Q2 2022,"42,000.00",,,,,,
Ireland,Q1 2000,,,,,,84.13,4.8
Ireland,Q2 2000,,,,,,84.54,4.8
Ireland,Q3 2000,,,,,,86.16,4.3
Ireland,Q4 2000,,,,,,88.38,3.7
Ireland,Q1 2001,,,,,,92.03,3.93
Ireland,Q2 2001,,,,,,90.41,4.1
Ireland,Q3 2001,,,,,,92.76,4.5
Ireland,Q4 2001,,,,,,91.14,4.17
Ireland,Q1 2002,,,,,,95.48,4.5
Ireland,Q2 2002,,,,,,95.61,4.77
Ireland,Q3 2002,,,,,,97.88,4.63
Ireland,Q4 2002,,,,,,97.18,5
Ireland,Q1 2003,,,,,,98.09,4.8
Ireland,Q2 2003,,,,,,98.87,4.93
Ireland,Q3 2003,,,,,,100.17,5.17
Ireland,Q4 2003,,,,,,99.98,4.5
Ireland,Q1 2004,,,,,,99.67,5.1
Ireland,Q2 2004,,,,,,99.48,4.8
Ireland,Q3 2004,,,,,,100.39,4.63
Ireland,Q4 2004,,,,,,100.9,4.43
Ireland,Q1 2005,,,,,,102.5,4.37
Ireland,Q2 2005,,,,,,102.06,5.03
Ireland,Q3 2005,,,,,,104.09,4.87
Ireland,Q4 2005,,,,,,103.27,4.27
Ireland,Q1 2006,,,,,,105.63,4.67
Ireland,Q2 2006,,,,,,105.75,4.93
Ireland,Q3 2006,,,,,,106.39,5.17
Ireland,Q4 2006,,,,,,106.54,4.4
Ireland,Q1 2007,,,,,,107.8,4.87
Ireland,Q2 2007,,,,,,108.17,5.2
Ireland,Q3 2007,,,,,,108.17,5.03
Ireland,Q4 2007,,,,,,105.83,4.9
Ireland,Q1 2008,,,,,,106.76,5.33
Ireland,Q2 2008,,,,,,106.95,6.13
Ireland,Q3 2008,,,,,,106.85,7.57
Ireland,Q4 2008,,,,,,106.94,8.13
Ireland,Q1 2009,,,,,,103.27,10.8
Ireland,Q2 2009,,,,,,103.19,12.9
Ireland,Q3 2009,,,,,,101.53,13.63
Ireland,Q4 2009,,,,,,101.76,13.3
Ireland,Q1 2010,,,,,,99.9,13.7
Ireland,Q2 2010,,,,,,99.95,14.63
Ireland,Q3 2010,,,,,,99.96,14.87
Ireland,Q4 2010,,,,,,100.2,15.1
Ireland,Q1 2011,,,,,,101.56,15.03
Ireland,Q2 2011,,,,,,101.37,15.33
Ireland,Q3 2011,,,,,,102.04,15.97
Ireland,Q4 2011,,,,,,100.74,15.3
Ireland,Q1 2012,,,,,,104.54,15.8
Ireland,Q2 2012,,,,,,103.31,15.83
Ireland,Q3 2012,,,,,,103.62,15.83
Ireland,Q4 2012,,,,,,101.45,14.47
Ireland,Q1 2013,,,,,,104.06,14.37
Ireland,Q2 2013,,,,,,104.53,14.67
Ireland,Q3 2013,,,,,,103.5,13.7
Ireland,Q4 2013,,,,,,103.38,12.37
Ireland,Q1 2014,,,,,,104.09,12.63
Ireland,Q2 2014,,,,,,104.93,12.47
Ireland,Q3 2014,,,,,,104.14,12
Ireland,Q4 2014,,,,,,105.42,10.43
Ireland,Q1 2015,,,,,,112.06,10.47
Ireland,Q2 2015,,,,,,115.38,10.3
Ireland,Q3 2015,,,,,,116.02,9.87
Ireland,Q4 2015,,,,,,119.66,9.07
Ireland,Q1 2016,,,,,,115.68,8.8
Ireland,Q2 2016,,,,,,113.85,9.07
Ireland,Q3 2016,,,,,,116.89,8.53
Ireland,Q4 2016,,,,,,115.32,7.23
Ireland,Q1 2017,,,,,,115.55,7.03
Ireland,Q2 2017,,,,,,116.82,6.87
Ireland,Q3 2017,,,,,,115.16,6.93
Ireland,Q4 2017,,,,,,117.06,6.1
Ireland,Q1 2018,,,,,,117.64,5.7
Ireland,Q2 2018,,,,,,117.26,6.07
Ireland,Q3 2018,,,,,,117.53,5.97
Ireland,Q4 2018,,,,,,117.44,5.37
Ireland,Q1 2019,,,,,,119.09,4.77
Ireland,Q2 2019,,,,,,120.78,5.4
Ireland,Q3 2019,,,,,,120.93,5.23
Ireland,Q4 2019,,,,,,123.33,4.5
Ireland,Q1 2020,,,,,,120.81,4.67
Ireland,Q2 2020,,,,,,120.9,5.4
Ireland,Q3 2020,,,,,,119.23,7.43
Ireland,Q4 2020,,,,,,121.9,5.9
Ireland,Q1 2021,,,,,,118.82,7.13
Ireland,Q2 2021,,,,,,120.42,7.33
Ireland,Q3 2021,,,,,,121.78,5.73
Ireland,Q4 2021,,,,,,124.72,4.87
Ireland,Q1 2022,,,,,,126.4,4.83
Ireland,Q2 2022,,,,,,130.63,4.5
Ireland,Q3 2022,,,,,,129.92,4.47
Ireland,Q4 2022,,,,,,130.78,4.2
Israel,Q1 2000,4.03,10.41,,,9.9,84.09,8.16
Israel,Q2 2000,4.08,9.74,,,9.3,84.81,8.3
Israel,Q3 2000,4.02,9.31,,,8.9,84.88,9.68
Israel,Q4 2000,4.04,8.54,,,8.2,85.84,8.94
Israel,Q1 2001,4.19,7.79,,,7.5,85.44,8.23
Israel,Q2 2001,4.17,7.2,,,6.95,86.71,8.25
Israel,Q3 2001,4.36,6.5,,,6.3,87.14,10.28
Israel,Q4 2001,4.42,5.82,,,5.66,86.79,10.64
Israel,Q1 2002,4.67,4.5,,,4.4,88.68,10.11
Israel,Q2 2002,4.77,6.67,,,6.46,90.02,9.57
Israel,Q3 2002,4.87,9.53,,,9.1,91.7,11.18
Israel,Q4 2002,4.74,9.53,,,9.1,91.71,10.33
Israel,Q1 2003,4.69,9.31,,,8.9,92.42,10.5
Israel,Q2 2003,4.31,8.33,,,8,89.9,9.77
Israel,Q3 2003,4.44,6.72,,,6.5,89.24,11.58
Israel,Q4 2003,4.38,5.34,,,5.2,89.36,10.99
Israel,Q1 2004,4.53,4.39,,,4.3,90.25,10.54
Israel,Q2 2004,4.5,4.18,,,4.1,90.19,9.97
Israel,Q3 2004,4.48,4.18,,,4.1,90.33,10.75
Israel,Q4 2004,4.31,3.98,,,3.9,90.63,10.21
Israel,Q1 2005,4.36,3.56,,,3.5,89.63,8.82
Israel,Q2 2005,4.57,3.56,,,3.5,90.61,8.45
Israel,Q3 2005,4.6,3.56,,,3.5,91.27,9.71
Israel,Q4 2005,4.6,4.6,,,4.5,92.75,8.98
Israel,Q1 2006,4.67,4.86,,,4.75,92.96,8.39
Israel,Q2 2006,4.44,5.39,,,5.25,92.29,8.36
Israel,Q3 2006,4.3,5.65,,,5.5,92.45,8.81
Israel,Q4 2006,4.23,5.13,,,5,92.51,8.07
Israel,Q1 2007,4.16,4.08,,,4,92.44,7.34
Israel,Q2 2007,4.25,3.56,,,3.5,92.27,7.36
Israel,Q3 2007,4.01,4.08,,,4,93.59,7.6
Israel,Q4 2007,3.85,4.08,,,4,94.54,6.97
Israel,Q1 2008,3.55,3.82,,,3.75,93.44,5.88
Israel,Q2 2008,3.35,3.56,,,3.5,93.83,5.68
Israel,Q3 2008,3.42,4.34,,,4.25,94.58,6.45
Israel,Q4 2008,3.8,2.53,,,2.5,96.65,6.38
Israel,Q1 2009,4.19,0.75,,,0.75,98.34,7.23
Israel,Q2 2009,3.92,0.5,,,0.5,99.01,7.72
Israel,Q3 2009,3.76,0.75,,,0.75,99.25,7.91
Israel,Q4 2009,3.78,1.01,,,1,98.6,7.57
Israel,Q1 2010,3.71,1.26,,,1.25,99.17,6.96
Israel,Q2 2010,3.88,1.51,,,1.5,99.96,5.86
Israel,Q3 2010,3.67,1.77,,,1.75,100.69,7.19
Israel,Q4 2010,3.55,2.02,,,2,100.17,6.54
Israel,Q1 2011,3.48,2.53,,,2.5,101.19,5.66
Israel,Q2 2011,3.42,3.3,,,3.25,101.17,5.21
Israel,Q3 2011,3.71,3.3,,,3.25,101.06,6.1
Israel,Q4 2011,3.82,2.79,,,2.75,102.06,5.44
Israel,Q1 2012,3.72,2.53,,,2.5,102.64,6.67
Israel,Q2 2012,3.92,2.53,,,2.5,104.79,6.6
Israel,Q3 2012,3.91,2.28,,,2.25,105.49,6.88
Israel,Q4 2012,3.73,2.02,,,2,106.01,6.99
Israel,Q1 2013,3.65,1.77,,,1.75,105.79,6.46
Israel,Q2 2013,3.62,1.26,,,1.25,106.38,6.16
Israel,Q3 2013,3.54,1.26,,,1.25,106.86,6.17
Israel,Q4 2013,3.47,1.01,,,1,106.9,5.76
Israel,Q1 2014,3.49,0.75,,,0.75,106.53,5.63
Israel,Q2 2014,3.44,0.75,,,0.75,106.36,5.52
Israel,Q3 2014,3.7,0.25,,,0.25,106.47,6.27
Israel,Q4 2014,3.89,0.25,,,0.25,108.05,5.73
Israel,Q1 2015,3.98,0.1,,,0.1,109.47,5.24
Israel,Q2 2015,3.77,0.1,,,0.1,109.51,4.78
Israel,Q3 2015,3.92,0.1,,,0.1,109.48,5.41
Israel,Q4 2015,3.9,0.1,,,0.1,110.41,5.26
Israel,Q1 2016,3.77,0.1,,,0.1,110.56,4.95
Israel,Q2 2016,3.85,0.1,,,0.1,110.04,4.41
Israel,Q3 2016,3.76,0.1,,,0.1,110.31,4.98
Israel,Q4 2016,3.85,0.1,,,0.1,109.66,4.54
Israel,Q1 2017,3.63,0.1,,,0.1,110.12,4.14
Israel,Q2 2017,3.5,0.1,,,0.1,110.32,4.12
Israel,Q3 2017,3.53,0.1,,,0.1,109.88,4.17
Israel,Q4 2017,3.47,0.1,,,0.1,109.58,4.13
Israel,Q1 2018,3.51,0.1,,,0.1,109.37,3.51
Israel,Q2 2018,3.65,0.1,,,0.1,109.74,3.78
Israel,Q3 2018,3.63,0.1,,,0.1,110.8,4.17
Israel,Q4 2018,3.75,0.25,,,0.25,112.13,4.2
Israel,Q1 2019,3.63,0.25,,,0.25,112.53,3.8
Israel,Q2 2019,3.57,0.25,,,0.25,112.48,3.6
Israel,Q3 2019,3.48,0.25,,,0.25,113.18,3.8
Israel,Q4 2019,3.46,0.25,,,0.25,113.13,3.72
Israel,Q1 2020,3.57,0.25,,,0.25,113.66,3.32
Israel,Q2 2020,3.47,0.1,,,0.1,113.97,3.71
Israel,Q3 2020,3.44,0.1,,,0.1,113.63,4.91
Israel,Q4 2020,3.22,0.1,,,0.1,113.55,4.9
Israel,Q1 2021,3.33,0.1,,,0.1,114.9,4.7
Israel,Q2 2021,3.26,0.1,,,0.1,115.01,5.17
Israel,Q3 2021,3.23,0.1,,,0.1,117.02,5.21
Israel,Q4 2021,3.11,0.1,,,0.1,116.63,4.55
Israel,Q1 2022,3.18,0.1,,,0.1,120,
Israel,Q2 2022,3.5,0.75,,,0.75,121.03,
Israel,Q3 2022,3.54,2.02,,,2,122.1,
Israel,Q4 2022,3.52,3.3,,,3.25,123.68,
Italy,Q1 2000,,,,,,78.83,10.83
Italy,Q2 2000,,,,,,79.44,10.3
Italy,Q3 2000,,,,,,79.57,9.6
Italy,Q4 2000,,,,,,80.09,9.47
Italy,Q1 2001,,,,,,80.67,9.53
Italy,Q2 2001,,,,,,81.55,9.07
Italy,Q3 2001,,,,,,82.31,8.63
Italy,Q4 2001,,,,,,83.07,8.8
Italy,Q1 2002,,,,,,83.88,8.7
Italy,Q2 2002,,,,,,84.35,8.7
Italy,Q3 2002,,,,,,85.03,8.1
Italy,Q4 2002,,,,,,85.07,8.4
Italy,Q1 2003,,,,,,86.07,9.1
Italy,Q2 2003,,,,,,86.96,8.4
Italy,Q3 2003,,,,,,88.22,7.97
Italy,Q4 2003,,,,,,87.71,8.27
Italy,Q1 2004,,,,,,88.48,8.73
Italy,Q2 2004,,,,,,89.7,7.9
Italy,Q3 2004,,,,,,89.68,7.3
Italy,Q4 2004,,,,,,90.42,8.27
Italy,Q1 2005,,,,,,90.68,8.33
Italy,Q2 2005,,,,,,90.9,7.57
Italy,Q3 2005,,,,,,91.28,7.07
Italy,Q4 2005,,,,,,92.62,8.17
Italy,Q1 2006,,,,,,92.38,7.7
Italy,Q2 2006,,,,,,93.14,6.63
Italy,Q3 2006,,,,,,93.71,6.2
Italy,Q4 2006,,,,,,94.01,6.93
Italy,Q1 2007,,,,,,94.39,6.47
Italy,Q2 2007,,,,,,94.86,5.73
Italy,Q3 2007,,,,,,95.76,5.73
Italy,Q4 2007,,,,,,97.5,6.67
Italy,Q1 2008,,,,,,96.95,7.07
Italy,Q2 2008,,,,,,98.12,6.8
Italy,Q3 2008,,,,,,98.19,6.13
Italy,Q4 2008,,,,,,98.47,7.1
Italy,Q1 2009,,,,,,99.51,8.03
Italy,Q2 2009,,,,,,99.57,7.4
Italy,Q3 2009,,,,,,99.49,7.4
Italy,Q4 2009,,,,,,99.69,8.67
Italy,Q1 2010,,,,,,99.52,9.23
Italy,Q2 2010,,,,,,99.86,8.5
Italy,Q3 2010,,,,,,100.09,7.6
Italy,Q4 2010,,,,,,100.54,8.83
Italy,Q1 2011,,,,,,101.09,8.73
Italy,Q2 2011,,,,,,101.21,7.93
Italy,Q3 2011,,,,,,101.77,7.67
Italy,Q4 2011,,,,,,102.38,9.7
Italy,Q1 2012,,,,,,102.73,11.03
Italy,Q2 2012,,,,,,103.06,10.7
Italy,Q3 2012,,,,,,103.26,10
Italy,Q4 2012,,,,,,103.69,11.8
Italy,Q1 2013,,,,,,103.79,12.97
Italy,Q2 2013,,,,,,104.41,12.23
Italy,Q3 2013,,,,,,104.46,11.47
Italy,Q4 2013,,,,,,104.81,12.8
Italy,Q1 2014,,,,,,105.18,13.73
Italy,Q2 2014,,,,,,105.12,12.33
Italy,Q3 2014,,,,,,105.16,11.87
Italy,Q4 2014,,,,,,105.82,13.37
Italy,Q1 2015,,,,,,105.88,13.13
Italy,Q2 2015,,,,,,106.13,12.23
Italy,Q3 2015,,,,,,106.6,10.63
Italy,Q4 2015,,,,,,106.59,12
Italy,Q1 2016,,,,,,107.33,12.17
Italy,Q2 2016,,,,,,107.49,11.63
Italy,Q3 2016,,,,,,107.57,10.93
Italy,Q4 2016,,,,,,107.64,12.27
Italy,Q1 2017,,,,,,107.66,12.2
Italy,Q2 2017,,,,,,108.15,11.03
Italy,Q3 2017,,,,,,108.44,10.6
Italy,Q4 2017,,,,,,108.88,11.2
Italy,Q1 2018,,,,,,109.14,11.57
Italy,Q2 2018,,,,,,109.7,10.7
Italy,Q3 2018,,,,,,109.41,9.33
Italy,Q4 2018,,,,,,109.52,10.8
Italy,Q1 2019,,,,,,109.94,11.03
Italy,Q2 2019,,,,,,110.13,9.7
Italy,Q3 2019,,,,,,110.48,9.13
Italy,Q4 2019,,,,,,111.33,9.87
Italy,Q1 2020,,,,,,111.23,9.37
Italy,Q2 2020,,,,,,112.9,7.93
Italy,Q3 2020,,,,,,112.14,10.2
Italy,Q4 2020,,,,,,112.62,9.7
Italy,Q1 2021,,,,,,112.61,10.67
Italy,Q2 2021,,,,,,112.9,9.63
Italy,Q3 2021,,,,,,113.09,8.83
Italy,Q4 2021,,,,,,112.88,9.1
Italy,Q1 2022,,,,,,114.63,8.77
Italy,Q2 2022,,,,,,115.93,7.93
Italy,Q3 2022,,,,,,115.46,7.67
Italy,Q4 2022,,,,,,119.04,7.93
Japan,Q1 2000,105.85,0.5,,,,112.65,4.95
Japan,Q2 2000,105.4,0.5,,,,112.16,4.9
Japan,Q3 2000,107.85,0.5,,,,111.92,4.57
Japan,Q4 2000,114.9,0.5,,,,111.56,4.58
Japan,Q1 2001,124.6,0.25,,,,111.71,4.86
Japan,Q2 2001,124.05,0.25,,,,110.83,5.1
Japan,Q3 2001,119.3,0.1,,,,110.53,5.02
Japan,Q4 2001,131.8,0.1,,,,110.27,5.1
Japan,Q1 2002,133.2,0.1,,,,110.4,5.43
Japan,Q2 2002,119.45,0.1,,,,109.25,5.61
Japan,Q3 2002,121.55,0.1,,,,108.9,5.38
Japan,Q4 2002,119.9,0.1,,,,108.66,5.12
Japan,Q1 2003,120.15,0.1,,,,107.94,5.47
Japan,Q2 2003,119.85,0.1,,,,107.86,5.58
Japan,Q3 2003,111.2,0.1,,,,107.52,5.06
Japan,Q4 2003,107.1,0.1,,,,106.77,4.9
Japan,Q1 2004,104.3,0.1,,,,106.59,5.03
Japan,Q2 2004,108.38,0.1,,,,106.22,4.76
Japan,Q3 2004,111,0.1,,,,106.15,4.75
Japan,Q4 2004,104.12,0.1,,,,106.23,4.41
Japan,Q1 2005,107.35,0.1,,,,105.69,4.64
Japan,Q2 2005,110.4,0.1,,,,105.16,4.5
Japan,Q3 2005,113.15,0.1,,,,104.74,4.31
Japan,Q4 2005,117.97,0.1,,,,104.58,4.35
Japan,Q1 2006,117.4,0.1,,,,104.37,4.4
Japan,Q2 2006,114.95,0.1,,,0,104.12,4.25
Japan,Q3 2006,117.8,0.4,,,0.25,103.99,4.13
Japan,Q4 2006,118.95,0.4,,,0.25,104.06,3.99
Japan,Q1 2007,117.65,0.75,,,0.5,103.76,4.15
Japan,Q2 2007,123.23,0.75,,,0.5,103.78,3.83
Japan,Q3 2007,115.05,0.75,,,0.5,103.27,3.81
Japan,Q4 2007,114,0.75,,,0.5,102.85,3.77
Japan,Q1 2008,100.1,0.75,,,0.5,102.64,4.03
Japan,Q2 2008,106.4,0.75,,,0.5,102.52,4.02
Japan,Q3 2008,104.3,0.75,,,0.5,101.78,4
Japan,Q4 2008,90.75,0.3,,,0.1,103.05,3.95
Japan,Q1 2009,98.1,0.3,,,0.1,103.1,4.66
Japan,Q2 2009,95.95,0.3,,,0.1,102.31,5.22
Japan,Q3 2009,89.77,0.3,,,0.1,101.48,5.37
Japan,Q4 2009,92.06,0.3,,,0.1,100.78,5.01
Japan,Q1 2010,93.25,0.3,,,0.1,100.74,5.11
Japan,Q2 2010,88.6,0.3,,,0.1,100.28,5.31
Japan,Q3 2010,83.4,0.3,,,0.1,99.65,5.11
Japan,Q4 2010,81.45,0.3,,,0.05,99.32,4.88
Japan,Q1 2011,83.13,0.3,,,0.05,99.07,4.73
Japan,Q2 2011,80.72,0.3,,,0.05,98.39,4.76
Japan,Q3 2011,76.63,0.3,,,0.05,98.06,4.44
Japan,Q4 2011,77.72,0.3,,,0.05,97.99,4.29
Japan,Q1 2012,82.15,0.3,,,0.05,98.08,4.52
Japan,Q2 2012,79.3,0.3,,,0.05,97.6,4.52
Japan,Q3 2012,77.57,0.3,,,0.05,97.42,4.31
Japan,Q4 2012,86.55,0.3,,,0.05,97.39,4.08
Japan,Q1 2013,94.15,0.3,,,0.05,97.22,4.27
Japan,Q2 2013,98.14,0.3,,,,97.23,4.19
Japan,Q3 2013,97.75,0.3,,,,97.29,4
Japan,Q4 2013,105.3,0.3,,,,97.3,3.7
Japan,Q1 2014,102.85,0.3,,,,97.37,3.66
Japan,Q2 2014,101.3,0.3,,,,99.37,3.75
Japan,Q3 2014,109.37,0.3,,,,99.35,3.59
Japan,Q4 2014,120.64,0.3,,,,99.6,3.35
Japan,Q1 2015,120.11,0.3,,,,100.51,3.51
Japan,Q2 2015,122.45,0.3,,,,100.98,3.44
Japan,Q3 2015,119.95,0.3,,,,101.22,3.41
Japan,Q4 2015,120.5,0.3,,,,101.25,3.18
Japan,Q1 2016,112.63,0.3,,,,101.66,3.28
Japan,Q2 2016,102.9,0.3,,,,101.43,3.24
Japan,Q3 2016,101.08,0.3,,,,101.29,3.08
Japan,Q4 2016,116.8,0.3,,,-0.1,101.28,2.93
Japan,Q1 2017,112.05,0.3,,,-0.1,101.07,2.86
Japan,Q2 2017,111.94,,,,-0.1,101.26,2.99
Japan,Q3 2017,112.66,,,,-0.1,101.6,2.79
Japan,Q4 2017,112.9,,,,-0.1,101.39,2.65
Japan,Q1 2018,106.19,,,,-0.1,101.6,2.51
Japan,Q2 2018,110.45,,,,-0.1,101.41,2.44
Japan,Q3 2018,113.47,,,,-0.1,101.28,2.47
Japan,Q4 2018,110.83,,,,-0.1,101.04,2.45
Japan,Q1 2019,110.92,,,,-0.1,101.77,2.43
Japan,Q2 2019,107.68,,,,-0.1,101.87,2.44
Japan,Q3 2019,107.95,,,,-0.1,101.76,2.36
Japan,Q4 2019,109.12,,,,-0.1,102.49,2.19
Japan,Q1 2020,108.7,,,,-0.1,102.85,2.43
Japan,Q2 2020,107.72,,,,-0.1,103.32,2.81
Japan,Q3 2020,105.79,,,,-0.1,102.97,3.05
Japan,Q4 2020,103.63,,,,-0.1,102.67,2.95
Japan,Q1 2021,110.7,,,,-0.1,102.9,2.8
Japan,Q2 2021,110.5,,,,-0.1,102.94,3.03
Japan,Q3 2021,111.91,,,,-0.1,102.73,2.8
Japan,Q4 2021,114.21,,,,-0.1,102.29,2.63
Japan,Q1 2022,122.4,,,,-0.1,103.14,2.63
Japan,Q2 2022,136.63,,,,-0.1,102.9,2.73
Japan,Q3 2022,144.74,,,,,102.37,2.6
Japan,Q4 2022,132.65,,,,,103.54,2.43
Jordan,Q1 2000,0.71,7,,,,61.76,
Jordan,Q2 2000,0.71,7,,,,61.61,
Jordan,Q3 2000,0.71,6.5,,,,60.71,
Jordan,Q4 2000,0.71,6.5,,,,60.79,
Jordan,Q1 2001,0.71,5.75,,,,61.46,
Jordan,Q2 2001,0.71,5.5,,,,61.39,
Jordan,Q3 2001,0.71,5.5,,,,61.88,
Jordan,Q4 2001,0.71,5,,,,61.8,
Jordan,Q1 2002,0.71,5,,,,61.76,
Jordan,Q2 2002,0.71,5,,,,61.9,
Jordan,Q3 2002,0.71,5,,,,62.2,
Jordan,Q4 2002,0.71,4.5,,,,62.85,
Jordan,Q1 2003,0.71,4.5,,,,62.95,
Jordan,Q2 2003,0.71,2.5,,,,63.24,
Jordan,Q3 2003,0.71,2.5,,,,63.99,
Jordan,Q4 2003,0.71,2.5,,,,63.78,
Jordan,Q1 2004,0.71,2.5,,,,65.57,
Jordan,Q2 2004,0.71,2.5,,,2,66.22,
Jordan,Q3 2004,0.71,3.25,,,2,65.06,
Jordan,Q4 2004,0.71,3.75,,,2.25,65.14,
Jordan,Q1 2005,0.71,4.25,,,2.75,64.28,13.4
Jordan,Q2 2005,0.71,4.5,,,3,65.81,15.7
Jordan,Q3 2005,0.71,5.5,,,4,66.5,16.6
Jordan,Q4 2005,0.71,6.5,,,4.5,70.4,13.3
Jordan,Q1 2006,0.71,6.75,,,4.75,70.43,14.4
Jordan,Q2 2006,0.71,7.25,,,5.25,72.03,13.1
Jordan,Q3 2006,0.71,7.5,,,5.25,71.57,15.4
Jordan,Q4 2006,0.71,7.5,,,5.25,71.66,13
Jordan,Q1 2007,0.71,7.5,,,5.25,73.7,14.3
Jordan,Q2 2007,0.71,7.5,,,5.25,73.65,
Jordan,Q3 2007,0.71,7,,,4.75,74.69,14.3
Jordan,Q4 2007,0.71,7,,,4.75,77.96,13
Jordan,Q1 2008,0.71,6.75,,,4.5,86.88,14.1
Jordan,Q2 2008,0.71,6.75,,,4.5,89.2,12.5
Jordan,Q3 2008,0.71,6.75,,,4.5,92.72,12
Jordan,Q4 2008,0.71,6.25,,,4,90.08,12
Jordan,Q1 2009,0.71,5.75,,,3.5,87.77,12.2
Jordan,Q2 2009,0.71,5.25,,,3,91.73,13
Jordan,Q3 2009,0.71,5.25,,,3,96.24,14
Jordan,Q4 2009,0.71,4.75,,,2.5,94.56,12.2
Jordan,Q1 2010,0.71,4.25,,,2,97.1,12.4
Jordan,Q2 2010,0.71,4.25,,,2,99.12,12.2
Jordan,Q3 2010,0.71,4.25,,,2,100.13,13.5
Jordan,Q4 2010,0.71,4.25,,,2,103.66,11.8
Jordan,Q1 2011,0.71,4.25,,,2,104.08,13.1
Jordan,Q2 2011,0.71,4.5,,,2.25,104.17,13.4
Jordan,Q3 2011,0.71,4.5,,,2.25,106.94,13.1
Jordan,Q4 2011,0.71,4.5,,,2.25,109.36,12.1
Jordan,Q1 2012,0.71,5,,,2.75,108.88,11.4
Jordan,Q2 2012,0.71,5,,,3.25,110.28,11.6
Jordan,Q3 2012,0.71,5,,,3.25,112.16,13.1
Jordan,Q4 2012,0.71,5,,,4,113.88,12.5
Jordan,Q1 2013,0.71,5,,,4,116.23,12.8
Jordan,Q2 2013,0.71,5,,,4,117.86,12.6
Jordan,Q3 2013,0.71,4.75,,,3.75,119.14,14
Jordan,Q4 2013,0.71,4.5,,,3.5,119.73,11
Jordan,Q1 2014,0.71,4.25,,,3.25,120.88,11.8
Jordan,Q2 2014,0.71,4.25,,,2.75,122.3,12
Jordan,Q3 2014,0.71,4.25,,,2.75,123.08,11.4
Jordan,Q4 2014,0.71,4.25,,,2.75,124.25,12.3
Jordan,Q1 2015,0.71,4,,,1.75,124.75,13
Jordan,Q2 2015,0.71,4,,,1.75,125.24,11.9
Jordan,Q3 2015,0.71,3.75,,,1.5,125.94,13.8
Jordan,Q4 2015,0.71,3.75,,,1.5,127.08,13.6
Jordan,Q1 2016,0.71,3.75,,,1.5,126.65,14.6
Jordan,Q2 2016,0.71,3.75,,,1.5,127.34,14.8
Jordan,Q3 2016,0.71,3.75,,,1.5,127.33,15.9
Jordan,Q4 2016,0.71,3.75,,,1.75,128.14,15.8
Jordan,Q1 2017,0.71,4.5,,,2.5,128.62,18.21
Jordan,Q2 2017,0.71,4.75,,,2.75,129.1,17.84
Jordan,Q3 2017,0.71,4.75,,,2.75,130.05,17.51
Jordan,Q4 2017,0.71,5,,,3,130.33,18.92
Jordan,Q1 2018,0.71,5.25,,,3.25,131.01,18.28
Jordan,Q2 2018,0.71,5.25,,,3.5,131.53,18.59
Jordan,Q3 2018,0.71,5.25,,,3.5,132.15,18.2
Jordan,Q4 2018,0.71,5.75,,,4,132.58,17.99
Jordan,Q1 2019,0.71,5.75,,,4,133.21,18.09
Jordan,Q2 2019,0.71,5.75,,,4,133.62,17.75
Jordan,Q3 2019,0.71,5.25,,,3.5,134.22,15.36
Jordan,Q4 2019,0.71,5,,,3.25,134.99,16.09
Jordan,Q1 2020,0.71,3.5,,,2,135.9,
Jordan,Q2 2020,0.71,3.5,,,2,133.33,19.57
Jordan,Q3 2020,0.71,3.5,,,2,131.9,20.08
Jordan,Q4 2020,0.71,3.5,,,2,135.51,20.31
Jordan,Q1 2021,0.71,3.5,,,2,136.53,21.76
Jordan,Q2 2021,0.71,3.5,,,2,136.86,20.27
Jordan,Q3 2021,0.71,3.5,,,2,135.53,19.38
Jordan,Q4 2021,0.71,3.5,,,2,138.22,17.98
Jordan,Q1 2022,0.71,3.75,,,2.25,139.28,
Jordan,Q2 2022,0.71,4.75,,,3.5,139.83,
Jordan,Q3 2022,0.71,6.25,,,5,142.98,
Jordan,Q4 2022,0.71,7.5,,,6.25,144.43,
"Kazakhstan, Rep. of",Q1 2000,141.8,,,,,25.33,
"Kazakhstan, Rep. of",Q2 2000,142.6,,,,,25.56,
"Kazakhstan, Rep. of",Q3 2000,142.75,,,,,27.69,
"Kazakhstan, Rep. of",Q4 2000,144.5,,,,,28.49,
"Kazakhstan, Rep. of",Q1 2001,145.45,,,,,27.43,
"Kazakhstan, Rep. of",Q2 2001,146.5,,,,,30.23,
"Kazakhstan, Rep. of",Q3 2001,147.7,,,,,30.39,
"Kazakhstan, Rep. of",Q4 2001,150.2,,,,,29.86,
"Kazakhstan, Rep. of",Q1 2002,152.2,,,,,28.88,
"Kazakhstan, Rep. of",Q2 2002,153.1,,,,,32.34,
"Kazakhstan, Rep. of",Q3 2002,154.55,,,,,31.53,
"Kazakhstan, Rep. of",Q4 2002,154.6,,,,,32.13,
"Kazakhstan, Rep. of",Q1 2003,151.5,,,,,32.82,9.65
"Kazakhstan, Rep. of",Q2 2003,148,,,,,33.15,8.63
"Kazakhstan, Rep. of",Q3 2003,148.93,,,,,35.93,8.16
"Kazakhstan, Rep. of",Q4 2003,144.22,,,,,37.51,8.74
"Kazakhstan, Rep. of",Q1 2004,138.88,,,,,39.96,8.92
"Kazakhstan, Rep. of",Q2 2004,136.45,,,,,39.54,8.28
"Kazakhstan, Rep. of",Q3 2004,134.56,,,,,41.81,7.99
"Kazakhstan, Rep. of",Q4 2004,130,,,,,40.75,8.44
"Kazakhstan, Rep. of",Q1 2005,132.59,,,,,47.5,8.51
"Kazakhstan, Rep. of",Q2 2005,135.26,,,,,47.03,8.01
"Kazakhstan, Rep. of",Q3 2005,133.89,,,,8,47.43,7.79
"Kazakhstan, Rep. of",Q4 2005,133.98,,,,8,48.73,8.14
"Kazakhstan, Rep. of",Q1 2006,128.45,,,,8,55.07,8.22
"Kazakhstan, Rep. of",Q2 2006,118.69,,,,8.5,56.19,7.74
"Kazakhstan, Rep. of",Q3 2006,127.12,,,,9,56.04,7.5
"Kazakhstan, Rep. of",Q4 2006,127,,,,9,62.98,7.7
"Kazakhstan, Rep. of",Q1 2007,123.75,,,,9,62.67,7.69
"Kazakhstan, Rep. of",Q2 2007,121.66,,,,9,66.51,7.3
"Kazakhstan, Rep. of",Q3 2007,121.2,,,,9,67.01,7.04
"Kazakhstan, Rep. of",Q4 2007,120.3,,,,11,69.98,7.07
"Kazakhstan, Rep. of",Q1 2008,120.69,,,,11,76,6.88
"Kazakhstan, Rep. of",Q2 2008,120.75,,,,11,83.57,6.61
"Kazakhstan, Rep. of",Q3 2008,119.81,,,,10.5,90.04,6.39
"Kazakhstan, Rep. of",Q4 2008,120.79,,,,10.5,74.67,6.64
"Kazakhstan, Rep. of",Q1 2009,151.4,,,,9.5,75.14,6.93
"Kazakhstan, Rep. of",Q2 2009,150.43,,,,8.5,80.02,6.71
"Kazakhstan, Rep. of",Q3 2009,150.95,,,,7,87.76,6.31
"Kazakhstan, Rep. of",Q4 2009,148.46,,,,7,91.08,6.28
"Kazakhstan, Rep. of",Q1 2010,146.98,,,,7,92.97,6.15
"Kazakhstan, Rep. of",Q2 2010,147.55,,,,7,96.41,5.85
"Kazakhstan, Rep. of",Q3 2010,147.57,,,,7,98.83,5.57
"Kazakhstan, Rep. of",Q4 2010,147.5,,,,7,111.79,5.51
"Kazakhstan, Rep. of",Q1 2011,145.7,,,,7.5,113.57,5.53
"Kazakhstan, Rep. of",Q2 2011,145.83,,,,7.5,117.22,5.39
"Kazakhstan, Rep. of",Q3 2011,147.99,,,,7.5,125.8,5.3
"Kazakhstan, Rep. of",Q4 2011,148.4,,,,7.5,127.52,5.36
"Kazakhstan, Rep. of",Q1 2012,147.77,,,,7,124.62,5.35
"Kazakhstan, Rep. of",Q2 2012,149.42,,,,6,126.96,5.26
"Kazakhstan, Rep. of",Q3 2012,149.86,,,,5.5,129.43,5.25
"Kazakhstan, Rep. of",Q4 2012,150.74,,,,5.5,129.56,5.29
"Kazakhstan, Rep. of",Q1 2013,150.84,,,,5.5,135.11,5.26
"Kazakhstan, Rep. of",Q2 2013,151.65,,,,5.5,135.37,5.18
"Kazakhstan, Rep. of",Q3 2013,153.81,,,,5.5,140,5.16
"Kazakhstan, Rep. of",Q4 2013,154.06,,,,5.5,147.18,5.16
"Kazakhstan, Rep. of",Q1 2014,182.06,,,,5.5,146.41,5.13
"Kazakhstan, Rep. of",Q2 2014,183.52,,,,5.5,149.48,5.06
"Kazakhstan, Rep. of",Q3 2014,181.9,,,,5.5,153.65,5.01
"Kazakhstan, Rep. of",Q4 2014,182.35,,,,5.5,144.07,5.03
"Kazakhstan, Rep. of",Q1 2015,185.65,,,,5.5,148.48,5.03
"Kazakhstan, Rep. of",Q2 2015,186.2,,,,5.5,147.99,4.97
"Kazakhstan, Rep. of",Q3 2015,270.89,,,,12,155.65,4.89
"Kazakhstan, Rep. of",Q4 2015,340.01,,,,16,151.83,5.03
"Kazakhstan, Rep. of",Q1 2016,343.62,,,,17,167.04,4.98
"Kazakhstan, Rep. of",Q2 2016,338.66,,,,15,174.73,5.01
"Kazakhstan, Rep. of",Q3 2016,335.46,,,,13,175.65,4.92
"Kazakhstan, Rep. of",Q4 2016,333.29,,,,12,170.15,4.92
"Kazakhstan, Rep. of",Q1 2017,313.73,,,,11,181.56,4.94
"Kazakhstan, Rep. of",Q2 2017,322.27,,,,10.5,184.06,4.89
"Kazakhstan, Rep. of",Q3 2017,341.19,,,,10.25,194.04,4.89
"Kazakhstan, Rep. of",Q4 2017,332.33,,,,10.25,200.98,4.89
"Kazakhstan, Rep. of",Q1 2018,318.31,,,,9.5,196.88,4.88
"Kazakhstan, Rep. of",Q2 2018,341.08,,,,9,208.85,4.86
"Kazakhstan, Rep. of",Q3 2018,363.07,,,,9,207.48,4.82
"Kazakhstan, Rep. of",Q4 2018,384.2,,,,9.25,218.7,4.83
"Kazakhstan, Rep. of",Q1 2019,380.04,,,,9.25,211.84,4.83
"Kazakhstan, Rep. of",Q2 2019,380.53,,,,9,227.33,4.8
"Kazakhstan, Rep. of",Q3 2019,387.99,,,,9.25,219.15,4.8
"Kazakhstan, Rep. of",Q4 2019,382.59,,,,9.25,236.75,4.79
"Kazakhstan, Rep. of",Q1 2020,447.67,,,,12,235.49,
"Kazakhstan, Rep. of",Q2 2020,403.93,,,,9.5,220.06,
"Kazakhstan, Rep. of",Q3 2020,431.82,,,,9,244.35,
"Kazakhstan, Rep. of",Q4 2020,420.91,,,,9,238.6,
"Kazakhstan, Rep. of",Q1 2021,424.89,,,,,251.7,
"Kazakhstan, Rep. of",Q2 2021,427.89,,,,,255.08,
"Kazakhstan, Rep. of",Q3 2021,425.7,,,,,272.82,
"Kazakhstan, Rep. of",Q4 2021,431.8,,,,,283.12,
"Kazakhstan, Rep. of",Q1 2022,466.31,,,,,296.21,
"Kazakhstan, Rep. of",Q2 2022,470.34,,,,,310.02,
"Kazakhstan, Rep. of",Q3 2022,476.71,,,,,318.84,
"Kazakhstan, Rep. of",Q4 2022,462.65,,,,,,
"Korea, Rep. of",Q1 2000,"1,108.30",3,,,5,77.72,5.1
"Korea, Rep. of",Q2 2000,"1,114.80",3,,,5,77.41,3.82
"Korea, Rep. of",Q3 2000,"1,115.00",3,,,5,77.64,3.65
"Korea, Rep. of",Q4 2000,"1,259.70",3,,,5.25,78.4,3.72
"Korea, Rep. of",Q1 2001,"1,328.00",3,,,5,80.06,4.8
"Korea, Rep. of",Q2 2001,"1,300.70",3,,,5,81.09,3.53
"Korea, Rep. of",Q3 2001,"1,309.10",2.5,,,4,81.28,3.27
"Korea, Rep. of",Q4 2001,"1,326.10",2.5,,,4,79.6,3.25
"Korea, Rep. of",Q1 2002,"1,326.40",2.5,,,4,82.52,3.65
"Korea, Rep. of",Q2 2002,"1,201.80",2.5,,,4.25,83.3,2.93
"Korea, Rep. of",Q3 2002,"1,225.50",2.5,,,4.25,82.43,2.78
"Korea, Rep. of",Q4 2002,"1,200.40",2.5,,,4.25,83.51,2.84
"Korea, Rep. of",Q1 2003,"1,252.90",2.5,,,4.25,85.13,3.55
"Korea, Rep. of",Q2 2003,"1,193.10",2.5,,,4,86.04,3.22
"Korea, Rep. of",Q3 2003,"1,150.20",2.5,,,3.75,85.63,3.24
"Korea, Rep. of",Q4 2003,"1,197.80",2.5,,,3.75,86.4,3.39
"Korea, Rep. of",Q1 2004,"1,153.60",2.5,,,3.75,87.47,3.76
"Korea, Rep. of",Q2 2004,"1,152.50",2.5,,,3.75,88.34,3.29
"Korea, Rep. of",Q3 2004,"1,147.90",2.25,,,3.5,88.99,3.3
"Korea, Rep. of",Q4 2004,"1,043.80",2,,,3.25,89.14,3.35
"Korea, Rep. of",Q1 2005,"1,024.30",2,,,3.25,89.25,3.9
"Korea, Rep. of",Q2 2005,"1,024.40",2,,,3.25,89.02,3.44
"Korea, Rep. of",Q3 2005,"1,038.00",2,,,3.25,89.5,3.36
"Korea, Rep. of",Q4 2005,"1,013.00",2,,,3.75,89.86,3.25
"Korea, Rep. of",Q1 2006,975.9,2.25,,,4,88.88,3.68
"Korea, Rep. of",Q2 2006,960.3,2.5,,,4.25,88.79,3.14
"Korea, Rep. of",Q3 2006,945.2,2.75,,,4.5,89.4,3.15
"Korea, Rep. of",Q4 2006,929.6,2.75,,,4.5,89.76,3.06
"Korea, Rep. of",Q1 2007,940.3,2.75,,,4.5,90.53,3.36
"Korea, Rep. of",Q2 2007,926.8,2.75,,,4.5,91.06,3.02
"Korea, Rep. of",Q3 2007,920.7,3.25,,,5,91.59,2.87
"Korea, Rep. of",Q4 2007,938.2,3.25,,,5,92.27,2.82
"Korea, Rep. of",Q1 2008,991.7,3.25,,,5,92.19,3.17
"Korea, Rep. of",Q2 2008,"1,043.40",3.25,,,5,93.92,2.93
"Korea, Rep. of",Q3 2008,"1,187.70",3.5,,,5.25,94.35,2.86
"Korea, Rep. of",Q4 2008,"1,257.50",1.75,,,3,95.37,2.89
"Korea, Rep. of",Q1 2009,"1,377.10",1.25,,,2,96.15,3.55
"Korea, Rep. of",Q2 2009,"1,284.70",1.25,,,2,97.69,3.52
"Korea, Rep. of",Q3 2009,"1,188.70",1.25,,,2,97.84,3.32
"Korea, Rep. of",Q4 2009,"1,167.60",1.25,,,2,97.66,3.06
"Korea, Rep. of",Q1 2010,"1,130.80",1.25,,,2,99.14,4.16
"Korea, Rep. of",Q2 2010,"1,210.30",1.25,,,2,100.07,3.17
"Korea, Rep. of",Q3 2010,"1,142.00",1.25,,,2.25,100.19,3.07
"Korea, Rep. of",Q4 2010,"1,138.90",1.25,,,2.5,100.61,2.93
"Korea, Rep. of",Q1 2011,"1,107.20",1.5,,,3,100.21,3.67
"Korea, Rep. of",Q2 2011,"1,078.10",1.5,,,3.25,100.57,3.01
"Korea, Rep. of",Q3 2011,"1,179.50",1.5,,,3.25,101.43,2.72
"Korea, Rep. of",Q4 2011,"1,153.30",1.5,,,3.25,102.92,2.59
"Korea, Rep. of",Q1 2012,"1,137.80",1.5,,,3.25,102.7,3.23
"Korea, Rep. of",Q2 2012,"1,153.80",1.5,,,3.25,102.25,2.85
"Korea, Rep. of",Q3 2012,"1,118.60",1.5,,,3,102.29,2.66
"Korea, Rep. of",Q4 2012,"1,071.10",1.25,,,2.75,102.98,2.51
"Korea, Rep. of",Q1 2013,"1,112.10",1.25,,,2.75,103.29,3.16
"Korea, Rep. of",Q2 2013,"1,149.70",1.25,,,2.5,103.4,2.76
"Korea, Rep. of",Q3 2013,"1,075.60",1,,,2.5,103.79,2.59
"Korea, Rep. of",Q4 2013,"1,055.30",1,,,2.5,103.92,2.5
"Korea, Rep. of",Q1 2014,"1,068.80",1,,,2.5,104.59,3.38
"Korea, Rep. of",Q2 2014,"1,014.40",1,,,2.5,104,3.27
"Korea, Rep. of",Q3 2014,"1,050.60",1,,,2.25,104.2,2.86
"Korea, Rep. of",Q4 2014,"1,099.20",1,,,2,105.37,2.82
"Korea, Rep. of",Q1 2015,"1,105.00",1,,,1.75,107.75,4.02
"Korea, Rep. of",Q2 2015,"1,124.10",0.75,,,1.5,107.96,3.76
"Korea, Rep. of",Q3 2015,"1,194.50",0.75,,,1.5,107.79,3.35
"Korea, Rep. of",Q4 2015,"1,172.00",0.75,,,1.5,107.99,3.06
"Korea, Rep. of",Q1 2016,"1,153.50",0.5,,,1.5,109.91,4.22
"Korea, Rep. of",Q2 2016,"1,164.70",0.5,,,1.25,109.97,3.69
"Korea, Rep. of",Q3 2016,"1,096.30",0.5,,,1.25,109.47,3.52
"Korea, Rep. of",Q4 2016,"1,208.50",0.5,,,1.25,110.7,3.17
"Korea, Rep. of",Q1 2017,"1,116.10",0.5,,,1.25,111.74,4.21
"Korea, Rep. of",Q2 2017,"1,139.60",0.5,,,1.25,111.77,3.8
"Korea, Rep. of",Q3 2017,"1,146.70",0.5,,,1.25,113.49,3.41
"Korea, Rep. of",Q4 2017,"1,071.40",0.5,,,1.5,112.81,3.2
"Korea, Rep. of",Q1 2018,"1,066.50",0.5,,,1.5,112.6,4.26
"Korea, Rep. of",Q2 2018,"1,121.70",0.5,,,1.5,112.85,3.9
"Korea, Rep. of",Q3 2018,"1,112.70",0.5,,,1.5,113.77,3.77
"Korea, Rep. of",Q4 2018,"1,118.10",0.5,,,1.75,112.78,3.36
"Korea, Rep. of",Q1 2019,"1,137.80",0.5,,,1.75,112.11,4.46
"Korea, Rep. of",Q2 2019,"1,156.80",0.5,,,1.75,112.23,4.11
"Korea, Rep. of",Q3 2019,"1,201.30",0.5,,,1.5,112.11,3.31
"Korea, Rep. of",Q4 2019,"1,157.80",0.5,,,1.25,111.77,3.13
"Korea, Rep. of",Q1 2020,"1,222.60",0.25,,,0.75,111.68,4.13
"Korea, Rep. of",Q2 2020,"1,200.70",0.25,,,0.5,114.03,4.34
"Korea, Rep. of",Q3 2020,"1,173.50",0.25,,,0.5,114.82,3.54
"Korea, Rep. of",Q4 2020,"1,088.00",0.25,,,0.5,114.71,3.71
"Korea, Rep. of",Q1 2021,"1,133.50",0.25,,,0.5,115.12,4.94
"Korea, Rep. of",Q2 2021,"1,130.00",0.25,,,0.5,116.53,3.93
"Korea, Rep. of",Q3 2021,"1,184.90",0.25,,,0.75,117.95,2.82
"Korea, Rep. of",Q4 2021,"1,186.60",0.25,,,1,118.17,2.91
"Korea, Rep. of",Q1 2022,"1,210.80",0.25,,,1.25,118.08,3.47
"Korea, Rep. of",Q2 2022,"1,292.90",0.75,,,1.75,119.05,2.99
"Korea, Rep. of",Q3 2022,"1,434.80",1.25,,,,118.03,2.44
"Korea, Rep. of",Q4 2022,"1,267.30",1.75,,,,118.61,2.54
"Kosovo, Rep. of",Q1 2002,1.15,,,,,,
"Kosovo, Rep. of",Q2 2002,1,,,,,,
"Kosovo, Rep. of",Q3 2002,1.01,,,,,,
"Kosovo, Rep. of",Q4 2002,0.95,,,,,,
"Kosovo, Rep. of",Q1 2003,0.92,,,,,,
"Kosovo, Rep. of",Q2 2003,0.88,,,,,,
"Kosovo, Rep. of",Q3 2003,0.86,,,,,,
"Kosovo, Rep. of",Q4 2003,0.79,,,,,,
"Kosovo, Rep. of",Q1 2004,0.82,,,,,,
"Kosovo, Rep. of",Q2 2004,0.82,,,,,,
"Kosovo, Rep. of",Q3 2004,0.81,,,,,,
"Kosovo, Rep. of",Q4 2004,0.73,,,,,,
"Kosovo, Rep. of",Q1 2005,0.77,,,,,,
"Kosovo, Rep. of",Q2 2005,0.83,,,,,,
"Kosovo, Rep. of",Q3 2005,0.83,,,,,,
"Kosovo, Rep. of",Q4 2005,0.85,,,,,,
"Kosovo, Rep. of",Q1 2006,0.83,,,,,,
"Kosovo, Rep. of",Q2 2006,0.79,,,,,,
"Kosovo, Rep. of",Q3 2006,0.79,,,,,,
"Kosovo, Rep. of",Q4 2006,0.76,,,,,,
"Kosovo, Rep. of",Q1 2007,0.75,,,,,,
"Kosovo, Rep. of",Q2 2007,0.74,,,,,,
"Kosovo, Rep. of",Q3 2007,0.71,,,,,,
"Kosovo, Rep. of",Q4 2007,0.68,,,,,,
"Kosovo, Rep. of",Q1 2008,0.63,,,,,,
"Kosovo, Rep. of",Q2 2008,0.63,,,,,,
"Kosovo, Rep. of",Q3 2008,0.7,,,,,,
"Kosovo, Rep. of",Q4 2008,0.72,,,,,,
"Kosovo, Rep. of",Q1 2009,0.75,,,,,,
"Kosovo, Rep. of",Q2 2009,0.71,,,,,,
"Kosovo, Rep. of",Q3 2009,0.68,,,,,,
"Kosovo, Rep. of",Q4 2009,0.69,,,,,,
"Kosovo, Rep. of",Q1 2010,0.74,,,,,,
"Kosovo, Rep. of",Q2 2010,0.81,,,,,,
"Kosovo, Rep. of",Q3 2010,0.73,,,,,,
"Kosovo, Rep. of",Q4 2010,0.75,,,,,,
"Kosovo, Rep. of",Q1 2011,0.7,,,,,,
"Kosovo, Rep. of",Q2 2011,0.69,,,,,,
"Kosovo, Rep. of",Q3 2011,0.74,,,,,,
"Kosovo, Rep. of",Q4 2011,0.77,,,,,,
"Kosovo, Rep. of",Q1 2012,0.75,,,,,,
"Kosovo, Rep. of",Q2 2012,0.79,,,,,,
"Kosovo, Rep. of",Q3 2012,0.77,,,,,,
"Kosovo, Rep. of",Q4 2012,0.76,,,,,,
"Kosovo, Rep. of",Q1 2013,0.78,,,,,,
"Kosovo, Rep. of",Q2 2013,0.76,,,,,,
"Kosovo, Rep. of",Q3 2013,0.74,,,,,,
"Kosovo, Rep. of",Q4 2013,0.73,,,,,,
"Kosovo, Rep. of",Q1 2014,0.73,,,,,,
"Kosovo, Rep. of",Q2 2014,0.73,,,,,,
"Kosovo, Rep. of",Q3 2014,0.79,,,,,,
"Kosovo, Rep. of",Q4 2014,0.82,,,,,,
"Kosovo, Rep. of",Q1 2015,0.93,,,,,,
"Kosovo, Rep. of",Q2 2015,0.89,,,,,,
"Kosovo, Rep. of",Q3 2015,0.89,,,,,,
"Kosovo, Rep. of",Q4 2015,0.92,,,,,,
"Kosovo, Rep. of",Q1 2016,0.88,,,,,,
"Kosovo, Rep. of",Q2 2016,0.9,,,,,,
"Kosovo, Rep. of",Q3 2016,0.9,,,,,,
"Kosovo, Rep. of",Q4 2016,0.95,,,,,,
"Kosovo, Rep. of",Q1 2017,0.94,,,,,,
"Kosovo, Rep. of",Q2 2017,0.88,,,,,,
"Kosovo, Rep. of",Q3 2017,0.85,,,,,,
"Kosovo, Rep. of",Q4 2017,0.83,,,,,,
"Kosovo, Rep. of",Q1 2018,0.81,,,,,,
"Kosovo, Rep. of",Q2 2018,0.86,,,,,,
"Kosovo, Rep. of",Q3 2018,0.86,,,,,,
"Kosovo, Rep. of",Q4 2018,0.87,,,,,,
"Kosovo, Rep. of",Q1 2019,0.89,,,,,,
"Kosovo, Rep. of",Q2 2019,0.88,,,,,,
"Kosovo, Rep. of",Q3 2019,0.92,,,,,,
"Kosovo, Rep. of",Q4 2019,0.89,,,,,,
"Kosovo, Rep. of",Q1 2020,0.91,,,,,,
"Kosovo, Rep. of",Q2 2020,0.89,,,,,,
"Kosovo, Rep. of",Q3 2020,0.85,,,,,,
"Kosovo, Rep. of",Q4 2020,0.81,,,,,,
"Kosovo, Rep. of",Q1 2021,0.85,,,,,,
"Kosovo, Rep. of",Q2 2021,0.84,,,,,,
"Kosovo, Rep. of",Q3 2021,0.86,,,,,,
"Kosovo, Rep. of",Q4 2021,0.88,,,,,,
"Kosovo, Rep. of",Q1 2022,0.9,,,,,,
"Kosovo, Rep. of",Q2 2022,0.96,,,,,,
"Kosovo, Rep. of",Q3 2022,1.03,,,,,,
"Kosovo, Rep. of",Q4 2022,0.94,,,,,,
Kyrgyz Rep.,Q1 2000,47.75,,,,42.11,,
Kyrgyz Rep.,Q2 2000,46.98,,,,13.97,,
Kyrgyz Rep.,Q3 2000,48,,,,40.83,,
Kyrgyz Rep.,Q4 2000,48.3,,,,38.29,,
Kyrgyz Rep.,Q1 2001,49.49,,,,9.57,,
Kyrgyz Rep.,Q2 2001,48.04,,,,9.25,,
Kyrgyz Rep.,Q3 2001,47.7,,,,9.1,,
Kyrgyz Rep.,Q4 2001,47.72,,,,7.95,,
Kyrgyz Rep.,Q1 2002,47.96,,,,5,,
Kyrgyz Rep.,Q2 2002,46.15,,,,5.91,,
Kyrgyz Rep.,Q3 2002,46,8.16,,,6.8,,
Kyrgyz Rep.,Q4 2002,46.09,5.32,,,4.43,,
Kyrgyz Rep.,Q1 2003,45.59,4.79,,,3.99,,13.68
Kyrgyz Rep.,Q2 2003,41.18,4.79,,,3.99,,8.3
Kyrgyz Rep.,Q3 2003,42.52,4.79,,,3.99,,7.14
Kyrgyz Rep.,Q4 2003,44.19,4.76,,,3.97,,10.69
Kyrgyz Rep.,Q1 2004,43.28,6.06,,,5.05,,10.99
Kyrgyz Rep.,Q2 2004,42.68,5.83,,,4.86,,8.02
Kyrgyz Rep.,Q3 2004,42.5,6.06,,,5.05,,7.15
Kyrgyz Rep.,Q4 2004,41.62,4.8,,,4,,8.13
Kyrgyz Rep.,Q1 2005,41.29,4.22,,,3.52,,9.55
Kyrgyz Rep.,Q2 2005,40.96,6.29,,,4.19,,7.58
Kyrgyz Rep.,Q3 2005,40.85,7.28,,,4.85,,7.07
Kyrgyz Rep.,Q4 2005,41.3,6.2,,,4.13,,8.48
Kyrgyz Rep.,Q1 2006,41.37,6.08,,,4.05,,11.12
Kyrgyz Rep.,Q2 2006,40.21,6.41,,,4.27,,7.29
Kyrgyz Rep.,Q3 2006,39.24,6.41,,,4.27,,7.28
Kyrgyz Rep.,Q4 2006,38.12,4.73,,,3.15,,7.21
Kyrgyz Rep.,Q1 2007,38.05,4.88,,,3.25,,10.9
Kyrgyz Rep.,Q2 2007,37.95,5.79,,,3.86,,7.68
Kyrgyz Rep.,Q3 2007,36.9,11.14,,,7.43,,6.26
Kyrgyz Rep.,Q4 2007,35.5,13.19,,,8.79,,7.14
Kyrgyz Rep.,Q1 2008,36.41,12.81,,,8.54,,11.1
Kyrgyz Rep.,Q2 2008,35.93,12.95,,,8.63,,6.85
Kyrgyz Rep.,Q3 2008,36.67,17.48,,,11.65,,7.35
Kyrgyz Rep.,Q4 2008,39.42,18.26,,,15.22,,7.59
Kyrgyz Rep.,Q1 2009,42.63,15.35,,,12.79,,10.88
Kyrgyz Rep.,Q2 2009,43.28,9.79,,,8.16,,7.89
Kyrgyz Rep.,Q3 2009,43.63,3.94,,,3.28,,6.91
Kyrgyz Rep.,Q4 2009,44.09,1.08,,,0.9,,8.05
Kyrgyz Rep.,Q1 2010,45.22,1.02,,,0.85,,8.08
Kyrgyz Rep.,Q2 2010,46.39,3.24,,,2.7,,5.05
Kyrgyz Rep.,Q3 2010,46.64,3.41,,,2.84,,5.57
Kyrgyz Rep.,Q4 2010,47.1,6.6,,,5.5,,5.33
Kyrgyz Rep.,Q1 2011,47.24,8.3,,,6.92,,7.44
Kyrgyz Rep.,Q2 2011,45.21,14.4,,,12,,5.45
Kyrgyz Rep.,Q3 2011,45,16.06,,,13.38,,4.76
Kyrgyz Rep.,Q4 2011,46.48,16.33,,,13.61,,5.82
Kyrgyz Rep.,Q1 2012,46.83,11.47,,,9.56,,6.84
Kyrgyz Rep.,Q2 2012,47.24,8.12,,,6.77,,4.15
Kyrgyz Rep.,Q3 2012,47.15,5.1,,,4.25,,3.91
Kyrgyz Rep.,Q4 2012,47.4,3.19,,,2.64,,4.06
Kyrgyz Rep.,Q1 2013,47.96,3.48,,,2.98,,6.48
Kyrgyz Rep.,Q2 2013,48.63,3.84,,,3.2,,3.91
Kyrgyz Rep.,Q3 2013,48.62,5.1,,,4.25,,3.04
Kyrgyz Rep.,Q4 2013,49.25,,,,4.17,,4
Kyrgyz Rep.,Q1 2014,54.48,,,,6,,5.94
Kyrgyz Rep.,Q2 2014,52.06,9,,,6,,3.72
Kyrgyz Rep.,Q3 2014,54.52,9,,,7,,2.9
Kyrgyz Rep.,Q4 2014,58.89,11.5,,,10.5,,3.76
Kyrgyz Rep.,Q1 2015,63.87,12,,,11,,3.91
Kyrgyz Rep.,Q2 2015,62.08,12,,,9.5,,3.13
Kyrgyz Rep.,Q3 2015,68.84,11,,,10,,3.03
Kyrgyz Rep.,Q4 2015,75.9,12,,,10,,3.49
Kyrgyz Rep.,Q1 2016,70.02,12,,,8,,4.29
Kyrgyz Rep.,Q2 2016,67.49,,,,6,,2.93
Kyrgyz Rep.,Q3 2016,67.93,,,,6,,2.51
Kyrgyz Rep.,Q4 2016,69.23,,,,5,,3.3
Kyrgyz Rep.,Q1 2017,68.61,,,,5,,3.81
Kyrgyz Rep.,Q2 2017,69.14,,,,5,,2.34
Kyrgyz Rep.,Q3 2017,68.66,,,,5,,2.02
Kyrgyz Rep.,Q4 2017,68.84,,,,5,,2.38
Kyrgyz Rep.,Q1 2018,68.43,,,,5,,4.96
Kyrgyz Rep.,Q2 2018,68.18,,,,4.75,,3.44
Kyrgyz Rep.,Q3 2018,69.28,,,,4.75,,3.06
Kyrgyz Rep.,Q4 2018,69.85,,,,4.75,,3.32
Kyrgyz Rep.,Q1 2019,69.85,,,,4.5,,5.68
Kyrgyz Rep.,Q2 2019,69.49,,,,4.25,,3.31
Kyrgyz Rep.,Q3 2019,69.7,,,,4.25,,3.28
Kyrgyz Rep.,Q4 2019,69.64,,,,4.25,,4.8
Kyrgyz Rep.,Q1 2020,80.81,,,,5,,5.78
Kyrgyz Rep.,Q2 2020,75.99,,,,5,,4.57
Kyrgyz Rep.,Q3 2020,79.6,,,,5,,3.85
Kyrgyz Rep.,Q4 2020,82.65,,,,5,,4.41
Kyrgyz Rep.,Q1 2021,84.78,,,,5.5,,5.34
Kyrgyz Rep.,Q2 2021,84.66,,,,6.5,,3.65
Kyrgyz Rep.,Q3 2021,84.79,,,,7.5,,3.36
Kyrgyz Rep.,Q4 2021,84.76,,,,8,,4.16
Kyrgyz Rep.,Q1 2022,83.31,,,,14,,
Kyrgyz Rep.,Q2 2022,79.5,,,,14,,
Kyrgyz Rep.,Q3 2022,80.18,,,,14,,
Kyrgyz Rep.,Q4 2022,85.68,,,,13,,
Latvia,Q1 2000,0.6,,,,,53.73,15
Latvia,Q2 2000,0.6,,,,,55.15,14.23
Latvia,Q3 2000,0.62,,,,,54.97,13.83
Latvia,Q4 2000,0.61,,,,,55.97,14.3
Latvia,Q1 2001,0.63,,,,,56.12,14.57
Latvia,Q2 2001,0.64,,,,,55.03,13.17
Latvia,Q3 2001,0.62,,,,,56.93,12.63
Latvia,Q4 2001,0.64,,,,,56.99,13.53
Latvia,Q1 2002,0.64,,,,,58.75,13.17
Latvia,Q2 2002,0.61,,,,,58.43,13.83
Latvia,Q3 2002,0.61,,,,,59.68,10.97
Latvia,Q4 2002,0.59,,,,,59.78,12
Latvia,Q1 2003,0.59,,,,,60.89,11.83
Latvia,Q2 2003,0.57,,,,,61.76,12.07
Latvia,Q3 2003,0.57,,,,,62.6,11.8
Latvia,Q4 2003,0.54,,,,,63.33,10.9
Latvia,Q1 2004,0.54,,,,,64.14,12.27
Latvia,Q2 2004,0.54,,,,,65.3,11.7
Latvia,Q3 2004,0.54,,,,,67.57,11.2
Latvia,Q4 2004,0.52,,,,,68.78,11.8
Latvia,Q1 2005,0.54,,,,,70.27,11.57
Latvia,Q2 2005,0.58,,,,,72.78,10.43
Latvia,Q3 2005,0.58,,,,,74.55,9.47
Latvia,Q4 2005,0.59,,,,,77.92,8.7
Latvia,Q1 2006,0.58,,,,,78.47,8.53
Latvia,Q2 2006,0.56,,,,,81.04,7.2
Latvia,Q3 2006,0.55,,,,,84.7,6.03
Latvia,Q4 2006,0.54,,,,,87.78,6.37
Latvia,Q1 2007,0.53,,,,,93.24,7.1
Latvia,Q2 2007,0.52,,,,,97.7,6.3
Latvia,Q3 2007,0.5,,,,,101.03,5.67
Latvia,Q4 2007,0.48,,,,,105.96,5.23
Latvia,Q1 2008,0.45,,,,,106.14,6.77
Latvia,Q2 2008,0.45,,,,,110.35,6.6
Latvia,Q3 2008,0.49,,,,,113.94,7.4
Latvia,Q4 2008,0.5,,,,,113.66,10.23
Latvia,Q1 2009,0.53,,,,,99.95,14.23
Latvia,Q2 2009,0.5,,,,,101.95,17.27
Latvia,Q3 2009,0.48,,,,,99.06,18.77
Latvia,Q4 2009,0.49,,,,,99.91,19.93
Latvia,Q1 2010,0.52,,,,,98.6,21.23
Latvia,Q2 2010,0.57,,,,,98.87,20.4
Latvia,Q3 2010,0.52,,,,,100.52,18.5
Latvia,Q4 2010,0.54,,,,,102,17.77
Latvia,Q1 2011,0.5,,,,,105.15,17.6
Latvia,Q2 2011,0.49,,,,,105.62,17.1
Latvia,Q3 2011,0.52,,,,,106.58,15.1
Latvia,Q4 2011,0.54,,,,,108.95,15.03
Latvia,Q1 2012,0.53,,,,,108.15,16.33
Latvia,Q2 2012,0.56,,,,,110.24,16.27
Latvia,Q3 2012,0.55,,,,,110.6,13.67
Latvia,Q4 2012,0.53,,,,,111.84,13.9
Latvia,Q1 2013,0.55,,,,,111.06,12.97
Latvia,Q2 2013,0.54,,,,,112.44,11.43
Latvia,Q3 2013,0.52,,,,,112.64,11.77
Latvia,Q4 2013,0.52,,,,,113.05,11.3
Latvia,Q1 2014,,,,,,114.27,11.83
Latvia,Q2 2014,,,,,,114.21,10.67
Latvia,Q3 2014,,,,,,114.59,10.6
Latvia,Q4 2014,,,,,,115.31,10.27
Latvia,Q1 2015,,,,,,114.38,10.2
Latvia,Q2 2015,,,,,,114.68,9.77
Latvia,Q3 2015,,,,,,114.8,9.7
Latvia,Q4 2015,,,,,,114.85,9.83
Latvia,Q1 2016,,,,,,114.21,10.23
Latvia,Q2 2016,,,,,,115.19,9.5
Latvia,Q3 2016,,,,,,116.02,9.53
Latvia,Q4 2016,,,,,,117.4,9.27
Latvia,Q1 2017,,,,,,117.13,9.4
Latvia,Q2 2017,,,,,,118.19,8.83
Latvia,Q3 2017,,,,,,119.82,8.5
Latvia,Q4 2017,,,,,,120.79,8.1
Latvia,Q1 2018,,,,,,121.85,8.17
Latvia,Q2 2018,,,,,,122.88,7.63
Latvia,Q3 2018,,,,,,124.14,6.97
Latvia,Q4 2018,,,,,,125.5,6.83
Latvia,Q1 2019,,,,,,126.54,6.9
Latvia,Q2 2019,,,,,,126.5,6.37
Latvia,Q3 2019,,,,,,126.77,6.03
Latvia,Q4 2019,,,,,,127.92,5.97
Latvia,Q1 2020,,,,,,129.86,7.6
Latvia,Q2 2020,,,,,,127.15,8.57
Latvia,Q3 2020,,,,,,126.42,8.37
Latvia,Q4 2020,,,,,,128.85,7.83
Latvia,Q1 2021,,,,,,132.86,8.07
Latvia,Q2 2021,,,,,,133.93,7.87
Latvia,Q3 2021,,,,,,136.91,7.2
Latvia,Q4 2021,,,,,,141.53,7.17
Latvia,Q1 2022,,,,,,147.41,7.27
Latvia,Q2 2022,,,,,,151.44,6.63
Latvia,Q3 2022,,,,,,157.81,6.87
Latvia,Q4 2022,,,,,,159.53,6.63
Lithuania,Q1 2000,4,,,,,73.54,15.77
Lithuania,Q2 2000,4,,,,,73.01,15.93
Lithuania,Q3 2000,4,,,,,71.96,17.1
Lithuania,Q4 2000,4,,,,,72.83,16.97
Lithuania,Q1 2001,4,,,,,73.3,18.9
Lithuania,Q2 2001,4,,,,,73.39,16.83
Lithuania,Q3 2001,4,,,,,72.05,16
Lithuania,Q4 2001,4,,,,,71.94,17.93
Lithuania,Q1 2002,3.96,,,,,72.97,17.13
Lithuania,Q2 2002,3.51,,,,,73.25,13
Lithuania,Q3 2002,3.53,,,,,72.89,11.9
Lithuania,Q4 2002,3.31,,,,,72.6,13.07
Lithuania,Q1 2003,3.23,,,,,73.28,13.6
Lithuania,Q2 2003,3.02,,,,,72.29,12.9
Lithuania,Q3 2003,3.01,,,,,71.74,11.57
Lithuania,Q4 2003,2.76,,,,,72.07,11.67
Lithuania,Q1 2004,2.83,,,,,72.17,12.3
Lithuania,Q2 2004,2.84,,,,,73.46,10.7
Lithuania,Q3 2004,2.8,,,,,74.84,10.1
Lithuania,Q4 2004,2.53,,,,,76.2,10.47
Lithuania,Q1 2005,2.66,,,,,76.67,9.87
Lithuania,Q2 2005,2.87,,,,,79.02,8.9
Lithuania,Q3 2005,2.86,,,,,80.04,7.33
Lithuania,Q4 2005,2.91,,,,,81.36,7.17
Lithuania,Q1 2006,2.86,,,,,81.62,6.73
Lithuania,Q2 2006,2.75,,,,,82.91,5.57
Lithuania,Q3 2006,2.71,,,,,86.98,5.77
Lithuania,Q4 2006,2.63,,,,,86.93,5.1
Lithuania,Q1 2007,2.59,,,,,88.93,5.13
Lithuania,Q2 2007,2.56,,,,,90.68,4.07
Lithuania,Q3 2007,2.44,,,,,93.15,3.83
Lithuania,Q4 2007,2.36,,,,,94.62,4
Lithuania,Q1 2008,2.19,,,,,99.1,5
Lithuania,Q2 2008,2.19,,,,,101.5,4.6
Lithuania,Q3 2008,2.4,,,,,102.38,5.87
Lithuania,Q4 2008,2.45,,,,,100.19,7.83
Lithuania,Q1 2009,2.61,,,,,101.09,12.13
Lithuania,Q2 2009,2.46,,,,,99.2,13.77
Lithuania,Q3 2009,2.36,,,,,94.9,13.77
Lithuania,Q4 2009,2.41,,,,,94.84,15.53
Lithuania,Q1 2010,2.55,,,,,99.09,18.23
Lithuania,Q2 2010,2.82,,,,,98.65,18.23
Lithuania,Q3 2010,2.54,,,,,101.09,17.67
Lithuania,Q4 2010,2.61,,,,,101.17,17.23
Lithuania,Q1 2011,2.46,,,,,103.7,17.17
Lithuania,Q2 2011,2.4,,,,,105.27,15.6
Lithuania,Q3 2011,2.54,,,,,106.27,14.93
Lithuania,Q4 2011,2.67,,,,,106.08,13.87
Lithuania,Q1 2012,2.59,,,,,107.78,14.57
Lithuania,Q2 2012,2.76,,,,,107.79,13.3
Lithuania,Q3 2012,2.68,,,,,107.8,12.57
Lithuania,Q4 2012,2.61,,,,,108.89,13.2
Lithuania,Q1 2013,2.7,,,,,108.45,13.13
Lithuania,Q2 2013,2.65,,,,,109.84,11.73
Lithuania,Q3 2013,2.56,,,,,110.28,10.9
Lithuania,Q4 2013,2.51,,,,,109.84,11.43
Lithuania,Q1 2014,2.51,,,,,110.89,12.47
Lithuania,Q2 2014,2.53,,,,,110.34,11.23
Lithuania,Q3 2014,2.72,,,,,110.82,9.13
Lithuania,Q4 2014,2.84,,,,,110,10.07
Lithuania,Q1 2015,,,,,,110.13,9.97
Lithuania,Q2 2015,,,,,,110.56,9.4
Lithuania,Q3 2015,,,,,,110.3,8.33
Lithuania,Q4 2015,,,,,,111.23,8.83
Lithuania,Q1 2016,,,,,,111.99,8.37
Lithuania,Q2 2016,,,,,,111.8,8.03
Lithuania,Q3 2016,,,,,,112.44,7.53
Lithuania,Q4 2016,,,,,,112.68,7.67
Lithuania,Q1 2017,,,,,,114.91,8.07
Lithuania,Q2 2017,,,,,,116.47,7.03
Lithuania,Q3 2017,,,,,,117.82,6.6
Lithuania,Q4 2017,,,,,,118.65,6.77
Lithuania,Q1 2018,,,,,,119.61,7.2
Lithuania,Q2 2018,,,,,,120.32,5.93
Lithuania,Q3 2018,,,,,,122.47,5.6
Lithuania,Q4 2018,,,,,,122.91,6
Lithuania,Q1 2019,,,,,,123.67,6.53
Lithuania,Q2 2019,,,,,,124.7,6.13
Lithuania,Q3 2019,,,,,,124.44,6.07
Lithuania,Q4 2019,,,,,,125.92,6.4
Lithuania,Q1 2020,,,,,,126.31,7.13
Lithuania,Q2 2020,,,,,,127.49,8.57
Lithuania,Q3 2020,,,,,,125.43,9.3
Lithuania,Q4 2020,,,,,,127.13,9.07
Lithuania,Q1 2021,,,,,,128.73,7.47
Lithuania,Q2 2021,,,,,,133.88,7.43
Lithuania,Q3 2021,,,,,,136.13,6.7
Lithuania,Q4 2021,,,,,,140.44,6.9
Lithuania,Q1 2022,,,,,,148.61,6.37
Lithuania,Q2 2022,,,,,,156.14,5.27
Lithuania,Q3 2022,,,,,,162.29,5.73
Lithuania,Q4 2022,,,,,,164.27,6.33
Luxembourg,Q1 2000,,,,,,71.33,2.53
Luxembourg,Q2 2000,,,,,,72.33,2.2
Luxembourg,Q3 2000,,,,,,73.6,2.1
Luxembourg,Q4 2000,,,,,,72.83,2.1
Luxembourg,Q1 2001,,,,,,72.25,2.07
Luxembourg,Q2 2001,,,,,,72.99,1.73
Luxembourg,Q3 2001,,,,,,72.85,1.73
Luxembourg,Q4 2001,,,,,,74.28,2.07
Luxembourg,Q1 2002,,,,,,73.82,2.3
Luxembourg,Q2 2002,,,,,,74.21,2.3
Luxembourg,Q3 2002,,,,,,74.8,2.53
Luxembourg,Q4 2002,,,,,,73.78,3.1
Luxembourg,Q1 2003,,,,,,75.83,3.57
Luxembourg,Q2 2003,,,,,,75.43,3.47
Luxembourg,Q3 2003,,,,,,76.08,3.73
Luxembourg,Q4 2003,,,,,,75.78,4.47
Luxembourg,Q1 2004,,,,,,77.05,5.03
Luxembourg,Q2 2004,,,,,,77.67,4.8
Luxembourg,Q3 2004,,,,,,79.51,4.83
Luxembourg,Q4 2004,,,,,,78.16,5.13
Luxembourg,Q1 2005,,,,,,78.72,5.03
Luxembourg,Q2 2005,,,,,,80.69,4.5
Luxembourg,Q3 2005,,,,,,83.29,4.3
Luxembourg,Q4 2005,,,,,,84.57,4.77
Luxembourg,Q1 2006,,,,,,85.92,4.83
Luxembourg,Q2 2006,,,,,,86.51,4.33
Luxembourg,Q3 2006,,,,,,87.43,4.37
Luxembourg,Q4 2006,,,,,,88.71,4.77
Luxembourg,Q1 2007,,,,,,88.21,4.6
Luxembourg,Q2 2007,,,,,,89.3,3.97
Luxembourg,Q3 2007,,,,,,88.93,3.8
Luxembourg,Q4 2007,,,,,,88.82,4.3
Luxembourg,Q1 2008,,,,,,93.21,4.77
Luxembourg,Q2 2008,,,,,,94.3,4.43
Luxembourg,Q3 2008,,,,,,95.34,4.87
Luxembourg,Q4 2008,,,,,,96.05,5.6
Luxembourg,Q1 2009,,,,,,95.29,5.63
Luxembourg,Q2 2009,,,,,,94.62,4.93
Luxembourg,Q3 2009,,,,,,95.68,4.83
Luxembourg,Q4 2009,,,,,,96.56,5.07
Luxembourg,Q1 2010,,,,,,97.23,4.9
Luxembourg,Q2 2010,,,,,,99.66,4.27
Luxembourg,Q3 2010,,,,,,100.91,4.27
Luxembourg,Q4 2010,,,,,,102.2,4.9
Luxembourg,Q1 2011,,,,,,102.67,4.87
Luxembourg,Q2 2011,,,,,,104.07,4.6
Luxembourg,Q3 2011,,,,,,103.06,4.83
Luxembourg,Q4 2011,,,,,,103.98,5.03
Luxembourg,Q1 2012,,,,,,105.27,5.2
Luxembourg,Q2 2012,,,,,,106.06,4.8
Luxembourg,Q3 2012,,,,,,107.29,4.87
Luxembourg,Q4 2012,,,,,,108.39,5.4
Luxembourg,Q1 2013,,,,,,106.9,5.87
Luxembourg,Q2 2013,,,,,,109.26,5.63
Luxembourg,Q3 2013,,,,,,109.13,5.8
Luxembourg,Q4 2013,,,,,,111.56,6.2
Luxembourg,Q1 2014,,,,,,110.24,6.2
Luxembourg,Q2 2014,,,,,,112.83,5.7
Luxembourg,Q3 2014,,,,,,113.67,6
Luxembourg,Q4 2014,,,,,,112.31,6.3
Luxembourg,Q1 2015,,,,,,114.91,6.53
Luxembourg,Q2 2015,,,,,,115.11,6.17
Luxembourg,Q3 2015,,,,,,114.58,6.4
Luxembourg,Q4 2015,,,,,,114.53,6.73
Luxembourg,Q1 2016,,,,,,112.74,6.67
Luxembourg,Q2 2016,,,,,,112.25,6.07
Luxembourg,Q3 2016,,,,,,114.46,6.17
Luxembourg,Q4 2016,,,,,,114.34,6.43
Luxembourg,Q1 2017,,,,,,115.93,6.1
Luxembourg,Q2 2017,,,,,,116.21,5.37
Luxembourg,Q3 2017,,,,,,115,5.37
Luxembourg,Q4 2017,,,,,,116.47,5.63
Luxembourg,Q1 2018,,,,,,117.35,5.67
Luxembourg,Q2 2018,,,,,,118.57,5.4
Luxembourg,Q3 2018,,,,,,119.11,5.5
Luxembourg,Q4 2018,,,,,,118.46,5.43
Luxembourg,Q1 2019,,,,,,118.38,5.63
Luxembourg,Q2 2019,,,,,,120.11,5.47
Luxembourg,Q3 2019,,,,,,121.02,5.57
Luxembourg,Q4 2019,,,,,,120.54,5.7
Luxembourg,Q1 2020,,,,,,124.28,6.27
Luxembourg,Q2 2020,,,,,,127.34,7.33
Luxembourg,Q3 2020,,,,,,124.38,6.7
Luxembourg,Q4 2020,,,,,,126.59,6.47
Luxembourg,Q1 2021,,,,,,128.44,6.5
Luxembourg,Q2 2021,,,,,,131.43,5.4
Luxembourg,Q3 2021,,,,,,135.51,4.93
Luxembourg,Q4 2021,,,,,,137.67,4.87
Luxembourg,Q1 2022,,,,,,139.5,4.63
Luxembourg,Q2 2022,,,,,,142.81,4.2
Luxembourg,Q3 2022,,,,,,144.04,4.4
Luxembourg,Q4 2022,,,,,,141.88,4.77
Mexico,Q1 2000,9.23,,,,,56.2,
Mexico,Q2 2000,9.95,,,,,57.34,2.64
Mexico,Q3 2000,9.41,,,,,58.42,2.9
Mexico,Q4 2000,9.57,,,,,59.75,2.38
Mexico,Q1 2001,9.54,,,,,60.53,2.88
Mexico,Q2 2001,9.06,,,,,61.19,2.55
Mexico,Q3 2001,9.53,,,,,61.68,2.78
Mexico,Q4 2001,9.14,,,,,62.16,2.81
Mexico,Q1 2002,9.03,,,,7.11,62.53,3.26
Mexico,Q2 2002,10,,,,8.13,64.53,2.88
Mexico,Q3 2002,10.17,,,,8.05,65.54,3.14
Mexico,Q4 2002,10.31,,,,8.25,66.37,2.73
Mexico,Q1 2003,10.79,,,,8.92,67.1,3.1
Mexico,Q2 2003,10.48,,,,4.36,66.72,3.01
Mexico,Q3 2003,10.93,,,,4.3,67.21,4.04
Mexico,Q4 2003,11.24,,,,6.12,68.39,3.65
Mexico,Q1 2004,11.15,,,,6.13,70.17,4.08
Mexico,Q2 2004,11.41,,,,6.53,72.13,3.67
Mexico,Q3 2004,11.41,,,,7.62,73.74,4.2
Mexico,Q4 2004,11.26,,,,8.75,74.97,3.8
Mexico,Q1 2005,11.29,,,,9.51,75.54,3.85
Mexico,Q2 2005,10.84,,,,9.76,76.21,3.48
Mexico,Q3 2005,10.85,,,,9.26,77.7,3.78
Mexico,Q4 2005,10.78,,,,8.27,78.43,3.12
Mexico,Q1 2006,10.95,,,,7.27,79.76,3.53
Mexico,Q2 2006,11.4,,,,7.03,81.71,3.14
Mexico,Q3 2006,11.02,,,,7.05,82.77,3.99
Mexico,Q4 2006,10.88,,,,7.02,83.3,3.59
Mexico,Q1 2007,11.08,,,,7.04,84.56,3.95
Mexico,Q2 2007,10.87,,,,7.3,85.76,3.32
Mexico,Q3 2007,10.92,,,,7.28,86.86,3.82
Mexico,Q4 2007,10.87,,,,7.57,89.32,3.44
Mexico,Q1 2008,10.7,,,,7.5,90.44,3.84
Mexico,Q2 2008,10.28,,,,7.75,92.69,3.41
Mexico,Q3 2008,10.79,,,,8.25,92.9,4.09
Mexico,Q4 2008,13.54,,,,8.25,92.2,4.15
Mexico,Q1 2009,14.33,,,,6.75,94.2,4.98
Mexico,Q2 2009,13.2,,,,4.75,95.83,5.09
Mexico,Q3 2009,13.5,,,,4.5,95.66,6.12
Mexico,Q4 2009,13.06,,,,4.5,96.86,5.22
Mexico,Q1 2010,12.46,,,,4.5,98.64,5.27
Mexico,Q2 2010,12.66,,,,4.5,99.62,5.14
Mexico,Q3 2010,12.5,,,,4.5,100.06,5.54
Mexico,Q4 2010,12.36,,,,4.5,101.68,5.27
Mexico,Q1 2011,11.97,,,,4.5,103.3,5.12
Mexico,Q2 2011,11.84,,,,4.5,104.88,5.21
Mexico,Q3 2011,13.42,,,,4.5,105.64,5.52
Mexico,Q4 2011,13.99,,,,4.5,109.42,4.83
Mexico,Q1 2012,12.8,,,,4.5,109.47,4.88
Mexico,Q2 2012,13.67,,,,4.5,110.08,4.77
Mexico,Q3 2012,12.92,,,,4.5,110.78,5.07
Mexico,Q4 2012,13.01,,,,4.5,110.6,4.82
Mexico,Q1 2013,12.36,,,,4,111.12,4.88
Mexico,Q2 2013,13.19,,,,4,110.89,4.98
Mexico,Q3 2013,13.01,,,,3.75,112.09,5.2
Mexico,Q4 2013,13.08,,,,3.5,113.16,4.61
Mexico,Q1 2014,13.08,,,,3.5,115.01,4.78
Mexico,Q2 2014,13.03,,,,3,116.46,4.87
Mexico,Q3 2014,13.45,,,,3,117.42,5.22
Mexico,Q4 2014,14.72,,,,3,118.19,4.37
Mexico,Q1 2015,15.15,,,,3,118.06,4.21
Mexico,Q2 2015,15.57,,,,3,119.76,4.33
Mexico,Q3 2015,17.01,,,,3,120.76,4.58
Mexico,Q4 2015,17.21,,,,3.25,121.74,4.14
Mexico,Q1 2016,17.4,,,,3.75,123.17,4.01
Mexico,Q2 2016,18.91,,,,4.25,125.34,3.91
Mexico,Q3 2016,19.5,,,,4.75,128.26,4
Mexico,Q4 2016,20.73,,,,5.75,130.76,3.52
Mexico,Q1 2017,18.81,,,,6.5,133.25,3.38
Mexico,Q2 2017,17.9,,,,7,134.53,3.43
Mexico,Q3 2017,18.13,,,,7,136.18,3.53
Mexico,Q4 2017,19.79,,,,7.25,137.37,3.33
Mexico,Q1 2018,18.33,,,,7.5,139.76,3.11
Mexico,Q2 2018,20.06,,,,7.75,141.23,3.31
Mexico,Q3 2018,18.9,,,,7.75,142.65,3.43
Mexico,Q4 2018,19.68,,,,8.25,144.44,3.25
Mexico,Q1 2019,19.32,,,,8.25,145.52,3.33
Mexico,Q2 2019,19.14,,,,8.25,147.34,3.51
Mexico,Q3 2019,19.64,,,,7.75,148.96,3.71
Mexico,Q4 2019,18.85,,,,7.25,149.74,3.36
Mexico,Q1 2020,23.51,,,,6.5,152.33,3.4
Mexico,Q2 2020,22.97,,,,5,150.27,4.82
Mexico,Q3 2020,22.46,,,,4.25,156.73,5.13
Mexico,Q4 2020,19.95,,,,4.25,156.92,4.54
Mexico,Q1 2021,20.6,,,,4,158.9,4.33
Mexico,Q2 2021,19.8,,,,4.25,160.27,4.19
Mexico,Q3 2021,20.31,,,,4.5,163.83,4.22
Mexico,Q4 2021,20.58,,,,5.5,165.73,3.64
Mexico,Q1 2022,19.99,,,,6.5,169.49,
Mexico,Q2 2022,19.98,,,,7.75,173.16,
Mexico,Q3 2022,20.31,,,,,175.19,
Mexico,Q4 2022,19.41,,,,,176.38,
"Moldova, Rep. of",Q1 2000,12.57,,,,30,,10.5
"Moldova, Rep. of",Q2 2000,12.52,,,,29,,7.8
"Moldova, Rep. of",Q3 2000,12.22,,,,28.7,,7.3
"Moldova, Rep. of",Q4 2000,12.38,,,,27,,8.4
"Moldova, Rep. of",Q1 2001,12.85,,,,20,,8.8
"Moldova, Rep. of",Q2 2001,12.91,,,,19,,6.8
"Moldova, Rep. of",Q3 2001,12.86,,,,16,,6.3
"Moldova, Rep. of",Q4 2001,13.09,,,,13,,7.2
"Moldova, Rep. of",Q1 2002,13.49,,,,13,,7.9
"Moldova, Rep. of",Q2 2002,13.87,,,,12,,6.3
"Moldova, Rep. of",Q3 2002,13.57,,,,10,,5.8
"Moldova, Rep. of",Q4 2002,13.82,,,,9.5,,7.3
"Moldova, Rep. of",Q1 2003,14.5,,,,10.5,,9.8
"Moldova, Rep. of",Q2 2003,14.15,,,,10.5,,6.9
"Moldova, Rep. of",Q3 2003,13.31,,,,12,,6.6
"Moldova, Rep. of",Q4 2003,13.22,,,,14,,8.7
"Moldova, Rep. of",Q1 2004,12.41,,,,14,,11.3
"Moldova, Rep. of",Q2 2004,11.95,,,,14,,7.2
"Moldova, Rep. of",Q3 2004,12.16,,,,14.5,,6.3
"Moldova, Rep. of",Q4 2004,12.46,,,,14.5,,8
"Moldova, Rep. of",Q1 2005,12.62,,,,13,,9.6
"Moldova, Rep. of",Q2 2005,12.58,,,,13,,6.6
"Moldova, Rep. of",Q3 2005,12.59,,,,12.5,,6.6
"Moldova, Rep. of",Q4 2005,12.83,,,,12.5,,6.4
"Moldova, Rep. of",Q1 2006,13.01,,,,12.5,,13
"Moldova, Rep. of",Q2 2006,13.29,,,,12.5,,6.4
"Moldova, Rep. of",Q3 2006,13.29,,,,12.5,,5.4
"Moldova, Rep. of",Q4 2006,12.91,,,,14.5,,5.6
"Moldova, Rep. of",Q1 2007,12.52,,,,14.5,,5.7
"Moldova, Rep. of",Q2 2007,12.27,,,,13.5,,4.2
"Moldova, Rep. of",Q3 2007,11.51,,,,16,,5.1
"Moldova, Rep. of",Q4 2007,11.32,,,,16,,5.4
"Moldova, Rep. of",Q1 2008,10.61,,,,17,,5.5
"Moldova, Rep. of",Q2 2008,9.92,,,,18.5,,3
"Moldova, Rep. of",Q3 2008,10.36,,,,17,,3.6
"Moldova, Rep. of",Q4 2008,10.4,,,,14,,3.9
"Moldova, Rep. of",Q1 2009,10.96,,,,11,,7.7
"Moldova, Rep. of",Q2 2009,11.24,,,,8,,6.1
"Moldova, Rep. of",Q3 2009,11.5,,,,5,,5.7
"Moldova, Rep. of",Q4 2009,12.3,,,,5,,6.2
"Moldova, Rep. of",Q1 2010,12.4,,,,7,,9.08
"Moldova, Rep. of",Q2 2010,12.84,,,,7,,7
"Moldova, Rep. of",Q3 2010,12.02,,,,7,,6.5
"Moldova, Rep. of",Q4 2010,12.15,,,,7,,7.46
"Moldova, Rep. of",Q1 2011,11.91,,,,8,,9.42
"Moldova, Rep. of",Q2 2011,11.61,,,,8,,6.22
"Moldova, Rep. of",Q3 2011,11.92,,,,10,,5.27
"Moldova, Rep. of",Q4 2011,11.72,,,,9.5,,6.19
"Moldova, Rep. of",Q1 2012,11.81,,,,4.5,,7.23
"Moldova, Rep. of",Q2 2012,12.26,,,,4.5,,4.55
"Moldova, Rep. of",Q3 2012,12.39,,,,4.5,,4.83
"Moldova, Rep. of",Q4 2012,12.06,,,,4.5,,5.95
"Moldova, Rep. of",Q1 2013,12.41,,,,4.5,,8.1
"Moldova, Rep. of",Q2 2013,12.53,,,,3.5,,4.72
"Moldova, Rep. of",Q3 2013,12.95,,,,3.5,,3.87
"Moldova, Rep. of",Q4 2013,13.06,,,,3.5,,4.09
"Moldova, Rep. of",Q1 2014,13.45,,,,3.5,,5.06
"Moldova, Rep. of",Q2 2014,14.02,,,,3.5,,3.5
"Moldova, Rep. of",Q3 2014,14.57,,,,3.5,,3.19
"Moldova, Rep. of",Q4 2014,15.62,,,,6.5,,3.34
"Moldova, Rep. of",Q1 2015,18.38,,,,13.5,,8.18
"Moldova, Rep. of",Q2 2015,18.7,,,,15.5,,3.95
"Moldova, Rep. of",Q3 2015,20.11,,,,19.5,,3.13
"Moldova, Rep. of",Q4 2015,19.66,,,,19.5,,4.05
"Moldova, Rep. of",Q1 2016,19.64,,,,17,,2.14
"Moldova, Rep. of",Q2 2016,19.87,,,,13,,1.7
"Moldova, Rep. of",Q3 2016,19.76,,,,9.5,,1.19
"Moldova, Rep. of",Q4 2016,19.98,,,,9,,1.34
"Moldova, Rep. of",Q1 2017,19.48,,,,9,,2.08
"Moldova, Rep. of",Q2 2017,18.15,,,,8,,1.33
"Moldova, Rep. of",Q3 2017,17.61,,,,7.5,,1.66
"Moldova, Rep. of",Q4 2017,17.1,,,,6.5,,1.43
"Moldova, Rep. of",Q1 2018,16.47,,,,6.5,,1.52
"Moldova, Rep. of",Q2 2018,16.84,,,,6.5,,1.34
"Moldova, Rep. of",Q3 2018,16.86,,,,6.5,,0.96
"Moldova, Rep. of",Q4 2018,17.14,,,,6.5,,1.16
"Moldova, Rep. of",Q1 2019,17.31,,,,6.5,,1.92
"Moldova, Rep. of",Q2 2019,18.15,,,,7,,1.43
"Moldova, Rep. of",Q3 2019,17.73,,,,7.5,,1.37
"Moldova, Rep. of",Q4 2019,17.21,,,,5.5,,1.32
"Moldova, Rep. of",Q1 2020,18.17,,,,3.25,,1.4
"Moldova, Rep. of",Q2 2020,17.23,,,,3.25,,1.3
"Moldova, Rep. of",Q3 2020,16.96,,,,2.75,,1.05
"Moldova, Rep. of",Q4 2020,17.21,,,,2.65,,1.08
"Moldova, Rep. of",Q1 2021,18.01,,,,2.65,,1.14
"Moldova, Rep. of",Q2 2021,17.98,,,,2.65,,0.93
"Moldova, Rep. of",Q3 2021,17.66,,,,4.65,,0.62
"Moldova, Rep. of",Q4 2021,17.75,,,,6.5,,0.49
"Moldova, Rep. of",Q1 2022,18.32,,,,12.5,,0.76
"Moldova, Rep. of",Q2 2022,19.12,,,,18.5,,0.79
"Moldova, Rep. of",Q3 2022,19.55,,,,21.5,,
"Moldova, Rep. of",Q4 2022,19.16,,,,20,,
"Netherlands, The",Q1 2000,,,,,,80,4.17
"Netherlands, The",Q2 2000,,,,,,80.57,3.8
"Netherlands, The",Q3 2000,,,,,,81.46,3.37
"Netherlands, The",Q4 2000,,,,,,81.94,3.33
"Netherlands, The",Q1 2001,,,,,,83.81,3.37
"Netherlands, The",Q2 2001,,,,,,84.03,3.03
"Netherlands, The",Q3 2001,,,,,,84.53,2.83
"Netherlands, The",Q4 2001,,,,,,85.14,3.07
"Netherlands, The",Q1 2002,,,,,,86.66,3.57
"Netherlands, The",Q2 2002,,,,,,87.27,3.53
"Netherlands, The",Q3 2002,,,,,,88.05,3.57
"Netherlands, The",Q4 2002,,,,,,88.21,4
"Netherlands, The",Q1 2003,,,,,,88.8,5.77
"Netherlands, The",Q2 2003,,,,,,89.18,5.83
"Netherlands, The",Q3 2003,,,,,,89.68,5.83
"Netherlands, The",Q4 2003,,,,,,90.05,6.2
"Netherlands, The",Q1 2004,,,,,,89.8,6.97
"Netherlands, The",Q2 2004,,,,,,90.37,6.9
"Netherlands, The",Q3 2004,,,,,,90.84,6.47
"Netherlands, The",Q4 2004,,,,,,91.41,6.77
"Netherlands, The",Q1 2005,,,,,,91.76,7.47
"Netherlands, The",Q2 2005,,,,,,92.3,7.1
"Netherlands, The",Q3 2005,,,,,,92.47,6.63
"Netherlands, The",Q4 2005,,,,,,93.11,6.63
"Netherlands, The",Q1 2006,,,,,,94.23,6.8
"Netherlands, The",Q2 2006,,,,,,94.19,6.13
"Netherlands, The",Q3 2006,,,,,,94.78,5.67
"Netherlands, The",Q4 2006,,,,,,95.59,5.73
"Netherlands, The",Q1 2007,,,,,,96.46,6
"Netherlands, The",Q2 2007,,,,,,96.46,5.3
"Netherlands, The",Q3 2007,,,,,,96.72,4.97
"Netherlands, The",Q4 2007,,,,,,97.01,4.97
"Netherlands, The",Q1 2008,,,,,,98.39,5.13
"Netherlands, The",Q2 2008,,,,,,98.31,4.8
"Netherlands, The",Q3 2008,,,,,,99.33,4.47
"Netherlands, The",Q4 2008,,,,,,99.48,4.63
"Netherlands, The",Q1 2009,,,,,,100.4,5.23
"Netherlands, The",Q2 2009,,,,,,98.58,5.27
"Netherlands, The",Q3 2009,,,,,,98.83,5.4
"Netherlands, The",Q4 2009,,,,,,98.58,5.8
"Netherlands, The",Q1 2010,,,,,,99.33,6.5
"Netherlands, The",Q2 2010,,,,,,100.36,6.1
"Netherlands, The",Q3 2010,,,,,,100.46,5.87
"Netherlands, The",Q4 2010,,,,,,99.85,5.8
"Netherlands, The",Q1 2011,,,,,,99.81,6.1
"Netherlands, The",Q2 2011,,,,,,99.82,5.8
"Netherlands, The",Q3 2011,,,,,,100.4,5.9
"Netherlands, The",Q4 2011,,,,,,100.85,6.4
"Netherlands, The",Q1 2012,,,,,,101.02,6.8
"Netherlands, The",Q2 2012,,,,,,101.3,6.7
"Netherlands, The",Q3 2012,,,,,,101.52,6.67
"Netherlands, The",Q4 2012,,,,,,102.81,7.1
"Netherlands, The",Q1 2013,,,,,,102.69,8
"Netherlands, The",Q2 2013,,,,,,103.38,8.1
"Netherlands, The",Q3 2013,,,,,,103.12,8.3
"Netherlands, The",Q4 2013,,,,,,102.72,8.37
"Netherlands, The",Q1 2014,,,,,,103.75,8.93
"Netherlands, The",Q2 2014,,,,,,102.71,8.47
"Netherlands, The",Q3 2014,,,,,,103.06,7.93
"Netherlands, The",Q4 2014,,,,,,103.39,8.07
"Netherlands, The",Q1 2015,,,,,,102.89,8.47
"Netherlands, The",Q2 2015,,,,,,104.06,7.97
"Netherlands, The",Q3 2015,,,,,,104.76,7.53
"Netherlands, The",Q4 2015,,,,,,104.5,7.6
"Netherlands, The",Q1 2016,,,,,,104.25,7.77
"Netherlands, The",Q2 2016,,,,,,104.53,7.2
"Netherlands, The",Q3 2016,,,,,,104.56,6.6
"Netherlands, The",Q4 2016,,,,,,104.8,6.43
"Netherlands, The",Q1 2017,,,,,,105.03,6.57
"Netherlands, The",Q2 2017,,,,,,105.85,6.03
"Netherlands, The",Q3 2017,,,,,,106.02,5.53
"Netherlands, The",Q4 2017,,,,,,106.63,5.37
"Netherlands, The",Q1 2018,,,,,,107.77,5.4
"Netherlands, The",Q2 2018,,,,,,107.67,4.9
"Netherlands, The",Q3 2018,,,,,,108.83,4.63
"Netherlands, The",Q4 2018,,,,,,109.4,4.53
"Netherlands, The",Q1 2019,,,,,,111.21,4.73
"Netherlands, The",Q2 2019,,,,,,111.2,4.37
"Netherlands, The",Q3 2019,,,,,,111.9,4.3
"Netherlands, The",Q4 2019,,,,,,112.4,4.33
"Netherlands, The",Q1 2020,,,,,,113.25,4.27
"Netherlands, The",Q2 2020,,,,,,113.25,4.83
"Netherlands, The",Q3 2020,,,,,,114.1,5.3
"Netherlands, The",Q4 2020,,,,,,114.68,5
"Netherlands, The",Q1 2021,,,,,,116.06,4.83
"Netherlands, The",Q2 2021,,,,,,116.61,4.33
"Netherlands, The",Q3 2021,,,,,,117.66,4
"Netherlands, The",Q4 2021,,,,,,118.28,3.73
"Netherlands, The",Q1 2022,,,,,,121.3,3.67
"Netherlands, The",Q2 2022,,,,,,121.87,3.33
"Netherlands, The",Q3 2022,,,,,,124.86,3.67
"Netherlands, The",Q4 2022,,,,,,126.73,3.5
New Zealand,Q1 2000,2,,,,5.75,75.46,6.5
New Zealand,Q2 2000,2.14,,,,6.5,76.2,6.3
New Zealand,Q3 2000,2.46,,,,6.5,77.02,6
New Zealand,Q4 2000,2.27,,,,6.5,78.6,5.8
New Zealand,Q1 2001,2.46,,,,6.25,79.65,5.5
New Zealand,Q2 2001,2.47,,,,5.75,79.81,5.4
New Zealand,Q3 2001,2.49,,,,5.25,79.68,5.4
New Zealand,Q4 2001,2.41,,,,4.75,81.09,5.5
New Zealand,Q1 2002,2.29,,,,5,81.24,5.3
New Zealand,Q2 2002,2.03,,,,5.5,80.45,5.3
New Zealand,Q3 2002,2.13,,,,5.75,81.09,5.5
New Zealand,Q4 2002,1.9,,,,5.75,79.85,5
New Zealand,Q1 2003,1.81,,,,5.75,80.61,5
New Zealand,Q2 2003,1.72,,,,5.25,81.51,4.8
New Zealand,Q3 2003,1.68,,,,5,82.12,4.5
New Zealand,Q4 2003,1.54,,,,5,82.68,4.7
New Zealand,Q1 2004,1.52,,,,5.25,82.84,4.3
New Zealand,Q2 2004,1.58,,,,5.75,84.16,4.2
New Zealand,Q3 2004,1.49,,,,6.25,85.4,3.9
New Zealand,Q4 2004,1.39,,,,6.5,85.8,3.8
New Zealand,Q1 2005,1.41,,,,6.75,85.81,3.9
New Zealand,Q2 2005,1.43,,,,6.75,86.48,3.8
New Zealand,Q3 2005,1.45,,,,6.75,87.43,3.8
New Zealand,Q4 2005,1.47,,,,7.25,87.13,3.8
New Zealand,Q1 2006,1.63,,,,7.25,87.3,4
New Zealand,Q2 2006,1.65,,,,7.25,89.03,3.7
New Zealand,Q3 2006,1.53,,,,7.25,88.45,3.8
New Zealand,Q4 2006,1.42,,,,7.25,90.61,3.8
New Zealand,Q1 2007,1.4,,,,7.5,90.95,3.9
New Zealand,Q2 2007,1.3,,,,8,91.98,3.7
New Zealand,Q3 2007,1.33,,,,8.25,93.72,3.6
New Zealand,Q4 2007,1.29,,,,8.25,94.41,3.5
New Zealand,Q1 2008,1.26,,,,8.25,95.68,3.9
New Zealand,Q2 2008,1.31,,,,8.25,96.94,4
New Zealand,Q3 2008,1.5,,,,7.5,95.72,4.2
New Zealand,Q4 2008,1.73,,,,5,96.91,4.5
New Zealand,Q1 2009,1.78,,,,3,97.64,5.1
New Zealand,Q2 2009,1.53,,,,2.5,96.5,6
New Zealand,Q3 2009,1.4,,,,2.5,97.54,6.5
New Zealand,Q4 2009,1.39,,,,2.5,97.11,6.9
New Zealand,Q1 2010,1.41,,,,2.5,98.32,6.3
New Zealand,Q2 2010,1.44,,,,2.75,98.33,6.4
New Zealand,Q3 2010,1.36,,,,3,100.41,5.9
New Zealand,Q4 2010,1.3,,,,3,102.95,6
New Zealand,Q1 2011,1.31,,,,2.5,102.14,6.3
New Zealand,Q2 2011,1.21,,,,2.5,102.92,5.8
New Zealand,Q3 2011,1.3,,,,2.5,103.44,5.8
New Zealand,Q4 2011,1.3,,,,2.5,103.11,5.9
New Zealand,Q1 2012,1.22,,,,2.5,102.95,6.6
New Zealand,Q2 2012,1.27,,,,2.5,103.84,6.2
New Zealand,Q3 2012,1.2,,,,2.5,102.32,6.6
New Zealand,Q4 2012,1.22,,,,2.5,101.41,6.2
New Zealand,Q1 2013,1.19,,,,2.5,102.93,6
New Zealand,Q2 2013,1.28,,,,2.5,104.31,5.8
New Zealand,Q3 2013,1.21,,,,2.5,106.81,5.7
New Zealand,Q4 2013,1.22,,,,2.5,109.93,5.7
New Zealand,Q1 2014,1.15,,,,2.75,109.14,5.5
New Zealand,Q2 2014,1.14,,,,3.25,108.86,5.2
New Zealand,Q3 2014,1.29,,,,3.5,108.16,5.2
New Zealand,Q4 2014,1.28,,,,3.5,107.64,5.5
New Zealand,Q1 2015,1.34,,,,3.5,108.16,5.5
New Zealand,Q2 2015,1.47,,,,3.25,109.51,5.4
New Zealand,Q3 2015,1.57,,,,2.75,109.16,5.6
New Zealand,Q4 2015,1.46,,,,2.5,108.35,4.9
New Zealand,Q1 2016,1.45,,,,2.25,109.77,5.2
New Zealand,Q2 2016,1.41,,,,2.25,110.17,5
New Zealand,Q3 2016,1.38,,,,2,110.89,5
New Zealand,Q4 2016,1.44,,,,1.75,112.09,5.2
New Zealand,Q1 2017,1.43,,,,1.75,113.49,4.9
New Zealand,Q2 2017,1.37,,,,1.75,113.01,4.8
New Zealand,Q3 2017,1.38,,,,1.75,114.72,4.7
New Zealand,Q4 2017,1.41,,,,1.75,115.72,4.5
New Zealand,Q1 2018,1.39,,,,1.75,115.12,4.4
New Zealand,Q2 2018,1.48,,,,1.75,115.53,4.4
New Zealand,Q3 2018,1.51,,,,1.75,116.84,3.9
New Zealand,Q4 2018,1.49,,,,1.75,116.02,4.4
New Zealand,Q1 2019,1.47,,,,1.75,116.61,4.4
New Zealand,Q2 2019,1.49,,,,1.5,118.39,3.9
New Zealand,Q3 2019,1.59,,,,1,119.69,4
New Zealand,Q4 2019,1.48,,,,1,120.04,4.1
New Zealand,Q1 2020,1.67,,,,0.25,120.88,4.5
New Zealand,Q2 2020,1.56,,,,0.25,121.17,3.9
New Zealand,Q3 2020,1.51,,,,0.25,122.12,5.1
New Zealand,Q4 2020,1.38,,,,0.25,120.88,4.9
New Zealand,Q1 2021,1.43,,,,0.25,121.28,4.9
New Zealand,Q2 2021,1.43,,,,0.25,123.76,3.9
New Zealand,Q3 2021,1.45,,,,0.25,126.73,3.2
New Zealand,Q4 2021,1.46,,,,0.75,127.33,3.2
New Zealand,Q1 2022,1.43,,,,1,128.69,3.4
New Zealand,Q2 2022,1.61,,,,2,130.98,3.2
New Zealand,Q3 2022,1.74,,,,,133.38,3.2
New Zealand,Q4 2022,1.58,,,,,133.56,3.3
"North Macedonia, Republic of",Q1 2000,63.51,8.9,,,,73.9,
"North Macedonia, Republic of",Q2 2000,63.92,7.9,,,,78.34,
"North Macedonia, Republic of",Q3 2000,69.32,7.9,,,,76.12,
"North Macedonia, Republic of",Q4 2000,66.33,7.9,,,,76.66,
"North Macedonia, Republic of",Q1 2001,68.93,7.9,,,,76.35,
"North Macedonia, Republic of",Q2 2001,71.88,10.7,,,,81.25,
"North Macedonia, Republic of",Q3 2001,66.74,10.7,,,,82.21,
"North Macedonia, Republic of",Q4 2001,69.17,10.7,,,,82.31,
"North Macedonia, Republic of",Q1 2002,69.91,10.7,,,,82.49,
"North Macedonia, Republic of",Q2 2002,61.12,10.7,,,,79.86,
"North Macedonia, Republic of",Q3 2002,62.37,10.7,,,,81.13,
"North Macedonia, Republic of",Q4 2002,58.6,10.7,,,,82.04,
"North Macedonia, Republic of",Q1 2003,57.06,8,,,,84.47,
"North Macedonia, Republic of",Q2 2003,53.69,6.5,,,,83.4,
"North Macedonia, Republic of",Q3 2003,53.59,6.5,,,,81.51,
"North Macedonia, Republic of",Q4 2003,49.05,6.5,,,,80.32,
"North Macedonia, Republic of",Q1 2004,50.3,6.5,,,,80.73,37.1
"North Macedonia, Republic of",Q2 2004,50.38,6.5,,,,78.88,35.8
"North Macedonia, Republic of",Q3 2004,49.86,6.5,,,,79.36,37.7
"North Macedonia, Republic of",Q4 2004,45.07,6.5,,,,85.98,38
"North Macedonia, Republic of",Q1 2005,47.46,,,,,79.67,38.83
"North Macedonia, Republic of",Q2 2005,50.86,,,,,83.78,37.57
"North Macedonia, Republic of",Q3 2005,50.76,,,,,86.33,36.64
"North Macedonia, Republic of",Q4 2005,51.86,,,,,90,36.33
"North Macedonia, Republic of",Q1 2006,50.57,,,,,85.52,36.7
"North Macedonia, Republic of",Q2 2006,48.83,,,,,90.34,36.2
"North Macedonia, Republic of",Q3 2006,48.34,,,,,89.22,36.13
"North Macedonia, Republic of",Q4 2006,46.45,,,,,89.26,36.55
"North Macedonia, Republic of",Q1 2007,45.93,,,,,92.46,36.16
"North Macedonia, Republic of",Q2 2007,45.29,,,,,92.34,35.13
"North Macedonia, Republic of",Q3 2007,43.16,,,,,93,34.52
"North Macedonia, Republic of",Q4 2007,41.66,,,,,92.5,35.12
"North Macedonia, Republic of",Q1 2008,38.79,,,,,95.7,35.08
"North Macedonia, Republic of",Q2 2008,38.85,,,,,94.28,33.95
"North Macedonia, Republic of",Q3 2008,42.63,,,,,97.38,33.06
"North Macedonia, Republic of",Q4 2008,43.56,,,,,102.4,33.63
"North Macedonia, Republic of",Q1 2009,46.55,,,,,97.13,33.32
"North Macedonia, Republic of",Q2 2009,43.51,,,,,97.46,31.91
"North Macedonia, Republic of",Q3 2009,42.05,,,,,98.74,31.66
"North Macedonia, Republic of",Q4 2009,42.67,,,,,97.69,32.55
"North Macedonia, Republic of",Q1 2010,45.63,,,,,99.33,35.48
"North Macedonia, Republic of",Q2 2010,50.46,8.5,,,,100.4,32.39
"North Macedonia, Republic of",Q3 2010,45.28,5,,,,99.9,32.9
"North Macedonia, Republic of",Q4 2010,46.31,5,,,,100.37,31.89
"North Macedonia, Republic of",Q1 2011,43.66,4,,,,102.73,31.43
"North Macedonia, Republic of",Q2 2011,42.72,4,,,,104.1,31.5
"North Macedonia, Republic of",Q3 2011,45.17,4,,,,104.08,31.16
"North Macedonia, Republic of",Q4 2011,47.53,4,,,,104.3,32.06
"North Macedonia, Republic of",Q1 2012,46.05,4,,,,103.38,32.09
"North Macedonia, Republic of",Q2 2012,49.62,4,,,,102.82,31.3
"North Macedonia, Republic of",Q3 2012,47.56,3.75,,,,107.55,30.41
"North Macedonia, Republic of",Q4 2012,46.65,3.75,,,,104.8,31.01
"North Macedonia, Republic of",Q1 2013,48.05,3.75,,,,105.17,29.52
"North Macedonia, Republic of",Q2 2013,47.16,3.75,,,,110.98,29.31
"North Macedonia, Republic of",Q3 2013,45.43,3.5,,,,109.86,28.45
"North Macedonia, Republic of",Q4 2013,44.63,3.5,,,,111.71,29.29
"North Macedonia, Republic of",Q1 2014,44.84,3.25,,,,111.81,27.15
"North Macedonia, Republic of",Q2 2014,45.29,3.25,,,,112.01,28.21
"North Macedonia, Republic of",Q3 2014,48.54,3.25,,,,110.79,29.02
"North Macedonia, Republic of",Q4 2014,50.56,3.25,,,,111.33,28.99
"North Macedonia, Republic of",Q1 2015,56.81,3.25,,,,114,28.87
"North Macedonia, Republic of",Q2 2015,55.42,3.25,,,,113.81,27.26
"North Macedonia, Republic of",Q3 2015,55.06,3.25,,,,113.7,24.01
"North Macedonia, Republic of",Q4 2015,56.37,3.25,,,,113.61,25.63
"North Macedonia, Republic of",Q1 2016,54.48,3.25,,,,117.23,24.87
"North Macedonia, Republic of",Q2 2016,55.02,3.25,,,,115.89,24.53
"North Macedonia, Republic of",Q3 2016,54.8,4,,,,118.26,24.19
"North Macedonia, Republic of",Q4 2016,58.33,4,,,,118.17,23.6
"North Macedonia, Republic of",Q1 2017,57.46,3.75,,,,119.48,23.67
"North Macedonia, Republic of",Q2 2017,54.06,3.75,,,,119.01,22.92
"North Macedonia, Republic of",Q3 2017,52.07,3.25,,,,122.09,22.39
"North Macedonia, Republic of",Q4 2017,51.27,3.25,,,,121.78,22.27
"North Macedonia, Republic of",Q1 2018,49.89,3.25,,,,124.6,22.36
"North Macedonia, Republic of",Q2 2018,52.75,3.25,,,,125.59,21.5
"North Macedonia, Republic of",Q3 2018,53.12,3,,,,124.9,21.02
"North Macedonia, Republic of",Q4 2018,53.69,3,,,,126.3,19.94
"North Macedonia, Republic of",Q1 2019,54.8,2.5,,,,125.62,18
"North Macedonia, Republic of",Q2 2019,54.1,2.5,,,,126.69,17.53
"North Macedonia, Republic of",Q3 2019,56.24,2.25,,,,127.28,17.14
"North Macedonia, Republic of",Q4 2019,54.95,2.25,,,,126.86,16.9
"North Macedonia, Republic of",Q1 2020,55.91,2.25,,,,128.97,16.44
"North Macedonia, Republic of",Q2 2020,54.67,1.5,,,,124.25,16.81
"North Macedonia, Republic of",Q3 2020,52.72,1.5,,,,128.58,16.55
"North Macedonia, Republic of",Q4 2020,50.24,1.5,,,,129.89,16.41
"North Macedonia, Republic of",Q1 2021,52.5,1.5,,,,131.59,16.14
"North Macedonia, Republic of",Q2 2021,51.9,1.5,,,,132.58,15.91
"North Macedonia, Republic of",Q3 2021,52.94,1.25,,,,132.15,15.76
"North Macedonia, Republic of",Q4 2021,54.37,1.25,,,,133.21,15.3
"North Macedonia, Republic of",Q1 2022,55.45,1.25,,,,134.13,
"North Macedonia, Republic of",Q2 2022,58.66,1.25,,,,138.8,
"North Macedonia, Republic of",Q3 2022,63.36,2,,,,144.67,
"North Macedonia, Republic of",Q4 2022,57.65,2,,,,153.03,
Norway,Q1 2000,8.47,,,,7.5,64.25,3.4
Norway,Q2 2000,8.57,,,,8.25,66.72,3.2
Norway,Q3 2000,9.16,,,,9,68.69,3.33
Norway,Q4 2000,8.85,,,,9,70.78,3.03
Norway,Q1 2001,9.12,,,,9,69.33,3.33
Norway,Q2 2001,9.3,,,,9,70.82,3.37
Norway,Q3 2001,8.88,,,,9,68.41,3.57
Norway,Q4 2001,9.01,,,,6.5,66.61,3.37
Norway,Q1 2002,8.81,,,,6.5,66.7,3.73
Norway,Q2 2002,7.45,,,,6.5,67.56,3.73
Norway,Q3 2002,7.45,,,,7,68.31,3.67
Norway,Q4 2002,6.97,,,,6.5,68.28,3.53
Norway,Q1 2003,7.32,,,,5.5,69.45,3.97
Norway,Q2 2003,7.26,,,,4,68.75,4.33
Norway,Q3 2003,7.02,,,,2.5,69.98,4.43
Norway,Q4 2003,6.68,,,,2.25,70.45,4.1
Norway,Q1 2004,6.9,,,,1.75,70.8,4.13
Norway,Q2 2004,6.94,,,,1.75,72.54,4.33
Norway,Q3 2004,6.72,,,,1.75,75.14,4.5
Norway,Q4 2004,6.04,,,,1.75,76.59,4.13
Norway,Q1 2005,6.33,,,,1.75,76.84,4.5
Norway,Q2 2005,6.55,,,,1.75,79.22,4.73
Norway,Q3 2005,6.54,,,,2,81.3,4.77
Norway,Q4 2005,6.77,,,,2.25,83.58,4.1
Norway,Q1 2006,6.58,,,,2.5,86.3,4.17
Norway,Q2 2006,6.24,,,,2.75,87.85,4.17
Norway,Q3 2006,6.5,,,,3,87.87,3.47
Norway,Q4 2006,6.26,,,,3.5,86.83,2.6
Norway,Q1 2007,6.1,,,,4,87.52,2.9
Norway,Q2 2007,5.9,,,,4.5,89.22,2.93
Norway,Q3 2007,5.44,,,,5,89.5,2.73
Norway,Q4 2007,5.41,,,,5.25,93.39,2.3
Norway,Q1 2008,5.09,,,,5.25,97.06,2.7
Norway,Q2 2008,5.08,,,,5.75,100.17,3.07
Norway,Q3 2008,5.83,,,,5.75,102.2,3.07
Norway,Q4 2008,7,,,,3,98.42,2.9
Norway,Q1 2009,6.68,,,,2,91.79,3.3
Norway,Q2 2009,6.38,,,,1.25,94.24,3.77
Norway,Q3 2009,5.78,,,,1.25,95.63,3.43
Norway,Q4 2009,5.78,,,,1.75,95.83,3.33
Norway,Q1 2010,5.98,,,,1.75,97.35,4.17
Norway,Q2 2010,6.5,,,,2,98.68,4.3
Norway,Q3 2010,5.84,,,,2,101.2,3.8
Norway,Q4 2010,5.86,,,,2,102.77,3.57
Norway,Q1 2011,5.51,,,,2,104.31,3.53
Norway,Q2 2011,5.39,,,,2.25,107.04,3.83
Norway,Q3 2011,5.84,,,,2.25,106.85,3.53
Norway,Q4 2011,5.99,,,,1.75,108.41,3.37
Norway,Q1 2012,5.69,,,,1.5,110.9,3.57
Norway,Q2 2012,5.98,,,,1.5,109.79,3.53
Norway,Q3 2012,5.7,,,,1.5,109.96,3.33
Norway,Q4 2012,5.57,,,,1.5,110.26,3.5
Norway,Q1 2013,5.83,,,,1.5,112.14,4
Norway,Q2 2013,6.03,,,,1.5,111.82,4.03
Norway,Q3 2013,6.01,,,,1.5,113.63,3.93
Norway,Q4 2013,6.08,,,,1.5,114.57,3.77
Norway,Q1 2014,5.99,,,,1.5,113.18,3.83
Norway,Q2 2014,6.15,,,,1.5,113.47,3.53
Norway,Q3 2014,6.45,,,,1.5,112.95,4
Norway,Q4 2014,7.43,,,,1.25,111.11,3.73
Norway,Q1 2015,8.09,,,,1.25,109.91,4.63
Norway,Q2 2015,7.86,,,,1,110.84,4.67
Norway,Q3 2015,8.5,,,,0.75,109.78,4.77
Norway,Q4 2015,8.81,,,,0.75,107.53,4.7
Norway,Q1 2016,8.27,,,,0.5,106.49,5.23
Norway,Q2 2016,8.38,,,,0.5,107.96,4.97
Norway,Q3 2016,8.05,,,,0.5,109.12,5
Norway,Q4 2016,8.62,,,,0.5,110.23,4.43
Norway,Q1 2017,8.58,,,,0.5,112.41,4.57
Norway,Q2 2017,8.39,,,,0.5,112.15,4.63
Norway,Q3 2017,7.97,,,,0.5,112.29,4.27
Norway,Q4 2017,8.21,,,,0.5,114.37,4
Norway,Q1 2018,7.78,,,,0.5,116.34,4.1
Norway,Q2 2018,8.16,,,,0.5,118.91,4.07
Norway,Q3 2018,8.18,,,,0.75,122.18,4.17
Norway,Q4 2018,8.69,,,,0.75,121.67,3.63
Norway,Q1 2019,8.6,,,,1,120.59,4.03
Norway,Q2 2019,8.52,,,,1.25,118.84,3.6
Norway,Q3 2019,9.09,,,,1.5,117.57,3.93
Norway,Q4 2019,8.78,,,,1.5,119.04,3.93
Norway,Q1 2020,10.51,,,,0.25,119.04,3.77
Norway,Q2 2020,9.74,,,,0,113.3,4.77
Norway,Q3 2020,9.48,,,,0,114.57,5.47
Norway,Q4 2020,8.53,,,,0,116.9,5
Norway,Q1 2021,8.52,,,,0,125.9,5
Norway,Q2 2021,8.56,,,,0,129.58,5.17
Norway,Q3 2021,8.78,,,,0.25,133.59,4.2
Norway,Q4 2021,8.82,,,,0.5,150.97,3.47
Norway,Q1 2022,8.75,,,,0.75,173.19,3.3
Norway,Q2 2022,9.96,,,,1.25,172.05,3.3
Norway,Q3 2022,10.86,,,,,184.02,3.2
Norway,Q4 2022,9.86,,,,,165.22,3.13
"Poland, Rep. of",Q1 2000,4.14,,,,17.5,74.72,16.53
"Poland, Rep. of",Q2 2000,4.39,,,,17.5,75.77,16.33
"Poland, Rep. of",Q3 2000,4.54,,,,19,76.87,15.43
"Poland, Rep. of",Q4 2000,4.14,,,,19,76.71,16
"Poland, Rep. of",Q1 2001,4.1,,,,17,77.12,18.3
"Poland, Rep. of",Q2 2001,3.99,,,,15.5,78.51,18.43
"Poland, Rep. of",Q3 2001,4.24,,,,14.5,78.78,17.93
"Poland, Rep. of",Q4 2001,3.99,,,,11.5,79.19,18.57
"Poland, Rep. of",Q1 2002,4.13,,,,10,80.27,20.33
"Poland, Rep. of",Q2 2002,4.04,,,,8.5,79.66,20
"Poland, Rep. of",Q3 2002,4.15,,,,7.5,79.84,19.93
"Poland, Rep. of",Q4 2002,3.84,,,,6.75,79.69,19.87
"Poland, Rep. of",Q1 2003,4.05,,,,6,79.85,20.67
"Poland, Rep. of",Q2 2003,3.9,,,,5.25,80.32,19.47
"Poland, Rep. of",Q3 2003,3.98,,,,5.25,80.23,19.43
"Poland, Rep. of",Q4 2003,3.74,,,,5.25,81,19.43
"Poland, Rep. of",Q1 2004,3.88,,,,5.25,82.43,20.87
"Poland, Rep. of",Q2 2004,3.75,,,,5.25,83.11,19.23
"Poland, Rep. of",Q3 2004,3.56,,,,6.5,84.84,18.33
"Poland, Rep. of",Q4 2004,2.99,,,,6.5,86.81,18.13
"Poland, Rep. of",Q1 2005,3.15,,,,6,86.2,19.07
"Poland, Rep. of",Q2 2005,3.35,,,,5,87.54,18.2
"Poland, Rep. of",Q3 2005,3.26,,,,4.5,87.01,17.53
"Poland, Rep. of",Q4 2005,3.26,,,,4.5,85.73,16.9
"Poland, Rep. of",Q1 2006,3.25,,,,4,86.64,16.23
"Poland, Rep. of",Q2 2006,3.18,,,,4,86.33,14.2
"Poland, Rep. of",Q3 2006,3.14,,,,4,87.67,13.13
"Poland, Rep. of",Q4 2006,2.91,,,,4,91.26,12.3
"Poland, Rep. of",Q1 2007,2.91,,,,4,89.75,11.37
"Poland, Rep. of",Q2 2007,2.8,,,,4.5,90.94,9.57
"Poland, Rep. of",Q3 2007,2.66,,,,4.75,91.23,9
"Poland, Rep. of",Q4 2007,2.44,,,,5,93.01,8.5
"Poland, Rep. of",Q1 2008,2.23,,,,5.75,93.5,8.03
"Poland, Rep. of",Q2 2008,2.12,,,,6,94.19,7
"Poland, Rep. of",Q3 2008,2.37,,,,6,95.38,6.5
"Poland, Rep. of",Q4 2008,2.96,,,,5,96.48,6.63
"Poland, Rep. of",Q1 2009,3.54,,,,3.75,97.87,8.23
"Poland, Rep. of",Q2 2009,3.17,,,,3.5,98.2,7.83
"Poland, Rep. of",Q3 2009,2.89,,,,3.5,99.26,8
"Poland, Rep. of",Q4 2009,2.85,,,,3.5,98.86,8.43
"Poland, Rep. of",Q1 2010,2.87,,,,3.5,98.99,10.97
"Poland, Rep. of",Q2 2010,3.39,,,,3.5,99.97,9.83
"Poland, Rep. of",Q3 2010,2.93,,,,3.5,100.3,9.47
"Poland, Rep. of",Q4 2010,2.96,,,,3.5,100.74,9.67
"Poland, Rep. of",Q1 2011,2.82,,,,3.75,102.16,10.33
"Poland, Rep. of",Q2 2011,2.75,,,,4.5,102.41,9.77
"Poland, Rep. of",Q3 2011,3.26,,,,4.5,103.13,9.67
"Poland, Rep. of",Q4 2011,3.42,,,,4.5,104.47,10.03
"Poland, Rep. of",Q1 2012,3.12,,,,4.5,104.5,10.8
"Poland, Rep. of",Q2 2012,3.39,,,,4.75,105.66,10.17
"Poland, Rep. of",Q3 2012,3.18,,,,4.75,105.91,10.17
"Poland, Rep. of",Q4 2012,3.1,,,,4.25,105.35,10.43
"Poland, Rep. of",Q1 2013,3.26,,,,3.25,105.17,11.57
"Poland, Rep. of",Q2 2013,3.32,,,,2.75,105.46,10.73
"Poland, Rep. of",Q3 2013,3.12,,,,2.5,105.28,10.1
"Poland, Rep. of",Q4 2013,3.01,,,,2.5,106.68,10.03
"Poland, Rep. of",Q1 2014,3.03,,,,2.5,106.55,10.87
"Poland, Rep. of",Q2 2014,3.05,,,,2.5,106.11,9.33
"Poland, Rep. of",Q3 2014,3.3,,,,2.5,106.75,8.33
"Poland, Rep. of",Q4 2014,3.51,,,,2,105.42,8.3
"Poland, Rep. of",Q1 2015,3.81,,,,1.5,106.58,8.87
"Poland, Rep. of",Q2 2015,3.76,,,,1.5,107.37,7.6
"Poland, Rep. of",Q3 2015,3.78,,,,1.5,107.21,7.2
"Poland, Rep. of",Q4 2015,3.9,,,,1.5,108.96,7.07
"Poland, Rep. of",Q1 2016,3.76,,,,1.5,107.72,7.13
"Poland, Rep. of",Q2 2016,3.98,,,,1.5,107.66,6.3
"Poland, Rep. of",Q3 2016,3.86,,,,1.5,107.81,6.07
"Poland, Rep. of",Q4 2016,4.18,,,,1.5,107.69,5.63
"Poland, Rep. of",Q1 2017,3.95,,,,1.5,109.08,5.47
"Poland, Rep. of",Q2 2017,3.71,,,,1.5,109.47,5.07
"Poland, Rep. of",Q3 2017,3.65,,,,1.5,109.68,4.8
"Poland, Rep. of",Q4 2017,3.48,,,,1.5,109.66,4.5
"Poland, Rep. of",Q1 2018,3.41,,,,1.5,109.96,4.2
"Poland, Rep. of",Q2 2018,3.74,,,,1.5,110.1,3.63
"Poland, Rep. of",Q3 2018,3.68,,,,1.5,111,3.87
"Poland, Rep. of",Q4 2018,3.76,,,,1.5,112.26,3.83
"Poland, Rep. of",Q1 2019,3.84,,,,1.5,112.77,3.97
"Poland, Rep. of",Q2 2019,3.73,,,,1.5,114.42,3.23
"Poland, Rep. of",Q3 2019,4,,,,1.5,113.92,3.13
"Poland, Rep. of",Q4 2019,3.8,,,,1.5,115.82,2.9
"Poland, Rep. of",Q1 2020,4.15,,,,1,116.34,3.17
"Poland, Rep. of",Q2 2020,3.98,,,,0.1,118.53,3.17
"Poland, Rep. of",Q3 2020,3.87,,,,0.1,119.11,3.37
"Poland, Rep. of",Q4 2020,3.76,,,,0.1,122.75,3.17
"Poland, Rep. of",Q1 2021,3.97,,,,0.1,123.64,4.03
"Poland, Rep. of",Q2 2021,3.8,,,,0.1,124.75,3.53
"Poland, Rep. of",Q3 2021,3.99,,,,0.1,125.9,3.03
"Poland, Rep. of",Q4 2021,4.06,,,,1.75,128.5,2.9
"Poland, Rep. of",Q1 2022,4.18,,,,3.5,129.19,3.13
"Poland, Rep. of",Q2 2022,4.48,,,,6,137.36,2.63
"Poland, Rep. of",Q3 2022,4.95,,,,,141.38,2.9
"Poland, Rep. of",Q4 2022,4.4,,,,,149.66,2.9
Portugal,Q1 2000,,,,,,75.75,5.6
Portugal,Q2 2000,,,,,,76.63,5.03
Portugal,Q3 2000,,,,,,77.37,5.23
Portugal,Q4 2000,,,,,,77.77,5.2
Portugal,Q1 2001,,,,,,78.66,5.43
Portugal,Q2 2001,,,,,,79.36,5.23
Portugal,Q3 2001,,,,,,80,5.33
Portugal,Q4 2001,,,,,,80.92,5.5
Portugal,Q1 2002,,,,,,81.74,5.8
Portugal,Q2 2002,,,,,,82.65,5.93
Portugal,Q3 2002,,,,,,83.54,6.57
Portugal,Q4 2002,,,,,,84.43,7.57
Portugal,Q1 2003,,,,,,84.69,7.83
Portugal,Q2 2003,,,,,,86.13,7.7
Portugal,Q3 2003,,,,,,86.05,7.7
Portugal,Q4 2003,,,,,,86.85,8
Portugal,Q1 2004,,,,,,86.71,7.77
Portugal,Q2 2004,,,,,,87.64,7.87
Portugal,Q3 2004,,,,,,88.08,8.3
Portugal,Q4 2004,,,,,,89.53,8.73
Portugal,Q1 2005,,,,,,89.41,9.07
Portugal,Q2 2005,,,,,,90.49,8.93
Portugal,Q3 2005,,,,,,91.33,9.37
Portugal,Q4 2005,,,,,,92.46,9.57
Portugal,Q1 2006,,,,,,92.53,9.3
Portugal,Q2 2006,,,,,,93.27,8.9
Portugal,Q3 2006,,,,,,94.21,9.2
Portugal,Q4 2006,,,,,,95.26,9.8
Portugal,Q1 2007,,,,,,95.94,9.93
Portugal,Q2 2007,,,,,,96.27,9.57
Portugal,Q3 2007,,,,,,96.72,9.4
Portugal,Q4 2007,,,,,,97.47,9.43
Portugal,Q1 2008,,,,,,97.71,9.2
Portugal,Q2 2008,,,,,,98.31,8.93
Portugal,Q3 2008,,,,,,98.16,9.2
Portugal,Q4 2008,,,,,,98.95,9.63
Portugal,Q1 2009,,,,,,98.73,10.5
Portugal,Q2 2009,,,,,,99.41,10.83
Portugal,Q3 2009,,,,,,99.27,11.57
Portugal,Q4 2009,,,,,,100.04,12
Portugal,Q1 2010,,,,,,99.92,12.3
Portugal,Q2 2010,,,,,,99.49,12.47
Portugal,Q3 2010,,,,,,100.25,12.7
Portugal,Q4 2010,,,,,,100.34,12.87
Portugal,Q1 2011,,,,,,100.16,13.2
Portugal,Q2 2011,,,,,,99.57,12.83
Portugal,Q3 2011,,,,,,99.84,13.3
Portugal,Q4 2011,,,,,,99.36,14.73
Portugal,Q1 2012,,,,,,98.97,15.73
Portugal,Q2 2012,,,,,,98.48,16
Portugal,Q3 2012,,,,,,99.41,16.6
Portugal,Q4 2012,,,,,,100.57,17.97
Portugal,Q1 2013,,,,,,100.91,18.53
Portugal,Q2 2013,,,,,,101.01,17.43
Portugal,Q3 2013,,,,,,102.4,16.57
Portugal,Q4 2013,,,,,,101.99,16.17
Portugal,Q1 2014,,,,,,102.24,15.77
Portugal,Q2 2014,,,,,,102.04,14.77
Portugal,Q3 2014,,,,,,102.76,13.93
Portugal,Q4 2014,,,,,,102.15,14.13
Portugal,Q1 2015,,,,,,103.62,14.23
Portugal,Q2 2015,,,,,,104.15,12.67
Portugal,Q3 2015,,,,,,104.77,12.43
Portugal,Q4 2015,,,,,,104.91,12.77
Portugal,Q1 2016,,,,,,105.82,12.7
Portugal,Q2 2016,,,,,,106.02,11.37
Portugal,Q3 2016,,,,,,106.34,10.97
Portugal,Q4 2016,,,,,,106.43,10.83
Portugal,Q1 2017,,,,,,106.79,10.43
Portugal,Q2 2017,,,,,,107.68,9.3
Portugal,Q3 2017,,,,,,108.2,8.73
Portugal,Q4 2017,,,,,,108.36,8.43
Portugal,Q1 2018,,,,,,109.15,8.07
Portugal,Q2 2018,,,,,,109.45,6.97
Portugal,Q3 2018,,,,,,110.06,6.73
Portugal,Q4 2018,,,,,,110.19,6.9
Portugal,Q1 2019,,,,,,111.34,6.93
Portugal,Q2 2019,,,,,,111.13,6.5
Portugal,Q3 2019,,,,,,112.01,6.37
Portugal,Q4 2019,,,,,,112.05,6.9
Portugal,Q1 2020,,,,,,113.03,6.87
Portugal,Q2 2020,,,,,,115.15,6.37
Portugal,Q3 2020,,,,,,113.67,7.87
Portugal,Q4 2020,,,,,,113.81,7.37
Portugal,Q1 2021,,,,,,115.82,7.1
Portugal,Q2 2021,,,,,,115.16,6.7
Portugal,Q3 2021,,,,,,115.77,6.27
Portugal,Q4 2021,,,,,,115.6,6.3
Portugal,Q1 2022,,,,,,117.26,5.97
Portugal,Q2 2022,,,,,,120.13,5.77
Portugal,Q3 2022,,,,,,121.35,5.87
Portugal,Q4 2022,,,,,,124.04,6.57
Qatar,Q1 2000,3.64,,,,,,
Qatar,Q2 2000,3.64,,,,,,
Qatar,Q3 2000,3.64,,,,,,
Qatar,Q4 2000,3.64,,,,,,
Qatar,Q1 2001,3.64,,,,,,
Qatar,Q2 2001,3.64,,,,,,
Qatar,Q3 2001,3.64,,,,,,
Qatar,Q4 2001,3.64,,,,,,
Qatar,Q1 2002,3.64,,,,,,
Qatar,Q2 2002,3.64,,,,,,
Qatar,Q3 2002,3.64,,,,2,,
Qatar,Q4 2002,3.64,,,,1.7,,
Qatar,Q1 2003,3.64,,,,1.53,,
Qatar,Q2 2003,3.64,,,,1.53,,
Qatar,Q3 2003,3.64,,,,1.33,,
Qatar,Q4 2003,3.64,,,,1.33,,
Qatar,Q1 2004,3.64,,,,1.33,,
Qatar,Q2 2004,3.64,,,,1.33,,
Qatar,Q3 2004,3.64,,,,2.1,,
Qatar,Q4 2004,3.64,,,,2.6,,
Qatar,Q1 2005,3.64,,,,3.05,,
Qatar,Q2 2005,3.64,,,,3.3,,
Qatar,Q3 2005,3.64,,,,4.05,,
Qatar,Q4 2005,3.64,,,,4.5,,
Qatar,Q1 2006,3.64,,,,4.75,,
Qatar,Q2 2006,3.64,,,,5.25,,
Qatar,Q3 2006,3.64,,,,5.5,,
Qatar,Q4 2006,3.64,,,,5.5,,
Qatar,Q1 2007,3.64,,,,5.5,,
Qatar,Q2 2007,3.64,,,,5.5,,
Qatar,Q3 2007,3.64,,,,5.5,,
Qatar,Q4 2007,3.64,,,,5.5,,
Qatar,Q1 2008,3.64,,,,5.5,,
Qatar,Q2 2008,3.64,,,,5.5,,
Qatar,Q3 2008,3.64,,,,5.5,,
Qatar,Q4 2008,3.64,,,,5.5,,
Qatar,Q1 2009,3.64,,,,5.5,,
Qatar,Q2 2009,3.64,,,,5.5,,
Qatar,Q3 2009,3.64,,,,5.5,,
Qatar,Q4 2009,3.64,,,,5.5,,
Qatar,Q1 2010,3.64,,,,5.5,,
Qatar,Q2 2010,3.64,,,,5.5,,
Qatar,Q3 2010,3.64,,,,5.5,,
Qatar,Q4 2010,3.64,,,,5.5,,
Qatar,Q1 2011,3.64,,,,5.5,,
Qatar,Q2 2011,3.64,,,,5,,
Qatar,Q3 2011,3.64,,,,4.5,,
Qatar,Q4 2011,3.64,,,,4.5,,
Qatar,Q1 2012,3.64,,,,4.5,,
Qatar,Q2 2012,3.64,,,,4.5,,
Qatar,Q3 2012,3.64,,,,4.5,,
Qatar,Q4 2012,3.64,,,,4.5,,
Qatar,Q1 2013,3.64,,,,4.5,,0.31
Qatar,Q2 2013,3.64,,,,4.5,,0.3
Qatar,Q3 2013,3.64,,,,4.5,,0.26
Qatar,Q4 2013,3.64,,,,4.5,,0.24
Qatar,Q1 2014,3.64,,,,4.5,,0.27
Qatar,Q2 2014,3.64,,,,4.5,,0.24
Qatar,Q3 2014,3.64,,,,4.5,,0.24
Qatar,Q4 2014,3.64,,,,4.5,,0.18
Qatar,Q1 2015,3.64,,,,4.5,,0.17
Qatar,Q2 2015,3.64,,,,4.5,,0.17
Qatar,Q3 2015,3.64,,,,4.5,,0.17
Qatar,Q4 2015,3.64,,,,4.5,,0.17
Qatar,Q1 2016,3.64,,,,4.5,,0.17
Qatar,Q2 2016,3.64,,,,4.5,,0.17
Qatar,Q3 2016,3.64,,,,4.5,,0.16
Qatar,Q4 2016,3.64,,,,4.75,,0.15
Qatar,Q1 2017,3.64,,,,5,,0.14
Qatar,Q2 2017,3.64,,,,5,,0.14
Qatar,Q3 2017,3.64,,,,5,,0.14
Qatar,Q4 2017,3.64,,,,5,,0.12
Qatar,Q1 2018,3.64,,,,5,,0.12
Qatar,Q2 2018,3.64,,,,5,,0.11
Qatar,Q3 2018,3.64,,,,5,,0.1
Qatar,Q4 2018,3.64,,,,5,,0.1
Qatar,Q1 2019,3.64,,,,5,,0.1
Qatar,Q2 2019,3.64,,,,5,,0.11
Qatar,Q3 2019,3.64,,,,4.5,,
Qatar,Q4 2019,3.64,,,,4.25,,
Qatar,Q1 2020,3.64,,,,2.5,,
Qatar,Q2 2020,3.64,,,,2.5,,
Qatar,Q3 2020,3.64,,,,2.5,,
Qatar,Q4 2020,3.64,,,,2.5,,
Qatar,Q1 2021,3.64,,,,2.5,,
Qatar,Q2 2021,3.64,,,,2.5,,
Qatar,Q3 2021,3.64,,,,2.5,,
Qatar,Q4 2021,3.64,,,,2.5,,
Qatar,Q1 2022,3.64,,,,2.5,,
Qatar,Q2 2022,3.64,,,,3.25,,
Qatar,Q3 2022,3.64,,,,4.5,,
Qatar,Q4 2022,3.64,,,,5.5,,
Romania,Q1 2000,1.95,,,,35,19.71,7.83
Romania,Q2 2000,2.14,,,,35,21.04,7.37
Romania,Q3 2000,2.42,,,,35,23.21,7.4
Romania,Q4 2000,2.59,,,,35,25.53,7.77
Romania,Q1 2001,2.76,,,,35,27.85,7.9
Romania,Q2 2001,2.92,,,,35,30.26,6.93
Romania,Q3 2001,3.05,,,,35,31.73,6.9
Romania,Q4 2001,3.16,,,,,33.93,7.83
Romania,Q1 2002,3.29,,,,,34.71,9.2
Romania,Q2 2002,3.35,,,,,37.5,8.43
Romania,Q3 2002,3.31,,,,,38.86,8
Romania,Q4 2002,3.35,,,,,41.06,7.63
Romania,Q1 2003,3.32,,,,18.5,43.24,8.2
Romania,Q2 2003,3.3,,,,18.25,45.75,7.5
Romania,Q3 2003,3.3,,,,19.25,47.96,7.3
Romania,Q4 2003,3.26,,,,21.25,50.38,8
Romania,Q1 2004,3.34,,,,21.25,50.87,8.67
Romania,Q2 2004,3.35,,,,20.75,53.61,7.63
Romania,Q3 2004,3.33,,,,18.75,55.13,7.6
Romania,Q4 2004,2.91,,,,17,57.46,8.03
Romania,Q1 2005,2.84,,,,14.5,58.93,8.6
Romania,Q2 2005,2.99,,,,12.5,59.19,7.03
Romania,Q3 2005,2.96,,,,7.5,62.09,6.1
Romania,Q4 2005,3.11,,,,7.5,63.48,6.77
Romania,Q1 2006,2.91,,,,8.5,65.45,7.77
Romania,Q2 2006,2.81,,,,8.75,66.25,6.77
Romania,Q3 2006,2.79,,,,8.75,68.09,7.03
Romania,Q4 2006,2.57,,,,8.75,70.12,7.13
Romania,Q1 2007,2.52,,,,7.5,74.48,7.13
Romania,Q2 2007,2.32,,,,7,76.74,6.43
Romania,Q3 2007,2.37,,,,7,78.69,5.83
Romania,Q4 2007,2.46,,,,7.5,81.86,5.97
Romania,Q1 2008,2.36,,,,9.5,86.62,6.17
Romania,Q2 2008,2.31,,,,10,88.8,5.47
Romania,Q3 2008,2.6,,,,10.25,92.13,5.13
Romania,Q4 2008,2.83,,,,10.25,94.35,5.63
Romania,Q1 2009,3.19,,,,10,91.97,8.3
Romania,Q2 2009,2.98,,,,9.5,94.64,7.83
Romania,Q3 2009,2.86,,,,8,93.71,8.4
Romania,Q4 2009,2.94,,,,8,97.29,9.17
Romania,Q1 2010,3.04,,,,6.5,97.64,9.8
Romania,Q2 2010,3.56,,,,6.25,100.64,8.63
Romania,Q3 2010,3.13,,,,6.25,100.82,8.7
Romania,Q4 2010,3.2,,,,6.25,100.9,8.97
Romania,Q1 2011,2.89,,,,6.25,105.1,9.23
Romania,Q2 2011,2.93,,,,6.25,104.02,8.77
Romania,Q3 2011,3.22,,,,6.25,103.53,8.93
Romania,Q4 2011,3.34,,,,6,104.54,9.43
Romania,Q1 2012,3.28,,,,5.25,105.49,9.17
Romania,Q2 2012,3.54,,,,5.25,107.54,8.5
Romania,Q3 2012,3.5,,,,5.25,108.98,8.47
Romania,Q4 2012,3.36,,,,5.25,110.19,8.63
Romania,Q1 2013,3.45,,,,5.25,107.76,9.17
Romania,Q2 2013,3.42,,,,5.25,109.11,9.2
Romania,Q3 2013,3.31,,,,4.5,110.4,8.6
Romania,Q4 2013,3.26,,,,4,111.14,9
Romania,Q1 2014,3.23,,,,3.5,110.17,9
Romania,Q2 2014,3.21,,,,3.5,112.33,8.53
Romania,Q3 2014,3.5,,,,3.25,111.94,8.3
Romania,Q4 2014,3.69,,,,2.75,111.88,8.53
Romania,Q1 2015,4.11,,,,2.25,114.99,8.9
Romania,Q2 2015,4,,,,1.75,113.37,8.37
Romania,Q3 2015,3.93,,,,1.75,116.29,8.17
Romania,Q4 2015,4.15,,,,1.75,116,8.13
Romania,Q1 2016,3.93,,,,1.75,116.36,7.93
Romania,Q2 2016,4.06,,,,1.75,118.29,7.23
Romania,Q3 2016,3.98,,,,1.75,118.46,7
Romania,Q4 2016,4.3,,,,1.75,119.21,6.63
Romania,Q1 2017,4.26,,,,1.75,120.27,6.53
Romania,Q2 2017,3.99,,,,1.75,121.57,6.1
Romania,Q3 2017,3.9,,,,1.75,125.21,5.93
Romania,Q4 2017,3.89,,,,1.75,125.5,5.8
Romania,Q1 2018,3.78,,,,2.25,127.03,5.73
Romania,Q2 2018,4,,,,2.5,130.27,5.23
Romania,Q3 2018,4.02,,,,2.5,132.87,4.9
Romania,Q4 2018,4.07,,,,2.5,134.12,5.13
Romania,Q1 2019,4.24,,,,2.5,135.23,5.07
Romania,Q2 2019,4.16,,,,2.5,139.64,4.77
Romania,Q3 2019,4.35,,,,2.5,140.84,4.83
Romania,Q4 2019,4.26,,,,2.5,144.88,4.9
Romania,Q1 2020,4.4,,,,2,142.47,5.23
Romania,Q2 2020,4.32,,,,1.75,139.27,6.47
Romania,Q3 2020,4.16,,,,1.5,146.91,6.3
Romania,Q4 2020,3.97,,,,1.5,152.93,6.3
Romania,Q1 2021,4.2,,,,1.25,148.9,6.1
Romania,Q2 2021,4.14,,,,1.25,150.98,5.1
Romania,Q3 2021,4.27,,,,1.25,152.58,5.33
Romania,Q4 2021,4.37,,,,1.75,158.29,5.9
Romania,Q1 2022,4.45,,,,2.5,168.06,6.03
Romania,Q2 2022,4.74,,,,3.75,175.29,5.3
Romania,Q3 2022,5.05,,,,,176.09,5.37
Romania,Q4 2022,4.63,,,,,177.33,5.8
Russian Federation,Q1 2000,28.46,,,,,,12.4
Russian Federation,Q2 2000,28.07,,,,,,10.6
Russian Federation,Q3 2000,27.75,,,,,,10.1
Russian Federation,Q4 2000,28.16,,,,,,9.8
Russian Federation,Q1 2001,28.74,,,,,,10.2
Russian Federation,Q2 2001,29.11,,,,,,8.6
Russian Federation,Q3 2001,29.39,,,,,,8.6
Russian Federation,Q4 2001,30.14,,,,,,8.9
Russian Federation,Q1 2002,31.12,,,,25,,8.4
Russian Federation,Q2 2002,31.45,,,,23,,7.7
Russian Federation,Q3 2002,31.64,,,,21,,7.2
Russian Federation,Q4 2002,31.78,,,,21,,8.6
Russian Federation,Q1 2003,31.38,,,,18,37.44,9.3
Russian Federation,Q2 2003,30.35,,,,16,38.4,8.2
Russian Federation,Q3 2003,30.61,,,,16,40.16,7.9
Russian Federation,Q4 2003,29.45,,,,16,40.65,7.9
Russian Federation,Q1 2004,28.49,,,,14,43.54,9.2
Russian Federation,Q2 2004,29.03,,,,13,45.76,7.6
Russian Federation,Q3 2004,29.22,,,,13,47.9,7.3
Russian Federation,Q4 2004,27.75,,,,13,51.38,8.4
Russian Federation,Q1 2005,27.83,,,,13,52.09,7.9
Russian Federation,Q2 2005,28.67,,,,13,55.15,6.9
Russian Federation,Q3 2005,28.5,,,,13,57.44,6.8
Russian Federation,Q4 2005,28.78,,,,12,60.01,7.1
Russian Federation,Q1 2006,27.76,,,,12,62.94,8
Russian Federation,Q2 2006,27.08,,,,11.5,63.85,7.5
Russian Federation,Q3 2006,26.78,,,,11.5,65.95,6.5
Russian Federation,Q4 2006,26.33,,,,11,66.44,6.7
Russian Federation,Q1 2007,26.01,,,,10.5,68.42,7.22
Russian Federation,Q2 2007,25.82,,,,10,71.66,5.93
Russian Federation,Q3 2007,24.95,,,,10,74.62,5.62
Russian Federation,Q4 2007,24.55,,,,10,78.82,5.64
Russian Federation,Q1 2008,23.52,,,,10.25,80.42,7.1
Russian Federation,Q2 2008,23.46,,,,10.75,86.24,5.41
Russian Federation,Q3 2008,25.25,,,,11,92.12,5.84
Russian Federation,Q4 2008,29.38,,,,13,86.51,6.97
Russian Federation,Q1 2009,34.01,,,,13,81.24,9.43
Russian Federation,Q2 2009,31.29,,,,11.5,86.01,8.54
Russian Federation,Q3 2009,30.09,,,,10,90.53,7.85
Russian Federation,Q4 2009,30.24,,,,8.75,91.42,8.03
Russian Federation,Q1 2010,29.36,,,,8.25,95.06,8.67
Russian Federation,Q2 2010,31.2,,,,7.75,97.65,7.33
Russian Federation,Q3 2010,30.4,,,,7.75,100.91,6.67
Russian Federation,Q4 2010,30.48,,,,7.75,106.38,6.77
Russian Federation,Q1 2011,28.43,,,,8,110.81,7.33
Russian Federation,Q2 2011,28.08,,,,8.25,115.05,6.43
Russian Federation,Q3 2011,31.88,,,,8.25,117.42,6.13
Russian Federation,Q4 2011,32.2,,,,8,120.44,6.13
Russian Federation,Q1 2012,29.33,,,,8,123.33,6.27
Russian Federation,Q2 2012,32.82,,,,8.25,125.65,5.33
Russian Federation,Q3 2012,30.92,,,,8.25,127.23,5.07
Russian Federation,Q4 2012,30.37,,,,8.25,129.59,5.13
Russian Federation,Q1 2013,31.08,,,,8.25,131.29,5.83
Russian Federation,Q2 2013,32.71,,,,8.25,131.96,5.4
Russian Federation,Q3 2013,32.35,,,,5.5,134.71,5.27
Russian Federation,Q4 2013,32.73,,,,5.5,135.72,5.5
Russian Federation,Q1 2014,35.69,,,,7,138.51,5.53
Russian Federation,Q2 2014,33.63,,,,7.5,142.57,5.03
Russian Federation,Q3 2014,39.39,,,,8,144.43,4.87
Russian Federation,Q4 2014,56.26,,,,17,148.53,5.2
Russian Federation,Q1 2015,58.46,,,,14,149.98,5.73
Russian Federation,Q2 2015,55.52,,,,11.5,151.58,5.6
Russian Federation,Q3 2015,66.24,,,,11,155.58,5.27
Russian Federation,Q4 2015,72.88,,,,11,156.79,5.7
Russian Federation,Q1 2016,67.61,,,,11,154.1,5.87
Russian Federation,Q2 2016,64.26,,,,10.5,156.69,5.63
Russian Federation,Q3 2016,63.16,,,,10,158.92,5.23
Russian Federation,Q4 2016,60.66,,,,10,161.45,5.37
Russian Federation,Q1 2017,56.38,,,,9.75,165.39,5.53
Russian Federation,Q2 2017,59.09,,,,9,164.16,5.2
Russian Federation,Q3 2017,58.02,,,,8.5,165.79,5
Russian Federation,Q4 2017,57.6,,,,7.75,170.03,5.07
Russian Federation,Q1 2018,57.26,,,,7.25,176.47,5.07
Russian Federation,Q2 2018,62.76,,,,7.25,182.02,4.77
Russian Federation,Q3 2018,65.59,,,,7.5,186.07,4.6
Russian Federation,Q4 2018,69.47,,,,7.75,188.7,4.77
Russian Federation,Q1 2019,64.73,,,,7.75,190.95,4.83
Russian Federation,Q2 2019,63.08,,,,7.5,187.05,4.53
Russian Federation,Q3 2019,64.42,,,,7,188.76,4.43
Russian Federation,Q4 2019,61.91,,,,6.25,190.92,4.6
Russian Federation,Q1 2020,77.73,,,,6,192.49,4.67
Russian Federation,Q2 2020,69.95,,,,4.5,177.23,6.03
Russian Federation,Q3 2020,79.68,,,,4.25,188.81,6.33
Russian Federation,Q4 2020,73.88,,,,4.25,200.46,6.1
Russian Federation,Q1 2021,75.7,,,,4.5,209.68,5.63
Russian Federation,Q2 2021,72.37,,,,5.5,214.58,4.97
Russian Federation,Q3 2021,72.76,,,,6.75,223.59,4.4
Russian Federation,Q4 2021,74.29,,,,8.5,,4.3
Russian Federation,Q1 2022,84.09,,,,20,,4.2
Russian Federation,Q2 2022,51.16,,,,9.5,,3.93
Russian Federation,Q3 2022,57.41,,,,,,3.87
Russian Federation,Q4 2022,70.34,,,,,,3.77
Saudi Arabia,Q1 2000,3.75,,,,6,,
Saudi Arabia,Q2 2000,3.75,,,,6.75,,
Saudi Arabia,Q3 2000,3.75,,,,6.75,,
Saudi Arabia,Q4 2000,3.75,,,,6.75,,
Saudi Arabia,Q1 2001,3.75,,,,5,,
Saudi Arabia,Q2 2001,3.75,,,,4,,
Saudi Arabia,Q3 2001,3.75,,,,3,,
Saudi Arabia,Q4 2001,3.75,,,,2.25,,
Saudi Arabia,Q1 2002,3.75,,,,2,,
Saudi Arabia,Q2 2002,3.75,,,,2,,
Saudi Arabia,Q3 2002,3.75,,,,2,,
Saudi Arabia,Q4 2002,3.75,,,,1.5,,
Saudi Arabia,Q1 2003,3.75,,,,1.5,,
Saudi Arabia,Q2 2003,3.75,,,,1.25,,
Saudi Arabia,Q3 2003,3.75,,,,1.25,,
Saudi Arabia,Q4 2003,3.75,,,,1.25,,
Saudi Arabia,Q1 2004,3.75,,,,1,,
Saudi Arabia,Q2 2004,3.75,,,,1,,
Saudi Arabia,Q3 2004,3.75,,,,1.75,,
Saudi Arabia,Q4 2004,3.75,,,,2.25,,
Saudi Arabia,Q1 2005,3.75,,,,3,,
Saudi Arabia,Q2 2005,3.75,,,,3,,
Saudi Arabia,Q3 2005,3.75,,,,3.75,,
Saudi Arabia,Q4 2005,3.75,,,,4.25,,
Saudi Arabia,Q1 2006,3.75,,,,4.5,,
Saudi Arabia,Q2 2006,3.75,,,,4.7,,
Saudi Arabia,Q3 2006,3.75,,,,4.7,,
Saudi Arabia,Q4 2006,3.75,,,,4.7,,
Saudi Arabia,Q1 2007,3.75,,,,5,,5.63
Saudi Arabia,Q2 2007,3.75,,,,5,,
Saudi Arabia,Q3 2007,3.75,,,,5,,5.84
Saudi Arabia,Q4 2007,3.75,,,,4,,
Saudi Arabia,Q1 2008,3.75,,,,2.25,,4.99
Saudi Arabia,Q2 2008,3.75,,,,2,,
Saudi Arabia,Q3 2008,3.75,,,,2,,5.18
Saudi Arabia,Q4 2008,3.75,,,,1.5,,
Saudi Arabia,Q1 2009,3.75,,,,0.75,,
Saudi Arabia,Q2 2009,3.75,,,,0.25,,
Saudi Arabia,Q3 2009,3.75,,,,0.25,,
Saudi Arabia,Q4 2009,3.75,,,,0.25,,
Saudi Arabia,Q1 2010,3.75,,,,0.25,,
Saudi Arabia,Q2 2010,3.75,,,,0.25,,
Saudi Arabia,Q3 2010,3.75,,,,0.25,,
Saudi Arabia,Q4 2010,3.75,,,,0.25,,
Saudi Arabia,Q1 2011,3.75,,,,0.25,,
Saudi Arabia,Q2 2011,3.75,,,,0.25,,
Saudi Arabia,Q3 2011,3.75,,,,0.25,,
Saudi Arabia,Q4 2011,3.75,,,,0.25,,
Saudi Arabia,Q1 2012,3.75,,,,0.25,,5.72
Saudi Arabia,Q2 2012,3.75,,,,0.25,,
Saudi Arabia,Q3 2012,3.75,,,,0.25,,5.52
Saudi Arabia,Q4 2012,3.75,,,,0.25,,
Saudi Arabia,Q1 2013,3.75,,,,0.25,,5.78
Saudi Arabia,Q2 2013,3.75,,,,0.25,,
Saudi Arabia,Q3 2013,3.75,,,,0.25,,5.57
Saudi Arabia,Q4 2013,3.75,,,,0.25,,
Saudi Arabia,Q1 2014,3.75,,,,0.25,,6.03
Saudi Arabia,Q2 2014,3.75,,,,0.25,,
Saudi Arabia,Q3 2014,3.75,,,,0.25,,5.72
Saudi Arabia,Q4 2014,3.75,,,,0.25,,
Saudi Arabia,Q1 2015,3.75,,,,0.25,,5.73
Saudi Arabia,Q2 2015,3.75,,,,0.25,,5.59
Saudi Arabia,Q3 2015,3.75,,,,0.25,,5.59
Saudi Arabia,Q4 2015,3.75,,,,0.5,,
Saudi Arabia,Q1 2016,3.75,,,,0.5,,5.59
Saudi Arabia,Q2 2016,3.75,,,,0.5,,5.65
Saudi Arabia,Q3 2016,3.75,,,,0.5,,5.73
Saudi Arabia,Q4 2016,3.75,,,,0.75,,5.64
Saudi Arabia,Q1 2017,3.75,,,,1,,5.77
Saudi Arabia,Q2 2017,3.75,,,,1.25,,6.03
Saudi Arabia,Q3 2017,3.75,,,,1.25,,5.81
Saudi Arabia,Q4 2017,3.75,,,,1.5,,5.95
Saudi Arabia,Q1 2018,3.75,,,,,,6.1
Saudi Arabia,Q2 2018,3.75,,,,,,5.99
Saudi Arabia,Q3 2018,3.75,,,,,,5.99
Saudi Arabia,Q4 2018,3.75,,,,,,6.04
Saudi Arabia,Q1 2019,3.75,,,,,,5.72
Saudi Arabia,Q2 2019,3.75,,,,,,5.62
Saudi Arabia,Q3 2019,3.75,,,,,,5.53
Saudi Arabia,Q4 2019,3.75,,,,,,5.67
Saudi Arabia,Q1 2020,3.75,,,,,,5.67
Saudi Arabia,Q2 2020,3.75,,,,,,8.98
Saudi Arabia,Q3 2020,3.75,,,,,,8.5
Saudi Arabia,Q4 2020,3.75,,,,,,7.45
Saudi Arabia,Q1 2021,3.75,,,,,,6.46
Saudi Arabia,Q2 2021,3.75,,,,,,6.57
Saudi Arabia,Q3 2021,3.75,,,,,,6.59
Saudi Arabia,Q4 2021,3.75,,,,,,6.86
Saudi Arabia,Q1 2022,3.75,,,,,,6.01
Saudi Arabia,Q2 2022,3.75,,,,,,5.81
Saudi Arabia,Q3 2022,3.75,,,,,,5.77
Saudi Arabia,Q4 2022,3.75,,,,,,4.77
"Serbia, Rep. of",Q1 2000,,,,,,15.73,
"Serbia, Rep. of",Q2 2000,,,,,,18.42,
"Serbia, Rep. of",Q3 2000,,,,,,21.84,
"Serbia, Rep. of",Q4 2000,63.17,,,,,28.42,
"Serbia, Rep. of",Q1 2001,67.23,,,,,34.08,
"Serbia, Rep. of",Q2 2001,70.17,,,,,38.53,
"Serbia, Rep. of",Q3 2001,65.43,,,,,41.38,
"Serbia, Rep. of",Q4 2001,67.67,,,,,43.03,
"Serbia, Rep. of",Q1 2002,69.07,,,,12.43,43.96,
"Serbia, Rep. of",Q2 2002,61.35,,,,9.5,45.99,
"Serbia, Rep. of",Q3 2002,62.33,,,,9.5,48.11,
"Serbia, Rep. of",Q4 2002,58.98,,,,9.5,50.05,
"Serbia, Rep. of",Q1 2003,60.18,,,,9,50.88,
"Serbia, Rep. of",Q2 2003,56.16,,,,9,52.92,
"Serbia, Rep. of",Q3 2003,57.56,,,,9,53.78,
"Serbia, Rep. of",Q4 2003,54.64,,,,9,54.73,
"Serbia, Rep. of",Q1 2004,57.22,,,,8.5,54.56,
"Serbia, Rep. of",Q2 2004,59.33,,,,8.5,56.32,
"Serbia, Rep. of",Q3 2004,60.83,,,,8.5,58.37,
"Serbia, Rep. of",Q4 2004,57.94,,,,8.5,59.34,
"Serbia, Rep. of",Q1 2005,62.49,,,,8.5,62.89,
"Serbia, Rep. of",Q2 2005,68.65,,,,8.5,64.31,
"Serbia, Rep. of",Q3 2005,70.21,,,,8.5,66.62,
"Serbia, Rep. of",Q4 2005,72.22,,,,8.5,68.22,
"Serbia, Rep. of",Q1 2006,71.96,,,,8.5,70.88,
"Serbia, Rep. of",Q2 2006,68.59,,,,8.5,73.17,
"Serbia, Rep. of",Q3 2006,64.53,,,,18,74.82,
"Serbia, Rep. of",Q4 2006,59.98,,,,14,75.91,
"Serbia, Rep. of",Q1 2007,61.11,,,,10.5,78,
"Serbia, Rep. of",Q2 2007,58.78,,,,9.5,79.05,
"Serbia, Rep. of",Q3 2007,55.68,,,,9.75,81.04,
"Serbia, Rep. of",Q4 2007,53.73,,,,10,82.88,
"Serbia, Rep. of",Q1 2008,52.13,,,,14.5,85.66,
"Serbia, Rep. of",Q2 2008,50.01,,,,15.75,87.23,13.39
"Serbia, Rep. of",Q3 2008,53.28,,,,15.75,87.99,
"Serbia, Rep. of",Q4 2008,62.9,,,,17.75,89.94,14.02
"Serbia, Rep. of",Q1 2009,71.59,,,,16.5,93.2,
"Serbia, Rep. of",Q2 2009,66.25,,,,13,94.78,15.63
"Serbia, Rep. of",Q3 2009,63.6,,,,12,95.14,
"Serbia, Rep. of",Q4 2009,66.73,,,,9.5,96.03,16.66
"Serbia, Rep. of",Q1 2010,74.38,,,,9,96.02,
"Serbia, Rep. of",Q2 2010,85.48,,,,8,98.4,19.21
"Serbia, Rep. of",Q3 2010,78.11,,,,9,101.45,
"Serbia, Rep. of",Q4 2010,79.28,,,,11.5,104.13,19.22
"Serbia, Rep. of",Q1 2011,73.22,,,,12.25,107.18,
"Serbia, Rep. of",Q2 2011,70.64,,,,12,109.06,22.2
"Serbia, Rep. of",Q3 2011,74.68,,,,11.25,109.22,
"Serbia, Rep. of",Q4 2011,80.87,,,,9.75,110.05,23.74
"Serbia, Rep. of",Q1 2012,83.31,,,,9.5,111.21,
"Serbia, Rep. of",Q2 2012,92.15,,,,10,113.58,25.49
"Serbia, Rep. of",Q3 2012,88.94,,,,10.5,117.16,
"Serbia, Rep. of",Q4 2012,86.18,,,,11.25,120.35,22.54
"Serbia, Rep. of",Q1 2013,87.43,,,,11.75,121.3,
"Serbia, Rep. of",Q2 2013,87.41,,,,11,121.38,24.2
"Serbia, Rep. of",Q3 2013,84.89,,,,11,121.65,
"Serbia, Rep. of",Q4 2013,83.13,,,,9.5,122.8,20.15
"Serbia, Rep. of",Q1 2014,83.89,,,,9.5,123.81,21.3
"Serbia, Rep. of",Q2 2014,84.85,,,,8.5,124.03,20.68
"Serbia, Rep. of",Q3 2014,93.62,,,,8.5,125.5,17.95
"Serbia, Rep. of",Q4 2014,99.46,,,,8,125.99,16.97
"Serbia, Rep. of",Q1 2015,111.42,,,,7.5,125.6,19
"Serbia, Rep. of",Q2 2015,107.73,,,,6,127.19,17.33
"Serbia, Rep. of",Q3 2015,106.49,,,,5,127.6,16.64
"Serbia, Rep. of",Q4 2015,111.25,,,,4.5,128.37,17.69
"Serbia, Rep. of",Q1 2016,108.6,,,,4.25,127.96,18.98
"Serbia, Rep. of",Q2 2016,111.07,,,,4.25,128.56,15.21
"Serbia, Rep. of",Q3 2016,109.9,,,,4,129.07,13.8
"Serbia, Rep. of",Q4 2016,117.14,,,,4,130.98,13.06
"Serbia, Rep. of",Q1 2017,116.13,,,,4,132.08,14.59
"Serbia, Rep. of",Q2 2017,105.65,,,,4,132.28,11.77
"Serbia, Rep. of",Q3 2017,101.33,,,,3.75,132.82,12.94
"Serbia, Rep. of",Q4 2017,99.12,,,,3.5,134.47,14.69
"Serbia, Rep. of",Q1 2018,96.08,,,,3.25,134.72,14.85
"Serbia, Rep. of",Q2 2018,101.34,,,,3,134.55,11.98
"Serbia, Rep. of",Q3 2018,101.69,,,,3,136.18,11.27
"Serbia, Rep. of",Q4 2018,103.39,,,,3,136.86,12.93
"Serbia, Rep. of",Q1 2019,105,,,,3,137.43,12.14
"Serbia, Rep. of",Q2 2019,103.77,,,,3,138.29,10.31
"Serbia, Rep. of",Q3 2019,107.43,,,,2.5,139.27,9.5
"Serbia, Rep. of",Q4 2019,104.92,,,,2.25,140.04,9.66
"Serbia, Rep. of",Q1 2020,106.68,,,,1.75,141.81,9.74
"Serbia, Rep. of",Q2 2020,104.63,,,,1.25,141.66,7.27
"Serbia, Rep. of",Q3 2020,100.17,,,,1.25,143.04,9.05
"Serbia, Rep. of",Q4 2020,95.66,,,,1,143.35,9.91
"Serbia, Rep. of",Q1 2021,100.43,,,,1,145.55,11.86
"Serbia, Rep. of",Q2 2021,98.74,,,,1,148.89,10.02
"Serbia, Rep. of",Q3 2021,101.29,,,,1,152.25,9.45
"Serbia, Rep. of",Q4 2021,103.93,,,,1,155.26,9.02
"Serbia, Rep. of",Q1 2022,105.5,,,,1,157.06,9.88
"Serbia, Rep. of",Q2 2022,112.26,,,,2.5,163.94,8.09
"Serbia, Rep. of",Q3 2022,119.55,,,,,169.86,8.34
"Serbia, Rep. of",Q4 2022,110.15,,,,,174.91,
Singapore,Q1 2000,1.72,,,,3,,3.2
Singapore,Q2 2000,1.73,,,,3,,6
Singapore,Q3 2000,1.74,,,,2.53,,2.3
Singapore,Q4 2000,1.73,,,,2.48,,3.3
Singapore,Q1 2001,1.8,,,,2.39,,2.2
Singapore,Q2 2001,1.82,,,,2.62,,3.8
Singapore,Q3 2001,1.77,,,,1.12,,3.3
Singapore,Q4 2001,1.85,,,,1.23,,5.5
Singapore,Q1 2002,1.84,,,,1.05,,3
Singapore,Q2 2002,1.76,,,,0.9,,5.6
Singapore,Q3 2002,1.78,,,,1.48,,4.2
Singapore,Q4 2002,1.74,,,,0.84,,5.2
Singapore,Q1 2003,1.77,,,,0.72,,4.2
Singapore,Q2 2003,1.76,,,,0.49,,5.9
Singapore,Q3 2003,1.73,,,,0.56,,5.4
Singapore,Q4 2003,1.7,,,,0.57,,5.4
Singapore,Q1 2004,1.68,,,,0.64,,4.3
Singapore,Q2 2004,1.72,,,,0.47,,5.8
Singapore,Q3 2004,1.69,,,,1.02,,3.4
Singapore,Q4 2004,1.63,,,,1.46,,4.2
Singapore,Q1 2005,1.65,,,,1.85,,3.7
Singapore,Q2 2005,1.68,,,,2.01,,5.6
Singapore,Q3 2005,1.69,,,,2.25,,3.8
Singapore,Q4 2005,1.66,,,,3.19,,3.4
Singapore,Q1 2006,1.62,,,,3.13,,2.9
Singapore,Q2 2006,1.59,,,,3.1,,4.5
Singapore,Q3 2006,1.59,,,,3.35,,3.2
Singapore,Q4 2006,1.53,,,,3.32,,3.6
Singapore,Q1 2007,1.52,,,,2.64,,3.4
Singapore,Q2 2007,1.53,,,,2.25,,4
Singapore,Q3 2007,1.49,,,,2.23,,2.1
Singapore,Q4 2007,1.44,,,,0.98,,2.3
Singapore,Q1 2008,1.38,,,,0.83,,2.6
Singapore,Q2 2008,1.36,,,,0.71,,4
Singapore,Q3 2008,1.43,,,,1.28,,2.8
Singapore,Q4 2008,1.44,,,,0.44,,3.5
Singapore,Q1 2009,1.52,,,,0.43,,4.4
Singapore,Q2 2009,1.45,,,,0.21,,5.9
Singapore,Q3 2009,1.41,,,,0.25,,4.1
Singapore,Q4 2009,1.4,,,,0.31,,2.9
Singapore,Q1 2010,1.4,,,,0.24,,3.1
Singapore,Q2 2010,1.4,,,,0.24,,4.1
Singapore,Q3 2010,1.32,,,,0.21,,2.6
Singapore,Q4 2010,1.29,,,,0.2,,2.7
Singapore,Q1 2011,1.26,,,,0.19,,2.6
Singapore,Q2 2011,1.23,,,,0.18,,3.9
Singapore,Q3 2011,1.3,,,,0.18,,2.5
Singapore,Q4 2011,1.3,,,,0.18,,2.5
Singapore,Q1 2012,1.26,,,,0.18,,2.8
Singapore,Q2 2012,1.27,,,,0.17,,3.7
Singapore,Q3 2012,1.23,,,,0.18,,2.4
Singapore,Q4 2012,1.22,,,,0.18,,2.4
Singapore,Q1 2013,1.24,,,,0.61,,2.7
Singapore,Q2 2013,1.27,,,,0.64,,3.9
Singapore,Q3 2013,1.26,,,,0.67,,2.2
Singapore,Q4 2013,1.27,,,,0.63,,2.3
Singapore,Q1 2014,1.26,,,,0.68,,2.7
Singapore,Q2 2014,1.25,,,,0.66,,3.7
Singapore,Q3 2014,1.27,,,,0.68,,2.3
Singapore,Q4 2014,1.32,,,,0.71,,2.2
Singapore,Q1 2015,1.38,,,,1.11,,2.4
Singapore,Q2 2015,1.35,,,,1.43,,3.8
Singapore,Q3 2015,1.43,,,,0.97,,2.5
Singapore,Q4 2015,1.41,,,,1.42,,2.4
Singapore,Q1 2016,1.35,,,,0.86,,2.5
Singapore,Q2 2016,1.35,,,,1.12,,4.1
Singapore,Q3 2016,1.37,,,,0.96,,2.5
Singapore,Q4 2016,1.45,,,,0.89,,2.7
Singapore,Q1 2017,1.4,,,,1.11,,
Singapore,Q2 2017,1.38,,,,1.49,,
Singapore,Q3 2017,1.36,,,,1.44,,
Singapore,Q4 2017,1.34,,,,2.02,,
Singapore,Q1 2018,1.31,,,,1.44,,
Singapore,Q2 2018,1.37,,,,1.81,,
Singapore,Q3 2018,1.37,,,,1.98,,
Singapore,Q4 2018,1.36,,,,2.22,,
Singapore,Q1 2019,1.36,,,,2.63,,
Singapore,Q2 2019,1.35,,,,2.74,,
Singapore,Q3 2019,1.38,,,,2.56,,
Singapore,Q4 2019,1.35,,,,2.13,,
Singapore,Q1 2020,1.42,,,,1.68,,
Singapore,Q2 2020,1.39,,,,0.78,,
Singapore,Q3 2020,1.37,,,,0.7,,
Singapore,Q4 2020,1.32,,,,1.08,,
Singapore,Q1 2021,1.35,,,,0.82,,
Singapore,Q2 2021,1.34,,,,0.72,,
Singapore,Q3 2021,1.36,,,,0.67,,
Singapore,Q4 2021,1.35,,,,,,
Singapore,Q1 2022,1.35,,,,,,
Singapore,Q2 2022,1.39,,,,,,
Singapore,Q3 2022,1.43,,,,,,
Singapore,Q4 2022,1.34,,,,,,
Slovak Rep.,Q1 2000,43.46,8.8,,,,72.89,19.23
Slovak Rep.,Q2 2000,45.42,8.8,,,,74.34,19.2
Slovak Rep.,Q3 2000,49.37,8.8,,,,76.21,18.83
Slovak Rep.,Q4 2000,47.39,8.8,,,,77.96,18.37
Slovak Rep.,Q1 2001,49.15,8.8,,,,78.13,20.07
Slovak Rep.,Q2 2001,49.27,8.8,,,7.75,79.22,19.53
Slovak Rep.,Q3 2001,47.31,,,,7.75,79.69,19.27
Slovak Rep.,Q4 2001,48.47,,,,7.75,79.83,18.97
Slovak Rep.,Q1 2002,47.68,,,,7.75,81.14,19.67
Slovak Rep.,Q2 2002,44.96,,,,8.25,81.77,18.87
Slovak Rep.,Q3 2002,42.96,,,,8.25,82.65,18.5
Slovak Rep.,Q4 2002,40.04,,,,6.5,83.76,18.2
Slovak Rep.,Q1 2003,38.63,,,,6.5,84.4,18.67
Slovak Rep.,Q2 2003,36.51,,,,6.5,86.09,17.27
Slovak Rep.,Q3 2003,36.06,,,,6.25,87.52,17.2
Slovak Rep.,Q4 2003,32.92,,,,6,88.84,17.63
Slovak Rep.,Q1 2004,32.98,,,,5.5,90.71,19.6
Slovak Rep.,Q2 2004,32.84,,,,4.5,91.18,18.73
Slovak Rep.,Q3 2004,32.49,,,,4.5,92.06,17.7
Slovak Rep.,Q4 2004,28.5,,,,4,92.83,17.4
Slovak Rep.,Q1 2005,29.94,,,,3,93.33,17.73
Slovak Rep.,Q2 2005,31.83,,,,3,93.66,16.47
Slovak Rep.,Q3 2005,32.22,,,,3,94.18,15.83
Slovak Rep.,Q4 2005,31.95,,,,3,94.94,15.47
Slovak Rep.,Q1 2006,31.13,,,,3.5,95.12,15.07
Slovak Rep.,Q2 2006,30.04,,,,4,96.62,13.6
Slovak Rep.,Q3 2006,29.41,,,,4.75,97.28,13
Slovak Rep.,Q4 2006,26.25,,,,4.75,97.94,12.2
Slovak Rep.,Q1 2007,25,,,,4.5,98.19,11.73
Slovak Rep.,Q2 2007,25.12,,,,4.25,98.24,11.3
Slovak Rep.,Q3 2007,23.88,,,,4.25,99.12,11.4
Slovak Rep.,Q4 2007,22.87,,,,4.25,95.98,10.5
Slovak Rep.,Q1 2008,20.65,,,,4.25,101.22,10.53
Slovak Rep.,Q2 2008,19.25,,,,4.25,101.37,10.1
Slovak Rep.,Q3 2008,21.11,,,,4.25,100.67,8.97
Slovak Rep.,Q4 2008,21.39,,,,3.25,99.36,8.7
Slovak Rep.,Q1 2009,,,,,,100.02,10.47
Slovak Rep.,Q2 2009,,,,,,99.37,11.37
Slovak Rep.,Q3 2009,,,,,,99.16,12.6
Slovak Rep.,Q4 2009,,,,,,99.37,13.9
Slovak Rep.,Q1 2010,,,,,,99.37,15.2
Slovak Rep.,Q2 2010,,,,,,99.69,14.4
Slovak Rep.,Q3 2010,,,,,,100.42,14.17
Slovak Rep.,Q4 2010,,,,,,100.52,13.93
Slovak Rep.,Q1 2011,,,,,,100.95,14
Slovak Rep.,Q2 2011,,,,,,101.67,13.2
Slovak Rep.,Q3 2011,,,,,,101.79,13.27
Slovak Rep.,Q4 2011,,,,,,102.31,13.97
Slovak Rep.,Q1 2012,,,,,,102.51,14
Slovak Rep.,Q2 2012,,,,,,102.74,13.6
Slovak Rep.,Q3 2012,,,,,,103.21,13.67
Slovak Rep.,Q4 2012,,,,,,103.39,14.37
Slovak Rep.,Q1 2013,,,,,,103.55,14.47
Slovak Rep.,Q2 2013,,,,,,103.59,13.93
Slovak Rep.,Q3 2013,,,,,,103.44,14
Slovak Rep.,Q4 2013,,,,,,103.37,14.13
Slovak Rep.,Q1 2014,,,,,,103.35,14
Slovak Rep.,Q2 2014,,,,,,103.3,13.07
Slovak Rep.,Q3 2014,,,,,,103.36,12.8
Slovak Rep.,Q4 2014,,,,,,103.15,12.53
Slovak Rep.,Q1 2015,,,,,,103.22,12.37
Slovak Rep.,Q2 2015,,,,,,103.06,11.2
Slovak Rep.,Q3 2015,,,,,,103.01,11.3
Slovak Rep.,Q4 2015,,,,,,102.97,11
Slovak Rep.,Q1 2016,,,,,,102.45,10.37
Slovak Rep.,Q2 2016,,,,,,102.53,9.63
Slovak Rep.,Q3 2016,,,,,,102.4,9.5
Slovak Rep.,Q4 2016,,,,,,102.77,9.13
Slovak Rep.,Q1 2017,,,,,,103.14,8.63
Slovak Rep.,Q2 2017,,,,,,103.46,8.07
Slovak Rep.,Q3 2017,,,,,,104,7.93
Slovak Rep.,Q4 2017,,,,,,104.51,7.7
Slovak Rep.,Q1 2018,,,,,,104.93,7.03
Slovak Rep.,Q2 2018,,,,,,105.62,6.6
Slovak Rep.,Q3 2018,,,,,,106.37,6.33
Slovak Rep.,Q4 2018,,,,,,106.63,6.07
Slovak Rep.,Q1 2019,,,,,,107.58,5.77
Slovak Rep.,Q2 2019,,,,,,108.3,5.63
Slovak Rep.,Q3 2019,,,,,,108.75,5.83
Slovak Rep.,Q4 2019,,,,,,109.5,5.63
Slovak Rep.,Q1 2020,,,,,,110.61,5.93
Slovak Rep.,Q2 2020,,,,,,110.79,6.57
Slovak Rep.,Q3 2020,,,,,,111.23,7.17
Slovak Rep.,Q4 2020,,,,,,111.77,6.97
Slovak Rep.,Q1 2021,,,,,,111.39,7.1
Slovak Rep.,Q2 2021,,,,,,112.83,6.93
Slovak Rep.,Q3 2021,,,,,,114.4,6.73
Slovak Rep.,Q4 2021,,,,,,116.35,6.53
Slovak Rep.,Q1 2022,,,,,,117.81,6.37
Slovak Rep.,Q2 2022,,,,,,121.14,6.13
Slovak Rep.,Q3 2022,,,,,,123.65,6.07
Slovak Rep.,Q4 2022,,,,,,126.55,6.03
"Slovenia, Rep. of",Q1 2000,211.07,9,,,,65.9,7.1
"Slovenia, Rep. of",Q2 2000,216,10,,,,67.16,6.93
"Slovenia, Rep. of",Q3 2000,238.24,10,,,,68.58,6.53
"Slovenia, Rep. of",Q4 2000,227.38,11,,,,69.85,6.4
"Slovenia, Rep. of",Q1 2001,244.13,11,,,,71.47,6.37
"Slovenia, Rep. of",Q2 2001,256.29,12,,,,73.13,5.7
"Slovenia, Rep. of",Q3 2001,239.58,12,,,,74.87,5.8
"Slovenia, Rep. of",Q4 2001,250.95,12,,,,75.95,6.9
"Slovenia, Rep. of",Q1 2002,257.25,11,,,,77.66,6.9
"Slovenia, Rep. of",Q2 2002,226.88,11,,,,79.33,5.97
"Slovenia, Rep. of",Q3 2002,233.47,11,,,,79.99,6
"Slovenia, Rep. of",Q4 2002,221.07,10.5,,,,80.52,6.5
"Slovenia, Rep. of",Q1 2003,216.33,9.75,,,,82.23,7
"Slovenia, Rep. of",Q2 2003,204.71,8.25,,,,83.62,6.5
"Slovenia, Rep. of",Q3 2003,206.14,8.25,,,,84.21,6.57
"Slovenia, Rep. of",Q4 2003,189.37,7.25,,,,84.84,6.73
"Slovenia, Rep. of",Q1 2004,194.81,6.75,,,,85.46,6.87
"Slovenia, Rep. of",Q2 2004,196.76,5,,,,85.55,6.03
"Slovenia, Rep. of",Q3 2004,194.82,5,,,,86.73,5.97
"Slovenia, Rep. of",Q4 2004,176.24,5,,,,87.43,6.5
"Slovenia, Rep. of",Q1 2005,185.2,5,,,,87.35,6.8
"Slovenia, Rep. of",Q2 2005,198.63,5,,,,87.81,5.77
"Slovenia, Rep. of",Q3 2005,198.7,5,,,,87.86,6.37
"Slovenia, Rep. of",Q4 2005,202.43,5,,,,88.42,7.23
"Slovenia, Rep. of",Q1 2006,198.51,4.5,,,,88.92,6.93
"Slovenia, Rep. of",Q2 2006,191.29,4.5,,,,89.49,5.87
"Slovenia, Rep. of",Q3 2006,189.11,4.75,,,,90.28,5.57
"Slovenia, Rep. of",Q4 2006,181.93,4.5,,,,91.23,5.6
"Slovenia, Rep. of",Q1 2007,,,,,,92.27,5.7
"Slovenia, Rep. of",Q2 2007,,,,,,93.22,4.57
"Slovenia, Rep. of",Q3 2007,,,,,,94.3,4.4
"Slovenia, Rep. of",Q4 2007,,,,,,95.31,4.77
"Slovenia, Rep. of",Q1 2008,,,,,,95.83,5.07
"Slovenia, Rep. of",Q2 2008,,,,,,96.57,4.13
"Slovenia, Rep. of",Q3 2008,,,,,,98.35,4.1
"Slovenia, Rep. of",Q4 2008,,,,,,100.55,4.27
"Slovenia, Rep. of",Q1 2009,,,,,,100.92,5.33
"Slovenia, Rep. of",Q2 2009,,,,,,100.98,5.53
"Slovenia, Rep. of",Q3 2009,,,,,,101.11,6.13
"Slovenia, Rep. of",Q4 2009,,,,,,101.28,6.4
"Slovenia, Rep. of",Q1 2010,,,,,,100.01,7.13
"Slovenia, Rep. of",Q2 2010,,,,,,100.06,7.1
"Slovenia, Rep. of",Q3 2010,,,,,,99.93,7.03
"Slovenia, Rep. of",Q4 2010,,,,,,100,7.77
"Slovenia, Rep. of",Q1 2011,,,,,,101.09,8.43
"Slovenia, Rep. of",Q2 2011,,,,,,101.24,7.77
"Slovenia, Rep. of",Q3 2011,,,,,,101.11,7.83
"Slovenia, Rep. of",Q4 2011,,,,,,101.36,8.7
"Slovenia, Rep. of",Q1 2012,,,,,,101.34,8.53
"Slovenia, Rep. of",Q2 2012,,,,,,101.93,8.2
"Slovenia, Rep. of",Q3 2012,,,,,,101.43,9.17
"Slovenia, Rep. of",Q4 2012,,,,,,102.57,9.5
"Slovenia, Rep. of",Q1 2013,,,,,,102.83,11.1
"Slovenia, Rep. of",Q2 2013,,,,,,103.35,10.3
"Slovenia, Rep. of",Q3 2013,,,,,,103.89,9.43
"Slovenia, Rep. of",Q4 2013,,,,,,103.62,9.6
"Slovenia, Rep. of",Q1 2014,,,,,,103.69,10.77
"Slovenia, Rep. of",Q2 2014,,,,,,104.05,9.27
"Slovenia, Rep. of",Q3 2014,,,,,,103.95,9.23
"Slovenia, Rep. of",Q4 2014,,,,,,103.45,9.53
"Slovenia, Rep. of",Q1 2015,,,,,,104.54,9.8
"Slovenia, Rep. of",Q2 2015,,,,,,104.33,9.2
"Slovenia, Rep. of",Q3 2015,,,,,,104.42,8.53
"Slovenia, Rep. of",Q4 2015,,,,,,105.2,8.4
"Slovenia, Rep. of",Q1 2016,,,,,,105.74,8.87
"Slovenia, Rep. of",Q2 2016,,,,,,104.9,7.8
"Slovenia, Rep. of",Q3 2016,,,,,,105.62,7.33
"Slovenia, Rep. of",Q4 2016,,,,,,106.36,8.03
"Slovenia, Rep. of",Q1 2017,,,,,,105.99,7.8
"Slovenia, Rep. of",Q2 2017,,,,,,107.2,6.47
"Slovenia, Rep. of",Q3 2017,,,,,,107.8,6.27
"Slovenia, Rep. of",Q4 2017,,,,,,108.48,5.77
"Slovenia, Rep. of",Q1 2018,,,,,,108.95,5.93
"Slovenia, Rep. of",Q2 2018,,,,,,109.55,5.2
"Slovenia, Rep. of",Q3 2018,,,,,,110.19,5
"Slovenia, Rep. of",Q4 2018,,,,,,110.31,4.37
"Slovenia, Rep. of",Q1 2019,,,,,,111.12,4.83
"Slovenia, Rep. of",Q2 2019,,,,,,111.96,4.2
"Slovenia, Rep. of",Q3 2019,,,,,,112.64,4.77
"Slovenia, Rep. of",Q4 2019,,,,,,113.06,3.97
"Slovenia, Rep. of",Q1 2020,,,,,,113.19,4.57
"Slovenia, Rep. of",Q2 2020,,,,,,114.12,5.13
"Slovenia, Rep. of",Q3 2020,,,,,,111.88,5.13
"Slovenia, Rep. of",Q4 2020,,,,,,113.76,5.1
"Slovenia, Rep. of",Q1 2021,,,,,,114.34,5.67
"Slovenia, Rep. of",Q2 2021,,,,,,116.12,4.37
"Slovenia, Rep. of",Q3 2021,,,,,,116.25,4.53
"Slovenia, Rep. of",Q4 2021,,,,,,117.52,4.53
"Slovenia, Rep. of",Q1 2022,,,,,,118.98,4.33
"Slovenia, Rep. of",Q2 2022,,,,,,122.56,4.27
"Slovenia, Rep. of",Q3 2022,,,,,,127.73,4.03
"Slovenia, Rep. of",Q4 2022,,,,,,129.54,3.47
South Africa,Q1 2000,6.56,,,,11.75,46.21,30.7
South Africa,Q2 2000,6.77,,,,11.75,47.74,
South Africa,Q3 2000,7.26,,,,11.75,49.5,29.06
South Africa,Q4 2000,7.57,,,,12,50.32,
South Africa,Q1 2001,8.01,,,,12,51.04,29.07
South Africa,Q2 2001,8.06,,,,11,51.65,
South Africa,Q3 2001,9,,,,9.5,52.47,32.36
South Africa,Q4 2001,12.13,,,,9.5,53.77,
South Africa,Q1 2002,11.39,,,,11.5,56.76,33.19
South Africa,Q2 2002,10.25,,,,12.5,58.24,
South Africa,Q3 2002,10.54,,,,13.5,59.45,33.39
South Africa,Q4 2002,8.64,,,,13.5,60.62,
South Africa,Q1 2003,7.92,,,,13.5,61.39,33.99
South Africa,Q2 2003,7.56,,,,12,62.16,
South Africa,Q3 2003,6.93,,,,10,62.82,30.57
South Africa,Q4 2003,6.64,,,,8,63.8,
South Africa,Q1 2004,6.37,,,,8,65.14,30.34
South Africa,Q2 2004,6.27,,,,8,65.96,
South Africa,Q3 2004,6.45,,,,7.5,66.46,28.55
South Africa,Q4 2004,5.63,,,,7.5,67.69,
South Africa,Q1 2005,6.24,,,,7.5,68.52,29.11
South Africa,Q2 2005,6.65,,,,7,69.15,
South Africa,Q3 2005,6.36,,,,7,70.31,29.13
South Africa,Q4 2005,6.33,,,,7,71.86,
South Africa,Q1 2006,6.21,,,,7,71.69,28.56
South Africa,Q2 2006,7.17,,,,7.5,73.6,
South Africa,Q3 2006,7.77,,,,8,75.49,28.13
South Africa,Q4 2006,6.97,,,,9,76.26,
South Africa,Q1 2007,7.28,,,,9,78.99,28.02
South Africa,Q2 2007,7.11,,,,9.5,79.62,
South Africa,Q3 2007,6.87,,,,10,80.57,25.07
South Africa,Q4 2007,6.81,,,,11,82.41,
South Africa,Q1 2008,8.1,,,,11,85.06,19.58
South Africa,Q2 2008,7.82,,,,12,85.6,19.66
South Africa,Q3 2008,8.27,,,,12,87.85,20.19
South Africa,Q4 2008,9.31,,,,11.5,88.37,18.6
South Africa,Q1 2009,9.5,,,,9.5,92.06,19.25
South Africa,Q2 2009,7.69,,,,7.5,93.51,20.35
South Africa,Q3 2009,7.44,,,,7,95.57,21.69
South Africa,Q4 2009,7.38,,,,7,95.8,20.84
South Africa,Q1 2010,7.34,,,,6.5,97.75,21.79
South Africa,Q2 2010,7.64,,,,6.5,100.41,22.16
South Africa,Q3 2010,6.98,,,,6,100.29,22.53
South Africa,Q4 2010,6.63,,,,5.5,101.55,20.66
South Africa,Q1 2011,6.79,,,,5.5,102.83,21.15
South Africa,Q2 2011,6.82,,,,5.5,104.66,22.42
South Africa,Q3 2011,8.08,,,,5.5,106.67,21.45
South Africa,Q4 2011,8.14,,,,5.5,108,20.65
South Africa,Q1 2012,7.67,,,,5.5,108.77,21.51
South Africa,Q2 2012,8.2,,,,5.5,110.09,21.97
South Africa,Q3 2012,8.31,,,,5,110.96,22.25
South Africa,Q4 2012,8.5,,,,5,112.14,21.42
South Africa,Q1 2013,9.2,,,,5,114.61,21.73
South Africa,Q2 2013,10.09,,,,5,116.19,22.54
South Africa,Q3 2013,10.05,,,,5,117.64,22.16
South Africa,Q4 2013,10.49,,,,5,119.34,21.73
South Africa,Q1 2014,10.58,,,,5.5,121.6,22.21
South Africa,Q2 2014,10.6,,,,5.5,122.31,23.03
South Africa,Q3 2014,11.33,,,,5.75,124.07,23.31
South Africa,Q4 2014,11.58,,,,5.75,124.9,21.88
South Africa,Q1 2015,12.18,,,,5.75,126.83,23.42
South Africa,Q2 2015,12.2,,,,5.75,129.75,22.61
South Africa,Q3 2015,13.88,,,,6,130.86,23.22
South Africa,Q4 2015,15.55,,,,6.25,132.82,22.22
South Africa,Q1 2016,14.73,,,,7,136.18,24.16
South Africa,Q2 2016,14.78,,,,7,138.89,24.1
South Africa,Q3 2016,13.89,,,,7,140.22,24.23
South Africa,Q4 2016,13.68,,,,7,141.14,23.61
South Africa,Q1 2017,13.27,,,,7,143.84,24.4
South Africa,Q2 2017,13.06,,,,7,145.42,24.62
South Africa,Q3 2017,13.5,,,,6.75,148.05,24.99
South Africa,Q4 2017,12.32,,,,6.75,149.54,23.47
South Africa,Q1 2018,11.87,,,,6.5,149.37,23.33
South Africa,Q2 2018,13.77,,,,6.5,151.95,24.48
South Africa,Q3 2018,14.18,,,,6.5,153.79,24.9
South Africa,Q4 2018,14.38,,,,6.75,155.16,24.17
South Africa,Q1 2019,14.49,,,,6.75,155.84,24.31
South Africa,Q2 2019,14.17,,,,6.75,158.89,25.92
South Africa,Q3 2019,15.21,,,,6.5,160.95,26.31
South Africa,Q4 2019,14.03,,,,6.5,162.78,25.6
South Africa,Q1 2020,17.89,,,,5.25,164.72,26.16
South Africa,Q2 2020,17.34,,,,3.75,165.25,18.34
South Africa,Q3 2020,16.84,,,,3.5,168.45,25.31
South Africa,Q4 2020,14.69,,,,3.5,173.35,26.71
South Africa,Q1 2021,14.8,,,,3.5,174.79,26.32
South Africa,Q2 2021,14.29,,,,3.5,179.39,29.22
South Africa,Q3 2021,15.16,,,,3.5,180.16,29.78
South Africa,Q4 2021,15.91,,,,3.75,181.39,29.8
South Africa,Q1 2022,14.58,,,,4.25,182.1,29.55
South Africa,Q2 2022,16.36,,,,4.75,188.75,29.56
South Africa,Q3 2022,17.98,,,,,189.03,28.49
South Africa,Q4 2022,16.99,,,,,189.93,27.79
Spain,Q1 2000,,,,,,73.62,12.77
Spain,Q2 2000,,,,,,74.01,11.77
Spain,Q3 2000,,,,,,74.59,11.63
Spain,Q4 2000,,,,,,75.54,11.5
Spain,Q1 2001,,,,,,76.42,10.93
Spain,Q2 2001,,,,,,76.99,10.33
Spain,Q3 2001,,,,,,77.88,10.33
Spain,Q4 2001,,,,,,78.71,10.63
Spain,Q1 2002,,,,,,79.56,11.53
Spain,Q2 2002,,,,,,80.39,11.17
Spain,Q3 2002,,,,,,81.08,11.47
Spain,Q4 2002,,,,,,81.65,11.6
Spain,Q1 2003,,,,,,82.45,11.97
Spain,Q2 2003,,,,,,83.66,11.3
Spain,Q3 2003,,,,,,84.25,11.3
Spain,Q4 2003,,,,,,85.01,11.4
Spain,Q1 2004,,,,,,85.98,11.5
Spain,Q2 2004,,,,,,86.43,11.07
Spain,Q3 2004,,,,,,87.31,10.73
Spain,Q4 2004,,,,,,88.66,10.53
Spain,Q1 2005,,,,,,89.17,10.2
Spain,Q2 2005,,,,,,90.2,9.33
Spain,Q3 2005,,,,,,91.07,8.4
Spain,Q4 2005,,,,,,92.22,8.73
Spain,Q1 2006,,,,,,92.85,9.03
Spain,Q2 2006,,,,,,93.99,8.43
Spain,Q3 2006,,,,,,94.77,8.1
Spain,Q4 2006,,,,,,95.49,8.27
Spain,Q1 2007,,,,,,96.82,8.4
Spain,Q2 2007,,,,,,97.25,7.93
Spain,Q3 2007,,,,,,97.24,8
Spain,Q4 2007,,,,,,98.69,8.57
Spain,Q1 2008,,,,,,99.39,9.63
Spain,Q2 2008,,,,,,99.75,10.4
Spain,Q3 2008,,,,,,99.39,11.23
Spain,Q4 2008,,,,,,100.3,13.8
Spain,Q1 2009,,,,,,100.64,17.27
Spain,Q2 2009,,,,,,99.88,17.77
Spain,Q3 2009,,,,,,99.5,17.73
Spain,Q4 2009,,,,,,99.36,18.7
Spain,Q1 2010,,,,,,100.05,19.83
Spain,Q2 2010,,,,,,99.64,19.9
Spain,Q3 2010,,,,,,99.92,19.6
Spain,Q4 2010,,,,,,100.39,20.17
Spain,Q1 2011,,,,,,100.03,21.1
Spain,Q2 2011,,,,,,100.26,20.67
Spain,Q3 2011,,,,,,100.07,21.33
Spain,Q4 2011,,,,,,99.56,22.53
Spain,Q1 2012,,,,,,100.13,24.2
Spain,Q2 2012,,,,,,100.08,24.4
Spain,Q3 2012,,,,,,100.07,24.8
Spain,Q4 2012,,,,,,99.18,25.77
Spain,Q1 2013,,,,,,100.53,26.93
Spain,Q2 2013,,,,,,100.34,26.1
Spain,Q3 2013,,,,,,100.24,25.67
Spain,Q4 2013,,,,,,99.95,25.77
Spain,Q1 2014,,,,,,100.3,25.93
Spain,Q2 2014,,,,,,100.1,24.47
Spain,Q3 2014,,,,,,99.87,23.67
Spain,Q4 2014,,,,,,99.9,23.73
Spain,Q1 2015,,,,,,100.75,23.8
Spain,Q2 2015,,,,,,100.57,22.4
Spain,Q3 2015,,,,,,100.57,21.2
Spain,Q4 2015,,,,,,100.45,20.9
Spain,Q1 2016,,,,,,100.51,21
Spain,Q2 2016,,,,,,100.78,20
Spain,Q3 2016,,,,,,101.13,18.93
Spain,Q4 2016,,,,,,101.21,18.67
Spain,Q1 2017,,,,,,101.8,18.77
Spain,Q2 2017,,,,,,102.09,17.23
Spain,Q3 2017,,,,,,102.03,16.4
Spain,Q4 2017,,,,,,102.95,16.53
Spain,Q1 2018,,,,,,102.8,16.73
Spain,Q2 2018,,,,,,103.31,15.3
Spain,Q3 2018,,,,,,103.62,14.57
Spain,Q4 2018,,,,,,104.22,14.47
Spain,Q1 2019,,,,,,104.71,14.73
Spain,Q2 2019,,,,,,104.67,14.03
Spain,Q3 2019,,,,,,104.81,13.9
Spain,Q4 2019,,,,,,105.76,13.77
Spain,Q1 2020,,,,,,105.65,14.43
Spain,Q2 2020,,,,,,105.98,15.33
Spain,Q3 2020,,,,,,106.38,16.23
Spain,Q4 2020,,,,,,107.08,16.13
Spain,Q1 2021,,,,,,107.52,16
Spain,Q2 2021,,,,,,107.41,15.27
Spain,Q3 2021,,,,,,108.71,14.57
Spain,Q4 2021,,,,,,111.11,13.33
Spain,Q1 2022,,,,,,111.43,13.67
Spain,Q2 2022,,,,,,111.83,12.47
Spain,Q3 2022,,,,,,113.39,12.67
Spain,Q4 2022,,,,,,116.77,12.9
Sweden,Q1 2000,8.67,,,,,83.18,6.37
Sweden,Q2 2000,8.81,,,,,83.56,5.73
Sweden,Q3 2000,9.68,,,,,84.07,5.43
Sweden,Q4 2000,9.54,,,,,84.22,4.87
Sweden,Q1 2001,10.41,,,,,84.81,6.3
Sweden,Q2 2001,10.85,,,,,86.14,6.1
Sweden,Q3 2001,10.66,,,,,85.6,5.6
Sweden,Q4 2001,10.67,,,,,86.63,5.53
Sweden,Q1 2002,10.34,,,,,86.65,6.27
Sweden,Q2 2002,9.16,,,,,87.06,6.33
Sweden,Q3 2002,9.28,,,,4.5,87.15,5.87
Sweden,Q4 2002,8.83,,,,4.5,87.6,5.77
Sweden,Q1 2003,8.5,,,,4,88.39,6.73
Sweden,Q2 2003,8.09,,,,4,88.2,7.1
Sweden,Q3 2003,7.69,,,,3,88.79,6.57
Sweden,Q4 2003,7.19,,,,3,88.91,6.8
Sweden,Q1 2004,7.57,,,,3,88.64,7.93
Sweden,Q2 2004,7.52,,,,3,88.92,8.4
Sweden,Q3 2004,7.3,,,,2,89.49,7.37
Sweden,Q4 2004,6.61,,,,2,89.01,7.07
Sweden,Q1 2005,7.05,,,,2,88.93,5.58
Sweden,Q2 2005,7.8,,,,2,89.29,8.51
Sweden,Q3 2005,7.75,,,,1.5,89.87,7.25
Sweden,Q4 2005,7.96,,,,1.5,90.37,7.11
Sweden,Q1 2006,7.79,,,,1.5,90.65,7.85
Sweden,Q2 2006,7.27,,,,1.5,90.99,7.98
Sweden,Q3 2006,7.33,,,,2.5,91.09,6.35
Sweden,Q4 2006,6.86,,,,2.5,91.78,6
Sweden,Q1 2007,7.02,,,,3,92.9,6.77
Sweden,Q2 2007,6.85,,,,3,93.48,6.77
Sweden,Q3 2007,6.5,,,,3.5,93.4,5.46
Sweden,Q4 2007,6.41,,,,3.5,94.84,5.49
Sweden,Q1 2008,5.94,,,,4,95.55,6.25
Sweden,Q2 2008,6.01,,,,4,95.81,6.69
Sweden,Q3 2008,6.85,,,,4.5,96.95,5.63
Sweden,Q4 2008,7.81,,,,2,98.7,6.13
Sweden,Q1 2009,8.22,,,,2,98.51,7.85
Sweden,Q2 2009,7.65,,,,2,98.85,9.05
Sweden,Q3 2009,6.99,,,,0.5,99.14,8.05
Sweden,Q4 2009,7.12,,,,0.5,99.45,8.24
Sweden,Q1 2010,7.21,,,,0.5,99.73,9.37
Sweden,Q2 2010,7.76,,,,0.5,99.36,9.45
Sweden,Q3 2010,6.7,,,,0.5,100.18,7.93
Sweden,Q4 2010,6.71,,,,0.5,100.72,7.55
Sweden,Q1 2011,6.29,,,,1.5,100.66,8.31
Sweden,Q2 2011,6.35,,,,1.5,101.01,8.47
Sweden,Q3 2011,6.86,,,,2,101.39,7.07
Sweden,Q4 2011,6.89,,,,1.91,101.28,7.21
Sweden,Q1 2012,6.62,,,,1.5,101.36,8.18
Sweden,Q2 2012,6.97,,,,1.5,102.22,8.54
Sweden,Q3 2012,6.54,,,,1.34,102.02,7.49
Sweden,Q4 2012,6.5,,,,1.14,102.41,7.62
Sweden,Q1 2013,6.53,,,,1,102.44,8.57
Sweden,Q2 2013,6.71,,,,1,102.66,8.7
Sweden,Q3 2013,6.41,,,,1,103.18,7.35
Sweden,Q4 2013,6.42,,,,1,103.58,7.44
Sweden,Q1 2014,6.49,,,,1,103.98,8.57
Sweden,Q2 2014,6.72,,,,1,104.57,8.62
Sweden,Q3 2014,7.27,,,,1,105,7.22
Sweden,Q4 2014,7.74,,,,1,105.32,7.3
Sweden,Q1 2015,8.63,,,,0,106.5,8.25
Sweden,Q2 2015,8.24,,,,0,106.96,8.28
Sweden,Q3 2015,8.4,,,,0,107.14,6.53
Sweden,Q4 2015,8.44,,,,0,107.43,6.54
Sweden,Q1 2016,8.1,,,,0,107.56,7.83
Sweden,Q2 2016,8.49,,,,0,108.34,7.7
Sweden,Q3 2016,8.62,,,,-0.5,108.88,6.5
Sweden,Q4 2016,9.06,,,,-0.5,110.09,6.57
Sweden,Q1 2017,8.92,,,,-0.5,110.57,7.37
Sweden,Q2 2017,8.45,,,,-0.5,111.05,7.43
Sweden,Q3 2017,8.17,,,,,110.38,6.4
Sweden,Q4 2017,8.21,,,,,111.82,6.23
Sweden,Q1 2018,8.35,,,,,113.02,6.8
Sweden,Q2 2018,8.97,,,,,113.33,7.03
Sweden,Q3 2018,8.91,,,,,113.47,6.17
Sweden,Q4 2018,8.96,,,,,114.51,6.07
Sweden,Q1 2019,9.26,,,,,116.15,7.4
Sweden,Q2 2019,9.28,,,,,116.06,7.23
Sweden,Q3 2019,9.82,,,,,116.45,6.73
Sweden,Q4 2019,9.3,,,,,117.14,6.53
Sweden,Q1 2020,10.1,,,,,118.64,7.87
Sweden,Q2 2020,9.37,,,,,119.31,9.23
Sweden,Q3 2020,9.03,,,,,117.78,8.87
Sweden,Q4 2020,8.18,,,,,119.65,8.2
Sweden,Q1 2021,8.73,,,,,121.56,9.67
Sweden,Q2 2021,8.51,,,,,120.44,9.83
Sweden,Q3 2021,8.78,,,,,121.81,8.23
Sweden,Q4 2021,9.04,,,,,123.97,7.47
Sweden,Q1 2022,9.31,,,,,125.15,8.13
Sweden,Q2 2022,10.33,,,,,127.4,8.43
Sweden,Q3 2022,11.18,,,,,130.12,6.5
Sweden,Q4 2022,10.43,,,,,132.66,6.8
Switzerland,Q1 2000,1.67,,,,3.5,90.15,
Switzerland,Q2 2000,1.63,,,,4,90.33,2.66
Switzerland,Q3 2000,1.74,,,,4,91.05,
Switzerland,Q4 2000,1.64,,,,4,91.1,
Switzerland,Q1 2001,1.73,,,,3.75,91.61,
Switzerland,Q2 2001,1.8,,,,3.75,91.34,2.49
Switzerland,Q3 2001,1.61,,,,2.75,91.7,
Switzerland,Q4 2001,1.68,,,,2.25,91.52,
Switzerland,Q1 2002,1.68,,,,2.25,91.37,
Switzerland,Q2 2002,1.48,,,,1.75,90.92,2.92
Switzerland,Q3 2002,1.48,,,,1.25,91.36,
Switzerland,Q4 2002,1.39,,,,1.25,91.65,
Switzerland,Q1 2003,1.35,,,,0.75,92.03,
Switzerland,Q2 2003,1.36,,,,0.75,92.51,4.12
Switzerland,Q3 2003,1.32,,,,0.75,92.47,
Switzerland,Q4 2003,1.24,,,,0.75,92.57,
Switzerland,Q1 2004,1.28,,,,0.75,92.44,
Switzerland,Q2 2004,1.25,,,,1,92.7,4.32
Switzerland,Q3 2004,1.26,,,,1.25,92.39,
Switzerland,Q4 2004,1.13,,,,1.25,93.18,
Switzerland,Q1 2005,1.2,,,,1.25,93.15,
Switzerland,Q2 2005,1.28,,,,1.25,93.21,4.44
Switzerland,Q3 2005,1.29,,,,1.25,93.63,
Switzerland,Q4 2005,1.31,,,,1.5,94.1,
Switzerland,Q1 2006,1.31,,,,1.75,94.72,
Switzerland,Q2 2006,1.23,,,,2,95.25,3.99
Switzerland,Q3 2006,1.25,,,,2.25,95.86,
Switzerland,Q4 2006,1.22,,,,2.5,96.27,
Switzerland,Q1 2007,1.22,,,,2.75,97.25,
Switzerland,Q2 2007,1.23,,,,3,97.72,3.64
Switzerland,Q3 2007,1.17,,,,3.25,98,
Switzerland,Q4 2007,1.13,,,,3.25,98.18,
Switzerland,Q1 2008,0.99,,,,3.25,98.88,
Switzerland,Q2 2008,1.02,,,,3.25,98.9,3.35
Switzerland,Q3 2008,1.1,,,,3.25,99.16,
Switzerland,Q4 2008,1.06,,,,1,100.08,
Switzerland,Q1 2009,1.14,,,,0.75,100.03,
Switzerland,Q2 2009,1.08,,,,0.75,99.56,4.11
Switzerland,Q3 2009,1.03,,,,0.75,99.49,
Switzerland,Q4 2009,1.03,,,,0.75,99.63,
Switzerland,Q1 2010,1.06,,,,0.75,99.84,5.4
Switzerland,Q2 2010,1.08,,,,0.75,100.06,4.63
Switzerland,Q3 2010,0.97,,,,0.75,100,4.9
Switzerland,Q4 2010,0.94,,,,0.75,100.1,4.3
Switzerland,Q1 2011,0.91,,,,0.75,100,4.67
Switzerland,Q2 2011,0.83,,,,0.75,100.04,3.93
Switzerland,Q3 2011,0.9,,,,0.25,99.92,4.6
Switzerland,Q4 2011,0.94,,,,0.25,99.97,4.4
Switzerland,Q1 2012,0.9,,,,0.25,100.16,4.57
Switzerland,Q2 2012,0.96,,,,0.25,100.18,4.07
Switzerland,Q3 2012,0.94,,,,0.25,99.75,4.63
Switzerland,Q4 2012,0.92,,,,0.25,100.09,4.67
Switzerland,Q1 2013,0.95,,,,0.25,100,5.13
Switzerland,Q2 2013,0.94,,,,0.25,100.04,4.53
Switzerland,Q3 2013,0.91,,,,0.25,99.86,4.9
Switzerland,Q4 2013,0.89,,,,0.25,99.87,4.43
Switzerland,Q1 2014,0.88,,,,0.25,99.72,5.3
Switzerland,Q2 2014,0.89,,,,0.25,99.49,4.67
Switzerland,Q3 2014,0.96,,,,0.25,99.24,5.07
Switzerland,Q4 2014,0.99,,,,0.25,98.84,4.3
Switzerland,Q1 2015,0.97,,,,-0.25,98.6,4.73
Switzerland,Q2 2015,0.93,,,,-0.25,98.1,4.43
Switzerland,Q3 2015,0.97,,,,-0.25,97.89,5.17
Switzerland,Q4 2015,0.99,,,,-0.25,97.7,4.87
Switzerland,Q1 2016,0.96,,,,-0.25,97.75,5.33
Switzerland,Q2 2016,0.98,,,,-0.25,97.69,4.63
Switzerland,Q3 2016,0.97,,,,-0.25,97.46,5.1
Switzerland,Q4 2016,1.02,,,,-0.25,96.99,4.6
Switzerland,Q1 2017,1,,,,-0.25,96.89,5.27
Switzerland,Q2 2017,0.96,,,,-0.25,96.75,4.4
Switzerland,Q3 2017,0.97,,,,-0.25,97.37,5
Switzerland,Q4 2017,0.98,,,,-0.25,97.41,4.53
Switzerland,Q1 2018,0.95,,,,-0.25,97.32,5.2
Switzerland,Q2 2018,0.99,,,,-0.25,97.86,4.6
Switzerland,Q3 2018,0.98,,,,-0.25,98.04,4.4
Switzerland,Q4 2018,0.99,,,,-0.25,98.23,4.63
Switzerland,Q1 2019,1,,,,-0.25,98.09,4.93
Switzerland,Q2 2019,0.97,,,,-0.75,97.86,4.17
Switzerland,Q3 2019,0.99,,,,-0.75,97.58,4.57
Switzerland,Q4 2019,0.97,,,,-0.75,97.56,3.9
Switzerland,Q1 2020,0.96,,,,-0.75,97.17,4.5
Switzerland,Q2 2020,0.95,,,,-0.75,96.98,4.57
Switzerland,Q3 2020,0.92,,,,-0.75,96.89,5.23
Switzerland,Q4 2020,0.88,,,,-0.75,97.01,4.93
Switzerland,Q1 2021,0.94,,,,-0.75,97.09,5.83
Switzerland,Q2 2021,0.92,,,,-0.75,97.86,5.03
Switzerland,Q3 2021,0.93,,,,-0.75,98.24,5.13
Switzerland,Q4 2021,0.91,,,,-0.75,98.91,4.43
Switzerland,Q1 2022,0.93,,,,-0.75,100.19,4.63
Switzerland,Q2 2022,0.96,,,,-0.25,101.04,4.1
Switzerland,Q3 2022,0.98,,,,0.5,101.59,4.33
Switzerland,Q4 2022,0.92,,,,1,102.17,4.13
Syrian Arab Rep.,Q1 2000,11.23,5,,,,,
Syrian Arab Rep.,Q2 2000,11.23,5,,,,,
Syrian Arab Rep.,Q3 2000,11.23,5,,,,,
Syrian Arab Rep.,Q4 2000,11.23,5,,,,,
Syrian Arab Rep.,Q1 2001,11.23,5,,,,,
Syrian Arab Rep.,Q2 2001,11.23,5,,,,,
Syrian Arab Rep.,Q3 2001,11.23,5,,,,,
Syrian Arab Rep.,Q4 2001,11.23,5,,,,,
Syrian Arab Rep.,Q1 2002,11.23,5,,,,,
Syrian Arab Rep.,Q2 2002,11.23,5,,,,,
Syrian Arab Rep.,Q3 2002,11.23,5,,,,,
Syrian Arab Rep.,Q4 2002,11.23,5,,,,,
Syrian Arab Rep.,Q1 2003,11.23,5,,,,,
Syrian Arab Rep.,Q2 2003,11.23,5,,,,,
Syrian Arab Rep.,Q3 2003,11.23,5,,,,,
Syrian Arab Rep.,Q4 2003,11.23,5,,,,,
Syrian Arab Rep.,Q1 2004,11.23,5,,,,,
Syrian Arab Rep.,Q2 2004,11.23,5,,,,,
Syrian Arab Rep.,Q3 2004,11.23,5,,,,,
Syrian Arab Rep.,Q4 2004,11.23,5,,,,,
Syrian Arab Rep.,Q1 2005,11.23,5,,,,,
Syrian Arab Rep.,Q2 2005,11.23,5,,,,,
Syrian Arab Rep.,Q3 2005,11.23,5,,,,,
Syrian Arab Rep.,Q4 2005,11.23,5,,,,,
Syrian Arab Rep.,Q1 2006,11.23,5,,,,,
Syrian Arab Rep.,Q2 2006,11.23,5,,,,,
Syrian Arab Rep.,Q3 2006,11.23,5,,,,,
Syrian Arab Rep.,Q4 2006,11.23,5,,,,,
Syrian Arab Rep.,Q1 2007,11.23,5,,,,,
Syrian Arab Rep.,Q2 2007,11.23,5,,,,,
Syrian Arab Rep.,Q3 2007,11.23,5,,,,,
Syrian Arab Rep.,Q4 2007,11.23,5,,,,,
Syrian Arab Rep.,Q1 2008,11.23,5,,,,,
Syrian Arab Rep.,Q2 2008,11.23,5,,,,,9.24
Syrian Arab Rep.,Q3 2008,11.23,5,,,,,
Syrian Arab Rep.,Q4 2008,11.23,5,,,,,12.66
Syrian Arab Rep.,Q1 2009,11.23,5,,,,,
Syrian Arab Rep.,Q2 2009,11.23,5,,,,,8.51
Syrian Arab Rep.,Q3 2009,11.23,5,,,,,
Syrian Arab Rep.,Q4 2009,11.23,5,,,,,7.78
Syrian Arab Rep.,Q1 2010,11.23,5,,,,,
Syrian Arab Rep.,Q2 2010,11.23,5,,,,,8.39
Syrian Arab Rep.,Q3 2010,11.23,5,,,,,
Syrian Arab Rep.,Q4 2010,11.23,5,,,,,8.84
Syrian Arab Rep.,Q1 2011,47.45,5,,,,,
Syrian Arab Rep.,Q2 2011,47.45,5,,,,,
Syrian Arab Rep.,Q3 2011,48.9,,,,,,
Syrian Arab Rep.,Q4 2011,55.72,,,,,,
Syrian Arab Rep.,Q1 2012,60.11,,,,,,
Syrian Arab Rep.,Q2 2012,64.06,,,,,,
Syrian Arab Rep.,Q3 2012,68.15,,,,,,
Syrian Arab Rep.,Q4 2012,77.51,,,,,,
Syrian Arab Rep.,Q1 2013,86.78,,,,,,
Syrian Arab Rep.,Q2 2013,102.5,,,,,,
Syrian Arab Rep.,Q3 2013,136.81,,,,,,
Syrian Arab Rep.,Q4 2013,141.8,,,,,,
Syrian Arab Rep.,Q1 2014,146.06,,,,,,
Syrian Arab Rep.,Q2 2014,149.94,,,,,,
Syrian Arab Rep.,Q3 2014,161.15,,,,,,
Syrian Arab Rep.,Q4 2014,180.89,,,,,,
Syrian Arab Rep.,Q1 2015,212.22,,,,,,
Syrian Arab Rep.,Q2 2015,236.98,,,,,,
Syrian Arab Rep.,Q3 2015,251.12,,,,,,
Syrian Arab Rep.,Q4 2015,313.06,,,,,,
Syrian Arab Rep.,Q1 2016,437.42,,,,,,
Syrian Arab Rep.,Q2 2016,468.5,,,,,,
Syrian Arab Rep.,Q3 2016,498.57,,,,,,
Syrian Arab Rep.,Q4 2016,498.57,,,,,,
Syrian Arab Rep.,Q1 2017,498.56,,,,,,
Syrian Arab Rep.,Q2 2017,498.56,,,,,,
Syrian Arab Rep.,Q3 2017,498.56,,,,,,
Syrian Arab Rep.,Q4 2017,436.5,,,,,,
Syrian Arab Rep.,Q1 2018,436.5,,,,,,
Syrian Arab Rep.,Q2 2018,436.5,,,,,,
Syrian Arab Rep.,Q3 2018,436.5,,,,,,
"Tajikistan, Rep. of",Q1 2000,1.63,,,,,,
"Tajikistan, Rep. of",Q2 2000,1.7,,,,,,
"Tajikistan, Rep. of",Q3 2000,2.05,,,,,,
"Tajikistan, Rep. of",Q4 2000,2.2,,,,,,
"Tajikistan, Rep. of",Q1 2001,2.35,,,,,,
"Tajikistan, Rep. of",Q2 2001,2.35,,,,,,
"Tajikistan, Rep. of",Q3 2001,2.4,,,,,,
"Tajikistan, Rep. of",Q4 2001,2.55,,,,,,
"Tajikistan, Rep. of",Q1 2002,2.68,,,,,,
"Tajikistan, Rep. of",Q2 2002,2.7,,,,,,
"Tajikistan, Rep. of",Q3 2002,2.92,,,,,,
"Tajikistan, Rep. of",Q4 2002,3,,,,,,
"Tajikistan, Rep. of",Q1 2003,3.08,,,,,,
"Tajikistan, Rep. of",Q2 2003,3.09,,,,,,
"Tajikistan, Rep. of",Q3 2003,3.09,,,,,,
"Tajikistan, Rep. of",Q4 2003,2.96,,,,,,
"Tajikistan, Rep. of",Q1 2004,2.91,,,,,,
"Tajikistan, Rep. of",Q2 2004,2.98,,,,,,
"Tajikistan, Rep. of",Q3 2004,3.03,,,,,,
"Tajikistan, Rep. of",Q4 2004,3.04,,,,,,
"Tajikistan, Rep. of",Q1 2005,3.04,,,,,,
"Tajikistan, Rep. of",Q2 2005,3.12,,,,,,
"Tajikistan, Rep. of",Q3 2005,3.18,,,,,,
"Tajikistan, Rep. of",Q4 2005,3.2,,,,,,
"Tajikistan, Rep. of",Q1 2006,3.21,,,,,,
"Tajikistan, Rep. of",Q2 2006,3.28,,,,,,
"Tajikistan, Rep. of",Q3 2006,3.38,,,,,,
"Tajikistan, Rep. of",Q4 2006,3.43,,,,,,
"Tajikistan, Rep. of",Q1 2007,3.44,,,,,,
"Tajikistan, Rep. of",Q2 2007,3.44,,,,,,
"Tajikistan, Rep. of",Q3 2007,3.44,,,,,,
"Tajikistan, Rep. of",Q4 2007,3.46,,,,,,
"Tajikistan, Rep. of",Q1 2008,3.44,,,,,,
"Tajikistan, Rep. of",Q2 2008,3.43,,,,,,
"Tajikistan, Rep. of",Q3 2008,3.41,,,,,,
"Tajikistan, Rep. of",Q4 2008,3.45,,,,,,
"Tajikistan, Rep. of",Q1 2009,3.81,,,,,,
"Tajikistan, Rep. of",Q2 2009,4.4,,,,,,
"Tajikistan, Rep. of",Q3 2009,4.38,,,,,,
"Tajikistan, Rep. of",Q4 2009,4.37,,,,,,
"Tajikistan, Rep. of",Q1 2010,4.37,,,,,,
"Tajikistan, Rep. of",Q2 2010,4.38,,,,,,
"Tajikistan, Rep. of",Q3 2010,4.38,,,,,,
"Tajikistan, Rep. of",Q4 2010,4.4,,,,,,
"Tajikistan, Rep. of",Q1 2011,4.47,,,,9,,
"Tajikistan, Rep. of",Q2 2011,4.67,,,,9,,
"Tajikistan, Rep. of",Q3 2011,4.75,,,,9,,
"Tajikistan, Rep. of",Q4 2011,4.76,,,,9.8,,
"Tajikistan, Rep. of",Q1 2012,4.76,,,,8,,
"Tajikistan, Rep. of",Q2 2012,4.77,,,,8,,
"Tajikistan, Rep. of",Q3 2012,4.76,,,,6.5,,
"Tajikistan, Rep. of",Q4 2012,4.76,,,,6.5,,
"Tajikistan, Rep. of",Q1 2013,4.75,,,,6.5,,
"Tajikistan, Rep. of",Q2 2013,4.77,,,,6.5,,
"Tajikistan, Rep. of",Q3 2013,4.77,,,,6.1,,
"Tajikistan, Rep. of",Q4 2013,4.77,,,,5.5,,
"Tajikistan, Rep. of",Q1 2014,4.8,,,,4.8,,
"Tajikistan, Rep. of",Q2 2014,4.94,,,,5.9,,
"Tajikistan, Rep. of",Q3 2014,5,,,,5.9,,
"Tajikistan, Rep. of",Q4 2014,5.31,,,,8,,
"Tajikistan, Rep. of",Q1 2015,5.8,,,,8,,
"Tajikistan, Rep. of",Q2 2015,6.26,,,,8,,
"Tajikistan, Rep. of",Q3 2015,6.46,,,,8,,
"Tajikistan, Rep. of",Q4 2015,6.99,,,,8,,
"Tajikistan, Rep. of",Q1 2016,7.87,,,,9,,
"Tajikistan, Rep. of",Q2 2016,7.87,,,,9,,
"Tajikistan, Rep. of",Q3 2016,7.87,,,,11,,
"Tajikistan, Rep. of",Q4 2016,7.88,,,,12.5,,
"Tajikistan, Rep. of",Q1 2017,8.23,,,,16,,
"Tajikistan, Rep. of",Q2 2017,8.81,,,,16,,
"Tajikistan, Rep. of",Q3 2017,8.8,,,,16,,
"Tajikistan, Rep. of",Q4 2017,8.82,,,,16,,
"Tajikistan, Rep. of",Q1 2018,8.81,,,,14,,
"Tajikistan, Rep. of",Q2 2018,9.16,,,,14,,
"Tajikistan, Rep. of",Q3 2018,9.42,,,,14,,
"Tajikistan, Rep. of",Q4 2018,9.43,,,,14,,
"Tajikistan, Rep. of",Q1 2019,9.44,,,,14.75,,
"Tajikistan, Rep. of",Q2 2019,9.44,,,,13.25,,
"Tajikistan, Rep. of",Q3 2019,9.69,,,,13.25,,
"Tajikistan, Rep. of",Q4 2019,9.69,,,,12.25,,
"Tajikistan, Rep. of",Q1 2020,10.2,,,,12.75,,
"Tajikistan, Rep. of",Q2 2020,10.31,,,,11.75,,
"Tajikistan, Rep. of",Q3 2020,10.33,,,,,,
"Tajikistan, Rep. of",Q4 2020,11.3,,,,,,
"Tajikistan, Rep. of",Q1 2021,11.31,,,,,,
"Tajikistan, Rep. of",Q2 2021,11.32,,,,,,
"Tajikistan, Rep. of",Q3 2021,11.31,,,,,,
"Tajikistan, Rep. of",Q4 2021,11.3,,,,,,
"Tajikistan, Rep. of",Q1 2022,12.96,,,,,,
"Tajikistan, Rep. of",Q2 2022,10.56,,,,,,
"Tajikistan, Rep. of",Q3 2022,10.22,,,,,,
"Tajikistan, Rep. of",Q4 2022,10.2,,,,,,
Thailand,Q1 2000,37.81,4,,,,,
Thailand,Q2 2000,39.12,3,,,,,
Thailand,Q3 2000,42.21,3,,,1.5,,
Thailand,Q4 2000,43.27,3,,,1.5,,
Thailand,Q1 2001,44.77,3,,,1.5,,4.63
Thailand,Q2 2001,45.21,4,,,2.5,,3.57
Thailand,Q3 2001,44.38,4,,,2.5,,2.63
Thailand,Q4 2001,44.22,3.75,,,2.25,,2.43
Thailand,Q1 2002,43.48,3.5,,,2,,3.23
Thailand,Q2 2002,41.53,3.5,,,2,,2.87
Thailand,Q3 2002,43.34,3.5,,,2,,1.83
Thailand,Q4 2002,43.15,3.25,,,1.75,,1.83
Thailand,Q1 2003,42.85,3.25,,,1.75,78.35,2.87
Thailand,Q2 2003,41.98,2.75,,,1.25,78.87,2.5
Thailand,Q3 2003,39.95,2.75,,,1.25,79.56,1.57
Thailand,Q4 2003,39.59,2.75,,,1.25,80.24,1.83
Thailand,Q1 2004,39.41,2.75,,,1.25,78.5,2.83
Thailand,Q2 2004,40.89,2.75,,,1.25,81.72,2.47
Thailand,Q3 2004,41.45,3,,,1.5,80.89,1.54
Thailand,Q4 2004,39.06,3.5,,,2,81.69,1.51
Thailand,Q1 2005,39.11,3.75,,,2.25,82.81,2.55
Thailand,Q2 2005,41.27,4,,,2.5,82.59,2.06
Thailand,Q3 2005,40.96,4.75,,,3.25,85.43,1.36
Thailand,Q4 2005,41.03,5.5,,,4,87.1,1.45
Thailand,Q1 2006,38.8,6,,,4.5,88.03,1.84
Thailand,Q2 2006,38.19,6.5,,,5,88.44,1.68
Thailand,Q3 2006,37.49,6.5,,,5,88.71,1.22
Thailand,Q4 2006,36.05,6.5,,,5,88.02,1.29
Thailand,Q1 2007,34.97,5,,,4.5,89.54,1.57
Thailand,Q2 2007,34.5,4,,,3.5,91.52,1.57
Thailand,Q3 2007,34.39,3.75,,,3.25,92.49,1.17
Thailand,Q4 2007,33.72,3.75,,,3.25,94.3,1.12
Thailand,Q1 2008,31.46,3.5,,,3.25,94.2,1.59
Thailand,Q2 2008,33.48,3.75,,,3.25,96.01,1.36
Thailand,Q3 2008,34,4.25,,,3.75,96.97,1.19
Thailand,Q4 2008,34.9,3.25,,,2.75,94.78,1.32
Thailand,Q1 2009,35.48,2,,,1.5,95.52,2.05
Thailand,Q2 2009,33.98,1.75,,,1.25,96.24,1.75
Thailand,Q3 2009,33.51,1.75,,,1.25,95.77,1.18
Thailand,Q4 2009,33.32,1.75,,,1.25,97.71,0.99
Thailand,Q1 2010,32.32,1.75,,,1.25,98.78,1.12
Thailand,Q2 2010,32.39,1.75,,,1.25,98.7,1.3
Thailand,Q3 2010,30.37,2.25,,,1.75,100.54,0.89
Thailand,Q4 2010,30.15,2.5,,,2,101.98,0.87
Thailand,Q1 2011,30.3,3,,,2.5,103.41,0.8
Thailand,Q2 2011,30.75,3.5,,,3,103.17,0.57
Thailand,Q3 2011,31.17,4,,,3.5,102.87,0.65
Thailand,Q4 2011,31.69,3.75,,,3.25,100.5,0.6
Thailand,Q1 2012,30.84,3.5,,,3,104.67,0.73
Thailand,Q2 2012,31.83,3.5,,,3,105.68,0.85
Thailand,Q3 2012,30.83,3.5,,,3,107.53,0.58
Thailand,Q4 2012,30.63,3.25,,,2.75,108.72,0.48
Thailand,Q1 2013,29.31,3.25,,,2.75,107.65,0.71
Thailand,Q2 2013,31.13,3,,,2.5,108.09,0.74
Thailand,Q3 2013,31.39,3,,,2.5,108.93,0.79
Thailand,Q4 2013,32.81,2.75,,,2.25,109.64,0.65
Thailand,Q1 2014,32.44,2.5,,,2,109.66,0.89
Thailand,Q2 2014,32.46,2.5,,,2,110.82,1
Thailand,Q3 2014,32.37,2.5,,,2,110.14,0.84
Thailand,Q4 2014,32.96,2.5,,,2,109.99,0.62
Thailand,Q1 2015,32.56,2.25,,,1.75,110.35,0.96
Thailand,Q2 2015,33.78,2,,,1.5,110.74,0.87
Thailand,Q3 2015,36.37,2,,,1.5,111.37,0.92
Thailand,Q4 2015,36.09,2,,,1.5,111.33,0.8
Thailand,Q1 2016,35.24,2,,,1.5,112.31,0.94
Thailand,Q2 2016,35.18,2,,,1.5,113.9,1.08
Thailand,Q3 2016,34.7,2,,,1.5,114.39,0.94
Thailand,Q4 2016,35.83,2,,,1.5,114.92,0.99
Thailand,Q1 2017,34.45,2,,,1.5,115.44,1.2
Thailand,Q2 2017,33.98,2,,,1.5,115.25,1.21
Thailand,Q3 2017,33.37,2,,,1.5,116.15,1.18
Thailand,Q4 2017,32.68,2,,,1.5,117.28,1.13
Thailand,Q1 2018,31.23,2,,,1.5,116.46,1.23
Thailand,Q2 2018,33.17,2,,,1.5,117.44,1.07
Thailand,Q3 2018,32.41,2,,,1.5,118.58,1
Thailand,Q4 2018,32.45,2.25,,,1.75,118.43,0.96
Thailand,Q1 2019,31.81,2.25,,,1.75,118.29,0.9
Thailand,Q2 2019,30.74,2.25,,,1.75,119.38,1
Thailand,Q3 2019,30.59,2,,,1.5,118.87,1.05
Thailand,Q4 2019,30.15,1.75,,,1.25,119.25,1.01
Thailand,Q1 2020,32.67,1.25,,,0.75,118.52,1.06
Thailand,Q2 2020,30.89,1,,,0.5,115.88,
Thailand,Q3 2020,31.66,1,,,0.5,117.24,1.93
Thailand,Q4 2020,30.04,1,,,0.5,118.1,1.86
Thailand,Q1 2021,31.34,1,,,0.5,118.55,
Thailand,Q2 2021,32.05,1,,,0.5,118.89,
Thailand,Q3 2021,33.92,1,,,0.5,119.36,
Thailand,Q4 2021,33.42,1,,,0.5,120.98,
Thailand,Q1 2022,33.3,1,,,0.5,123.14,
Thailand,Q2 2022,35.3,1,,,0.5,125.08,
Thailand,Q3 2022,37.91,1.5,,,,126.22,
Thailand,Q4 2022,34.56,1.75,,,,125.87,1.17
"Türkiye, Rep of",Q1 2000,0.59,60,,,39.2,20.14,7.97
"Türkiye, Rep of",Q2 2000,0.62,60,,,43.05,21.11,5.95
"Türkiye, Rep of",Q3 2000,0.67,60,,,47.44,22.35,5.38
"Türkiye, Rep of",Q4 2000,0.67,60,,,183.2,23.56,6.07
"Türkiye, Rep of",Q1 2001,1.02,60,,,81.19,26.71,
"Türkiye, Rep of",Q2 2001,1.26,60,,,63,32.5,
"Türkiye, Rep of",Q3 2001,1.55,60,,,59.03,35.67,
"Türkiye, Rep of",Q4 2001,1.45,60,,,59,39.13,
"Türkiye, Rep of",Q1 2002,1.34,60,,,54.73,42.18,
"Türkiye, Rep of",Q2 2002,1.57,55,,,48,43.98,
"Türkiye, Rep of",Q3 2002,1.65,55,,,46,47.32,
"Türkiye, Rep of",Q4 2002,1.64,55,,,44,50.17,
"Türkiye, Rep of",Q1 2003,1.7,55,,,44,54.05,
"Türkiye, Rep of",Q2 2003,1.41,50,,,38.23,56.24,
"Türkiye, Rep of",Q3 2003,1.39,50,,,30.66,57.39,
"Türkiye, Rep of",Q4 2003,1.4,43,,,26,58.56,
"Türkiye, Rep of",Q1 2004,1.31,43,,,22,60.92,
"Türkiye, Rep of",Q2 2004,1.49,38,,,22,62.3,
"Türkiye, Rep of",Q3 2004,1.5,38,,,20,64.73,
"Türkiye, Rep of",Q4 2004,1.34,38,,,18,66.99,
"Türkiye, Rep of",Q1 2005,1.35,32,,,15.5,66.04,10.27
"Türkiye, Rep of",Q2 2005,1.34,28,,,14.25,67.81,8.93
"Türkiye, Rep of",Q3 2005,1.35,28,,,14.25,69.07,8.97
"Türkiye, Rep of",Q4 2005,1.35,23,,,13.5,69.96,9.87
"Türkiye, Rep of",Q1 2006,1.34,23,,,13.5,70.57,10.57
"Türkiye, Rep of",Q2 2006,1.57,23,,,15,73.68,8.4
"Türkiye, Rep of",Q3 2006,1.5,23,,,17.5,76.47,8.4
"Türkiye, Rep of",Q4 2006,1.41,27,,,17.5,77.44,8.9
"Türkiye, Rep of",Q1 2007,1.38,27,,,17.5,77.47,9.9
"Türkiye, Rep of",Q2 2007,1.31,27,,,17.5,78.26,8.53
"Türkiye, Rep of",Q3 2007,1.21,27,,,17.36,80.11,8.67
"Türkiye, Rep of",Q4 2007,1.17,25,,,15.96,80.59,9.53
"Türkiye, Rep of",Q1 2008,1.31,25,,,15.25,83.78,10.43
"Türkiye, Rep of",Q2 2008,1.22,25,,,16,89.4,8.73
"Türkiye, Rep of",Q3 2008,1.23,25,,,16.75,90.5,9.4
"Türkiye, Rep of",Q4 2008,1.53,25,,,15.63,91.78,11.53
"Türkiye, Rep of",Q1 2009,1.67,25,,,11.03,93.12,14.53
"Türkiye, Rep of",Q2 2009,1.53,18,,,9.03,92.68,12.9
"Türkiye, Rep of",Q3 2009,1.48,18,,,7.58,93.34,12.4
"Türkiye, Rep of",Q4 2009,1.49,15,,,6.5,95.29,12.33
"Türkiye, Rep of",Q1 2010,1.52,15,,,6.5,98.68,13.3
"Türkiye, Rep of",Q2 2010,1.58,15,,,6.5,99.2,10.5
"Türkiye, Rep of",Q3 2010,1.45,15,,,6.38,100.17,10.37
"Türkiye, Rep of",Q4 2010,1.54,14,,,1.63,101.95,10.43
"Türkiye, Rep of",Q1 2011,1.54,14,,,1.5,105.92,10.63
"Türkiye, Rep of",Q2 2011,1.62,14,,,1.5,107.26,8.9
"Türkiye, Rep of",Q3 2011,1.86,14,,,5,108.88,8.43
"Türkiye, Rep of",Q4 2011,1.89,17,,,5,111.58,8.6
"Türkiye, Rep of",Q1 2012,1.78,17,,,5,113.69,9.33
"Türkiye, Rep of",Q2 2012,1.81,16,,,5,116.1,7.7
"Türkiye, Rep of",Q3 2012,1.79,16,,,5,116.87,7.97
"Türkiye, Rep of",Q4 2012,1.78,13.5,,,5,119.37,8.73
"Türkiye, Rep of",Q1 2013,1.82,13.5,,,4.5,119.82,9.6
"Türkiye, Rep of",Q2 2013,1.93,9.5,,,3.5,122.94,8.33
"Türkiye, Rep of",Q3 2013,2.04,9.5,,,3.5,125.01,8.93
"Türkiye, Rep of",Q4 2013,2.14,10.25,,,3.5,126.61,9.33
"Türkiye, Rep of",Q1 2014,2.19,10.25,,,8,129.83,10.13
"Türkiye, Rep of",Q2 2014,2.13,10.25,,,8,131.59,8.73
"Türkiye, Rep of",Q3 2014,2.28,10.25,,,7.5,134.19,9.97
"Türkiye, Rep of",Q4 2014,2.32,9,,,7.5,135.67,10.73
"Türkiye, Rep of",Q1 2015,2.61,9,,,7.25,138.5,11.33
"Türkiye, Rep of",Q2 2015,2.69,9,,,7.25,141.99,9.37
"Türkiye, Rep of",Q3 2015,3.05,9,,,7.25,144.83,10.1
"Türkiye, Rep of",Q4 2015,2.91,9,,,7.25,148.1,10.53
"Türkiye, Rep of",Q1 2016,2.84,9,,,7.25,149.96,10.87
"Türkiye, Rep of",Q2 2016,2.9,9,,,7.25,152.19,9.4
"Türkiye, Rep of",Q3 2016,3,9,,,7.25,153.72,11.27
"Türkiye, Rep of",Q4 2016,3.52,8.75,,,7.25,164.1,12.1
"Türkiye, Rep of",Q1 2017,3.64,8.75,,,7.25,164.37,12.7
"Türkiye, Rep of",Q2 2017,3.51,8.75,,,7.25,167.45,10.2
"Türkiye, Rep of",Q3 2017,3.56,8.75,,,7.25,173.93,10.53
"Türkiye, Rep of",Q4 2017,3.78,8.75,,,7.25,182.42,10.27
"Türkiye, Rep of",Q1 2018,3.95,8.75,,,7.25,186.23,10.53
"Türkiye, Rep of",Q2 2018,4.61,18.5,,,16.25,192.38,9.63
"Türkiye, Rep of",Q3 2018,6,18.5,,,22.5,209.94,11.1
"Türkiye, Rep of",Q4 2018,5.27,18.5,,,22.5,213.56,12.33
"Türkiye, Rep of",Q1 2019,5.63,18.5,,,22.5,220.68,14.67
"Türkiye, Rep of",Q2 2019,5.76,18.5,,,22.5,223.21,12.9
"Türkiye, Rep of",Q3 2019,5.66,18.5,,,15,231.08,14.1
"Türkiye, Rep of",Q4 2019,5.95,12.75,,,10.5,236.68,13.27
"Türkiye, Rep of",Q1 2020,6.52,12.75,,,8.25,244.8,13.53
"Türkiye, Rep of",Q2 2020,6.85,9,,,6.75,249.09,12.8
"Türkiye, Rep of",Q3 2020,7.82,9,,,8.75,267.98,13.33
"Türkiye, Rep of",Q4 2020,7.35,15.75,,,15.5,284.49,12.9
"Türkiye, Rep of",Q1 2021,8.33,15.75,,,17.5,297.59,13.53
"Türkiye, Rep of",Q2 2021,8.71,15.75,,,17.5,311.6,11.9
"Türkiye, Rep of",Q3 2021,8.85,15.75,,,16.5,340.01,11.73
"Türkiye, Rep of",Q4 2021,12.99,15.75,,,12.5,397.05,10.97
"Türkiye, Rep of",Q1 2022,14.66,14.75,,,12.5,503.38,11.63
"Türkiye, Rep of",Q2 2022,16.68,14.75,,,12.5,629.45,10.13
"Türkiye, Rep of",Q3 2022,18.52,14.75,,,10.5,716.78,10.1
"Türkiye, Rep of",Q4 2022,18.72,9.75,,,7.5,796.93,10.07
Turkmenistan,Q1 2000,"5,200.00",,,,,,
Turkmenistan,Q2 2000,"5,200.00",,,,,,
Turkmenistan,Q3 2000,"5,200.00",,,,,,
Turkmenistan,Q4 2000,"5,200.00",,,,,,
Turkmenistan,Q1 2001,"5,200.00",,,,,,
Turkmenistan,Q2 2001,"5,200.00",,,,,,
Turkmenistan,Q3 2001,"5,200.00",,,,,,
Turkmenistan,Q4 2001,"5,200.00",,,,,,
Ukraine,Q1 2000,5.43,,,,,,11.46
Ukraine,Q2 2000,5.44,,,,,,11.47
Ukraine,Q3 2000,5.44,,,,,,11.67
Ukraine,Q4 2000,5.43,,,,,,12.23
Ukraine,Q1 2001,5.42,,,,,,12.13
Ukraine,Q2 2001,5.38,,,,,,10.61
Ukraine,Q3 2001,5.33,,,,,,10.28
Ukraine,Q4 2001,5.3,,,,,,11.24
Ukraine,Q1 2002,5.32,,,,,,10.61
Ukraine,Q2 2002,5.33,,,,,,9.69
Ukraine,Q3 2002,5.33,,,,,,9.18
Ukraine,Q4 2002,5.33,,,,,,11.08
Ukraine,Q1 2003,5.33,,,,,,9.44
Ukraine,Q2 2003,5.33,,,,,,8.8
Ukraine,Q3 2003,5.33,,,,,,9.2
Ukraine,Q4 2003,5.33,,,,,,8.77
Ukraine,Q1 2004,5.33,,,,,,9.33
Ukraine,Q2 2004,5.32,,,,,,8.31
Ukraine,Q3 2004,5.31,,,,,,8.06
Ukraine,Q4 2004,5.31,,,,,,8.66
Ukraine,Q1 2005,5.28,,,,,,8.72
Ukraine,Q2 2005,5.06,,,,,,7.07
Ukraine,Q3 2005,5.05,,,,,,5.21
Ukraine,Q4 2005,5.05,,,,,,7.73
Ukraine,Q1 2006,5.05,,,,,,7.87
Ukraine,Q2 2006,5.05,,,,,,5.79
Ukraine,Q3 2006,5.05,,,,,,5.45
Ukraine,Q4 2006,5.05,,,,,,8.16
Ukraine,Q1 2007,5.05,,,,,,7.37
Ukraine,Q2 2007,5.05,,,,,,5.81
Ukraine,Q3 2007,5.05,,,,,,5.36
Ukraine,Q4 2007,5.05,,,,,,6.91
Ukraine,Q1 2008,5.05,,,,,,7.08
Ukraine,Q2 2008,4.85,,,,,,5.4
Ukraine,Q3 2008,4.86,,,,,,5.51
Ukraine,Q4 2008,7.7,,,,,,7.52
Ukraine,Q1 2009,7.7,,,,,,9.49
Ukraine,Q2 2009,7.63,,,,,,8.64
Ukraine,Q3 2009,8.01,,,,,,7.83
Ukraine,Q4 2009,7.99,,,,,,9.45
Ukraine,Q1 2010,7.93,,,,,,8.99
Ukraine,Q2 2010,7.91,,,,,,7.94
Ukraine,Q3 2010,7.91,,,,,,7.08
Ukraine,Q4 2010,7.96,,,,,,8.39
Ukraine,Q1 2011,7.96,,,,,,8.74
Ukraine,Q2 2011,7.97,,,,,,7.68
Ukraine,Q3 2011,7.97,,,,,,6.86
Ukraine,Q4 2011,7.99,,,,,,8.14
Ukraine,Q1 2012,7.99,,,,,,8.43
Ukraine,Q2 2012,7.99,,,,,,7.12
Ukraine,Q3 2012,7.99,,,,,,6.58
Ukraine,Q4 2012,7.99,,,,,,8.01
Ukraine,Q1 2013,7.99,,,,,,8.04
Ukraine,Q2 2013,7.99,,,,,,7.46
Ukraine,Q3 2013,7.99,,,,,,7.03
Ukraine,Q4 2013,7.99,,,,,,7.17
Ukraine,Q1 2014,10.95,,,,,,8.52
Ukraine,Q2 2014,11.82,,,,,,8.56
Ukraine,Q3 2014,12.95,,,,,,8.85
Ukraine,Q4 2014,15.77,,,,,,9.27
Ukraine,Q1 2015,23.44,,,,,,9.63
Ukraine,Q2 2015,21.02,,,,,,9.22
Ukraine,Q3 2015,21.53,,,,,,9.02
Ukraine,Q4 2015,24,,,,,,9.14
Ukraine,Q1 2016,26.22,,,,,,9.92
Ukraine,Q2 2016,24.85,,,,,,8.96
Ukraine,Q3 2016,25.91,,,,,,8.85
Ukraine,Q4 2016,27.19,,,,,,9.68
Ukraine,Q1 2017,26.98,,,,,,10.11
Ukraine,Q2 2017,26.1,,,,,,9.08
Ukraine,Q3 2017,26.52,,,,,,8.93
Ukraine,Q4 2017,28.07,,,,,,9.94
Ukraine,Q1 2018,26.54,,,,,,9.65
Ukraine,Q2 2018,26.19,,,,,,8.26
Ukraine,Q3 2018,28.3,,,,,,7.99
Ukraine,Q4 2018,27.69,,,,,,9.32
Ukraine,Q1 2019,27.25,,,,,,9.14
Ukraine,Q2 2019,26.17,,,,,,7.74
Ukraine,Q3 2019,24.08,,,,,,7.25
Ukraine,Q4 2019,23.69,,,,,,8.66
Ukraine,Q1 2020,28.06,,,,,,8.55
Ukraine,Q2 2020,26.69,,,,,,9.83
Ukraine,Q3 2020,28.3,,,,,,9.5
Ukraine,Q4 2020,28.27,,,,,,10.1
Ukraine,Q1 2021,27.89,,,,,,10.4
Ukraine,Q2 2021,27.18,,,,,,9.3
Ukraine,Q3 2021,26.58,,,,,,9.1
Ukraine,Q4 2021,27.28,,,,,,10.5
Ukraine,Q1 2022,29.25,,,,,,
Ukraine,Q2 2022,29.25,,,,,,
Ukraine,Q3 2022,36.57,,,,,,
Ukraine,Q4 2022,36.57,,,,,,
United Arab Emirates,Q1 2000,3.67,,,,,,
United Arab Emirates,Q2 2000,3.67,,,,,,
United Arab Emirates,Q3 2000,3.67,,,,,,
United Arab Emirates,Q4 2000,3.67,,,,,,
United Arab Emirates,Q1 2001,3.67,,,,,,
United Arab Emirates,Q2 2001,3.67,,,,,,
United Arab Emirates,Q3 2001,3.67,,,,,,
United Arab Emirates,Q4 2001,3.67,,,,,,
United Arab Emirates,Q1 2002,3.67,,,,,,
United Arab Emirates,Q2 2002,3.67,,,,,,
United Arab Emirates,Q3 2002,3.67,,,,,,
United Arab Emirates,Q4 2002,3.67,,,,,,
United Arab Emirates,Q1 2003,3.67,,,,,,
United Arab Emirates,Q2 2003,3.67,,,,,,
United Arab Emirates,Q3 2003,3.67,,,,,,
United Arab Emirates,Q4 2003,3.67,,,,,,
United Arab Emirates,Q1 2004,3.67,,,,,,
United Arab Emirates,Q2 2004,3.67,,,,,,
United Arab Emirates,Q3 2004,3.67,,,,,,
United Arab Emirates,Q4 2004,3.67,,,,,,
United Arab Emirates,Q1 2005,3.67,,,,,,
United Arab Emirates,Q2 2005,3.67,,,,,,
United Arab Emirates,Q3 2005,3.67,,,,,,
United Arab Emirates,Q4 2005,3.67,,,,,,
United Arab Emirates,Q1 2006,3.67,,,,,,
United Arab Emirates,Q2 2006,3.67,,,,,,
United Arab Emirates,Q3 2006,3.67,,,,,,
United Arab Emirates,Q4 2006,3.67,,,,,,
United Arab Emirates,Q1 2007,3.67,,,,,,
United Arab Emirates,Q2 2007,3.67,,,,,,
United Arab Emirates,Q3 2007,3.67,,,,,,
United Arab Emirates,Q4 2007,3.67,,,,,,
United Arab Emirates,Q1 2008,3.67,,,,,,
United Arab Emirates,Q2 2008,3.67,,,,,,
United Arab Emirates,Q3 2008,3.67,,,,,,
United Arab Emirates,Q4 2008,3.67,,,,,,
United Arab Emirates,Q1 2009,3.67,,,,,,
United Arab Emirates,Q2 2009,3.67,,,,,,
United Arab Emirates,Q3 2009,3.67,,,,,,
United Arab Emirates,Q4 2009,3.67,,,,,,
United Arab Emirates,Q1 2010,3.67,,,,,,
United Arab Emirates,Q2 2010,3.67,,,,,,
United Arab Emirates,Q3 2010,3.67,,,,,,
United Arab Emirates,Q4 2010,3.67,,,,,,
United Arab Emirates,Q1 2011,3.67,,,,,,
United Arab Emirates,Q2 2011,3.67,,,,,,
United Arab Emirates,Q3 2011,3.67,,,,,,
United Arab Emirates,Q4 2011,3.67,,,,,,
United Arab Emirates,Q1 2012,3.67,,,,,,
United Arab Emirates,Q2 2012,3.67,,,,,,
United Arab Emirates,Q3 2012,3.67,,,,,,
United Arab Emirates,Q4 2012,3.67,,,,,,
United Arab Emirates,Q1 2013,3.67,,,,,,
United Arab Emirates,Q2 2013,3.67,,,,,,
United Arab Emirates,Q3 2013,3.67,,,,,,
United Arab Emirates,Q4 2013,3.67,,,,,,
United Arab Emirates,Q1 2014,3.67,,,,,,
United Arab Emirates,Q2 2014,3.67,,,,,,
United Arab Emirates,Q3 2014,3.67,,,,,,
United Arab Emirates,Q4 2014,3.67,,,,,,
United Arab Emirates,Q1 2015,3.67,,,,,,
United Arab Emirates,Q2 2015,3.67,,,,,,
United Arab Emirates,Q3 2015,3.67,,,,,,
United Arab Emirates,Q4 2015,3.67,,,,,,
United Arab Emirates,Q1 2016,3.67,,,,,,
United Arab Emirates,Q2 2016,3.67,,,,,,
United Arab Emirates,Q3 2016,3.67,,,,,,
United Arab Emirates,Q4 2016,3.67,,,,,,
United Arab Emirates,Q1 2017,3.67,,,,,,
United Arab Emirates,Q2 2017,3.67,,,,,,
United Arab Emirates,Q3 2017,3.67,,,,,,
United Arab Emirates,Q4 2017,3.67,,,,,,
United Arab Emirates,Q1 2018,3.67,,,,,,
United Arab Emirates,Q2 2018,3.67,,,,,,
United Arab Emirates,Q3 2018,3.67,,,,,,
United Arab Emirates,Q4 2018,3.67,,,,,,
United Arab Emirates,Q1 2019,3.67,,,,,,
United Arab Emirates,Q2 2019,3.67,,,,,,
United Arab Emirates,Q3 2019,3.67,,,,,,
United Arab Emirates,Q4 2019,3.67,,,,,,
United Arab Emirates,Q1 2020,3.67,,,,,,
United Arab Emirates,Q2 2020,3.67,,,,,,
United Arab Emirates,Q3 2020,3.67,,,,,,
United Arab Emirates,Q4 2020,3.67,,,,,,
United Arab Emirates,Q1 2021,3.67,,,,,,
United Arab Emirates,Q2 2021,3.67,,,,,,
United Arab Emirates,Q3 2021,3.67,,,,,,
United Arab Emirates,Q4 2021,3.67,,,,,,
United Arab Emirates,Q1 2022,3.67,,,,,,
United Arab Emirates,Q2 2022,3.67,,,,,,
United Arab Emirates,Q3 2022,3.67,,,,,,
United Arab Emirates,Q4 2022,3.67,,,,,,
United Kingdom,Q1 2000,0.63,,6.21,5.84,6,78.56,5.63
United Kingdom,Q2 2000,0.66,,5.86,5.91,6,78.56,5.33
United Kingdom,Q3 2000,0.68,,5.73,5.84,6,78.9,5.43
United Kingdom,Q4 2000,0.67,,5.4,5.71,6,78.87,5.07
United Kingdom,Q1 2001,0.7,,5.04,5.42,5.75,79.47,4.93
United Kingdom,Q2 2001,0.71,,5.18,5.05,5.25,80.32,4.77
United Kingdom,Q3 2001,0.68,,5.14,4.77,4.75,80.47,5.27
United Kingdom,Q4 2001,0.69,,4.76,3.91,4,80.36,5.03
United Kingdom,Q1 2002,0.7,,5.05,3.88,4,81.16,5.07
United Kingdom,Q2 2002,0.65,,5.2,4.36,4,81.76,5.07
United Kingdom,Q3 2002,0.64,,4.62,3.81,4,82.09,5.4
United Kingdom,Q4 2002,0.62,,4.38,3.8,4,82.72,5
United Kingdom,Q1 2003,0.63,,3.99,3.59,3.75,83.1,5.03
United Kingdom,Q2 2003,0.61,,3.9,3.45,3.75,84.01,4.87
United Kingdom,Q3 2003,0.6,,4.29,3.4,3.5,84.38,5.17
United Kingdom,Q4 2003,0.56,,4.82,3.78,3.75,84.5,4.73
United Kingdom,Q1 2004,0.55,,4.64,3.99,4,84.83,4.67
United Kingdom,Q2 2004,0.55,,5.04,4.36,4.5,86.13,4.63
United Kingdom,Q3 2004,0.56,,5.01,4.74,4.75,86.26,4.87
United Kingdom,Q4 2004,0.52,,4.6,4.69,4.75,87.68,4.63
United Kingdom,Q1 2005,0.53,,4.62,4.73,4.75,87.86,4.67
United Kingdom,Q2 2005,0.56,,4.39,4.71,4.75,88.88,4.57
United Kingdom,Q3 2005,0.57,,4.21,4.48,4.5,89.17,4.93
United Kingdom,Q4 2005,0.58,,4.3,4.44,4.5,89.38,5
United Kingdom,Q1 2006,0.58,,4.25,4.4,4.5,90.1,5.13
United Kingdom,Q2 2006,0.55,,4.67,4.5,4.5,91.39,5.33
United Kingdom,Q3 2006,0.53,,4.76,4.73,4.75,92.35,5.63
United Kingdom,Q4 2006,0.51,,4.83,5.04,5,92.14,5.3
United Kingdom,Q1 2007,0.51,,5.13,5.39,5.25,92.36,5.43
United Kingdom,Q2 2007,0.5,,5.46,5.62,5.5,94.01,5.23
United Kingdom,Q3 2007,0.49,,5.36,5.83,5.75,94.12,5.47
United Kingdom,Q4 2007,0.5,,4.78,5.55,5.5,94.01,4.97
United Kingdom,Q1 2008,0.5,,4.27,5.06,5.25,94.8,5.1
United Kingdom,Q2 2008,0.5,,4.75,5.02,5,96.15,5.2
United Kingdom,Q3 2008,0.56,,4.68,4.99,5,97.59,6.03
United Kingdom,Q4 2008,0.69,,3.55,2.32,2,98.51,6.13
United Kingdom,Q1 2009,0.7,,2.6,0.76,0.5,98.3,7
United Kingdom,Q2 2009,0.6,,2.71,0.56,0.5,98.53,7.63
United Kingdom,Q3 2009,0.62,,2.88,0.41,0.5,99.16,8
United Kingdom,Q4 2009,0.62,,2.72,0.45,0.5,98.36,7.57
United Kingdom,Q1 2010,0.66,,2.9,0.49,0.5,99.72,7.97
United Kingdom,Q2 2010,0.67,,2.55,0.5,0.5,99.9,7.67
United Kingdom,Q3 2010,0.63,,2.02,0.5,0.5,99.97,7.93
United Kingdom,Q4 2010,0.64,,2.03,0.5,0.5,100.42,7.67
United Kingdom,Q1 2011,0.62,,2.61,0.53,0.5,102.1,7.73
United Kingdom,Q2 2011,0.62,,2.32,0.54,0.5,101.41,7.83
United Kingdom,Q3 2011,0.64,,1.6,0.47,0.5,102.26,8.43
United Kingdom,Q4 2011,0.65,,1.24,0.4,0.5,102.74,8.23
United Kingdom,Q1 2012,0.62,,1.06,0.38,0.5,103.1,8.17
United Kingdom,Q2 2012,0.64,,0.9,0.37,0.5,103.46,7.87
United Kingdom,Q3 2012,0.62,,0.66,0.26,0.5,103.78,8
United Kingdom,Q4 2012,0.63,,0.79,0.24,0.5,104.19,7.67
United Kingdom,Q1 2013,0.66,,0.95,0.3,0.5,105.18,7.8
United Kingdom,Q2 2013,0.65,,0.94,0.32,0.5,105.55,7.6
United Kingdom,Q3 2013,0.62,,1.46,0.29,0.5,106.42,7.8
United Kingdom,Q4 2013,0.61,,1.63,0.29,0.5,106.37,7
United Kingdom,Q1 2014,0.6,,1.8,0.36,0.5,106.93,6.7
United Kingdom,Q2 2014,0.59,,1.86,0.34,0.5,106.56,6.17
United Kingdom,Q3 2014,0.62,,1.83,0.42,0.5,107.75,6.17
United Kingdom,Q4 2014,0.64,,1.4,0.41,0.5,107.69,5.53
United Kingdom,Q1 2015,0.68,,1.11,0.38,0.5,107.94,5.47
United Kingdom,Q2 2015,0.64,,1.3,0.45,0.5,107.48,5.47
United Kingdom,Q3 2015,0.66,,1.32,0.47,0.5,107.97,5.5
United Kingdom,Q4 2015,0.67,,1.23,0.47,0.5,108.61,4.87
United Kingdom,Q1 2016,0.69,,0.9,0.47,0.5,109.31,5
United Kingdom,Q2 2016,0.74,,0.76,0.43,0.5,109.39,4.8
United Kingdom,Q3 2016,0.77,,0.28,0.27,0.25,110.36,4.93
United Kingdom,Q4 2016,0.81,,0.64,,,111.03,4.57
United Kingdom,Q1 2017,0.8,,0.47,,,111.48,4.53
United Kingdom,Q2 2017,0.77,,0.42,,,111.66,4.3
United Kingdom,Q3 2017,0.75,,0.62,,,111.99,4.4
United Kingdom,Q4 2017,0.74,,0.75,,,112.86,4.17
United Kingdom,Q1 2018,0.71,,1.09,,,113.14,4.17
United Kingdom,Q2 2018,0.76,,0.98,,,113.66,3.9
United Kingdom,Q3 2018,0.77,,1.09,,,114.04,4.17
United Kingdom,Q4 2018,0.79,,0.88,,,114.95,3.83
United Kingdom,Q1 2019,0.76,,0.83,,,115.04,3.77
United Kingdom,Q2 2019,0.79,,0.58,,,115.98,3.73
United Kingdom,Q3 2019,0.81,,0.37,,,116.71,3.97
United Kingdom,Q4 2019,0.76,,0.56,,,117.68,3.6
United Kingdom,Q1 2020,0.81,,0.22,,,119.21,3.87
United Kingdom,Q2 2020,0.81,,0,,,128.23,3.87
United Kingdom,Q3 2020,0.78,,-0.07,,,123.44,4.87
United Kingdom,Q4 2020,0.75,,-0.01,,,123.21,
United Kingdom,Q1 2021,0.73,,0.35,,,124.12,
United Kingdom,Q2 2021,0.72,,0.37,,,121.79,
United Kingdom,Q3 2021,0.74,,0.44,,,122.93,
United Kingdom,Q4 2021,0.74,,0.6,,,124.31,
United Kingdom,Q1 2022,0.76,,1.31,,,126.53,
United Kingdom,Q2 2022,0.83,,2.1,,,128.95,
United Kingdom,Q3 2022,0.9,,3.39,,,130.94,
United Kingdom,Q4 2022,0.83,,3.36,,,133.37,
United States,Q1 2000,1,5.34,6.56,5.69,6,80.41,4.39
United States,Q2 2000,1,6,6.52,5.89,6.5,80.91,3.88
United States,Q3 2000,1,6,6.16,6.2,6.5,81.39,4.02
United States,Q4 2000,1,6,5.63,6.22,6.5,81.83,3.68
United States,Q1 2001,1,4.81,4.64,4.97,5.31,82.37,4.58
United States,Q2 2001,1,3.47,4.43,3.75,3.97,82.86,4.35
United States,Q3 2001,1,2.77,3.93,3.24,3.27,83.19,4.77
United States,Q4 2001,1,1.33,3.33,1.95,1.75,83.45,5.22
United States,Q1 2002,1,1.25,3.75,1.75,1.75,83.72,6.17
United States,Q2 2002,1,1.25,3.77,1.74,1.75,84.01,5.75
United States,Q3 2002,1,1.25,2.62,1.67,1.75,84.41,5.67
United States,Q4 2002,1,0.75,2.27,1.36,1.25,84.9,5.55
United States,Q1 2003,1,2.25,2.07,1.17,1.25,85.32,6.34
United States,Q2 2003,1,2,1.77,1.05,1,85.61,6.05
United States,Q3 2003,1,2,2.2,0.94,1,86.1,6.03
United States,Q4 2003,1,2,2.38,0.93,1,86.63,5.54
United States,Q1 2004,1,2,2.17,0.93,1,87.24,6.1
United States,Q2 2004,1,2.25,2.98,1.08,1.25,87.94,5.49
United States,Q3 2004,1,2.75,2.92,1.51,1.75,88.51,5.4
United States,Q4 2004,1,3.25,3.05,2.03,2.25,89.19,5.13
United States,Q1 2005,1,3.75,3.61,2.59,2.75,89.9,5.65
United States,Q2 2005,1,4.25,3.73,2.91,3.25,90.56,5.03
United States,Q3 2005,1,4.75,3.98,3.43,3.75,91.38,4.97
United States,Q4 2005,1,5.25,4.37,3.92,4.25,92.12,4.7
United States,Q1 2006,1,5.75,4.58,4.5,4.75,92.77,5.03
United States,Q2 2006,1,6.25,4.98,4.82,5.25,93.59,4.59
United States,Q3 2006,1,6.25,4.87,5.03,5.25,94.25,4.66
United States,Q4 2006,1,6.25,4.65,5.04,5.25,94.6,4.23
United States,Q1 2007,1,6.25,4.68,5.11,5.25,95.5,4.81
United States,Q2 2007,1,6.25,4.76,4.87,5.25,96.14,4.43
United States,Q3 2007,1,5.25,4.41,4.37,4.75,96.64,4.68
United States,Q4 2007,1,4.75,3.5,3.46,4.25,97.05,4.57
United States,Q1 2008,1,2.5,2.17,2.04,2.25,97.39,5.28
United States,Q2 2008,1,2.25,2.67,1.63,2,97.89,5.25
United States,Q3 2008,1,2.25,2.63,1.55,2,98.63,6.03
United States,Q4 2008,1,0.5,1.48,0.24,0.13,98.86,6.57
United States,Q1 2009,1,0.5,1.27,0.19,0.13,98.81,8.81
United States,Q2 2009,1,0.5,1.49,0.17,0.13,98.64,9.11
United States,Q3 2009,1,0.5,1.56,0.15,0.13,98.74,9.59
United States,Q4 2009,1,0.5,1.39,0.05,0.13,99.07,9.5
United States,Q1 2010,1,0.75,1.47,0.11,0.13,99.34,10.4
United States,Q2 2010,1,0.75,1.38,0.14,0.13,99.82,9.48
United States,Q3 2010,1,0.75,0.83,0.15,0.13,100.13,9.49
United States,Q4 2010,1,0.75,0.74,0.13,0.13,100.71,9.16
United States,Q1 2011,1,0.75,1.16,0.12,0.13,101.23,9.5
United States,Q2 2011,1,0.75,0.95,0.04,0.13,101.9,8.91
United States,Q3 2011,1,0.75,0.47,0.03,0.13,102.53,9.06
United States,Q4 2011,1,0.75,0.42,0.01,0.13,102.65,8.33
United States,Q1 2012,1,0.75,0.42,0.07,0.13,103.28,8.63
United States,Q2 2012,1,0.75,0.4,0.08,0.13,103.69,8.03
United States,Q3 2012,1,0.75,0.35,0.1,0.13,104.23,8.1
United States,Q4 2012,1,0.75,0.36,0.08,0.13,104.76,7.52
United States,Q1 2013,1,0.75,0.39,0.08,0.13,105.18,8.08
United States,Q2 2013,1,0.75,0.44,0.05,0.13,105.48,7.39
United States,Q3 2013,1,0.75,0.71,0.03,0.13,105.97,7.35
United States,Q4 2013,1,0.75,0.63,0.05,0.13,106.61,6.68
United States,Q1 2014,1,0.75,0.76,0.05,0.13,107.05,6.94
United States,Q2 2014,1,0.75,0.87,0.03,0.13,107.66,6.07
United States,Q3 2014,1,0.75,0.98,0.02,0.13,108.13,6.18
United States,Q4 2014,1,0.75,0.97,0.02,0.13,108.31,5.47
United States,Q1 2015,1,0.75,0.97,0.02,0.13,108.27,5.82
United States,Q2 2015,1,0.75,0.97,0.02,0.13,108.85,5.29
United States,Q3 2015,1,0.75,1.02,0.04,0.13,109.18,5.2
United States,Q4 2015,1,1,1.14,0.12,0.38,109.17,4.81
United States,Q1 2016,1,1,1.03,0.29,0.38,109.08,5.19
United States,Q2 2016,1,1,0.92,0.26,0.38,109.85,4.77
United States,Q3 2016,1,1,0.85,0.3,0.38,110.16,4.98
United States,Q4 2016,1,1.25,1.23,0.43,0.63,110.74,4.53
United States,Q1 2017,1,1.5,1.51,0.6,0.88,111.31,4.88
United States,Q2 2017,1,1.75,1.47,0.9,1.13,111.66,4.23
United States,Q3 2017,1,1.75,1.51,,1.13,112.22,4.4
United States,Q4 2017,1,2,1.82,,1.38,112.99,3.91
United States,Q1 2018,1,2.25,2.31,,1.63,113.68,4.34
United States,Q2 2018,1,2.5,2.61,,1.88,114.66,3.8
United States,Q3 2018,1,2.75,2.75,,2.13,115.04,3.87
United States,Q4 2018,1,3,2.84,,2.38,115.57,3.58
United States,Q1 2019,1,3,2.46,,2.38,116.01,4.13
United States,Q2 2019,1,3,2.08,,2.38,116.66,3.51
United States,Q3 2019,1,2.5,1.63,,1.88,117.04,3.69
United States,Q4 2019,1,2.25,1.59,,1.63,117.47,3.34
United States,Q1 2020,1,0.25,1.11,,0.13,117.95,4.1
United States,Q2 2020,1,0.25,0.24,,0.13,117.5,12.89
United States,Q3 2020,1,0.25,0.16,,0.13,118.52,8.89
United States,Q4 2020,1,0.25,0.2,,0.13,119.27,6.5
United States,Q1 2021,1,0.25,0.24,,0.13,120.75,6.51
United States,Q2 2021,1,0.25,0.35,,0.13,122.63,5.78
United States,Q3 2021,1,,0.41,,0.13,124.49,5.17
United States,Q4 2021,1,,,,0.13,126.57,3.95
United States,Q1 2022,1,,,,0.38,129.13,4.11
United States,Q2 2022,1,,,,1.63,131.97,3.52
United States,Q3 2022,1,,,,,133.39,3.63
United States,Q4 2022,1,,,,,134.68,
"Uzbekistan, Rep. of",Q1 2013,"2,039.60",,,,12,,
"Uzbekistan, Rep. of",Q2 2013,"2,093.10",,,,12,,
"Uzbekistan, Rep. of",Q3 2013,"2,146.70",,,,12,,
"Uzbekistan, Rep. of",Q4 2013,"2,202.20",,,,12,,
"Uzbekistan, Rep. of",Q1 2014,"2,257.30",,,,10,,
"Uzbekistan, Rep. of",Q2 2014,"2,312.30",,,,10,,
"Uzbekistan, Rep. of",Q3 2014,"2,367.40",,,,10,,
"Uzbekistan, Rep. of",Q4 2014,"2,422.40",,,,10,,
"Uzbekistan, Rep. of",Q1 2015,"2,490.20",,,,9,,
"Uzbekistan, Rep. of",Q2 2015,"2,555.60",,,,9,,
"Uzbekistan, Rep. of",Q3 2015,"2,621.00",,,,9,,
"Uzbekistan, Rep. of",Q4 2015,"2,809.98",,,,9,,
"Uzbekistan, Rep. of",Q1 2016,"2,876.72",,,,9,,
"Uzbekistan, Rep. of",Q2 2016,"2,943.46",,,,9,,
"Uzbekistan, Rep. of",Q3 2016,"3,010.20",,,,9,,
"Uzbekistan, Rep. of",Q4 2016,"3,231.48",,,,9,,
"Uzbekistan, Rep. of",Q1 2017,"3,595.02",,,,9,,
"Uzbekistan, Rep. of",Q2 2017,"3,958.56",,,,14,,
"Uzbekistan, Rep. of",Q3 2017,"8,066.96",,,,14,,
"Uzbekistan, Rep. of",Q4 2017,"8,120.07",,,,14,,
"Uzbekistan, Rep. of",Q1 2018,"8,114.86",,,,14,,
"Uzbekistan, Rep. of",Q2 2018,"7,871.66",,,,14,,
"Uzbekistan, Rep. of",Q3 2018,"8,079.28",,,,16,,
"Uzbekistan, Rep. of",Q4 2018,"8,339.55",,,,16,,
"Uzbekistan, Rep. of",Q1 2019,"8,389.97",,,,16,,
"Uzbekistan, Rep. of",Q2 2019,"8,562.34",,,,16,,
"Uzbekistan, Rep. of",Q3 2019,"9,424.54",,,,16,,
"Uzbekistan, Rep. of",Q4 2019,"9,507.56",,,,16,,
"Uzbekistan, Rep. of",Q1 2020,"9,554.22",,,,16,,
"Uzbekistan, Rep. of",Q2 2020,"10,173.38",,,,15,,
"Uzbekistan, Rep. of",Q3 2020,"10,321.21",,,,14,,
"Uzbekistan, Rep. of",Q4 2020,"10,476.92",,,,14,,
"Uzbekistan, Rep. of",Q1 2021,"10,474.98",,,,14,,
"Uzbekistan, Rep. of",Q2 2021,"10,605.30",,,,14,,
"Uzbekistan, Rep. of",Q3 2021,"10,691.91",,,,14,,
"Uzbekistan, Rep. of",Q4 2021,"10,837.66",,,,14,,
"Uzbekistan, Rep. of",Q1 2022,"11,400.21",,,,17,,
"Uzbekistan, Rep. of",Q2 2022,"10,860.25",,,,16,,
"Uzbekistan, Rep. of",Q3 2022,"11,014.01",,,,15,,
"Uzbekistan, Rep. of",Q4 2022,"11,225.46",,,,15,,
Vietnam,Q1 2000,"14,062.00",,,,6,,
Vietnam,Q2 2000,"14,085.00",,,,5.4,,
Vietnam,Q3 2000,"14,215.00",,,,5.4,,
Vietnam,Q4 2000,"14,514.00",,,,6,,
Vietnam,Q1 2001,"14,545.00",,,,6,,
Vietnam,Q2 2001,"14,845.00",,,,5.4,,
Vietnam,Q3 2001,"15,003.00",,,,4.8,,
Vietnam,Q4 2001,"15,084.00",,,,4.8,,
Vietnam,Q1 2002,"15,250.00",,,,4.8,,
Vietnam,Q2 2002,"15,321.00",,,,4.8,,
Vietnam,Q3 2002,"15,347.00",,,,4.8,,
Vietnam,Q4 2002,"15,403.00",,,,4.8,,
Vietnam,Q1 2003,"15,443.00",,,,6.6,,
Vietnam,Q2 2003,"15,499.00",,,,6,,
Vietnam,Q3 2003,"15,557.00",,,,5,,
Vietnam,Q4 2003,"15,646.00",,,,5,,
Vietnam,Q1 2004,"15,724.00",,,,5,,
Vietnam,Q2 2004,"15,723.00",,,,5,,
Vietnam,Q3 2004,"15,755.00",,,,5,,
Vietnam,Q4 2004,"15,777.00",,,,5,,
Vietnam,Q1 2005,"15,823.00",,,,5,,
Vietnam,Q2 2005,"15,857.00",,,,5,,
Vietnam,Q3 2005,"15,895.00",,,,5,,
Vietnam,Q4 2005,"15,916.00",,,,5,,
Vietnam,Q1 2006,"15,927.00",,,,5,,
Vietnam,Q2 2006,"15,996.00",,,,5,,
Vietnam,Q3 2006,"16,055.00",,,,5,,
Vietnam,Q4 2006,"16,054.00",,,,6.5,,
Vietnam,Q1 2007,"16,024.00",,,,6.5,,
Vietnam,Q2 2007,"16,125.00",,,,6.5,,
Vietnam,Q3 2007,"16,105.00",,,,6.5,,
Vietnam,Q4 2007,"16,114.00",,,,6.5,,
Vietnam,Q1 2008,"15,960.00",,,,7.5,,
Vietnam,Q2 2008,"16,514.00",,,,15,,
Vietnam,Q3 2008,"16,517.00",,,,15,,
Vietnam,Q4 2008,"16,977.00",,,,10.25,,
Vietnam,Q1 2009,"16,954.00",,,,8,,
Vietnam,Q2 2009,"16,953.00",,,,7,,
Vietnam,Q3 2009,"16,991.00",,,,7,,
Vietnam,Q4 2009,"17,941.00",,,,8,,
Vietnam,Q1 2010,"18,544.00",,,,8,,
Vietnam,Q2 2010,"18,544.00",,,,8,,
Vietnam,Q3 2010,"18,932.00",,,,8,,
Vietnam,Q4 2010,"18,932.00",,,,9,,
Vietnam,Q1 2011,"20,703.00",,,,12,,1.35
Vietnam,Q2 2011,"20,618.00",,,,14,,0.99
Vietnam,Q3 2011,"20,628.00",,,,14,,0.87
Vietnam,Q4 2011,"20,828.00",,,,15,,0.79
Vietnam,Q1 2012,"20,828.00",,,,14,,1.09
Vietnam,Q2 2012,"20,828.00",,,,11,,0.97
Vietnam,Q3 2012,"20,828.00",,,,10,,1.07
Vietnam,Q4 2012,"20,828.00",,,,9,,0.96
Vietnam,Q1 2013,"20,828.00",,,,8,,1.39
Vietnam,Q2 2013,"21,036.00",,,,7,,1.29
Vietnam,Q3 2013,"21,036.00",,,,7,,1.44
Vietnam,Q4 2013,"21,036.00",,,,7,,1.14
Vietnam,Q1 2014,"21,036.00",,,,6.5,,1.38
Vietnam,Q2 2014,"21,246.00",,,,6.5,,1.13
Vietnam,Q3 2014,"21,246.00",,,,6.5,,1.34
Vietnam,Q4 2014,"21,246.00",,,,6.5,,1.18
Vietnam,Q1 2015,"21,485.00",,,,6.5,,1.92
Vietnam,Q2 2015,"21,673.00",,,,6.5,,1.92
Vietnam,Q3 2015,"21,890.00",,,,6.5,,1.77
Vietnam,Q4 2015,"21,890.00",,,,6.5,,1.4
Vietnam,Q1 2016,"21,857.00",,,,6.5,,2.17
Vietnam,Q2 2016,"21,873.00",,,,6.5,,1.99
Vietnam,Q3 2016,"21,949.00",,,,6.5,,1.77
Vietnam,Q4 2016,"22,159.00",,,,6.5,,1.46
Vietnam,Q1 2017,"22,276.00",,,,6.5,,2.35
Vietnam,Q2 2017,"22,431.00",,,,6.5,,1.72
Vietnam,Q3 2017,"22,470.00",,,,6.25,,1.85
Vietnam,Q4 2017,"22,425.00",,,,6.25,,1.56
Vietnam,Q1 2018,"22,458.00",,,,6.25,,1.25
Vietnam,Q2 2018,"22,650.00",,,,6.25,,1.21
Vietnam,Q3 2018,"22,714.00",,,,6.25,,1.1
Vietnam,Q4 2018,"22,825.00",,,,6.25,,1.04
Vietnam,Q1 2019,"22,980.00",,,,6.25,,1.67
Vietnam,Q2 2019,"23,066.00",,,,6.25,,1.7
Vietnam,Q3 2019,"23,161.00",,,,6,,1.71
Vietnam,Q4 2019,"23,155.00",,,,6,,1.65
Vietnam,Q1 2020,"23,235.00",,,,5,,1.88
Vietnam,Q2 2020,"23,229.00",,,,4.5,,2.24
Vietnam,Q3 2020,"23,215.00",,,,4,,2.19
Vietnam,Q4 2020,"23,131.00",,,,4,,2.1
Vietnam,Q1 2021,"23,244.00",,,,4,,2
Vietnam,Q2 2021,"23,178.00",,,,,,1.76
Vietnam,Q3 2021,"23,162.00",,,,4,,2.54
Vietnam,Q4 2021,"23,145.00",,,,4,,2.65
Vietnam,Q1 2022,"23,100.00",,,,4,,1.61
Vietnam,Q2 2022,"23,110.00",,,,4,,1.57
Vietnam,Q3 2022,"23,400.00",,,,5,,1.53
Vietnam,Q4 2022,"23,612.00",,,,6,,1.43