country,date,Credit_GDP_gap
AR,31.12.94,4.6
AR,31.03.95,3.7
AR,30.06.95,4.2
AR,30.09.95,3.7
AR,31.12.95,4.8
AR,31.03.96,4.5
AR,30.06.96,4.7
AR,30.09.96,4.6
AR,31.12.96,5
AR,31.03.97,5.2
AR,30.06.97,5.9
AR,30.09.97,6.2
AR,31.12.97,6.8
AR,31.03.98,6.8
AR,30.06.98,6.8
AR,30.09.98,7.2
AR,31.12.98,7.5
AR,31.03.99,7.1
AR,30.06.99,7.1
AR,30.09.99,6.2
AR,31.12.99,5.8
AR,31.03.00,4.4
AR,30.06.00,3.5
AR,30.09.00,3.1
AR,31.12.00,2.2
AR,31.03.01,1
AR,30.06.01,2
AR,30.09.01,0.8
AR,31.12.01,11.2
AR,31.03.02,44.1
AR,30.06.02,49.9
AR,30.09.02,38.9
AR,31.12.02,23.9
AR,31.03.03,12
AR,30.06.03,5.8
AR,30.09.03,3.3
AR,31.12.03,1
AR,31.03.04,-3.2
AR,30.06.04,-4.1
AR,30.09.04,-5.1
AR,31.12.04,-7.1
AR,31.03.05,-9.3
AR,30.06.05,-10.1
AR,30.09.05,-11.4
AR,31.12.05,-11.6
AR,31.03.06,-11.8
AR,30.06.06,-11.9
AR,30.09.06,-12
AR,31.12.06,-12
AR,31.03.07,-12
AR,30.06.07,-12
AR,30.09.07,-11.4
AR,31.12.07,-11.6
AR,31.03.08,-11.7
AR,30.06.08,-12.3
AR,30.09.08,-11.9
AR,31.12.08,-11
AR,31.03.09,-10.1
AR,30.06.09,-9.3
AR,30.09.09,-9.2
AR,31.12.09,-9.2
AR,31.03.10,-9.5
AR,30.06.10,-9.3
AR,30.09.10,-9.1
AR,31.12.10,-8.5
AR,31.03.11,-8.3
AR,30.06.11,-7.7
AR,30.09.11,-6.7
AR,31.12.11,-6.4
AR,31.03.12,-6.2
AR,30.06.12,-5.5
AR,30.09.12,-4.8
AR,31.12.12,-3.6
AR,31.03.13,-3.6
AR,30.06.13,-3.1
AR,30.09.13,-2.5
AR,31.12.13,-1.5
AR,31.03.14,-1.6
AR,30.06.14,-2.8
AR,30.09.14,-3.1
AR,31.12.14,-3.2
AR,31.03.15,-3.1
AR,30.06.15,-2.4
AR,30.09.15,-2.1
AR,31.12.15,-0.1
AR,31.03.16,-0.2
AR,30.06.16,-0.5
AR,30.09.16,-0.2
AR,31.12.16,0.2
AR,31.03.17,0
AR,30.06.17,1.1
AR,30.09.17,2.4
AR,31.12.17,4.7
AR,31.03.18,5.1
AR,30.06.18,8.2
AR,30.09.18,12.2
AR,31.12.18,7.7
AR,31.03.19,7.6
AR,30.06.19,5
AR,30.09.19,8.4
AR,31.12.19,6
AR,31.03.20,4.7
AR,30.06.20,6.1
AR,30.09.20,6
AR,31.12.20,6.6
AR,31.03.21,5
AR,30.06.21,2.3
AR,30.09.21,0.4
AR,31.12.21,-0.6
AR,31.03.22,-2
AR,30.06.22,-0.7
AR,30.09.22,-1
AR,31.12.22,-0.9
AR,31.03.23,-0.8
AR,30.06.23,0.3
AR,30.09.23,1.5
AT,31.12.70,0.6
AT,31.03.71,0
AT,30.06.71,1
AT,30.09.71,0.6
AT,31.12.71,1.9
AT,31.03.72,1.4
AT,30.06.72,1.8
AT,30.09.72,1.7
AT,31.12.72,2.3
AT,31.03.73,0.6
AT,30.06.73,0
AT,30.09.73,-0.9
AT,31.12.73,-0.8
AT,31.03.74,-1.8
AT,30.06.74,-2.3
AT,30.09.74,-2.8
AT,31.12.74,-1.8
AT,31.03.75,-2
AT,30.06.75,-0.8
AT,30.09.75,-0.8
AT,31.12.75,0.1
AT,31.03.76,-0.2
AT,30.06.76,0.6
AT,30.09.76,1.1
AT,31.12.76,3.7
AT,31.03.77,2.1
AT,30.06.77,3.1
AT,30.09.77,2.8
AT,31.12.77,3.4
AT,31.03.78,2.9
AT,30.06.78,3.7
AT,30.09.78,4.5
AT,31.12.78,6.1
AT,31.03.79,5.1
AT,30.06.79,5.9
AT,30.09.79,5.8
AT,31.12.79,7.2
AT,31.03.80,6.2
AT,30.06.80,6.8
AT,30.09.80,7.1
AT,31.12.80,7
AT,31.03.81,6.7
AT,30.06.81,7
AT,30.09.81,6.2
AT,31.12.81,6.5
AT,31.03.82,4.9
AT,30.06.82,4
AT,30.09.82,2.7
AT,31.12.82,2
AT,31.03.83,-0.7
AT,30.06.83,-1.2
AT,30.09.83,-2.2
AT,31.12.83,-2.3
AT,31.03.84,-4.9
AT,30.06.84,-4.3
AT,30.09.84,-3.9
AT,31.12.84,-1.6
AT,31.03.85,-3.2
AT,30.06.85,-2.8
AT,30.09.85,-3.1
AT,31.12.85,-2.3
AT,31.03.86,-4.8
AT,30.06.86,-4.5
AT,30.09.86,-4.5
AT,31.12.86,-2.2
AT,31.03.87,-4.3
AT,30.06.87,-3.7
AT,30.09.87,-3.3
AT,31.12.87,-1.4
AT,31.03.88,-2.7
AT,30.06.88,-1
AT,30.09.88,-1.1
AT,31.12.88,0.6
AT,31.03.89,-2.3
AT,30.06.89,-1.1
AT,30.09.89,0.3
AT,31.12.89,1.5
AT,31.03.90,0.2
AT,30.06.90,1.6
AT,30.09.90,1.4
AT,31.12.90,2.4
AT,31.03.91,0.8
AT,30.06.91,1.9
AT,30.09.91,0.7
AT,31.12.91,1.5
AT,31.03.92,-0.6
AT,30.06.92,0.1
AT,30.09.92,0.3
AT,31.12.92,1
AT,31.03.93,-0.3
AT,30.06.93,-0.2
AT,30.09.93,-1.1
AT,31.12.93,-0.9
AT,31.03.94,-3.1
AT,30.06.94,-2.6
AT,30.09.94,-3.4
AT,31.12.94,-3
AT,31.03.95,-5.5
AT,30.06.95,-5
AT,30.09.95,-5
AT,31.12.95,-2.7
AT,31.03.96,-6
AT,30.06.96,-3.5
AT,30.09.96,-2
AT,31.12.96,-1.9
AT,31.03.97,-3.1
AT,30.06.97,0
AT,30.09.97,1.2
AT,31.12.97,1
AT,31.03.98,-2.3
AT,30.06.98,-1.3
AT,30.09.98,-1.2
AT,31.12.98,-0.3
AT,31.03.99,-1.5
AT,30.06.99,-0.8
AT,30.09.99,2.1
AT,31.12.99,4.1
AT,31.03.00,2.9
AT,30.06.00,5
AT,30.09.00,9.6
AT,31.12.00,7.3
AT,31.03.01,5.5
AT,30.06.01,4.5
AT,30.09.01,4.6
AT,31.12.01,5.5
AT,31.03.02,3.8
AT,30.06.02,3.3
AT,30.09.02,2.6
AT,31.12.02,2
AT,31.03.03,0.4
AT,30.06.03,-0.2
AT,30.09.03,-0.6
AT,31.12.03,1.2
AT,31.03.04,0.5
AT,30.06.04,0.8
AT,30.09.04,-0.3
AT,31.12.04,-1.9
AT,31.03.05,-2.5
AT,30.06.05,-0.1
AT,30.09.05,0.4
AT,31.12.05,-0.6
AT,31.03.06,-0.3
AT,30.06.06,1
AT,30.09.06,1.2
AT,31.12.06,-0.9
AT,31.03.07,-2.8
AT,30.06.07,-0.9
AT,30.09.07,-0.4
AT,31.12.07,1
AT,31.03.08,0.7
AT,30.06.08,-0.3
AT,30.09.08,-0.9
AT,31.12.08,0.7
AT,31.03.09,0.1
AT,30.06.09,0.2
AT,30.09.09,1.2
AT,31.12.09,0.7
AT,31.03.10,0.9
AT,30.06.10,1.7
AT,30.09.10,0.9
AT,31.12.10,0.5
AT,31.03.11,-2.3
AT,30.06.11,-2.7
AT,30.09.11,-3.7
AT,31.12.11,-3.7
AT,31.03.12,-4.9
AT,30.06.12,-4.3
AT,30.09.12,-4.8
AT,31.12.12,-6.6
AT,31.03.13,-7.1
AT,30.06.13,-7.7
AT,30.09.13,-8.1
AT,31.12.13,-4.2
AT,31.03.14,-5.8
AT,30.06.14,-5.6
AT,30.09.14,-5.9
AT,31.12.14,-9.4
AT,31.03.15,-7.5
AT,30.06.15,-9.1
AT,30.09.15,-9.2
AT,31.12.15,-9.4
AT,31.03.16,-9.6
AT,30.06.16,-9.8
AT,30.09.16,-8.6
AT,31.12.16,-8.6
AT,31.03.17,-7.6
AT,30.06.17,-8.5
AT,30.09.17,-8.6
AT,31.12.17,-8.6
AT,31.03.18,-7.7
AT,30.06.18,-8.1
AT,30.09.18,-7.9
AT,31.12.18,-7.6
AT,31.03.19,-6.8
AT,30.06.19,-5.8
AT,30.09.19,-7.7
AT,31.12.19,-7.4
AT,31.03.20,-5.3
AT,30.06.20,-0.1
AT,30.09.20,1.5
AT,31.12.20,2.5
AT,31.03.21,6.3
AT,30.06.21,2.2
AT,30.09.21,1.8
AT,31.12.21,1.5
AT,31.03.22,-2.2
AT,30.06.22,-4.4
AT,30.09.22,-6.4
AT,31.12.22,-9.9
AT,31.03.23,-10.4
AT,30.06.23,-12
AT,30.09.23,-12.6
AU,30.06.70,-2.4
AU,30.09.70,-2.5
AU,31.12.70,-2.6
AU,31.03.71,-2.7
AU,30.06.71,-2.6
AU,30.09.71,-3.1
AU,31.12.71,-3.2
AU,31.03.72,-2.8
AU,30.06.72,-2.7
AU,30.09.72,-2.3
AU,31.12.72,-2.4
AU,31.03.73,-0.6
AU,30.06.73,0.8
AU,30.09.73,1.2
AU,31.12.73,1
AU,31.03.74,1.9
AU,30.06.74,3
AU,30.09.74,3.6
AU,31.12.74,4.2
AU,31.03.75,3.7
AU,30.06.75,2.7
AU,30.09.75,2.2
AU,31.12.75,1.7
AU,31.03.76,1.2
AU,30.06.76,0.7
AU,30.09.76,0.1
AU,31.12.76,-0.3
AU,31.03.77,-1.2
AU,30.06.77,-1.9
AU,30.09.77,-2.2
AU,31.12.77,-2.2
AU,31.03.78,-1.7
AU,30.06.78,-0.1
AU,30.09.78,-0.4
AU,31.12.78,0
AU,31.03.79,-0.9
AU,30.06.79,0.7
AU,30.09.79,0.7
AU,31.12.79,0.4
AU,31.03.80,0.8
AU,30.06.80,2.3
AU,30.09.80,1.7
AU,31.12.80,1.7
AU,31.03.81,1.7
AU,30.06.81,3.1
AU,30.09.81,2.8
AU,31.12.81,2.6
AU,31.03.82,3.3
AU,30.06.82,3.9
AU,30.09.82,4.3
AU,31.12.82,4.3
AU,31.03.83,5.7
AU,30.06.83,6.8
AU,30.09.83,5.3
AU,31.12.83,5.1
AU,31.03.84,3.8
AU,30.06.84,3
AU,30.09.84,2.9
AU,31.12.84,3.7
AU,31.03.85,4.2
AU,30.06.85,6
AU,30.09.85,6.3
AU,31.12.85,7.3
AU,31.03.86,7.2
AU,30.06.86,10.8
AU,30.09.86,13.8
AU,31.12.86,14.2
AU,31.03.87,13.2
AU,30.06.87,14.5
AU,30.09.87,14
AU,31.12.87,14.8
AU,31.03.88,15.8
AU,30.06.88,17.5
AU,30.09.88,16.5
AU,31.12.88,14.2
AU,31.03.89,14.2
AU,30.06.89,15.6
AU,30.09.89,12.2
AU,31.12.89,9.8
AU,31.03.90,10.3
AU,30.06.90,8.9
AU,30.09.90,7.1
AU,31.12.90,6.3
AU,31.03.91,6.6
AU,30.06.91,4.6
AU,30.09.91,1.5
AU,31.12.91,1.3
AU,31.03.92,-0.2
AU,30.06.92,-1.2
AU,30.09.92,-1
AU,31.12.92,-4.3
AU,31.03.93,-6.6
AU,30.06.93,-9.4
AU,30.09.93,-9.5
AU,31.12.93,-11
AU,31.03.94,-11.5
AU,30.06.94,-11
AU,30.09.94,-10.7
AU,31.12.94,-10.8
AU,31.03.95,-10.6
AU,30.06.95,-10.3
AU,30.09.95,-10.5
AU,31.12.95,-9.9
AU,31.03.96,-9.5
AU,30.06.96,-8.7
AU,30.09.96,-10
AU,31.12.96,-8.6
AU,31.03.97,-8.7
AU,30.06.97,-7.4
AU,30.09.97,-6.7
AU,31.12.97,-3.9
AU,31.03.98,-3.8
AU,30.06.98,-1.4
AU,30.09.98,-1.2
AU,31.12.98,-0.4
AU,31.03.99,0.3
AU,30.06.99,-0.7
AU,30.09.99,0.5
AU,31.12.99,2.6
AU,31.03.00,2.9
AU,30.06.00,4.3
AU,30.09.00,4.2
AU,31.12.00,6.5
AU,31.03.01,7.6
AU,30.06.01,5.4
AU,30.09.01,5.3
AU,31.12.01,3.3
AU,31.03.02,2.2
AU,30.06.02,4.6
AU,30.09.02,6.2
AU,31.12.02,5.5
AU,31.03.03,5.1
AU,30.06.03,6.6
AU,30.09.03,6.7
AU,31.12.03,8.9
AU,31.03.04,8.1
AU,30.06.04,9
AU,30.09.04,8.9
AU,31.12.04,10.1
AU,31.03.05,10
AU,30.06.05,12.6
AU,30.09.05,13.1
AU,31.12.05,14.6
AU,31.03.06,13.7
AU,30.06.06,15.9
AU,30.09.06,16.7
AU,31.12.06,16.9
AU,31.03.07,15.8
AU,30.06.07,16.5
AU,30.09.07,18.1
AU,31.12.07,18
AU,31.03.08,17
AU,30.06.08,15.2
AU,30.09.08,12.7
AU,31.12.08,11.1
AU,31.03.09,7.2
AU,30.06.09,4.4
AU,30.09.09,4.1
AU,31.12.09,3.7
AU,31.03.10,1.9
AU,30.06.10,-0.7
AU,30.09.10,-4.4
AU,31.12.10,-8.7
AU,31.03.11,-10.6
AU,30.06.11,-12.9
AU,30.09.11,-13.2
AU,31.12.11,-14.7
AU,31.03.12,-14.9
AU,30.06.12,-14.1
AU,30.09.12,-13.9
AU,31.12.12,-13.4
AU,31.03.13,-13.3
AU,30.06.13,-10.1
AU,30.09.13,-10.7
AU,31.12.13,-8.7
AU,31.03.14,-10.1
AU,30.06.14,-8.6
AU,30.09.14,-7
AU,31.12.14,-5.1
AU,31.03.15,-1.6
AU,30.06.15,0.1
AU,30.09.15,1.6
AU,31.12.15,1.8
AU,31.03.16,2.4
AU,30.06.16,2.7
AU,30.09.16,1.7
AU,31.12.16,-0.3
AU,31.03.17,-4.3
AU,30.06.17,-5.1
AU,30.09.17,-7.1
AU,31.12.17,-7.1
AU,31.03.18,-6.8
AU,30.06.18,-7.8
AU,30.09.18,-8.1
AU,31.12.18,-8.9
AU,31.03.19,-9.7
AU,30.06.19,-10.9
AU,30.09.19,-12.2
AU,31.12.19,-13.4
AU,31.03.20,-10.4
AU,30.06.20,-10.2
AU,30.09.20,-9.9
AU,31.12.20,-11.6
AU,31.03.21,-12.5
AU,30.06.21,-17
AU,30.09.21,-18.9
AU,31.12.21,-20.6
AU,31.03.22,-22.6
AU,30.06.22,-23
AU,30.09.22,-24.8
AU,31.12.22,-27
AU,31.03.23,-27.5
AU,30.06.23,-26
AU,30.09.23,-24.4
BE,31.12.80,-4.8
BE,31.03.81,-4.7
BE,30.06.81,-4.7
BE,30.09.81,-5.2
BE,31.12.81,-2
BE,31.03.82,-3
BE,30.06.82,-4.3
BE,30.09.82,-6.6
BE,31.12.82,-3.3
BE,31.03.83,-4.5
BE,30.06.83,-5.4
BE,30.09.83,-5.8
BE,31.12.83,-4.9
BE,31.03.84,-6.6
BE,30.06.84,-7.1
BE,30.09.84,-8.2
BE,31.12.84,-7.1
BE,31.03.85,-8.1
BE,30.06.85,-7.7
BE,30.09.85,-9.1
BE,31.12.85,-8.4
BE,31.03.86,-8.6
BE,30.06.86,-7.8
BE,30.09.86,-8.6
BE,31.12.86,-7.5
BE,31.03.87,-6.5
BE,30.06.87,-3.9
BE,30.09.87,-5.3
BE,31.12.87,-4.3
BE,31.03.88,-3.3
BE,30.06.88,-1.7
BE,30.09.88,-0.7
BE,31.12.88,0.2
BE,31.03.89,0.3
BE,30.06.89,2.9
BE,30.09.89,3.2
BE,31.12.89,5.3
BE,31.03.90,3.4
BE,30.06.90,4.9
BE,30.09.90,4.9
BE,31.12.90,5.2
BE,31.03.91,6.2
BE,30.06.91,6.9
BE,30.09.91,6.3
BE,31.12.91,6.6
BE,31.03.92,5.4
BE,30.06.92,6.3
BE,30.09.92,5.5
BE,31.12.92,14.3
BE,31.03.93,14.5
BE,30.06.93,14.8
BE,30.09.93,13.9
BE,31.12.93,13.8
BE,31.03.94,12.5
BE,30.06.94,12.4
BE,30.09.94,11.7
BE,31.12.94,10.5
BE,31.03.95,8.7
BE,30.06.95,7.2
BE,30.09.95,4.6
BE,31.12.95,3.3
BE,31.03.96,3.2
BE,30.06.96,4.4
BE,30.09.96,4.7
BE,31.12.96,4.9
BE,31.03.97,6.7
BE,30.06.97,8
BE,30.09.97,8.4
BE,31.12.97,8.5
BE,31.03.98,7.4
BE,30.06.98,9.6
BE,30.09.98,10.1
BE,31.12.98,10.6
BE,31.03.99,14.3
BE,30.06.99,15.2
BE,30.09.99,16.9
BE,31.12.99,17.3
BE,31.03.00,18.1
BE,30.06.00,18.6
BE,30.09.00,19.2
BE,31.12.00,20.2
BE,31.03.01,19.2
BE,30.06.01,19.5
BE,30.09.01,18.4
BE,31.12.01,18.7
BE,31.03.02,15.8
BE,30.06.02,13.7
BE,30.09.02,11.4
BE,31.12.02,9.2
BE,31.03.03,6.8
BE,30.06.03,8.3
BE,30.09.03,8.8
BE,31.12.03,9.9
BE,31.03.04,9.1
BE,30.06.04,8
BE,30.09.04,7.2
BE,31.12.04,6.9
BE,31.03.05,4.9
BE,30.06.05,3.6
BE,30.09.05,1.8
BE,31.12.05,0.4
BE,31.03.06,-0.5
BE,30.06.06,-0.3
BE,30.09.06,-0.5
BE,31.12.06,-1.5
BE,31.03.07,0.3
BE,30.06.07,1.9
BE,30.09.07,3.7
BE,31.12.07,4.7
BE,31.03.08,7.7
BE,30.06.08,10.8
BE,30.09.08,13.7
BE,31.12.08,19.3
BE,31.03.09,20.7
BE,30.06.09,21.9
BE,30.09.09,22.1
BE,31.12.09,19
BE,31.03.10,14.2
BE,30.06.10,11.1
BE,30.09.10,4.4
BE,31.12.10,0
BE,31.03.11,0.2
BE,30.06.11,2.4
BE,30.09.11,2.6
BE,31.12.11,4.3
BE,31.03.12,6.4
BE,30.06.12,8
BE,30.09.12,5.8
BE,31.12.12,2
BE,31.03.13,3.6
BE,30.06.13,5.7
BE,30.09.13,-0.2
BE,31.12.13,-3.1
BE,31.03.14,-9.4
BE,30.06.14,-9.7
BE,30.09.14,-9
BE,31.12.14,-6.2
BE,31.03.15,1.3
BE,30.06.15,-8.6
BE,30.09.15,-3.6
BE,31.12.15,-8.7
BE,31.03.16,6.4
BE,30.06.16,9.2
BE,30.09.16,6.4
BE,31.12.16,5.1
BE,31.03.17,-1.5
BE,30.06.17,-5.5
BE,30.09.17,-10.7
BE,31.12.17,-10.8
BE,31.03.18,-14.6
BE,30.06.18,-14.4
BE,30.09.18,-18
BE,31.12.18,-17.1
BE,31.03.19,-17.2
BE,30.06.19,-17.9
BE,30.09.19,-15.8
BE,31.12.19,-16.8
BE,31.03.20,-17.9
BE,30.06.20,-14.1
BE,30.09.20,-14.4
BE,31.12.20,-7.4
BE,31.03.21,-6.3
BE,30.06.21,-16.1
BE,30.09.21,-16.7
BE,31.12.21,-24
BE,31.03.22,-25.6
BE,30.06.22,-26.4
BE,30.09.22,-25.9
BE,31.12.22,-32
BE,31.03.23,-34
BE,30.06.23,-35.3
BE,30.09.23,-36
BR,31.03.06,-0.9
BR,30.06.06,0.1
BR,30.09.06,0.9
BR,31.12.06,2.2
BR,31.03.07,0.3
BR,30.06.07,-0.9
BR,30.09.07,-0.5
BR,31.12.07,0
BR,31.03.08,1.5
BR,30.06.08,3.1
BR,30.09.08,4.8
BR,31.12.08,6.5
BR,31.03.09,5.1
BR,30.06.09,5.3
BR,30.09.09,6.1
BR,31.12.09,6.8
BR,31.03.10,4.6
BR,30.06.10,3.6
BR,30.09.10,5.1
BR,31.12.10,6
BR,31.03.11,5.4
BR,30.06.11,5.3
BR,30.09.11,5.4
BR,31.12.11,7
BR,31.03.12,6.6
BR,30.06.12,7.7
BR,30.09.12,7.4
BR,31.12.12,8.5
BR,31.03.13,7.7
BR,30.06.13,9.4
BR,30.09.13,8.4
BR,31.12.13,9.2
BR,31.03.14,7.5
BR,30.06.14,7
BR,30.09.14,7.8
BR,31.12.14,9.5
BR,31.03.15,11.4
BR,30.06.15,9.9
BR,30.09.15,13.4
BR,31.12.15,12.4
BR,31.03.16,8.4
BR,30.06.16,4.5
BR,30.09.16,3
BR,31.12.16,2
BR,31.03.17,-0.1
BR,30.06.17,-0.6
BR,30.09.17,-2.3
BR,31.12.17,-1.5
BR,31.03.18,-3.6
BR,30.06.18,-1.9
BR,30.09.18,-1.7
BR,31.12.18,-0.9
BR,31.03.19,-1.2
BR,30.06.19,-1
BR,30.09.19,-0.2
BR,31.12.19,0
BR,31.03.20,4
BR,30.06.20,6.1
BR,30.09.20,7.7
BR,31.12.20,6.2
BR,31.03.21,5.9
BR,30.06.21,0.7
BR,30.09.21,1.4
BR,31.12.21,2.1
BR,31.03.22,-1
BR,30.06.22,0.5
BR,30.09.22,1.3
BR,31.12.22,1.2
BR,31.03.23,-0.6
BR,30.06.23,-2.2
BR,30.09.23,-0.6
CA,31.12.65,4.4
CA,31.03.66,0.8
CA,30.06.66,0.5
CA,30.09.66,-0.8
CA,31.12.66,-1
CA,31.03.67,-1.3
CA,30.06.67,-1.3
CA,30.09.67,0.5
CA,31.12.67,2.8
CA,31.03.68,2.6
CA,30.06.68,3.2
CA,30.09.68,3.2
CA,31.12.68,4.7
CA,31.03.69,-1
CA,30.06.69,0.3
CA,30.09.69,0.4
CA,31.12.69,0.5
CA,31.03.70,-1.1
CA,30.06.70,-1.4
CA,30.09.70,-1
CA,31.12.70,-0.5
CA,31.03.71,-0.3
CA,30.06.71,0.7
CA,30.09.71,1.5
CA,31.12.71,2
CA,31.03.72,1.8
CA,30.06.72,2.5
CA,30.09.72,3.1
CA,31.12.72,3.7
CA,31.03.73,3.5
CA,30.06.73,4.2
CA,30.09.73,3.7
CA,31.12.73,3.7
CA,31.03.74,3.1
CA,30.06.74,3.7
CA,30.09.74,3.2
CA,31.12.74,3.1
CA,31.03.75,3.2
CA,30.06.75,3.9
CA,30.09.75,3.9
CA,31.12.75,3.8
CA,31.03.76,3.1
CA,30.06.76,2.5
CA,30.09.76,2.4
CA,31.12.76,2.7
CA,31.03.77,3.6
CA,30.06.77,4.9
CA,30.09.77,5.5
CA,31.12.77,5.6
CA,31.03.78,6
CA,30.06.78,6.2
CA,30.09.78,6.5
CA,31.12.78,6.9
CA,31.03.79,7.6
CA,30.06.79,8.1
CA,30.09.79,8.1
CA,31.12.79,7.5
CA,31.03.80,7
CA,30.06.80,7.3
CA,30.09.80,6.6
CA,31.12.80,6.7
CA,31.03.81,6.5
CA,30.06.81,7.3
CA,30.09.81,7.5
CA,31.12.81,5.5
CA,31.03.82,4.7
CA,30.06.82,3.6
CA,30.09.82,1.9
CA,31.12.82,-0.6
CA,31.03.83,-2.5
CA,30.06.83,-4.7
CA,30.09.83,-6.9
CA,31.12.83,-9
CA,31.03.84,-9.6
CA,30.06.84,-10.3
CA,30.09.84,-11.1
CA,31.12.84,-11.8
CA,31.03.85,-11.2
CA,30.06.85,-11.2
CA,30.09.85,-9.8
CA,31.12.85,-9.4
CA,31.03.86,-8.8
CA,30.06.86,-7.3
CA,30.09.86,-6.4
CA,31.12.86,-5.4
CA,31.03.87,-5.1
CA,30.06.87,-3.3
CA,30.09.87,-3.1
CA,31.12.87,-2.4
CA,31.03.88,-1.3
CA,30.06.88,-0.3
CA,30.09.88,1.3
CA,31.12.88,2.1
CA,31.03.89,2.9
CA,30.06.89,4.1
CA,30.09.89,5.4
CA,31.12.89,7
CA,31.03.90,8.3
CA,30.06.90,8.8
CA,30.09.90,9.3
CA,31.12.90,9.5
CA,31.03.91,10.3
CA,30.06.91,10.7
CA,30.09.91,10.7
CA,31.12.91,11.5
CA,31.03.92,10.4
CA,30.06.92,10.7
CA,30.09.92,9.9
CA,31.12.92,8.6
CA,31.03.93,9
CA,30.06.93,8
CA,30.09.93,8
CA,31.12.93,6.5
CA,31.03.94,5.7
CA,30.06.94,4.1
CA,30.09.94,2.1
CA,31.12.94,0.9
CA,31.03.95,0.8
CA,30.06.95,-0.9
CA,30.09.95,-1.4
CA,31.12.95,-1.9
CA,31.03.96,-2.3
CA,30.06.96,-2.7
CA,30.09.96,-3
CA,31.12.96,-3.6
CA,31.03.97,-1.9
CA,30.06.97,-2
CA,30.09.97,-2
CA,31.12.97,-2.5
CA,31.03.98,-1.6
CA,30.06.98,0.1
CA,30.09.98,1.4
CA,31.12.98,1.3
CA,31.03.99,-0.6
CA,30.06.99,-2.2
CA,30.09.99,-4.3
CA,31.12.99,-7
CA,31.03.00,-4.8
CA,30.06.00,-5.9
CA,30.09.00,-6.7
CA,31.12.00,-8.4
CA,31.03.01,-5.8
CA,30.06.01,-6.1
CA,30.09.01,-3.5
CA,31.12.01,-2.8
CA,31.03.02,0
CA,30.06.02,0.5
CA,30.09.02,0.8
CA,31.12.02,-0.7
CA,31.03.03,-3.8
CA,30.06.03,-4
CA,30.09.03,-4.6
CA,31.12.03,-5
CA,31.03.04,-2
CA,30.06.04,-2.7
CA,30.09.04,-3.7
CA,31.12.04,-3.9
CA,31.03.05,-6.6
CA,30.06.05,-5
CA,30.09.05,-6
CA,31.12.05,-8.2
CA,31.03.06,-7.9
CA,30.06.06,-8
CA,30.09.06,-5.9
CA,31.12.06,-3.9
CA,31.03.07,1.1
CA,30.06.07,0.8
CA,30.09.07,1.9
CA,31.12.07,2
CA,31.03.08,4.5
CA,30.06.08,2.9
CA,30.09.08,2.6
CA,31.12.08,5.1
CA,31.03.09,7.9
CA,30.06.09,12.4
CA,30.09.09,16.1
CA,31.12.09,16.2
CA,31.03.10,13.6
CA,30.06.10,12.6
CA,30.09.10,10.2
CA,31.12.10,8.2
CA,31.03.11,7.6
CA,30.06.11,6.6
CA,30.09.11,6.9
CA,31.12.11,3.9
CA,31.03.12,3.6
CA,30.06.12,4.5
CA,30.09.12,5.5
CA,31.12.12,5.7
CA,31.03.13,6.9
CA,30.06.13,8
CA,30.09.13,7.7
CA,31.12.13,6.9
CA,31.03.14,7.4
CA,30.06.14,6.7
CA,30.09.14,7.3
CA,31.12.14,6.3
CA,31.03.15,11.1
CA,30.06.15,12
CA,30.09.15,14.2
CA,31.12.15,15.3
CA,31.03.16,13
CA,30.06.16,14.9
CA,30.09.16,15.4
CA,31.12.16,13.1
CA,31.03.17,12.3
CA,30.06.17,10.5
CA,30.09.17,8.5
CA,31.12.17,7
CA,31.03.18,5.9
CA,30.06.18,6.6
CA,30.09.18,4.5
CA,31.12.18,4.3
CA,31.03.19,3.9
CA,30.06.19,5.2
CA,30.09.19,5.5
CA,31.12.19,4.2
CA,31.03.20,7.4
CA,30.06.20,17.2
CA,30.09.20,19.4
CA,31.12.20,20.1
CA,31.03.21,16.8
CA,30.06.21,9.6
CA,30.09.21,5.5
CA,31.12.21,1.3
CA,31.03.22,-5.6
CA,30.06.22,-11.7
CA,30.09.22,-14.6
CA,31.12.22,-16.2
CA,31.03.23,-16
CA,30.06.23,-14.6
CA,30.09.23,-14.5
CH,31.12.70,2.2
CH,31.03.71,0.1
CH,30.06.71,-0.9
CH,30.09.71,-4.2
CH,31.12.71,-4.2
CH,31.03.72,-6.6
CH,30.06.72,-6.3
CH,30.09.72,-7.4
CH,31.12.72,-6.3
CH,31.03.73,-9.2
CH,30.06.73,-10.2
CH,30.09.73,-9.9
CH,31.12.73,-8.1
CH,31.03.74,-9.2
CH,30.06.74,-10.1
CH,30.09.74,-10
CH,31.12.74,-26.1
CH,31.03.75,-23
CH,30.06.75,-18.6
CH,30.09.75,-15.8
CH,31.12.75,-9.1
CH,31.03.76,-8.3
CH,30.06.76,-5.6
CH,30.09.76,-5.1
CH,31.12.76,0
CH,31.03.77,-1.1
CH,30.06.77,1.2
CH,30.09.77,1.8
CH,31.12.77,7.7
CH,31.03.78,4.9
CH,30.06.78,6.5
CH,30.09.78,6.5
CH,31.12.78,11.8
CH,31.03.79,9.2
CH,30.06.79,10.6
CH,30.09.79,9.5
CH,31.12.79,12.2
CH,31.03.80,11.5
CH,30.06.80,12.4
CH,30.09.80,11.3
CH,31.12.80,14.2
CH,31.03.81,12.7
CH,30.06.81,14.4
CH,30.09.81,12.1
CH,31.12.81,8.2
CH,31.03.82,1.8
CH,30.06.82,1.2
CH,30.09.82,4.6
CH,31.12.82,6.2
CH,31.03.83,5.2
CH,30.06.83,7.2
CH,30.09.83,7.3
CH,31.12.83,8.7
CH,31.03.84,5.9
CH,30.06.84,7
CH,30.09.84,5.7
CH,31.12.84,5.6
CH,31.03.85,5.6
CH,30.06.85,3.9
CH,30.09.85,2.8
CH,31.12.85,4.4
CH,31.03.86,3.5
CH,30.06.86,5.2
CH,30.09.86,5.6
CH,31.12.86,6.3
CH,31.03.87,6.9
CH,30.06.87,9.5
CH,30.09.87,9.4
CH,31.12.87,9.8
CH,31.03.88,12.2
CH,30.06.88,14.4
CH,30.09.88,15.2
CH,31.12.88,15.8
CH,31.03.89,18.8
CH,30.06.89,21.2
CH,30.09.89,19.6
CH,31.12.89,19.7
CH,31.03.90,18.5
CH,30.06.90,18.1
CH,30.09.90,15.6
CH,31.12.90,12.9
CH,31.03.91,10.9
CH,30.06.91,10.7
CH,30.09.91,8.2
CH,31.12.91,6.4
CH,31.03.92,5.2
CH,30.06.92,4.4
CH,30.09.92,3.2
CH,31.12.92,2
CH,31.03.93,2
CH,30.06.93,1.1
CH,30.09.93,-1.6
CH,31.12.93,-6.1
CH,31.03.94,-6.7
CH,30.06.94,-7
CH,30.09.94,-7.4
CH,31.12.94,-8.1
CH,31.03.95,-7.8
CH,30.06.95,-7.7
CH,30.09.95,-8.7
CH,31.12.95,-7
CH,31.03.96,-5.1
CH,30.06.96,-4.9
CH,30.09.96,-6.1
CH,31.12.96,-5.6
CH,31.03.97,-4.6
CH,30.06.97,-4.9
CH,30.09.97,-7.1
CH,31.12.97,-8.2
CH,31.03.98,-9
CH,30.06.98,-9.3
CH,30.09.98,-11.7
CH,31.12.98,-12.3
CH,31.03.99,-7.9
CH,30.06.99,-5.1
CH,30.09.99,-3.7
CH,31.12.99,-5.4
CH,31.03.00,-11.4
CH,30.06.00,-11.7
CH,30.09.00,-13.7
CH,31.12.00,-13.3
CH,31.03.01,-8.6
CH,30.06.01,-12.4
CH,30.09.01,-15.4
CH,31.12.01,-16.7
CH,31.03.02,-13.6
CH,30.06.02,-14.4
CH,30.09.02,-14.1
CH,31.12.02,-14
CH,31.03.03,-11.1
CH,30.06.03,-9.1
CH,30.09.03,-6.4
CH,31.12.03,-5.7
CH,31.03.04,-3
CH,30.06.04,-7.8
CH,30.09.04,-7.4
CH,31.12.04,-6.7
CH,31.03.05,-6.9
CH,30.06.05,-6.7
CH,30.09.05,-7.9
CH,31.12.05,-4.8
CH,31.03.06,-10.3
CH,30.06.06,-11.1
CH,30.09.06,-10.2
CH,31.12.06,-6
CH,31.03.07,0.7
CH,30.06.07,2
CH,30.09.07,0.9
CH,31.12.07,1.3
CH,31.03.08,-0.8
CH,30.06.08,3.5
CH,30.09.08,3.2
CH,31.12.08,-2.4
CH,31.03.09,1.8
CH,30.06.09,8.1
CH,30.09.09,7.7
CH,31.12.09,11.3
CH,31.03.10,10.7
CH,30.06.10,12.8
CH,30.09.10,12
CH,31.12.10,7.8
CH,31.03.11,13.1
CH,30.06.11,10.5
CH,30.09.11,11.6
CH,31.12.11,10.8
CH,31.03.12,10.3
CH,30.06.12,11.3
CH,30.09.12,14.4
CH,31.12.12,14
CH,31.03.13,12.9
CH,30.06.13,11.5
CH,30.09.13,9.7
CH,31.12.13,10.5
CH,31.03.14,9.3
CH,30.06.14,9.6
CH,30.09.14,6.9
CH,31.12.14,6.2
CH,31.03.15,4.9
CH,30.06.15,3.2
CH,30.09.15,3.8
CH,31.12.15,6.9
CH,31.03.16,11.4
CH,30.06.16,9.7
CH,30.09.16,10.4
CH,31.12.16,9.1
CH,31.03.17,9.9
CH,30.06.17,13
CH,30.09.17,12.9
CH,31.12.17,13.4
CH,31.03.18,17.9
CH,30.06.18,10.2
CH,30.09.18,6.7
CH,31.12.18,1.2
CH,31.03.19,4.1
CH,30.06.19,7.3
CH,30.09.19,12.3
CH,31.12.19,17
CH,31.03.20,15.2
CH,30.06.20,20.6
CH,30.09.20,23.7
CH,31.12.20,19.4
CH,31.03.21,28.5
CH,30.06.21,23.6
CH,30.09.21,20.2
CH,31.12.21,13.5
CH,31.03.22,14.3
CH,30.06.22,11.7
CH,30.09.22,8
CH,31.12.22,-0.1
CH,31.03.23,0.8
CH,30.06.23,-1.9
CH,30.09.23,-3.2
CL,31.03.93,9.1
CL,30.06.93,9.9
CL,30.09.93,11
CL,31.12.93,13.4
CL,31.03.94,11.6
CL,30.06.94,9.8
CL,30.09.94,9.7
CL,31.12.94,9.7
CL,31.03.95,9.8
CL,30.06.95,7.1
CL,30.09.95,8.8
CL,31.12.95,12.1
CL,31.03.96,12.5
CL,30.06.96,12
CL,30.09.96,13.7
CL,31.12.96,16.3
CL,31.03.97,16.3
CL,30.06.97,15.2
CL,30.09.97,16
CL,31.12.97,18.6
CL,31.03.98,19.6
CL,30.06.98,20.8
CL,30.09.98,19.4
CL,31.12.98,19.3
CL,31.03.99,21.1
CL,30.06.99,24.4
CL,30.09.99,24.4
CL,31.12.99,21.2
CL,31.03.00,17.5
CL,30.06.00,17.9
CL,30.09.00,17.2
CL,31.12.00,18.3
CL,31.03.01,18.7
CL,30.06.01,18.3
CL,30.09.01,20.8
CL,31.12.01,13.9
CL,31.03.02,11.8
CL,30.06.02,12.4
CL,30.09.02,13.9
CL,31.12.02,8.5
CL,31.03.03,6.4
CL,30.06.03,1.1
CL,30.09.03,-2.6
CL,31.12.03,-7
CL,31.03.04,-7
CL,30.06.04,-8.5
CL,30.09.04,-10.3
CL,31.12.04,-15
CL,31.03.05,-14.5
CL,30.06.05,-14.5
CL,30.09.05,-16.4
CL,31.12.05,-17.3
CL,31.03.06,-17.8
CL,30.06.06,-18.4
CL,30.09.06,-18.5
CL,31.12.06,-18.3
CL,31.03.07,-17.4
CL,30.06.07,-17.2
CL,30.09.07,-14.1
CL,31.12.07,-12.1
CL,31.03.08,-13.1
CL,30.06.08,-6.9
CL,30.09.08,-0.3
CL,31.12.08,6.3
CL,31.03.09,6.5
CL,30.06.09,3.2
CL,30.09.09,4.1
CL,31.12.09,2.4
CL,31.03.10,1.7
CL,30.06.10,1.6
CL,30.09.10,-4.1
CL,31.12.10,-6.4
CL,31.03.11,-6.6
CL,30.06.11,-6.6
CL,30.09.11,-3
CL,31.12.11,-0.7
CL,31.03.12,-1.6
CL,30.06.12,1.1
CL,30.09.12,0.5
CL,31.12.12,4
CL,31.03.13,3.2
CL,30.06.13,5.6
CL,30.09.13,6.5
CL,31.12.13,9.5
CL,31.03.14,11.2
CL,30.06.14,11.1
CL,30.09.14,14.5
CL,31.12.14,16.3
CL,31.03.15,15
CL,30.06.15,13.9
CL,30.09.15,21
CL,31.12.15,19.2
CL,31.03.16,15.7
CL,30.06.16,13.3
CL,30.09.16,11.8
CL,31.12.16,10.8
CL,31.03.17,9.3
CL,30.06.17,7.8
CL,30.09.17,4.3
CL,31.12.17,1.2
CL,31.03.18,-0.5
CL,30.06.18,0
CL,30.09.18,1.2
CL,31.12.18,3.7
CL,31.03.19,2.7
CL,30.06.19,5
CL,30.09.19,8.8
CL,31.12.19,9.6
CL,31.03.20,13.9
CL,30.06.20,20
CL,30.09.20,17.4
CL,31.12.20,6.8
CL,31.03.21,3.9
CL,30.06.21,-4.6
CL,30.09.21,-5.6
CL,31.12.21,-7
CL,31.03.22,-13.2
CL,30.06.22,-6
CL,30.09.22,-4.3
CL,31.12.22,-10.3
CL,31.03.23,-17.4
CL,30.06.23,-17.4
CL,30.09.23,-13.5
CN,31.12.95,-5.9
CN,31.03.96,-6.7
CN,30.06.96,-4.4
CN,30.09.96,-4.8
CN,31.12.96,-2.5
CN,31.03.97,0.2
CN,30.06.97,0.3
CN,30.09.97,1.1
CN,31.12.97,3.4
CN,31.03.98,2.3
CN,30.06.98,3.4
CN,30.09.98,6
CN,31.12.98,7.3
CN,31.03.99,6.5
CN,30.06.99,7.1
CN,30.09.99,7.6
CN,31.12.99,17.2
CN,31.03.00,15.4
CN,30.06.00,10.8
CN,30.09.00,10.7
CN,31.12.00,12
CN,31.03.01,1.7
CN,30.06.01,2.6
CN,30.09.01,1.5
CN,31.12.01,1.6
CN,31.03.02,9.1
CN,30.06.02,10.3
CN,30.09.02,10.9
CN,31.12.02,10.9
CN,31.03.03,12.5
CN,30.06.03,16.2
CN,30.09.03,16.5
CN,31.12.03,13.4
CN,31.03.04,14.8
CN,30.06.04,9.8
CN,30.09.04,6.4
CN,31.12.04,4
CN,31.03.05,1.8
CN,30.06.05,-2.1
CN,30.09.05,-3.5
CN,31.12.05,-5.7
CN,31.03.06,-2.9
CN,30.06.06,-2.5
CN,30.09.06,-4.3
CN,31.12.06,-6.7
CN,31.03.07,-5.4
CN,30.06.07,-5.3
CN,30.09.07,-6.4
CN,31.12.07,-9.6
CN,31.03.08,-9.2
CN,30.06.08,-10.1
CN,30.09.08,-10.7
CN,31.12.08,-11.1
CN,31.03.09,1
CN,30.06.09,9.4
CN,30.09.09,12.5
CN,31.12.09,12.8
CN,31.03.10,14.3
CN,30.06.10,14.8
CN,30.09.10,13.2
CN,31.12.10,11.3
CN,31.03.11,10.2
CN,30.06.11,8.7
CN,30.09.11,6.1
CN,31.12.11,6
CN,31.03.12,8.1
CN,30.06.12,9.4
CN,30.09.12,11.4
CN,31.12.12,12.8
CN,31.03.13,17
CN,30.06.13,18.3
CN,30.09.13,19.3
CN,31.12.13,18.2
CN,31.03.14,20.6
CN,30.06.14,21.7
CN,30.09.14,20
CN,31.12.14,19.8
CN,31.03.15,21.8
CN,30.06.15,22.3
CN,30.09.15,23.2
CN,31.12.15,25.5
CN,31.03.16,27.1
CN,30.06.16,24.8
CN,30.09.16,22.5
CN,31.12.16,20.9
CN,31.03.17,21
CN,30.06.17,17.9
CN,30.09.17,15.4
CN,31.12.17,11.9
CN,31.03.18,10.5
CN,30.06.18,7
CN,30.09.18,3.7
CN,31.12.18,0.4
CN,31.03.19,2.9
CN,30.06.19,1.2
CN,30.09.19,0.3
CN,31.12.19,-1.3
CN,31.03.20,8.5
CN,30.06.20,11.7
CN,30.09.20,11.2
CN,31.12.20,7.2
CN,31.03.21,3.6
CN,30.06.21,-0.9
CN,30.09.21,-4
CN,31.12.21,-8.4
CN,31.03.22,-5.7
CN,30.06.22,-4.5
CN,30.09.22,-5.2
CN,31.12.22,-6.5
CN,31.03.23,-0.6
CN,30.06.23,-1.4
CN,30.09.23,-2
CO,31.12.06,2.4
CO,31.03.07,2.5
CO,30.06.07,3.2
CO,30.09.07,4
CO,31.12.07,4.2
CO,31.03.08,3.6
CO,30.06.08,3.8
CO,30.09.08,3.9
CO,31.12.08,4.2
CO,31.03.09,4.3
CO,30.06.09,5.1
CO,30.09.09,4.9
CO,31.12.09,5.3
CO,31.03.10,4.8
CO,30.06.10,5.4
CO,30.09.10,6.5
CO,31.12.10,7.9
CO,31.03.11,7.5
CO,30.06.11,7.7
CO,30.09.11,7.7
CO,31.12.11,7.6
CO,31.03.12,6.3
CO,30.06.12,6
CO,30.09.12,5.9
CO,31.12.12,6.5
CO,31.03.13,6.8
CO,30.06.13,7.9
CO,30.09.13,8.2
CO,31.12.13,8.5
CO,31.03.14,8.7
CO,30.06.14,10.1
CO,30.09.14,10.4
CO,31.12.14,11.6
CO,31.03.15,12.2
CO,30.06.15,13.5
CO,30.09.15,14.5
CO,31.12.15,15
CO,31.03.16,13
CO,30.06.16,11.2
CO,30.09.16,9.7
CO,31.12.16,7.7
CO,31.03.17,6.3
CO,30.06.17,5.8
CO,30.09.17,4.5
CO,31.12.17,3.6
CO,31.03.18,2.8
CO,30.06.18,2.2
CO,30.09.18,1.3
CO,31.12.18,1.6
CO,31.03.19,0.5
CO,30.06.19,0.2
CO,30.09.19,0.1
CO,31.12.19,-0.9
CO,31.03.20,1.4
CO,30.06.20,4.9
CO,30.09.20,5.7
CO,31.12.20,6.1
CO,31.03.21,5.3
CO,30.06.21,2.2
CO,30.09.21,0.1
CO,31.12.21,-1.4
CO,31.03.22,-2.6
CO,30.06.22,-3.6
CO,30.09.22,-4.9
CO,31.12.22,-5.1
CO,31.03.23,-6.6
CO,30.06.23,-6.8
CO,30.09.23,-6.9
CZ,31.03.03,-0.9
CZ,30.06.03,-2.4
CZ,30.09.03,-3
CZ,31.12.03,-2.7
CZ,31.03.04,-0.2
CZ,30.06.04,-0.4
CZ,30.09.04,-0.1
CZ,31.12.04,-0.8
CZ,31.03.05,0.4
CZ,30.06.05,1.8
CZ,30.09.05,2.4
CZ,31.12.05,2.8
CZ,31.03.06,4.9
CZ,30.06.06,6.1
CZ,30.09.06,6.1
CZ,31.12.06,7.8
CZ,31.03.07,8.2
CZ,30.06.07,8.9
CZ,30.09.07,10.6
CZ,31.12.07,11.9
CZ,31.03.08,12.5
CZ,30.06.08,13.6
CZ,30.09.08,15.3
CZ,31.12.08,17.1
CZ,31.03.09,15.9
CZ,30.06.09,16.6
CZ,30.09.09,17.1
CZ,31.12.09,18
CZ,31.03.10,17.6
CZ,30.06.10,17.7
CZ,30.09.10,16.7
CZ,31.12.10,16
CZ,31.03.11,15.4
CZ,30.06.11,15.7
CZ,30.09.11,15.6
CZ,31.12.11,15.7
CZ,31.03.12,14.9
CZ,30.06.12,15.5
CZ,30.09.12,15.8
CZ,31.12.12,16.8
CZ,31.03.13,16.6
CZ,30.06.13,17.1
CZ,30.09.13,16.1
CZ,31.12.13,15.1
CZ,31.03.14,13
CZ,30.06.14,11.9
CZ,30.09.14,10.4
CZ,31.12.14,9.4
CZ,31.03.15,7.4
CZ,30.06.15,5.3
CZ,30.09.15,4
CZ,31.12.15,3
CZ,31.03.16,1.7
CZ,30.06.16,2
CZ,30.09.16,2.5
CZ,31.12.16,2.6
CZ,31.03.17,2.7
CZ,30.06.17,2.1
CZ,30.09.17,1.6
CZ,31.12.17,1.4
CZ,31.03.18,1.2
CZ,30.06.18,2.2
CZ,30.09.18,2.7
CZ,31.12.18,2.9
CZ,31.03.19,1
CZ,30.06.19,-0.5
CZ,30.09.19,-1.7
CZ,31.12.19,-3.5
CZ,31.03.20,-3.5
CZ,30.06.20,-1.8
CZ,30.09.20,-1
CZ,31.12.20,-1
CZ,31.03.21,-0.7
CZ,30.06.21,-2.9
CZ,30.09.21,-3.9
CZ,31.12.21,-4.2
CZ,31.03.22,-5
CZ,30.06.22,-6.1
CZ,30.09.22,-5
CZ,31.12.22,-7.3
CZ,31.03.23,-9.6
CZ,30.06.23,-10.1
CZ,30.09.23,-9.8
DE,31.12.70,-1.9
DE,31.03.71,-3.5
DE,30.06.71,-3.3
DE,30.09.71,-2.7
DE,31.12.71,-1.3
DE,31.03.72,-1.8
DE,30.06.72,-0.9
DE,30.09.72,-1.1
DE,31.12.72,0.4
DE,31.03.73,0
DE,30.06.73,-0.1
DE,30.09.73,-0.6
DE,31.12.73,-0.5
DE,31.03.74,-1.3
DE,30.06.74,-1.2
DE,30.09.74,-1.6
DE,31.12.74,-1.4
DE,31.03.75,-2.4
DE,30.06.75,-2.2
DE,30.09.75,-2.3
DE,31.12.75,-0.8
DE,31.03.76,-2.5
DE,30.06.76,-2.5
DE,30.09.76,-2.9
DE,31.12.76,-2.1
DE,31.03.77,-3.5
DE,30.06.77,-2.9
DE,30.09.77,-2.9
DE,31.12.77,-1.7
DE,31.03.78,-3.5
DE,30.06.78,-2.9
DE,30.09.78,-3.1
DE,31.12.78,-1.6
DE,31.03.79,-2.3
DE,30.06.79,-1.6
DE,30.09.79,-2.1
DE,31.12.79,-1
DE,31.03.80,-2.5
DE,30.06.80,-1.5
DE,30.09.80,-1.4
DE,31.12.80,1.4
DE,31.03.81,1.8
DE,30.06.81,2.6
DE,30.09.81,2.6
DE,31.12.81,3.1
DE,31.03.82,1.6
DE,30.06.82,2
DE,30.09.82,2.5
DE,31.12.82,3.7
DE,31.03.83,1.6
DE,30.06.83,2.1
DE,30.09.83,1.9
DE,31.12.83,2.4
DE,31.03.84,0.4
DE,30.06.84,0.8
DE,30.09.84,0.5
DE,31.12.84,1.1
DE,31.03.85,0.5
DE,30.06.85,-0.1
DE,30.09.85,-1.3
DE,31.12.85,-0.4
DE,31.03.86,-2.1
DE,30.06.86,-2.5
DE,30.09.86,-3.6
DE,31.12.86,-3.9
DE,31.03.87,-5.2
DE,30.06.87,-5.5
DE,30.09.87,-4.7
DE,31.12.87,-4.4
DE,31.03.88,-5.8
DE,30.06.88,-5.5
DE,30.09.88,-5.8
DE,31.12.88,-5.2
DE,31.03.89,-6.3
DE,30.06.89,-6
DE,30.09.89,-6
DE,31.12.89,-4.8
DE,31.03.90,-4.9
DE,30.06.90,-6.4
DE,30.09.90,-6.8
DE,31.12.90,-6.2
DE,31.03.91,-7.4
DE,30.06.91,-7.1
DE,30.09.91,-5.5
DE,31.12.91,-4.9
DE,31.03.92,-4.9
DE,30.06.92,-4.2
DE,30.09.92,-4
DE,31.12.92,-4.2
DE,31.03.93,-2.6
DE,30.06.93,-1.1
DE,30.09.93,0.3
DE,31.12.93,2.6
DE,31.03.94,0.2
DE,30.06.94,0.7
DE,30.09.94,1.4
DE,31.12.94,2.2
DE,31.03.95,-1.6
DE,30.06.95,-0.6
DE,30.09.95,-0.4
DE,31.12.95,0.3
DE,31.03.96,0.8
DE,30.06.96,1.9
DE,30.09.96,2.6
DE,31.12.96,3.7
DE,31.03.97,3.7
DE,30.06.97,4.2
DE,30.09.97,4.2
DE,31.12.97,4.7
DE,31.03.98,4.2
DE,30.06.98,4.3
DE,30.09.98,5
DE,31.12.98,6.8
DE,31.03.99,4
DE,30.06.99,5.5
DE,30.09.99,6.1
DE,31.12.99,8.3
DE,31.03.00,9.1
DE,30.06.00,10.1
DE,30.09.00,8.9
DE,31.12.00,13.2
DE,31.03.01,12.8
DE,30.06.01,12.1
DE,30.09.01,11.6
DE,31.12.01,10
DE,31.03.02,8.8
DE,30.06.02,9.5
DE,30.09.02,8.9
DE,31.12.02,8.2
DE,31.03.03,7.7
DE,30.06.03,7.5
DE,30.09.03,6.4
DE,31.12.03,4.7
DE,31.03.04,1.1
DE,30.06.04,-0.6
DE,30.09.04,-2.2
DE,31.12.04,-3.8
DE,31.03.05,-5.3
DE,30.06.05,-5
DE,30.09.05,-5.5
DE,31.12.05,-6.3
DE,31.03.06,-6.2
DE,30.06.06,-6.2
DE,30.09.06,-6.8
DE,31.12.06,-8.6
DE,31.03.07,-10.9
DE,30.06.07,-11.7
DE,30.09.07,-13.1
DE,31.12.07,-12.9
DE,31.03.08,-13.8
DE,30.06.08,-13.6
DE,30.09.08,-13
DE,31.12.08,-10.9
DE,31.03.09,-9.3
DE,30.06.09,-7.6
DE,30.09.09,-7.1
DE,31.12.09,-6.4
DE,31.03.10,-7.5
DE,30.06.10,-7.5
DE,30.09.10,-8.2
DE,31.12.10,-9.9
DE,31.03.11,-13.5
DE,30.06.11,-14.1
DE,30.09.11,-13.1
DE,31.12.11,-12.7
DE,31.03.12,-12.7
DE,30.06.12,-11.7
DE,30.09.12,-11.4
DE,31.12.12,-11.2
DE,31.03.13,-10.8
DE,30.06.13,-9.7
DE,30.09.13,-9
DE,31.12.13,-8.7
DE,31.03.14,-8.9
DE,30.06.14,-8.2
DE,30.09.14,-8.9
DE,31.12.14,-12.5
DE,31.03.15,-11.1
DE,30.06.15,-10.6
DE,30.09.15,-10
DE,31.12.15,-10.2
DE,31.03.16,-9
DE,30.06.16,-8.5
DE,30.09.16,-7.8
DE,31.12.16,-7.8
DE,31.03.17,-6.2
DE,30.06.17,-6.1
DE,30.09.17,-5.8
DE,31.12.17,-5.7
DE,31.03.18,-4.3
DE,30.06.18,-2.9
DE,30.09.18,-1.6
DE,31.12.18,-1.9
DE,31.03.19,-0.6
DE,30.06.19,0.7
DE,30.09.19,1
DE,31.12.19,0.9
DE,31.03.20,2.2
DE,30.06.20,6.8
DE,30.09.20,8.3
DE,31.12.20,9.3
DE,31.03.21,10.6
DE,30.06.21,7.7
DE,30.09.21,7
DE,31.12.21,7.2
DE,31.03.22,5.7
DE,30.06.22,4.8
DE,30.09.22,5.7
DE,31.12.22,4.4
DE,31.03.23,2.7
DE,30.06.23,1.6
DE,30.09.23,0
DK,31.12.76,-5.2
DK,31.03.77,-5.1
DK,30.06.77,-5
DK,30.09.77,-5.7
DK,31.12.77,-6.1
DK,31.03.78,-6.6
DK,30.06.78,-7.3
DK,30.09.78,-7.3
DK,31.12.78,-7.3
DK,31.03.79,-7.6
DK,30.06.79,-7.4
DK,30.09.79,-7
DK,31.12.79,-7.3
DK,31.03.80,-8.1
DK,30.06.80,-8
DK,30.09.80,-7.2
DK,31.12.80,-6.3
DK,31.03.81,-5.2
DK,30.06.81,-3.9
DK,30.09.81,-5.7
DK,31.12.81,-7.3
DK,31.03.82,-8.4
DK,30.06.82,-9.3
DK,30.09.82,-11.2
DK,31.12.82,-12.7
DK,31.03.83,-13.4
DK,30.06.83,-12.3
DK,30.09.83,-11.9
DK,31.12.83,-9.9
DK,31.03.84,-8.8
DK,30.06.84,-5.9
DK,30.09.84,-6.3
DK,31.12.84,-4.8
DK,31.03.85,-3.9
DK,30.06.85,-0.5
DK,30.09.85,-0.3
DK,31.12.85,5.3
DK,31.03.86,5.5
DK,30.06.86,9
DK,30.09.86,12
DK,31.12.86,18.7
DK,31.03.87,19.2
DK,30.06.87,19.6
DK,30.09.87,19.2
DK,31.12.87,22.9
DK,31.03.88,18.7
DK,30.06.88,19.5
DK,30.09.88,17.3
DK,31.12.88,18.1
DK,31.03.89,14.1
DK,30.06.89,13.9
DK,30.09.89,11.1
DK,31.12.89,13.2
DK,31.03.90,10
DK,30.06.90,7.9
DK,30.09.90,5.1
DK,31.12.90,6.7
DK,31.03.91,2.5
DK,30.06.91,3.2
DK,30.09.91,-0.4
DK,31.12.91,1.1
DK,31.03.92,-0.8
DK,30.06.92,-2
DK,30.09.92,-4.8
DK,31.12.92,-6.8
DK,31.03.93,-8.1
DK,30.06.93,-7.8
DK,30.09.93,-7.2
DK,31.12.93,-5.7
DK,31.03.94,-5.7
DK,30.06.94,-8.2
DK,30.09.94,-11.9
DK,31.12.94,-14.3
DK,31.03.95,-14.4
DK,30.06.95,-13.7
DK,30.09.95,-13.8
DK,31.12.95,-11.9
DK,31.03.96,-9.5
DK,30.06.96,-9.2
DK,30.09.96,-8.7
DK,31.12.96,-8.5
DK,31.03.97,-7.6
DK,30.06.97,-6.2
DK,30.09.97,-4.6
DK,31.12.97,-3.8
DK,31.03.98,-3.7
DK,30.06.98,-2.7
DK,30.09.98,-2.7
DK,31.12.98,-4.3
DK,31.03.99,1
DK,30.06.99,2.2
DK,30.09.99,1.1
DK,31.12.99,2.7
DK,31.03.00,7.9
DK,30.06.00,4.8
DK,30.09.00,8.9
DK,31.12.00,7.1
DK,31.03.01,6.8
DK,30.06.01,8.3
DK,30.09.01,10.2
DK,31.12.01,13.6
DK,31.03.02,11.3
DK,30.06.02,10
DK,30.09.02,11.3
DK,31.12.02,9.3
DK,31.03.03,13.1
DK,30.06.03,13.9
DK,30.09.03,14.7
DK,31.12.03,12.5
DK,31.03.04,16.5
DK,30.06.04,16.2
DK,30.09.04,17
DK,31.12.04,17.8
DK,31.03.05,22.3
DK,30.06.05,24.6
DK,30.09.05,26.5
DK,31.12.05,28.8
DK,31.03.06,29.9
DK,30.06.06,29.2
DK,30.09.06,32.8
DK,31.12.06,34.8
DK,31.03.07,34.3
DK,30.06.07,33.4
DK,30.09.07,34
DK,31.12.07,36
DK,31.03.08,33.9
DK,30.06.08,31.7
DK,30.09.08,30
DK,31.12.08,30.4
DK,31.03.09,31.5
DK,30.06.09,32.2
DK,30.09.09,33.7
DK,31.12.09,33
DK,31.03.10,31.5
DK,30.06.10,24.7
DK,30.09.10,17.5
DK,31.12.10,10.8
DK,31.03.11,7.7
DK,30.06.11,5.7
DK,30.09.11,9
DK,31.12.11,8.8
DK,31.03.12,8.7
DK,30.06.12,6.5
DK,30.09.12,1.5
DK,31.12.12,1.5
DK,31.03.13,-2.2
DK,30.06.13,-5.5
DK,30.09.13,-7.9
DK,31.12.13,-14.8
DK,31.03.14,-15.7
DK,30.06.14,-18.8
DK,30.09.14,-15.2
DK,31.12.14,-17.1
DK,31.03.15,-17.7
DK,30.06.15,-21.2
DK,30.09.15,-19.7
DK,31.12.15,-21.1
DK,31.03.16,-21.9
DK,30.06.16,-21.4
DK,30.09.16,-20.1
DK,31.12.16,-24.5
DK,31.03.17,-27.1
DK,30.06.17,-29.7
DK,30.09.17,-30.4
DK,31.12.17,-31.1
DK,31.03.18,-30.5
DK,30.06.18,-28.8
DK,30.09.18,-28.6
DK,31.12.18,-28.2
DK,31.03.19,-23.8
DK,30.06.19,-20.9
DK,30.09.19,-17.3
DK,31.12.19,-15.3
DK,31.03.20,-16.7
DK,30.06.20,-12.3
DK,30.09.20,-25.3
DK,31.12.20,-23.5
DK,31.03.21,-22.5
DK,30.06.21,-26.2
DK,30.09.21,-26.9
DK,31.12.21,-29.1
DK,31.03.22,-31.8
DK,30.06.22,-35
DK,30.09.22,-34.3
DK,31.12.22,-34
DK,31.03.23,-34.8
DK,30.06.23,-39.2
DK,30.09.23,-32.8
ES,31.03.80,-6.5
ES,30.06.80,-5.8
ES,30.09.80,-5.2
ES,31.12.80,-3.6
ES,31.03.81,-3.2
ES,30.06.81,-2
ES,30.09.81,-1.2
ES,31.12.81,1.1
ES,31.03.82,0.3
ES,30.06.82,0.6
ES,30.09.82,0.5
ES,31.12.82,1.4
ES,31.03.83,0.7
ES,30.06.83,0.4
ES,30.09.83,-0.8
ES,31.12.83,0.1
ES,31.03.84,-2.5
ES,30.06.84,-2.3
ES,30.09.84,-4.6
ES,31.12.84,-2.6
ES,31.03.85,-5.3
ES,30.06.85,-4.8
ES,30.09.85,-6.2
ES,31.12.85,-5.3
ES,31.03.86,-8.2
ES,30.06.86,-8
ES,30.09.86,-9.3
ES,31.12.86,-7.9
ES,31.03.87,-9.3
ES,30.06.87,-8.4
ES,30.09.87,-9.1
ES,31.12.87,-7
ES,31.03.88,-8
ES,30.06.88,-6.9
ES,30.09.88,-5.9
ES,31.12.88,-2.4
ES,31.03.89,-2.7
ES,30.06.89,0.1
ES,30.09.89,-0.4
ES,31.12.89,1
ES,31.03.90,0.8
ES,30.06.90,1.9
ES,30.09.90,2
ES,31.12.90,1.5
ES,31.03.91,2.1
ES,30.06.91,2.9
ES,30.09.91,2.6
ES,31.12.91,3.1
ES,31.03.92,1
ES,30.06.92,1.6
ES,30.09.92,1.9
ES,31.12.92,3.3
ES,31.03.93,2.6
ES,30.06.93,3.4
ES,30.09.93,2.9
ES,31.12.93,3.4
ES,31.03.94,1.4
ES,30.06.94,1
ES,30.09.94,-0.2
ES,31.12.94,-0.4
ES,31.03.95,6.2
ES,30.06.95,5.6
ES,30.09.95,4.1
ES,31.12.95,3.5
ES,31.03.96,2.1
ES,30.06.96,2.6
ES,30.09.96,1.7
ES,31.12.96,2.5
ES,31.03.97,2.7
ES,30.06.97,3.7
ES,30.09.97,4.2
ES,31.12.97,4.8
ES,31.03.98,5.2
ES,30.06.98,7.3
ES,30.09.98,7.1
ES,31.12.98,8.9
ES,31.03.99,11.9
ES,30.06.99,17.5
ES,30.09.99,17.6
ES,31.12.99,19.5
ES,31.03.00,22.1
ES,30.06.00,24.3
ES,30.09.00,26.6
ES,31.12.00,26.8
ES,31.03.01,25.6
ES,30.06.01,26.7
ES,30.09.01,27.9
ES,31.12.01,27.8
ES,31.03.02,27.7
ES,30.06.02,27
ES,30.09.02,25.2
ES,31.12.02,25.8
ES,31.03.03,24.9
ES,30.06.03,25
ES,30.09.03,24.5
ES,31.12.03,26.8
ES,31.03.04,26.8
ES,30.06.04,29
ES,30.09.04,28.1
ES,31.12.04,29.8
ES,31.03.05,30.3
ES,30.06.05,33.1
ES,30.09.05,32.2
ES,31.12.05,34.6
ES,31.03.06,37
ES,30.06.06,38.5
ES,30.09.06,38.7
ES,31.12.06,41.3
ES,31.03.07,40.5
ES,30.06.07,44
ES,30.09.07,41.7
ES,31.12.07,39.7
ES,31.03.08,34.9
ES,30.06.08,34.1
ES,30.09.08,31.4
ES,31.12.08,29.5
ES,31.03.09,28.4
ES,30.06.09,27.3
ES,30.09.09,25.7
ES,31.12.09,23.7
ES,31.03.10,21.3
ES,30.06.10,20.8
ES,30.09.10,16
ES,31.12.10,12
ES,31.03.11,7
ES,30.06.11,4.4
ES,30.09.11,0.7
ES,31.12.11,-2.3
ES,31.03.12,-3.9
ES,30.06.12,-5.6
ES,30.09.12,-8.6
ES,31.12.12,-17.5
ES,31.03.13,-21.9
ES,30.06.13,-24.4
ES,30.09.13,-27.2
ES,31.12.13,-29.8
ES,31.03.14,-33.6
ES,30.06.14,-34.7
ES,30.09.14,-37.1
ES,31.12.14,-41.5
ES,31.03.15,-41.6
ES,30.06.15,-45
ES,30.09.15,-47.7
ES,31.12.15,-49.8
ES,31.03.16,-52
ES,30.06.16,-50.7
ES,30.09.16,-51.9
ES,31.12.16,-52.2
ES,31.03.17,-51.4
ES,30.06.17,-51.3
ES,30.09.17,-52.5
ES,31.12.17,-53.8
ES,31.03.18,-53.3
ES,30.06.18,-50.8
ES,30.09.18,-50.4
ES,31.12.18,-50.7
ES,31.03.19,-48.3
ES,30.06.19,-47.2
ES,30.09.19,-45.7
ES,31.12.19,-45.9
ES,31.03.20,-42.5
ES,30.06.20,-28.9
ES,30.09.20,-24.3
ES,31.12.20,-19.3
ES,31.03.21,-16.8
ES,30.06.21,-18.9
ES,30.09.21,-21.5
ES,31.12.21,-23.9
ES,31.03.22,-27
ES,30.06.22,-28.6
ES,30.09.22,-29.7
ES,31.12.22,-32.9
ES,31.03.23,-36.1
ES,30.06.23,-37.4
ES,30.09.23,-38.7
FI,31.12.80,0.1
FI,31.03.81,-0.3
FI,30.06.81,0
FI,30.09.81,0.8
FI,31.12.81,1.3
FI,31.03.82,2.4
FI,30.06.82,3.3
FI,30.09.82,4.2
FI,31.12.82,3.6
FI,31.03.83,4
FI,30.06.83,3.7
FI,30.09.83,4
FI,31.12.83,2.5
FI,31.03.84,1.7
FI,30.06.84,1.2
FI,30.09.84,1.8
FI,31.12.84,1.9
FI,31.03.85,2.3
FI,30.06.85,1.6
FI,30.09.85,2.3
FI,31.12.85,4.2
FI,31.03.86,4.3
FI,30.06.86,5.9
FI,30.09.86,5.4
FI,31.12.86,4.6
FI,31.03.87,3.5
FI,30.06.87,4.2
FI,30.09.87,6.2
FI,31.12.87,7.4
FI,31.03.88,6.1
FI,30.06.88,5.8
FI,30.09.88,5.1
FI,31.12.88,10.3
FI,31.03.89,9.9
FI,30.06.89,9.9
FI,30.09.89,9.8
FI,31.12.89,7.4
FI,31.03.90,8.4
FI,30.06.90,11.9
FI,30.09.90,15
FI,31.12.90,15.6
FI,31.03.91,15.9
FI,30.06.91,17.2
FI,30.09.91,20.5
FI,31.12.91,21.4
FI,31.03.92,24.9
FI,30.06.92,28.4
FI,30.09.92,31.9
FI,31.12.92,33.1
FI,31.03.93,26.8
FI,30.06.93,21
FI,30.09.93,15
FI,31.12.93,6.9
FI,31.03.94,5.4
FI,30.06.94,2.2
FI,30.09.94,-1.8
FI,31.12.94,-5.7
FI,31.03.95,-10.6
FI,30.06.95,-15.3
FI,30.09.95,-18.9
FI,31.12.95,-23.9
FI,31.03.96,-24.8
FI,30.06.96,-24.4
FI,30.09.96,-24.7
FI,31.12.96,-24.7
FI,31.03.97,-22.7
FI,30.06.97,-21.4
FI,30.09.97,-20.3
FI,31.12.97,-21.1
FI,31.03.98,-23
FI,30.06.98,-24.3
FI,30.09.98,-25.2
FI,31.12.98,-25.4
FI,31.03.99,-21.6
FI,30.06.99,-18
FI,30.09.99,-18.2
FI,31.12.99,-18.9
FI,31.03.00,-16.4
FI,30.06.00,-14.5
FI,30.09.00,-8.5
FI,31.12.00,-7.8
FI,31.03.01,-7.8
FI,30.06.01,-7.2
FI,30.09.01,-8.7
FI,31.12.01,-11
FI,31.03.02,-3.9
FI,30.06.02,-5.2
FI,30.09.02,-5.9
FI,31.12.02,-8.2
FI,31.03.03,-7.4
FI,30.06.03,-4.2
FI,30.09.03,-3.3
FI,31.12.03,-1.9
FI,31.03.04,-0.4
FI,30.06.04,1.5
FI,30.09.04,1.4
FI,31.12.04,1
FI,31.03.05,1.2
FI,30.06.05,4
FI,30.09.05,3.7
FI,31.12.05,4.8
FI,31.03.06,7.8
FI,30.06.06,10.2
FI,30.09.06,10.8
FI,31.12.06,8
FI,31.03.07,8.5
FI,30.06.07,9.7
FI,30.09.07,9.2
FI,31.12.07,9.8
FI,31.03.08,8.8
FI,30.06.08,12.2
FI,30.09.08,14.3
FI,31.12.08,17
FI,31.03.09,20.6
FI,30.06.09,24.5
FI,30.09.09,20.3
FI,31.12.09,19.6
FI,31.03.10,21.8
FI,30.06.10,23.4
FI,30.09.10,19.9
FI,31.12.10,14.8
FI,31.03.11,14.1
FI,30.06.11,12.5
FI,30.09.11,10.9
FI,31.12.11,10.5
FI,31.03.12,10.1
FI,30.06.12,9.4
FI,30.09.12,8.7
FI,31.12.12,8.8
FI,31.03.13,12
FI,30.06.13,10.6
FI,30.09.13,9.1
FI,31.12.13,8
FI,31.03.14,5.9
FI,30.06.14,5.1
FI,30.09.14,4.4
FI,31.12.14,9.6
FI,31.03.15,12.7
FI,30.06.15,14.4
FI,30.09.15,15.3
FI,31.12.15,9.9
FI,31.03.16,5.3
FI,30.06.16,2.5
FI,30.09.16,-0.8
FI,31.12.16,-4
FI,31.03.17,-3
FI,30.06.17,-2
FI,30.09.17,-0.5
FI,31.12.17,-0.1
FI,31.03.18,-1.2
FI,30.06.18,-1
FI,30.09.18,-1.9
FI,31.12.18,-4.3
FI,31.03.19,-4.1
FI,30.06.19,-6
FI,30.09.19,-6.7
FI,31.12.19,-8.7
FI,31.03.20,-8.4
FI,30.06.20,-4.8
FI,30.09.20,-4.2
FI,31.12.20,-3.3
FI,31.03.21,-2
FI,30.06.21,-4.1
FI,30.09.21,-5.6
FI,31.12.21,-7.7
FI,31.03.22,-8.3
FI,30.06.22,-10.2
FI,30.09.22,-11.8
FI,31.12.22,-10.5
FI,31.03.23,-15
FI,30.06.23,-14.9
FI,30.09.23,-16.3
FR,31.12.79,-4.8
FR,31.03.80,-6.7
FR,30.06.80,-4.7
FR,30.09.80,-4.8
FR,31.12.80,-2.8
FR,31.03.81,-3.1
FR,30.06.81,-3.5
FR,30.09.81,-3.5
FR,31.12.81,-2.3
FR,31.03.82,-3.6
FR,30.06.82,-3.4
FR,30.09.82,-3.5
FR,31.12.82,-0.3
FR,31.03.83,-0.6
FR,30.06.83,0.1
FR,30.09.83,-0.6
FR,31.12.83,2
FR,31.03.84,0.7
FR,30.06.84,1.7
FR,30.09.84,1.8
FR,31.12.84,3
FR,31.03.85,0.8
FR,30.06.85,1
FR,30.09.85,0.5
FR,31.12.85,2.4
FR,31.03.86,1
FR,30.06.86,0.7
FR,30.09.86,-0.7
FR,31.12.86,-0.6
FR,31.03.87,1.6
FR,30.06.87,2.2
FR,30.09.87,1.9
FR,31.12.87,2.7
FR,31.03.88,3
FR,30.06.88,3.6
FR,30.09.88,4.1
FR,31.12.88,6.9
FR,31.03.89,5.5
FR,30.06.89,7.5
FR,30.09.89,7.2
FR,31.12.89,9.4
FR,31.03.90,9.6
FR,30.06.90,9.5
FR,30.09.90,9.1
FR,31.12.90,13.1
FR,31.03.91,12.9
FR,30.06.91,13
FR,30.09.91,12.4
FR,31.12.91,13.4
FR,31.03.92,13.3
FR,30.06.92,12.8
FR,30.09.92,11.2
FR,31.12.92,13.4
FR,31.03.93,15.1
FR,30.06.93,16
FR,30.09.93,15.3
FR,31.12.93,12.8
FR,31.03.94,10.5
FR,30.06.94,7.4
FR,30.09.94,4.5
FR,31.12.94,4.5
FR,31.03.95,2.1
FR,30.06.95,2.5
FR,30.09.95,1.3
FR,31.12.95,0.5
FR,31.03.96,-0.8
FR,30.06.96,-1.5
FR,30.09.96,-2.8
FR,31.12.96,-2.3
FR,31.03.97,-2
FR,30.06.97,-2.2
FR,30.09.97,-3.1
FR,31.12.97,-3.6
FR,31.03.98,-4.1
FR,30.06.98,-4.8
FR,30.09.98,-5.5
FR,31.12.98,-6.3
FR,31.03.99,-6.2
FR,30.06.99,-3.9
FR,30.09.99,-3.1
FR,31.12.99,-1.8
FR,31.03.00,-2.1
FR,30.06.00,-1
FR,30.09.00,0.5
FR,31.12.00,0.9
FR,31.03.01,1.8
FR,30.06.01,3.2
FR,30.09.01,3.3
FR,31.12.01,3.5
FR,31.03.02,3.2
FR,30.06.02,2.5
FR,30.09.02,1.5
FR,31.12.02,1.3
FR,31.03.03,1.8
FR,30.06.03,1.6
FR,30.09.03,0.5
FR,31.12.03,-1.2
FR,31.03.04,-1.4
FR,30.06.04,-0.3
FR,30.09.04,-0.1
FR,31.12.04,-0.3
FR,31.03.05,-0.7
FR,30.06.05,1.1
FR,30.09.05,0.9
FR,31.12.05,1.7
FR,31.03.06,1.8
FR,30.06.06,2.8
FR,30.09.06,2.6
FR,31.12.06,3.1
FR,31.03.07,3.1
FR,30.06.07,4.6
FR,30.09.07,4.6
FR,31.12.07,3.8
FR,31.03.08,3.6
FR,30.06.08,5.7
FR,30.09.08,7.2
FR,31.12.08,7.5
FR,31.03.09,8.7
FR,30.06.09,9.9
FR,30.09.09,10.3
FR,31.12.09,10.7
FR,31.03.10,9.5
FR,30.06.10,8.1
FR,30.09.10,6.7
FR,31.12.10,6.8
FR,31.03.11,6.1
FR,30.06.11,7.5
FR,30.09.11,8.4
FR,31.12.11,8.5
FR,31.03.12,9.2
FR,30.06.12,9.7
FR,30.09.12,8.4
FR,31.12.12,7.6
FR,31.03.13,6.3
FR,30.06.13,3.9
FR,30.09.13,3.4
FR,31.12.13,1.7
FR,31.03.14,2.1
FR,30.06.14,3.2
FR,30.09.14,3.4
FR,31.12.14,3.4
FR,31.03.15,5
FR,30.06.15,4.2
FR,30.09.15,3.7
FR,31.12.15,4.7
FR,31.03.16,5.9
FR,30.06.16,6.9
FR,30.09.16,6.7
FR,31.12.16,6.6
FR,31.03.17,6.5
FR,30.06.17,5.4
FR,30.09.17,3.9
FR,31.12.17,3.2
FR,31.03.18,3.5
FR,30.06.18,4.1
FR,30.09.18,4.4
FR,31.12.18,4.2
FR,31.03.19,4.9
FR,30.06.19,5.7
FR,30.09.19,6.5
FR,31.12.19,5.6
FR,31.03.20,7.7
FR,30.06.20,21.1
FR,30.09.20,23.1
FR,31.12.20,24.6
FR,31.03.21,20.8
FR,30.06.21,11.9
FR,30.09.21,8.7
FR,31.12.21,5.9
FR,31.03.22,2.6
FR,30.06.22,-0.3
FR,30.09.22,-1.6
FR,31.12.22,-3.8
FR,31.03.23,-8.8
FR,30.06.23,-12
FR,30.09.23,-14.2
GB,31.03.73,2.7
GB,30.06.73,4.3
GB,30.09.73,3.5
GB,31.12.73,1.2
GB,31.03.74,2
GB,30.06.74,1.6
GB,30.09.74,0.6
GB,31.12.74,-2.1
GB,31.03.75,-3.7
GB,30.06.75,-3.7
GB,30.09.75,-6.1
GB,31.12.75,-4.5
GB,31.03.76,-4.4
GB,30.06.76,-4.5
GB,30.09.76,-4.1
GB,31.12.76,-3
GB,31.03.77,-4.7
GB,30.06.77,-4.2
GB,30.09.77,-4.5
GB,31.12.77,-4
GB,31.03.78,-3.9
GB,30.06.78,-3.2
GB,30.09.78,-3.7
GB,31.12.78,-3.5
GB,31.03.79,-2.6
GB,30.06.79,-1.9
GB,30.09.79,-2.2
GB,31.12.79,-2.6
GB,31.03.80,-1.2
GB,30.06.80,-0.8
GB,30.09.80,-1
GB,31.12.80,-1
GB,31.03.81,-1
GB,30.06.81,-0.9
GB,30.09.81,0.6
GB,31.12.81,3.1
GB,31.03.82,3.4
GB,30.06.82,5.2
GB,30.09.82,5.7
GB,31.12.82,6.8
GB,31.03.83,7.3
GB,30.06.83,7.8
GB,30.09.83,7.7
GB,31.12.83,7.8
GB,31.03.84,9.4
GB,30.06.84,10.5
GB,30.09.84,10.8
GB,31.12.84,12.5
GB,31.03.85,13.1
GB,30.06.85,11.3
GB,30.09.85,12
GB,31.12.85,10.5
GB,31.03.86,12.2
GB,30.06.86,12.6
GB,30.09.86,12.2
GB,31.12.86,14
GB,31.03.87,14.7
GB,30.06.87,14.3
GB,30.09.87,14.5
GB,31.12.87,13.2
GB,31.03.88,14.4
GB,30.06.88,16.6
GB,30.09.88,17.9
GB,31.12.88,17.6
GB,31.03.89,18.9
GB,30.06.89,19.9
GB,30.09.89,20.4
GB,31.12.89,19.6
GB,31.03.90,23.2
GB,30.06.90,22.8
GB,30.09.90,20.6
GB,31.12.90,19.6
GB,31.03.91,18.5
GB,30.06.91,18.4
GB,30.09.91,15.9
GB,31.12.91,12.8
GB,31.03.92,10.5
GB,30.06.92,8.2
GB,30.09.92,6.4
GB,31.12.92,8.4
GB,31.03.93,4.7
GB,30.06.93,2.9
GB,30.09.93,2.1
GB,31.12.93,2.6
GB,31.03.94,-0.5
GB,30.06.94,-3.7
GB,30.09.94,-4.5
GB,31.12.94,-3.8
GB,31.03.95,-5.4
GB,30.06.95,-5.4
GB,30.09.95,-6.5
GB,31.12.95,-4.9
GB,31.03.96,-8.1
GB,30.06.96,-8
GB,30.09.96,-8.6
GB,31.12.96,-9.6
GB,31.03.97,-10.3
GB,30.06.97,-8.8
GB,30.09.97,-7.1
GB,31.12.97,-7.5
GB,31.03.98,-6.3
GB,30.06.98,-5.2
GB,30.09.98,-2
GB,31.12.98,-1.6
GB,31.03.99,0.8
GB,30.06.99,2.6
GB,30.09.99,2.6
GB,31.12.99,3.6
GB,31.03.00,4.1
GB,30.06.00,6.3
GB,30.09.00,6.9
GB,31.12.00,6.5
GB,31.03.01,8.8
GB,30.06.01,8.4
GB,30.09.01,8.4
GB,31.12.01,9.7
GB,31.03.02,10.4
GB,30.06.02,11.4
GB,30.09.02,15
GB,31.12.02,13.3
GB,31.03.03,9.4
GB,30.06.03,10.1
GB,30.09.03,9.2
GB,31.12.03,7.6
GB,31.03.04,6.1
GB,30.06.04,5.3
GB,30.09.04,6.4
GB,31.12.04,5.8
GB,31.03.05,5.1
GB,30.06.05,7.3
GB,30.09.05,7.7
GB,31.12.05,7.6
GB,31.03.06,7
GB,30.06.06,7.8
GB,30.09.06,9.5
GB,31.12.06,7.9
GB,31.03.07,5.1
GB,30.06.07,4.3
GB,30.09.07,6.1
GB,31.12.07,6
GB,31.03.08,7.4
GB,30.06.08,5.4
GB,30.09.08,4.7
GB,31.12.08,9.1
GB,31.03.09,7.2
GB,30.06.09,2.5
GB,30.09.09,4.7
GB,31.12.09,3.2
GB,31.03.10,2.9
GB,30.06.10,-2.2
GB,30.09.10,-3.8
GB,31.12.10,-9.2
GB,31.03.11,-11.1
GB,30.06.11,-12.1
GB,30.09.11,-13.6
GB,31.12.11,-15.4
GB,31.03.12,-13.7
GB,30.06.12,-13.1
GB,30.09.12,-13.4
GB,31.12.12,-15.9
GB,31.03.13,-18
GB,30.06.13,-16.8
GB,30.09.13,-19.1
GB,31.12.13,-21.1
GB,31.03.14,-23.5
GB,30.06.14,-25
GB,30.09.14,-25.6
GB,31.12.14,-26.2
GB,31.03.15,-25
GB,30.06.15,-27.5
GB,30.09.15,-26.3
GB,31.12.15,-25.1
GB,31.03.16,-23.6
GB,30.06.16,-19.7
GB,30.09.16,-17
GB,31.12.16,-17.2
GB,31.03.17,-16.2
GB,30.06.17,-17.1
GB,30.09.17,-15.9
GB,31.12.17,-14.7
GB,31.03.18,-16.4
GB,30.06.18,-16.6
GB,30.09.18,-17.3
GB,31.12.18,-17.2
GB,31.03.19,-18.7
GB,30.06.19,-16.7
GB,30.09.19,-14.7
GB,31.12.19,-15.7
GB,31.03.20,-11.7
GB,30.06.20,-2.6
GB,30.09.20,0.8
GB,31.12.20,4.1
GB,31.03.21,4.6
GB,30.06.21,-0.6
GB,30.09.21,-4.5
GB,31.12.21,-8.5
GB,31.03.22,-14.3
GB,30.06.22,-16
GB,30.09.22,-15.8
GB,31.12.22,-17.5
GB,31.03.23,-17.8
GB,30.06.23,-20.8
GB,30.09.23,-20.6
GR,31.12.80,-1.3
GR,31.03.81,-1.3
GR,30.06.81,-0.7
GR,30.09.81,0.1
GR,31.12.81,1.3
GR,31.03.82,-0.4
GR,30.06.82,-1.3
GR,30.09.82,-1.1
GR,31.12.82,0.5
GR,31.03.83,-1.2
GR,30.06.83,-1.6
GR,30.09.83,-2.3
GR,31.12.83,0.2
GR,31.03.84,-2
GR,30.06.84,-2.3
GR,30.09.84,-2.9
GR,31.12.84,-0.7
GR,31.03.85,-1.4
GR,30.06.85,-1.5
GR,30.09.85,-2.2
GR,31.12.85,-1.8
GR,31.03.86,-2.5
GR,30.06.86,-2.9
GR,30.09.86,-4.2
GR,31.12.86,-3.7
GR,31.03.87,-4.1
GR,30.06.87,-4.4
GR,30.09.87,-4.9
GR,31.12.87,-4.2
GR,31.03.88,-4.8
GR,30.06.88,-5
GR,30.09.88,-6.1
GR,31.12.88,-5.7
GR,31.03.89,-5.6
GR,30.06.89,-5.2
GR,30.09.89,-5.8
GR,31.12.89,-3.6
GR,31.03.90,-3.2
GR,30.06.90,-3.3
GR,30.09.90,-4.6
GR,31.12.90,-5.3
GR,31.03.91,-5.5
GR,30.06.91,-5.7
GR,30.09.91,-6.9
GR,31.12.91,-6.4
GR,31.03.92,-7.3
GR,30.06.92,-5.3
GR,30.09.92,-5.1
GR,31.12.92,-5
GR,31.03.93,-5.2
GR,30.06.93,-4.1
GR,30.09.93,-4.2
GR,31.12.93,-5.3
GR,31.03.94,-5.8
GR,30.06.94,-4.3
GR,30.09.94,-4.9
GR,31.12.94,-3.2
GR,31.03.95,-3.8
GR,30.06.95,-3.3
GR,30.09.95,-2.8
GR,31.12.95,-1.8
GR,31.03.96,-1.4
GR,30.06.96,-0.7
GR,30.09.96,-0.4
GR,31.12.96,-0.4
GR,31.03.97,0.2
GR,30.06.97,1.5
GR,30.09.97,1.5
GR,31.12.97,1.8
GR,31.03.98,3.9
GR,30.06.98,4.1
GR,30.09.98,3.7
GR,31.12.98,4.7
GR,31.03.99,6.2
GR,30.06.99,5.8
GR,30.09.99,6.4
GR,31.12.99,6.9
GR,31.03.00,8.3
GR,30.06.00,10.3
GR,30.09.00,12.1
GR,31.12.00,13.4
GR,31.03.01,14.6
GR,30.06.01,15.5
GR,30.09.01,15.8
GR,31.12.01,16.8
GR,31.03.02,16.2
GR,30.06.02,16.7
GR,30.09.02,16.1
GR,31.12.02,16.3
GR,31.03.03,15.5
GR,30.06.03,14.9
GR,30.09.03,15.6
GR,31.12.03,15.9
GR,31.03.04,14.9
GR,30.06.04,15.8
GR,30.09.04,15.3
GR,31.12.04,16.1
GR,31.03.05,17.2
GR,30.06.05,18.7
GR,30.09.05,19.4
GR,31.12.05,22
GR,31.03.06,20
GR,30.06.06,20.5
GR,30.09.06,20.9
GR,31.12.06,21.8
GR,31.03.07,20.5
GR,30.06.07,21.1
GR,30.09.07,21.5
GR,31.12.07,22.8
GR,31.03.08,24
GR,30.06.08,25
GR,30.09.08,25.8
GR,31.12.08,25.4
GR,31.03.09,23.8
GR,30.06.09,21.2
GR,30.09.09,20.9
GR,31.12.09,19.5
GR,31.03.10,18
GR,30.06.10,22
GR,30.09.10,20.2
GR,31.12.10,22.2
GR,31.03.11,21.7
GR,30.06.11,21.7
GR,30.09.11,21.3
GR,31.12.11,15.8
GR,31.03.12,14.1
GR,30.06.12,14.3
GR,30.09.12,11.7
GR,31.12.12,9.8
GR,31.03.13,7.6
GR,30.06.13,5.7
GR,30.09.13,3.6
GR,31.12.13,1.1
GR,31.03.14,-0.2
GR,30.06.14,-0.8
GR,30.09.14,-2.7
GR,31.12.14,-5
GR,31.03.15,-6.4
GR,30.06.15,-8.7
GR,30.09.15,-10.7
GR,31.12.15,-11.7
GR,31.03.16,-12.5
GR,30.06.16,-13.7
GR,30.09.16,-15.7
GR,31.12.16,-16.2
GR,31.03.17,-17.6
GR,30.06.17,-19.5
GR,30.09.17,-21.8
GR,31.12.17,-22.9
GR,31.03.18,-23.4
GR,30.06.18,-24.2
GR,30.09.18,-23.9
GR,31.12.18,-23.1
GR,31.03.19,-27.1
GR,30.06.19,-28.5
GR,30.09.19,-29.6
GR,31.12.19,-28.9
GR,31.03.20,-26.9
GR,30.06.20,-22.1
GR,30.09.20,-16.2
GR,31.12.20,-12.9
GR,31.03.21,-9.9
GR,30.06.21,-8.5
GR,30.09.21,-12.7
GR,31.12.21,-16.1
GR,31.03.22,-19.8
GR,30.06.22,-22
GR,30.09.22,-25.3
GR,31.12.22,-33.6
GR,31.03.23,-34.7
GR,30.06.23,-34.7
GR,30.09.23,-34.2
HK,31.12.88,-6.4
HK,31.03.89,2.6
HK,30.06.89,1.9
HK,30.09.89,5.4
HK,31.12.89,6.5
HK,31.03.90,4.6
HK,30.06.90,6.5
HK,30.09.90,5.6
HK,31.12.90,10.4
HK,31.03.91,5.2
HK,30.06.91,-6
HK,30.09.91,-6.6
HK,31.12.91,-7.7
HK,31.03.92,-10.2
HK,30.06.92,-9.6
HK,30.09.92,-11.3
HK,31.12.92,-16
HK,31.03.93,-11.8
HK,30.06.93,-13.4
HK,30.09.93,-11.7
HK,31.12.93,-12.8
HK,31.03.94,-10.7
HK,30.06.94,-9.3
HK,30.09.94,-10.1
HK,31.12.94,-11.9
HK,31.03.95,-9.5
HK,30.06.95,-4.9
HK,30.09.95,-4.8
HK,31.12.95,-1.8
HK,31.03.96,-0.7
HK,30.06.96,3.1
HK,30.09.96,2.6
HK,31.12.96,2.8
HK,31.03.97,7.1
HK,30.06.97,11.6
HK,30.09.97,14.6
HK,31.12.97,7.6
HK,31.03.98,4.5
HK,30.06.98,4.6
HK,30.09.98,5.4
HK,31.12.98,2.6
HK,31.03.99,0.2
HK,30.06.99,-2.9
HK,30.09.99,-4.6
HK,31.12.99,-7.6
HK,31.03.00,-9.9
HK,30.06.00,-12.9
HK,30.09.00,-8
HK,31.12.00,-11
HK,31.03.01,-9.8
HK,30.06.01,-11.4
HK,30.09.01,-10.9
HK,31.12.01,-11.9
HK,31.03.02,-10.5
HK,30.06.02,-11.2
HK,30.09.02,-11.3
HK,31.12.02,-12.2
HK,31.03.03,-12.2
HK,30.06.03,-7.1
HK,30.09.03,-6.4
HK,31.12.03,-4.6
HK,31.03.04,-2.7
HK,30.06.04,-6.7
HK,30.09.04,-6.9
HK,31.12.04,-4.1
HK,31.03.05,-2.6
HK,30.06.05,1.9
HK,30.09.05,-1.8
HK,31.12.05,-1.4
HK,31.03.06,-2.9
HK,30.06.06,-0.7
HK,30.09.06,-1.2
HK,31.12.06,-0.3
HK,31.03.07,1.5
HK,30.06.07,10
HK,30.09.07,14.6
HK,31.12.07,7.1
HK,31.03.08,9.6
HK,30.06.08,13.7
HK,30.09.08,14.1
HK,31.12.08,7
HK,31.03.09,1
HK,30.06.09,8.3
HK,30.09.09,10.5
HK,31.12.09,6
HK,31.03.10,10.5
HK,30.06.10,20.2
HK,30.09.10,30.7
HK,31.12.10,28.7
HK,31.03.11,37.8
HK,30.06.11,40.4
HK,30.09.11,39.4
HK,31.12.11,29.5
HK,31.03.12,28.5
HK,30.06.12,26.5
HK,30.09.12,24.4
HK,31.12.12,21.2
HK,31.03.13,26.3
HK,30.06.13,37.6
HK,30.09.13,38.6
HK,31.12.13,34.1
HK,31.03.14,44.3
HK,30.06.14,49.5
HK,30.09.14,50
HK,31.12.14,37.3
HK,31.03.15,42.4
HK,30.06.15,38.1
HK,30.09.15,28.1
HK,31.12.15,35.5
HK,31.03.16,30.3
HK,30.06.16,31.6
HK,30.09.16,28.9
HK,31.12.16,29.8
HK,31.03.17,35.9
HK,30.06.17,45.3
HK,30.09.17,44.6
HK,31.12.17,48
HK,31.03.18,48.8
HK,30.06.18,39.8
HK,30.09.18,23.5
HK,31.12.18,22.2
HK,31.03.19,19
HK,30.06.19,21
HK,30.09.19,21.7
HK,31.12.19,21
HK,31.03.20,34.4
HK,30.06.20,35
HK,30.09.20,48.9
HK,31.12.20,35.6
HK,31.03.21,35.2
HK,30.06.21,38.1
HK,30.09.21,18.3
HK,31.12.21,2.8
HK,31.03.22,11.6
HK,30.06.22,11
HK,30.09.22,-1.5
HK,31.12.22,-5.5
HK,31.03.23,-4.9
HK,30.06.23,-10.8
HK,30.09.23,-21
HU,31.12.80,-0.2
HU,31.03.81,-0.7
HU,30.06.81,-1.1
HU,30.09.81,-1.6
HU,31.12.81,-2.2
HU,31.03.82,-2.5
HU,30.06.82,-2.6
HU,30.09.82,-2.6
HU,31.12.82,-2.6
HU,31.03.83,-1.5
HU,30.06.83,-1.5
HU,30.09.83,-1.5
HU,31.12.83,-2.5
HU,31.03.84,-1.3
HU,30.06.84,-2.4
HU,30.09.84,-3
HU,31.12.84,-3.7
HU,31.03.85,-3.4
HU,30.06.85,-2.4
HU,30.09.85,-3.3
HU,31.12.85,-3.9
HU,31.03.86,-3.2
HU,30.06.86,-2.5
HU,30.09.86,-2.2
HU,31.12.86,-2.7
HU,31.03.87,-2.4
HU,30.06.87,-2.8
HU,30.09.87,-3.2
HU,31.12.87,-3.2
HU,31.03.88,-4.5
HU,30.06.88,-5.4
HU,30.09.88,-5.8
HU,31.12.88,-6.2
HU,31.03.89,-5
HU,30.06.89,-5.3
HU,30.09.89,-4.7
HU,31.12.89,-9.9
HU,31.03.90,-11.2
HU,30.06.90,-11.5
HU,30.09.90,-10.8
HU,31.12.90,-10
HU,31.03.91,-11.7
HU,30.06.91,-13.4
HU,30.09.91,-13.5
HU,31.12.91,-12.3
HU,31.03.92,-14.4
HU,30.06.92,-13.7
HU,30.09.92,-14.2
HU,31.12.92,-16.9
HU,31.03.93,-16.1
HU,30.06.93,-16.2
HU,30.09.93,-16
HU,31.12.93,-15.2
HU,31.03.94,-14.7
HU,30.06.94,-12.6
HU,30.09.94,-10.9
HU,31.12.94,-10.1
HU,31.03.95,-10.6
HU,30.06.95,-10.3
HU,30.09.95,-9.7
HU,31.12.95,-11.2
HU,31.03.96,-11.6
HU,30.06.96,-10.8
HU,30.09.96,-9.3
HU,31.12.96,-5.3
HU,31.03.97,-5.7
HU,30.06.97,-4.2
HU,30.09.97,-3.6
HU,31.12.97,-2.1
HU,31.03.98,-2.2
HU,30.06.98,-0.7
HU,30.09.98,0
HU,31.12.98,-1.4
HU,31.03.99,0
HU,30.06.99,1.5
HU,30.09.99,2.3
HU,31.12.99,3.2
HU,31.03.00,4.3
HU,30.06.00,6.6
HU,30.09.00,8
HU,31.12.00,9.3
HU,31.03.01,10.3
HU,30.06.01,8.6
HU,30.09.01,9.5
HU,31.12.01,9.4
HU,31.03.02,7.3
HU,30.06.02,8.9
HU,30.09.02,8.6
HU,31.12.02,7.2
HU,31.03.03,8.4
HU,30.06.03,12.1
HU,30.09.03,11
HU,31.12.03,15
HU,31.03.04,14
HU,30.06.04,15.9
HU,30.09.04,15.3
HU,31.12.04,16.3
HU,31.03.05,18
HU,30.06.05,20.3
HU,30.09.05,21.1
HU,31.12.05,21.6
HU,31.03.06,20.4
HU,30.06.06,25
HU,30.09.06,23
HU,31.12.06,20.6
HU,31.03.07,18.9
HU,30.06.07,21.8
HU,30.09.07,23.9
HU,31.12.07,28.4
HU,31.03.08,28.2
HU,30.06.08,20.9
HU,30.09.08,24.2
HU,31.12.08,28.7
HU,31.03.09,43.3
HU,30.06.09,31.3
HU,30.09.09,27.7
HU,31.12.09,29.3
HU,31.03.10,26.3
HU,30.06.10,30.3
HU,30.09.10,20.3
HU,31.12.10,16.9
HU,31.03.11,8.8
HU,30.06.11,7.8
HU,30.09.11,10.9
HU,31.12.11,10.4
HU,31.03.12,3.1
HU,30.06.12,0.7
HU,30.09.12,-4.8
HU,31.12.12,-4.5
HU,31.03.13,-2.9
HU,30.06.13,-7.3
HU,30.09.13,-10.5
HU,31.12.13,-14.4
HU,31.03.14,-15.2
HU,30.06.14,-15.6
HU,30.09.14,-17.1
HU,31.12.14,-18
HU,31.03.15,-22.7
HU,30.06.15,-22
HU,30.09.15,-25.5
HU,31.12.15,-26
HU,31.03.16,-26.4
HU,30.06.16,-25
HU,30.09.16,-28.8
HU,31.12.16,-27.8
HU,31.03.17,-28.6
HU,30.06.17,-28.8
HU,30.09.17,-28.7
HU,31.12.17,-29.5
HU,31.03.18,-29.3
HU,30.06.18,-25.5
HU,30.09.18,-26.1
HU,31.12.18,-26.3
HU,31.03.19,-25.4
HU,30.06.19,-23.4
HU,30.09.19,-23.1
HU,31.12.19,-21.7
HU,31.03.20,-17.3
HU,30.06.20,-14.5
HU,30.09.20,-11.6
HU,31.12.20,-9.6
HU,31.03.21,-4.4
HU,30.06.21,-6.6
HU,30.09.21,-3.6
HU,31.12.21,-0.2
HU,31.03.22,0.4
HU,30.06.22,2.5
HU,30.09.22,5.7
HU,31.12.22,-0.3
HU,31.03.23,-2.8
HU,30.06.23,-6.2
HU,30.09.23,-6.4
ID,31.03.86,3.8
ID,30.06.86,4.9
ID,30.09.86,9.7
ID,31.12.86,8.5
ID,31.03.87,8.4
ID,30.06.87,7.4
ID,30.09.87,5.5
ID,31.12.87,5.1
ID,31.03.88,5.8
ID,30.06.88,5.7
ID,30.09.88,6
ID,31.12.88,6.8
ID,31.03.89,5.8
ID,30.06.89,6.5
ID,30.09.89,7.5
ID,31.12.89,8.1
ID,31.03.90,8.8
ID,30.06.90,12.7
ID,30.09.90,14.2
ID,31.12.90,15.1
ID,31.03.91,12.9
ID,30.06.91,11.4
ID,30.09.91,8.5
ID,31.12.91,9.4
ID,31.03.92,7.8
ID,30.06.92,7.1
ID,30.09.92,6.9
ID,31.12.92,4.7
ID,31.03.93,1.3
ID,30.06.93,1.3
ID,30.09.93,0.3
ID,31.12.93,-1.2
ID,31.03.94,-0.3
ID,30.06.94,-0.3
ID,30.09.94,-0.1
ID,31.12.94,0.6
ID,31.03.95,-0.2
ID,30.06.95,-0.5
ID,30.09.95,0.2
ID,31.12.95,0.6
ID,31.03.96,0.3
ID,30.06.96,2.1
ID,30.09.96,2.4
ID,31.12.96,2.6
ID,31.03.97,2.3
ID,30.06.97,3.7
ID,30.09.97,10.8
ID,31.12.97,14.4
ID,31.03.98,33.2
ID,30.06.98,61.6
ID,30.09.98,19.9
ID,31.12.98,-4.3
ID,31.03.99,-19.3
ID,30.06.99,-38.8
ID,30.09.99,-33.7
ID,31.12.99,-39.9
ID,31.03.00,-40
ID,30.06.00,-37.4
ID,30.09.00,-37.3
ID,31.12.00,-36
ID,31.03.01,-34.2
ID,30.06.01,-32.5
ID,30.09.01,-34.5
ID,31.12.01,-33.4
ID,31.03.02,-33.5
ID,30.06.02,-32.8
ID,30.09.02,-30.5
ID,31.12.02,-28.4
ID,31.03.03,-27.2
ID,30.06.03,-26.5
ID,30.09.03,-24.5
ID,31.12.03,-22.2
ID,31.03.04,-21.6
ID,30.06.04,-17.6
ID,30.09.04,-16.5
ID,31.12.04,-14.7
ID,31.03.05,-13.3
ID,30.06.05,-11.5
ID,30.09.05,-9.9
ID,31.12.05,-10.7
ID,31.03.06,-12
ID,30.06.06,-10.8
ID,30.09.06,-10.2
ID,31.12.06,-8.7
ID,31.03.07,-8.6
ID,30.06.07,-8.7
ID,30.09.07,-7.1
ID,31.12.07,-4.4
ID,31.03.08,-4
ID,30.06.08,-2.4
ID,30.09.08,-1.4
ID,31.12.08,-0.9
ID,31.03.09,-1.4
ID,30.06.09,-1.7
ID,30.09.09,-1.4
ID,31.12.09,-0.4
ID,31.03.10,-1.5
ID,30.06.10,0.6
ID,30.09.10,1
ID,31.12.10,2.6
ID,31.03.11,2.5
ID,30.06.11,4
ID,30.09.11,5.7
ID,31.12.11,6.8
ID,31.03.12,7.7
ID,30.06.12,9.2
ID,30.09.12,9.8
ID,31.12.12,11.1
ID,31.03.13,10.7
ID,30.06.13,12.1
ID,30.09.13,13.5
ID,31.12.13,14
ID,31.03.14,12.3
ID,30.06.14,13
ID,30.09.14,12.9
ID,31.12.14,13
ID,31.03.15,12.1
ID,30.06.15,12.4
ID,30.09.15,12.3
ID,31.12.15,12.1
ID,31.03.16,10.6
ID,30.06.16,10.5
ID,30.09.16,9.7
ID,31.12.16,10
ID,31.03.17,8.4
ID,30.06.17,8.2
ID,30.09.17,7.2
ID,31.12.17,7.3
ID,31.03.18,6.4
ID,30.06.18,7
ID,30.09.18,7.1
ID,31.12.18,6.9
ID,31.03.19,6.1
ID,30.06.19,5.9
ID,30.09.19,5.6
ID,31.12.19,5.3
ID,31.03.20,6.6
ID,30.06.20,5.2
ID,30.09.20,6
ID,31.12.20,4.9
ID,31.03.21,4.9
ID,30.06.21,3.6
ID,30.09.21,2.2
ID,31.12.21,1.5
ID,31.03.22,0.7
ID,30.06.22,1
ID,30.09.22,-0.2
ID,31.12.22,-0.8
ID,31.03.23,-2.2
ID,30.06.23,-2
ID,30.09.23,-1.4
IE,30.06.81,6.3
IE,30.09.81,6.7
IE,31.12.81,6.8
IE,31.03.82,5.8
IE,30.06.82,3.8
IE,30.09.82,6
IE,31.12.82,0.6
IE,31.03.83,-0.4
IE,30.06.83,-0.2
IE,30.09.83,-0.5
IE,31.12.83,2.2
IE,31.03.84,2.6
IE,30.06.84,2
IE,30.09.84,0.5
IE,31.12.84,0.4
IE,31.03.85,0.9
IE,30.06.85,0.3
IE,30.09.85,-3.7
IE,31.12.85,-0.2
IE,31.03.86,-1.4
IE,30.06.86,-3
IE,30.09.86,-1.1
IE,31.12.86,-0.8
IE,31.03.87,-1.3
IE,30.06.87,0.7
IE,30.09.87,1.7
IE,31.12.87,0.8
IE,31.03.88,0.3
IE,30.06.88,0.9
IE,30.09.88,-0.2
IE,31.12.88,-2
IE,31.03.89,-5.4
IE,30.06.89,-5
IE,30.09.89,-4.8
IE,31.12.89,-5.3
IE,31.03.90,-5.2
IE,30.06.90,-4.2
IE,30.09.90,-0.1
IE,31.12.90,1.1
IE,31.03.91,3.6
IE,30.06.91,5.3
IE,30.09.91,6
IE,31.12.91,5.9
IE,31.03.92,4.9
IE,30.06.92,5
IE,30.09.92,4.4
IE,31.12.92,8.5
IE,31.03.93,10.2
IE,30.06.93,7.7
IE,30.09.93,5.6
IE,31.12.93,8.5
IE,31.03.94,5.9
IE,30.06.94,4.7
IE,30.09.94,3.3
IE,31.12.94,5
IE,31.03.95,4.3
IE,30.06.95,4.4
IE,30.09.95,3.3
IE,31.12.95,5
IE,31.03.96,3.7
IE,30.06.96,3.5
IE,30.09.96,3.2
IE,31.12.96,2.8
IE,31.03.97,3.5
IE,30.06.97,8.2
IE,30.09.97,8.7
IE,31.12.97,9.4
IE,31.03.98,12.9
IE,30.06.98,13.1
IE,30.09.98,12.6
IE,31.12.98,14.3
IE,31.03.99,17.2
IE,30.06.99,23.2
IE,30.09.99,24.9
IE,31.12.99,29.4
IE,31.03.00,31.9
IE,30.06.00,25.1
IE,30.09.00,25.2
IE,31.12.00,21.8
IE,31.03.01,19.6
IE,30.06.01,19.2
IE,30.09.01,16.1
IE,31.12.01,20.6
IE,31.03.02,19.4
IE,30.06.02,19.4
IE,30.09.02,16.6
IE,31.12.02,11.5
IE,31.03.03,4
IE,30.06.03,5.9
IE,30.09.03,8.2
IE,31.12.03,14.8
IE,31.03.04,14.2
IE,30.06.04,11.8
IE,30.09.04,15.5
IE,31.12.04,24.9
IE,31.03.05,21.6
IE,30.06.05,21.9
IE,30.09.05,28.9
IE,31.12.05,31.9
IE,31.03.06,42.1
IE,30.06.06,50.5
IE,30.09.06,51.3
IE,31.12.06,52.8
IE,31.03.07,52.7
IE,30.06.07,50.5
IE,30.09.07,51.1
IE,31.12.07,47.7
IE,31.03.08,55.8
IE,30.06.08,62.6
IE,30.09.08,69.5
IE,31.12.08,80
IE,31.03.09,77.9
IE,30.06.09,74.8
IE,30.09.09,74.8
IE,31.12.09,72.3
IE,31.03.10,67.2
IE,30.06.10,58.2
IE,30.09.10,44.9
IE,31.12.10,55
IE,31.03.11,50.1
IE,30.06.11,41.7
IE,30.09.11,40.2
IE,31.12.11,37
IE,31.03.12,38.8
IE,30.06.12,37.9
IE,30.09.12,31.8
IE,31.12.12,15.4
IE,31.03.13,4.2
IE,30.06.13,-7.2
IE,30.09.13,-15.1
IE,31.12.13,-14.6
IE,31.03.14,-21.9
IE,30.06.14,-22.6
IE,30.09.14,-26.3
IE,31.12.14,-20.5
IE,31.03.15,72.4
IE,30.06.15,31.4
IE,30.09.15,-1.4
IE,31.12.15,-17.6
IE,31.03.16,-19.9
IE,30.06.16,-22.1
IE,30.09.16,-41.4
IE,31.12.16,-41.7
IE,31.03.17,-46.5
IE,30.06.17,-59.6
IE,30.09.17,-67.6
IE,31.12.17,-76.7
IE,31.03.18,-83.9
IE,30.06.18,-80.9
IE,30.09.18,-81.3
IE,31.12.18,-72.6
IE,31.03.19,-72.1
IE,30.06.19,-75.2
IE,30.09.19,-76.9
IE,31.12.19,-92.8
IE,31.03.20,-80.5
IE,30.06.20,-78.9
IE,30.09.20,-94.2
IE,31.12.20,-98.8
IE,31.03.21,-102.3
IE,30.06.21,-107.2
IE,30.09.21,-106.5
IE,31.12.21,-102.4
IE,31.03.22,-101.6
IE,30.06.22,-99.6
IE,30.09.22,-95.5
IE,31.12.22,-100.5
IE,31.03.23,-105.4
IE,30.06.23,-101.8
IE,30.09.23,-90.2
IL,31.12.00,0.5
IL,31.03.01,0.5
IL,30.06.01,0.5
IL,30.09.01,3
IL,31.12.01,4.9
IL,31.03.02,6.2
IL,30.06.02,8
IL,30.09.02,7.3
IL,31.12.02,3.6
IL,31.03.03,-0.1
IL,30.06.03,-4
IL,30.09.03,-3.6
IL,31.12.03,-2.9
IL,31.03.04,-2.4
IL,30.06.04,-3
IL,30.09.04,-4.2
IL,31.12.04,-5.6
IL,31.03.05,-5.9
IL,30.06.05,-3.1
IL,30.09.05,-1.7
IL,31.12.05,-2.8
IL,31.03.06,-3.5
IL,30.06.06,-5.6
IL,30.09.06,-6.6
IL,31.12.06,-4.5
IL,31.03.07,-2.7
IL,30.06.07,0.8
IL,30.09.07,-1.8
IL,31.12.07,-2.4
IL,31.03.08,-5
IL,30.06.08,-4.7
IL,30.09.08,-6.1
IL,31.12.08,-9.8
IL,31.03.09,-8.2
IL,30.06.09,-9.6
IL,30.09.09,-9.4
IL,31.12.09,-9.2
IL,31.03.10,-11
IL,30.06.10,-9.3
IL,30.09.10,-9.4
IL,31.12.10,-9.9
IL,31.03.11,-10.5
IL,30.06.11,-11.4
IL,30.09.11,-11.2
IL,31.12.11,-12.2
IL,31.03.12,-11.8
IL,30.06.12,-12.9
IL,30.09.12,-13.5
IL,31.12.12,-13.5
IL,31.03.13,-14.9
IL,30.06.13,-15.4
IL,30.09.13,-15
IL,31.12.13,-15.4
IL,31.03.14,-16.5
IL,30.06.14,-15.5
IL,30.09.14,-13.6
IL,31.12.14,-15
IL,31.03.15,-14.4
IL,30.06.15,-15.9
IL,30.09.15,-14.7
IL,31.12.15,-13.4
IL,31.03.16,-13.2
IL,30.06.16,-11.2
IL,30.09.16,-10.9
IL,31.12.16,-10.2
IL,31.03.17,-10.4
IL,30.06.17,-9.6
IL,30.09.17,-7.8
IL,31.12.17,-8.7
IL,31.03.18,-6.9
IL,30.06.18,-6.5
IL,30.09.18,-6.6
IL,31.12.18,-6.9
IL,31.03.19,-6.7
IL,30.06.19,-6.2
IL,30.09.19,-7.1
IL,31.12.19,-6
IL,31.03.20,-6.8
IL,30.06.20,-5.6
IL,30.09.20,-3.4
IL,31.12.20,-1.1
IL,31.03.21,0.7
IL,30.06.21,-0.2
IL,30.09.21,0.6
IL,31.12.21,1.1
IL,31.03.22,1
IL,30.06.22,2.3
IL,30.09.22,0.7
IL,31.12.22,-0.3
IL,31.03.23,-0.7
IL,30.06.23,-0.7
IL,30.09.23,-1.5
IN,30.06.61,-1.4
IN,30.09.61,-2.1
IN,31.12.61,-1.7
IN,31.03.62,-0.6
IN,30.06.62,-0.3
IN,30.09.62,-1.1
IN,31.12.62,-1.1
IN,31.03.63,-1
IN,30.06.63,-1.1
IN,30.09.63,-1.9
IN,31.12.63,-1.9
IN,31.03.64,-2
IN,30.06.64,-2.2
IN,30.09.64,-2.9
IN,31.12.64,-2.8
IN,31.03.65,-2.3
IN,30.06.65,-1.6
IN,30.09.65,-1.8
IN,31.12.65,-1.2
IN,31.03.66,-0.8
IN,30.06.66,-0.6
IN,30.09.66,-1.5
IN,31.12.66,-1.4
IN,31.03.67,-1.4
IN,30.06.67,-2
IN,30.09.67,-2.8
IN,31.12.67,-2.4
IN,31.03.68,-1.9
IN,30.06.68,-1.4
IN,30.09.68,-1.6
IN,31.12.68,-1.2
IN,31.03.69,-0.3
IN,30.06.69,0.2
IN,30.09.69,-0.7
IN,31.12.69,-0.3
IN,31.03.70,0.3
IN,30.06.70,1.2
IN,30.09.70,1.1
IN,31.12.70,2
IN,31.03.71,2.9
IN,30.06.71,2.3
IN,30.09.71,2.1
IN,31.12.71,3.1
IN,31.03.72,3.3
IN,30.06.72,3.6
IN,30.09.72,2.4
IN,31.12.72,3.1
IN,31.03.73,4.1
IN,30.06.73,3.3
IN,30.09.73,1.7
IN,31.12.73,3
IN,31.03.74,2.8
IN,30.06.74,2.5
IN,30.09.74,1.1
IN,31.12.74,1.4
IN,31.03.75,2.7
IN,30.06.75,2.7
IN,30.09.75,2.7
IN,31.12.75,4.4
IN,31.03.76,6.2
IN,30.06.76,6.2
IN,30.09.76,6.5
IN,31.12.76,8.7
IN,31.03.77,7.9
IN,30.06.77,6.5
IN,30.09.77,5.7
IN,31.12.77,6.6
IN,31.03.78,5.8
IN,30.06.78,6.2
IN,30.09.78,5.7
IN,31.12.78,8.6
IN,31.03.79,7.7
IN,30.06.79,8.2
IN,30.09.79,8.2
IN,31.12.79,9.1
IN,31.03.80,8.4
IN,30.06.80,6.2
IN,30.09.80,4.2
IN,31.12.80,5.6
IN,31.03.81,5.7
IN,30.06.81,4.5
IN,30.09.81,3.3
IN,31.12.81,4.8
IN,31.03.82,4.4
IN,30.06.82,3.3
IN,30.09.82,2.7
IN,31.12.82,5.8
IN,31.03.83,4.7
IN,30.06.83,3
IN,30.09.83,1.9
IN,31.12.83,3.6
IN,31.03.84,3.5
IN,30.06.84,3.2
IN,30.09.84,1.9
IN,31.12.84,4
IN,31.03.85,3.7
IN,30.06.85,1.8
IN,30.09.85,1.2
IN,31.12.85,1.9
IN,31.03.86,3.8
IN,30.06.86,1.6
IN,30.09.86,0.3
IN,31.12.86,0.9
IN,31.03.87,3.1
IN,30.06.87,0.1
IN,30.09.87,-0.8
IN,31.12.87,-0.7
IN,31.03.88,1.5
IN,30.06.88,-1.4
IN,30.09.88,-2.4
IN,31.12.88,0.2
IN,31.03.89,0
IN,30.06.89,-0.6
IN,30.09.89,-1.8
IN,31.12.89,-0.7
IN,31.03.90,-0.2
IN,30.06.90,-1.6
IN,30.09.90,-3.5
IN,31.12.90,-3
IN,31.03.91,-3.2
IN,30.06.91,-5.1
IN,30.09.91,-6.9
IN,31.12.91,-6.9
IN,31.03.92,-6.1
IN,30.06.92,-5.4
IN,30.09.92,-5.5
IN,31.12.92,-4.5
IN,31.03.93,-3.4
IN,30.06.93,-5.1
IN,30.09.93,-7.5
IN,31.12.93,-7.3
IN,31.03.94,-7.4
IN,30.06.94,-9.2
IN,30.09.94,-8
IN,31.12.94,-7.6
IN,31.03.95,-4.5
IN,30.06.95,-6.3
IN,30.09.95,-5.3
IN,31.12.95,-5.3
IN,31.03.96,-3
IN,30.06.96,-5.1
IN,30.09.96,-6
IN,31.12.96,-6.2
IN,31.03.97,-4.2
IN,30.06.97,-6.1
IN,30.09.97,-6.5
IN,31.12.97,-4.9
IN,31.03.98,-1.7
IN,30.06.98,-3.2
IN,30.09.98,-3.4
IN,31.12.98,-4
IN,31.03.99,-1
IN,30.06.99,-3.4
IN,30.09.99,-2.9
IN,31.12.99,-0.3
IN,31.03.00,0.5
IN,30.06.00,1.5
IN,30.09.00,1.2
IN,31.12.00,2.9
IN,31.03.01,3.5
IN,30.06.01,2.7
IN,30.09.01,2.6
IN,31.12.01,3.3
IN,31.03.02,4.7
IN,30.06.02,7.6
IN,30.09.02,6.9
IN,31.12.02,7.5
IN,31.03.03,8.6
IN,30.06.03,6.9
IN,30.09.03,4.9
IN,31.12.03,5.4
IN,31.03.04,7.6
IN,30.06.04,6.6
IN,30.09.04,6.5
IN,31.12.04,10
IN,31.03.05,11.5
IN,30.06.05,11.4
IN,30.09.05,15
IN,31.12.05,14.9
IN,31.03.06,20.8
IN,30.06.06,17.9
IN,30.09.06,19.8
IN,31.12.06,18.4
IN,31.03.07,22.5
IN,30.06.07,16.4
IN,30.09.07,17.3
IN,31.12.07,16.9
IN,31.03.08,21.6
IN,30.06.08,17.5
IN,30.09.08,18
IN,31.12.08,17
IN,31.03.09,19.1
IN,30.06.09,14.2
IN,30.09.09,14.1
IN,31.12.09,10.8
IN,31.03.10,12.8
IN,30.06.10,9.3
IN,30.09.10,7.3
IN,31.12.10,10.4
IN,31.03.11,8.6
IN,30.06.11,5.1
IN,30.09.11,3.1
IN,31.12.11,5
IN,31.03.12,3.8
IN,30.06.12,0.4
IN,30.09.12,0.4
IN,31.12.12,0.9
IN,31.03.13,-2.7
IN,30.06.13,-5.2
IN,30.09.13,-8
IN,31.12.13,-10.3
IN,31.03.14,-10.5
IN,30.06.14,-11.6
IN,30.09.14,-10.8
IN,31.12.14,-9.4
IN,31.03.15,-11.2
IN,30.06.15,-13.8
IN,30.09.15,-13.5
IN,31.12.15,-13.9
IN,31.03.16,-17.8
IN,30.06.16,-19.1
IN,30.09.16,-23.8
IN,31.12.16,-22.6
IN,31.03.17,-24.6
IN,30.06.17,-21.8
IN,30.09.17,-21.5
IN,31.12.17,-17.8
IN,31.03.18,-21.4
IN,30.06.18,-22.4
IN,30.09.18,-23.5
IN,31.12.18,-23.2
IN,31.03.19,-22
IN,30.06.19,-19.8
IN,30.09.19,-16.7
IN,31.12.19,-12.5
IN,31.03.20,-10
IN,30.06.20,-5.7
IN,30.09.20,-4.8
IN,31.12.20,-3.9
IN,31.03.21,-2.8
IN,30.06.21,-9.3
IN,30.09.21,-11.8
IN,31.12.21,-12.7
IN,31.03.22,-9.6
IN,30.06.22,-12.5
IN,30.09.22,-12
IN,31.12.22,-9.5
IN,31.03.23,-8.8
IN,30.06.23,-5.8
IN,30.09.23,-6.4
IT,31.12.70,-2.5
IT,31.03.71,-2.2
IT,30.06.71,-1.4
IT,30.09.71,-0.6
IT,31.12.71,0
IT,31.03.72,0.3
IT,30.06.72,0.7
IT,30.09.72,1.2
IT,31.12.72,1.4
IT,31.03.73,1.7
IT,30.06.73,0.5
IT,30.09.73,-1.5
IT,31.12.73,-3.4
IT,31.03.74,-4.9
IT,30.06.74,-6.2
IT,30.09.74,-7.6
IT,31.12.74,-8.6
IT,31.03.75,-8.6
IT,30.06.75,-8.2
IT,30.09.75,-7.5
IT,31.12.75,-7.2
IT,31.03.76,-7.6
IT,30.06.76,-11.1
IT,30.09.76,-12.1
IT,31.12.76,-12.7
IT,31.03.77,-13.6
IT,30.06.77,-14.6
IT,30.09.77,-14.8
IT,31.12.77,-13.5
IT,31.03.78,-16.7
IT,30.06.78,-18.6
IT,30.09.78,-18
IT,31.12.78,-15.6
IT,31.03.79,-16.6
IT,30.06.79,-17.4
IT,30.09.79,-17.4
IT,31.12.79,-14.6
IT,31.03.80,-15.9
IT,30.06.80,-14.8
IT,30.09.80,-16.1
IT,31.12.80,-11.7
IT,31.03.81,-11.4
IT,30.06.81,-11.3
IT,30.09.81,-11.5
IT,31.12.81,-8.8
IT,31.03.82,-10.7
IT,30.06.82,-11.2
IT,30.09.82,-10.6
IT,31.12.82,-7.8
IT,31.03.83,-8.6
IT,30.06.83,-9.1
IT,30.09.83,-9.5
IT,31.12.83,-6.3
IT,31.03.84,-6
IT,30.06.84,-4.8
IT,30.09.84,-3.4
IT,31.12.84,-0.2
IT,31.03.85,-0.7
IT,30.06.85,-1.4
IT,30.09.85,-2.4
IT,31.12.85,1.4
IT,31.03.86,-2
IT,30.06.86,-1.5
IT,30.09.86,-1.4
IT,31.12.86,2.8
IT,31.03.87,1.9
IT,30.06.87,2.7
IT,30.09.87,0.7
IT,31.12.87,4.8
IT,31.03.88,2.8
IT,30.06.88,4.5
IT,30.09.88,3.6
IT,31.12.88,7.5
IT,31.03.89,6.4
IT,30.06.89,8.1
IT,30.09.89,6.3
IT,31.12.89,10.5
IT,31.03.90,7.9
IT,30.06.90,8.5
IT,30.09.90,6.5
IT,31.12.90,12.3
IT,31.03.91,8.7
IT,30.06.91,10.6
IT,30.09.91,9.3
IT,31.12.91,13
IT,31.03.92,11.5
IT,30.06.92,12.3
IT,30.09.92,11.7
IT,31.12.92,14.6
IT,31.03.93,13.3
IT,30.06.93,12.7
IT,30.09.93,10.8
IT,31.12.93,12.3
IT,31.03.94,8.4
IT,30.06.94,7.7
IT,30.09.94,5.2
IT,31.12.94,7
IT,31.03.95,5.4
IT,30.06.95,5.5
IT,30.09.95,3.7
IT,31.12.95,3.9
IT,31.03.96,2.2
IT,30.06.96,1.8
IT,30.09.96,0.7
IT,31.12.96,1.5
IT,31.03.97,0.3
IT,30.06.97,0.7
IT,30.09.97,-0.5
IT,31.12.97,0.5
IT,31.03.98,-0.2
IT,30.06.98,0
IT,30.09.98,-1
IT,31.12.98,0.6
IT,31.03.99,0.6
IT,30.06.99,3.7
IT,30.09.99,4.1
IT,31.12.99,6.5
IT,31.03.00,5.6
IT,30.06.00,5.8
IT,30.09.00,5.9
IT,31.12.00,8.1
IT,31.03.01,8
IT,30.06.01,8.3
IT,30.09.01,7.7
IT,31.12.01,8.9
IT,31.03.02,8.3
IT,30.06.02,8.6
IT,30.09.02,7.6
IT,31.12.02,8.5
IT,31.03.03,7.9
IT,30.06.03,8.6
IT,30.09.03,7.6
IT,31.12.03,9.4
IT,31.03.04,8.2
IT,30.06.04,9.1
IT,30.09.04,8.6
IT,31.12.04,9.9
IT,31.03.05,10
IT,30.06.05,10.5
IT,30.09.05,10
IT,31.12.05,11.4
IT,31.03.06,11.3
IT,30.06.06,12
IT,30.09.06,11.5
IT,31.12.06,12.7
IT,31.03.07,12.1
IT,30.06.07,13.3
IT,30.09.07,12.9
IT,31.12.07,15.1
IT,31.03.08,17
IT,30.06.08,15.8
IT,30.09.08,14.2
IT,31.12.08,12.5
IT,31.03.09,14.4
IT,30.06.09,16.6
IT,30.09.09,15.4
IT,31.12.09,14.5
IT,31.03.10,13.2
IT,30.06.10,12
IT,30.09.10,10.6
IT,31.12.10,9.1
IT,31.03.11,7.7
IT,30.06.11,6.6
IT,30.09.11,4.8
IT,31.12.11,3
IT,31.03.12,2.5
IT,30.06.12,2.1
IT,30.09.12,1.1
IT,31.12.12,1.1
IT,31.03.13,-0.5
IT,30.06.13,-1.7
IT,30.09.13,-2.8
IT,31.12.13,-4.1
IT,31.03.14,-5.1
IT,30.06.14,-5.6
IT,30.09.14,-6.5
IT,31.12.14,-8.3
IT,31.03.15,-8.6
IT,30.06.15,-9.8
IT,30.09.15,-10.9
IT,31.12.15,-13.3
IT,31.03.16,-14.8
IT,30.06.16,-14.5
IT,30.09.16,-15.3
IT,31.12.16,-17
IT,31.03.17,-17
IT,30.06.17,-17.6
IT,30.09.17,-18.9
IT,31.12.17,-18.4
IT,31.03.18,-18.9
IT,30.06.18,-18.3
IT,30.09.18,-18.3
IT,31.12.18,-18.1
IT,31.03.19,-18.4
IT,30.06.19,-17.7
IT,30.09.19,-17
IT,31.12.19,-16.9
IT,31.03.20,-14.7
IT,30.06.20,-8.7
IT,30.09.20,-5.6
IT,31.12.20,-3.5
IT,31.03.21,-4
IT,30.06.21,-8.2
IT,30.09.21,-10.2
IT,31.12.21,-10.2
IT,31.03.22,-12.3
IT,30.06.22,-13.4
IT,30.09.22,-13.9
IT,31.12.22,-14.5
IT,31.03.23,-16.1
IT,30.06.23,-16.2
IT,30.09.23,-17.7
JP,31.12.74,-3.9
JP,31.03.75,-5.2
JP,30.06.75,-5.2
JP,30.09.75,-3.5
JP,31.12.75,-0.7
JP,31.03.76,-1.5
JP,30.06.76,-2.6
JP,30.09.76,-2.6
JP,31.12.76,-1.4
JP,31.03.77,-3.1
JP,30.06.77,-4.8
JP,30.09.77,-4.6
JP,31.12.77,-3.9
JP,31.03.78,-5.4
JP,30.06.78,-7
JP,30.09.78,-6.9
JP,31.12.78,-5.1
JP,31.03.79,-6.5
JP,30.06.79,-7.1
JP,30.09.79,-5.4
JP,31.12.79,-2.9
JP,31.03.80,-2.7
JP,30.06.80,-2.9
JP,30.09.80,-3
JP,31.12.80,-2.3
JP,31.03.81,-3.2
JP,30.06.81,-4.4
JP,30.09.81,-2.9
JP,31.12.81,0.1
JP,31.03.82,0.1
JP,30.06.82,-0.4
JP,30.09.82,1.5
JP,31.12.82,3.8
JP,31.03.83,5
JP,30.06.83,4.2
JP,30.09.83,5.3
JP,31.12.83,7.2
JP,31.03.84,7.2
JP,30.06.84,5.2
JP,30.09.84,6.9
JP,31.12.84,7.3
JP,31.03.85,7.4
JP,30.06.85,5.1
JP,30.09.85,5.6
JP,31.12.85,6.4
JP,31.03.86,5.7
JP,30.06.86,4.4
JP,30.09.86,6.2
JP,31.12.86,8.8
JP,31.03.87,9.6
JP,30.06.87,14.3
JP,30.09.87,16.6
JP,31.12.87,18.2
JP,31.03.88,16
JP,30.06.88,14.9
JP,30.09.88,16
JP,31.12.88,17.9
JP,31.03.89,17.2
JP,30.06.89,16.8
JP,30.09.89,19.4
JP,31.12.89,21.2
JP,31.03.90,23.8
JP,30.06.90,19.9
JP,30.09.90,19.5
JP,31.12.90,19.1
JP,31.03.91,15.1
JP,30.06.91,12.2
JP,30.09.91,10.6
JP,31.12.91,10.6
JP,31.03.92,7.6
JP,30.06.92,6
JP,30.09.92,5.2
JP,31.12.92,6.8
JP,31.03.93,5.3
JP,30.06.93,4.5
JP,30.09.93,5.1
JP,31.12.93,5.9
JP,31.03.94,3.5
JP,30.06.94,0.9
JP,30.09.94,1
JP,31.12.94,1.3
JP,31.03.95,-0.8
JP,30.06.95,-3.9
JP,30.09.95,-4.3
JP,31.12.95,-4.5
JP,31.03.96,-7
JP,30.06.96,-9.6
JP,30.09.96,-11.2
JP,31.12.96,-10.9
JP,31.03.97,-14.7
JP,30.06.97,-16
JP,30.09.97,-16.7
JP,31.12.97,-14
JP,31.03.98,-17.1
JP,30.06.98,-17.4
JP,30.09.98,-16.5
JP,31.12.98,-20.8
JP,31.03.99,-23.7
JP,30.06.99,-25.1
JP,30.09.99,-24.9
JP,31.12.99,-21.7
JP,31.03.00,-23.7
JP,30.06.00,-26.8
JP,30.09.00,-26.6
JP,31.12.00,-27.2
JP,31.03.01,-28.7
JP,30.06.01,-30.1
JP,30.09.01,-29.1
JP,31.12.01,-27.3
JP,31.03.02,-26.9
JP,30.06.02,-26.9
JP,30.09.02,-28
JP,31.12.02,-26.1
JP,31.03.03,-27.3
JP,30.06.03,-28.9
JP,30.09.03,-29.6
JP,31.12.03,-28.1
JP,31.03.04,-29.5
JP,30.06.04,-30.3
JP,30.09.04,-30.2
JP,31.12.04,-28.2
JP,31.03.05,-26.7
JP,30.06.05,-27.2
JP,30.09.05,-24.9
JP,31.12.05,-23
JP,31.03.06,-22.3
JP,30.06.06,-21.7
JP,30.09.06,-19.7
JP,31.12.06,-18.1
JP,31.03.07,-17.6
JP,30.06.07,-19.1
JP,30.09.07,-17
JP,31.12.07,-14.5
JP,31.03.08,-13.7
JP,30.06.08,-11.7
JP,30.09.08,-9.9
JP,31.12.08,-4.8
JP,31.03.09,-2.2
JP,30.06.09,0.1
JP,30.09.09,2.4
JP,31.12.09,4
JP,31.03.10,2.6
JP,30.06.10,1.3
JP,30.09.10,-0.4
JP,31.12.10,-1.3
JP,31.03.11,-1.6
JP,30.06.11,-0.9
JP,30.09.11,0.6
JP,31.12.11,1.5
JP,31.03.12,1
JP,30.06.12,-1.4
JP,30.09.12,0.2
JP,31.12.12,1.9
JP,31.03.13,2.5
JP,30.06.13,1.7
JP,30.09.13,1.8
JP,31.12.13,2.3
JP,31.03.14,1.8
JP,30.06.14,0.6
JP,30.09.14,1.5
JP,31.12.14,2.7
JP,31.03.15,1.9
JP,30.06.15,0.1
JP,30.09.15,0
JP,31.12.15,0.9
JP,31.03.16,0.2
JP,30.06.16,1.1
JP,30.09.16,2.9
JP,31.12.16,4.4
JP,31.03.17,5.4
JP,30.06.17,5
JP,30.09.17,5.4
JP,31.12.17,5.9
JP,31.03.18,5.7
JP,30.06.18,6.2
JP,30.09.18,7.9
JP,31.12.18,9.7
JP,31.03.19,10.5
JP,30.06.19,11.1
JP,30.09.19,12.3
JP,31.12.19,13.7
JP,31.03.20,14.9
JP,30.06.20,25.5
JP,30.09.20,27.6
JP,31.12.20,28.5
JP,31.03.21,28
JP,30.06.21,24.9
JP,30.09.21,23.5
JP,31.12.21,23.9
JP,31.03.22,22.6
JP,30.06.22,22
JP,30.09.22,21.7
JP,31.12.22,21.4
JP,31.03.23,18.2
JP,30.06.23,15.2
JP,30.09.23,13.5
KR,31.12.72,-3.8
KR,31.03.73,-4.4
KR,30.06.73,-4.3
KR,30.09.73,-4.7
KR,31.12.73,-5.2
KR,31.03.74,-6.1
KR,30.06.74,-6.1
KR,30.09.74,-4.6
KR,31.12.74,-5.4
KR,31.03.75,-9.5
KR,30.06.75,-10.8
KR,30.09.75,-11.2
KR,31.12.75,-12.5
KR,31.03.76,-13.1
KR,30.06.76,-14.8
KR,30.09.76,-14
KR,31.12.76,-14.4
KR,31.03.77,-14.5
KR,30.06.77,-13.7
KR,30.09.77,-12.1
KR,31.12.77,-12.7
KR,31.03.78,-10.7
KR,30.06.78,-8.8
KR,30.09.78,-8.8
KR,31.12.78,-8.3
KR,31.03.79,-7.8
KR,30.06.79,-7.4
KR,30.09.79,-4.5
KR,31.12.79,-2.8
KR,31.03.80,3.3
KR,30.06.80,4.8
KR,30.09.80,7
KR,31.12.80,8.5
KR,31.03.81,8
KR,30.06.81,8.6
KR,30.09.81,8.4
KR,31.12.81,9.7
KR,31.03.82,9.6
KR,30.06.82,8.2
KR,30.09.82,9.9
KR,31.12.82,14.5
KR,31.03.83,14.2
KR,30.06.83,14
KR,30.09.83,11.1
KR,31.12.83,10.6
KR,31.03.84,9.7
KR,30.06.84,9.6
KR,30.09.84,8.9
KR,31.12.84,9
KR,31.03.85,10.2
KR,30.06.85,11.9
KR,30.09.85,12.8
KR,31.12.85,9.8
KR,31.03.86,7.1
KR,30.06.86,7.1
KR,30.09.86,4.4
KR,31.12.86,2.7
KR,31.03.87,0.2
KR,30.06.87,-1.3
KR,30.09.87,-2.6
KR,31.12.87,-5
KR,31.03.88,-9
KR,30.06.88,-7.8
KR,30.09.88,-9.6
KR,31.12.88,-11.3
KR,31.03.89,-8.7
KR,30.06.89,-3.8
KR,30.09.89,-1.5
KR,31.12.89,-1.2
KR,31.03.90,-1.7
KR,30.06.90,-0.8
KR,30.09.90,-1.3
KR,31.12.90,3.1
KR,31.03.91,5.7
KR,30.06.91,4.7
KR,30.09.91,5.6
KR,31.12.91,4.5
KR,31.03.92,4
KR,30.06.92,3.2
KR,30.09.92,3.7
KR,31.12.92,4.2
KR,31.03.93,4.4
KR,30.06.93,4.9
KR,30.09.93,6.8
KR,31.12.93,4
KR,31.03.94,3.6
KR,30.06.94,4
KR,30.09.94,5.6
KR,31.12.94,3.4
KR,31.03.95,2.8
KR,30.06.95,2.5
KR,30.09.95,1.6
KR,31.12.95,0.4
KR,31.03.96,0.7
KR,30.06.96,2.2
KR,30.09.96,5.3
KR,31.12.96,4.7
KR,31.03.97,8.4
KR,30.06.97,7.8
KR,30.09.97,8
KR,31.12.97,13.2
KR,31.03.98,10.1
KR,30.06.98,8.2
KR,30.09.98,10.5
KR,31.12.98,5.7
KR,31.03.99,9.7
KR,30.06.99,0.5
KR,30.09.99,-4.1
KR,31.12.99,-13
KR,31.03.00,-13.6
KR,30.06.00,-17
KR,30.09.00,-17.2
KR,31.12.00,-19.8
KR,31.03.01,-18.8
KR,30.06.01,-19.1
KR,30.09.01,-17.1
KR,31.12.01,-18.2
KR,31.03.02,-15.4
KR,30.06.02,-13.3
KR,30.09.02,-11.9
KR,31.12.02,-12
KR,31.03.03,-12.1
KR,30.06.03,-13.1
KR,30.09.03,-13.9
KR,31.12.03,-15
KR,31.03.04,-16.7
KR,30.06.04,-18.8
KR,30.09.04,-19.6
KR,31.12.04,-21.8
KR,31.03.05,-21.6
KR,30.06.05,-19.4
KR,30.09.05,-18.5
KR,31.12.05,-17.2
KR,31.03.06,-15.8
KR,30.06.06,-11.8
KR,30.09.06,-8.9
KR,31.12.06,-5.5
KR,31.03.07,-3.7
KR,30.06.07,-2.3
KR,30.09.07,-1.6
KR,31.12.07,-0.5
KR,31.03.08,2.5
KR,30.06.08,5.5
KR,30.09.08,7.9
KR,31.12.08,10.7
KR,31.03.09,11.9
KR,30.06.09,13.2
KR,30.09.09,13
KR,31.12.09,11.2
KR,31.03.10,8.2
KR,30.06.10,6.8
KR,30.09.10,5.3
KR,31.12.10,2.9
KR,31.03.11,2.5
KR,30.06.11,3
KR,30.09.11,4.8
KR,31.12.11,4
KR,31.03.12,3.7
KR,30.06.12,4.1
KR,30.09.12,4.9
KR,31.12.12,3.2
KR,31.03.13,4.4
KR,30.06.13,3.8
KR,30.09.13,2.7
KR,31.12.13,1
KR,31.03.14,0.6
KR,30.06.14,0.2
KR,30.09.14,1.6
KR,31.12.14,1.7
KR,31.03.15,1
KR,30.06.15,0.3
KR,30.09.15,0.8
KR,31.12.15,0.3
KR,31.03.16,-0.5
KR,30.06.16,-0.6
KR,30.09.16,-1.1
KR,31.12.16,-1.2
KR,31.03.17,-2.2
KR,30.06.17,-1.4
KR,30.09.17,-2.2
KR,31.12.17,-2.9
KR,31.03.18,-2.4
KR,30.06.18,-1.6
KR,30.09.18,-0.3
KR,31.12.18,0.3
KR,31.03.19,1
KR,30.06.19,3
KR,30.09.19,4.7
KR,31.12.19,5.9
KR,31.03.20,8.6
KR,30.06.20,12.9
KR,30.09.20,15.7
KR,31.12.20,16.8
KR,31.03.21,17.3
KR,30.06.21,17.1
KR,30.09.21,17.4
KR,31.12.21,16.6
KR,31.03.22,16
KR,30.06.22,16.2
KR,30.09.22,16.8
KR,31.12.22,15.4
KR,31.03.23,12.7
KR,30.06.23,12.1
KR,30.09.23,10.5
LU,31.03.05,0.6
LU,30.06.05,-3.2
LU,30.09.05,-6.6
LU,31.12.05,-15
LU,31.03.06,-16.5
LU,30.06.06,-17.1
LU,30.09.06,-16.4
LU,31.12.06,-13.8
LU,31.03.07,16.1
LU,30.06.07,38.1
LU,30.09.07,58.5
LU,31.12.07,77.7
LU,31.03.08,62.6
LU,30.06.08,51.7
LU,30.09.08,41
LU,31.12.08,31.7
LU,31.03.09,39.3
LU,30.06.09,48.3
LU,30.09.09,54
LU,31.12.09,46.9
LU,31.03.10,32.2
LU,30.06.10,16.7
LU,30.09.10,4.5
LU,31.12.10,-5.7
LU,31.03.11,-11.1
LU,30.06.11,-5.9
LU,30.09.11,-7.2
LU,31.12.11,-6.4
LU,31.03.12,0.6
LU,30.06.12,-0.8
LU,30.09.12,-2
LU,31.12.12,-7.3
LU,31.03.13,-11.1
LU,30.06.13,-14.4
LU,30.09.13,-16.2
LU,31.12.13,-17.2
LU,31.03.14,-14.6
LU,30.06.14,-15.5
LU,30.09.14,-12.5
LU,31.12.14,-12.7
LU,31.03.15,-9.6
LU,30.06.15,-16.7
LU,30.09.15,-18.6
LU,31.12.15,-19.3
LU,31.03.16,-34.9
LU,30.06.16,-37.5
LU,30.09.16,-40.9
LU,31.12.16,-36.8
LU,31.03.17,-36.3
LU,30.06.17,-42.5
LU,30.09.17,-46.4
LU,31.12.17,-46.5
LU,31.03.18,-42.4
LU,30.06.18,-42.5
LU,30.09.18,-41.3
LU,31.12.18,-38.9
LU,31.03.19,-31.7
LU,30.06.19,-29.8
LU,30.09.19,-26.7
LU,31.12.19,-30.7
LU,31.03.20,-34
LU,30.06.20,9.5
LU,30.09.20,-9.1
LU,31.12.20,-25.4
LU,31.03.21,-27.5
LU,30.06.21,-30.3
LU,30.09.21,-25.6
LU,31.12.21,-24.1
LU,31.03.22,-42.1
LU,30.06.22,-57.2
LU,30.09.22,-51.9
LU,31.12.22,-54.2
LU,31.03.23,-54.1
LU,30.06.23,-58
LU,30.09.23,-53.8
MX,31.12.90,3
MX,31.03.91,3.1
MX,30.06.91,4.4
MX,30.09.91,5.3
MX,31.12.91,8.4
MX,31.03.92,8.7
MX,30.06.92,9.8
MX,30.09.92,10.4
MX,31.12.92,11.3
MX,31.03.93,11.1
MX,30.06.93,11.8
MX,30.09.93,12
MX,31.12.93,12.4
MX,31.03.94,12.6
MX,30.06.94,12.8
MX,30.09.94,12.4
MX,31.12.94,12.3
MX,31.03.95,12.3
MX,30.06.95,11.5
MX,30.09.95,10
MX,31.12.95,7.9
MX,31.03.96,4.6
MX,30.06.96,2
MX,30.09.96,-0.1
MX,31.12.96,-1.9
MX,31.03.97,-2.5
MX,30.06.97,-3.8
MX,30.09.97,-6
MX,31.12.97,-7.4
MX,31.03.98,-7.5
MX,30.06.98,-7.5
MX,30.09.98,-7.5
MX,31.12.98,-9.1
MX,31.03.99,-9.7
MX,30.06.99,-9.9
MX,30.09.99,-11.5
MX,31.12.99,-11.7
MX,31.03.00,-11.7
MX,30.06.00,-10.8
MX,30.09.00,-11.1
MX,31.12.00,-11.1
MX,31.03.01,-10.9
MX,30.06.01,-11.3
MX,30.09.01,-10.5
MX,31.12.01,-9.9
MX,31.03.02,-9.8
MX,30.06.02,-8.4
MX,30.09.02,-7.7
MX,31.12.02,-7
MX,31.03.03,-6.7
MX,30.06.03,-6.4
MX,30.09.03,-5.6
MX,31.12.03,-5
MX,31.03.04,-4.7
MX,30.06.04,-4.6
MX,30.09.04,-4.5
MX,31.12.04,-4.3
MX,31.03.05,-3.8
MX,30.06.05,-3.6
MX,30.09.05,-3.6
MX,31.12.05,-2.8
MX,31.03.06,-2.4
MX,30.06.06,-1.6
MX,30.09.06,-1.4
MX,31.12.06,-0.4
MX,31.03.07,0
MX,30.06.07,0.3
MX,30.09.07,1.3
MX,31.12.07,2.6
MX,31.03.08,2.6
MX,30.06.08,2.4
MX,30.09.08,3.1
MX,31.12.08,4.1
MX,31.03.09,4.7
MX,30.06.09,4.2
MX,30.09.09,4.3
MX,31.12.09,3.9
MX,31.03.10,3.6
MX,30.06.10,3.6
MX,30.09.10,3.2
MX,31.12.10,3.2
MX,31.03.11,3.4
MX,30.06.11,3.3
MX,30.09.11,4.6
MX,31.12.11,4.6
MX,31.03.12,3.7
MX,30.06.12,3.8
MX,30.09.12,3.8
MX,31.12.12,4
MX,31.03.13,3.6
MX,30.06.13,4.4
MX,30.09.13,5.3
MX,31.12.13,6
MX,31.03.14,5.8
MX,30.06.14,5.7
MX,30.09.14,5.7
MX,31.12.14,6.2
MX,31.03.15,6.1
MX,30.06.15,6.4
MX,30.09.15,7.5
MX,31.12.15,7.5
MX,31.03.16,7.9
MX,30.06.16,8.4
MX,30.09.16,8.6
MX,31.12.16,8.4
MX,31.03.17,6.2
MX,30.06.17,5.3
MX,30.09.17,5.4
MX,31.12.17,6.3
MX,31.03.18,4.9
MX,30.06.18,5.4
MX,30.09.18,4
MX,31.12.18,3.8
MX,31.03.19,3.5
MX,30.06.19,3.3
MX,30.09.19,2.9
MX,31.12.19,1.7
MX,31.03.20,5.2
MX,30.06.20,5.9
MX,30.09.20,4.9
MX,31.12.20,2.5
MX,31.03.21,2.2
MX,30.06.21,-0.2
MX,30.09.21,-0.6
MX,31.12.21,-1
MX,31.03.22,-1.7
MX,30.06.22,-2
MX,30.09.22,-2.4
MX,31.12.22,-3
MX,31.03.23,-4.1
MX,30.06.23,-4.6
MX,30.09.23,-4.4
MY,30.06.74,3.1
MY,30.09.74,2.3
MY,31.12.74,0.5
MY,31.03.75,0.9
MY,30.06.75,0.1
MY,30.09.75,0.5
MY,31.12.75,2.1
MY,31.03.76,3.3
MY,30.06.76,3.4
MY,30.09.76,3.7
MY,31.12.76,2.3
MY,31.03.77,2
MY,30.06.77,1.1
MY,30.09.77,1
MY,31.12.77,0.4
MY,31.03.78,0.9
MY,30.06.78,0.4
MY,30.09.78,1.1
MY,31.12.78,2.5
MY,31.03.79,3.4
MY,30.06.79,4.5
MY,30.09.79,3.2
MY,31.12.79,3.4
MY,31.03.80,6.5
MY,30.06.80,8.6
MY,30.09.80,7.2
MY,31.12.80,8.3
MY,31.03.81,9
MY,30.06.81,9.6
MY,30.09.81,9.8
MY,31.12.81,11.1
MY,31.03.82,10.4
MY,30.06.82,10.5
MY,30.09.82,8.9
MY,31.12.82,11.1
MY,31.03.83,13.1
MY,30.06.83,11.7
MY,30.09.83,12.5
MY,31.12.83,14.2
MY,31.03.84,13.3
MY,30.06.84,13.7
MY,30.09.84,14.2
MY,31.12.84,12.7
MY,31.03.85,12.8
MY,30.06.85,12.8
MY,30.09.85,15.6
MY,31.12.85,19.6
MY,31.03.86,21
MY,30.06.86,20.6
MY,30.09.86,23.1
MY,31.12.86,21.5
MY,31.03.87,17.9
MY,30.06.87,14.6
MY,30.09.87,10.9
MY,31.12.87,7.9
MY,31.03.88,5.9
MY,30.06.88,4.6
MY,30.09.88,0.3
MY,31.12.88,-0.7
MY,31.03.89,0.2
MY,30.06.89,-1.3
MY,30.09.89,-0.4
MY,31.12.89,1.1
MY,31.03.90,-1.1
MY,30.06.90,-0.1
MY,30.09.90,2.1
MY,31.12.90,6
MY,31.03.91,5.6
MY,30.06.91,5.2
MY,30.09.91,6.8
MY,31.12.91,4.4
MY,31.03.92,4.8
MY,30.06.92,1
MY,30.09.92,0.6
MY,31.12.92,-1.7
MY,31.03.93,-5.5
MY,30.06.93,-7.6
MY,30.09.93,-10.9
MY,31.12.93,-6.8
MY,31.03.94,-8.7
MY,30.06.94,-11
MY,30.09.94,-6.1
MY,31.12.94,-6.2
MY,31.03.95,-4.6
MY,30.06.95,-2.7
MY,30.09.95,2.1
MY,31.12.95,9
MY,31.03.96,10.2
MY,30.06.96,12.8
MY,30.09.96,16.4
MY,31.12.96,23
MY,31.03.97,28.7
MY,30.06.97,33.6
MY,30.09.97,37.5
MY,31.12.97,34.7
MY,31.03.98,27.7
MY,30.06.98,22.8
MY,30.09.98,18.9
MY,31.12.98,20.7
MY,31.03.99,13.7
MY,30.06.99,7.2
MY,30.09.99,4.1
MY,31.12.99,-6.3
MY,31.03.00,-16.3
MY,30.06.00,-20.7
MY,30.09.00,-26
MY,31.12.00,-28.7
MY,31.03.01,-30.2
MY,30.06.01,-28.2
MY,30.09.01,-23.6
MY,31.12.01,-20.6
MY,31.03.02,-19.6
MY,30.06.02,-20.2
MY,30.09.02,-22.9
MY,31.12.02,-24.7
MY,31.03.03,-28.5
MY,30.06.03,-28.4
MY,30.09.03,-29
MY,31.12.03,-32
MY,31.03.04,-29.9
MY,30.06.04,-30
MY,30.09.04,-32.8
MY,31.12.04,-35.6
MY,31.03.05,-38.5
MY,30.06.05,-40.5
MY,30.09.05,-38.7
MY,31.12.05,-37.5
MY,31.03.06,-40.3
MY,30.06.06,-39.8
MY,30.09.06,-40.1
MY,31.12.06,-38.2
MY,31.03.07,-38.2
MY,30.06.07,-37.6
MY,30.09.07,-33.2
MY,31.12.07,-37.5
MY,31.03.08,-40.9
MY,30.06.08,-40.6
MY,30.09.08,-36
MY,31.12.08,-32.6
MY,31.03.09,-26.8
MY,30.06.09,-20.4
MY,30.09.09,-12.1
MY,31.12.09,-9
MY,31.03.10,-11.8
MY,30.06.10,-12.5
MY,30.09.10,-13.1
MY,31.12.10,-10.2
MY,31.03.11,-10.8
MY,30.06.11,-9.3
MY,30.09.11,-7.4
MY,31.12.11,-5.1
MY,31.03.12,-8.4
MY,30.06.12,-2.8
MY,30.09.12,-1.9
MY,31.12.12,-0.5
MY,31.03.13,1.5
MY,30.06.13,3.6
MY,30.09.13,3.8
MY,31.12.13,5.5
MY,31.03.14,4.8
MY,30.06.14,2.8
MY,30.09.14,1.6
MY,31.12.14,3.7
MY,31.03.15,5.6
MY,30.06.15,7
MY,30.09.15,8.3
MY,31.12.15,8.9
MY,31.03.16,5.7
MY,30.06.16,5
MY,30.09.16,6.5
MY,31.12.16,8.6
MY,31.03.17,6.7
MY,30.06.17,5.7
MY,30.09.17,3.7
MY,31.12.17,3.4
MY,31.03.18,4.1
MY,30.06.18,6
MY,30.09.18,5
MY,31.12.18,4.7
MY,31.03.19,4
MY,30.06.19,5.3
MY,30.09.19,3.9
MY,31.12.19,4
MY,31.03.20,4.6
MY,30.06.20,14.3
MY,30.09.20,16.5
MY,31.12.20,18.5
MY,31.03.21,18.5
MY,30.06.21,10.8
MY,30.09.21,11
MY,31.12.21,8.2
MY,31.03.22,3.8
MY,30.06.22,-2.1
MY,30.09.22,-9.8
MY,31.12.22,-11.4
MY,31.03.23,-11.7
MY,30.06.23,-8.8
MY,30.09.23,-7
NL,31.03.71,-1.2
NL,30.06.71,-1.8
NL,30.09.71,-1.7
NL,31.12.71,-1.1
NL,31.03.72,-1.7
NL,30.06.72,-0.5
NL,30.09.72,-0.5
NL,31.12.72,-0.4
NL,31.03.73,0.5
NL,30.06.73,1.5
NL,30.09.73,3.9
NL,31.12.73,4.6
NL,31.03.74,4.3
NL,30.06.74,5
NL,30.09.74,5.4
NL,31.12.74,5.2
NL,31.03.75,4.1
NL,30.06.75,3.4
NL,30.09.75,2.9
NL,31.12.75,2.9
NL,31.03.76,2.2
NL,30.06.76,3.8
NL,30.09.76,4
NL,31.12.76,3.9
NL,31.03.77,4.1
NL,30.06.77,5.4
NL,30.09.77,6.1
NL,31.12.77,8.9
NL,31.03.78,10.1
NL,30.06.78,12
NL,30.09.78,12.9
NL,31.12.78,15.2
NL,31.03.79,15.9
NL,30.06.79,16.3
NL,30.09.79,15.7
NL,31.12.79,17.3
NL,31.03.80,15.3
NL,30.06.80,14.5
NL,30.09.80,13.5
NL,31.12.80,13.8
NL,31.03.81,12
NL,30.06.81,11.4
NL,30.09.81,9.4
NL,31.12.81,8.2
NL,31.03.82,6.8
NL,30.06.82,4.2
NL,30.09.82,3.5
NL,31.12.82,2
NL,31.03.83,2.5
NL,30.06.83,0.5
NL,30.09.83,-0.9
NL,31.12.83,-1
NL,31.03.84,-1.5
NL,30.06.84,-3.1
NL,30.09.84,-4.7
NL,31.12.84,-4.4
NL,31.03.85,-5.1
NL,30.06.85,-6.2
NL,30.09.85,-7.5
NL,31.12.85,-7.9
NL,31.03.86,-7.4
NL,30.06.86,-7
NL,30.09.86,-7.7
NL,31.12.86,-4.4
NL,31.03.87,-2.9
NL,30.06.87,-0.1
NL,30.09.87,-3.2
NL,31.12.87,-1.8
NL,31.03.88,-0.9
NL,30.06.88,1.5
NL,30.09.88,0.7
NL,31.12.88,4.4
NL,31.03.89,5.6
NL,30.06.89,6.4
NL,30.09.89,3.6
NL,31.12.89,2.5
NL,31.03.90,3.5
NL,30.06.90,4.8
NL,30.09.90,4.7
NL,31.12.90,4.4
NL,31.03.91,5.1
NL,30.06.91,2.4
NL,30.09.91,0.9
NL,31.12.91,1.8
NL,31.03.92,2
NL,30.06.92,1.9
NL,30.09.92,2.8
NL,31.12.92,2.9
NL,31.03.93,3.7
NL,30.06.93,1.5
NL,30.09.93,-0.5
NL,31.12.93,0.6
NL,31.03.94,2.4
NL,30.06.94,2.2
NL,30.09.94,0.9
NL,31.12.94,0.7
NL,31.03.95,-0.7
NL,30.06.95,-0.3
NL,30.09.95,-3.4
NL,31.12.95,-5
NL,31.03.96,-3.1
NL,30.06.96,-2.4
NL,30.09.96,-2.4
NL,31.12.96,-1.7
NL,31.03.97,3.3
NL,30.06.97,5.6
NL,30.09.97,6.3
NL,31.12.97,-2.3
NL,31.03.98,1.6
NL,30.06.98,1.2
NL,30.09.98,3.1
NL,31.12.98,2.9
NL,31.03.99,6.1
NL,30.06.99,6.3
NL,30.09.99,7.6
NL,31.12.99,7.9
NL,31.03.00,6.4
NL,30.06.00,6
NL,30.09.00,6.2
NL,31.12.00,6.7
NL,31.03.01,1.5
NL,30.06.01,0.3
NL,30.09.01,-1.7
NL,31.12.01,-1.1
NL,31.03.02,-2.7
NL,30.06.02,-5.3
NL,30.09.02,-3.9
NL,31.12.02,-5.1
NL,31.03.03,-5.5
NL,30.06.03,-4.4
NL,30.09.03,-2.9
NL,31.12.03,5.2
NL,31.03.04,3.1
NL,30.06.04,1
NL,30.09.04,-0.1
NL,31.12.04,0.3
NL,31.03.05,-0.8
NL,30.06.05,2.7
NL,30.09.05,2.3
NL,31.12.05,-0.8
NL,31.03.06,-3.1
NL,30.06.06,-5.6
NL,30.09.06,-5.5
NL,31.12.06,-8.7
NL,31.03.07,-7.9
NL,30.06.07,-9.6
NL,30.09.07,-9.8
NL,31.12.07,-11.9
NL,31.03.08,-9.9
NL,30.06.08,-8.7
NL,30.09.08,-10.4
NL,31.12.08,-11.3
NL,31.03.09,-8
NL,30.06.09,-4.5
NL,30.09.09,-2
NL,31.12.09,1.4
NL,31.03.10,5.7
NL,30.06.10,8.8
NL,30.09.10,8.2
NL,31.12.10,8.3
NL,31.03.11,7.9
NL,30.06.11,10.4
NL,30.09.11,10.2
NL,31.12.11,12.8
NL,31.03.12,12.7
NL,30.06.12,14.1
NL,30.09.12,12.9
NL,31.12.12,10
NL,31.03.13,8.3
NL,30.06.13,7.3
NL,30.09.13,5.8
NL,31.12.13,3.2
NL,31.03.14,1.1
NL,30.06.14,1
NL,30.09.14,0
NL,31.12.14,4.3
NL,31.03.15,7.6
NL,30.06.15,3.8
NL,30.09.15,-0.2
NL,31.12.15,-3.8
NL,31.03.16,-6.3
NL,30.06.16,-7.9
NL,30.09.16,-2.8
NL,31.12.16,-7.9
NL,31.03.17,-8.6
NL,30.06.17,-12.8
NL,30.09.17,-14.6
NL,31.12.17,-20.4
NL,31.03.18,-20.9
NL,30.06.18,-24.7
NL,30.09.18,-26.9
NL,31.12.18,-29.2
NL,31.03.19,-31.7
NL,30.06.19,-34
NL,30.09.19,-35.3
NL,31.12.19,-38.9
NL,31.03.20,-35.5
NL,30.06.20,-29.4
NL,30.09.20,-27.3
NL,31.12.20,-31.5
NL,31.03.21,-28.3
NL,30.06.21,-32.8
NL,30.09.21,-36
NL,31.12.21,-38.9
NL,31.03.22,-41.2
NL,30.06.22,-41.2
NL,30.09.22,-37.7
NL,31.12.22,-45.7
NL,31.03.23,-52.5
NL,30.06.23,-53.4
NL,30.09.23,-51.7
NO,31.12.70,-0.2
NO,31.03.71,-0.3
NO,30.06.71,-0.2
NO,30.09.71,0
NO,31.12.71,0.2
NO,31.03.72,0.9
NO,30.06.72,1.3
NO,30.09.72,1.6
NO,31.12.72,1.6
NO,31.03.73,1.7
NO,30.06.73,1.5
NO,30.09.73,1
NO,31.12.73,0.4
NO,31.03.74,-0.2
NO,30.06.74,-0.9
NO,30.09.74,-1.6
NO,31.12.74,-2.3
NO,31.03.75,1
NO,30.06.75,2.5
NO,30.09.75,2.4
NO,31.12.75,4.1
NO,31.03.76,5.3
NO,30.06.76,6.6
NO,30.09.76,7.1
NO,31.12.76,7.5
NO,31.03.77,9.3
NO,30.06.77,10.7
NO,30.09.77,11.2
NO,31.12.77,13.2
NO,31.03.78,13.2
NO,30.06.78,12.8
NO,30.09.78,11.9
NO,31.12.78,10.9
NO,31.03.79,9.9
NO,30.06.79,8.4
NO,30.09.79,5.9
NO,31.12.79,4.5
NO,31.03.80,0.8
NO,30.06.80,-1.4
NO,30.09.80,-1.2
NO,31.12.80,-2.2
NO,31.03.81,-1.1
NO,30.06.81,-3.2
NO,30.09.81,-4.6
NO,31.12.81,-4.5
NO,31.03.82,-3.1
NO,30.06.82,-0.3
NO,30.09.82,1.2
NO,31.12.82,2.4
NO,31.03.83,3
NO,30.06.83,3.1
NO,30.09.83,2.1
NO,31.12.83,2.7
NO,31.03.84,4.1
NO,30.06.84,5.9
NO,30.09.84,5.7
NO,31.12.84,7.7
NO,31.03.85,7.4
NO,30.06.85,7.5
NO,30.09.85,7.5
NO,31.12.85,8.3
NO,31.03.86,8.6
NO,30.06.86,16.8
NO,30.09.86,19
NO,31.12.86,21.2
NO,31.03.87,21.8
NO,30.06.87,21.6
NO,30.09.87,22.7
NO,31.12.87,22
NO,31.03.88,20.9
NO,30.06.88,22.7
NO,30.09.88,21.9
NO,31.12.88,20.7
NO,31.03.89,21.6
NO,30.06.89,20.4
NO,30.09.89,17.2
NO,31.12.89,13.4
NO,31.03.90,13.1
NO,30.06.90,12.5
NO,30.09.90,7.8
NO,31.12.90,3.2
NO,31.03.91,0.3
NO,30.06.91,-0.8
NO,30.09.91,-6.4
NO,31.12.91,-11.3
NO,31.03.92,-6
NO,30.06.92,-8.6
NO,30.09.92,-11.1
NO,31.12.92,-7.3
NO,31.03.93,-9.1
NO,30.06.93,-9.7
NO,30.09.93,-14.5
NO,31.12.93,-15.9
NO,31.03.94,-17.6
NO,30.06.94,-19.8
NO,30.09.94,-20.6
NO,31.12.94,-23.5
NO,31.03.95,-24.2
NO,30.06.95,-23.9
NO,30.09.95,-24.6
NO,31.12.95,-24.5
NO,31.03.96,-23.5
NO,30.06.96,-22.6
NO,30.09.96,-23.3
NO,31.12.96,-23.5
NO,31.03.97,-19.8
NO,30.06.97,-14.6
NO,30.09.97,-13.2
NO,31.12.97,-10.1
NO,31.03.98,-5.8
NO,30.06.98,0.3
NO,30.09.98,1.4
NO,31.12.98,3.9
NO,31.03.99,5.8
NO,30.06.99,6.5
NO,30.09.99,3
NO,31.12.99,1.1
NO,31.03.00,-1.7
NO,30.06.00,-3.4
NO,30.09.00,-0.7
NO,31.12.00,-7
NO,31.03.01,-6.6
NO,30.06.01,-3.8
NO,30.09.01,-4.6
NO,31.12.01,0.7
NO,31.03.02,5.5
NO,30.06.02,6.8
NO,30.09.02,8.3
NO,31.12.02,7.9
NO,31.03.03,9.8
NO,30.06.03,13.1
NO,30.09.03,10.4
NO,31.12.03,7.3
NO,31.03.04,10.4
NO,30.06.04,11.8
NO,30.09.04,11.4
NO,31.12.04,8.7
NO,31.03.05,7.6
NO,30.06.05,7.1
NO,30.09.05,4.8
NO,31.12.05,5.1
NO,31.03.06,3.9
NO,30.06.06,3.6
NO,30.09.06,4.4
NO,31.12.06,4
NO,31.03.07,9.2
NO,30.06.07,14.7
NO,30.09.07,14.2
NO,31.12.07,17.2
NO,31.03.08,20.1
NO,30.06.08,19.7
NO,30.09.08,19.6
NO,31.12.08,24.1
NO,31.03.09,26.3
NO,30.06.09,29.6
NO,30.09.09,27.9
NO,31.12.09,24.5
NO,31.03.10,20.5
NO,30.06.10,21.6
NO,30.09.10,19.7
NO,31.12.10,16.6
NO,31.03.11,14.7
NO,30.06.11,11.1
NO,30.09.11,6.6
NO,31.12.11,3.4
NO,31.03.12,10.7
NO,30.06.12,7.7
NO,30.09.12,5.8
NO,31.12.12,4.7
NO,31.03.13,3.9
NO,30.06.13,3.8
NO,30.09.13,0.7
NO,31.12.13,-2.2
NO,31.03.14,-2.6
NO,30.06.14,-2.9
NO,30.09.14,-2.3
NO,31.12.14,-0.3
NO,31.03.15,4.3
NO,30.06.15,7.2
NO,30.09.15,10.3
NO,31.12.15,13.6
NO,31.03.16,13.4
NO,30.06.16,15
NO,30.09.16,15.3
NO,31.12.16,13.3
NO,31.03.17,7.3
NO,30.06.17,3.7
NO,30.09.17,-1.1
NO,31.12.17,-4.4
NO,31.03.18,-6.8
NO,30.06.18,-10.2
NO,30.09.18,-14.8
NO,31.12.18,-17.9
NO,31.03.19,-18
NO,30.06.19,-13.3
NO,30.09.19,-8.4
NO,31.12.19,-5.6
NO,31.03.20,0.2
NO,30.06.20,10.8
NO,30.09.20,15.8
NO,31.12.20,19.2
NO,31.03.21,18.1
NO,30.06.21,8
NO,30.09.21,-5.1
NO,31.12.21,-23.1
NO,31.03.22,-36.7
NO,30.06.22,-46.5
NO,30.09.22,-57.6
NO,31.12.22,-54.4
NO,31.03.23,-47.9
NO,30.06.23,-39.5
NO,30.09.23,-24.7
NZ,31.12.70,0.4
NZ,31.03.71,3.2
NZ,30.06.71,0.9
NZ,30.09.71,-0.6
NZ,31.12.71,-1.7
NZ,31.03.72,0.2
NZ,30.06.72,-2.5
NZ,30.09.72,-1.7
NZ,31.12.72,-1.1
NZ,31.03.73,1.6
NZ,30.06.73,2.7
NZ,30.09.73,3.5
NZ,31.12.73,3
NZ,31.03.74,6.5
NZ,30.06.74,6.1
NZ,30.09.74,5.3
NZ,31.12.74,4
NZ,31.03.75,5.4
NZ,30.06.75,3.8
NZ,30.09.75,3.9
NZ,31.12.75,3.3
NZ,31.03.76,3.3
NZ,30.06.76,0.7
NZ,30.09.76,1.7
NZ,31.12.76,1.8
NZ,31.03.77,4.1
NZ,30.06.77,2.6
NZ,30.09.77,2.6
NZ,31.12.77,1.4
NZ,31.03.78,3.6
NZ,30.06.78,4.2
NZ,30.09.78,4.2
NZ,31.12.78,4.6
NZ,31.03.79,4.2
NZ,30.06.79,5.3
NZ,30.09.79,5.1
NZ,31.12.79,4.8
NZ,31.03.80,5.1
NZ,30.06.80,3.1
NZ,30.09.80,3.3
NZ,31.12.80,4.6
NZ,31.03.81,5.7
NZ,30.06.81,7.3
NZ,30.09.81,7.8
NZ,31.12.81,8.8
NZ,31.03.82,7.2
NZ,30.06.82,9.5
NZ,30.09.82,6.5
NZ,31.12.82,6.8
NZ,31.03.83,5.7
NZ,30.06.83,6.1
NZ,30.09.83,6.7
NZ,31.12.83,15.6
NZ,31.03.84,9.9
NZ,30.06.84,12.5
NZ,30.09.84,20.4
NZ,31.12.84,18.6
NZ,31.03.85,18.7
NZ,30.06.85,19.8
NZ,30.09.85,19.5
NZ,31.12.85,21.9
NZ,31.03.86,26.4
NZ,30.06.86,24.1
NZ,30.09.86,25.2
NZ,31.12.86,22
NZ,31.03.87,21.5
NZ,30.06.87,19.1
NZ,30.09.87,16.8
NZ,31.12.87,14.8
NZ,31.03.88,16.1
NZ,30.06.88,9.6
NZ,30.09.88,3.2
NZ,31.12.88,5.6
NZ,31.03.89,3
NZ,30.06.89,-1.7
NZ,30.09.89,-1.4
NZ,31.12.89,-0.2
NZ,31.03.90,-0.7
NZ,30.06.90,-2
NZ,30.09.90,-1.1
NZ,31.12.90,-0.6
NZ,31.03.91,1.3
NZ,30.06.91,4.5
NZ,30.09.91,3.1
NZ,31.12.91,1.1
NZ,31.03.92,1.2
NZ,30.06.92,-1.2
NZ,30.09.92,1.4
NZ,31.12.92,0.3
NZ,31.03.93,-3.2
NZ,30.06.93,-2.6
NZ,30.09.93,-2.2
NZ,31.12.93,0.3
NZ,31.03.94,1.1
NZ,30.06.94,-2
NZ,30.09.94,-2.2
NZ,31.12.94,-2.9
NZ,31.03.95,-2.9
NZ,30.06.95,-1.3
NZ,30.09.95,-2.1
NZ,31.12.95,4.3
NZ,31.03.96,0.8
NZ,30.06.96,2.3
NZ,30.09.96,-3.3
NZ,31.12.96,-1.4
NZ,31.03.97,-1.8
NZ,30.06.97,-0.7
NZ,30.09.97,1.2
NZ,31.12.97,6.4
NZ,31.03.98,2.7
NZ,30.06.98,4.5
NZ,30.09.98,5.3
NZ,31.12.98,5.2
NZ,31.03.99,3.1
NZ,30.06.99,0.9
NZ,30.09.99,1.2
NZ,31.12.99,3.5
NZ,31.03.00,4.9
NZ,30.06.00,4.4
NZ,30.09.00,3.7
NZ,31.12.00,3.9
NZ,31.03.01,5.2
NZ,30.06.01,4.9
NZ,30.09.01,-3.2
NZ,31.12.01,-3.4
NZ,31.03.02,-2.1
NZ,30.06.02,-3.3
NZ,30.09.02,-3.5
NZ,31.12.02,-3.1
NZ,31.03.03,-2.9
NZ,30.06.03,-3.4
NZ,30.09.03,-4.4
NZ,31.12.03,-4.7
NZ,31.03.04,-4.5
NZ,30.06.04,-1
NZ,30.09.04,-3.3
NZ,31.12.04,1
NZ,31.03.05,2.9
NZ,30.06.05,3.9
NZ,30.09.05,5.2
NZ,31.12.05,8.8
NZ,31.03.06,9.2
NZ,30.06.06,12.1
NZ,30.09.06,13.2
NZ,31.12.06,12.8
NZ,31.03.07,14.8
NZ,30.06.07,15.2
NZ,30.09.07,12.8
NZ,31.12.07,11.6
NZ,31.03.08,10.5
NZ,30.06.08,11.2
NZ,30.09.08,11.9
NZ,31.12.08,12.4
NZ,31.03.09,12.6
NZ,30.06.09,9.8
NZ,30.09.09,6
NZ,31.12.09,1.5
NZ,31.03.10,-1.5
NZ,30.06.10,-5.1
NZ,30.09.10,-8.5
NZ,31.12.10,-11.1
NZ,31.03.11,-12.9
NZ,30.06.11,-15.1
NZ,30.09.11,-18.1
NZ,31.12.11,-21.3
NZ,31.03.12,-21.4
NZ,30.06.12,-22.2
NZ,30.09.12,-21.6
NZ,31.12.12,-20
NZ,31.03.13,-19.7
NZ,30.06.13,-19.2
NZ,30.09.13,-20.3
NZ,31.12.13,-23
NZ,31.03.14,-24.1
NZ,30.06.14,-24.6
NZ,30.09.14,-24.1
NZ,31.12.14,-22.8
NZ,31.03.15,-21.5
NZ,30.06.15,-20.9
NZ,30.09.15,-19.7
NZ,31.12.15,-19.4
NZ,31.03.16,-18.3
NZ,30.06.16,-17.7
NZ,30.09.16,-16.1
NZ,31.12.16,-15.9
NZ,31.03.17,-16.2
NZ,30.06.17,-16.3
NZ,30.09.17,-16.9
NZ,31.12.17,-17.3
NZ,31.03.18,-17.4
NZ,30.06.18,-17.1
NZ,30.09.18,-17
NZ,31.12.18,-16.1
NZ,31.03.19,-16.4
NZ,30.06.19,-15.3
NZ,30.09.19,-15.3
NZ,31.12.19,-15.8
NZ,31.03.20,-13.6
NZ,30.06.20,-11.1
NZ,30.09.20,-11.5
NZ,31.12.20,-10.1
NZ,31.03.21,-9.1
NZ,30.06.21,-13.1
NZ,30.09.21,-12.2
NZ,31.12.21,-12
NZ,31.03.22,-11.7
NZ,30.06.22,-11.4
NZ,30.09.22,-13
NZ,31.12.22,-14
NZ,31.03.23,-15.7
NZ,30.06.23,-15.6
NZ,30.09.23,-16.1
PL,31.03.02,3.8
PL,30.06.02,5.4
PL,30.09.02,6.5
PL,31.12.02,6
PL,31.03.03,5.7
PL,30.06.03,3.9
PL,30.09.03,3.1
PL,31.12.03,1.3
PL,31.03.04,1
PL,30.06.04,-0.6
PL,30.09.04,-2.1
PL,31.12.04,-5.5
PL,31.03.05,-6.4
PL,30.06.05,-6
PL,30.09.05,-6
PL,31.12.05,-5.3
PL,31.03.06,-4.8
PL,30.06.06,-3
PL,30.09.06,-1.2
PL,31.12.06,0
PL,31.03.07,0.3
PL,30.06.07,1.7
PL,30.09.07,3.7
PL,31.12.07,4.2
PL,31.03.08,4.9
PL,30.06.08,5.6
PL,30.09.08,7.5
PL,31.12.08,12.8
PL,31.03.09,15.3
PL,30.06.09,12.3
PL,30.09.09,10
PL,31.12.09,7.1
PL,31.03.10,6.5
PL,30.06.10,8.1
PL,30.09.10,6.5
PL,31.12.10,6.1
PL,31.03.11,4.4
PL,30.06.11,4.2
PL,30.09.11,6.3
PL,31.12.11,5.9
PL,31.03.12,3.9
PL,30.06.12,3.6
PL,30.09.12,2.4
PL,31.12.12,2.3
PL,31.03.13,2.2
PL,30.06.13,3.1
PL,30.09.13,2.7
PL,31.12.13,1.2
PL,31.03.14,0.7
PL,30.06.14,1
PL,30.09.14,0.8
PL,31.12.14,0.6
PL,31.03.15,0.6
PL,30.06.15,0.6
PL,30.09.15,0.1
PL,31.12.15,-1.6
PL,31.03.16,-1.8
PL,30.06.16,-1.5
PL,30.09.16,-2.7
PL,31.12.16,-1
PL,31.03.17,-3.1
PL,30.06.17,-4.6
PL,30.09.17,-6
PL,31.12.17,-7.6
PL,31.03.18,-7.3
PL,30.06.18,-7.6
PL,30.09.18,-8.4
PL,31.12.18,-9.4
PL,31.03.19,-10.1
PL,30.06.19,-11.1
PL,30.09.19,-10.8
PL,31.12.19,-12.1
PL,31.03.20,-10.1
PL,30.06.20,-10.1
PL,30.09.20,-10.6
PL,31.12.20,-10.2
PL,31.03.21,-10.8
PL,30.06.21,-13.1
PL,30.09.21,-13.1
PL,31.12.21,-14.2
PL,31.03.22,-15.8
PL,30.06.22,-17.3
PL,30.09.22,-17.4
PL,31.12.22,-20.5
PL,31.03.23,-21.7
PL,30.06.23,-22.8
PL,30.09.23,-22.1
PT,31.12.70,2.1
PT,31.03.71,0.3
PT,30.06.71,1.6
PT,30.09.71,2.6
PT,31.12.71,7.4
PT,31.03.72,8.6
PT,30.06.72,9.2
PT,30.09.72,9.4
PT,31.12.72,11
PT,31.03.73,11.9
PT,30.06.73,8.6
PT,30.09.73,8.5
PT,31.12.73,13.5
PT,31.03.74,9.6
PT,30.06.74,5.1
PT,30.09.74,3.3
PT,31.12.74,5.5
PT,31.03.75,3.1
PT,30.06.75,3.3
PT,30.09.75,1.8
PT,31.12.75,2.9
PT,31.03.76,-1.2
PT,30.06.76,-3.4
PT,30.09.76,-5.9
PT,31.12.76,1.3
PT,31.03.77,-3.5
PT,30.06.77,-8.4
PT,30.09.77,-8.8
PT,31.12.77,-4.5
PT,31.03.78,-7.8
PT,30.06.78,-6.7
PT,30.09.78,-8.1
PT,31.12.78,-7.8
PT,31.03.79,-10.7
PT,30.06.79,-10.6
PT,30.09.79,-12.3
PT,31.12.79,-11.1
PT,31.03.80,-11
PT,30.06.80,-12.3
PT,30.09.80,-12.9
PT,31.12.80,-8.5
PT,31.03.81,-6.2
PT,30.06.81,-2.3
PT,30.09.81,-1.8
PT,31.12.81,-0.2
PT,31.03.82,0.7
PT,30.06.82,2.9
PT,30.09.82,2.7
PT,31.12.82,4.4
PT,31.03.83,3.4
PT,30.06.83,5.3
PT,30.09.83,3.2
PT,31.12.83,9.1
PT,31.03.84,4.3
PT,30.06.84,4.8
PT,30.09.84,5.3
PT,31.12.84,4.1
PT,31.03.85,-0.7
PT,30.06.85,-4.6
PT,30.09.85,-10
PT,31.12.85,-15.7
PT,31.03.86,-22.6
PT,30.06.86,-26.3
PT,30.09.86,-28.8
PT,31.12.86,-30.6
PT,31.03.87,-31.5
PT,30.06.87,-32.8
PT,30.09.87,-32.5
PT,31.12.87,-33.3
PT,31.03.88,-33.1
PT,30.06.88,-33.8
PT,30.09.88,-33
PT,31.12.88,-31.5
PT,31.03.89,-33.8
PT,30.06.89,-32.8
PT,30.09.89,-31.6
PT,31.12.89,-28.4
PT,31.03.90,-28.1
PT,30.06.90,-25.5
PT,30.09.90,-27.4
PT,31.12.90,-26.9
PT,31.03.91,-23.5
PT,30.06.91,-19.2
PT,30.09.91,-17.7
PT,31.12.91,-15.9
PT,31.03.92,-17.2
PT,30.06.92,-15.2
PT,30.09.92,-12.4
PT,31.12.92,-7.8
PT,31.03.93,-7.1
PT,30.06.93,-2.9
PT,30.09.93,-1.5
PT,31.12.93,3.5
PT,31.03.94,2.9
PT,30.06.94,3
PT,30.09.94,2.9
PT,31.12.94,6.3
PT,31.03.95,3.9
PT,30.06.95,3.8
PT,30.09.95,3.6
PT,31.12.95,4.4
PT,31.03.96,8.9
PT,30.06.96,10.1
PT,30.09.96,10.7
PT,31.12.96,12.5
PT,31.03.97,14.4
PT,30.06.97,13.6
PT,30.09.97,13
PT,31.12.97,14.5
PT,31.03.98,19.5
PT,30.06.98,19.9
PT,30.09.98,20.4
PT,31.12.98,23.4
PT,31.03.99,23.4
PT,30.06.99,27.4
PT,30.09.99,28.5
PT,31.12.99,29.7
PT,31.03.00,33.3
PT,30.06.00,33.1
PT,30.09.00,33.3
PT,31.12.00,33.1
PT,31.03.01,34.9
PT,30.06.01,35.2
PT,30.09.01,35.4
PT,31.12.01,35.2
PT,31.03.02,33.2
PT,30.06.02,30.1
PT,30.09.02,30.3
PT,31.12.02,31.7
PT,31.03.03,33.9
PT,30.06.03,32.2
PT,30.09.03,29.8
PT,31.12.03,28.7
PT,31.03.04,30.3
PT,30.06.04,29.4
PT,30.09.04,28.2
PT,31.12.04,27.3
PT,31.03.05,24.2
PT,30.06.05,24.2
PT,30.09.05,22
PT,31.12.05,21.7
PT,31.03.06,20.9
PT,30.06.06,19.2
PT,30.09.06,17.1
PT,31.12.06,15.8
PT,31.03.07,14.4
PT,30.06.07,16.4
PT,30.09.07,15.5
PT,31.12.07,16.3
PT,31.03.08,17.4
PT,30.06.08,19.8
PT,30.09.08,18.7
PT,31.12.08,18.5
PT,31.03.09,20.5
PT,30.06.09,21.6
PT,30.09.09,20
PT,31.12.09,16.6
PT,31.03.10,13.7
PT,30.06.10,12.7
PT,30.09.10,8.7
PT,31.12.10,9.7
PT,31.03.11,9.6
PT,30.06.11,8.6
PT,30.09.11,7.7
PT,31.12.11,5.9
PT,31.03.12,4.9
PT,30.06.12,4.6
PT,30.09.12,5.4
PT,31.12.12,5.8
PT,31.03.13,2.3
PT,30.06.13,-1.4
PT,30.09.13,-6.9
PT,31.12.13,-12
PT,31.03.14,-17.2
PT,30.06.14,-21.3
PT,30.09.14,-23.8
PT,31.12.14,-25.9
PT,31.03.15,-28.8
PT,30.06.15,-31.8
PT,30.09.15,-34.2
PT,31.12.15,-36.2
PT,31.03.16,-39.4
PT,30.06.16,-40.9
PT,30.09.16,-42.3
PT,31.12.16,-44.4
PT,31.03.17,-43.9
PT,30.06.17,-44.8
PT,30.09.17,-45.6
PT,31.12.17,-45.9
PT,31.03.18,-47.1
PT,30.06.18,-48.3
PT,30.09.18,-47.6
PT,31.12.18,-47.7
PT,31.03.19,-46.9
PT,30.06.19,-45.9
PT,30.09.19,-45
PT,31.12.19,-45.1
PT,31.03.20,-42.2
PT,30.06.20,-30.9
PT,30.09.20,-26.8
PT,31.12.20,-23.1
PT,31.03.21,-19.2
PT,30.06.21,-23
PT,30.09.21,-23.6
PT,31.12.21,-25.2
PT,31.03.22,-27.7
PT,30.06.22,-30.6
PT,30.09.22,-32
PT,31.12.22,-34.1
PT,31.03.23,-36.9
PT,30.06.23,-38.3
PT,30.09.23,-37.3
RU,30.06.05,-0.6
RU,30.09.05,2.4
RU,31.12.05,6.7
RU,31.03.06,4.8
RU,30.06.06,4.8
RU,30.09.06,3.8
RU,31.12.06,6.1
RU,31.03.07,6.1
RU,30.06.07,11.8
RU,30.09.07,13
RU,31.12.07,11.4
RU,31.03.08,11.3
RU,30.06.08,9.8
RU,30.09.08,9
RU,31.12.08,10.8
RU,31.03.09,13.9
RU,30.06.09,9.3
RU,30.09.09,10.1
RU,31.12.09,8.9
RU,31.03.10,3
RU,30.06.10,1.4
RU,30.09.10,0
RU,31.12.10,-2.3
RU,31.03.11,-5.9
RU,30.06.11,-6.5
RU,30.09.11,-4.3
RU,31.12.11,-4
RU,31.03.12,-5.4
RU,30.06.12,-2.7
RU,30.09.12,-1.5
RU,31.12.12,-1
RU,31.03.13,0.4
RU,30.06.13,3.2
RU,30.09.13,5.5
RU,31.12.13,6.6
RU,31.03.14,7.6
RU,30.06.14,7
RU,30.09.14,8.8
RU,31.12.14,17
RU,31.03.15,15.5
RU,30.06.15,11.6
RU,30.09.15,15
RU,31.12.15,15.1
RU,31.03.16,12
RU,30.06.16,8.1
RU,30.09.16,6.7
RU,31.12.16,4.5
RU,31.03.17,0.6
RU,30.06.17,0.5
RU,30.09.17,0.1
RU,31.12.17,-0.4
RU,31.03.18,-2.4
RU,30.06.18,-2.9
RU,30.09.18,-4.3
RU,31.12.18,-5.1
RU,31.03.19,-7.8
RU,30.06.19,-9.3
RU,30.09.19,-8
RU,31.12.19,-7
RU,31.03.20,-1.3
RU,30.06.20,0
RU,30.09.20,4.9
RU,31.12.20,3.9
RU,31.03.21,0.3
RU,30.06.21,-6.1
RU,30.09.21,-9.5
RU,31.12.21,-13.7
RU,31.03.22,-15.8
RU,30.06.22,-24.8
RU,30.09.22,-23.1
RU,31.12.22,-18.8
RU,31.03.23,-15.5
RU,30.06.23,-13.7
RU,30.09.23,-10.4
SA,31.03.03,-0.5
SA,30.06.03,-0.6
SA,30.09.03,-0.6
SA,31.12.03,-1.6
SA,31.03.04,-3.5
SA,30.06.04,-1
SA,30.09.04,1.8
SA,31.12.04,2.1
SA,31.03.05,0.9
SA,30.06.05,3.1
SA,30.09.05,3.2
SA,31.12.05,3
SA,31.03.06,1.6
SA,30.06.06,0.6
SA,30.09.06,0.3
SA,31.12.06,0.8
SA,31.03.07,1.7
SA,30.06.07,3.9
SA,30.09.07,6.1
SA,31.12.07,4.5
SA,31.03.08,3.5
SA,30.06.08,2.2
SA,30.09.08,0.7
SA,31.12.08,2.7
SA,31.03.09,4.7
SA,30.06.09,9.2
SA,30.09.09,11.6
SA,31.12.09,6.8
SA,31.03.10,3.9
SA,30.06.10,1.5
SA,30.09.10,0.4
SA,31.12.10,-2
SA,31.03.11,-2.9
SA,30.06.11,-4.6
SA,30.09.11,-5.2
SA,31.12.11,-8.8
SA,31.03.12,-6.6
SA,30.06.12,-7.1
SA,30.09.12,-8.5
SA,31.12.12,-8.3
SA,31.03.13,-6.4
SA,30.06.13,-4.1
SA,30.09.13,-3.3
SA,31.12.13,-3.1
SA,31.03.14,-0.9
SA,30.06.14,0.2
SA,30.09.14,1
SA,31.12.14,0.5
SA,31.03.15,2.9
SA,30.06.15,5.7
SA,30.09.15,7.9
SA,31.12.15,11.2
SA,31.03.16,13
SA,30.06.16,15
SA,30.09.16,13.6
SA,31.12.16,10
SA,31.03.17,8.3
SA,30.06.17,7.2
SA,30.09.17,5.5
SA,31.12.17,3.3
SA,31.03.18,3
SA,30.06.18,0.1
SA,30.09.18,-1.5
SA,31.12.18,-3.4
SA,31.03.19,-4
SA,30.06.19,-2.1
SA,30.09.19,-1.2
SA,31.12.19,-0.1
SA,31.03.20,4.5
SA,30.06.20,9.4
SA,30.09.20,11.9
SA,31.12.20,15.8
SA,31.03.21,17.7
SA,30.06.21,14.8
SA,30.09.21,11.7
SA,31.12.21,7.6
SA,31.03.22,3.8
SA,30.06.22,-0.6
SA,30.09.22,-1.6
SA,31.12.22,-3.5
SA,31.03.23,-3.1
SA,30.06.23,0
SA,30.09.23,2.2
SE,31.03.71,-9.1
SE,30.06.71,-7.8
SE,30.09.71,-8.2
SE,31.12.71,-7.2
SE,31.03.72,-5.9
SE,30.06.72,-4.4
SE,30.09.72,-4.3
SE,31.12.72,-5.2
SE,31.03.73,-4.6
SE,30.06.73,-4.2
SE,30.09.73,-4.2
SE,31.12.73,-4.1
SE,31.03.74,-2.9
SE,30.06.74,-1.4
SE,30.09.74,-3.2
SE,31.12.74,-5.1
SE,31.03.75,-6.3
SE,30.06.75,-6.8
SE,30.09.75,-9.1
SE,31.12.75,-9.2
SE,31.03.76,-9.2
SE,30.06.76,-6.6
SE,30.09.76,-6.2
SE,31.12.76,-9
SE,31.03.77,-8.3
SE,30.06.77,-5.7
SE,30.09.77,-5.4
SE,31.12.77,-4.9
SE,31.03.78,-4.4
SE,30.06.78,-3.6
SE,30.09.78,-4.3
SE,31.12.78,-3.8
SE,31.03.79,-3.4
SE,30.06.79,-2.2
SE,30.09.79,-2.5
SE,31.12.79,-3.1
SE,31.03.80,-3.2
SE,30.06.80,-3
SE,30.09.80,-4.2
SE,31.12.80,-6
SE,31.03.81,-5.3
SE,30.06.81,-4.4
SE,30.09.81,-3.4
SE,31.12.81,-2.6
SE,31.03.82,-1.3
SE,30.06.82,-0.3
SE,30.09.82,0.5
SE,31.12.82,1
SE,31.03.83,1.1
SE,30.06.83,1
SE,30.09.83,0.7
SE,31.12.83,0.3
SE,31.03.84,0.6
SE,30.06.84,0.8
SE,30.09.84,1
SE,31.12.84,1.4
SE,31.03.85,1.8
SE,30.06.85,2.3
SE,30.09.85,2.8
SE,31.12.85,3.2
SE,31.03.86,5.5
SE,30.06.86,7.5
SE,30.09.86,9.3
SE,31.12.86,10.9
SE,31.03.87,12.7
SE,30.06.87,14.4
SE,30.09.87,15.8
SE,31.12.87,17
SE,31.03.88,19.2
SE,30.06.88,21
SE,30.09.88,22.4
SE,31.12.88,23.4
SE,31.03.89,25.1
SE,30.06.89,26.4
SE,30.09.89,27.4
SE,31.12.89,28
SE,31.03.90,27.9
SE,30.06.90,27.7
SE,30.09.90,27.5
SE,31.12.90,27.2
SE,31.03.91,22.4
SE,30.06.91,18.1
SE,30.09.91,14.6
SE,31.12.91,12
SE,31.03.92,11.6
SE,30.06.92,11.9
SE,30.09.92,12.5
SE,31.12.92,13.2
SE,31.03.93,12.9
SE,30.06.93,12.1
SE,30.09.93,10.3
SE,31.12.93,8.1
SE,31.03.94,4.6
SE,30.06.94,1.2
SE,30.09.94,-1.6
SE,31.12.94,-4.8
SE,31.03.95,-8.4
SE,30.06.95,-11.9
SE,30.09.95,-14.9
SE,31.12.95,-17.2
SE,31.03.96,-17.9
SE,30.06.96,-19.4
SE,30.09.96,-19.2
SE,31.12.96,-16.8
SE,31.03.97,-7.2
SE,30.06.97,-7.7
SE,30.09.97,-8.2
SE,31.12.97,-10.8
SE,31.03.98,-8.3
SE,30.06.98,-8.6
SE,30.09.98,-6.1
SE,31.12.98,-6.3
SE,31.03.99,-3.9
SE,30.06.99,-4.4
SE,30.09.99,-4.8
SE,31.12.99,-1.6
SE,31.03.00,-3.2
SE,30.06.00,-3.1
SE,30.09.00,-0.1
SE,31.12.00,3.6
SE,31.03.01,2.1
SE,30.06.01,3.5
SE,30.09.01,4.3
SE,31.12.01,8.2
SE,31.03.02,6.1
SE,30.06.02,5.2
SE,30.09.02,4
SE,31.12.02,5.1
SE,31.03.03,2.2
SE,30.06.03,3
SE,30.09.03,1.3
SE,31.12.03,-0.4
SE,31.03.04,-1.8
SE,30.06.04,-1.6
SE,30.09.04,-2.9
SE,31.12.04,-1
SE,31.03.05,-1.1
SE,30.06.05,3
SE,30.09.05,3.2
SE,31.12.05,5
SE,31.03.06,4.2
SE,30.06.06,5.3
SE,30.09.06,4.5
SE,31.12.06,5.8
SE,31.03.07,8.8
SE,30.06.07,12.7
SE,30.09.07,14.8
SE,31.12.07,18.8
SE,31.03.08,22.3
SE,30.06.08,26.8
SE,30.09.08,29.3
SE,31.12.08,36.7
SE,31.03.09,36.8
SE,30.06.09,37.8
SE,30.09.09,39.2
SE,31.12.09,39.1
SE,31.03.10,33.6
SE,30.06.10,29.3
SE,30.09.10,24.1
SE,31.12.10,16.4
SE,31.03.11,15.2
SE,30.06.11,13.7
SE,30.09.11,12.9
SE,31.12.11,11.7
SE,31.03.12,16.1
SE,30.06.12,12.6
SE,30.09.12,14.7
SE,31.12.12,6.9
SE,31.03.13,9.5
SE,30.06.13,10.2
SE,30.09.13,6.3
SE,31.12.13,4
SE,31.03.14,7.3
SE,30.06.14,3.8
SE,30.09.14,-0.4
SE,31.12.14,-1
SE,31.03.15,0.7
SE,30.06.15,-2.7
SE,30.09.15,-4.7
SE,31.12.15,-2.1
SE,31.03.16,-7.9
SE,30.06.16,-8
SE,30.09.16,-6.5
SE,31.12.16,-6.5
SE,31.03.17,-2.9
SE,30.06.17,-4.6
SE,30.09.17,-6.9
SE,31.12.17,-5.8
SE,31.03.18,-5.8
SE,30.06.18,-7.4
SE,30.09.18,-7.4
SE,31.12.18,-10.3
SE,31.03.19,-5.2
SE,30.06.19,-4.6
SE,30.09.19,-5
SE,31.12.19,-5.5
SE,31.03.20,0.6
SE,30.06.20,3.9
SE,30.09.20,4.7
SE,31.12.20,3.5
SE,31.03.21,7
SE,30.06.21,1.5
SE,30.09.21,-0.4
SE,31.12.21,3.1
SE,31.03.22,1
SE,30.06.22,-3.3
SE,30.09.22,-3.7
SE,31.12.22,-3.8
SE,31.03.23,-28.4
SE,30.06.23,-27.8
SE,30.09.23,-34.1
SG,31.12.80,7.7
SG,31.03.81,7.6
SG,30.06.81,9.5
SG,30.09.81,12.4
SG,31.12.81,12
SG,31.03.82,9.7
SG,30.06.82,7
SG,30.09.82,9.6
SG,31.12.82,13.3
SG,31.03.83,11.6
SG,30.06.83,12.7
SG,30.09.83,10.4
SG,31.12.83,14.7
SG,31.03.84,12
SG,30.06.84,9.6
SG,30.09.84,7.2
SG,31.12.84,7.1
SG,31.03.85,3.9
SG,30.06.85,2.9
SG,30.09.85,0.8
SG,31.12.85,-2.8
SG,31.03.86,-1.2
SG,30.06.86,-3.4
SG,30.09.86,-5.2
SG,31.12.86,-11
SG,31.03.87,-15.3
SG,30.06.87,-14.8
SG,30.09.87,-15.1
SG,31.12.87,-19.7
SG,31.03.88,-23.3
SG,30.06.88,-19.9
SG,30.09.88,-24.6
SG,31.12.88,-23.7
SG,31.03.89,-23.5
SG,30.06.89,-21.1
SG,30.09.89,-15.2
SG,31.12.89,-12.4
SG,31.03.90,-16.4
SG,30.06.90,-14.5
SG,30.09.90,-16.6
SG,31.12.90,-16
SG,31.03.91,-11.6
SG,30.06.91,-15.5
SG,30.09.91,-14.8
SG,31.12.91,-14.2
SG,31.03.92,-15.8
SG,30.06.92,-11.7
SG,30.09.92,-11.9
SG,31.12.92,-12.3
SG,31.03.93,-12.4
SG,30.06.93,-11.1
SG,30.09.93,-12
SG,31.12.93,-11.5
SG,31.03.94,-12.1
SG,30.06.94,-11.4
SG,30.09.94,-9.5
SG,31.12.94,-11.4
SG,31.03.95,-5.6
SG,30.06.95,1.2
SG,30.09.95,2.1
SG,31.12.95,6.3
SG,31.03.96,6.3
SG,30.06.96,11.8
SG,30.09.96,12.1
SG,31.12.96,12.9
SG,31.03.97,14.5
SG,30.06.97,13.2
SG,30.09.97,17.1
SG,31.12.97,15.6
SG,31.03.98,10.1
SG,30.06.98,9.1
SG,30.09.98,6.9
SG,31.12.98,9
SG,31.03.99,8
SG,30.06.99,7.3
SG,30.09.99,4
SG,31.12.99,2.9
SG,31.03.00,-2.1
SG,30.06.00,-1.1
SG,30.09.00,-3
SG,31.12.00,-4
SG,31.03.01,-2.2
SG,30.06.01,0.1
SG,30.09.01,4.2
SG,31.12.01,12.2
SG,31.03.02,10.2
SG,30.06.02,9.1
SG,30.09.02,8
SG,31.12.02,4.5
SG,31.03.03,1.2
SG,30.06.03,8.5
SG,30.09.03,6.8
SG,31.12.03,6.5
SG,31.03.04,-0.8
SG,30.06.04,-5.7
SG,30.09.04,-10.8
SG,31.12.04,-12.8
SG,31.03.05,-15.3
SG,30.06.05,-16
SG,30.09.05,-17.3
SG,31.12.05,-15.5
SG,31.03.06,-16.8
SG,30.06.06,-17.3
SG,30.09.06,-19.4
SG,31.12.06,-22.1
SG,31.03.07,-21.1
SG,30.06.07,-18.4
SG,30.09.07,-20.8
SG,31.12.07,-14.6
SG,31.03.08,-7
SG,30.06.08,-4.2
SG,30.09.08,-0.7
SG,31.12.08,2.4
SG,31.03.09,-0.1
SG,30.06.09,1.2
SG,30.09.09,1.8
SG,31.12.09,1.8
SG,31.03.10,-4.2
SG,30.06.10,-10.2
SG,30.09.10,-7.8
SG,31.12.10,-6
SG,31.03.11,1.2
SG,30.06.11,5.3
SG,30.09.11,4.8
SG,31.12.11,6
SG,31.03.12,6.5
SG,30.06.12,7.1
SG,30.09.12,13.2
SG,31.12.12,17.3
SG,31.03.13,21.8
SG,30.06.13,23.4
SG,30.09.13,24.6
SG,31.12.13,26.5
SG,31.03.14,26.2
SG,30.06.14,28.8
SG,30.09.14,31.5
SG,31.12.14,28
SG,31.03.15,22.7
SG,30.06.15,23.7
SG,30.09.15,21
SG,31.12.15,23.2
SG,31.03.16,20.4
SG,30.06.16,20.4
SG,30.09.16,18.7
SG,31.12.16,14.5
SG,31.03.17,9.7
SG,30.06.17,11.5
SG,30.09.17,7.3
SG,31.12.17,8.5
SG,31.03.18,4.1
SG,30.06.18,4.4
SG,30.09.18,1.3
SG,31.12.18,0.6
SG,31.03.19,0.1
SG,30.06.19,2.2
SG,30.09.19,1.5
SG,31.12.19,7.2
SG,31.03.20,7.9
SG,30.06.20,13.4
SG,30.09.20,16.3
SG,31.12.20,21.9
SG,31.03.21,12.6
SG,30.06.21,8.4
SG,30.09.21,-3.6
SG,31.12.21,-12
SG,31.03.22,-24.2
SG,30.06.22,-37.7
SG,30.09.22,-41.7
SG,31.12.22,-41.4
SG,31.03.23,-43.3
SG,30.06.23,-31.6
SG,30.09.23,-31.3
TH,31.12.80,-6.2
TH,31.03.81,-3.2
TH,30.06.81,-3.6
TH,30.09.81,-5.3
TH,31.12.81,-6
TH,31.03.82,-2.8
TH,30.06.82,-3.4
TH,30.09.82,-4.5
TH,31.12.82,-3
TH,31.03.83,-0.1
TH,30.06.83,1.4
TH,30.09.83,3.8
TH,31.12.83,8.2
TH,31.03.84,9.3
TH,30.06.84,7.8
TH,30.09.84,7.8
TH,31.12.84,9.5
TH,31.03.85,10.7
TH,30.06.85,8.5
TH,30.09.85,6.1
TH,31.12.85,6.4
TH,31.03.86,5.6
TH,30.06.86,4.1
TH,30.09.86,3
TH,31.12.86,1.5
TH,31.03.87,2.9
TH,30.06.87,0.5
TH,30.09.87,-0.9
TH,31.12.87,2.6
TH,31.03.88,2.5
TH,30.06.88,2.1
TH,30.09.88,1.8
TH,31.12.88,3.6
TH,31.03.89,4.5
TH,30.06.89,5.3
TH,30.09.89,5.3
TH,31.12.89,8.3
TH,31.03.90,10.6
TH,30.06.90,13.6
TH,30.09.90,18
TH,31.12.90,19.9
TH,31.03.91,20
TH,30.06.91,19.9
TH,30.09.91,21.6
TH,31.12.91,22.2
TH,31.03.92,21.3
TH,30.06.92,21.5
TH,30.09.92,21.4
TH,31.12.92,21.9
TH,31.03.93,22.5
TH,30.06.93,23.4
TH,30.09.93,21.8
TH,31.12.93,22.7
TH,31.03.94,22.9
TH,30.06.94,25.6
TH,30.09.94,29.6
TH,31.12.94,35
TH,31.03.95,33.5
TH,30.06.95,35.4
TH,30.09.95,36.2
TH,31.12.95,39.4
TH,31.03.96,40.1
TH,30.06.96,39.2
TH,30.09.96,34.6
TH,31.12.96,34.1
TH,31.03.97,32.3
TH,30.06.97,29.2
TH,30.09.97,38.5
TH,31.12.97,49.1
TH,31.03.98,27.1
TH,30.06.98,26.4
TH,30.09.98,19.4
TH,31.12.98,11.8
TH,31.03.99,6.3
TH,30.06.99,-4.3
TH,30.09.99,-17.6
TH,31.12.99,-29.8
TH,31.03.00,-34
TH,30.06.00,-43.3
TH,30.09.00,-56.1
TH,31.12.00,-60.2
TH,31.03.01,-60.3
TH,30.06.01,-68.7
TH,30.09.01,-67.2
TH,31.12.01,-69.9
TH,31.03.02,-60.9
TH,30.06.02,-61.9
TH,30.09.02,-59.4
TH,31.12.02,-58.9
TH,31.03.03,-58.4
TH,30.06.03,-56.4
TH,30.09.03,-56.7
TH,31.12.03,-59.1
TH,31.03.04,-54.8
TH,30.06.04,-52.4
TH,30.09.04,-46.2
TH,31.12.04,-47.4
TH,31.03.05,-46.2
TH,30.06.05,-43.6
TH,30.09.05,-41.9
TH,31.12.05,-40.7
TH,31.03.06,-40.9
TH,30.06.06,-40.2
TH,30.09.06,-39
TH,31.12.06,-38.4
TH,31.03.07,-39.1
TH,30.06.07,-37.3
TH,30.09.07,-36
TH,31.12.07,-35.1
TH,31.03.08,-33.2
TH,30.06.08,-30.4
TH,30.09.08,-27.9
TH,31.12.08,-23.2
TH,31.03.09,-21
TH,30.06.09,-16.9
TH,30.09.09,-13.7
TH,31.12.09,-13.5
TH,31.03.10,-16.3
TH,30.06.10,-16.2
TH,30.09.10,-16
TH,31.12.10,-10.8
TH,31.03.11,-8.3
TH,30.06.11,-5.5
TH,30.09.11,-2.7
TH,31.12.11,3.5
TH,31.03.12,6
TH,30.06.12,8.1
TH,30.09.12,10.2
TH,31.12.12,9.1
TH,31.03.13,8.7
TH,30.06.13,11.6
TH,30.09.13,11.5
TH,31.12.13,15.1
TH,31.03.14,15.2
TH,30.06.14,15.6
TH,30.09.14,15.6
TH,31.12.14,17.3
TH,31.03.15,16.5
TH,30.06.15,17.1
TH,30.09.15,17.6
TH,31.12.15,18.1
TH,31.03.16,19
TH,30.06.16,17.5
TH,30.09.16,14.7
TH,31.12.16,12.6
TH,31.03.17,9.8
TH,30.06.17,9.4
TH,30.09.17,7.3
TH,31.12.17,7.4
TH,31.03.18,6
TH,30.06.18,6.3
TH,30.09.18,5.9
TH,31.12.18,7.2
TH,31.03.19,6.4
TH,30.06.19,5.7
TH,30.09.19,5.2
TH,31.12.19,6.6
TH,31.03.20,9.5
TH,30.06.20,15.9
TH,30.09.20,19.9
TH,31.12.20,24
TH,31.03.21,25.4
TH,30.06.21,21.6
TH,30.09.21,22.5
TH,31.12.21,21.4
TH,31.03.22,19.3
TH,30.06.22,16.8
TH,30.09.22,13.6
TH,31.12.22,11
TH,31.03.23,9.2
TH,30.06.23,8.7
TH,30.09.23,8
TR,31.03.96,1.4
TR,30.06.96,1.6
TR,30.09.96,2
TR,31.12.96,4.2
TR,31.03.97,4.2
TR,30.06.97,5.2
TR,30.09.97,4.5
TR,31.12.97,6.6
TR,31.03.98,5.1
TR,30.06.98,5.1
TR,30.09.98,2
TR,31.12.98,2
TR,31.03.99,1.5
TR,30.06.99,1
TR,30.09.99,1
TR,31.12.99,0.7
TR,31.03.00,-0.1
TR,30.06.00,0.1
TR,30.09.00,0.5
TR,31.12.00,-0.1
TR,31.03.01,3.2
TR,30.06.01,2.5
TR,30.09.01,4.1
TR,31.12.01,0.1
TR,31.03.02,-3.4
TR,30.06.02,-4.2
TR,30.09.02,-4.5
TR,31.12.02,-5.2
TR,31.03.03,-4.8
TR,30.06.03,-7.6
TR,30.09.03,-7.1
TR,31.12.03,-6.1
TR,31.03.04,-5.2
TR,30.06.04,-2.4
TR,30.09.04,-2.7
TR,31.12.04,-3.7
TR,31.03.05,-3.3
TR,30.06.05,-2.3
TR,30.09.05,-1.6
TR,31.12.05,3.1
TR,31.03.06,4.9
TR,30.06.06,8.8
TR,30.09.06,7.8
TR,31.12.06,7.5
TR,31.03.07,6.3
TR,30.06.07,7.2
TR,30.09.07,8.3
TR,31.12.07,9.6
TR,31.03.08,12.5
TR,30.06.08,12.6
TR,30.09.08,12.5
TR,31.12.08,12.4
TR,31.03.09,11.3
TR,30.06.09,9.9
TR,30.09.09,10.2
TR,31.12.09,10.3
TR,31.03.10,10.4
TR,30.06.10,12
TR,30.09.10,11.1
TR,31.12.10,12.8
TR,31.03.11,13.3
TR,30.06.11,15.4
TR,30.09.11,15
TR,31.12.11,12.9
TR,31.03.12,11.1
TR,30.06.12,11.1
TR,30.09.12,9.8
TR,31.12.12,9.7
TR,31.03.13,9.5
TR,30.06.13,12.5
TR,30.09.13,13.4
TR,31.12.13,13.2
TR,31.03.14,11.3
TR,30.06.14,10.7
TR,30.09.14,11.2
TR,31.12.14,10.9
TR,31.03.15,12
TR,30.06.15,12.8
TR,30.09.15,13.7
TR,31.12.15,9.8
TR,31.03.16,7.6
TR,30.06.16,7.1
TR,30.09.16,7
TR,31.12.16,9.7
TR,31.03.17,8.5
TR,30.06.17,7.1
TR,30.09.17,4.5
TR,31.12.17,4.2
TR,31.03.18,3.2
TR,30.06.18,4.5
TR,30.09.18,9.9
TR,31.12.18,-2
TR,31.03.19,-2
TR,30.06.19,-4.2
TR,30.09.19,-7.4
TR,31.12.19,-7.5
TR,31.03.20,-4.5
TR,30.06.20,2.7
TR,30.09.20,4.9
TR,31.12.20,-1.5
TR,31.03.21,-2.5
TR,30.06.21,-7.7
TR,30.09.21,-12.1
TR,31.12.21,-3.6
TR,31.03.22,-7.9
TR,30.06.22,-14.4
TR,30.09.22,-21.6
TR,31.12.22,-25.9
TR,31.03.23,-28.1
TR,30.06.23,-23.4
TR,30.09.23,-27.5
US,31.12.57,0.8
US,31.03.58,0.5
US,30.06.58,1.1
US,30.09.58,1.3
US,31.12.58,1.8
US,31.03.59,0.5
US,30.06.59,0.6
US,30.09.59,0.3
US,31.12.59,0.7
US,31.03.60,-0.2
US,30.06.60,0.6
US,30.09.60,0.5
US,31.12.60,1.2
US,31.03.61,0.9
US,30.06.61,1.5
US,30.09.61,1.3
US,31.12.61,1.4
US,31.03.62,-0.2
US,30.06.62,-0.1
US,30.09.62,-0.5
US,31.12.62,0.2
US,31.03.63,-0.3
US,30.06.63,0.5
US,30.09.63,0.4
US,31.12.63,0.9
US,31.03.64,-0.1
US,30.06.64,0.2
US,30.09.64,-0.3
US,31.12.64,0.2
US,31.03.65,-0.5
US,30.06.65,0
US,30.09.65,-0.6
US,31.12.65,-0.9
US,31.03.66,-2.1
US,30.06.66,-1.9
US,30.09.66,-3
US,31.12.66,-3.2
US,31.03.67,-4
US,30.06.67,-3.3
US,30.09.67,-3.5
US,31.12.67,-1.7
US,31.03.68,-3.6
US,30.06.68,-3.3
US,30.09.68,-4
US,31.12.68,-3.5
US,31.03.69,-4.8
US,30.06.69,-4
US,30.09.69,-4.4
US,31.12.69,-3.9
US,31.03.70,-4.9
US,30.06.70,-4.1
US,30.09.70,-3.9
US,31.12.70,-3.4
US,31.03.71,-4.2
US,30.06.71,-3.5
US,30.09.71,-3.4
US,31.12.71,-3.3
US,31.03.72,-3.6
US,30.06.72,-2.6
US,30.09.72,-2.7
US,31.12.72,-2.2
US,31.03.73,-2.4
US,30.06.73,-1.7
US,30.09.73,-1.6
US,31.12.73,-1.8
US,31.03.74,-2.1
US,30.06.74,-0.8
US,30.09.74,-0.7
US,31.12.74,-0.9
US,31.03.75,-2.6
US,30.06.75,-3.1
US,30.09.75,-4
US,31.12.75,-4.4
US,31.03.76,-6.1
US,30.06.76,-6.1
US,30.09.76,-6.2
US,31.12.76,-5.7
US,31.03.77,-5.6
US,30.06.77,-4.5
US,30.09.77,-4.3
US,31.12.77,-3.6
US,31.03.78,-3.7
US,30.06.78,-2.8
US,30.09.78,-2.6
US,31.12.78,-2.7
US,31.03.79,-3.5
US,30.06.79,-2.3
US,30.09.79,-1.6
US,31.12.79,-1.2
US,31.03.80,-1.3
US,30.06.80,-1.9
US,30.09.80,-1.6
US,31.12.80,-1.2
US,31.03.81,-2.7
US,30.06.81,-2.7
US,30.09.81,-3.4
US,31.12.81,-3.6
US,31.03.82,-3.3
US,30.06.82,-2.5
US,30.09.82,-2
US,31.12.82,-1.5
US,31.03.83,-1.9
US,30.06.83,-1.2
US,30.09.83,-1
US,31.12.83,-0.6
US,31.03.84,-1
US,30.06.84,-0.1
US,30.09.84,0.2
US,31.12.84,1.6
US,31.03.85,2.2
US,30.06.85,3.4
US,30.09.85,4.2
US,31.12.85,6.2
US,31.03.86,5.8
US,30.06.86,6.8
US,30.09.86,8
US,31.12.86,9.7
US,31.03.87,8.9
US,30.06.87,9.6
US,30.09.87,9.7
US,31.12.87,9.3
US,31.03.88,8.7
US,30.06.88,8.8
US,30.09.88,8.2
US,31.12.88,8.1
US,31.03.89,6.8
US,30.06.89,6.6
US,30.09.89,5.5
US,31.12.89,5.3
US,31.03.90,4.7
US,30.06.90,4.1
US,30.09.90,3.1
US,31.12.90,2.4
US,31.03.91,1.1
US,30.06.91,0.9
US,30.09.91,-0.5
US,31.12.91,-1.5
US,31.03.92,-2.9
US,30.06.92,-4.2
US,30.09.92,-5.2
US,31.12.92,-6.3
US,31.03.93,-7.3
US,30.06.93,-7.3
US,30.09.93,-7.1
US,31.12.93,-6.7
US,31.03.94,-6.8
US,30.06.94,-6.7
US,30.09.94,-6.7
US,31.12.94,-6.2
US,31.03.95,-6.4
US,30.06.95,-5.5
US,30.09.95,-5
US,31.12.95,-4.3
US,31.03.96,-4.1
US,30.06.96,-3.6
US,30.09.96,-3.6
US,31.12.96,-3.8
US,31.03.97,-4.1
US,30.06.97,-3.6
US,30.09.97,-2.9
US,31.12.97,-2.5
US,31.03.98,-1.9
US,30.06.98,-0.1
US,30.09.98,0.7
US,31.12.98,1.7
US,31.03.99,2.3
US,30.06.99,2.7
US,30.09.99,4
US,31.12.99,4.3
US,31.03.00,4.6
US,30.06.00,4.9
US,30.09.00,4.8
US,31.12.00,4.7
US,31.03.01,3.7
US,30.06.01,5.2
US,30.09.01,6.5
US,31.12.01,6.7
US,31.03.02,6.5
US,30.06.02,6.9
US,30.09.02,7.2
US,31.12.02,7.7
US,31.03.03,7.4
US,30.06.03,8.8
US,30.09.03,8.6
US,31.12.03,7.8
US,31.03.04,7.3
US,30.06.04,7.3
US,30.09.04,7.3
US,31.12.04,8
US,31.03.05,7.2
US,30.06.05,7.8
US,30.09.05,8.1
US,31.12.05,8.4
US,31.03.06,8.9
US,30.06.06,9.7
US,30.09.06,9.9
US,31.12.06,10.3
US,31.03.07,10.2
US,30.06.07,11.4
US,30.09.07,11.8
US,31.12.07,11.8
US,31.03.08,11.1
US,30.06.08,9.6
US,30.09.08,9
US,31.12.08,6.7
US,31.03.09,5.1
US,30.06.09,4.8
US,30.09.09,3.9
US,31.12.09,1.4
US,31.03.10,-1.2
US,30.06.10,-4.4
US,30.09.10,-6.8
US,31.12.10,-9.3
US,31.03.11,-11.1
US,30.06.11,-12.5
US,30.09.11,-13.3
US,31.12.11,-13.9
US,31.03.12,-15.3
US,30.06.12,-16.1
US,30.09.12,-16.2
US,31.12.12,-16.2
US,31.03.13,-16.9
US,30.06.13,-16.4
US,30.09.13,-16
US,31.12.13,-15.5
US,31.03.14,-15.2
US,30.06.14,-15
US,30.09.14,-15.4
US,31.12.14,-14.7
US,31.03.15,-14.9
US,30.06.15,-13.7
US,30.09.15,-12.9
US,31.12.15,-12.7
US,31.03.16,-11.7
US,30.06.16,-10.7
US,30.09.16,-9.4
US,31.12.16,-9.6
US,31.03.17,-9
US,30.06.17,-8.1
US,30.09.17,-7.8
US,31.12.17,-6.8
US,31.03.18,-7.5
US,30.06.18,-6.6
US,30.09.18,-6.8
US,31.12.18,-6.5
US,31.03.19,-6.4
US,30.06.19,-5.9
US,30.09.19,-5.6
US,31.12.19,-5.8
US,31.03.20,-2.5
US,30.06.20,3.1
US,30.09.20,3.8
US,31.12.20,4.7
US,31.03.21,4.7
US,30.06.21,2.7
US,30.09.21,0.9
US,31.12.21,-0.4
US,31.03.22,-1.5
US,30.06.22,-2.3
US,30.09.22,-3.7
US,31.12.22,-4.5
US,31.03.23,-5.8
US,30.06.23,-6.8
US,30.09.23,-8
XM,31.03.09,3
XM,30.06.09,4
XM,30.09.09,3.8
XM,31.12.09,3.7
XM,31.03.10,2.5
XM,30.06.10,1.7
XM,30.09.10,-0.5
XM,31.12.10,-0.7
XM,31.03.11,-3.2
XM,30.06.11,-3.5
XM,30.09.11,-4.6
XM,31.12.11,-2.8
XM,31.03.12,-2.8
XM,30.06.12,-2.4
XM,30.09.12,-3.1
XM,31.12.12,-5.4
XM,31.03.13,-5.8
XM,30.06.13,-6.7
XM,30.09.13,-7.6
XM,31.12.13,-9.3
XM,31.03.14,-8.5
XM,30.06.14,-8.4
XM,30.09.14,-8.9
XM,31.12.14,-9
XM,31.03.15,-3.7
XM,30.06.15,-5.5
XM,30.09.15,-6.6
XM,31.12.15,-8.3
XM,31.03.16,-8.2
XM,30.06.16,-7.8
XM,30.09.16,-8.3
XM,31.12.16,-9.2
XM,31.03.17,-8.8
XM,30.06.17,-10.3
XM,30.09.17,-11.6
XM,31.12.17,-12.4
XM,31.03.18,-13.6
XM,30.06.18,-13.5
XM,30.09.18,-13.5
XM,31.12.18,-15
XM,31.03.19,-14.6
XM,30.06.19,-14
XM,30.09.19,-13.3
XM,31.12.19,-14.3
XM,31.03.20,-12.1
XM,30.06.20,-4.1
XM,30.09.20,-2.1
XM,31.12.20,-1
XM,31.03.21,-0.3
XM,30.06.21,-4.9
XM,30.09.21,-6.6
XM,31.12.21,-8
XM,31.03.22,-10
XM,30.06.22,-11.6
XM,30.09.22,-11.4
XM,31.12.22,-14.5
XM,31.03.23,-17.3
XM,30.06.23,-18.4
XM,30.09.23,-19.1
ZA,31.03.75,0.8
ZA,30.06.75,-0.1
ZA,30.09.75,-0.1
ZA,31.12.75,-0.8
ZA,31.03.76,-1
ZA,30.06.76,-1.8
ZA,30.09.76,-1.8
ZA,31.12.76,-1.2
ZA,31.03.77,-2
ZA,30.06.77,-1.8
ZA,30.09.77,-2.2
ZA,31.12.77,-3.3
ZA,31.03.78,-3.3
ZA,30.06.78,-1.8
ZA,30.09.78,-1.7
ZA,31.12.78,-2
ZA,31.03.79,-2.8
ZA,30.06.79,-2.8
ZA,30.09.79,-2.1
ZA,31.12.79,-2.8
ZA,31.03.80,-4
ZA,30.06.80,-4.8
ZA,30.09.80,-4.5
ZA,31.12.80,-3.3
ZA,31.03.81,0.5
ZA,30.06.81,2
ZA,30.09.81,2.7
ZA,31.12.81,2.9
ZA,31.03.82,3.9
ZA,30.06.82,4.2
ZA,30.09.82,4.9
ZA,31.12.82,5.1
ZA,31.03.83,4.8
ZA,30.06.83,3.4
ZA,30.09.83,4.5
ZA,31.12.83,3.7
ZA,31.03.84,5
ZA,30.06.84,6.1
ZA,30.09.84,5.7
ZA,31.12.84,6.4
ZA,31.03.85,5.6
ZA,30.06.85,5.5
ZA,30.09.85,8.3
ZA,31.12.85,7.1
ZA,31.03.86,4.3
ZA,30.06.86,3.1
ZA,30.09.86,-0.7
ZA,31.12.86,-1.1
ZA,31.03.87,-3.2
ZA,30.06.87,-4.3
ZA,30.09.87,-3.9
ZA,31.12.87,-3.1
ZA,31.03.88,-1.5
ZA,30.06.88,-2.1
ZA,30.09.88,-0.8
ZA,31.12.88,-0.7
ZA,31.03.89,-0.3
ZA,30.06.89,-0.8
ZA,30.09.89,-0.8
ZA,31.12.89,-0.5
ZA,31.03.90,-1.5
ZA,30.06.90,-1.5
ZA,30.09.90,-1.8
ZA,31.12.90,-0.7
ZA,31.03.91,0.4
ZA,30.06.91,-0.1
ZA,30.09.91,0.1
ZA,31.12.91,-0.6
ZA,31.03.92,-1.6
ZA,30.06.92,-1.9
ZA,30.09.92,-1.7
ZA,31.12.92,-1.3
ZA,31.03.93,-1.8
ZA,30.06.93,-2.7
ZA,30.09.93,-2.4
ZA,31.12.93,-2.5
ZA,31.03.94,-2.3
ZA,30.06.94,-2.5
ZA,30.09.94,-1.3
ZA,31.12.94,-0.6
ZA,31.03.95,-0.4
ZA,30.06.95,-0.3
ZA,30.09.95,0.5
ZA,31.12.95,1.3
ZA,31.03.96,2.3
ZA,30.06.96,2.2
ZA,30.09.96,2.8
ZA,31.12.96,3
ZA,31.03.97,2.9
ZA,30.06.97,3.1
ZA,30.09.97,3.7
ZA,31.12.97,4.3
ZA,31.03.98,5.9
ZA,30.06.98,7
ZA,30.09.98,6.6
ZA,31.12.98,7.5
ZA,31.03.99,7.3
ZA,30.06.99,6.6
ZA,30.09.99,5.3
ZA,31.12.99,4.5
ZA,31.03.00,2.4
ZA,30.06.00,1.5
ZA,30.09.00,2.3
ZA,31.12.00,1.8
ZA,31.03.01,1.2
ZA,30.06.01,0.4
ZA,30.09.01,1.7
ZA,31.12.01,4.5
ZA,31.03.02,1.5
ZA,30.06.02,0.3
ZA,30.09.02,-0.5
ZA,31.12.02,-2.4
ZA,31.03.03,1
ZA,30.06.03,0.3
ZA,30.09.03,0.7
ZA,31.12.03,1.4
ZA,31.03.04,-0.8
ZA,30.06.04,-2
ZA,30.09.04,-0.8
ZA,31.12.04,0.9
ZA,31.03.05,1.4
ZA,30.06.05,2.9
ZA,30.09.05,3.9
ZA,31.12.05,5
ZA,31.03.06,7.2
ZA,30.06.06,7.9
ZA,30.09.06,10.8
ZA,31.12.06,11.5
ZA,31.03.07,11.3
ZA,30.06.07,11.8
ZA,30.09.07,12.6
ZA,31.12.07,11.9
ZA,31.03.08,13.4
ZA,30.06.08,11.7
ZA,30.09.08,10.3
ZA,31.12.08,8.8
ZA,31.03.09,7.9
ZA,30.06.09,4.9
ZA,30.09.09,3.6
ZA,31.12.09,3.4
ZA,31.03.10,2.2
ZA,30.06.10,1.1
ZA,30.09.10,0.8
ZA,31.12.10,-1.2
ZA,31.03.11,-2.2
ZA,30.06.11,-3.1
ZA,30.09.11,-4.2
ZA,31.12.11,-4.4
ZA,31.03.12,-3.5
ZA,30.06.12,-3.9
ZA,30.09.12,-3
ZA,31.12.12,-2.5
ZA,31.03.13,-2.1
ZA,30.06.13,-2
ZA,30.09.13,-2.3
ZA,31.12.13,-2.5
ZA,31.03.14,-1.9
ZA,30.06.14,-2.3
ZA,30.09.14,-2.2
ZA,31.12.14,-3.3
ZA,31.03.15,-2.5
ZA,30.06.15,-2.9
ZA,30.09.15,-2.8
ZA,31.12.15,-1.3
ZA,31.03.16,-0.8
ZA,30.06.16,-2.8
ZA,30.09.16,-3.1
ZA,31.12.16,-3.6
ZA,31.03.17,-3.2
ZA,30.06.17,-4.5
ZA,30.09.17,-4.1
ZA,31.12.17,-4.8
ZA,31.03.18,-4.4
ZA,30.06.18,-4.9
ZA,30.09.18,-4.7
ZA,31.12.18,-5.4
ZA,31.03.19,-3.4
ZA,30.06.19,-4.5
ZA,30.09.19,-3.6
ZA,31.12.19,-4.8
ZA,31.03.20,-2.7
ZA,30.06.20,-2
ZA,30.09.20,-3.4
ZA,31.12.20,-4
ZA,31.03.21,-4.1
ZA,30.06.21,-8.8
ZA,30.09.21,-8.9
ZA,31.12.21,-10.1
ZA,31.03.22,-9.4
ZA,30.06.22,-8.8
ZA,30.09.22,-7.6
ZA,31.12.22,-6.9
ZA,31.03.23,-6.2
ZA,30.06.23,-7.3
ZA,30.09.23,-6.1