country,date,Credit_GDP_ratio
AR,31.12.84,31.3
AR,31.03.85,27.2
AR,30.06.85,42.7
AR,30.09.85,37.2
AR,31.12.85,33.9
AR,31.03.86,28.2
AR,30.06.86,28
AR,30.09.86,28.7
AR,31.12.86,31.8
AR,31.03.87,28.5
AR,30.06.87,27.8
AR,30.09.87,31.1
AR,31.12.87,39.1
AR,31.03.88,26.4
AR,30.06.88,26.9
AR,30.09.88,30.5
AR,31.12.88,33.3
AR,31.03.89,7.5
AR,30.06.89,19.7
AR,30.09.89,36
AR,31.12.89,73.3
AR,31.03.90,35
AR,30.06.90,26.4
AR,30.09.90,22.7
AR,31.12.90,18.8
AR,31.03.91,23
AR,30.06.91,21.3
AR,30.09.91,18.3
AR,31.12.91,17.7
AR,31.03.92,17.7
AR,30.06.92,18.9
AR,30.09.92,19.2
AR,31.12.92,19.8
AR,31.03.93,22
AR,30.06.93,21.7
AR,30.09.93,21.7
AR,31.12.93,23.2
AR,31.03.94,23.1
AR,30.06.94,24.3
AR,30.09.94,24.7
AR,31.12.94,25
AR,31.03.95,24.1
AR,30.06.95,24.8
AR,30.09.95,24.3
AR,31.12.95,25.5
AR,31.03.96,25.4
AR,30.06.96,25.8
AR,30.09.96,25.9
AR,31.12.96,26.5
AR,31.03.97,26.9
AR,30.06.97,27.9
AR,30.09.97,28.5
AR,31.12.97,29.6
AR,31.03.98,29.9
AR,30.06.98,30.4
AR,30.09.98,31.2
AR,31.12.98,32
AR,31.03.99,32.1
AR,30.06.99,32.5
AR,30.09.99,32.1
AR,31.12.99,32.1
AR,31.03.00,30.9
AR,30.06.00,30.3
AR,30.09.00,30.1
AR,31.12.00,29.4
AR,31.03.01,28.3
AR,30.06.01,29.3
AR,30.09.01,28.2
AR,31.12.01,39.4
AR,31.03.02,75.2
AR,30.06.02,84.5
AR,30.09.02,76.3
AR,31.12.02,63.2
AR,31.03.03,52.3
AR,30.06.03,46.9
AR,30.09.03,44.9
AR,31.12.03,43
AR,31.03.04,39
AR,30.06.04,38.2
AR,30.09.04,37.3
AR,31.12.04,35.1
AR,31.03.05,32.7
AR,30.06.05,31.6
AR,30.09.05,29.9
AR,31.12.05,29.3
AR,31.03.06,28.6
AR,30.06.06,28
AR,30.09.06,27.4
AR,31.12.06,26.9
AR,31.03.07,26.3
AR,30.06.07,25.8
AR,30.09.07,25.9
AR,31.12.07,25.1
AR,31.03.08,24.3
AR,30.06.08,23.2
AR,30.09.08,22.9
AR,31.12.08,23.2
AR,31.03.09,23.5
AR,30.06.09,23.7
AR,30.09.09,23.3
AR,31.12.09,22.7
AR,31.03.10,21.9
AR,30.06.10,21.4
AR,30.09.10,21
AR,31.12.10,21.1
AR,31.03.11,20.7
AR,30.06.11,20.8
AR,30.09.11,21.2
AR,31.12.11,21.1
AR,31.03.12,20.7
AR,30.06.12,20.9
AR,30.09.12,21.2
AR,31.12.12,22
AR,31.03.13,21.7
AR,30.06.13,21.8
AR,30.09.13,22
AR,31.12.13,22.8
AR,31.03.14,22.4
AR,30.06.14,20.8
AR,30.09.14,20.2
AR,31.12.14,19.7
AR,31.03.15,19.4
AR,30.06.15,19.7
AR,30.09.15,19.7
AR,31.12.15,21.5
AR,31.03.16,21.1
AR,30.06.16,20.6
AR,30.09.16,20.6
AR,31.12.16,20.8
AR,31.03.17,20.4
AR,30.06.17,21.3
AR,30.09.17,22.5
AR,31.12.17,24.9
AR,31.03.18,25.4
AR,30.06.18,28.8
AR,30.09.18,33.2
AR,31.12.18,29
AR,31.03.19,29.2
AR,30.06.19,26.8
AR,30.09.19,30.5
AR,31.12.19,28.3
AR,31.03.20,27.2
AR,30.06.20,28.9
AR,30.09.20,29
AR,31.12.20,29.9
AR,31.03.21,28.5
AR,30.06.21,25.8
AR,30.09.21,23.9
AR,31.12.21,22.8
AR,31.03.22,21.2
AR,30.06.22,22.5
AR,30.09.22,22
AR,31.12.22,22
AR,31.03.23,21.9
AR,30.06.23,23
AR,30.09.23,24.2
AT,31.12.60,30
AT,31.03.61,30.3
AT,30.06.61,31.1
AT,30.09.61,31.3
AT,31.12.61,31.5
AT,31.03.62,32
AT,30.06.62,32.3
AT,30.09.62,32.3
AT,31.12.62,32.5
AT,31.03.63,33.1
AT,30.06.63,33.6
AT,30.09.63,33.4
AT,31.12.63,33.6
AT,31.03.64,33.6
AT,30.06.64,34.3
AT,30.09.64,34.8
AT,31.12.64,35.7
AT,31.03.65,36.6
AT,30.06.65,37.5
AT,30.09.65,37.6
AT,31.12.65,38.9
AT,31.03.66,39.4
AT,30.06.66,40.2
AT,30.09.66,40.7
AT,31.12.66,41.4
AT,31.03.67,42
AT,30.06.67,42.4
AT,30.09.67,42.4
AT,31.12.67,42.4
AT,31.03.68,42.2
AT,30.06.68,42.8
AT,30.09.68,42.8
AT,31.12.68,43.8
AT,31.03.69,44.2
AT,30.06.69,45.6
AT,30.09.69,46
AT,31.12.69,46.8
AT,31.03.70,47
AT,30.06.70,47.7
AT,30.09.70,47.6
AT,31.12.70,48.7
AT,31.03.71,48.6
AT,30.06.71,50.2
AT,30.09.71,50.3
AT,31.12.71,52.3
AT,31.03.72,52.4
AT,30.06.72,53.5
AT,30.09.72,54
AT,31.12.72,55.4
AT,31.03.73,54.2
AT,30.06.73,54.2
AT,30.09.73,53.7
AT,31.12.73,54.2
AT,31.03.74,53.5
AT,30.06.74,53.4
AT,30.09.74,53.2
AT,31.12.74,54.5
AT,31.03.75,54.7
AT,30.06.75,56.3
AT,30.09.75,56.7
AT,31.12.75,58.1
AT,31.03.76,58.2
AT,30.06.76,59.5
AT,30.09.76,60.6
AT,31.12.76,64
AT,31.03.77,63.1
AT,30.06.77,64.7
AT,30.09.77,65.2
AT,31.12.77,66.5
AT,31.03.78,66.7
AT,30.06.78,68.3
AT,30.09.78,69.9
AT,31.12.78,72.4
AT,31.03.79,72.3
AT,30.06.79,74
AT,30.09.79,74.8
AT,31.12.79,77.3
AT,31.03.80,77.3
AT,30.06.80,78.9
AT,30.09.80,80.2
AT,31.12.80,81.2
AT,31.03.81,81.9
AT,30.06.81,83.3
AT,30.09.81,83.6
AT,31.12.81,84.9
AT,31.03.82,84.3
AT,30.06.82,84.4
AT,30.09.82,83.9
AT,31.12.82,84
AT,31.03.83,82
AT,30.06.83,82.1
AT,30.09.83,81.7
AT,31.12.83,82.2
AT,31.03.84,79.9
AT,30.06.84,81
AT,30.09.84,81.8
AT,31.12.84,84.7
AT,31.03.85,83.6
AT,30.06.85,84.4
AT,30.09.85,84.7
AT,31.12.85,86
AT,31.03.86,83.9
AT,30.06.86,84.5
AT,30.09.86,84.9
AT,31.12.86,87.6
AT,31.03.87,86
AT,30.06.87,87
AT,30.09.87,87.8
AT,31.12.87,90.2
AT,31.03.88,89.4
AT,30.06.88,91.6
AT,30.09.88,92.1
AT,31.12.88,94.4
AT,31.03.89,91.9
AT,30.06.89,93.6
AT,30.09.89,95.6
AT,31.12.89,97.5
AT,31.03.90,96.9
AT,30.06.90,98.9
AT,30.09.90,99.4
AT,31.12.90,101.2
AT,31.03.91,100.2
AT,30.06.91,102
AT,30.09.91,101.5
AT,31.12.91,103
AT,31.03.92,101.4
AT,30.06.92,102.8
AT,30.09.92,103.6
AT,31.12.92,104.9
AT,31.03.93,104.2
AT,30.06.93,105
AT,30.09.93,104.6
AT,31.12.93,105.4
AT,31.03.94,103.6
AT,30.06.94,104.6
AT,30.09.94,104.1
AT,31.12.94,105
AT,31.03.95,102.7
AT,30.06.95,103.5
AT,30.09.95,103.8
AT,31.12.95,106.5
AT,31.03.96,103.4
AT,30.06.96,106.3
AT,30.09.96,108.2
AT,31.12.96,108.7
AT,31.03.97,107.8
AT,30.06.97,111.5
AT,30.09.97,113.3
AT,31.12.97,113.6
AT,31.03.98,110.8
AT,30.06.98,112.3
AT,30.09.98,112.8
AT,31.12.98,114.3
AT,31.03.99,113.5
AT,30.06.99,114.6
AT,30.09.99,118.2
AT,31.12.99,121
AT,31.03.00,120.5
AT,30.06.00,123.4
AT,30.09.00,129.1
AT,31.12.00,127.8
AT,31.03.01,126.9
AT,30.06.01,126.7
AT,30.09.01,127.7
AT,31.12.01,129.4
AT,31.03.02,128.6
AT,30.06.02,128.9
AT,30.09.02,129
AT,31.12.02,129.1
AT,31.03.03,128.1
AT,30.06.03,128.2
AT,30.09.03,128.4
AT,31.12.03,130.9
AT,31.03.04,130.8
AT,30.06.04,131.8
AT,30.09.04,131.4
AT,31.12.04,130.2
AT,31.03.05,130.1
AT,30.06.05,133.1
AT,30.09.05,134.3
AT,31.12.05,133.8
AT,31.03.06,134.8
AT,30.06.06,136.8
AT,30.09.06,137.7
AT,31.12.06,136.1
AT,31.03.07,134.7
AT,30.06.07,137.1
AT,30.09.07,138.2
AT,31.12.07,140.3
AT,31.03.08,140.7
AT,30.06.08,140.3
AT,30.09.08,140.3
AT,31.12.08,142.5
AT,31.03.09,142.5
AT,30.06.09,143.3
AT,30.09.09,145
AT,31.12.09,145.1
AT,31.03.10,146
AT,30.06.10,147.5
AT,30.09.10,147.3
AT,31.12.10,147.6
AT,31.03.11,145.3
AT,30.06.11,145.4
AT,30.09.11,144.8
AT,31.12.11,145.2
AT,31.03.12,144.4
AT,30.06.12,145.3
AT,30.09.12,145.1
AT,31.12.12,143.5
AT,31.03.13,143.1
AT,30.06.13,142.7
AT,30.09.13,142.4
AT,31.12.13,146.6
AT,31.03.14,145.1
AT,30.06.14,145.5
AT,30.09.14,145.4
AT,31.12.14,141.9
AT,31.03.15,143.9
AT,30.06.15,142.1
AT,30.09.15,142
AT,31.12.15,141.7
AT,31.03.16,141.4
AT,30.06.16,141
AT,30.09.16,142.2
AT,31.12.16,142
AT,31.03.17,142.9
AT,30.06.17,141.9
AT,30.09.17,141.7
AT,31.12.17,141.5
AT,31.03.18,142.3
AT,30.06.18,141.7
AT,30.09.18,141.7
AT,31.12.18,141.9
AT,31.03.19,142.5
AT,30.06.19,143.5
AT,30.09.19,141.4
AT,31.12.19,141.5
AT,31.03.20,143.4
AT,30.06.20,148.9
AT,30.09.20,150.8
AT,31.12.20,152.2
AT,31.03.21,156.5
AT,30.06.21,152.8
AT,30.09.21,152.7
AT,31.12.21,152.8
AT,31.03.22,149.1
AT,30.06.22,146.9
AT,30.09.22,144.8
AT,31.12.22,141
AT,31.03.23,140.1
AT,30.06.23,137.9
AT,30.09.23,136.7
AU,30.06.60,53.4
AU,30.09.60,53.5
AU,31.12.60,53.8
AU,31.03.61,53.5
AU,30.06.61,54.2
AU,30.09.61,54.9
AU,31.12.61,55.5
AU,31.03.62,55.9
AU,30.06.62,55.6
AU,30.09.62,55.1
AU,31.12.62,54.4
AU,31.03.63,54.5
AU,30.06.63,54.9
AU,30.09.63,54.8
AU,31.12.63,54.8
AU,31.03.64,55.2
AU,30.06.64,55
AU,30.09.64,55.3
AU,31.12.64,55.4
AU,31.03.65,56.1
AU,30.06.65,57
AU,30.09.65,58.1
AU,31.12.65,59.4
AU,31.03.66,60.3
AU,30.06.66,61.1
AU,30.09.66,61.2
AU,31.12.66,61.1
AU,31.03.67,61
AU,30.06.67,61.2
AU,30.09.67,61.8
AU,31.12.67,62.4
AU,31.03.68,63.6
AU,30.06.68,64.4
AU,30.09.68,65
AU,31.12.68,65
AU,31.03.69,64.6
AU,30.06.69,64.2
AU,30.09.69,63.6
AU,31.12.69,63.4
AU,31.03.70,63
AU,30.06.70,62.5
AU,30.09.70,62.4
AU,31.12.70,62.4
AU,31.03.71,62.3
AU,30.06.71,62.4
AU,30.09.71,62
AU,31.12.71,61.8
AU,31.03.72,62.2
AU,30.06.72,62.3
AU,30.09.72,62.8
AU,31.12.72,62.7
AU,31.03.73,64.7
AU,30.06.73,66.3
AU,30.09.73,67.1
AU,31.12.73,67.2
AU,31.03.74,68.5
AU,30.06.74,70
AU,30.09.74,71.2
AU,31.12.74,72.4
AU,31.03.75,72.4
AU,30.06.75,71.9
AU,30.09.75,71.8
AU,31.12.75,71.7
AU,31.03.76,71.6
AU,30.06.76,71.4
AU,30.09.76,71.1
AU,31.12.76,71
AU,31.03.77,70.3
AU,30.06.77,69.8
AU,30.09.77,69.6
AU,31.12.77,69.8
AU,31.03.78,70.4
AU,30.06.78,72.3
AU,30.09.78,72.3
AU,31.12.78,72.9
AU,31.03.79,72.2
AU,30.06.79,74.1
AU,30.09.79,74.5
AU,31.12.79,74.5
AU,31.03.80,75.2
AU,30.06.80,77.1
AU,30.09.80,76.9
AU,31.12.80,77.2
AU,31.03.81,77.6
AU,30.06.81,79.5
AU,30.09.81,79.7
AU,31.12.81,80
AU,31.03.82,81.1
AU,30.06.82,82.3
AU,30.09.82,83.3
AU,31.12.82,83.8
AU,31.03.83,85.9
AU,30.06.83,87.7
AU,30.09.83,86.9
AU,31.12.83,87.4
AU,31.03.84,86.6
AU,30.06.84,86.4
AU,30.09.84,86.9
AU,31.12.84,88.2
AU,31.03.85,89.4
AU,30.06.85,91.9
AU,30.09.85,93
AU,31.12.85,94.9
AU,31.03.86,95.6
AU,30.06.86,100.3
AU,30.09.86,104.5
AU,31.12.86,106.3
AU,31.03.87,106.5
AU,30.06.87,109.2
AU,30.09.87,110
AU,31.12.87,112.3
AU,31.03.88,114.7
AU,30.06.88,118.1
AU,30.09.88,118.8
AU,31.12.88,117.9
AU,31.03.89,119.4
AU,30.06.89,122.5
AU,30.09.89,120.5
AU,31.12.89,119.5
AU,31.03.90,121.3
AU,30.06.90,121.2
AU,30.09.90,120.6
AU,31.12.90,121
AU,31.03.91,122.6
AU,30.06.91,121.7
AU,30.09.91,119.6
AU,31.12.91,120.2
AU,31.03.92,119.6
AU,30.06.92,119.4
AU,30.09.92,120.4
AU,31.12.92,117.7
AU,31.03.93,115.9
AU,30.06.93,113.4
AU,30.09.93,113.5
AU,31.12.93,112.2
AU,31.03.94,111.8
AU,30.06.94,112.5
AU,30.09.94,112.9
AU,31.12.94,112.9
AU,31.03.95,113.2
AU,30.06.95,113.6
AU,30.09.95,113.5
AU,31.12.95,114.2
AU,31.03.96,114.6
AU,30.06.96,115.5
AU,30.09.96,114.3
AU,31.12.96,115.9
AU,31.03.97,115.8
AU,30.06.97,117.3
AU,30.09.97,118.2
AU,31.12.97,121.3
AU,31.03.98,121.7
AU,30.06.98,124.5
AU,30.09.98,125.2
AU,31.12.98,126.5
AU,31.03.99,127.7
AU,30.06.99,127.3
AU,30.09.99,129
AU,31.12.99,131.8
AU,31.03.00,132.8
AU,30.06.00,135
AU,30.09.00,135.8
AU,31.12.00,138.9
AU,31.03.01,141.1
AU,30.06.01,139.8
AU,30.09.01,140.6
AU,31.12.01,139.3
AU,31.03.02,139
AU,30.06.02,142.2
AU,30.09.02,144.8
AU,31.12.02,145.1
AU,31.03.03,145.6
AU,30.06.03,148.1
AU,30.09.03,149.3
AU,31.12.03,152.6
AU,31.03.04,153
AU,30.06.04,155.1
AU,30.09.04,156.2
AU,31.12.04,158.7
AU,31.03.05,159.9
AU,30.06.05,164
AU,30.09.05,166
AU,31.12.05,169.1
AU,31.03.06,169.9
AU,30.06.06,173.8
AU,30.09.06,176.5
AU,31.12.06,178.6
AU,31.03.07,179.2
AU,30.06.07,181.8
AU,30.09.07,185.5
AU,31.12.07,187.4
AU,31.03.08,188.5
AU,30.06.08,188.6
AU,30.09.08,187.9
AU,31.12.08,188
AU,31.03.09,185.7
AU,30.06.09,184.3
AU,30.09.09,185.4
AU,31.12.09,186.3
AU,31.03.10,185.9
AU,30.06.10,184.3
AU,30.09.10,181.5
AU,31.12.10,177.9
AU,31.03.11,176.5
AU,30.06.11,174.6
AU,30.09.11,174.6
AU,31.12.11,173.4
AU,31.03.12,173.4
AU,30.06.12,174.4
AU,30.09.12,174.7
AU,31.12.12,175.5
AU,31.03.13,175.8
AU,30.06.13,179.2
AU,30.09.13,179
AU,31.12.13,181.4
AU,31.03.14,180.3
AU,30.06.14,182.2
AU,30.09.14,184.3
AU,31.12.14,186.7
AU,31.03.15,190.9
AU,30.06.15,193.5
AU,30.09.15,196
AU,31.12.15,197.1
AU,31.03.16,198.6
AU,30.06.16,199.9
AU,30.09.16,199.9
AU,31.12.16,198.7
AU,31.03.17,195.3
AU,30.06.17,195.1
AU,30.09.17,193.5
AU,31.12.17,193.9
AU,31.03.18,194.7
AU,30.06.18,194
AU,30.09.18,194.1
AU,31.12.18,193.6
AU,31.03.19,192.9
AU,30.06.19,191.9
AU,30.09.19,190.6
AU,31.12.19,189.3
AU,31.03.20,192.3
AU,30.06.20,192.6
AU,30.09.20,193
AU,31.12.20,191.3
AU,31.03.21,190.3
AU,30.06.21,185.5
AU,30.09.21,183
AU,31.12.21,180.7
AU,31.03.22,177.9
AU,30.06.22,176.6
AU,30.09.22,173.8
AU,31.12.22,170.5
AU,31.03.23,168.7
AU,30.06.23,169.1
AU,30.09.23,169.5
BE,31.12.70,77.7
BE,31.03.71,77.3
BE,30.06.71,78.1
BE,30.09.71,77.7
BE,31.12.71,78.7
BE,31.03.72,77.7
BE,30.06.72,78.6
BE,30.09.72,78.6
BE,31.12.72,80.6
BE,31.03.73,80.7
BE,30.06.73,81.5
BE,30.09.73,82
BE,31.12.73,82.3
BE,31.03.74,81.7
BE,30.06.74,80.8
BE,30.09.74,79.8
BE,31.12.74,79.3
BE,31.03.75,78.5
BE,30.06.75,79.4
BE,30.09.75,79.8
BE,31.12.75,82.5
BE,31.03.76,82.8
BE,30.06.76,83.2
BE,30.09.76,83.1
BE,31.12.76,84.2
BE,31.03.77,84
BE,30.06.77,85.8
BE,30.09.77,86.5
BE,31.12.77,89.1
BE,31.03.78,88.5
BE,30.06.78,91.1
BE,30.09.78,92
BE,31.12.78,93.7
BE,31.03.79,93.9
BE,30.06.79,96.8
BE,30.09.79,98.6
BE,31.12.79,99.5
BE,31.03.80,88.8
BE,30.06.80,89.2
BE,30.09.80,87.8
BE,31.12.80,88.4
BE,31.03.81,88.4
BE,30.06.81,88.4
BE,30.09.81,87.8
BE,31.12.81,91.2
BE,31.03.82,90.2
BE,30.06.82,88.9
BE,30.09.82,86.4
BE,31.12.82,89.7
BE,31.03.83,88.5
BE,30.06.83,87.5
BE,30.09.83,86.9
BE,31.12.83,87.6
BE,31.03.84,85.6
BE,30.06.84,84.9
BE,30.09.84,83.3
BE,31.12.84,84.1
BE,31.03.85,82.6
BE,30.06.85,82.6
BE,30.09.85,80.8
BE,31.12.85,80.9
BE,31.03.86,80.2
BE,30.06.86,80.6
BE,30.09.86,79.3
BE,31.12.86,79.9
BE,31.03.87,80.5
BE,30.06.87,82.9
BE,30.09.87,81.2
BE,31.12.87,81.9
BE,31.03.88,82.7
BE,30.06.88,84.2
BE,30.09.88,85.2
BE,31.12.88,86
BE,31.03.89,86.2
BE,30.06.89,89
BE,30.09.89,89.5
BE,31.12.89,91.9
BE,31.03.90,90.3
BE,30.06.90,92.1
BE,30.09.90,92.5
BE,31.12.90,93.1
BE,31.03.91,94.6
BE,30.06.91,95.8
BE,30.09.91,95.7
BE,31.12.91,96.4
BE,31.03.92,95.7
BE,30.06.92,97.1
BE,30.09.92,96.7
BE,31.12.92,106.5
BE,31.03.93,107.8
BE,30.06.93,109.1
BE,30.09.93,109.3
BE,31.12.93,110.2
BE,31.03.94,109.9
BE,30.06.94,110.7
BE,30.09.94,111.1
BE,31.12.94,110.8
BE,31.03.95,109.8
BE,30.06.95,109.1
BE,30.09.95,107.1
BE,31.12.95,106.4
BE,31.03.96,106.8
BE,30.06.96,108.6
BE,30.09.96,109.6
BE,31.12.96,110.4
BE,31.03.97,113.1
BE,30.06.97,115.2
BE,30.09.97,116.6
BE,31.12.97,117.6
BE,31.03.98,117.3
BE,30.06.98,120.6
BE,30.09.98,122.1
BE,31.12.98,123.7
BE,31.03.99,128.7
BE,30.06.99,131
BE,30.09.99,134.3
BE,31.12.99,136.3
BE,31.03.00,138.7
BE,30.06.00,140.9
BE,30.09.00,143.3
BE,31.12.00,146.2
BE,31.03.01,147.1
BE,30.06.01,149.2
BE,30.09.01,150
BE,31.12.01,152.2
BE,31.03.02,151.1
BE,30.06.02,150.7
BE,30.09.02,149.9
BE,31.12.02,149.2
BE,31.03.03,148.1
BE,30.06.03,151
BE,30.09.03,153
BE,31.12.03,155.7
BE,31.03.04,156.4
BE,30.06.04,156.7
BE,30.09.04,157.4
BE,31.12.04,158.5
BE,31.03.05,157.8
BE,30.06.05,157.8
BE,30.09.05,157.2
BE,31.12.05,156.9
BE,31.03.06,157
BE,30.06.06,158.2
BE,30.09.06,159
BE,31.12.06,159.1
BE,31.03.07,162
BE,30.06.07,164.6
BE,30.09.07,167.7
BE,31.12.07,170.1
BE,31.03.08,174.6
BE,30.06.08,179.4
BE,30.09.08,184.3
BE,31.12.08,192.1
BE,31.03.09,195.9
BE,30.06.09,199.4
BE,30.09.09,202.1
BE,31.12.09,201.4
BE,31.03.10,198.8
BE,30.06.10,197.6
BE,30.09.10,192.5
BE,31.12.10,189.5
BE,31.03.11,191
BE,30.06.11,194.7
BE,30.09.11,196.4
BE,31.12.11,199.7
BE,31.03.12,203.6
BE,30.06.12,206.9
BE,30.09.12,206.5
BE,31.12.12,204.1
BE,31.03.13,207.4
BE,30.06.13,211.2
BE,30.09.13,206.7
BE,31.12.13,205.1
BE,31.03.14,199.6
BE,30.06.14,200.1
BE,30.09.14,201.7
BE,31.12.14,205.4
BE,31.03.15,214.4
BE,30.06.15,205.4
BE,30.09.15,211.5
BE,31.12.15,207.2
BE,31.03.16,223.9
BE,30.06.16,228.6
BE,30.09.16,227.6
BE,31.12.16,227.9
BE,31.03.17,222.6
BE,30.06.17,219.6
BE,30.09.17,215.1
BE,31.12.17,215.8
BE,31.03.18,212.4
BE,30.06.18,213.1
BE,30.09.18,209.7
BE,31.12.18,210.8
BE,31.03.19,210.9
BE,30.06.19,210.4
BE,30.09.19,212.7
BE,31.12.19,211.9
BE,31.03.20,210.9
BE,30.06.20,214.9
BE,30.09.20,214.8
BE,31.12.20,222.4
BE,31.03.21,224.1
BE,30.06.21,214.5
BE,30.09.21,213.9
BE,31.12.21,206.2
BE,31.03.22,203.9
BE,30.06.22,202.5
BE,30.09.22,202.3
BE,31.12.22,195.1
BE,31.03.23,191.9
BE,30.06.23,189.2
BE,30.09.23,187
BR,31.03.96,52
BR,30.06.96,50.8
BR,30.09.96,47.4
BR,31.12.96,44.9
BR,31.03.97,44
BR,30.06.97,45.7
BR,30.09.97,46.6
BR,31.12.97,47.7
BR,31.03.98,49.1
BR,30.06.98,49.2
BR,30.09.98,49.4
BR,31.12.98,49.3
BR,31.03.99,49.7
BR,30.06.99,48.2
BR,30.09.99,49.3
BR,31.12.99,48.7
BR,31.03.00,44.2
BR,30.06.00,45.7
BR,30.09.00,45
BR,31.12.00,47.2
BR,31.03.01,49.1
BR,30.06.01,47.8
BR,30.09.01,51
BR,31.12.01,49.3
BR,31.03.02,49.7
BR,30.06.02,50.3
BR,30.09.02,55.7
BR,31.12.02,52.9
BR,31.03.03,52.1
BR,30.06.03,49.2
BR,30.09.03,48.7
BR,31.12.03,48.4
BR,31.03.04,46.4
BR,30.06.04,46.9
BR,30.09.04,45.9
BR,31.12.04,45.1
BR,31.03.05,45.5
BR,30.06.05,45.2
BR,30.09.05,45.5
BR,31.12.05,46.5
BR,31.03.06,46.7
BR,30.06.06,47.7
BR,30.09.06,48.5
BR,31.12.06,50.1
BR,31.03.07,48.2
BR,30.06.07,46.9
BR,30.09.07,47.2
BR,31.12.07,47.8
BR,31.03.08,49.3
BR,30.06.08,51.2
BR,30.09.08,53.3
BR,31.12.08,55.5
BR,31.03.09,54.6
BR,30.06.09,55.3
BR,30.09.09,56.7
BR,31.12.09,58
BR,31.03.10,56.1
BR,30.06.10,55.6
BR,30.09.10,57.5
BR,31.12.10,59
BR,31.03.11,58.9
BR,30.06.11,59.3
BR,30.09.11,60
BR,31.12.11,62.3
BR,31.03.12,62.5
BR,30.06.12,64.3
BR,30.09.12,64.8
BR,31.12.12,66.7
BR,31.03.13,66.6
BR,30.06.13,69.2
BR,30.09.13,69
BR,31.12.13,70.7
BR,31.03.14,69.8
BR,30.06.14,70.1
BR,30.09.14,71.7
BR,31.12.14,74.4
BR,31.03.15,77.3
BR,30.06.15,76.9
BR,30.09.15,81.6
BR,31.12.15,81.8
BR,31.03.16,78.8
BR,30.06.16,75.6
BR,30.09.16,74.8
BR,31.12.16,74.4
BR,31.03.17,72.8
BR,30.06.17,72.6
BR,30.09.17,71.3
BR,31.12.17,72.5
BR,31.03.18,70.6
BR,30.06.18,72.7
BR,30.09.18,73.3
BR,31.12.18,74.4
BR,31.03.19,74.5
BR,30.06.19,75
BR,30.09.19,76.3
BR,31.12.19,77
BR,31.03.20,81.7
BR,30.06.20,84.6
BR,30.09.20,87.1
BR,31.12.20,86.5
BR,31.03.21,87
BR,30.06.21,82.3
BR,30.09.21,83.6
BR,31.12.21,84.9
BR,31.03.22,82.3
BR,30.06.22,84.3
BR,30.09.22,85.6
BR,31.12.22,86.1
BR,31.03.23,84.8
BR,30.06.23,83.6
BR,30.09.23,85.7
CA,31.12.55,76
CA,31.03.56,76
CA,30.06.56,78.7
CA,30.09.56,77.1
CA,31.12.56,76.4
CA,31.03.57,73.6
CA,30.06.57,74
CA,30.09.57,73.3
CA,31.12.57,73.8
CA,31.03.58,72.4
CA,30.06.58,71.2
CA,30.09.58,71.1
CA,31.12.58,73.2
CA,31.03.59,74.4
CA,30.06.59,78.3
CA,30.09.59,81.7
CA,31.12.59,80
CA,31.03.60,77
CA,30.06.60,77.8
CA,30.09.60,76.9
CA,31.12.60,78.8
CA,31.03.61,76.7
CA,30.06.61,77.4
CA,30.09.61,77.8
CA,31.12.61,79.6
CA,31.03.62,78.1
CA,30.06.62,82.3
CA,30.09.62,83.1
CA,31.12.62,80.4
CA,31.03.63,77.4
CA,30.06.63,78.3
CA,30.09.63,77.5
CA,31.12.63,78.5
CA,31.03.64,77.1
CA,30.06.64,79.4
CA,30.09.64,79
CA,31.12.64,80.1
CA,31.03.65,79.5
CA,30.06.65,83
CA,30.09.65,84.4
CA,31.12.65,86
CA,31.03.66,82.6
CA,30.06.66,82.7
CA,30.09.66,81.4
CA,31.12.66,81.3
CA,31.03.67,81.2
CA,30.06.67,81.2
CA,30.09.67,83.2
CA,31.12.67,85.9
CA,31.03.68,86.2
CA,30.06.68,87.3
CA,30.09.68,87.8
CA,31.12.68,89.9
CA,31.03.69,84.3
CA,30.06.69,85.8
CA,30.09.69,86.2
CA,31.12.69,86.6
CA,31.03.70,85.1
CA,30.06.70,84.9
CA,30.09.70,85.5
CA,31.12.70,86.2
CA,31.03.71,86.6
CA,30.06.71,87.8
CA,30.09.71,89
CA,31.12.71,89.9
CA,31.03.72,90.1
CA,30.06.72,91.1
CA,30.09.72,92.2
CA,31.12.72,93.3
CA,31.03.73,93.5
CA,30.06.73,94.8
CA,30.09.73,94.8
CA,31.12.73,95.4
CA,31.03.74,95.2
CA,30.06.74,96.3
CA,30.09.74,96.3
CA,31.12.74,96.7
CA,31.03.75,97.3
CA,30.06.75,98.6
CA,30.09.75,99.1
CA,31.12.75,99.6
CA,31.03.76,99.4
CA,30.06.76,99.3
CA,30.09.76,99.7
CA,31.12.76,100.5
CA,31.03.77,102
CA,30.06.77,104
CA,30.09.77,105.3
CA,31.12.77,106.1
CA,31.03.78,107.2
CA,30.06.78,108.2
CA,30.09.78,109.2
CA,31.12.78,110.5
CA,31.03.79,112
CA,30.06.79,113.4
CA,30.09.79,114.4
CA,31.12.79,114.7
CA,31.03.80,115.1
CA,30.06.80,116.2
CA,30.09.80,116.5
CA,31.12.80,117.4
CA,31.03.81,118.1
CA,30.06.81,119.9
CA,30.09.81,121.1
CA,31.12.81,120
CA,31.03.82,120
CA,30.06.82,119.7
CA,30.09.82,118.7
CA,31.12.82,116.7
CA,31.03.83,115.2
CA,30.06.83,113.3
CA,30.09.83,111.3
CA,31.12.83,109.2
CA,31.03.84,108.6
CA,30.06.84,107.8
CA,30.09.84,106.9
CA,31.12.84,106.1
CA,31.03.85,106.5
CA,30.06.85,106.2
CA,30.09.85,107.6
CA,31.12.85,107.8
CA,31.03.86,108.3
CA,30.06.86,109.8
CA,30.09.86,110.6
CA,31.12.86,111.8
CA,31.03.87,112.1
CA,30.06.87,114.1
CA,30.09.87,114.5
CA,31.12.87,115.3
CA,31.03.88,116.7
CA,30.06.88,118
CA,30.09.88,120
CA,31.12.88,121.3
CA,31.03.89,122.6
CA,30.06.89,124.3
CA,30.09.89,126.3
CA,31.12.89,128.7
CA,31.03.90,130.8
CA,30.06.90,132.2
CA,30.09.90,133.7
CA,31.12.90,134.8
CA,31.03.91,136.7
CA,30.06.91,138.1
CA,30.09.91,139.3
CA,31.12.91,141.1
CA,31.03.92,141.2
CA,30.06.92,142.6
CA,30.09.92,142.9
CA,31.12.92,142.7
CA,31.03.93,144.2
CA,30.06.93,144.1
CA,30.09.93,145.3
CA,31.12.93,144.8
CA,31.03.94,144.8
CA,30.06.94,144.1
CA,30.09.94,142.9
CA,31.12.94,142.3
CA,31.03.95,143
CA,30.06.95,141.8
CA,30.09.95,141.9
CA,31.12.95,141.9
CA,31.03.96,142
CA,30.06.96,142.1
CA,30.09.96,142.2
CA,31.12.96,142
CA,31.03.97,144.2
CA,30.06.97,144.7
CA,30.09.97,145.1
CA,31.12.97,145.1
CA,31.03.98,146.5
CA,30.06.98,148.7
CA,30.09.98,150.8
CA,31.12.98,151.3
CA,31.03.99,149.9
CA,30.06.99,148.8
CA,30.09.99,147.2
CA,31.12.99,144.6
CA,31.03.00,147.1
CA,30.06.00,146.2
CA,30.09.00,145.6
CA,31.12.00,143.9
CA,31.03.01,146.7
CA,30.06.01,146.7
CA,30.09.01,149.6
CA,31.12.01,150.6
CA,31.03.02,153.9
CA,30.06.02,155
CA,30.09.02,155.8
CA,31.12.02,154.8
CA,31.03.03,151.9
CA,30.06.03,152.1
CA,30.09.03,151.6
CA,31.12.03,151.4
CA,31.03.04,154.8
CA,30.06.04,154.5
CA,30.09.04,153.7
CA,31.12.04,153.7
CA,31.03.05,151.1
CA,30.06.05,152.8
CA,30.09.05,151.9
CA,31.12.05,149.7
CA,31.03.06,149.9
CA,30.06.06,149.8
CA,30.09.06,152
CA,31.12.06,154.2
CA,31.03.07,159.5
CA,30.06.07,159.7
CA,30.09.07,161.3
CA,31.12.07,161.9
CA,31.03.08,165
CA,30.06.08,163.9
CA,30.09.08,164.2
CA,31.12.08,167.4
CA,31.03.09,171
CA,30.06.09,176.7
CA,30.09.09,181.8
CA,31.12.09,183.2
CA,31.03.10,182
CA,30.06.10,182.2
CA,30.09.10,180.9
CA,31.12.10,180
CA,31.03.11,180.3
CA,30.06.11,180.3
CA,30.09.11,181.6
CA,31.12.11,179.4
CA,31.03.12,179.9
CA,30.06.12,181.7
CA,30.09.12,183.7
CA,31.12.12,184.8
CA,31.03.13,187.1
CA,30.06.13,189.3
CA,30.09.13,190.1
CA,31.12.13,190.3
CA,31.03.14,192
CA,30.06.14,192.4
CA,30.09.14,194.1
CA,31.12.14,194.1
CA,31.03.15,200.4
CA,30.06.15,202.7
CA,30.09.15,206.5
CA,31.12.15,209.3
CA,31.03.16,208.5
CA,30.06.16,212.1
CA,30.09.16,214.4
CA,31.12.16,213.8
CA,31.03.17,214.5
CA,30.06.17,214.3
CA,30.09.17,213.7
CA,31.12.17,213.6
CA,31.03.18,213.8
CA,30.06.18,215.9
CA,30.09.18,215
CA,31.12.18,216.1
CA,31.03.19,216.9
CA,30.06.19,219.5
CA,30.09.19,221.2
CA,31.12.19,221.2
CA,31.03.20,225.8
CA,30.06.20,237.6
CA,30.09.20,242
CA,31.12.20,245
CA,31.03.21,243.8
CA,30.06.21,238.3
CA,30.09.21,235.7
CA,31.12.21,232.9
CA,31.03.22,226.7
CA,30.06.22,221.1
CA,30.09.22,218.6
CA,31.12.22,217.2
CA,31.03.23,217.6
CA,30.06.23,219.2
CA,30.09.23,219.6
CH,31.12.60,130.8
CH,31.03.61,131.2
CH,30.06.61,131.1
CH,30.09.61,129.7
CH,31.12.61,132.5
CH,31.03.62,133.1
CH,30.06.62,132.3
CH,30.09.62,131.7
CH,31.12.62,132.3
CH,31.03.63,130.5
CH,30.06.63,131
CH,30.09.63,130.2
CH,31.12.63,130.9
CH,31.03.64,134.7
CH,30.06.64,134.1
CH,30.09.64,131.9
CH,31.12.64,132.7
CH,31.03.65,132.2
CH,30.06.65,132.5
CH,30.09.65,132.9
CH,31.12.65,134.4
CH,31.03.66,133.6
CH,30.06.66,134
CH,30.09.66,134.2
CH,31.12.66,135.1
CH,31.03.67,133.9
CH,30.06.67,134.3
CH,30.09.67,134.3
CH,31.12.67,137
CH,31.03.68,138.8
CH,30.06.68,141.2
CH,30.09.68,141.3
CH,31.12.68,143.9
CH,31.03.69,145.6
CH,30.06.69,149.1
CH,30.09.69,150.9
CH,31.12.69,149.7
CH,31.03.70,148.6
CH,30.06.70,148.6
CH,30.09.70,147.2
CH,31.12.70,148.6
CH,31.03.71,146.9
CH,30.06.71,146.3
CH,30.09.71,143.1
CH,31.12.71,143.2
CH,31.03.72,140.6
CH,30.06.72,140.7
CH,30.09.72,139.4
CH,31.12.72,140.3
CH,31.03.73,137
CH,30.06.73,135.5
CH,30.09.73,135.3
CH,31.12.73,136.7
CH,31.03.74,135.1
CH,30.06.74,133.7
CH,30.09.74,133.2
CH,31.12.74,115.3
CH,31.03.75,116.7
CH,30.06.75,119.8
CH,30.09.75,121.5
CH,31.12.75,127.5
CH,31.03.76,127.7
CH,30.06.76,129.9
CH,30.09.76,130.1
CH,31.12.76,135.1
CH,31.03.77,133.9
CH,30.06.77,136.2
CH,30.09.77,136.8
CH,31.12.77,143.3
CH,31.03.78,140.7
CH,30.06.78,142.7
CH,30.09.78,143.1
CH,31.12.78,149.2
CH,31.03.79,147.2
CH,30.06.79,149.3
CH,30.09.79,148.9
CH,31.12.79,152.4
CH,31.03.80,152.6
CH,30.06.80,154.3
CH,30.09.80,154.1
CH,31.12.80,158
CH,31.03.81,157.5
CH,30.06.81,160.3
CH,30.09.81,158.9
CH,31.12.81,155.8
CH,31.03.82,149.8
CH,30.06.82,149.5
CH,30.09.82,153.5
CH,31.12.82,155.7
CH,31.03.83,155.3
CH,30.06.83,158
CH,30.09.83,158.9
CH,31.12.83,161.1
CH,31.03.84,158.9
CH,30.06.84,160.9
CH,30.09.84,160.2
CH,31.12.84,160.8
CH,31.03.85,161.5
CH,30.06.85,160.4
CH,30.09.85,159.8
CH,31.12.85,162.1
CH,31.03.86,161.8
CH,30.06.86,164.2
CH,30.09.86,165.3
CH,31.12.86,166.8
CH,31.03.87,168.3
CH,30.06.87,171.9
CH,30.09.87,172.8
CH,31.12.87,174.2
CH,31.03.88,177.8
CH,30.06.88,181.3
CH,30.09.88,183.6
CH,31.12.88,185.7
CH,31.03.89,190.3
CH,30.06.89,194.5
CH,30.09.89,194.8
CH,31.12.89,196.6
CH,31.03.90,197.3
CH,30.06.90,198.6
CH,30.09.90,197.8
CH,31.12.90,196.6
CH,31.03.91,196
CH,30.06.91,197.3
CH,30.09.91,196.2
CH,31.12.91,195.6
CH,31.03.92,195.6
CH,30.06.92,195.9
CH,30.09.92,195.7
CH,31.12.92,195.6
CH,31.03.93,196.6
CH,30.06.93,196.7
CH,30.09.93,194.8
CH,31.12.93,190.8
CH,31.03.94,190.7
CH,30.06.94,190.9
CH,30.09.94,191
CH,31.12.94,190.7
CH,31.03.95,191.3
CH,30.06.95,191.8
CH,30.09.95,191.1
CH,31.12.95,193.2
CH,31.03.96,195.6
CH,30.06.96,196.3
CH,30.09.96,195.5
CH,31.12.96,196.5
CH,31.03.97,198
CH,30.06.97,198.1
CH,30.09.97,196.3
CH,31.12.97,195.4
CH,31.03.98,194.8
CH,30.06.98,194.7
CH,30.09.98,192.3
CH,31.12.98,191.7
CH,31.03.99,196.2
CH,30.06.99,199.4
CH,30.09.99,201.3
CH,31.12.99,199.8
CH,31.03.00,193.8
CH,30.06.00,193.4
CH,30.09.00,191.1
CH,31.12.00,191.3
CH,31.03.01,196.1
CH,30.06.01,192
CH,30.09.01,188.7
CH,31.12.01,186.9
CH,31.03.02,189.7
CH,30.06.02,188.4
CH,30.09.02,188.3
CH,31.12.02,188
CH,31.03.03,190.6
CH,30.06.03,192.4
CH,30.09.03,195
CH,31.12.03,195.7
CH,31.03.04,198.6
CH,30.06.04,193.6
CH,30.09.04,193.9
CH,31.12.04,194.5
CH,31.03.05,194.1
CH,30.06.05,194.2
CH,30.09.05,192.7
CH,31.12.05,195.8
CH,31.03.06,189.9
CH,30.06.06,188.6
CH,30.09.06,189.2
CH,31.12.06,193.2
CH,31.03.07,200.1
CH,30.06.07,201.7
CH,30.09.07,200.8
CH,31.12.07,201.4
CH,31.03.08,199.4
CH,30.06.08,204
CH,30.09.08,204.2
CH,31.12.08,198.6
CH,31.03.09,203.1
CH,30.06.09,210
CH,30.09.09,210.2
CH,31.12.09,214.6
CH,31.03.10,214.9
CH,30.06.10,218
CH,30.09.10,218.2
CH,31.12.10,214.7
CH,31.03.11,221
CH,30.06.11,219.3
CH,30.09.11,221.4
CH,31.12.11,221.6
CH,31.03.12,222.1
CH,30.06.12,224
CH,30.09.12,228.4
CH,31.12.12,229.2
CH,31.03.13,229.3
CH,30.06.13,229
CH,30.09.13,228.2
CH,31.12.13,230.2
CH,31.03.14,230
CH,30.06.14,231.5
CH,30.09.14,229.7
CH,31.12.14,229.9
CH,31.03.15,229.4
CH,30.06.15,228.5
CH,30.09.15,229.9
CH,31.12.15,234
CH,31.03.16,239.8
CH,30.06.16,239.3
CH,30.09.16,241.2
CH,31.12.16,241
CH,31.03.17,243.1
CH,30.06.17,247.6
CH,30.09.17,248.9
CH,31.12.17,250.9
CH,31.03.18,257.2
CH,30.06.18,250.9
CH,30.09.18,248.6
CH,31.12.18,244
CH,31.03.19,247.9
CH,30.06.19,252.3
CH,30.09.19,258.9
CH,31.12.19,265.4
CH,31.03.20,265.3
CH,30.06.20,272.8
CH,30.09.20,278.2
CH,31.12.20,276
CH,31.03.21,287.8
CH,30.06.21,285.2
CH,30.09.21,284.1
CH,31.12.21,279.3
CH,31.03.22,282.1
CH,30.06.22,281.3
CH,30.09.22,279.3
CH,31.12.22,272.3
CH,31.03.23,274.4
CH,30.06.23,272.9
CH,30.09.23,272.6
CL,31.03.83,77.7
CL,30.06.83,75.1
CL,30.09.83,71.3
CL,31.12.83,72.3
CL,31.03.84,71.6
CL,30.06.84,70.2
CL,30.09.84,76.6
CL,31.12.84,84.3
CL,31.03.85,86.1
CL,30.06.85,77.5
CL,30.09.85,76.9
CL,31.12.85,72.2
CL,31.03.86,69.4
CL,30.06.86,64.1
CL,30.09.86,60.7
CL,31.12.86,59.7
CL,31.03.87,58.5
CL,30.06.87,57.7
CL,30.09.87,55.9
CL,31.12.87,56.1
CL,31.03.88,53.9
CL,30.06.88,53.2
CL,30.09.88,53.4
CL,31.12.88,54.1
CL,31.03.89,56.1
CL,30.06.89,54.5
CL,30.09.89,58.2
CL,31.12.89,62.1
CL,31.03.90,62.4
CL,30.06.90,60
CL,30.09.90,58.6
CL,31.12.90,63.5
CL,31.03.91,60.5
CL,30.06.91,58.1
CL,30.09.91,57.6
CL,31.12.91,58.1
CL,31.03.92,56.1
CL,30.06.92,57.1
CL,30.09.92,58.5
CL,31.12.92,61.3
CL,31.03.93,62.6
CL,30.06.93,63.9
CL,30.09.93,65.6
CL,31.12.93,68.9
CL,31.03.94,67.8
CL,30.06.94,66.6
CL,30.09.94,67.1
CL,31.12.94,67.7
CL,31.03.95,68.4
CL,30.06.95,66.2
CL,30.09.95,68.4
CL,31.12.95,72.6
CL,31.03.96,73.9
CL,30.06.96,74.2
CL,30.09.96,77
CL,31.12.96,80.7
CL,31.03.97,82.1
CL,30.06.97,82.1
CL,30.09.97,84.2
CL,31.12.97,88.4
CL,31.03.98,90.9
CL,30.06.98,93.8
CL,30.09.98,94.1
CL,31.12.98,95.7
CL,31.03.99,99.2
CL,30.06.99,104.5
CL,30.09.99,106.7
CL,31.12.99,105.4
CL,31.03.00,103.3
CL,30.06.00,105.5
CL,30.09.00,106.5
CL,31.12.00,109.4
CL,31.03.01,111.6
CL,30.06.01,113
CL,30.09.01,117.6
CL,31.12.01,112.3
CL,31.03.02,111.7
CL,30.06.02,113.9
CL,30.09.02,117
CL,31.12.02,113.1
CL,31.03.03,112.1
CL,30.06.03,107.8
CL,30.09.03,104.8
CL,31.12.03,100.8
CL,31.03.04,101.2
CL,30.06.04,100.1
CL,30.09.04,98.4
CL,31.12.04,93.6
CL,31.03.05,94
CL,30.06.05,93.8
CL,30.09.05,91.7
CL,31.12.05,90.4
CL,31.03.06,89.6
CL,30.06.06,88.5
CL,30.09.06,87.9
CL,31.12.06,87.6
CL,31.03.07,88
CL,30.06.07,87.8
CL,30.09.07,90.5
CL,31.12.07,92.2
CL,31.03.08,90.9
CL,30.06.08,97.1
CL,30.09.08,104.2
CL,31.12.08,111.6
CL,31.03.09,112.5
CL,30.06.09,109.8
CL,30.09.09,111.4
CL,31.12.09,110.3
CL,31.03.10,110.1
CL,30.06.10,110.6
CL,30.09.10,105.1
CL,31.12.10,102.8
CL,31.03.11,102.7
CL,30.06.11,102.7
CL,30.09.11,106.6
CL,31.12.11,109.2
CL,31.03.12,108.7
CL,30.06.12,111.8
CL,30.09.12,111.7
CL,31.12.12,115.8
CL,31.03.13,115.6
CL,30.06.13,118.7
CL,30.09.13,120.5
CL,31.12.13,124.5
CL,31.03.14,127.3
CL,30.06.14,128.3
CL,30.09.14,133.1
CL,31.12.14,136.3
CL,31.03.15,136.4
CL,30.06.15,136.7
CL,30.09.15,145.6
CL,31.12.15,145.5
CL,31.03.16,143.5
CL,30.06.16,142.6
CL,30.09.16,142.5
CL,31.12.16,142.8
CL,31.03.17,142.6
CL,30.06.17,142.4
CL,30.09.17,139.9
CL,31.12.17,137.6
CL,31.03.18,136.6
CL,30.06.18,137.9
CL,30.09.18,139.9
CL,31.12.18,143.5
CL,31.03.19,143.4
CL,30.06.19,146.7
CL,30.09.19,151.9
CL,31.12.19,154
CL,31.03.20,159.9
CL,30.06.20,168
CL,30.09.20,167.4
CL,31.12.20,158
CL,31.03.21,156.3
CL,30.06.21,148.5
CL,30.09.21,148.1
CL,31.12.21,147.2
CL,31.03.22,141.1
CL,30.06.22,148.8
CL,30.09.22,151.1
CL,31.12.22,145.4
CL,31.03.23,138.1
CL,30.06.23,138
CL,30.09.23,141.8
CN,31.12.85,65.5
CN,31.03.86,64.4
CN,30.06.86,65.8
CN,30.09.86,66.6
CN,31.12.86,74.1
CN,31.03.87,74.8
CN,30.06.87,76.2
CN,30.09.87,77
CN,31.12.87,75.7
CN,31.03.88,74.2
CN,30.06.88,74.9
CN,30.09.88,73.8
CN,31.12.88,71.9
CN,31.03.89,69.9
CN,30.06.89,69.3
CN,30.09.89,70.1
CN,31.12.89,75.5
CN,31.03.90,76.3
CN,30.06.90,78.7
CN,30.09.90,82.2
CN,31.12.90,84.7
CN,31.03.91,83.5
CN,30.06.91,83.3
CN,30.09.91,84.8
CN,31.12.91,86
CN,31.03.92,82.4
CN,30.06.92,81.6
CN,30.09.92,78.8
CN,31.12.92,83.4
CN,31.03.93,86.9
CN,30.06.93,85.4
CN,30.09.93,82.9
CN,31.12.93,85.7
CN,31.03.94,82.8
CN,30.06.94,81.2
CN,30.09.94,79.4
CN,31.12.94,78.9
CN,31.03.95,77
CN,30.06.95,75.3
CN,30.09.95,75
CN,31.12.95,78.1
CN,31.03.96,76.9
CN,30.06.96,79
CN,30.09.96,78.4
CN,31.12.96,80.8
CN,31.03.97,83.8
CN,30.06.97,84.1
CN,30.09.97,85.3
CN,31.12.97,88.1
CN,31.03.98,87.5
CN,30.06.98,89.1
CN,30.09.98,92.5
CN,31.12.98,94.7
CN,31.03.99,94.8
CN,30.06.99,96.2
CN,30.09.99,97.8
CN,31.12.99,109
CN,31.03.00,108.9
CN,30.06.00,105.5
CN,30.09.00,106.6
CN,31.12.00,109.4
CN,31.03.01,99.7
CN,30.06.01,101.3
CN,30.09.01,100.9
CN,31.12.01,101.6
CN,31.03.02,110.3
CN,30.06.02,112.7
CN,30.09.02,114.6
CN,31.12.02,116
CN,31.03.03,119
CN,30.06.03,124.5
CN,30.09.03,126.5
CN,31.12.03,125
CN,31.03.04,128.1
CN,30.06.04,124.5
CN,30.09.04,122.2
CN,31.12.04,120.9
CN,31.03.05,119.5
CN,30.06.05,116.4
CN,30.09.05,115.5
CN,31.12.05,113.7
CN,31.03.06,117.1
CN,30.06.06,118.1
CN,30.09.06,116.8
CN,31.12.06,114.8
CN,31.03.07,116.5
CN,30.06.07,117.1
CN,30.09.07,116.2
CN,31.12.07,113.2
CN,31.03.08,113.7
CN,30.06.08,112.9
CN,30.09.08,112.4
CN,31.12.08,111.9
CN,31.03.09,124.7
CN,30.06.09,134.3
CN,30.09.09,138.8
CN,31.12.09,140.5
CN,31.03.10,143.6
CN,30.06.10,145.7
CN,30.09.10,145.6
CN,31.12.10,145.1
CN,31.03.11,145.4
CN,30.06.11,145.2
CN,30.09.11,143.7
CN,31.12.11,144.8
CN,31.03.12,148.2
CN,30.06.12,150.9
CN,30.09.12,154.4
CN,31.12.12,157.4
CN,31.03.13,163.6
CN,30.06.13,166.8
CN,30.09.13,169.9
CN,31.12.13,170.8
CN,31.03.14,175.4
CN,30.06.14,178.8
CN,30.09.14,179.4
CN,31.12.14,181.5
CN,31.03.15,185.9
CN,30.06.15,188.8
CN,30.09.15,192.3
CN,31.12.15,197.3
CN,31.03.16,201.8
CN,30.06.16,202.3
CN,30.09.16,202.7
CN,31.12.16,203.7
CN,31.03.17,206.5
CN,30.06.17,205.9
CN,30.09.17,205.8
CN,31.12.17,204.5
CN,31.03.18,205.3
CN,30.06.18,203.8
CN,30.09.18,202.3
CN,31.12.18,200.6
CN,31.03.19,204.9
CN,30.06.19,204.9
CN,30.09.19,205.5
CN,31.12.19,205.5
CN,31.03.20,217.4
CN,30.06.20,222.9
CN,30.09.20,224.6
CN,31.12.20,222.8
CN,31.03.21,221
CN,30.06.21,218.2
CN,30.09.21,216.4
CN,31.12.21,213.3
CN,31.03.22,217.3
CN,30.06.22,219.9
CN,30.09.22,220.5
CN,31.12.22,220.4
CN,31.03.23,228
CN,30.06.23,228.7
CN,30.09.23,229.5
CO,31.12.96,47.6
CO,31.03.97,49.2
CO,30.06.97,50.6
CO,30.09.97,52.7
CO,31.12.97,54.2
CO,31.03.98,53.9
CO,30.06.98,54.2
CO,30.09.98,55.5
CO,31.12.98,54.4
CO,31.03.99,54.7
CO,30.06.99,55.5
CO,30.09.99,55.1
CO,31.12.99,53.9
CO,31.03.00,50.9
CO,30.06.00,49.4
CO,30.09.00,48.1
CO,31.12.00,46.9
CO,31.03.01,46.3
CO,30.06.01,46.3
CO,30.09.01,46.1
CO,31.12.01,46
CO,31.03.02,45.7
CO,30.06.02,47.5
CO,30.09.02,47.9
CO,31.12.02,48.2
CO,31.03.03,46.6
CO,30.06.03,45.7
CO,30.09.03,44.8
CO,31.12.03,44
CO,31.03.04,42.9
CO,30.06.04,42.3
CO,30.09.04,41.4
CO,31.12.04,40.5
CO,31.03.05,39.9
CO,30.06.05,39.7
CO,30.09.05,39.2
CO,31.12.05,39.6
CO,31.03.06,39.4
CO,30.06.06,40.8
CO,30.09.06,41.1
CO,31.12.06,41.7
CO,31.03.07,41.7
CO,30.06.07,42.4
CO,30.09.07,43.1
CO,31.12.07,43.4
CO,31.03.08,42.8
CO,30.06.08,43
CO,30.09.08,43.2
CO,31.12.08,43.6
CO,31.03.09,43.8
CO,30.06.09,44.7
CO,30.09.09,44.6
CO,31.12.09,45.2
CO,31.03.10,44.9
CO,30.06.10,45.7
CO,30.09.10,47.1
CO,31.12.10,48.9
CO,31.03.11,49
CO,30.06.11,49.5
CO,30.09.11,50
CO,31.12.11,50.3
CO,31.03.12,49.3
CO,30.06.12,49.4
CO,30.09.12,49.6
CO,31.12.12,50.7
CO,31.03.13,51.3
CO,30.06.13,53
CO,30.09.13,53.8
CO,31.12.13,54.6
CO,31.03.14,55.4
CO,30.06.14,57.5
CO,30.09.14,58.5
CO,31.12.14,60.5
CO,31.03.15,62
CO,30.06.15,64.3
CO,30.09.15,66.4
CO,31.12.15,68
CO,31.03.16,66.9
CO,30.06.16,66.1
CO,30.09.16,65.4
CO,31.12.16,64.1
CO,31.03.17,63.4
CO,30.06.17,63.5
CO,30.09.17,62.7
CO,31.12.17,62.3
CO,31.03.18,61.9
CO,30.06.18,61.8
CO,30.09.18,61.3
CO,31.12.18,62
CO,31.03.19,61.2
CO,30.06.19,61.2
CO,30.09.19,61.4
CO,31.12.19,60.6
CO,31.03.20,63.3
CO,30.06.20,67.5
CO,30.09.20,68.9
CO,31.12.20,69.9
CO,31.03.21,69.8
CO,30.06.21,67.2
CO,30.09.21,65.4
CO,31.12.21,64.2
CO,31.03.22,63.1
CO,30.06.22,62.2
CO,30.09.22,61.1
CO,31.12.22,60.8
CO,31.03.23,59.3
CO,30.06.23,59
CO,30.09.23,58.8
CZ,31.03.93,92.4
CZ,30.06.93,92.7
CZ,30.09.93,91.5
CZ,31.12.93,90.2
CZ,31.03.94,88.8
CZ,30.06.94,89.1
CZ,30.09.94,88.3
CZ,31.12.94,88.7
CZ,31.03.95,85.1
CZ,30.06.95,83.6
CZ,30.09.95,82.1
CZ,31.12.95,80.2
CZ,31.03.96,81.1
CZ,30.06.96,82.1
CZ,30.09.96,80.9
CZ,31.12.96,80.4
CZ,31.03.97,90.6
CZ,30.06.97,91.6
CZ,30.09.97,89.3
CZ,31.12.97,88.9
CZ,31.03.98,86.9
CZ,30.06.98,83.7
CZ,30.09.98,80.9
CZ,31.12.98,76.7
CZ,31.03.99,78.9
CZ,30.06.99,78.1
CZ,30.09.99,78.7
CZ,31.12.99,75.6
CZ,31.03.00,71.9
CZ,30.06.00,71.4
CZ,30.09.00,73.6
CZ,31.12.00,71.5
CZ,31.03.01,73
CZ,30.06.01,74.6
CZ,30.09.01,65.4
CZ,31.12.01,64.5
CZ,31.03.02,64.1
CZ,30.06.02,63.3
CZ,30.09.02,64.5
CZ,31.12.02,66.6
CZ,31.03.03,65
CZ,30.06.03,62.5
CZ,30.09.03,60.9
CZ,31.12.03,60.2
CZ,31.03.04,61.9
CZ,30.06.04,61
CZ,30.09.04,60.5
CZ,31.12.04,59.1
CZ,31.03.05,59.5
CZ,30.06.05,60.4
CZ,30.09.05,60.5
CZ,31.12.05,60.4
CZ,31.03.06,62.2
CZ,30.06.06,63.2
CZ,30.09.06,63
CZ,31.12.06,64.6
CZ,31.03.07,65.1
CZ,30.06.07,65.8
CZ,30.09.07,67.7
CZ,31.12.07,69.3
CZ,31.03.08,70.2
CZ,30.06.08,71.8
CZ,30.09.08,74.1
CZ,31.12.08,76.6
CZ,31.03.09,76.2
CZ,30.06.09,77.6
CZ,30.09.09,78.9
CZ,31.12.09,80.7
CZ,31.03.10,81.2
CZ,30.06.10,82.2
CZ,30.09.10,82.1
CZ,31.12.10,82.3
CZ,31.03.11,82.5
CZ,30.06.11,83.7
CZ,30.09.11,84.5
CZ,31.12.11,85.5
CZ,31.03.12,85.5
CZ,30.06.12,87.1
CZ,30.09.12,88.4
CZ,31.12.12,90.5
CZ,31.03.13,91.3
CZ,30.06.13,92.9
CZ,30.09.13,93.1
CZ,31.12.13,93.1
CZ,31.03.14,92
CZ,30.06.14,91.8
CZ,30.09.14,91.1
CZ,31.12.14,90.9
CZ,31.03.15,89.6
CZ,30.06.15,88.1
CZ,30.09.15,87.3
CZ,31.12.15,86.7
CZ,31.03.16,85.8
CZ,30.06.16,86.4
CZ,30.09.16,87.4
CZ,31.12.16,87.9
CZ,31.03.17,88.5
CZ,30.06.17,88.2
CZ,30.09.17,88.1
CZ,31.12.17,88.4
CZ,31.03.18,88.5
CZ,30.06.18,89.9
CZ,30.09.18,90.8
CZ,31.12.18,91.5
CZ,31.03.19,90
CZ,30.06.19,88.8
CZ,30.09.19,87.9
CZ,31.12.19,86.1
CZ,31.03.20,86.2
CZ,30.06.20,88.1
CZ,30.09.20,89.1
CZ,31.12.20,89.4
CZ,31.03.21,89.9
CZ,30.06.21,87.9
CZ,30.09.21,86.9
CZ,31.12.21,86.7
CZ,31.03.22,85.9
CZ,30.06.22,84.7
CZ,30.09.22,85.8
CZ,31.12.22,83.3
CZ,31.03.23,80.6
CZ,30.06.23,79.7
CZ,30.09.23,79.7
DE,31.12.60,60.9
DE,31.03.61,61.4
DE,30.06.61,62.4
DE,30.09.61,63.5
DE,31.12.61,64.4
DE,31.03.62,64.7
DE,30.06.62,65.6
DE,30.09.62,66
DE,31.12.62,67.1
DE,31.03.63,67.9
DE,30.06.63,69.3
DE,30.09.63,69.7
DE,31.12.63,70.8
DE,31.03.64,70
DE,30.06.64,71
DE,30.09.64,71.6
DE,31.12.64,72.4
DE,31.03.65,72.5
DE,30.06.65,73.4
DE,30.09.65,73.6
DE,31.12.65,74.2
DE,31.03.66,74.3
DE,30.06.66,75.3
DE,30.09.66,75.2
DE,31.12.66,75.5
DE,31.03.67,75.7
DE,30.06.67,77
DE,30.09.67,78.1
DE,31.12.67,79.3
DE,31.03.68,79.5
DE,30.06.68,80.4
DE,30.09.68,80.4
DE,31.12.68,82.3
DE,31.03.69,82.3
DE,30.06.69,82.4
DE,30.09.69,82.3
DE,31.12.69,84.7
DE,31.03.70,83.8
DE,30.06.70,83.5
DE,30.09.70,82.8
DE,31.12.70,83.6
DE,31.03.71,82.3
DE,30.06.71,82.8
DE,30.09.71,83.6
DE,31.12.71,85.5
DE,31.03.72,85.3
DE,30.06.72,86.7
DE,30.09.72,86.9
DE,31.12.72,89
DE,31.03.73,89.2
DE,30.06.73,89.5
DE,30.09.73,89.5
DE,31.12.73,90.1
DE,31.03.74,89.7
DE,30.06.74,90.3
DE,30.09.74,90.3
DE,31.12.74,90.9
DE,31.03.75,90.2
DE,30.06.75,90.8
DE,30.09.75,91
DE,31.12.75,92.9
DE,31.03.76,91.6
DE,30.06.76,91.9
DE,30.09.76,91.7
DE,31.12.76,92.8
DE,31.03.77,91.7
DE,30.06.77,92.6
DE,30.09.77,92.9
DE,31.12.77,94.4
DE,31.03.78,92.8
DE,30.06.78,93.7
DE,30.09.78,93.7
DE,31.12.78,95.5
DE,31.03.79,95.1
DE,30.06.79,96.1
DE,30.09.79,95.9
DE,31.12.79,97.4
DE,31.03.80,96.1
DE,30.06.80,97.4
DE,30.09.80,97.9
DE,31.12.80,101.2
DE,31.03.81,102.1
DE,30.06.81,103.5
DE,30.09.81,104
DE,31.12.81,105.2
DE,31.03.82,104.2
DE,30.06.82,105.2
DE,30.09.82,106.2
DE,31.12.82,108.1
DE,31.03.83,106.6
DE,30.06.83,107.6
DE,30.09.83,108
DE,31.12.83,109.1
DE,31.03.84,107.6
DE,30.06.84,108.5
DE,30.09.84,108.7
DE,31.12.84,109.8
DE,31.03.85,109.7
DE,30.06.85,109.6
DE,30.09.85,108.8
DE,31.12.85,110.1
DE,31.03.86,108.8
DE,30.06.86,108.6
DE,30.09.86,107.8
DE,31.12.86,107.7
DE,31.03.87,106.6
DE,30.06.87,106.4
DE,30.09.87,107.3
DE,31.12.87,107.8
DE,31.03.88,106.5
DE,30.06.88,106.9
DE,30.09.88,106.6
DE,31.12.88,107.3
DE,31.03.89,106.2
DE,30.06.89,106.6
DE,30.09.89,106.6
DE,31.12.89,107.8
DE,31.03.90,107.7
DE,30.06.90,106.2
DE,30.09.90,105.7
DE,31.12.90,106.3
DE,31.03.91,105
DE,30.06.91,105.2
DE,30.09.91,106.6
DE,31.12.91,107.3
DE,31.03.92,107.2
DE,30.06.92,107.9
DE,30.09.92,108.2
DE,31.12.92,107.9
DE,31.03.93,109.7
DE,30.06.93,111.3
DE,30.09.93,113
DE,31.12.93,115.7
DE,31.03.94,113.5
DE,30.06.94,114.2
DE,30.09.94,115.2
DE,31.12.94,116.4
DE,31.03.95,112.8
DE,30.06.95,114
DE,30.09.95,114.3
DE,31.12.95,115.3
DE,31.03.96,116.1
DE,30.06.96,117.5
DE,30.09.96,118.6
DE,31.12.96,120.2
DE,31.03.97,120.6
DE,30.06.97,121.6
DE,30.09.97,122.1
DE,31.12.97,123.2
DE,31.03.98,123.2
DE,30.06.98,123.8
DE,30.09.98,125.1
DE,31.12.98,127.6
DE,31.03.99,125.3
DE,30.06.99,127.4
DE,30.09.99,128.7
DE,31.12.99,131.8
DE,31.03.00,133.4
DE,30.06.00,135.4
DE,30.09.00,135.1
DE,31.12.00,140.6
DE,31.03.01,141.2
DE,30.06.01,141.7
DE,30.09.01,142.3
DE,31.12.01,141.8
DE,31.03.02,141.5
DE,30.06.02,143.4
DE,30.09.02,143.8
DE,31.12.02,144.1
DE,31.03.03,144.5
DE,30.06.03,145.4
DE,30.09.03,145.2
DE,31.12.03,144.3
DE,31.03.04,141.4
DE,30.06.04,140.2
DE,30.09.04,139.2
DE,31.12.04,137.9
DE,31.03.05,136.7
DE,30.06.05,137.3
DE,30.09.05,137
DE,31.12.05,136.4
DE,31.03.06,136.7
DE,30.06.06,136.9
DE,30.09.06,136.3
DE,31.12.06,134.6
DE,31.03.07,132.1
DE,30.06.07,131.2
DE,30.09.07,129.5
DE,31.12.07,129.3
DE,31.03.08,128.1
DE,30.06.08,127.9
DE,30.09.08,128.2
DE,31.12.08,129.9
DE,31.03.09,131.4
DE,30.06.09,133
DE,30.09.09,133.3
DE,31.12.09,134
DE,31.03.10,132.8
DE,30.06.10,132.6
DE,30.09.10,131.7
DE,31.12.10,129.6
DE,31.03.11,125.5
DE,30.06.11,124.3
DE,30.09.11,124.8
DE,31.12.11,124.6
DE,31.03.12,124
DE,30.06.12,124.4
DE,30.09.12,124.2
DE,31.12.12,123.8
DE,31.03.13,123.6
DE,30.06.13,124.3
DE,30.09.13,124.4
DE,31.12.13,124.3
DE,31.03.14,123.5
DE,30.06.14,123.7
DE,30.09.14,122.6
DE,31.12.14,118.2
DE,31.03.15,118.9
DE,30.06.15,118.8
DE,30.09.15,118.7
DE,31.12.15,117.8
DE,31.03.16,118.3
DE,30.06.16,118.1
DE,30.09.16,118.3
DE,31.12.16,117.7
DE,31.03.17,118.7
DE,30.06.17,118.3
DE,30.09.17,118.1
DE,31.12.17,117.7
DE,31.03.18,118.6
DE,30.06.18,119.6
DE,30.09.18,120.6
DE,31.12.18,120
DE,31.03.19,121
DE,30.06.19,122
DE,30.09.19,122.2
DE,31.12.19,121.9
DE,31.03.20,123.1
DE,30.06.20,127.8
DE,30.09.20,129.6
DE,31.12.20,131
DE,31.03.21,132.7
DE,30.06.21,130.1
DE,30.09.21,129.6
DE,31.12.21,130.2
DE,31.03.22,128.8
DE,30.06.22,128.1
DE,30.09.22,129.2
DE,31.12.22,128
DE,31.03.23,126.4
DE,30.06.23,125.2
DE,30.09.23,123.6
DK,31.12.66,108.5
DK,31.03.67,109.8
DK,30.06.67,110.5
DK,30.09.67,110.9
DK,31.12.67,111
DK,31.03.68,111.9
DK,30.06.68,112.6
DK,30.09.68,113.1
DK,31.12.68,113.3
DK,31.03.69,114.3
DK,30.06.69,115.1
DK,30.09.69,115.8
DK,31.12.69,116.6
DK,31.03.70,116.9
DK,30.06.70,117.5
DK,30.09.70,118.1
DK,31.12.70,118.7
DK,31.03.71,118.8
DK,30.06.71,118.7
DK,30.09.71,118.5
DK,31.12.71,118
DK,31.03.72,119.4
DK,30.06.72,120.4
DK,30.09.72,121.1
DK,31.12.72,121.4
DK,31.03.73,123.2
DK,30.06.73,124.8
DK,30.09.73,126.3
DK,31.12.73,127.8
DK,31.03.74,128.8
DK,30.06.74,129.8
DK,30.09.74,131
DK,31.12.74,132.1
DK,31.03.75,132.9
DK,30.06.75,133.6
DK,30.09.75,133.9
DK,31.12.75,133.6
DK,31.03.76,132.6
DK,30.06.76,131.2
DK,30.09.76,129.9
DK,31.12.76,128.9
DK,31.03.77,129.2
DK,30.06.77,129.3
DK,30.09.77,128.7
DK,31.12.77,128.3
DK,31.03.78,127.7
DK,30.06.78,127
DK,30.09.78,126.7
DK,31.12.78,126.6
DK,31.03.79,126.2
DK,30.06.79,126.1
DK,30.09.79,126.3
DK,31.12.79,125.9
DK,31.03.80,124.9
DK,30.06.80,124.7
DK,30.09.80,125.3
DK,31.12.80,126
DK,31.03.81,127
DK,30.06.81,128.3
DK,30.09.81,126.4
DK,31.12.81,124.6
DK,31.03.82,123.1
DK,30.06.82,121.8
DK,30.09.82,119.3
DK,31.12.82,117.1
DK,31.03.83,115.7
DK,30.06.83,116.1
DK,30.09.83,115.8
DK,31.12.83,117.2
DK,31.03.84,117.9
DK,30.06.84,120.5
DK,30.09.84,119.7
DK,31.12.84,120.9
DK,31.03.85,121.7
DK,30.06.85,125
DK,30.09.85,125.2
DK,31.12.85,131.3
DK,31.03.86,131.8
DK,30.06.86,135.9
DK,30.09.86,139.8
DK,31.12.86,147.7
DK,31.03.87,149.5
DK,30.06.87,151.2
DK,30.09.87,152.2
DK,31.12.87,157.5
DK,31.03.88,154.7
DK,30.06.88,157
DK,30.09.88,156.2
DK,31.12.88,158.4
DK,31.03.89,155.6
DK,30.06.89,156.7
DK,30.09.89,154.9
DK,31.12.89,158.3
DK,31.03.90,156.1
DK,30.06.90,155
DK,30.09.90,153.1
DK,31.12.90,155.6
DK,31.03.91,152
DK,30.06.91,153.4
DK,30.09.91,150.3
DK,31.12.91,152.3
DK,31.03.92,151
DK,30.06.92,150.1
DK,30.09.92,147.7
DK,31.12.92,145.7
DK,31.03.93,144.4
DK,30.06.93,144.8
DK,30.09.93,145.5
DK,31.12.93,147.1
DK,31.03.94,147.2
DK,30.06.94,144.7
DK,30.09.94,140.8
DK,31.12.94,138
DK,31.03.95,137.4
DK,30.06.95,137.7
DK,30.09.95,137.2
DK,31.12.95,138.7
DK,31.03.96,140.8
DK,30.06.96,140.9
DK,30.09.96,141.1
DK,31.12.96,141.1
DK,31.03.97,141.8
DK,30.06.97,143.1
DK,30.09.97,144.7
DK,31.12.97,145.4
DK,31.03.98,145.5
DK,30.06.98,146.6
DK,30.09.98,146.7
DK,31.12.98,145
DK,31.03.99,150.5
DK,30.06.99,152.1
DK,30.09.99,151.2
DK,31.12.99,153.1
DK,31.03.00,159.1
DK,30.06.00,156.4
DK,30.09.00,161.3
DK,31.12.00,160.1
DK,31.03.01,160.5
DK,30.06.01,162.6
DK,30.09.01,165.4
DK,31.12.01,169.9
DK,31.03.02,168.6
DK,30.06.02,168.1
DK,30.09.02,170.4
DK,31.12.02,169.4
DK,31.03.03,174.3
DK,30.06.03,176.3
DK,30.09.03,178.3
DK,31.12.03,177.3
DK,31.03.04,182.8
DK,30.06.04,183.9
DK,30.09.04,186.2
DK,31.12.04,188.6
DK,31.03.05,195
DK,30.06.05,199.3
DK,30.09.05,203.4
DK,31.12.05,208.1
DK,31.03.06,211.6
DK,30.06.06,213.4
DK,30.09.06,219.8
DK,31.12.06,224.6
DK,31.03.07,227.1
DK,30.06.07,229.2
DK,30.09.07,232.7
DK,31.12.07,237.9
DK,31.03.08,239
DK,30.06.08,239.9
DK,30.09.08,241.2
DK,31.12.08,244.6
DK,31.03.09,249
DK,30.06.09,252.9
DK,30.09.09,257.9
DK,31.12.09,260.6
DK,31.03.10,262.5
DK,30.06.10,258.9
DK,30.09.10,254.3
DK,31.12.10,249.9
DK,31.03.11,249
DK,30.06.11,249.1
DK,30.09.11,254.7
DK,31.12.11,256.7
DK,31.03.12,258.9
DK,30.06.12,258.9
DK,30.09.12,255.8
DK,31.12.12,257.7
DK,31.03.13,255.6
DK,30.06.13,253.8
DK,30.09.13,252.8
DK,31.12.13,246.9
DK,31.03.14,246.8
DK,30.06.14,244.3
DK,30.09.14,248.7
DK,31.12.14,247.5
DK,31.03.15,247.5
DK,30.06.15,244.4
DK,30.09.15,246.4
DK,31.12.15,245.3
DK,31.03.16,244.8
DK,30.06.16,245.5
DK,30.09.16,247.1
DK,31.12.16,242.7
DK,31.03.17,239.9
DK,30.06.17,237
DK,30.09.17,235.7
DK,31.12.17,234.5
DK,31.03.18,234.5
DK,30.06.18,235.7
DK,30.09.18,235.3
DK,31.12.18,235.2
DK,31.03.19,239.1
DK,30.06.19,241.8
DK,30.09.19,245.3
DK,31.12.19,247.3
DK,31.03.20,245.8
DK,30.06.20,250.3
DK,30.09.20,236.7
DK,31.12.20,238
DK,31.03.21,238.4
DK,30.06.21,233.9
DK,30.09.21,232.3
DK,31.12.21,229
DK,31.03.22,225.1
DK,30.06.22,220.4
DK,30.09.22,219.6
DK,31.12.22,218.3
DK,31.03.23,215.8
DK,30.06.23,209.5
DK,30.09.23,214.2
ES,31.03.70,67
ES,30.06.70,67.3
ES,30.09.70,67.5
ES,31.12.70,69.7
ES,31.03.71,69.9
ES,30.06.71,70.5
ES,30.09.71,70.2
ES,31.12.71,71.7
ES,31.03.72,71.1
ES,30.06.72,72.2
ES,30.09.72,72.9
ES,31.12.72,74.9
ES,31.03.73,75.1
ES,30.06.73,76.5
ES,30.09.73,77.4
ES,31.12.73,78.6
ES,31.03.74,77.2
ES,30.06.74,77.3
ES,30.09.74,78.1
ES,31.12.74,80.1
ES,31.03.75,80.6
ES,30.06.75,81.5
ES,30.09.75,81.8
ES,31.12.75,83.4
ES,31.03.76,82.8
ES,30.06.76,84.1
ES,30.09.76,84.1
ES,31.12.76,85
ES,31.03.77,83.9
ES,30.06.77,82.8
ES,30.09.77,80.8
ES,31.12.77,80.3
ES,31.03.78,78.1
ES,30.06.78,77.1
ES,30.09.78,75.5
ES,31.12.78,75.2
ES,31.03.79,74.9
ES,30.06.79,74.5
ES,30.09.79,74.2
ES,31.12.79,74.9
ES,31.03.80,74.7
ES,30.06.80,74.9
ES,30.09.80,75.3
ES,31.12.80,76.7
ES,31.03.81,76.9
ES,30.06.81,78.1
ES,30.09.81,79
ES,31.12.81,81.5
ES,31.03.82,80.9
ES,30.06.82,81.4
ES,30.09.82,81.5
ES,31.12.82,82.6
ES,31.03.83,82.2
ES,30.06.83,82.1
ES,30.09.83,81
ES,31.12.83,82
ES,31.03.84,79.4
ES,30.06.84,79.6
ES,30.09.84,77.1
ES,31.12.84,79
ES,31.03.85,76.1
ES,30.06.85,76.3
ES,30.09.85,74.6
ES,31.12.85,75.3
ES,31.03.86,71.8
ES,30.06.86,71.5
ES,30.09.86,69.7
ES,31.12.86,70.6
ES,31.03.87,68.6
ES,30.06.87,68.9
ES,30.09.87,67.6
ES,31.12.87,69.2
ES,31.03.88,67.7
ES,30.06.88,68.3
ES,30.09.88,68.8
ES,31.12.88,72
ES,31.03.89,71.5
ES,30.06.89,74.2
ES,30.09.89,73.6
ES,31.12.89,75
ES,31.03.90,74.7
ES,30.06.90,75.8
ES,30.09.90,76
ES,31.12.90,75.6
ES,31.03.91,76.2
ES,30.06.91,77.1
ES,30.09.91,76.9
ES,31.12.91,77.5
ES,31.03.92,75.4
ES,30.06.92,76
ES,30.09.92,76.4
ES,31.12.92,77.9
ES,31.03.93,77.3
ES,30.06.93,78.3
ES,30.09.93,78
ES,31.12.93,78.6
ES,31.03.94,76.6
ES,30.06.94,76.3
ES,30.09.94,75.1
ES,31.12.94,74.8
ES,31.03.95,81.8
ES,30.06.95,81.5
ES,30.09.95,80.3
ES,31.12.95,79.8
ES,31.03.96,78.6
ES,30.06.96,79.3
ES,30.09.96,78.5
ES,31.12.96,79.5
ES,31.03.97,79.8
ES,30.06.97,81
ES,30.09.97,81.8
ES,31.12.97,82.7
ES,31.03.98,83.5
ES,30.06.98,86.1
ES,30.09.98,86.4
ES,31.12.98,88.7
ES,31.03.99,92.5
ES,30.06.99,99.3
ES,30.09.99,100.6
ES,31.12.99,103.7
ES,31.03.00,107.8
ES,30.06.00,111.7
ES,30.09.00,115.7
ES,31.12.00,117.9
ES,31.03.01,118.5
ES,30.06.01,121.6
ES,30.09.01,124.9
ES,31.12.01,126.8
ES,31.03.02,128.9
ES,30.06.02,130.3
ES,30.09.02,130.6
ES,31.12.02,133.4
ES,31.03.03,134.6
ES,30.06.03,137
ES,30.09.03,138.7
ES,31.12.03,143.3
ES,31.03.04,145.8
ES,30.06.04,150.5
ES,30.09.04,152.3
ES,31.12.04,156.7
ES,31.03.05,160
ES,30.06.05,165.8
ES,30.09.05,168
ES,31.12.05,173.6
ES,31.03.06,179.5
ES,30.06.06,184.5
ES,30.09.06,188.3
ES,31.12.06,194.8
ES,31.03.07,197.8
ES,30.06.07,205.5
ES,30.09.07,207.3
ES,31.12.07,209.3
ES,31.03.08,208.3
ES,30.06.08,211.4
ES,30.09.08,212.4
ES,31.12.08,214.2
ES,31.03.09,216.7
ES,30.06.09,219.3
ES,30.09.09,221.3
ES,31.12.09,222.8
ES,31.03.10,223.8
ES,30.06.10,226.8
ES,30.09.10,225.1
ES,31.12.10,224
ES,31.03.11,221.7
ES,30.06.11,221.7
ES,30.09.11,220.4
ES,31.12.11,219.6
ES,31.03.12,220.1
ES,30.06.12,220.4
ES,30.09.12,219.2
ES,31.12.12,211.5
ES,31.03.13,208.1
ES,30.06.13,206.4
ES,30.09.13,204.2
ES,31.12.13,202
ES,31.03.14,198.4
ES,30.06.14,197.2
ES,30.09.14,194.7
ES,31.12.14,189.8
ES,31.03.15,189.2
ES,30.06.15,184.9
ES,30.09.15,181.2
ES,31.12.15,177.8
ES,31.03.16,174.1
ES,30.06.16,174
ES,30.09.16,171.1
ES,31.12.16,169.1
ES,31.03.17,168.2
ES,30.06.17,166.4
ES,30.09.17,163.2
ES,31.12.17,159.8
ES,31.03.18,158.1
ES,30.06.18,158.4
ES,30.09.18,156.7
ES,31.12.18,154
ES,31.03.19,154.2
ES,30.06.19,153
ES,30.09.19,152.2
ES,31.12.19,149.7
ES,31.03.20,150.9
ES,30.06.20,163
ES,30.09.20,166.2
ES,31.12.20,170.2
ES,31.03.21,171.8
ES,30.06.21,168.6
ES,30.09.21,164.7
ES,31.12.21,160.9
ES,31.03.22,156.2
ES,30.06.22,152.8
ES,30.09.22,149.8
ES,31.12.22,144.5
ES,31.03.23,138.9
ES,30.06.23,135.1
ES,30.09.23,131.2
FI,31.12.70,89.3
FI,31.03.71,85.4
FI,30.06.71,82.6
FI,30.09.71,81.3
FI,31.12.71,81.1
FI,31.03.72,80.9
FI,30.06.72,81.5
FI,30.09.72,82.3
FI,31.12.72,83
FI,31.03.73,83.2
FI,30.06.73,83.9
FI,30.09.73,84
FI,31.12.73,83
FI,31.03.74,82.3
FI,30.06.74,80.7
FI,30.09.74,80.4
FI,31.12.74,79.9
FI,31.03.75,80.5
FI,30.06.75,80.5
FI,30.09.75,81.2
FI,31.12.75,82.4
FI,31.03.76,82.9
FI,30.06.76,83.7
FI,30.09.76,83.2
FI,31.12.76,83.9
FI,31.03.77,83.3
FI,30.06.77,84
FI,30.09.77,85.7
FI,31.12.77,88.8
FI,31.03.78,87.6
FI,30.06.78,87.5
FI,30.09.78,87.9
FI,31.12.78,89
FI,31.03.79,87
FI,30.06.79,85.9
FI,30.09.79,85.8
FI,31.12.79,87.4
FI,31.03.80,87.4
FI,30.06.80,88.2
FI,30.09.80,88
FI,31.12.80,87.3
FI,31.03.81,87
FI,30.06.81,87.5
FI,30.09.81,88.6
FI,31.12.81,89.3
FI,31.03.82,90.8
FI,30.06.82,92.1
FI,30.09.82,93.6
FI,31.12.82,93.4
FI,31.03.83,94.5
FI,30.06.83,94.7
FI,30.09.83,95.5
FI,31.12.83,94.4
FI,31.03.84,94
FI,30.06.84,93.9
FI,30.09.84,94.8
FI,31.12.84,95.4
FI,31.03.85,96.1
FI,30.06.85,95.9
FI,30.09.85,97
FI,31.12.85,99.5
FI,31.03.86,100.2
FI,30.06.86,102.5
FI,30.09.86,102.7
FI,31.12.86,102.4
FI,31.03.87,102
FI,30.06.87,103.2
FI,30.09.87,106
FI,31.12.87,108
FI,31.03.88,107.6
FI,30.06.88,108
FI,30.09.88,108
FI,31.12.88,114.2
FI,31.03.89,115
FI,30.06.89,116
FI,30.09.89,117
FI,31.12.89,115.5
FI,31.03.90,117.5
FI,30.06.90,122.2
FI,30.09.90,126.8
FI,31.12.90,128.9
FI,31.03.91,130.7
FI,30.06.91,133.6
FI,30.09.91,138.8
FI,31.12.91,141.8
FI,31.03.92,147.4
FI,30.06.92,153.4
FI,30.09.92,159.6
FI,31.12.92,163.6
FI,31.03.93,159.8
FI,30.06.93,156.2
FI,30.09.93,152.1
FI,31.12.93,145.4
FI,31.03.94,145.2
FI,30.06.94,143.1
FI,30.09.94,140
FI,31.12.94,136.8
FI,31.03.95,132.3
FI,30.06.95,127.7
FI,30.09.95,123.9
FI,31.12.95,118.4
FI,31.03.96,117
FI,30.06.96,116.8
FI,30.09.96,115.9
FI,31.12.96,115.2
FI,31.03.97,116.7
FI,30.06.97,117.4
FI,30.09.97,117.9
FI,31.12.97,116.6
FI,31.03.98,113.9
FI,30.06.98,111.8
FI,30.09.98,109.9
FI,31.12.98,108.7
FI,31.03.99,111.7
FI,30.06.99,114.6
FI,30.09.99,113.8
FI,31.12.99,112.3
FI,31.03.00,114.1
FI,30.06.00,115.5
FI,30.09.00,121.3
FI,31.12.00,121.7
FI,31.03.01,121.5
FI,30.06.01,121.9
FI,30.09.01,120.2
FI,31.12.01,117.4
FI,31.03.02,124.4
FI,30.06.02,123
FI,30.09.02,122.2
FI,31.12.02,119.5
FI,31.03.03,120
FI,30.06.03,123.1
FI,30.09.03,124
FI,31.12.03,125.4
FI,31.03.04,126.9
FI,30.06.04,129
FI,30.09.04,129.1
FI,31.12.04,128.9
FI,31.03.05,129.2
FI,30.06.05,132.4
FI,30.09.05,132.4
FI,31.12.05,133.9
FI,31.03.06,137.5
FI,30.06.06,140.7
FI,30.09.06,142
FI,31.12.06,140
FI,31.03.07,141.2
FI,30.06.07,143.1
FI,30.09.07,143.4
FI,31.12.07,144.8
FI,31.03.08,144.6
FI,30.06.08,148.9
FI,30.09.08,152.2
FI,31.12.08,156.1
FI,31.03.09,161.3
FI,30.06.09,167
FI,30.09.09,164.4
FI,31.12.09,165.2
FI,31.03.10,169.2
FI,30.06.10,172.6
FI,30.09.10,170.8
FI,31.12.10,167.2
FI,31.03.11,168
FI,30.06.11,167.8
FI,30.09.11,167.4
FI,31.12.11,168.2
FI,31.03.12,169.1
FI,30.06.12,169.7
FI,30.09.12,170.3
FI,31.12.12,171.5
FI,31.03.13,176.3
FI,30.06.13,176.2
FI,30.09.13,176
FI,31.12.13,176.2
FI,31.03.14,175.3
FI,30.06.14,175.5
FI,30.09.14,176
FI,31.12.14,182.5
FI,31.03.15,187.2
FI,30.06.15,190.7
FI,30.09.15,193.3
FI,31.12.15,189.4
FI,31.03.16,186.1
FI,30.06.16,184.4
FI,30.09.16,182
FI,31.12.16,179.5
FI,31.03.17,181.3
FI,30.06.17,183.1
FI,30.09.17,185.5
FI,31.12.17,186.8
FI,31.03.18,186.6
FI,30.06.18,187.6
FI,30.09.18,187.6
FI,31.12.18,185.9
FI,31.03.19,186.8
FI,30.06.19,185.4
FI,30.09.19,185.3
FI,31.12.19,183.7
FI,31.03.20,184.3
FI,30.06.20,188.6
FI,30.09.20,189.7
FI,31.12.20,191.3
FI,31.03.21,193.4
FI,30.06.21,191.9
FI,30.09.21,190.8
FI,31.12.21,189.2
FI,31.03.22,188.8
FI,30.06.22,187.2
FI,30.09.22,185.7
FI,31.12.22,187.1
FI,31.03.23,182.5
FI,30.06.23,182.5
FI,30.09.23,180.9
FR,31.12.69,92.6
FR,31.03.70,91.3
FR,30.06.70,90.9
FR,30.09.70,90.6
FR,31.12.70,95.7
FR,31.03.71,95.3
FR,30.06.71,96.3
FR,30.09.71,96.5
FR,31.12.71,99.7
FR,31.03.72,100
FR,30.06.72,102.6
FR,30.09.72,103
FR,31.12.72,106.1
FR,31.03.73,104.6
FR,30.06.73,106.2
FR,30.09.73,105.9
FR,31.12.73,107.1
FR,31.03.74,104.7
FR,30.06.74,103.6
FR,30.09.74,102.7
FR,31.12.74,105
FR,31.03.75,103.4
FR,30.06.75,102.7
FR,30.09.75,102.3
FR,31.12.75,105.8
FR,31.03.76,104.4
FR,30.06.76,103.6
FR,30.09.76,102.7
FR,31.12.76,104
FR,31.03.77,102.3
FR,30.06.77,102.1
FR,30.09.77,102.3
FR,31.12.77,104.2
FR,31.03.78,106.1
FR,30.06.78,103.9
FR,30.09.78,100.8
FR,31.12.78,101.5
FR,31.03.79,99.3
FR,30.06.79,99.1
FR,30.09.79,97.7
FR,31.12.79,99.6
FR,31.03.80,97.2
FR,30.06.80,98.9
FR,30.09.80,98.4
FR,31.12.80,100.2
FR,31.03.81,99.7
FR,30.06.81,99.1
FR,30.09.81,98.8
FR,31.12.81,99.9
FR,31.03.82,98.3
FR,30.06.82,98.3
FR,30.09.82,98
FR,31.12.82,101.1
FR,31.03.83,100.8
FR,30.06.83,101.5
FR,30.09.83,100.7
FR,31.12.83,103.5
FR,31.03.84,102.3
FR,30.06.84,103.4
FR,30.09.84,103.7
FR,31.12.84,105.2
FR,31.03.85,103.1
FR,30.06.85,103.3
FR,30.09.85,103
FR,31.12.85,105.1
FR,31.03.86,103.7
FR,30.06.86,103.5
FR,30.09.86,102.2
FR,31.12.86,102.3
FR,31.03.87,104.6
FR,30.06.87,105.4
FR,30.09.87,105.3
FR,31.12.87,106.3
FR,31.03.88,106.9
FR,30.06.88,107.8
FR,30.09.88,108.6
FR,31.12.88,111.9
FR,31.03.89,111
FR,30.06.89,113.6
FR,30.09.89,113.8
FR,31.12.89,116.7
FR,31.03.90,117.6
FR,30.06.90,118.3
FR,30.09.90,118.6
FR,31.12.90,123.7
FR,31.03.91,124.4
FR,30.06.91,125.5
FR,30.09.91,126
FR,31.12.91,128
FR,31.03.92,129.1
FR,30.06.92,129.6
FR,30.09.92,129
FR,31.12.92,132.4
FR,31.03.93,135.4
FR,30.06.93,137.6
FR,30.09.93,138.3
FR,31.12.93,137
FR,31.03.94,135.8
FR,30.06.94,133.6
FR,30.09.94,131.5
FR,31.12.94,132.3
FR,31.03.95,130.5
FR,30.06.95,131.6
FR,30.09.95,131
FR,31.12.95,130.8
FR,31.03.96,129.9
FR,30.06.96,129.7
FR,30.09.96,128.8
FR,31.12.96,129.6
FR,31.03.97,130.3
FR,30.06.97,130.6
FR,30.09.97,130
FR,31.12.97,129.8
FR,31.03.98,129.5
FR,30.06.98,129.1
FR,30.09.98,128.5
FR,31.12.98,127.9
FR,31.03.99,128.1
FR,30.06.99,130.6
FR,30.09.99,131.7
FR,31.12.99,133.4
FR,31.03.00,133.4
FR,30.06.00,134.9
FR,30.09.00,136.8
FR,31.12.00,137.7
FR,31.03.01,139.2
FR,30.06.01,141.2
FR,30.09.01,141.9
FR,31.12.01,142.8
FR,31.03.02,143.2
FR,30.06.02,143
FR,30.09.02,142.6
FR,31.12.02,143
FR,31.03.03,144.1
FR,30.06.03,144.4
FR,30.09.03,143.9
FR,31.12.03,142.6
FR,31.03.04,142.7
FR,30.06.04,144.3
FR,30.09.04,144.9
FR,31.12.04,145.3
FR,31.03.05,145.3
FR,30.06.05,147.6
FR,30.09.05,147.9
FR,31.12.05,149.3
FR,31.03.06,150
FR,30.06.06,151.6
FR,30.09.06,152.2
FR,31.12.06,153.3
FR,31.03.07,154
FR,30.06.07,156.3
FR,30.09.07,157
FR,31.12.07,156.9
FR,31.03.08,157.5
FR,30.06.08,160.5
FR,30.09.08,163
FR,31.12.08,164.2
FR,31.03.09,166.5
FR,30.06.09,168.8
FR,30.09.09,170.5
FR,31.12.09,172.1
FR,31.03.10,172.1
FR,30.06.10,171.7
FR,30.09.10,171.4
FR,31.12.10,172.6
FR,31.03.11,172.9
FR,30.06.11,175.4
FR,30.09.11,177.5
FR,31.12.11,178.8
FR,31.03.12,180.7
FR,30.06.12,182.6
FR,30.09.12,182.5
FR,31.12.12,182.9
FR,31.03.13,182.8
FR,30.06.13,181.4
FR,30.09.13,181.9
FR,31.12.13,181.1
FR,31.03.14,182.5
FR,30.06.14,184.6
FR,30.09.14,185.8
FR,31.12.14,186.8
FR,31.03.15,189.5
FR,30.06.15,189.8
FR,30.09.15,190.3
FR,31.12.15,192.4
FR,31.03.16,194.8
FR,30.06.16,197.2
FR,30.09.16,198.2
FR,31.12.16,199.4
FR,31.03.17,200.5
FR,30.06.17,200.7
FR,30.09.17,200.4
FR,31.12.17,200.7
FR,31.03.18,202.2
FR,30.06.18,204
FR,30.09.18,205.5
FR,31.12.18,206.5
FR,31.03.19,208.4
FR,30.06.19,210.6
FR,30.09.19,212.7
FR,31.12.19,213.1
FR,31.03.20,216.7
FR,30.06.20,232.2
FR,30.09.20,236.7
FR,31.12.20,240.6
FR,31.03.21,239.1
FR,30.06.21,232.1
FR,30.09.21,230.6
FR,31.12.21,229.3
FR,31.03.22,227.3
FR,30.06.22,225.7
FR,30.09.22,225.4
FR,31.12.22,224.3
FR,31.03.23,219.9
FR,30.06.23,217.2
FR,30.09.23,215.3
GB,31.03.63,55.4
GB,30.06.63,54.7
GB,30.09.63,53.9
GB,31.12.63,52.7
GB,31.03.64,60
GB,30.06.64,58.7
GB,30.09.64,57.5
GB,31.12.64,56.2
GB,31.03.65,62.7
GB,30.06.65,61.7
GB,30.09.65,60.4
GB,31.12.65,59.4
GB,31.03.66,58.5
GB,30.06.66,57.4
GB,30.09.66,63.5
GB,31.12.66,62.4
GB,31.03.67,61.3
GB,30.06.67,60.4
GB,30.09.67,63.4
GB,31.12.67,62.8
GB,31.03.68,61.6
GB,30.06.68,64.2
GB,30.09.68,62.6
GB,31.12.68,60.6
GB,31.03.69,59.5
GB,30.06.69,61.7
GB,30.09.69,60.5
GB,31.12.69,59.4
GB,31.03.70,58
GB,30.06.70,59.4
GB,30.09.70,57.5
GB,31.12.70,58.6
GB,31.03.71,56.9
GB,30.06.71,55.2
GB,30.09.71,56.2
GB,31.12.71,57.2
GB,31.03.72,60.6
GB,30.06.72,61.3
GB,30.09.72,64.7
GB,31.12.72,65
GB,31.03.73,64.2
GB,30.06.73,66.3
GB,30.09.73,66
GB,31.12.73,63.9
GB,31.03.74,65
GB,30.06.74,64.9
GB,30.09.74,64.1
GB,31.12.74,61.3
GB,31.03.75,59.5
GB,30.06.75,59.3
GB,30.09.75,56.5
GB,31.12.75,57.9
GB,31.03.76,57.7
GB,30.06.76,57.2
GB,30.09.76,57.4
GB,31.12.76,58.3
GB,31.03.77,56.3
GB,30.06.77,56.5
GB,30.09.77,55.9
GB,31.12.77,56
GB,31.03.78,55.9
GB,30.06.78,56.4
GB,30.09.78,55.6
GB,31.12.78,55.5
GB,31.03.79,56.1
GB,30.06.79,56.7
GB,30.09.79,56.2
GB,31.12.79,55.6
GB,31.03.80,56.8
GB,30.06.80,57.1
GB,30.09.80,56.8
GB,31.12.80,56.7
GB,31.03.81,56.5
GB,30.06.81,56.5
GB,30.09.81,58.1
GB,31.12.81,60.6
GB,31.03.82,61.1
GB,30.06.82,63.2
GB,30.09.82,64
GB,31.12.82,65.6
GB,31.03.83,66.4
GB,30.06.83,67.5
GB,30.09.83,67.8
GB,31.12.83,68.4
GB,31.03.84,70.6
GB,30.06.84,72.4
GB,30.09.84,73.4
GB,31.12.84,76
GB,31.03.85,77.4
GB,30.06.85,76.5
GB,30.09.85,78
GB,31.12.85,77.3
GB,31.03.86,79.9
GB,30.06.86,81.3
GB,30.09.86,81.9
GB,31.12.86,84.7
GB,31.03.87,86.5
GB,30.06.87,87.3
GB,30.09.87,88.6
GB,31.12.87,88.5
GB,31.03.88,90.8
GB,30.06.88,94.5
GB,30.09.88,97.2
GB,31.12.88,98.4
GB,31.03.89,101.3
GB,30.06.89,103.9
GB,30.09.89,106.1
GB,31.12.89,107
GB,31.03.90,112.6
GB,30.06.90,114.1
GB,30.09.90,113.8
GB,31.12.90,114.7
GB,31.03.91,115.3
GB,30.06.91,117.1
GB,30.09.91,116.3
GB,31.12.91,114.7
GB,31.03.92,113.9
GB,30.06.92,113
GB,30.09.92,112.4
GB,31.12.92,115.8
GB,31.03.93,113.2
GB,30.06.93,112.6
GB,30.09.93,112.8
GB,31.12.93,114.3
GB,31.03.94,112.1
GB,30.06.94,109.6
GB,30.09.94,109.5
GB,31.12.94,110.9
GB,31.03.95,109.9
GB,30.06.95,110.5
GB,30.09.95,109.9
GB,31.12.95,112
GB,31.03.96,109.2
GB,30.06.96,109.7
GB,30.09.96,109.4
GB,31.12.96,108.7
GB,31.03.97,108.2
GB,30.06.97,110
GB,30.09.97,112.1
GB,31.12.97,112
GB,31.03.98,113.6
GB,30.06.98,115.2
GB,30.09.98,118.9
GB,31.12.98,120
GB,31.03.99,123.1
GB,30.06.99,125.8
GB,30.09.99,126.8
GB,31.12.99,128.7
GB,31.03.00,130.1
GB,30.06.00,133.5
GB,30.09.00,135.2
GB,31.12.00,136
GB,31.03.01,139.5
GB,30.06.01,140.4
GB,30.09.01,141.7
GB,31.12.01,144.4
GB,31.03.02,146.5
GB,30.06.02,149.1
GB,30.09.02,154.5
GB,31.12.02,154.4
GB,31.03.03,152
GB,30.06.03,154.2
GB,30.09.03,154.7
GB,31.12.03,154.6
GB,31.03.04,154.4
GB,30.06.04,154.9
GB,30.09.04,157.4
GB,31.12.04,158.2
GB,31.03.05,158.7
GB,30.06.05,162.4
GB,30.09.05,164.2
GB,31.12.05,165.7
GB,31.03.06,166.6
GB,30.06.06,168.9
GB,30.09.06,172.2
GB,31.12.06,172.2
GB,31.03.07,170.7
GB,30.06.07,171.4
GB,30.09.07,174.6
GB,31.12.07,176
GB,31.03.08,179
GB,30.06.08,178.5
GB,30.09.08,179.2
GB,31.12.08,185.3
GB,31.03.09,185
GB,30.06.09,181.6
GB,30.09.09,185.3
GB,31.12.09,185.2
GB,31.03.10,186.3
GB,30.06.10,182.3
GB,30.09.10,181.8
GB,31.12.10,177
GB,31.03.11,175.7
GB,30.06.11,175.1
GB,30.09.11,174.1
GB,31.12.11,172.5
GB,31.03.12,174.6
GB,30.06.12,175.4
GB,30.09.12,175.5
GB,31.12.12,173.1
GB,31.03.13,171
GB,30.06.13,172.2
GB,30.09.13,169.7
GB,31.12.13,167.5
GB,31.03.14,164.7
GB,30.06.14,162.5
GB,30.09.14,161.3
GB,31.12.14,160
GB,31.03.15,160.4
GB,30.06.15,157
GB,30.09.15,157.5
GB,31.12.15,157.8
GB,31.03.16,158.4
GB,30.06.16,161.8
GB,30.09.16,164
GB,31.12.16,163.3
GB,31.03.17,163.8
GB,30.06.17,162.3
GB,30.09.17,163
GB,31.12.17,163.7
GB,31.03.18,161.3
GB,30.06.18,160.6
GB,30.09.18,159.1
GB,31.12.18,158.5
GB,31.03.19,156.1
GB,30.06.19,157.4
GB,30.09.19,158.7
GB,31.12.19,157
GB,31.03.20,160.4
GB,30.06.20,169.4
GB,30.09.20,173
GB,31.12.20,176.6
GB,31.03.21,177.5
GB,30.06.21,172.4
GB,30.09.21,168.4
GB,31.12.21,163.9
GB,31.03.22,157.4
GB,30.06.22,154.9
GB,30.09.22,154.2
GB,31.12.22,151.5
GB,31.03.23,150.1
GB,30.06.23,145.9
GB,30.09.23,144.9
GR,31.12.70,34.9
GR,31.03.71,35.4
GR,30.06.71,37
GR,30.09.71,37.6
GR,31.12.71,38.6
GR,31.03.72,38.9
GR,30.06.72,40.1
GR,30.09.72,40.6
GR,31.12.72,41.9
GR,31.03.73,40.9
GR,30.06.73,40.4
GR,30.09.73,39.1
GR,31.12.73,38.7
GR,31.03.74,37.9
GR,30.06.74,38.5
GR,30.09.74,39.1
GR,31.12.74,40.2
GR,31.03.75,40.3
GR,30.06.75,41.2
GR,30.09.75,41.6
GR,31.12.75,42
GR,31.03.76,41.5
GR,30.06.76,42.3
GR,30.09.76,42.5
GR,31.12.76,43.1
GR,31.03.77,43.2
GR,30.06.77,44.5
GR,30.09.77,44.9
GR,31.12.77,46.1
GR,31.03.78,46.4
GR,30.06.78,46.8
GR,30.09.78,45.9
GR,31.12.78,46.5
GR,31.03.79,45.7
GR,30.06.79,45.6
GR,30.09.79,44.7
GR,31.12.79,44.5
GR,31.03.80,44.5
GR,30.06.80,44
GR,30.09.80,43.7
GR,31.12.80,45.3
GR,31.03.81,45.4
GR,30.06.81,46.2
GR,30.09.81,47.2
GR,31.12.81,48.8
GR,31.03.82,47.2
GR,30.06.82,46.5
GR,30.09.82,46.8
GR,31.12.82,48.7
GR,31.03.83,47
GR,30.06.83,46.8
GR,30.09.83,46.1
GR,31.12.83,48.8
GR,31.03.84,46.7
GR,30.06.84,46.4
GR,30.09.84,45.8
GR,31.12.84,48.1
GR,31.03.85,47.4
GR,30.06.85,47.4
GR,30.09.85,46.7
GR,31.12.85,47.2
GR,31.03.86,46.5
GR,30.06.86,46.1
GR,30.09.86,44.6
GR,31.12.86,45
GR,31.03.87,44.5
GR,30.06.87,44
GR,30.09.87,43.4
GR,31.12.87,43.9
GR,31.03.88,43
GR,30.06.88,42.6
GR,30.09.88,41.2
GR,31.12.88,41.4
GR,31.03.89,41.1
GR,30.06.89,41.3
GR,30.09.89,40.4
GR,31.12.89,42.4
GR,31.03.90,42.6
GR,30.06.90,42.3
GR,30.09.90,40.8
GR,31.12.90,39.8
GR,31.03.91,39.3
GR,30.06.91,38.7
GR,30.09.91,37
GR,31.12.91,37.2
GR,31.03.92,35.8
GR,30.06.92,37.4
GR,30.09.92,37.2
GR,31.12.92,37
GR,31.03.93,36.4
GR,30.06.93,37.2
GR,30.09.93,36.8
GR,31.12.93,35.2
GR,31.03.94,34.3
GR,30.06.94,35.4
GR,30.09.94,34.4
GR,31.12.94,35.8
GR,31.03.95,34.8
GR,30.06.95,35.1
GR,30.09.95,35.2
GR,31.12.95,36
GR,31.03.96,36.2
GR,30.06.96,36.7
GR,30.09.96,36.8
GR,31.12.96,36.6
GR,31.03.97,37
GR,30.06.97,38.2
GR,30.09.97,38.3
GR,31.12.97,38.5
GR,31.03.98,40.7
GR,30.06.98,41
GR,30.09.98,40.7
GR,31.12.98,41.8
GR,31.03.99,43.6
GR,30.06.99,43.4
GR,30.09.99,44.2
GR,31.12.99,45.1
GR,31.03.00,46.9
GR,30.06.00,49.4
GR,30.09.00,51.9
GR,31.12.00,53.9
GR,31.03.01,55.9
GR,30.06.01,57.8
GR,30.09.01,59
GR,31.12.01,61.1
GR,31.03.02,61.5
GR,30.06.02,63.1
GR,30.09.02,63.5
GR,31.12.02,64.8
GR,31.03.03,65.2
GR,30.06.03,65.7
GR,30.09.03,67.6
GR,31.12.03,69
GR,31.03.04,69.1
GR,30.06.04,71.3
GR,30.09.04,72.1
GR,31.12.04,74.2
GR,31.03.05,76.6
GR,30.06.05,79.7
GR,30.09.05,81.9
GR,31.12.05,86.3
GR,31.03.06,86
GR,30.06.06,88.2
GR,30.09.06,90.5
GR,31.12.06,93.2
GR,31.03.07,93.8
GR,30.06.07,96.4
GR,30.09.07,98.7
GR,31.12.07,102.1
GR,31.03.08,105.5
GR,30.06.08,108.8
GR,30.09.08,112
GR,31.12.08,114
GR,31.03.09,114.7
GR,30.06.09,114.3
GR,30.09.09,116.3
GR,31.12.09,117.1
GR,31.03.10,117.8
GR,30.06.10,124.2
GR,30.09.10,124.7
GR,31.12.10,129.2
GR,31.03.11,131.2
GR,30.06.11,133.8
GR,30.09.11,135.9
GR,31.12.11,132.7
GR,31.03.12,133.1
GR,30.06.12,135.5
GR,30.09.12,135
GR,31.12.12,135.1
GR,31.03.13,134.8
GR,30.06.13,134.7
GR,30.09.13,134.3
GR,31.12.13,133.4
GR,31.03.14,133.5
GR,30.06.14,134.4
GR,30.09.14,133.8
GR,31.12.14,132.7
GR,31.03.15,132.3
GR,30.06.15,131.1
GR,30.09.15,129.8
GR,31.12.15,129.6
GR,31.03.16,129.5
GR,30.06.16,128.9
GR,30.09.16,127.3
GR,31.12.16,127.3
GR,31.03.17,126.2
GR,30.06.17,124.4
GR,30.09.17,122.1
GR,31.12.17,120.9
GR,31.03.18,120.2
GR,30.06.18,119.2
GR,30.09.18,119.2
GR,31.12.18,119.7
GR,31.03.19,115.2
GR,30.06.19,113.2
GR,30.09.19,111.2
GR,31.12.19,111.1
GR,31.03.20,112.4
GR,30.06.20,116.8
GR,30.09.20,122.5
GR,31.12.20,125.8
GR,31.03.21,128.9
GR,30.06.21,130.5
GR,30.09.21,126.2
GR,31.12.21,122.6
GR,31.03.22,118.4
GR,30.06.22,115.5
GR,30.09.22,111.3
GR,31.12.22,101.6
GR,31.03.23,99
GR,30.06.23,97.4
GR,30.09.23,96.2
HK,31.12.78,99.9
HK,31.03.79,100.9
HK,30.06.79,101.1
HK,30.09.79,99.6
HK,31.12.79,100.6
HK,31.03.80,94.6
HK,30.06.80,83.7
HK,30.09.80,100.4
HK,31.12.80,109.3
HK,31.03.81,114.7
HK,30.06.81,124.4
HK,30.09.81,126.9
HK,31.12.81,126.7
HK,31.03.82,132.5
HK,30.06.82,138.1
HK,30.09.82,140.7
HK,31.12.82,144.2
HK,31.03.83,148
HK,30.06.83,148.6
HK,30.09.83,157.1
HK,31.12.83,146.9
HK,31.03.84,141.8
HK,30.06.84,136.7
HK,30.09.84,131.4
HK,31.12.84,130.3
HK,31.03.85,127.4
HK,30.06.85,128.2
HK,30.09.85,129.5
HK,31.12.85,128.8
HK,31.03.86,133.2
HK,30.06.86,133.7
HK,30.09.86,134
HK,31.12.86,131.9
HK,31.03.87,135.4
HK,30.06.87,132.1
HK,30.09.87,135.9
HK,31.12.87,132.9
HK,31.03.88,130.8
HK,30.06.88,134.1
HK,30.09.88,134.9
HK,31.12.88,138.2
HK,31.03.89,148.3
HK,30.06.89,148.7
HK,30.09.89,153.6
HK,31.12.89,156.3
HK,31.03.90,155.8
HK,30.06.90,159.2
HK,30.09.90,159.7
HK,31.12.90,166.5
HK,31.03.91,162.7
HK,30.06.91,152
HK,30.09.91,151.9
HK,31.12.91,151.2
HK,31.03.92,148.8
HK,30.06.92,149.6
HK,30.09.92,148
HK,31.12.92,142.9
HK,31.03.93,147
HK,30.06.93,145.2
HK,30.09.93,146.9
HK,31.12.93,145.6
HK,31.03.94,147.6
HK,30.06.94,149.2
HK,30.09.94,148.4
HK,31.12.94,146.4
HK,31.03.95,148.8
HK,30.06.95,153.7
HK,30.09.95,154.1
HK,31.12.95,157.6
HK,31.03.96,159.3
HK,30.06.96,163.9
HK,30.09.96,164.2
HK,31.12.96,165.2
HK,31.03.97,170.7
HK,30.06.97,176.5
HK,30.09.97,181.1
HK,31.12.97,175.3
HK,31.03.98,173.2
HK,30.06.98,174.3
HK,30.09.98,176.2
HK,31.12.98,174.3
HK,31.03.99,172.6
HK,30.06.99,170.1
HK,30.09.99,168.8
HK,31.12.99,166.1
HK,31.03.00,163.9
HK,30.06.00,160.8
HK,30.09.00,165.9
HK,31.12.00,162.9
HK,31.03.01,164.1
HK,30.06.01,162.5
HK,30.09.01,163
HK,31.12.01,161.9
HK,31.03.02,163.2
HK,30.06.02,162.4
HK,30.09.02,162.1
HK,31.12.02,161
HK,31.03.03,160.8
HK,30.06.03,166
HK,30.09.03,166.7
HK,31.12.03,168.8
HK,31.03.04,171
HK,30.06.04,167
HK,30.09.04,166.9
HK,31.12.04,169.8
HK,31.03.05,171.6
HK,30.06.05,176.6
HK,30.09.05,173.2
HK,31.12.05,173.9
HK,31.03.06,172.7
HK,30.06.06,175.2
HK,30.09.06,175.1
HK,31.12.06,176.3
HK,31.03.07,178.7
HK,30.06.07,188.1
HK,30.09.07,194
HK,31.12.07,187.3
HK,31.03.08,190.9
HK,30.06.08,196.2
HK,30.09.08,197.9
HK,31.12.08,191.8
HK,31.03.09,186.3
HK,30.06.09,194.7
HK,30.09.09,197.9
HK,31.12.09,194.4
HK,31.03.10,200.1
HK,30.06.10,211.5
HK,30.09.10,224.4
HK,31.12.10,224.8
HK,31.03.11,236.8
HK,30.06.11,242.5
HK,30.09.11,244.6
HK,31.12.11,237.3
HK,31.03.12,238.9
HK,30.06.12,239.5
HK,30.09.12,239.8
HK,31.12.12,238.9
HK,31.03.13,246.6
HK,30.06.13,261.3
HK,30.09.13,265.7
HK,31.12.13,264.5
HK,31.03.14,278.6
HK,30.06.14,288.1
HK,30.09.14,292.9
HK,31.12.14,284
HK,31.03.15,293.2
HK,30.06.15,292.8
HK,30.09.15,286.2
HK,31.12.15,297.5
HK,31.03.16,295.9
HK,30.06.16,300.9
HK,30.09.16,301.9
HK,31.12.16,306.5
HK,31.03.17,316.7
HK,30.06.17,330.9
HK,30.09.17,335
HK,31.12.17,343.4
HK,31.03.18,349.4
HK,30.06.18,345.2
HK,30.09.18,332.7
HK,31.12.18,335.2
HK,31.03.19,335.7
HK,30.06.19,341.5
HK,30.09.19,346.1
HK,31.12.19,349.2
HK,31.03.20,367.4
HK,30.06.20,372.7
HK,30.09.20,392.3
HK,31.12.20,383.9
HK,31.03.21,388.5
HK,30.06.21,396.6
HK,30.09.21,381
HK,31.12.21,368.7
HK,31.03.22,381.3
HK,30.06.22,384.5
HK,30.09.22,375.1
HK,31.12.22,373.9
HK,31.03.23,377.3
HK,30.06.23,373.9
HK,30.09.23,365.7
HU,31.12.70,35.4
HU,31.03.71,36.3
HU,30.06.71,37.4
HU,30.09.71,38.4
HU,31.12.71,39.4
HU,31.03.72,39.2
HU,30.06.72,39.3
HU,30.09.72,39.4
HU,31.12.72,39.2
HU,31.03.73,39.3
HU,30.06.73,39.4
HU,30.09.73,39.5
HU,31.12.73,39.8
HU,31.03.74,40.7
HU,30.06.74,42
HU,30.09.74,43.4
HU,31.12.74,44.6
HU,31.03.75,44.8
HU,30.06.75,45.1
HU,30.09.75,45.3
HU,31.12.75,45.5
HU,31.03.76,46.4
HU,30.06.76,47.4
HU,30.09.76,48.5
HU,31.12.76,49.4
HU,31.03.77,50
HU,30.06.77,50.7
HU,30.09.77,51.4
HU,31.12.77,52
HU,31.03.78,52.9
HU,30.06.78,54.3
HU,30.09.78,55.6
HU,31.12.78,56.7
HU,31.03.79,57.1
HU,30.06.79,57.7
HU,30.09.79,58.2
HU,31.12.79,58.8
HU,31.03.80,58.9
HU,30.06.80,59.3
HU,30.09.80,59.8
HU,31.12.80,60.1
HU,31.03.81,60.2
HU,30.06.81,60.2
HU,30.09.81,60.3
HU,31.12.81,60.1
HU,31.03.82,60.2
HU,30.06.82,60.5
HU,30.09.82,60.8
HU,31.12.82,61.3
HU,31.03.83,62.7
HU,30.06.83,63.3
HU,30.09.83,63.7
HU,31.12.83,63.1
HU,31.03.84,64.8
HU,30.06.84,64
HU,30.09.84,63.8
HU,31.12.84,63.3
HU,31.03.85,64
HU,30.06.85,65.3
HU,30.09.85,64.8
HU,31.12.85,64.4
HU,31.03.86,65.3
HU,30.06.86,66.4
HU,30.09.86,67.1
HU,31.12.86,66.9
HU,31.03.87,67.5
HU,30.06.87,67.5
HU,30.09.87,67.3
HU,31.12.87,67.6
HU,31.03.88,66.5
HU,30.06.88,65.7
HU,30.09.88,65.3
HU,31.12.88,64.9
HU,31.03.89,66.2
HU,30.06.89,66
HU,30.09.89,66.8
HU,31.12.89,61.3
HU,31.03.90,59.7
HU,30.06.90,59.1
HU,30.09.90,59.4
HU,31.12.90,60
HU,31.03.91,57.9
HU,30.06.91,55.7
HU,30.09.91,55
HU,31.12.91,55.7
HU,31.03.92,52.9
HU,30.06.92,53
HU,30.09.92,51.9
HU,31.12.92,48.4
HU,31.03.93,48.3
HU,30.06.93,47.4
HU,30.09.93,46.7
HU,31.12.93,46.6
HU,31.03.94,46.2
HU,30.06.94,47.7
HU,30.09.94,48.7
HU,31.12.94,48.9
HU,31.03.95,47.7
HU,30.06.95,47.3
HU,30.09.95,47.2
HU,31.12.95,45
HU,31.03.96,43.8
HU,30.06.96,43.8
HU,30.09.96,44.6
HU,31.12.96,48.1
HU,31.03.97,47.2
HU,30.06.97,48.3
HU,30.09.97,48.5
HU,31.12.97,49.7
HU,31.03.98,49.3
HU,30.06.98,50.5
HU,30.09.98,51
HU,31.12.98,49.3
HU,31.03.99,50.5
HU,30.06.99,51.9
HU,30.09.99,52.6
HU,31.12.99,53.5
HU,31.03.00,54.6
HU,30.06.00,57.1
HU,30.09.00,58.8
HU,31.12.00,60.5
HU,31.03.01,61.9
HU,30.06.01,60.5
HU,30.09.01,61.9
HU,31.12.01,62.2
HU,31.03.02,60.5
HU,30.06.02,62.5
HU,30.09.02,62.6
HU,31.12.02,61.6
HU,31.03.03,63.2
HU,30.06.03,67.6
HU,30.09.03,67.1
HU,31.12.03,72
HU,31.03.04,71.8
HU,30.06.04,74.8
HU,30.09.04,75.1
HU,31.12.04,77.2
HU,31.03.05,80
HU,30.06.05,83.7
HU,30.09.05,85.9
HU,31.12.05,87.9
HU,31.03.06,88.1
HU,30.06.06,94.5
HU,30.09.06,94.2
HU,31.12.06,93.4
HU,31.03.07,93.2
HU,30.06.07,97.8
HU,30.09.07,101.8
HU,31.12.07,108.4
HU,31.03.08,110.4
HU,30.06.08,104.8
HU,30.09.08,110.2
HU,31.12.08,117.1
HU,31.03.09,134.9
HU,30.06.09,125.6
HU,30.09.09,124.4
HU,31.12.09,128.6
HU,31.03.10,128.1
HU,30.06.10,134.7
HU,30.09.10,127
HU,31.12.10,125.7
HU,31.03.11,119.2
HU,30.06.11,119.7
HU,30.09.11,124.5
HU,31.12.11,125.8
HU,31.03.12,119.9
HU,30.06.12,118.7
HU,30.09.12,114.1
HU,31.12.12,115.2
HU,31.03.13,117.8
HU,30.06.13,114.2
HU,30.09.13,111.4
HU,31.12.13,107.9
HU,31.03.14,107.3
HU,30.06.14,107
HU,30.09.14,105.6
HU,31.12.14,104.7
HU,31.03.15,99.6
HU,30.06.15,100
HU,30.09.15,95.9
HU,31.12.15,94.8
HU,31.03.16,93.7
HU,30.06.16,94.4
HU,30.09.16,89.8
HU,31.12.16,89.8
HU,31.03.17,88
HU,30.06.17,86.7
HU,30.09.17,85.8
HU,31.12.17,83.7
HU,31.03.18,82.8
HU,30.06.18,85.5
HU,30.09.18,83.7
HU,31.12.18,82.3
HU,31.03.19,82.1
HU,30.06.19,82.9
HU,30.09.19,82.1
HU,31.12.19,82.5
HU,31.03.20,86.1
HU,30.06.20,88.1
HU,30.09.20,90.4
HU,31.12.20,91.9
HU,31.03.21,96.9
HU,30.06.21,94.4
HU,30.09.21,97.2
HU,31.12.21,100.6
HU,31.03.22,101.2
HU,30.06.22,103.5
HU,30.09.22,107.1
HU,31.12.22,101.2
HU,31.03.23,98.5
HU,30.06.23,94.8
HU,30.09.23,94.2
ID,31.03.76,26.2
ID,30.06.76,26.4
ID,30.09.76,26.3
ID,31.12.76,26.1
ID,31.03.77,25.7
ID,30.06.77,25.2
ID,30.09.77,24.6
ID,31.12.77,23.8
ID,31.03.78,23.7
ID,30.06.78,24.1
ID,30.09.78,24.2
ID,31.12.78,26.9
ID,31.03.79,26.1
ID,30.06.79,24.9
ID,30.09.79,24.1
ID,31.12.79,21.9
ID,31.03.80,20
ID,30.06.80,19.5
ID,30.09.80,19.3
ID,31.12.80,19.3
ID,31.03.81,19.2
ID,30.06.81,19.9
ID,30.09.81,21.2
ID,31.12.81,22.3
ID,31.03.82,23.2
ID,30.06.82,27.6
ID,30.09.82,26.8
ID,31.12.82,26.9
ID,31.03.83,26.5
ID,30.06.83,25.2
ID,30.09.83,25.1
ID,31.12.83,24.9
ID,31.03.84,25.1
ID,30.06.84,25.4
ID,30.09.84,26.2
ID,31.12.84,26.5
ID,31.03.85,26.7
ID,30.06.85,27.2
ID,30.09.85,28.4
ID,31.12.85,29.4
ID,31.03.86,29.8
ID,30.06.86,31.4
ID,30.09.86,37.4
ID,31.12.86,37.2
ID,31.03.87,38
ID,30.06.87,37.8
ID,30.09.87,36.7
ID,31.12.87,37
ID,31.03.88,38.4
ID,30.06.88,39.1
ID,30.09.88,40.2
ID,31.12.88,41.8
ID,31.03.89,41.7
ID,30.06.89,43.2
ID,30.09.89,45.2
ID,31.12.89,46.7
ID,31.03.90,48.5
ID,30.06.90,53.8
ID,30.09.90,56.8
ID,31.12.90,59.3
ID,31.03.91,58.5
ID,30.06.91,58.4
ID,30.09.91,56.6
ID,31.12.91,58.8
ID,31.03.92,58.3
ID,30.06.92,58.8
ID,30.09.92,59.6
ID,31.12.92,58.4
ID,31.03.93,55.7
ID,30.06.93,56.4
ID,30.09.93,56.1
ID,31.12.93,55.2
ID,31.03.94,56.7
ID,30.06.94,57.3
ID,30.09.94,58.2
ID,31.12.94,59.5
ID,31.03.95,59.3
ID,30.06.95,59.6
ID,30.09.95,61
ID,31.12.95,62.1
ID,31.03.96,62.4
ID,30.06.96,65
ID,30.09.96,66.1
ID,31.12.96,67.1
ID,31.03.97,67.6
ID,30.06.97,69.9
ID,30.09.97,78.3
ID,31.12.97,83.5
ID,31.03.98,105
ID,30.06.98,137.8
ID,30.09.98,98.2
ID,31.12.98,74.6
ID,31.03.99,59.4
ID,30.06.99,38.5
ID,30.09.99,42.4
ID,31.12.99,34.5
ID,31.03.00,32.7
ID,30.06.00,33.7
ID,30.09.00,32.1
ID,31.12.00,31.8
ID,31.03.01,32.1
ID,30.06.01,32.3
ID,30.09.01,28.5
ID,31.12.01,28
ID,31.03.02,26.1
ID,30.06.02,25
ID,30.09.02,25.7
ID,31.12.02,26.2
ID,31.03.03,25.8
ID,30.06.03,24.9
ID,30.09.03,25.4
ID,31.12.03,26.3
ID,31.03.04,25.5
ID,30.06.04,28.3
ID,30.09.04,28.2
ID,31.12.04,28.9
ID,31.03.05,29.3
ID,30.06.05,30.1
ID,30.09.05,30.8
ID,31.12.05,29.1
ID,31.03.06,26.7
ID,30.06.06,26.9
ID,30.09.06,26.6
ID,31.12.06,27.1
ID,31.03.07,26.3
ID,30.06.07,25.3
ID,30.09.07,26
ID,31.12.07,28
ID,31.03.08,27.8
ID,30.06.08,28.7
ID,30.09.08,29.1
ID,31.12.08,29.2
ID,31.03.09,28.1
ID,30.06.09,27.2
ID,30.09.09,26.9
ID,31.12.09,27.4
ID,31.03.10,25.8
ID,30.06.10,27.4
ID,30.09.10,27.4
ID,31.12.10,28.7
ID,31.03.11,28.2
ID,30.06.11,29.5
ID,30.09.11,31
ID,31.12.11,32.1
ID,31.03.12,33
ID,30.06.12,34.6
ID,30.09.12,35.3
ID,31.12.12,36.8
ID,31.03.13,36.7
ID,30.06.13,38.4
ID,30.09.13,40.3
ID,31.12.13,41.2
ID,31.03.14,40
ID,30.06.14,41.1
ID,30.09.14,41.5
ID,31.12.14,42.1
ID,31.03.15,41.6
ID,30.06.15,42.5
ID,30.09.15,42.9
ID,31.12.15,43.2
ID,31.03.16,42.2
ID,30.06.16,42.6
ID,30.09.16,42.3
ID,31.12.16,43.1
ID,31.03.17,41.9
ID,30.06.17,42.1
ID,30.09.17,41.5
ID,31.12.17,42
ID,31.03.18,41.4
ID,30.06.18,42.4
ID,30.09.18,42.9
ID,31.12.18,43.1
ID,31.03.19,42.7
ID,30.06.19,42.8
ID,30.09.19,42.9
ID,31.12.19,42.9
ID,31.03.20,44.7
ID,30.06.20,43.7
ID,30.09.20,44.9
ID,31.12.20,44.2
ID,31.03.21,44.5
ID,30.06.21,43.6
ID,30.09.21,42.4
ID,31.12.21,41.8
ID,31.03.22,41.2
ID,30.06.22,41.7
ID,30.09.22,40.6
ID,31.12.22,40.1
ID,31.03.23,38.7
ID,30.06.23,38.9
ID,30.09.23,39.5
IE,30.06.71,80
IE,30.09.71,80.1
IE,31.12.71,79
IE,31.03.72,76.4
IE,30.06.72,73.5
IE,30.09.72,75.7
IE,31.12.72,73.4
IE,31.03.73,75.1
IE,30.06.73,72
IE,30.09.73,74.1
IE,31.12.73,75.7
IE,31.03.74,78.1
IE,30.06.74,79.1
IE,30.09.74,81.2
IE,31.12.74,84.5
IE,31.03.75,83.3
IE,30.06.75,80.1
IE,30.09.75,80.2
IE,31.12.75,79.3
IE,31.03.76,75.9
IE,30.06.76,74.4
IE,30.09.76,73.7
IE,31.12.76,74.2
IE,31.03.77,71.3
IE,30.06.77,69.5
IE,30.09.77,68.5
IE,31.12.77,69.5
IE,31.03.78,67.9
IE,30.06.78,66.5
IE,30.09.78,69.9
IE,31.12.78,75
IE,31.03.79,74.5
IE,30.06.79,76.1
IE,30.09.79,73.7
IE,31.12.79,75.5
IE,31.03.80,74.5
IE,30.06.80,73.9
IE,30.09.80,76.1
IE,31.12.80,79.6
IE,31.03.81,78.6
IE,30.06.81,80.3
IE,30.09.81,81.2
IE,31.12.81,82
IE,31.03.82,81.5
IE,30.06.82,79.9
IE,30.09.82,82.7
IE,31.12.82,77.3
IE,31.03.83,76.3
IE,30.06.83,76.5
IE,30.09.83,76.2
IE,31.12.83,79.2
IE,31.03.84,79.8
IE,30.06.84,79.4
IE,30.09.84,78
IE,31.12.84,77.9
IE,31.03.85,78.6
IE,30.06.85,78
IE,30.09.85,73.9
IE,31.12.85,77.4
IE,31.03.86,76.1
IE,30.06.86,74.3
IE,30.09.86,76.1
IE,31.12.86,76.4
IE,31.03.87,75.8
IE,30.06.87,77.9
IE,30.09.87,79
IE,31.12.87,78.2
IE,31.03.88,77.8
IE,30.06.88,78.5
IE,30.09.88,77.4
IE,31.12.88,75.5
IE,31.03.89,71.8
IE,30.06.89,71.9
IE,30.09.89,71.8
IE,31.12.89,70.9
IE,31.03.90,70.7
IE,30.06.90,71.4
IE,30.09.90,75.5
IE,31.12.90,76.7
IE,31.03.91,79.4
IE,30.06.91,81.4
IE,30.09.91,82.5
IE,31.12.91,82.7
IE,31.03.92,82.1
IE,30.06.92,82.5
IE,30.09.92,82.1
IE,31.12.92,86.8
IE,31.03.93,89.2
IE,30.06.93,87.2
IE,30.09.93,85.5
IE,31.12.93,89.1
IE,31.03.94,86.9
IE,30.06.94,86.1
IE,30.09.94,85
IE,31.12.94,87.2
IE,31.03.95,86.9
IE,30.06.95,87.3
IE,30.09.95,86.5
IE,31.12.95,88.7
IE,31.03.96,87.8
IE,30.06.96,88
IE,30.09.96,88
IE,31.12.96,87.9
IE,31.03.97,89
IE,30.06.97,94.4
IE,30.09.97,95.6
IE,31.12.97,97.1
IE,31.03.98,101.6
IE,30.06.98,102.8
IE,30.09.98,103.3
IE,31.12.98,106.1
IE,31.03.99,110.4
IE,30.06.99,118
IE,30.09.99,121.6
IE,31.12.99,128.2
IE,31.03.00,133
IE,30.06.00,128.1
IE,30.09.00,130.3
IE,31.12.00,128.8
IE,31.03.01,128.3
IE,30.06.01,129.8
IE,30.09.01,128.3
IE,31.12.01,134.7
IE,31.03.02,135.4
IE,30.06.02,137.3
IE,30.09.02,136.3
IE,31.12.02,132.7
IE,31.03.03,126.3
IE,30.06.03,129.5
IE,30.09.03,133.1
IE,31.12.03,141.5
IE,31.03.04,142.6
IE,30.06.04,141.8
IE,30.09.04,147.4
IE,31.12.04,159.2
IE,31.03.05,158.2
IE,30.06.05,160.8
IE,30.09.05,170.6
IE,31.12.05,176.6
IE,31.03.06,190.5
IE,30.06.06,203.1
IE,30.09.06,208.2
IE,31.12.06,214.2
IE,31.03.07,218.6
IE,30.06.07,221
IE,30.09.07,226.3
IE,31.12.07,227.4
IE,31.03.08,240.6
IE,30.06.08,253
IE,30.09.08,266
IE,31.12.08,283.2
IE,31.03.09,287.9
IE,30.06.09,291.6
IE,30.09.09,298.4
IE,31.12.09,302.8
IE,31.03.10,304.4
IE,30.06.10,301.6
IE,30.09.10,293.9
IE,31.12.10,310.2
IE,31.03.11,311.4
IE,30.06.11,308.6
IE,30.09.11,312.8
IE,31.12.11,315
IE,31.03.12,322.5
IE,30.06.12,327.3
IE,30.09.12,326.6
IE,31.12.12,314.7
IE,31.03.13,307.3
IE,30.06.13,299.1
IE,30.09.13,294
IE,31.12.13,297.3
IE,31.03.14,292.2
IE,30.06.14,293.7
IE,30.09.14,292
IE,31.12.14,300
IE,31.03.15,400.6
IE,30.06.15,364.9
IE,30.09.15,335.7
IE,31.12.15,322.1
IE,31.03.16,322.2
IE,30.06.16,322.2
IE,30.09.16,304
IE,31.12.16,304.6
IE,31.03.17,300.6
IE,30.06.17,287.3
IE,30.09.17,278.5
IE,31.12.17,268.1
IE,31.03.18,259
IE,30.06.18,260.1
IE,30.09.18,257.7
IE,31.12.18,264.7
IE,31.03.19,263.4
IE,30.06.19,258.3
IE,30.09.19,254.4
IE,31.12.19,235.2
IE,31.03.20,244.8
IE,30.06.20,243.6
IE,30.09.20,224.4
IE,31.12.20,215.7
IE,31.03.21,207.6
IE,30.06.21,197.6
IE,30.09.21,193.2
IE,31.12.21,192.2
IE,31.03.22,187.7
IE,30.06.22,184.5
IE,30.09.22,183.4
IE,31.12.22,172.8
IE,31.03.23,161.8
IE,30.06.23,159.3
IE,30.09.23,165.3
IL,31.12.90,75.7
IL,31.03.91,77.5
IL,30.06.91,76.4
IL,30.09.91,76.7
IL,31.12.91,76.5
IL,31.03.92,74.1
IL,30.06.92,73.8
IL,30.09.92,74.9
IL,31.12.92,78.5
IL,31.03.93,80.3
IL,30.06.93,81.7
IL,30.09.93,81.2
IL,31.12.93,85.9
IL,31.03.94,85.5
IL,30.06.94,86.9
IL,30.09.94,87.8
IL,31.12.94,90.2
IL,31.03.95,90.2
IL,30.06.95,88.2
IL,30.09.95,86.4
IL,31.12.95,88.2
IL,31.03.96,88.4
IL,30.06.96,90.1
IL,30.09.96,89.9
IL,31.12.96,90.6
IL,31.03.97,90.4
IL,30.06.97,93.8
IL,30.09.97,93.6
IL,31.12.97,95
IL,31.03.98,93.9
IL,30.06.98,95.8
IL,30.09.98,97.5
IL,31.12.98,102.4
IL,31.03.99,101.2
IL,30.06.99,101.6
IL,30.09.99,104.4
IL,31.12.99,106.8
IL,31.03.00,106.1
IL,30.06.00,106.2
IL,30.09.00,105.4
IL,31.12.00,106.9
IL,31.03.01,107.7
IL,30.06.01,108.7
IL,30.09.01,112.3
IL,31.12.01,115.5
IL,31.03.02,118.2
IL,30.06.02,121.6
IL,30.09.02,122.5
IL,31.12.02,120.1
IL,31.03.03,117.3
IL,30.06.03,114
IL,30.09.03,115
IL,31.12.03,116.4
IL,31.03.04,117.6
IL,30.06.04,117.8
IL,30.09.04,117.1
IL,31.12.04,116.1
IL,31.03.05,116.3
IL,30.06.05,119.7
IL,30.09.05,121.9
IL,31.12.05,121.3
IL,31.03.06,121.3
IL,30.06.06,119.6
IL,30.09.06,119
IL,31.12.06,121.5
IL,31.03.07,123.9
IL,30.06.07,128.4
IL,30.09.07,126.4
IL,31.12.07,126.4
IL,31.03.08,124.3
IL,30.06.08,125.1
IL,30.09.08,124
IL,31.12.08,120.5
IL,31.03.09,122.3
IL,30.06.09,121
IL,30.09.09,121.4
IL,31.12.09,121.6
IL,31.03.10,119.8
IL,30.06.10,121.6
IL,30.09.10,121.6
IL,31.12.10,121.1
IL,31.03.11,120.4
IL,30.06.11,119.4
IL,30.09.11,119.5
IL,31.12.11,118.4
IL,31.03.12,118.6
IL,30.06.12,117.2
IL,30.09.12,116.3
IL,31.12.12,116
IL,31.03.13,114.2
IL,30.06.13,113.2
IL,30.09.13,113
IL,31.12.13,112.1
IL,31.03.14,110.3
IL,30.06.14,110.7
IL,30.09.14,112.2
IL,31.12.14,110.1
IL,31.03.15,110.1
IL,30.06.15,107.9
IL,30.09.15,108.5
IL,31.12.15,109.1
IL,31.03.16,108.7
IL,30.06.16,110.2
IL,30.09.16,110.1
IL,31.12.16,110.3
IL,31.03.17,109.5
IL,30.06.17,109.8
IL,30.09.17,111.2
IL,31.12.17,109.8
IL,31.03.18,111.2
IL,30.06.18,111.3
IL,30.09.18,110.8
IL,31.12.18,110
IL,31.03.19,109.9
IL,30.06.19,110
IL,30.09.19,108.6
IL,31.12.19,109.4
IL,31.03.20,108
IL,30.06.20,108.9
IL,30.09.20,110.8
IL,31.12.20,112.9
IL,31.03.21,114.7
IL,30.06.21,113.7
IL,30.09.21,114.4
IL,31.12.21,114.9
IL,31.03.22,114.8
IL,30.06.22,116.1
IL,30.09.22,114.5
IL,31.12.22,113.4
IL,31.03.23,112.8
IL,30.06.23,112.8
IL,30.09.23,111.7
IN,30.06.51,24.9
IN,30.09.51,23.1
IN,31.12.51,22.7
IN,31.03.52,22.9
IN,30.06.52,23.1
IN,30.09.52,22.7
IN,31.12.52,22.6
IN,31.03.53,22.8
IN,30.06.53,22.4
IN,30.09.53,21.1
IN,31.12.53,21.2
IN,31.03.54,22.1
IN,30.06.54,22.5
IN,30.09.54,22.9
IN,31.12.54,24.1
IN,31.03.55,25.5
IN,30.06.55,26.3
IN,30.09.55,26.1
IN,31.12.55,26.5
IN,31.03.56,26.8
IN,30.06.56,25.8
IN,30.09.56,24
IN,31.12.56,23.8
IN,31.03.57,24.7
IN,30.06.57,25.5
IN,30.09.57,25
IN,31.12.57,25.4
IN,31.03.58,26.3
IN,30.06.58,25.7
IN,30.09.58,24.8
IN,31.12.58,25
IN,31.03.59,26
IN,30.06.59,26.5
IN,30.09.59,26.2
IN,31.12.59,26.6
IN,31.03.60,27.4
IN,30.06.60,27.3
IN,30.09.60,26
IN,31.12.60,25.4
IN,31.03.61,25.8
IN,30.06.61,25.3
IN,30.09.61,24.6
IN,31.12.61,24.9
IN,31.03.62,26
IN,30.06.62,26.3
IN,30.09.62,25.6
IN,31.12.62,25.5
IN,31.03.63,25.6
IN,30.06.63,25.5
IN,30.09.63,24.6
IN,31.12.63,24.6
IN,31.03.64,24.3
IN,30.06.64,24
IN,30.09.64,23.1
IN,31.12.64,23.1
IN,31.03.65,23.4
IN,30.06.65,24
IN,30.09.65,23.6
IN,31.12.65,24.2
IN,31.03.66,24.6
IN,30.06.66,24.8
IN,30.09.66,23.7
IN,31.12.66,23.8
IN,31.03.67,23.7
IN,30.06.67,23
IN,30.09.67,22
IN,31.12.67,22.2
IN,31.03.68,22.6
IN,30.06.68,23
IN,30.09.68,22.7
IN,31.12.68,23
IN,31.03.69,23.8
IN,30.06.69,24.4
IN,30.09.69,23.3
IN,31.12.69,23.7
IN,31.03.70,24.3
IN,30.06.70,25.3
IN,30.09.70,25.3
IN,31.12.70,26.2
IN,31.03.71,27.3
IN,30.06.71,26.8
IN,30.09.71,26.7
IN,31.12.71,27.9
IN,31.03.72,28.4
IN,30.06.72,28.9
IN,30.09.72,27.8
IN,31.12.72,28.8
IN,31.03.73,30.1
IN,30.06.73,29.4
IN,30.09.73,28
IN,31.12.73,29.6
IN,31.03.74,29.5
IN,30.06.74,29.5
IN,30.09.74,28.2
IN,31.12.74,28.6
IN,31.03.75,30.2
IN,30.06.75,30.4
IN,30.09.75,30.6
IN,31.12.75,32.6
IN,31.03.76,34.9
IN,30.06.76,35.4
IN,30.09.76,36.2
IN,31.12.76,39
IN,31.03.77,38.8
IN,30.06.77,37.8
IN,30.09.77,37.6
IN,31.12.77,38.9
IN,31.03.78,38.7
IN,30.06.78,39.6
IN,30.09.78,39.6
IN,31.12.78,43.2
IN,31.03.79,43.1
IN,30.06.79,44.2
IN,30.09.79,45
IN,31.12.79,46.6
IN,31.03.80,46.6
IN,30.06.80,45.1
IN,30.09.80,43.7
IN,31.12.80,45.6
IN,31.03.81,46.4
IN,30.06.81,45.8
IN,30.09.81,45.1
IN,31.12.81,47.2
IN,31.03.82,47.4
IN,30.06.82,46.9
IN,30.09.82,46.7
IN,31.12.82,50.6
IN,31.03.83,50
IN,30.06.83,48.9
IN,30.09.83,48.3
IN,31.12.83,50.5
IN,31.03.84,51
IN,30.06.84,51.3
IN,30.09.84,50.5
IN,31.12.84,53.3
IN,31.03.85,53.6
IN,30.06.85,52.2
IN,30.09.85,52.1
IN,31.12.85,53.3
IN,31.03.86,55.8
IN,30.06.86,54.2
IN,30.09.86,53.4
IN,31.12.86,54.4
IN,31.03.87,57.2
IN,30.06.87,54.7
IN,30.09.87,54.2
IN,31.12.87,54.6
IN,31.03.88,57.4
IN,30.06.88,54.8
IN,30.09.88,54.1
IN,31.12.88,57.2
IN,31.03.89,57.3
IN,30.06.89,57.2
IN,30.09.89,56.3
IN,31.12.89,57.8
IN,31.03.90,58.7
IN,30.06.90,57.6
IN,30.09.90,56
IN,31.12.90,56.7
IN,31.03.91,56.7
IN,30.06.91,54.9
IN,30.09.91,53.1
IN,31.12.91,53.1
IN,31.03.92,53.9
IN,30.06.92,54.6
IN,30.09.92,54.7
IN,31.12.92,55.7
IN,31.03.93,56.9
IN,30.06.93,55.3
IN,30.09.93,52.8
IN,31.12.93,52.8
IN,31.03.94,52.6
IN,30.06.94,50.6
IN,30.09.94,51.6
IN,31.12.94,51.8
IN,31.03.95,54.9
IN,30.06.95,53
IN,30.09.95,53.9
IN,31.12.95,53.8
IN,31.03.96,56.1
IN,30.06.96,54
IN,30.09.96,53
IN,31.12.96,52.6
IN,31.03.97,54.5
IN,30.06.97,52.5
IN,30.09.97,51.9
IN,31.12.97,53.3
IN,31.03.98,56.6
IN,30.06.98,55
IN,30.09.98,54.7
IN,31.12.98,54
IN,31.03.99,57.2
IN,30.06.99,54.6
IN,30.09.99,55.1
IN,31.12.99,57.8
IN,31.03.00,58.8
IN,30.06.00,59.9
IN,30.09.00,59.8
IN,31.12.00,61.8
IN,31.03.01,62.8
IN,30.06.01,62.3
IN,30.09.01,62.4
IN,31.12.01,63.5
IN,31.03.02,65.3
IN,30.06.02,68.8
IN,30.09.02,68.6
IN,31.12.02,69.8
IN,31.03.03,71.6
IN,30.06.03,70.5
IN,30.09.03,69
IN,31.12.03,70
IN,31.03.04,72.9
IN,30.06.04,72.5
IN,30.09.04,73.1
IN,31.12.04,77.4
IN,31.03.05,79.8
IN,30.06.05,80.7
IN,30.09.05,85.4
IN,31.12.05,86.6
IN,31.03.06,94
IN,30.06.06,92.6
IN,30.09.06,96
IN,31.12.06,96.2
IN,31.03.07,102
IN,30.06.07,97.5
IN,30.09.07,99.9
IN,31.12.07,101
IN,31.03.08,107.7
IN,30.06.08,105.2
IN,30.09.08,107.4
IN,31.12.08,108
IN,31.03.09,112
IN,30.06.09,108.7
IN,30.09.09,110.2
IN,31.12.09,108.3
IN,31.03.10,111.9
IN,30.06.10,109.8
IN,30.09.10,109.1
IN,31.12.10,113.6
IN,31.03.11,113.2
IN,30.06.11,110.9
IN,30.09.11,110
IN,31.12.11,113.1
IN,31.03.12,113
IN,30.06.12,110.6
IN,30.09.12,111.6
IN,31.12.12,113.1
IN,31.03.13,110.2
IN,30.06.13,108.3
IN,30.09.13,106
IN,31.12.13,104.1
IN,31.03.14,104.2
IN,30.06.14,103.2
IN,30.09.14,104.2
IN,31.12.14,105.9
IN,31.03.15,104.3
IN,30.06.15,101.8
IN,30.09.15,102
IN,31.12.15,101.6
IN,31.03.16,97.4
IN,30.06.16,95.7
IN,30.09.16,90.3
IN,31.12.16,90.8
IN,31.03.17,88
IN,30.06.17,90.1
IN,30.09.17,89.7
IN,31.12.17,92.8
IN,31.03.18,88.4
IN,30.06.18,86.6
IN,30.09.18,84.5
IN,31.12.18,83.8
IN,31.03.19,84.1
IN,30.06.19,85.4
IN,30.09.19,87.8
IN,31.12.19,91.5
IN,31.03.20,93.6
IN,30.06.20,97.8
IN,30.09.20,98.6
IN,31.12.20,99.4
IN,31.03.21,100.5
IN,30.06.21,93.6
IN,30.09.21,90.6
IN,31.12.21,89.1
IN,31.03.22,91.7
IN,30.06.22,88.2
IN,30.09.22,88
IN,31.12.22,90.1
IN,31.03.23,90.3
IN,30.06.23,92.9
IN,30.09.23,91.9
IT,31.12.60,53.6
IT,31.03.61,55
IT,30.06.61,56.1
IT,30.09.61,57.2
IT,31.12.61,57.9
IT,31.03.62,59.3
IT,30.06.62,60.5
IT,30.09.62,61.8
IT,31.12.62,62.9
IT,31.03.63,64.3
IT,30.06.63,65.4
IT,30.09.63,66.2
IT,31.12.63,66.9
IT,31.03.64,66.1
IT,30.06.64,65.9
IT,30.09.64,66
IT,31.12.64,66.4
IT,31.03.65,67.2
IT,30.06.65,67.7
IT,30.09.65,67.9
IT,31.12.65,68
IT,31.03.66,68.8
IT,30.06.66,69.6
IT,30.09.66,70.1
IT,31.12.66,70.8
IT,31.03.67,71.5
IT,30.06.67,72.1
IT,30.09.67,72.8
IT,31.12.67,73.3
IT,31.03.68,74
IT,30.06.68,74.8
IT,30.09.68,75.3
IT,31.12.68,75.7
IT,31.03.69,76.2
IT,30.06.69,76.5
IT,30.09.69,76.8
IT,31.12.69,77.8
IT,31.03.70,78.2
IT,30.06.70,78.3
IT,30.09.70,78.2
IT,31.12.70,77.6
IT,31.03.71,78.2
IT,30.06.71,79.4
IT,30.09.71,80.7
IT,31.12.71,81.8
IT,31.03.72,82.8
IT,30.06.72,83.8
IT,30.09.72,84.9
IT,31.12.72,85.8
IT,31.03.73,86.8
IT,30.06.73,86.3
IT,30.09.73,84.7
IT,31.12.73,83.1
IT,31.03.74,81.8
IT,30.06.74,80.5
IT,30.09.74,79.1
IT,31.12.74,77.9
IT,31.03.75,77.7
IT,30.06.75,78
IT,30.09.75,78.6
IT,31.12.75,78.8
IT,31.03.76,78.3
IT,30.06.76,74.4
IT,30.09.76,72.9
IT,31.12.76,71.8
IT,31.03.77,70.3
IT,30.06.77,68.5
IT,30.09.77,67.6
IT,31.12.77,68.2
IT,31.03.78,64.1
IT,30.06.78,61.3
IT,30.09.78,60.8
IT,31.12.78,62.3
IT,31.03.79,60.3
IT,30.06.79,58.4
IT,30.09.79,57.4
IT,31.12.79,59.2
IT,31.03.80,57
IT,30.06.80,57
IT,30.09.80,54.7
IT,31.12.80,58.2
IT,31.03.81,57.7
IT,30.06.81,57
IT,30.09.81,55.9
IT,31.12.81,57.8
IT,31.03.82,55.1
IT,30.06.82,53.7
IT,30.09.82,53.4
IT,31.12.82,55.5
IT,31.03.83,54
IT,30.06.83,52.6
IT,30.09.83,51.4
IT,31.12.83,53.9
IT,31.03.84,53.5
IT,30.06.84,54.1
IT,30.09.84,55
IT,31.12.84,57.8
IT,31.03.85,56.9
IT,30.06.85,55.8
IT,30.09.85,54.3
IT,31.12.85,57.8
IT,31.03.86,54
IT,30.06.86,54.1
IT,30.09.86,53.8
IT,31.12.86,57.7
IT,31.03.87,56.6
IT,30.06.87,57.2
IT,30.09.87,54.9
IT,31.12.87,58.9
IT,31.03.88,56.7
IT,30.06.88,58.4
IT,30.09.88,57.3
IT,31.12.88,61.4
IT,31.03.89,60.4
IT,30.06.89,62.2
IT,30.09.89,60.5
IT,31.12.89,65.1
IT,31.03.90,62.7
IT,30.06.90,63.5
IT,30.09.90,61.6
IT,31.12.90,68
IT,31.03.91,64.7
IT,30.06.91,67
IT,30.09.91,66.1
IT,31.12.91,70.4
IT,31.03.92,69.4
IT,30.06.92,70.8
IT,30.09.92,70.8
IT,31.12.92,74.5
IT,31.03.93,73.9
IT,30.06.93,74
IT,30.09.93,72.7
IT,31.12.93,74.9
IT,31.03.94,71.5
IT,30.06.94,71.3
IT,30.09.94,69.2
IT,31.12.94,71.5
IT,31.03.95,70.3
IT,30.06.95,70.8
IT,30.09.95,69.3
IT,31.12.95,69.8
IT,31.03.96,68.4
IT,30.06.96,68.2
IT,30.09.96,67.2
IT,31.12.96,68.2
IT,31.03.97,67.2
IT,30.06.97,67.7
IT,30.09.97,66.6
IT,31.12.97,67.7
IT,31.03.98,67.1
IT,30.06.98,67.5
IT,30.09.98,66.6
IT,31.12.98,68.3
IT,31.03.99,68.5
IT,30.06.99,71.9
IT,30.09.99,72.6
IT,31.12.99,75.6
IT,31.03.00,75.1
IT,30.06.00,75.8
IT,30.09.00,76.5
IT,31.12.00,79.3
IT,31.03.01,79.8
IT,30.06.01,80.7
IT,30.09.01,80.8
IT,31.12.01,82.8
IT,31.03.02,82.9
IT,30.06.02,83.9
IT,30.09.02,83.7
IT,31.12.02,85.3
IT,31.03.03,85.5
IT,30.06.03,86.9
IT,30.09.03,86.7
IT,31.12.03,89.4
IT,31.03.04,89
IT,30.06.04,90.8
IT,30.09.04,91.2
IT,31.12.04,93.5
IT,31.03.05,94.5
IT,30.06.05,96.1
IT,30.09.05,96.6
IT,31.12.05,99
IT,31.03.06,100.1
IT,30.06.06,102
IT,30.09.06,102.7
IT,31.12.06,105.1
IT,31.03.07,105.8
IT,30.06.07,108.4
IT,30.09.07,109.3
IT,31.12.07,113
IT,31.03.08,116.5
IT,30.06.08,116.8
IT,30.09.08,116.8
IT,31.12.08,116.5
IT,31.03.09,119.9
IT,30.06.09,123.9
IT,30.09.09,124.4
IT,31.12.09,125.1
IT,31.03.10,125.4
IT,30.06.10,125.8
IT,30.09.10,125.8
IT,31.12.10,125.8
IT,31.03.11,125.7
IT,30.06.11,125.9
IT,30.09.11,125.4
IT,31.12.11,124.7
IT,31.03.12,125.2
IT,30.06.12,125.9
IT,30.09.12,125.9
IT,31.12.12,126.9
IT,31.03.13,126.2
IT,30.06.13,125.9
IT,30.09.13,125.6
IT,31.12.13,125
IT,31.03.14,124.7
IT,30.06.14,124.7
IT,30.09.14,124.3
IT,31.12.14,123
IT,31.03.15,123.1
IT,30.06.15,122.3
IT,30.09.15,121.3
IT,31.12.15,119
IT,31.03.16,117.5
IT,30.06.16,117.7
IT,30.09.16,116.9
IT,31.12.16,114.9
IT,31.03.17,114.7
IT,30.06.17,113.7
IT,30.09.17,112
IT,31.12.17,112.1
IT,31.03.18,111.1
IT,30.06.18,111.2
IT,30.09.18,110.8
IT,31.12.18,110.4
IT,31.03.19,109.6
IT,30.06.19,109.7
IT,30.09.19,109.8
IT,31.12.19,109.4
IT,31.03.20,111.1
IT,30.06.20,116.9
IT,30.09.20,120
IT,31.12.20,122.3
IT,31.03.21,121.9
IT,30.06.21,117.5
IT,30.09.21,115.2
IT,31.12.21,114.9
IT,31.03.22,112.4
IT,30.06.22,110.7
IT,30.09.22,109.7
IT,31.12.22,108.5
IT,31.03.23,106.1
IT,30.06.23,105.2
IT,30.09.23,102.8
JP,31.12.64,110.8
JP,31.03.65,111.6
JP,30.06.65,111.5
JP,30.09.65,114
JP,31.12.65,117.8
JP,31.03.66,118.2
JP,30.06.66,116.4
JP,30.09.66,117.5
JP,31.12.66,118.4
JP,31.03.67,117.5
JP,30.06.67,117
JP,30.09.67,118
JP,31.12.67,119.2
JP,31.03.68,118.1
JP,30.06.68,116.7
JP,30.09.68,116.7
JP,31.12.68,116.9
JP,31.03.69,116.4
JP,30.06.69,116
JP,30.09.69,116.5
JP,31.12.69,118.8
JP,31.03.70,116.4
JP,30.06.70,115.6
JP,30.09.70,116.1
JP,31.12.70,118.8
JP,31.03.71,120
JP,30.06.71,122.3
JP,30.09.71,126.2
JP,31.12.71,131.9
JP,31.03.72,132.7
JP,30.06.72,133.3
JP,30.09.72,136.4
JP,31.12.72,140.8
JP,31.03.73,140.4
JP,30.06.73,139.2
JP,30.09.73,139.1
JP,31.12.73,139.3
JP,31.03.74,137.5
JP,30.06.74,135
JP,30.09.74,132.7
JP,31.12.74,133.1
JP,31.03.75,132
JP,30.06.75,132.1
JP,30.09.75,134.1
JP,31.12.75,137.4
JP,31.03.76,137.1
JP,30.06.76,136.5
JP,30.09.76,136.8
JP,31.12.76,138.5
JP,31.03.77,137.1
JP,30.06.77,135.7
JP,30.09.77,136.1
JP,31.12.77,137
JP,31.03.78,135.6
JP,30.06.78,134
JP,30.09.78,134.1
JP,31.12.78,136
JP,31.03.79,134.6
JP,30.06.79,134
JP,30.09.79,135.7
JP,31.12.79,138.5
JP,31.03.80,139
JP,30.06.80,139
JP,30.09.80,139.1
JP,31.12.80,140.1
JP,31.03.81,139.4
JP,30.06.81,138.3
JP,30.09.81,140.1
JP,31.12.81,143.5
JP,31.03.82,143.9
JP,30.06.82,143.8
JP,30.09.82,146.2
JP,31.12.82,149.2
JP,31.03.83,151.2
JP,30.06.83,151
JP,30.09.83,152.9
JP,31.12.83,155.7
JP,31.03.84,156.6
JP,30.06.84,155.4
JP,30.09.84,158
JP,31.12.84,159.4
JP,31.03.85,160.4
JP,30.06.85,159
JP,30.09.85,160.3
JP,31.12.85,162
JP,31.03.86,162.3
JP,30.06.86,161.8
JP,30.09.86,164.5
JP,31.12.86,168.3
JP,31.03.87,170.2
JP,30.06.87,176.3
JP,30.09.87,180.3
JP,31.12.87,183.7
JP,31.03.88,183.1
JP,30.06.88,183.5
JP,30.09.88,186.3
JP,31.12.88,190
JP,31.03.89,191.2
JP,30.06.89,192.6
JP,30.09.89,197.2
JP,31.12.89,201
JP,31.03.90,205.9
JP,30.06.90,204.3
JP,30.09.90,206
JP,31.12.90,207.6
JP,31.03.91,205.6
JP,30.06.91,204.5
JP,30.09.91,204.6
JP,31.12.91,206.3
JP,31.03.92,204.9
JP,30.06.92,204.8
JP,30.09.92,205.4
JP,31.12.92,208.6
JP,31.03.93,208.5
JP,30.06.93,209.2
JP,30.09.93,211.3
JP,31.12.93,213.6
JP,31.03.94,212.6
JP,30.06.94,211.3
JP,30.09.94,212.6
JP,31.12.94,214.2
JP,31.03.95,213.3
JP,30.06.95,211.2
JP,30.09.95,211.7
JP,31.12.95,212.5
JP,31.03.96,210.8
JP,30.06.96,208.8
JP,30.09.96,207.7
JP,31.12.96,208.5
JP,31.03.97,205
JP,30.06.97,203.9
JP,30.09.97,203.3
JP,31.12.97,206.2
JP,31.03.98,203.2
JP,30.06.98,202.8
JP,30.09.98,203.8
JP,31.12.98,199.3
JP,31.03.99,195.9
JP,30.06.99,193.9
JP,30.09.99,193.5
JP,31.12.99,196.3
JP,31.03.00,193.6
JP,30.06.00,189.7
JP,30.09.00,189.1
JP,31.12.00,187.5
JP,31.03.01,184.9
JP,30.06.01,182.3
JP,30.09.01,182.1
JP,31.12.01,182.8
JP,31.03.02,182.1
JP,30.06.02,180.8
JP,30.09.02,178.4
JP,31.12.02,179.1
JP,31.03.03,176.6
JP,30.06.03,173.4
JP,30.09.03,171.1
JP,31.12.03,171
JP,31.03.04,168
JP,30.06.04,165.5
JP,30.09.04,163.8
JP,31.12.04,164
JP,31.03.05,163.8
JP,30.06.05,161.5
JP,30.09.05,162.1
JP,31.12.05,162.5
JP,31.03.06,161.6
JP,30.06.06,160.5
JP,30.09.06,161
JP,31.12.06,161.1
JP,31.03.07,160.2
JP,30.06.07,157.1
JP,30.09.07,157.7
JP,31.12.07,158.8
JP,31.03.08,158.2
JP,30.06.08,158.9
JP,30.09.08,159.6
JP,31.12.08,163.8
JP,31.03.09,165.6
JP,30.06.09,167.3
JP,30.09.09,169.1
JP,31.12.09,170.3
JP,31.03.10,168.4
JP,30.06.10,166.6
JP,30.09.10,164.3
JP,31.12.10,162.7
JP,31.03.11,161.7
JP,30.06.11,161.7
JP,30.09.11,162.6
JP,31.12.11,163
JP,31.03.12,161.9
JP,30.06.12,158.8
JP,30.09.12,159.9
JP,31.12.12,161
JP,31.03.13,161.1
JP,30.06.13,159.8
JP,30.09.13,159.5
JP,31.12.13,159.5
JP,31.03.14,158.4
JP,30.06.14,156.7
JP,30.09.14,157
JP,31.12.14,157.8
JP,31.03.15,156.6
JP,30.06.15,154.1
JP,30.09.15,153.5
JP,31.12.15,153.8
JP,31.03.16,152.6
JP,30.06.16,153
JP,30.09.16,154.3
JP,31.12.16,155.5
JP,31.03.17,156.3
JP,30.06.17,155.6
JP,30.09.17,155.7
JP,31.12.17,156.1
JP,31.03.18,155.6
JP,30.06.18,156
JP,30.09.18,157.5
JP,31.12.18,159.4
JP,31.03.19,160.4
JP,30.06.19,161.1
JP,30.09.19,162.5
JP,31.12.19,164.4
JP,31.03.20,166
JP,30.06.20,177.7
JP,30.09.20,181
JP,31.12.20,183.3
JP,31.03.21,184.2
JP,30.06.21,182.2
JP,30.09.21,182
JP,31.12.21,183.7
JP,31.03.22,183.6
JP,30.06.22,184.3
JP,30.09.22,185.1
JP,31.12.22,186.1
JP,31.03.23,184
JP,30.06.23,182
JP,30.09.23,181.2
KR,31.12.62,26.5
KR,31.03.63,27
KR,30.06.63,27.2
KR,30.09.63,26.4
KR,31.12.63,23.9
KR,31.03.64,23
KR,30.06.64,22.3
KR,30.09.64,21.3
KR,31.12.64,19.6
KR,31.03.65,19.6
KR,30.06.65,20.5
KR,30.09.65,21
KR,31.12.65,23.6
KR,31.03.66,24.1
KR,30.06.66,25.1
KR,30.09.66,25.8
KR,31.12.66,26.2
KR,31.03.67,27.3
KR,30.06.67,30.4
KR,30.09.67,34.4
KR,31.12.67,36.2
KR,31.03.68,35.6
KR,30.06.68,36.4
KR,30.09.68,40.8
KR,31.12.68,44.5
KR,31.03.69,48.5
KR,30.06.69,53.1
KR,30.09.69,55.3
KR,31.12.69,54
KR,31.03.70,51.4
KR,30.06.70,52.1
KR,30.09.70,53.8
KR,31.12.70,55.1
KR,31.03.71,56
KR,30.06.71,56.2
KR,30.09.71,58.3
KR,31.12.71,58.6
KR,31.03.72,59.1
KR,30.06.72,59.7
KR,30.09.72,60.4
KR,31.12.72,58
KR,31.03.73,58.1
KR,30.06.73,59
KR,30.09.73,59.2
KR,31.12.73,59.3
KR,31.03.74,58.9
KR,30.06.74,59.4
KR,30.09.74,61.6
KR,31.12.74,61.4
KR,31.03.75,57.5
KR,30.06.75,56.2
KR,30.09.75,55.8
KR,31.12.75,54.5
KR,31.03.76,53.8
KR,30.06.76,51.8
KR,30.09.76,52.3
KR,31.12.76,51.5
KR,31.03.77,51.1
KR,30.06.77,51.6
KR,30.09.77,53.1
KR,31.12.77,52.2
KR,31.03.78,54.1
KR,30.06.78,55.9
KR,30.09.78,55.9
KR,31.12.78,56.4
KR,31.03.79,56.9
KR,30.06.79,57.5
KR,30.09.79,60.5
KR,31.12.79,62.6
KR,31.03.80,69.5
KR,30.06.80,71.8
KR,30.09.80,75
KR,31.12.80,77.6
KR,31.03.81,78.2
KR,30.06.81,80
KR,30.09.81,80.9
KR,31.12.81,83.4
KR,31.03.82,84.6
KR,30.06.82,84.3
KR,30.09.82,87.3
KR,31.12.82,93.6
KR,31.03.83,94.8
KR,30.06.83,96.2
KR,30.09.83,94.8
KR,31.12.83,95.7
KR,31.03.84,96.2
KR,30.06.84,97.5
KR,30.09.84,98.1
KR,31.12.84,99.7
KR,31.03.85,102.3
KR,30.06.85,105.6
KR,30.09.85,108.2
KR,31.12.85,106.6
KR,31.03.86,105.2
KR,30.06.86,106.7
KR,30.09.86,105.2
KR,31.12.86,104.6
KR,31.03.87,103.1
KR,30.06.87,102.5
KR,30.09.87,102
KR,31.12.87,100.2
KR,31.03.88,96.7
KR,30.06.88,98.4
KR,30.09.88,96.9
KR,31.12.88,95.4
KR,31.03.89,98.4
KR,30.06.89,104
KR,30.09.89,107.1
KR,31.12.89,108.2
KR,31.03.90,108.4
KR,30.06.90,110.1
KR,30.09.90,110.4
KR,31.12.90,115.9
KR,31.03.91,119.7
KR,30.06.91,119.9
KR,30.09.91,122
KR,31.12.91,122
KR,31.03.92,122.6
KR,30.06.92,122.9
KR,30.09.92,124.5
KR,31.12.92,126.2
KR,31.03.93,127.5
KR,30.06.93,129.2
KR,30.09.93,132.5
KR,31.12.93,130.9
KR,31.03.94,131.7
KR,30.06.94,133.2
KR,30.09.94,136.2
KR,31.12.94,135.1
KR,31.03.95,135.7
KR,30.06.95,136.5
KR,30.09.95,136.7
KR,31.12.95,136.5
KR,31.03.96,137.9
KR,30.06.96,140.5
KR,30.09.96,144.9
KR,31.12.96,145.6
KR,31.03.97,150.8
KR,30.06.97,151.6
KR,30.09.97,153.3
KR,31.12.97,160.3
KR,31.03.98,158.9
KR,30.06.98,158.6
KR,30.09.98,162.6
KR,31.12.98,159.3
KR,31.03.99,164.9
KR,30.06.99,156.9
KR,30.09.99,153.2
KR,31.12.99,144.7
KR,31.03.00,144.4
KR,30.06.00,141.2
KR,30.09.00,141
KR,31.12.00,138.3
KR,31.03.01,139.3
KR,30.06.01,138.9
KR,30.09.01,140.8
KR,31.12.01,139.6
KR,31.03.02,142.3
KR,30.06.02,144.6
KR,30.09.02,146.1
KR,31.12.02,146.2
KR,31.03.03,146.1
KR,30.06.03,145.2
KR,30.09.03,144.3
KR,31.12.03,143.1
KR,31.03.04,141.2
KR,30.06.04,138.7
KR,30.09.04,137.4
KR,31.12.04,134.6
KR,31.03.05,134.1
KR,30.06.05,135.8
KR,30.09.05,136.1
KR,31.12.05,136.9
KR,31.03.06,137.9
KR,30.06.06,141.6
KR,30.09.06,144.4
KR,31.12.06,147.9
KR,31.03.07,149.9
KR,30.06.07,151.6
KR,30.09.07,152.6
KR,31.12.07,154
KR,31.03.08,157.5
KR,30.06.08,161.3
KR,30.09.08,164.6
KR,31.12.08,168.3
KR,31.03.09,170.7
KR,30.06.09,173.2
KR,30.09.09,174.2
KR,31.12.09,173.5
KR,31.03.10,171.6
KR,30.06.10,171
KR,30.09.10,170.3
KR,31.12.10,168.7
KR,31.03.11,169
KR,30.06.11,170.2
KR,30.09.11,172.9
KR,31.12.11,172.8
KR,31.03.12,173.3
KR,30.06.12,174.6
KR,30.09.12,176.2
KR,31.12.12,175.3
KR,31.03.13,177.3
KR,30.06.13,177.5
KR,30.09.13,177.2
KR,31.12.13,176.2
KR,31.03.14,176.5
KR,30.06.14,176.7
KR,30.09.14,178.8
KR,31.12.14,179.6
KR,31.03.15,179.6
KR,30.06.15,179.6
KR,30.09.15,180.7
KR,31.12.15,180.9
KR,31.03.16,180.7
KR,30.06.16,181.1
KR,30.09.16,181.3
KR,31.12.16,181.7
KR,31.03.17,181.1
KR,30.06.17,182.5
KR,30.09.17,182.2
KR,31.12.17,181.9
KR,31.03.18,182.9
KR,30.06.18,184.2
KR,30.09.18,186.1
KR,31.12.18,187.4
KR,31.03.19,188.7
KR,30.06.19,191.4
KR,30.09.19,194
KR,31.12.19,196.2
KR,31.03.20,200
KR,30.06.20,205.7
KR,30.09.20,210.1
KR,31.12.20,212.8
KR,31.03.21,215
KR,30.06.21,216.6
KR,30.09.21,218.6
KR,31.12.21,219.6
KR,31.03.22,220.7
KR,30.06.22,222.7
KR,30.09.22,225.2
KR,31.12.22,225.6
KR,31.03.23,224.5
KR,30.06.23,225.6
KR,30.09.23,225.5
LU,31.03.95,109.3
LU,30.06.95,110.3
LU,30.09.95,110.4
LU,31.12.95,111.2
LU,31.03.96,107.1
LU,30.06.96,108.6
LU,30.09.96,107.1
LU,31.12.96,111.8
LU,31.03.97,122.2
LU,30.06.97,132.4
LU,30.09.97,145.3
LU,31.12.97,155
LU,31.03.98,149.9
LU,30.06.98,143.4
LU,30.09.98,137.6
LU,31.12.98,127.2
LU,31.03.99,130.3
LU,30.06.99,131.2
LU,30.09.99,128.9
LU,31.12.99,129.5
LU,31.03.00,129.9
LU,30.06.00,129.6
LU,30.09.00,129.1
LU,31.12.00,129.6
LU,31.03.01,140.9
LU,30.06.01,152.1
LU,30.09.01,161.9
LU,31.12.01,171.1
LU,31.03.02,173.2
LU,30.06.02,174.2
LU,30.09.02,175.4
LU,31.12.02,181.4
LU,31.03.03,196.4
LU,30.06.03,212.9
LU,30.09.03,225
LU,31.12.03,237.1
LU,31.03.04,231.4
LU,30.06.04,226.4
LU,30.09.04,219.8
LU,31.12.04,217.4
LU,31.03.05,216.8
LU,30.06.05,215.8
LU,30.09.05,214.8
LU,31.12.05,208
LU,31.03.06,207.9
LU,30.06.06,208.6
LU,30.09.06,210.7
LU,31.12.06,214.9
LU,31.03.07,249
LU,30.06.07,277.2
LU,30.09.07,305.5
LU,31.12.07,334.4
LU,31.03.08,327.9
LU,30.06.08,324.6
LU,30.09.08,320.9
LU,31.12.08,317.8
LU,31.03.09,332.3
LU,30.06.09,348.9
LU,30.09.09,362.7
LU,31.12.09,363.2
LU,31.03.10,355.1
LU,30.06.10,345.2
LU,30.09.10,337.6
LU,31.12.10,331.4
LU,31.03.11,329.5
LU,30.06.11,338.6
LU,30.09.11,341.2
LU,31.12.11,345.8
LU,31.03.12,357.1
LU,30.06.12,359.9
LU,30.09.12,362.9
LU,31.12.12,361.4
LU,31.03.13,361.1
LU,30.06.13,361.1
LU,30.09.13,362.5
LU,31.12.13,364.6
LU,31.03.14,370.4
LU,30.06.14,372.7
LU,30.09.14,379
LU,31.12.14,382.1
LU,31.03.15,388.7
LU,30.06.15,384.6
LU,30.09.15,385.5
LU,31.12.15,387.7
LU,31.03.16,373.8
LU,30.06.16,372.9
LU,30.09.16,370.8
LU,31.12.16,376.5
LU,31.03.17,378.5
LU,30.06.17,373.4
LU,30.09.17,370.3
LU,31.12.17,370.9
LU,31.03.18,375.9
LU,30.06.18,376.6
LU,30.09.18,378.7
LU,31.12.18,382
LU,31.03.19,390.4
LU,30.06.19,393.7
LU,30.09.19,398.3
LU,31.12.19,395.4
LU,31.03.20,393.1
LU,30.06.20,440.1
LU,30.09.20,423.8
LU,31.12.20,409
LU,31.03.21,408.1
LU,30.06.21,406.4
LU,30.09.21,412.4
LU,31.12.21,415.1
LU,31.03.22,397.3
LU,30.06.22,381.5
LU,30.09.22,386.3
LU,31.12.22,383.4
LU,31.03.23,382.6
LU,30.06.23,377.6
LU,30.09.23,380.8
MX,31.12.80,32.5
MX,31.03.81,31.8
MX,30.06.81,32.3
MX,30.09.81,32.5
MX,31.12.81,33.9
MX,31.03.82,36.3
MX,30.06.82,33.9
MX,30.09.82,32.2
MX,31.12.82,28.5
MX,31.03.83,25.6
MX,30.06.83,24.9
MX,30.09.83,22.4
MX,31.12.83,22.7
MX,31.03.84,21.3
MX,30.06.84,22.8
MX,30.09.84,23.1
MX,31.12.84,25.5
MX,31.03.85,25.7
MX,30.06.85,25.4
MX,30.09.85,29.2
MX,31.12.85,29.9
MX,31.03.86,29.1
MX,30.06.86,32.7
MX,30.09.86,33.1
MX,31.12.86,33.2
MX,31.03.87,31.4
MX,30.06.87,30.8
MX,30.09.87,29
MX,31.12.87,31.8
MX,31.03.88,24.1
MX,30.06.88,20.1
MX,30.09.88,18.1
MX,31.12.88,18.9
MX,31.03.89,18.2
MX,30.06.89,19.4
MX,30.09.89,20.6
MX,31.12.89,23.9
MX,31.03.90,21.1
MX,30.06.90,22.9
MX,30.09.90,22.9
MX,31.12.90,24.9
MX,31.03.91,25
MX,30.06.91,26.6
MX,30.09.91,27.8
MX,31.12.91,31.5
MX,31.03.92,32.4
MX,30.06.92,34.3
MX,30.09.92,35.8
MX,31.12.92,37.5
MX,31.03.93,38.3
MX,30.06.93,40
MX,30.09.93,41.3
MX,31.12.93,42.6
MX,31.03.94,44
MX,30.06.94,45.4
MX,30.09.94,46.1
MX,31.12.94,47.2
MX,31.03.95,48.3
MX,30.06.95,48.6
MX,30.09.95,48.1
MX,31.12.95,46.9
MX,31.03.96,44.2
MX,30.06.96,42.1
MX,30.09.96,40.3
MX,31.12.96,38.7
MX,31.03.97,38.2
MX,30.06.97,37
MX,30.09.97,34.6
MX,31.12.97,33
MX,31.03.98,32.7
MX,30.06.98,32.4
MX,30.09.98,32.2
MX,31.12.98,30.2
MX,31.03.99,29.3
MX,30.06.99,28.6
MX,30.09.99,26.5
MX,31.12.99,25.7
MX,31.03.00,25.1
MX,30.06.00,25.4
MX,30.09.00,24.5
MX,31.12.00,24
MX,31.03.01,23.5
MX,30.06.01,22.5
MX,30.09.01,22.6
MX,31.12.01,22.6
MX,31.03.02,22.1
MX,30.06.02,23
MX,30.09.02,23.2
MX,31.12.02,23.5
MX,31.03.03,23.3
MX,30.06.03,23.1
MX,30.09.03,23.5
MX,31.12.03,23.7
MX,31.03.04,23.6
MX,30.06.04,23.3
MX,30.09.04,23.1
MX,31.12.04,22.9
MX,31.03.05,23
MX,30.06.05,22.8
MX,30.09.05,22.5
MX,31.12.05,23
MX,31.03.06,23.1
MX,30.06.06,23.6
MX,30.09.06,23.6
MX,31.12.06,24.4
MX,31.03.07,24.7
MX,30.06.07,24.8
MX,30.09.07,25.7
MX,31.12.07,27
MX,31.03.08,27
MX,30.06.08,26.8
MX,30.09.08,27.5
MX,31.12.08,28.6
MX,31.03.09,29.3
MX,30.06.09,28.9
MX,30.09.09,29.1
MX,31.12.09,28.9
MX,31.03.10,28.6
MX,30.06.10,28.8
MX,30.09.10,28.5
MX,31.12.10,28.5
MX,31.03.11,28.9
MX,30.06.11,28.8
MX,30.09.11,30.4
MX,31.12.11,30.6
MX,31.03.12,29.8
MX,30.06.12,30.1
MX,30.09.12,30.3
MX,31.12.12,30.6
MX,31.03.13,30.4
MX,30.06.13,31.5
MX,30.09.13,32.6
MX,31.12.13,33.7
MX,31.03.14,33.7
MX,30.06.14,34
MX,30.09.14,34.3
MX,31.12.14,35.2
MX,31.03.15,35.5
MX,30.06.15,36.2
MX,30.09.15,37.8
MX,31.12.15,38.3
MX,31.03.16,39.3
MX,30.06.16,40.4
MX,30.09.16,41.1
MX,31.12.16,41.5
MX,31.03.17,39.9
MX,30.06.17,39.3
MX,30.09.17,40
MX,31.12.17,41.4
MX,31.03.18,40.4
MX,30.06.18,41.4
MX,30.09.18,40.4
MX,31.12.18,40.7
MX,31.03.19,40.8
MX,30.06.19,40.9
MX,30.09.19,40.9
MX,31.12.19,40
MX,31.03.20,44
MX,30.06.20,45.3
MX,30.09.20,44.8
MX,31.12.20,42.9
MX,31.03.21,42.9
MX,30.06.21,40.7
MX,30.09.21,40.6
MX,31.12.21,40.4
MX,31.03.22,39.8
MX,30.06.22,39.7
MX,30.09.22,39.3
MX,31.12.22,38.8
MX,31.03.23,37.7
MX,30.06.23,37.2
MX,30.09.23,37.4
MY,30.06.64,13.3
MY,30.09.64,13.5
MY,31.12.64,13.3
MY,31.03.65,16.8
MY,30.06.65,16
MY,30.09.65,15.4
MY,31.12.65,14.9
MY,31.03.66,15.9
MY,30.06.66,15.5
MY,30.09.66,15.5
MY,31.12.66,15.7
MY,31.03.67,16.6
MY,30.06.67,16.6
MY,30.09.67,16.7
MY,31.12.67,16.8
MY,31.03.68,18.8
MY,30.06.68,19.3
MY,30.09.68,19.4
MY,31.12.68,19.6
MY,31.03.69,20.2
MY,30.06.69,19.5
MY,30.09.69,19.4
MY,31.12.69,22.1
MY,31.03.70,23.6
MY,30.06.70,24
MY,30.09.70,24.7
MY,31.12.70,25.2
MY,31.03.71,26.4
MY,30.06.71,26.4
MY,30.09.71,27.4
MY,31.12.71,27.1
MY,31.03.72,27.9
MY,30.06.72,27.6
MY,30.09.72,29.1
MY,31.12.72,29.1
MY,31.03.73,30.7
MY,30.06.73,31.2
MY,30.09.73,32.5
MY,31.12.73,35.5
MY,31.03.74,35.8
MY,30.06.74,36.4
MY,30.09.74,36.4
MY,31.12.74,35.2
MY,31.03.75,36.2
MY,30.06.75,36
MY,30.09.75,36.9
MY,31.12.75,39.3
MY,31.03.76,41.4
MY,30.06.76,42.4
MY,30.09.76,43.6
MY,31.12.76,43
MY,31.03.77,43.6
MY,30.06.77,43.3
MY,30.09.77,44
MY,31.12.77,43.9
MY,31.03.78,45.1
MY,30.06.78,45.4
MY,30.09.78,46.7
MY,31.12.78,48.9
MY,31.03.79,50.7
MY,30.06.79,52.9
MY,30.09.79,52.4
MY,31.12.79,53.5
MY,31.03.80,57.8
MY,30.06.80,61.2
MY,30.09.80,60.9
MY,31.12.80,63.3
MY,31.03.81,65.4
MY,30.06.81,67.4
MY,30.09.81,68.9
MY,31.12.81,71.8
MY,31.03.82,72.6
MY,30.06.82,74.2
MY,30.09.82,74
MY,31.12.82,77.8
MY,31.03.83,81.5
MY,30.06.83,81.7
MY,30.09.83,84.3
MY,31.12.83,87.8
MY,31.03.84,88.7
MY,30.06.84,91
MY,30.09.84,93.4
MY,31.12.84,93.6
MY,31.03.85,95.6
MY,30.06.85,97.5
MY,30.09.85,102.3
MY,31.12.85,108.7
MY,31.03.86,112.5
MY,30.06.86,114.5
MY,30.09.86,119.7
MY,31.12.86,120.6
MY,31.03.87,119.4
MY,30.06.87,118.3
MY,30.09.87,116.5
MY,31.12.87,115.4
MY,31.03.88,115.1
MY,30.06.88,115.5
MY,30.09.88,112.6
MY,31.12.88,113
MY,31.03.89,115.3
MY,30.06.89,115.2
MY,30.09.89,117.4
MY,31.12.89,120.4
MY,31.03.90,119.6
MY,30.06.90,122
MY,30.09.90,125.6
MY,31.12.90,131.3
MY,31.03.91,132.7
MY,30.06.91,134
MY,30.09.91,137.5
MY,31.12.91,136.8
MY,31.03.92,138.9
MY,30.06.92,136.6
MY,30.09.92,137.7
MY,31.12.92,136.7
MY,31.03.93,134.2
MY,30.06.93,133
MY,30.09.93,130.5
MY,31.12.93,135.7
MY,31.03.94,134.7
MY,30.06.94,133.1
MY,30.09.94,139
MY,31.12.94,140
MY,31.03.95,142.7
MY,30.06.95,145.7
MY,30.09.95,152
MY,31.12.95,160.8
MY,31.03.96,163.9
MY,30.06.96,168.7
MY,30.09.96,174.6
MY,31.12.96,184
MY,31.03.97,192.9
MY,30.06.97,201.2
MY,30.09.97,208.8
MY,31.12.97,209.7
MY,31.03.98,206
MY,30.06.98,204.1
MY,30.09.98,203.1
MY,31.12.98,207.9
MY,31.03.99,203.5
MY,30.06.99,199.3
MY,30.09.99,198.3
MY,31.12.99,189.4
MY,31.03.00,180.3
MY,30.06.00,176.5
MY,30.09.00,171.6
MY,31.12.00,168.9
MY,31.03.01,167.4
MY,30.06.01,169.5
MY,30.09.01,174.3
MY,31.12.01,177.6
MY,31.03.02,179.1
MY,30.06.02,178.9
MY,30.09.02,176.3
MY,31.12.02,174.5
MY,31.03.03,170.5
MY,30.06.03,170.3
MY,30.09.03,169.3
MY,31.12.03,165.7
MY,31.03.04,167.3
MY,30.06.04,166.7
MY,30.09.04,163.1
MY,31.12.04,159.2
MY,31.03.05,155.1
MY,30.06.05,151.7
MY,30.09.05,152.2
MY,31.12.05,152
MY,31.03.06,147.6
MY,30.06.06,146.5
MY,30.09.06,144.6
MY,31.12.06,144.7
MY,31.03.07,143
MY,30.06.07,141.9
MY,30.09.07,144.7
MY,31.12.07,138.6
MY,31.03.08,133.1
MY,30.06.08,131.2
MY,30.09.08,133.8
MY,31.12.08,135.4
MY,31.03.09,139.7
MY,30.06.09,144.9
MY,30.09.09,152.5
MY,31.12.09,154.9
MY,31.03.10,151.4
MY,30.06.10,149.8
MY,30.09.10,148.3
MY,31.12.10,150.5
MY,31.03.11,149
MY,30.06.11,149.8
MY,30.09.11,151.1
MY,31.12.11,152.9
MY,31.03.12,148.9
MY,30.06.12,154
MY,30.09.12,154.6
MY,31.12.12,155.7
MY,31.03.13,157.5
MY,30.06.13,159.6
MY,30.09.13,159.8
MY,31.12.13,161.5
MY,31.03.14,160.8
MY,30.06.14,158.9
MY,30.09.14,157.5
MY,31.12.14,159.6
MY,31.03.15,161.6
MY,30.06.15,163.3
MY,30.09.15,164.8
MY,31.12.15,165.8
MY,31.03.16,162.8
MY,30.06.16,162.2
MY,30.09.16,164
MY,31.12.16,166.4
MY,31.03.17,164.8
MY,30.06.17,163.9
MY,30.09.17,162.1
MY,31.12.17,161.9
MY,31.03.18,162.8
MY,30.06.18,164.9
MY,30.09.18,164.1
MY,31.12.18,164
MY,31.03.19,163.5
MY,30.06.19,165.1
MY,30.09.19,163.9
MY,31.12.19,164.2
MY,31.03.20,165.1
MY,30.06.20,175.5
MY,30.09.20,178.7
MY,31.12.20,181.8
MY,31.03.21,182.9
MY,30.06.21,175.9
MY,30.09.21,176.9
MY,31.12.21,174.7
MY,31.03.22,170.7
MY,30.06.22,164.8
MY,30.09.22,156.7
MY,31.12.22,154.5
MY,31.03.23,153.7
MY,30.06.23,156.1
MY,30.09.23,157.6
NL,31.03.61,39.7
NL,30.06.61,39.3
NL,30.09.61,40.6
NL,31.12.61,42.4
NL,31.03.62,44.2
NL,30.06.62,44.8
NL,30.09.62,45.1
NL,31.12.62,46.3
NL,31.03.63,47.6
NL,30.06.63,47.9
NL,30.09.63,48.8
NL,31.12.63,49.7
NL,31.03.64,50.3
NL,30.06.64,50.8
NL,30.09.64,51
NL,31.12.64,50.4
NL,31.03.65,51.1
NL,30.06.65,50.7
NL,30.09.65,51
NL,31.12.65,51.9
NL,31.03.66,53.8
NL,30.06.66,53.4
NL,30.09.66,53.2
NL,31.12.66,53.5
NL,31.03.67,54.4
NL,30.06.67,55.1
NL,30.09.67,56.2
NL,31.12.67,57.8
NL,31.03.68,58.2
NL,30.06.68,58.7
NL,30.09.68,60
NL,31.12.68,61.6
NL,31.03.69,61.6
NL,30.06.69,62.6
NL,30.09.69,63
NL,31.12.69,64.1
NL,31.03.70,65.5
NL,30.06.70,65.9
NL,30.09.70,65.4
NL,31.12.70,66.1
NL,31.03.71,65.2
NL,30.06.71,65.1
NL,30.09.71,65.6
NL,31.12.71,66.7
NL,31.03.72,66.6
NL,30.06.72,68.3
NL,30.09.72,68.9
NL,31.12.72,69.6
NL,31.03.73,71.1
NL,30.06.73,72.9
NL,30.09.73,76.2
NL,31.12.73,78
NL,31.03.74,78.7
NL,30.06.74,80.4
NL,30.09.74,81.9
NL,31.12.74,82.8
NL,31.03.75,82.8
NL,30.06.75,83
NL,30.09.75,83.5
NL,31.12.75,84.4
NL,31.03.76,84.5
NL,30.06.76,87.1
NL,30.09.76,88.4
NL,31.12.76,89.3
NL,31.03.77,90.5
NL,30.06.77,93
NL,30.09.77,94.8
NL,31.12.77,99.1
NL,31.03.78,101.7
NL,30.06.78,105.3
NL,30.09.78,107.8
NL,31.12.78,112
NL,31.03.79,114.7
NL,30.06.79,117
NL,30.09.79,118.4
NL,31.12.79,122.1
NL,31.03.80,122.1
NL,30.06.80,123.2
NL,30.09.80,124.1
NL,31.12.80,126.4
NL,31.03.81,126.4
NL,30.06.81,127.7
NL,30.09.81,127.4
NL,31.12.81,127.9
NL,31.03.82,128.1
NL,30.06.82,126.9
NL,30.09.82,127.6
NL,31.12.82,127.4
NL,31.03.83,129.3
NL,30.06.83,128.6
NL,30.09.83,128.2
NL,31.12.83,129.4
NL,31.03.84,129.9
NL,30.06.84,129.4
NL,30.09.84,128.7
NL,31.12.84,129.9
NL,31.03.85,130.1
NL,30.06.85,129.8
NL,30.09.85,129.2
NL,31.12.85,129.6
NL,31.03.86,130.8
NL,30.06.86,131.9
NL,30.09.86,131.8
NL,31.12.86,136
NL,31.03.87,138.4
NL,30.06.87,142.3
NL,30.09.87,140.1
NL,31.12.87,142.5
NL,31.03.88,144.5
NL,30.06.88,148
NL,30.09.88,148.3
NL,31.12.88,153.4
NL,31.03.89,156
NL,30.06.89,158.3
NL,30.09.89,156.9
NL,31.12.89,157
NL,31.03.90,159.3
NL,30.06.90,162
NL,30.09.90,163.4
NL,31.12.90,164.4
NL,31.03.91,166.6
NL,30.06.91,165.2
NL,30.09.91,164.9
NL,31.12.91,167
NL,31.03.92,168.6
NL,30.06.92,169.8
NL,30.09.92,171.9
NL,31.12.92,173.4
NL,31.03.93,175.7
NL,30.06.93,174.7
NL,30.09.93,173.9
NL,31.12.93,176.2
NL,31.03.94,179.4
NL,30.06.94,180.4
NL,30.09.94,180.5
NL,31.12.94,181.4
NL,31.03.95,181.2
NL,30.06.95,182.8
NL,30.09.95,180.8
NL,31.12.95,180.1
NL,31.03.96,182.9
NL,30.06.96,184.7
NL,30.09.96,185.8
NL,31.12.96,187.5
NL,31.03.97,193.9
NL,30.06.97,197.7
NL,30.09.97,200
NL,31.12.97,192.4
NL,31.03.98,197.5
NL,30.06.98,198.4
NL,30.09.98,201.7
NL,31.12.98,202.9
NL,31.03.99,207.7
NL,30.06.99,209.4
NL,30.09.99,212.4
NL,31.12.99,214.4
NL,31.03.00,214.5
NL,30.06.00,215.8
NL,30.09.00,217.5
NL,31.12.00,219.7
NL,31.03.01,216
NL,30.06.01,216
NL,30.09.01,215.3
NL,31.12.01,217.1
NL,31.03.02,216.7
NL,30.06.02,215.1
NL,30.09.02,217.5
NL,31.12.02,217.3
NL,31.03.03,217.8
NL,30.06.03,219.9
NL,30.09.03,222.4
NL,31.12.03,232.2
NL,31.03.04,231.4
NL,30.06.04,230.7
NL,30.09.04,230.9
NL,31.12.04,232.5
NL,31.03.05,232.6
NL,30.06.05,237.5
NL,30.09.05,238.6
NL,31.12.05,236.7
NL,31.03.06,235.5
NL,30.06.06,233.9
NL,30.09.06,234.9
NL,31.12.06,232.5
NL,31.03.07,234
NL,30.06.07,233
NL,30.09.07,233.5
NL,31.12.07,231.9
NL,31.03.08,234.4
NL,30.06.08,236.3
NL,30.09.08,235.1
NL,31.12.08,234.7
NL,31.03.09,238.6
NL,30.06.09,242.9
NL,30.09.09,246.4
NL,31.12.09,251
NL,31.03.10,256.7
NL,30.06.10,261.4
NL,30.09.10,262.4
NL,31.12.10,264
NL,31.03.11,265.2
NL,30.06.11,269.5
NL,30.09.11,271
NL,31.12.11,275.5
NL,31.03.12,277.4
NL,30.06.12,280.8
NL,30.09.12,281.6
NL,31.12.12,280.5
NL,31.03.13,280.6
NL,30.06.13,281.3
NL,30.09.13,281.5
NL,31.12.13,280.3
NL,31.03.14,279.6
NL,30.06.14,280.9
NL,30.09.14,281.2
NL,31.12.14,287.1
NL,31.03.15,292.1
NL,30.06.15,289.9
NL,30.09.15,287.2
NL,31.12.15,284.7
NL,31.03.16,283.3
NL,30.06.16,282.5
NL,30.09.16,288.8
NL,31.12.16,284.5
NL,31.03.17,284.6
NL,30.06.17,281
NL,30.09.17,279.6
NL,31.12.17,273.8
NL,31.03.18,273.4
NL,30.06.18,269.3
NL,30.09.18,266.7
NL,31.12.18,263.8
NL,31.03.19,260.4
NL,30.06.19,257.2
NL,30.09.19,254.8
NL,31.12.19,249.9
NL,31.03.20,251.9
NL,30.06.20,257.2
NL,30.09.20,258.4
NL,31.12.20,253
NL,31.03.21,255.2
NL,30.06.21,249.4
NL,30.09.21,244.6
NL,31.12.21,239.9
NL,31.03.22,235.6
NL,30.06.22,233.6
NL,30.09.22,235.1
NL,31.12.22,224.7
NL,31.03.23,214.9
NL,30.06.23,211
NL,30.09.23,209.7
NO,31.12.60,115.7
NO,31.03.61,116.8
NO,30.06.61,117.2
NO,30.09.61,117.4
NO,31.12.61,117.5
NO,31.03.62,117.4
NO,30.06.62,117.4
NO,30.09.62,117.5
NO,31.12.62,117.7
NO,31.03.63,117.6
NO,30.06.63,117.5
NO,30.09.63,117.2
NO,31.12.63,116.7
NO,31.03.64,116.5
NO,30.06.64,116
NO,30.09.64,115.4
NO,31.12.64,114.7
NO,31.03.65,113.5
NO,30.06.65,112.4
NO,30.09.65,111.3
NO,31.12.65,110.5
NO,31.03.66,111.1
NO,30.06.66,111.8
NO,30.09.66,112.5
NO,31.12.66,112.9
NO,31.03.67,112.7
NO,30.06.67,112.4
NO,30.09.67,112
NO,31.12.67,111.9
NO,31.03.68,112.3
NO,30.06.68,112.8
NO,30.09.68,113.4
NO,31.12.68,113.9
NO,31.03.69,115.7
NO,30.06.69,117.2
NO,30.09.69,118.3
NO,31.12.69,118.7
NO,31.03.70,117.7
NO,30.06.70,116.3
NO,30.09.70,114.8
NO,31.12.70,113.5
NO,31.03.71,113.3
NO,30.06.71,113.4
NO,30.09.71,113.5
NO,31.12.71,113.7
NO,31.03.72,114.3
NO,30.06.72,114.8
NO,30.09.72,115.2
NO,31.12.72,115.3
NO,31.03.73,115.5
NO,30.06.73,115.4
NO,30.09.73,115
NO,31.12.73,114.3
NO,31.03.74,113.7
NO,30.06.74,112.9
NO,30.09.74,112
NO,31.12.74,111.1
NO,31.03.75,114.4
NO,30.06.75,116
NO,30.09.75,116.1
NO,31.12.75,118
NO,31.03.76,119.6
NO,30.06.76,121.4
NO,30.09.76,122.4
NO,31.12.76,123.4
NO,31.03.77,125.8
NO,30.06.77,128
NO,30.09.77,129.4
NO,31.12.77,132.4
NO,31.03.78,133.3
NO,30.06.78,133.9
NO,30.09.78,134
NO,31.12.78,133.9
NO,31.03.79,133.7
NO,30.06.79,133
NO,30.09.79,131.1
NO,31.12.79,130.3
NO,31.03.80,126.9
NO,30.06.80,124.8
NO,30.09.80,125.2
NO,31.12.80,124.4
NO,31.03.81,125.6
NO,30.06.81,123.6
NO,30.09.81,122.1
NO,31.12.81,122.2
NO,31.03.82,123.7
NO,30.06.82,126.6
NO,30.09.82,128.5
NO,31.12.82,130.1
NO,31.03.83,131
NO,30.06.83,131.6
NO,30.09.83,130.9
NO,31.12.83,131.9
NO,31.03.84,133.8
NO,30.06.84,136.2
NO,30.09.84,136.7
NO,31.12.84,139.4
NO,31.03.85,139.8
NO,30.06.85,140.6
NO,30.09.85,141.4
NO,31.12.85,142.9
NO,31.03.86,144.1
NO,30.06.86,153.7
NO,30.09.86,157.4
NO,31.12.86,161.1
NO,31.03.87,163.5
NO,30.06.87,165.1
NO,30.09.87,168
NO,31.12.87,169.1
NO,31.03.88,169.8
NO,30.06.88,173.5
NO,30.09.88,174.7
NO,31.12.88,175.4
NO,31.03.89,178.2
NO,30.06.89,179
NO,30.09.89,177.5
NO,31.12.89,175.4
NO,31.03.90,176.6
NO,30.06.90,177.6
NO,30.09.90,174.3
NO,31.12.90,170.8
NO,31.03.91,168.8
NO,30.06.91,168.6
NO,30.09.91,163.5
NO,31.12.91,158.9
NO,31.03.92,164.7
NO,30.06.92,162.4
NO,30.09.92,160.2
NO,31.12.92,164.4
NO,31.03.93,162.9
NO,30.06.93,162.5
NO,30.09.93,157.7
NO,31.12.93,156.1
NO,31.03.94,154.2
NO,30.06.94,151.5
NO,30.09.94,150.1
NO,31.12.94,146.6
NO,31.03.95,145.1
NO,30.06.95,144.6
NO,30.09.95,143
NO,31.12.95,142.1
NO,31.03.96,142.2
NO,30.06.96,142.3
NO,30.09.96,140.5
NO,31.12.96,139.4
NO,31.03.97,142.2
NO,30.06.97,146.8
NO,30.09.97,147.7
NO,31.12.97,150.5
NO,31.03.98,154.6
NO,30.06.98,160.9
NO,30.09.98,162.3
NO,31.12.98,165.3
NO,31.03.99,167.7
NO,30.06.99,169
NO,30.09.99,165.8
NO,31.12.99,164.2
NO,31.03.00,161.6
NO,30.06.00,159.9
NO,30.09.00,162.8
NO,31.12.00,156.3
NO,31.03.01,156.5
NO,30.06.01,159.3
NO,30.09.01,158.5
NO,31.12.01,164
NO,31.03.02,169.3
NO,30.06.02,171.1
NO,30.09.02,173.3
NO,31.12.02,173.6
NO,31.03.03,176.3
NO,30.06.03,180.7
NO,30.09.03,178.9
NO,31.12.03,176.4
NO,31.03.04,180.4
NO,30.06.04,182.8
NO,30.09.04,183.4
NO,31.12.04,181.6
NO,31.03.05,181.3
NO,30.06.05,181.6
NO,30.09.05,179.9
NO,31.12.05,180.9
NO,31.03.06,180.3
NO,30.06.06,180.7
NO,30.09.06,182.1
NO,31.12.06,182.5
NO,31.03.07,188.6
NO,30.06.07,195.4
NO,30.09.07,196.2
NO,31.12.07,200.7
NO,31.03.08,205.2
NO,30.06.08,206.5
NO,30.09.08,208.2
NO,31.12.08,214.7
NO,31.03.09,219.1
NO,30.06.09,224.8
NO,30.09.09,225.5
NO,31.12.09,224.2
NO,31.03.10,222.3
NO,30.06.10,225.5
NO,30.09.10,225.7
NO,31.12.10,224.5
NO,31.03.11,224.4
NO,30.06.11,222.4
NO,30.09.11,219.3
NO,31.12.11,217.3
NO,31.03.12,226.2
NO,30.06.12,224.8
NO,30.09.12,224.2
NO,31.12.12,224.4
NO,31.03.13,224.9
NO,30.06.13,226.1
NO,30.09.13,224.1
NO,31.12.13,222.2
NO,31.03.14,222.7
NO,30.06.14,223.3
NO,30.09.14,224.9
NO,31.12.14,227.9
NO,31.03.15,233.9
NO,30.06.15,238.2
NO,30.09.15,243.1
NO,31.12.15,248.2
NO,31.03.16,249.9
NO,30.06.16,253.5
NO,30.09.16,255.9
NO,31.12.16,255.8
NO,31.03.17,251.4
NO,30.06.17,249.3
NO,30.09.17,245.7
NO,31.12.17,243.3
NO,31.03.18,241.8
NO,30.06.18,239
NO,30.09.18,234.8
NO,31.12.18,231.8
NO,31.03.19,231.8
NO,30.06.19,236.8
NO,30.09.19,242.3
NO,31.12.19,245.9
NO,31.03.20,252.8
NO,30.06.20,265.1
NO,30.09.20,272.1
NO,31.12.20,277.7
NO,31.03.21,278.8
NO,30.06.21,270.3
NO,30.09.21,258.1
NO,31.12.21,239.9
NO,31.03.22,225.4
NO,30.06.22,214
NO,30.09.22,200.6
NO,31.12.22,201.5
NO,31.03.23,206
NO,30.06.23,212.9
NO,30.09.23,227
NZ,31.12.60,27.9
NZ,31.03.61,32.8
NZ,30.06.61,30.9
NZ,30.09.61,30.2
NZ,31.12.61,29.1
NZ,31.03.62,30.4
NZ,30.06.62,26.3
NZ,30.09.62,26.2
NZ,31.12.62,27
NZ,31.03.63,27.7
NZ,30.06.63,26.5
NZ,30.09.63,27.3
NZ,31.12.63,26.3
NZ,31.03.64,29.4
NZ,30.06.64,27.3
NZ,30.09.64,26.8
NZ,31.12.64,26.1
NZ,31.03.65,29.6
NZ,30.06.65,28.7
NZ,30.09.65,28.6
NZ,31.12.65,27.6
NZ,31.03.66,31.6
NZ,30.06.66,29.9
NZ,30.09.66,29.5
NZ,31.12.66,28.7
NZ,31.03.67,31.2
NZ,30.06.67,29.6
NZ,30.09.67,28.8
NZ,31.12.67,27
NZ,31.03.68,29.8
NZ,30.06.68,31.1
NZ,30.09.68,29.9
NZ,31.12.68,28.8
NZ,31.03.69,31.6
NZ,30.06.69,29.5
NZ,30.09.69,29.4
NZ,31.12.69,30.2
NZ,31.03.70,32.9
NZ,30.06.70,31.7
NZ,30.09.70,32
NZ,31.12.70,31
NZ,31.03.71,34.2
NZ,30.06.71,32.1
NZ,30.09.71,30.6
NZ,31.12.71,29.4
NZ,31.03.72,31.5
NZ,30.06.72,28.6
NZ,30.09.72,29.3
NZ,31.12.72,29.9
NZ,31.03.73,32.8
NZ,30.06.73,34.1
NZ,30.09.73,35.3
NZ,31.12.73,35.1
NZ,31.03.74,39.3
NZ,30.06.74,39.5
NZ,30.09.74,39.2
NZ,31.12.74,38.4
NZ,31.03.75,40.3
NZ,30.06.75,39.1
NZ,30.09.75,39.7
NZ,31.12.75,39.6
NZ,31.03.76,40
NZ,30.06.76,37.6
NZ,30.09.76,38.9
NZ,31.12.76,39.3
NZ,31.03.77,42.2
NZ,30.06.77,41
NZ,30.09.77,41.4
NZ,31.12.77,40.5
NZ,31.03.78,43.2
NZ,30.06.78,44.3
NZ,30.09.78,44.8
NZ,31.12.78,45.7
NZ,31.03.79,45.8
NZ,30.06.79,47.6
NZ,30.09.79,48
NZ,31.12.79,48.2
NZ,31.03.80,49.2
NZ,30.06.80,47.6
NZ,30.09.80,48.3
NZ,31.12.80,50.2
NZ,31.03.81,52
NZ,30.06.81,54.4
NZ,30.09.81,55.7
NZ,31.12.81,57.6
NZ,31.03.82,56.8
NZ,30.06.82,60.1
NZ,30.09.82,57.8
NZ,31.12.82,58.9
NZ,31.03.83,58.5
NZ,30.06.83,59.8
NZ,30.09.83,61.2
NZ,31.12.83,71.4
NZ,31.03.84,66.8
NZ,30.06.84,70.6
NZ,30.09.84,80.3
NZ,31.12.84,80.1
NZ,31.03.85,81.9
NZ,30.06.85,84.8
NZ,30.09.85,86.3
NZ,31.12.85,90.6
NZ,31.03.86,97.3
NZ,30.06.86,97.2
NZ,30.09.86,100.6
NZ,31.12.86,99.4
NZ,31.03.87,101
NZ,30.06.87,100.6
NZ,30.09.87,100.3
NZ,31.12.87,100.1
NZ,31.03.88,103.3
NZ,30.06.88,98.4
NZ,30.09.88,93.2
NZ,31.12.88,96.9
NZ,31.03.89,95.5
NZ,30.06.89,91.8
NZ,30.09.89,93
NZ,31.12.89,95.3
NZ,31.03.90,95.8
NZ,30.06.90,95.4
NZ,30.09.90,97.2
NZ,31.12.90,98.7
NZ,31.03.91,101.7
NZ,30.06.91,106.2
NZ,30.09.91,106
NZ,31.12.91,105.1
NZ,31.03.92,106.4
NZ,30.06.92,104.9
NZ,30.09.92,108.7
NZ,31.12.92,108.6
NZ,31.03.93,106
NZ,30.06.93,107.5
NZ,30.09.93,108.7
NZ,31.12.93,112.3
NZ,31.03.94,114.2
NZ,30.06.94,112
NZ,30.09.94,112.7
NZ,31.12.94,112.9
NZ,31.03.95,113.7
NZ,30.06.95,116.3
NZ,30.09.95,116.4
NZ,31.12.95,124
NZ,31.03.96,121.6
NZ,30.06.96,124.3
NZ,30.09.96,119.5
NZ,31.12.96,122.3
NZ,31.03.97,122.9
NZ,30.06.97,125
NZ,30.09.97,127.9
NZ,31.12.97,134.5
NZ,31.03.98,131.9
NZ,30.06.98,135.1
NZ,30.09.98,137.2
NZ,31.12.98,138.5
NZ,31.03.99,137.6
NZ,30.06.99,136.5
NZ,30.09.99,137.9
NZ,31.12.99,141.4
NZ,31.03.00,144.2
NZ,30.06.00,145
NZ,30.09.00,145.7
NZ,31.12.00,147.2
NZ,31.03.01,149.9
NZ,30.06.01,150.9
NZ,30.09.01,143.8
NZ,31.12.01,144.5
NZ,31.03.02,146.8
NZ,30.06.02,146.4
NZ,30.09.02,147.1
NZ,31.12.02,148.5
NZ,31.03.03,149.6
NZ,30.06.03,150
NZ,30.09.03,149.8
NZ,31.12.03,150.3
NZ,31.03.04,151.3
NZ,30.06.04,155.8
NZ,30.09.04,154.3
NZ,31.12.04,159.7
NZ,31.03.05,162.9
NZ,30.06.05,165.1
NZ,30.09.05,167.8
NZ,31.12.05,173
NZ,31.03.06,175
NZ,30.06.06,179.7
NZ,30.09.06,182.7
NZ,31.12.06,184.2
NZ,31.03.07,188.1
NZ,30.06.07,190.6
NZ,30.09.07,190.1
NZ,31.12.07,190.9
NZ,31.03.08,191.6
NZ,30.06.08,194.1
NZ,30.09.08,196.9
NZ,31.12.08,199.3
NZ,31.03.09,201.6
NZ,30.06.09,200.7
NZ,30.09.09,198.6
NZ,31.12.09,195.5
NZ,31.03.10,193.8
NZ,30.06.10,191.3
NZ,30.09.10,188.8
NZ,31.12.10,186.9
NZ,31.03.11,185.6
NZ,30.06.11,183.9
NZ,30.09.11,181.1
NZ,31.12.11,178
NZ,31.03.12,177.8
NZ,30.06.12,176.9
NZ,30.09.12,177.4
NZ,31.12.12,179
NZ,31.03.13,179.2
NZ,30.06.13,179.6
NZ,30.09.13,178.4
NZ,31.12.13,175.3
NZ,31.03.14,173.8
NZ,30.06.14,172.8
NZ,30.09.14,172.7
NZ,31.12.14,173.6
NZ,31.03.15,174.3
NZ,30.06.15,174.5
NZ,30.09.15,175.2
NZ,31.12.15,175.2
NZ,31.03.16,175.8
NZ,30.06.16,176
NZ,30.09.16,177.3
NZ,31.12.16,177.2
NZ,31.03.17,176.4
NZ,30.06.17,176
NZ,30.09.17,174.9
NZ,31.12.17,174
NZ,31.03.18,173.2
NZ,30.06.18,173
NZ,30.09.18,172.4
NZ,31.12.18,172.8
NZ,31.03.19,171.9
NZ,30.06.19,172.4
NZ,30.09.19,171.8
NZ,31.12.19,170.6
NZ,31.03.20,172.2
NZ,30.06.20,174.3
NZ,30.09.20,173.4
NZ,31.12.20,174.4
NZ,31.03.21,175
NZ,30.06.21,170.4
NZ,30.09.21,170.7
NZ,31.12.21,170.3
NZ,31.03.22,169.9
NZ,30.06.22,169.6
NZ,30.09.22,167.3
NZ,31.12.22,165.5
NZ,31.03.23,162.9
NZ,30.06.23,162.1
NZ,30.09.23,160.6
PL,31.03.92,30.8
PL,30.06.92,29.7
PL,30.09.92,28.5
PL,31.12.92,26.5
PL,31.03.93,25.9
PL,30.06.93,25.7
PL,30.09.93,25.4
PL,31.12.93,24.9
PL,31.03.94,24.3
PL,30.06.94,23.2
PL,30.09.94,22
PL,31.12.94,21.7
PL,31.03.95,21
PL,30.06.95,20.6
PL,30.09.95,20.8
PL,31.12.95,21.7
PL,31.03.96,21.8
PL,30.06.96,22.3
PL,30.09.96,23.5
PL,31.12.96,25.4
PL,31.03.97,26.1
PL,30.06.97,26.4
PL,30.09.97,26.9
PL,31.12.97,27.1
PL,31.03.98,28.7
PL,30.06.98,30.3
PL,30.09.98,32.1
PL,31.12.98,33.5
PL,31.03.99,34.8
PL,30.06.99,35.3
PL,30.09.99,36.7
PL,31.12.99,36.6
PL,31.03.00,37
PL,30.06.00,40.2
PL,30.09.00,39.4
PL,31.12.00,39.5
PL,31.03.01,40.2
PL,30.06.01,40.7
PL,30.09.01,42.9
PL,31.12.01,42.3
PL,31.03.02,43.4
PL,30.06.02,46
PL,30.09.02,48.3
PL,31.12.02,48.9
PL,31.03.03,49.7
PL,30.06.03,48.9
PL,30.09.03,48.9
PL,31.12.03,47.8
PL,31.03.04,48.2
PL,30.06.04,47.2
PL,30.09.04,46.1
PL,31.12.04,42.8
PL,31.03.05,42
PL,30.06.05,42.5
PL,30.09.05,42.5
PL,31.12.05,43.3
PL,31.03.06,44
PL,30.06.06,46.1
PL,30.09.06,48.3
PL,31.12.06,50
PL,31.03.07,50.9
PL,30.06.07,52.9
PL,30.09.07,55.6
PL,31.12.07,57
PL,31.03.08,58.6
PL,30.06.08,60.2
PL,30.09.08,63.1
PL,31.12.08,69.8
PL,31.03.09,74
PL,30.06.09,72.4
PL,30.09.09,71.4
PL,31.12.09,69.6
PL,31.03.10,70.1
PL,30.06.10,72.9
PL,30.09.10,72.4
PL,31.12.10,73.2
PL,31.03.11,72.4
PL,30.06.11,73.2
PL,30.09.11,76.4
PL,31.12.11,77.1
PL,31.03.12,76.1
PL,30.06.12,76.8
PL,30.09.12,76.6
PL,31.12.12,77.3
PL,31.03.13,78.1
PL,30.06.13,80
PL,30.09.13,80.6
PL,31.12.13,79.9
PL,31.03.14,80.3
PL,30.06.14,81.5
PL,30.09.14,82
PL,31.12.14,82.7
PL,31.03.15,83.5
PL,30.06.15,84.3
PL,30.09.15,84.7
PL,31.12.15,83.6
PL,31.03.16,84.1
PL,30.06.16,85.1
PL,30.09.16,84.5
PL,31.12.16,87
PL,31.03.17,85.5
PL,30.06.17,84.5
PL,30.09.17,83.5
PL,31.12.17,82.2
PL,31.03.18,82.8
PL,30.06.18,82.9
PL,30.09.18,82.3
PL,31.12.18,81.5
PL,31.03.19,80.8
PL,30.06.19,79.9
PL,30.09.19,80.2
PL,31.12.19,78.8
PL,31.03.20,80.9
PL,30.06.20,80.9
PL,30.09.20,80.4
PL,31.12.20,80.7
PL,31.03.21,80.1
PL,30.06.21,77.6
PL,30.09.21,77.3
PL,31.12.21,75.9
PL,31.03.22,73.9
PL,30.06.22,71.8
PL,30.09.22,71.1
PL,31.12.22,67.2
PL,31.03.23,65.1
PL,30.06.23,63
PL,30.09.23,62.7
PT,31.12.60,63.6
PT,31.03.61,62.7
PT,30.06.61,61.6
PT,30.09.61,60.4
PT,31.12.61,59.3
PT,31.03.62,60.4
PT,30.06.62,61.6
PT,30.09.62,62.7
PT,31.12.62,63.7
PT,31.03.63,64.6
PT,30.06.63,65.3
PT,30.09.63,66
PT,31.12.63,66.7
PT,31.03.64,68.1
PT,30.06.64,69.5
PT,30.09.64,70.8
PT,31.12.64,71.8
PT,31.03.65,72.5
PT,30.06.65,73
PT,30.09.65,73.5
PT,31.12.65,74
PT,31.03.66,73.4
PT,30.06.66,73.9
PT,30.09.66,76
PT,31.12.66,77.6
PT,31.03.67,76
PT,30.06.67,75.8
PT,30.09.67,74.9
PT,31.12.67,73.8
PT,31.03.68,72
PT,30.06.68,74
PT,30.09.68,74.4
PT,31.12.68,77.2
PT,31.03.69,76.5
PT,30.06.69,79.2
PT,30.09.69,80.5
PT,31.12.69,85.6
PT,31.03.70,84.2
PT,30.06.70,86.4
PT,30.09.70,88.1
PT,31.12.70,86.6
PT,31.03.71,85.5
PT,30.06.71,87.5
PT,30.09.71,89.5
PT,31.12.71,95.6
PT,31.03.72,98.3
PT,30.06.72,100.5
PT,30.09.72,102.3
PT,31.12.72,105.5
PT,31.03.73,108.3
PT,30.06.73,106.6
PT,30.09.73,108
PT,31.12.73,115
PT,31.03.74,112.7
PT,30.06.74,109.6
PT,30.09.74,108.9
PT,31.12.74,112.5
PT,31.03.75,111.3
PT,30.06.75,112.7
PT,30.09.75,112.4
PT,31.12.75,114.6
PT,31.03.76,111.4
PT,30.06.76,110
PT,30.09.76,108
PT,31.12.76,116.2
PT,31.03.77,112.2
PT,30.06.77,107.7
PT,30.09.77,107.6
PT,31.12.77,112.5
PT,31.03.78,109.6
PT,30.06.78,111.2
PT,30.09.78,110.1
PT,31.12.78,110.8
PT,31.03.79,108
PT,30.06.79,108.3
PT,30.09.79,106.6
PT,31.12.79,108
PT,31.03.80,108.1
PT,30.06.80,106.8
PT,30.09.80,106.1
PT,31.12.80,110.7
PT,31.03.81,113.4
PT,30.06.81,117.8
PT,30.09.81,118.9
PT,31.12.81,121.1
PT,31.03.82,122.7
PT,30.06.82,125.8
PT,30.09.82,126.5
PT,31.12.82,129.1
PT,31.03.83,129.1
PT,30.06.83,132
PT,30.09.83,130.8
PT,31.12.83,138
PT,31.03.84,134.1
PT,30.06.84,135.6
PT,30.09.84,137.2
PT,31.12.84,137
PT,31.03.85,132.9
PT,30.06.85,129.5
PT,30.09.85,124.3
PT,31.12.85,118.4
PT,31.03.86,110.9
PT,30.06.86,106.3
PT,30.09.86,102.8
PT,31.12.86,99.8
PT,31.03.87,97.6
PT,30.06.87,94.9
PT,30.09.87,93.7
PT,31.12.87,91.3
PT,31.03.88,89.9
PT,30.06.88,87.6
PT,30.09.88,86.7
PT,31.12.88,86.5
PT,31.03.89,82.4
PT,30.06.89,81.5
PT,30.09.89,80.9
PT,31.12.89,82.3
PT,31.03.90,81
PT,30.06.90,82
PT,30.09.90,78.3
PT,31.12.90,77.1
PT,31.03.91,78.8
PT,30.06.91,81.7
PT,30.09.91,81.8
PT,31.12.91,82.3
PT,31.03.92,79.6
PT,30.06.92,80.3
PT,30.09.92,81.9
PT,31.12.92,85.7
PT,31.03.93,85.4
PT,30.06.93,89
PT,30.09.93,89.8
PT,31.12.93,94.5
PT,31.03.94,93.6
PT,30.06.94,93.3
PT,30.09.94,93
PT,31.12.94,96.3
PT,31.03.95,93.6
PT,30.06.95,93.2
PT,30.09.95,92.9
PT,31.12.95,93.4
PT,31.03.96,98
PT,30.06.96,99.4
PT,30.09.96,100.1
PT,31.12.96,102.3
PT,31.03.97,104.6
PT,30.06.97,104.3
PT,30.09.97,104.1
PT,31.12.97,106.1
PT,31.03.98,112
PT,30.06.98,113.3
PT,30.09.98,114.8
PT,31.12.98,118.9
PT,31.03.99,120.1
PT,30.06.99,125.6
PT,30.09.99,128.3
PT,31.12.99,131.2
PT,31.03.00,136.7
PT,30.06.00,138.6
PT,30.09.00,140.8
PT,31.12.00,142.8
PT,31.03.01,146.8
PT,30.06.01,149.5
PT,30.09.01,152
PT,31.12.01,154.4
PT,31.03.02,154.7
PT,30.06.02,153.9
PT,30.09.02,156.4
PT,31.12.02,160.3
PT,31.03.03,165.1
PT,30.06.03,166
PT,30.09.03,166.2
PT,31.12.03,167.6
PT,31.03.04,171.8
PT,30.06.04,173.5
PT,30.09.04,174.9
PT,31.12.04,176.6
PT,31.03.05,176
PT,30.06.05,178.5
PT,30.09.05,178.7
PT,31.12.05,180.9
PT,31.03.06,182.5
PT,30.06.06,183.2
PT,30.09.06,183.4
PT,31.12.06,184.2
PT,31.03.07,185
PT,30.06.07,189.4
PT,30.09.07,190.8
PT,31.12.07,193.9
PT,31.03.08,197.4
PT,30.06.08,202.5
PT,30.09.08,203.9
PT,31.12.08,206.3
PT,31.03.09,211.1
PT,30.06.09,215
PT,30.09.09,216.2
PT,31.12.09,215.4
PT,31.03.10,215
PT,30.06.10,216.5
PT,30.09.10,214.8
PT,31.12.10,218
PT,31.03.11,220.2
PT,30.06.11,221.5
PT,30.09.11,222.8
PT,31.12.11,223.2
PT,31.03.12,224.3
PT,30.06.12,226.1
PT,30.09.12,229
PT,31.12.12,231.6
PT,31.03.13,230.1
PT,30.06.13,228.1
PT,30.09.13,224.1
PT,31.12.13,220.1
PT,31.03.14,215.8
PT,30.06.14,212.2
PT,30.09.14,210
PT,31.12.14,208.2
PT,31.03.15,205.3
PT,30.06.15,202.1
PT,30.09.15,199.3
PT,31.12.15,196.7
PT,31.03.16,192.7
PT,30.06.16,190.3
PT,30.09.16,187.7
PT,31.12.16,184.3
PT,31.03.17,183.5
PT,30.06.17,181.1
PT,30.09.17,178.7
PT,31.12.17,176.7
PT,31.03.18,173.7
PT,30.06.18,170.5
PT,30.09.18,169.2
PT,31.12.18,167.1
PT,31.03.19,165.7
PT,30.06.19,164.6
PT,30.09.19,163.2
PT,31.12.19,160.9
PT,31.03.20,161.7
PT,30.06.20,171.4
PT,30.09.20,174.1
PT,31.12.20,176.6
PT,31.03.21,179.5
PT,30.06.21,174.4
PT,30.09.21,172.5
PT,31.12.21,169.4
PT,31.03.22,165.2
PT,30.06.22,160.4
PT,30.09.22,157.1
PT,31.12.22,152.7
PT,31.03.23,147.6
PT,30.06.23,143.7
PT,30.09.23,142.1
RU,30.06.95,22.5
RU,30.09.95,20.1
RU,31.12.95,18.4
RU,31.03.96,17.1
RU,30.06.96,17.1
RU,30.09.96,14.9
RU,31.12.96,15.8
RU,31.03.97,15.9
RU,30.06.97,17.5
RU,30.09.97,18.5
RU,31.12.97,19.1
RU,31.03.98,19.3
RU,30.06.98,20.3
RU,30.09.98,30.4
RU,31.12.98,33.9
RU,31.03.99,32.5
RU,30.06.99,28.1
RU,30.09.99,25.9
RU,31.12.99,25.6
RU,31.03.00,23.4
RU,30.06.00,22.2
RU,30.09.00,22.5
RU,31.12.00,23.7
RU,31.03.01,22.3
RU,30.06.01,23.3
RU,30.09.01,24.7
RU,31.12.01,26.3
RU,31.03.02,26.1
RU,30.06.02,28.2
RU,30.09.02,28.9
RU,31.12.02,29.7
RU,31.03.03,31.3
RU,30.06.03,32.1
RU,30.09.03,34.2
RU,31.12.03,34.9
RU,31.03.04,37.4
RU,30.06.04,37.4
RU,30.09.04,37.2
RU,31.12.04,38.9
RU,31.03.05,35.6
RU,30.06.05,35.5
RU,30.09.05,39.2
RU,31.12.05,44.6
RU,31.03.06,43.8
RU,30.06.06,44.8
RU,30.09.06,44.7
RU,31.12.06,48.2
RU,31.03.07,49.3
RU,30.06.07,56.7
RU,30.09.07,59.7
RU,31.12.07,59.8
RU,31.03.08,61.3
RU,30.06.08,61.4
RU,30.09.08,62.1
RU,31.12.08,65.5
RU,31.03.09,70.5
RU,30.06.09,67.6
RU,30.09.09,70
RU,31.12.09,70.4
RU,31.03.10,65.7
RU,30.06.10,65.1
RU,30.09.10,64.7
RU,31.12.10,63.1
RU,31.03.11,60.1
RU,30.06.11,59.9
RU,30.09.11,62.7
RU,31.12.11,63.7
RU,31.03.12,62.7
RU,30.06.12,66.1
RU,30.09.12,68.1
RU,31.12.12,69.5
RU,31.03.13,71.7
RU,30.06.13,75.6
RU,30.09.13,79.2
RU,31.12.13,81.6
RU,31.03.14,84
RU,30.06.14,84.8
RU,30.09.14,88
RU,31.12.14,98.2
RU,31.03.15,98.7
RU,30.06.15,96.5
RU,30.09.15,101.9
RU,31.12.15,103.9
RU,31.03.16,102.6
RU,30.06.16,100.3
RU,30.09.16,100.4
RU,31.12.16,99.6
RU,31.03.17,96.8
RU,30.06.17,97.9
RU,30.09.17,98.7
RU,31.12.17,99.3
RU,31.03.18,98.2
RU,30.06.18,98.7
RU,30.09.18,98.1
RU,31.12.18,98.1
RU,31.03.19,96
RU,30.06.19,95.1
RU,30.09.19,97
RU,31.12.19,98.7
RU,31.03.20,105.3
RU,30.06.20,107.7
RU,30.09.20,113.9
RU,31.12.20,114.2
RU,31.03.21,111.6
RU,30.06.21,105.9
RU,30.09.21,103.1
RU,31.12.21,99.1
RU,31.03.22,97.1
RU,30.06.22,87.7
RU,30.09.22,88.9
RU,31.12.22,93.1
RU,31.03.23,96.4
RU,30.06.23,98.2
RU,30.09.23,101.8
SA,31.03.93,25.2
SA,30.06.93,25.6
SA,30.09.93,26.2
SA,31.12.93,27
SA,31.03.94,28.3
SA,30.06.94,28.9
SA,30.09.94,28.9
SA,31.12.94,30.2
SA,31.03.95,30.5
SA,30.06.95,30.9
SA,30.09.95,29.9
SA,31.12.95,29.2
SA,31.03.96,28.1
SA,30.06.96,26.6
SA,30.09.96,26.8
SA,31.12.96,25.4
SA,31.03.97,25.4
SA,30.06.97,24.7
SA,30.09.97,25.8
SA,31.12.97,27.5
SA,31.03.98,31.6
SA,30.06.98,34.5
SA,30.09.98,39.9
SA,31.12.98,42.5
SA,31.03.99,36.4
SA,30.06.99,34.7
SA,30.09.99,34
SA,31.12.99,34.8
SA,31.03.00,31.8
SA,30.06.00,30.6
SA,30.09.00,30
SA,31.12.00,29.8
SA,31.03.01,29.6
SA,30.06.01,30.3
SA,30.09.01,31.5
SA,31.12.01,32.5
SA,31.03.02,33.1
SA,30.06.02,34.7
SA,30.09.02,34.4
SA,31.12.02,33.4
SA,31.03.03,33.9
SA,30.06.03,33.8
SA,30.09.03,33.9
SA,31.12.03,33
SA,31.03.04,30.9
SA,30.06.04,33.5
SA,30.09.04,36.6
SA,31.12.04,37.3
SA,31.03.05,36.3
SA,30.06.05,39
SA,30.09.05,39.6
SA,31.12.05,39.8
SA,31.03.06,38.7
SA,30.06.06,38
SA,30.09.06,37.9
SA,31.12.06,38.7
SA,31.03.07,39.9
SA,30.06.07,42.6
SA,30.09.07,45.5
SA,31.12.07,44.5
SA,31.03.08,44
SA,30.06.08,43.1
SA,30.09.08,41.9
SA,31.12.08,44.3
SA,31.03.09,46.9
SA,30.06.09,52.3
SA,30.09.09,55.8
SA,31.12.09,51.8
SA,31.03.10,49.5
SA,30.06.10,47.5
SA,30.09.10,46.8
SA,31.12.10,44.6
SA,31.03.11,43.9
SA,30.06.11,42.1
SA,30.09.11,41.6
SA,31.12.11,37.8
SA,31.03.12,39.8
SA,30.06.12,39.2
SA,30.09.12,37.5
SA,31.12.12,37.4
SA,31.03.13,39.2
SA,30.06.13,41.5
SA,30.09.13,42.3
SA,31.12.13,42.5
SA,31.03.14,44.8
SA,30.06.14,46.2
SA,30.09.14,47.3
SA,31.12.14,47.1
SA,31.03.15,49.8
SA,30.06.15,53.2
SA,30.09.15,56
SA,31.12.15,60.2
SA,31.03.16,63.1
SA,30.06.16,66.3
SA,30.09.16,66
SA,31.12.16,63.3
SA,31.03.17,62.4
SA,30.06.17,62.2
SA,30.09.17,61.2
SA,31.12.17,59.5
SA,31.03.18,59.8
SA,30.06.18,57.2
SA,30.09.18,55.9
SA,31.12.18,54.3
SA,31.03.19,53.8
SA,30.06.19,55.9
SA,30.09.19,57.2
SA,31.12.19,58.6
SA,31.03.20,63.9
SA,30.06.20,69.7
SA,30.09.20,73.3
SA,31.12.20,78.5
SA,31.03.21,81.8
SA,30.06.21,80.3
SA,30.09.21,78.3
SA,31.12.21,75.3
SA,31.03.22,72.2
SA,30.06.22,68.2
SA,30.09.22,67.7
SA,31.12.22,66.1
SA,31.03.23,66.9
SA,30.06.23,70.5
SA,30.09.23,73.3
SE,31.03.61,106.4
SE,30.06.61,105.3
SE,30.09.61,104.9
SE,31.12.61,103.6
SE,31.03.62,103.8
SE,30.06.62,104.2
SE,30.09.62,104.9
SE,31.12.62,105.9
SE,31.03.63,108.5
SE,30.06.63,110.1
SE,30.09.63,110.6
SE,31.12.63,110.1
SE,31.03.64,112.1
SE,30.06.64,111.7
SE,30.09.64,111.5
SE,31.12.64,110.4
SE,31.03.65,110.8
SE,30.06.65,112
SE,30.09.65,110.9
SE,31.12.65,110.7
SE,31.03.66,112.2
SE,30.06.66,112.9
SE,30.09.66,112.4
SE,31.12.66,112
SE,31.03.67,112.1
SE,30.06.67,113
SE,30.09.67,113.6
SE,31.12.67,114.7
SE,31.03.68,117
SE,30.06.68,118.5
SE,30.09.68,119.8
SE,31.12.68,121.1
SE,31.03.69,122.7
SE,30.06.69,124.9
SE,30.09.69,123.1
SE,31.12.69,118.9
SE,31.03.70,118.7
SE,30.06.70,116.8
SE,30.09.70,113.5
SE,31.12.70,111.9
SE,31.03.71,110.6
SE,30.06.71,111.4
SE,30.09.71,110.5
SE,31.12.71,111.1
SE,31.03.72,112.2
SE,30.06.72,113.5
SE,30.09.72,113.5
SE,31.12.72,112.3
SE,31.03.73,112.7
SE,30.06.73,112.9
SE,30.09.73,112.8
SE,31.12.73,112.7
SE,31.03.74,113.8
SE,30.06.74,115.3
SE,30.09.74,113.5
SE,31.12.74,111.3
SE,31.03.75,109.7
SE,30.06.75,108.8
SE,30.09.75,105.9
SE,31.12.75,105.2
SE,31.03.76,104.6
SE,30.06.76,106.8
SE,30.09.76,106.7
SE,31.12.76,103.3
SE,31.03.77,103.4
SE,30.06.77,105.6
SE,30.09.77,105.5
SE,31.12.77,105.6
SE,31.03.78,105.7
SE,30.06.78,106.2
SE,30.09.78,105.1
SE,31.12.78,105.4
SE,31.03.79,105.5
SE,30.06.79,106.4
SE,30.09.79,105.9
SE,31.12.79,105
SE,31.03.80,104.6
SE,30.06.80,104.5
SE,30.09.80,102.9
SE,31.12.80,100.6
SE,31.03.81,100.8
SE,30.06.81,101.3
SE,30.09.81,101.9
SE,31.12.81,102.5
SE,31.03.82,103.4
SE,30.06.82,104.3
SE,30.09.82,105
SE,31.12.82,105.4
SE,31.03.83,105.3
SE,30.06.83,105.1
SE,30.09.83,104.8
SE,31.12.83,104.2
SE,31.03.84,104.4
SE,30.06.84,104.4
SE,30.09.84,104.6
SE,31.12.84,104.9
SE,31.03.85,105.2
SE,30.06.85,105.7
SE,30.09.85,106.3
SE,31.12.85,106.7
SE,31.03.86,109.2
SE,30.06.86,111.5
SE,30.09.86,113.8
SE,31.12.86,115.9
SE,31.03.87,118.4
SE,30.06.87,120.8
SE,30.09.87,123.2
SE,31.12.87,125.3
SE,31.03.88,128.7
SE,30.06.88,131.7
SE,30.09.88,134.6
SE,31.12.88,137
SE,31.03.89,140.3
SE,30.06.89,143.3
SE,30.09.89,146.1
SE,31.12.89,148.7
SE,31.03.90,150.5
SE,30.06.90,152.3
SE,30.09.90,154.1
SE,31.12.90,155.9
SE,31.03.91,152.8
SE,30.06.91,150.2
SE,30.09.91,148.1
SE,31.12.91,146.8
SE,31.03.92,147.7
SE,30.06.92,149.3
SE,30.09.92,151.3
SE,31.12.92,153.4
SE,31.03.93,154.6
SE,30.06.93,155.2
SE,30.09.93,154.7
SE,31.12.93,153.8
SE,31.03.94,151.3
SE,30.06.94,148.7
SE,30.09.94,146.6
SE,31.12.94,144
SE,31.03.95,140.6
SE,30.06.95,137.2
SE,30.09.95,134.1
SE,31.12.95,131.4
SE,31.03.96,130.5
SE,30.06.96,128.4
SE,30.09.96,128.2
SE,31.12.96,130.2
SE,31.03.97,139.9
SE,30.06.97,139.6
SE,30.09.97,139.1
SE,31.12.97,136.4
SE,31.03.98,139
SE,30.06.98,138.7
SE,30.09.98,141.3
SE,31.12.98,141.2
SE,31.03.99,143.8
SE,30.06.99,143.5
SE,30.09.99,143.3
SE,31.12.99,146.8
SE,31.03.00,145.5
SE,30.06.00,145.9
SE,30.09.00,149.2
SE,31.12.00,153.6
SE,31.03.01,152.6
SE,30.06.01,154.7
SE,30.09.01,156.2
SE,31.12.01,161.1
SE,31.03.02,159.7
SE,30.06.02,159.6
SE,30.09.02,159.1
SE,31.12.02,161
SE,31.03.03,158.7
SE,30.06.03,160.2
SE,30.09.03,159.1
SE,31.12.03,157.8
SE,31.03.04,156.9
SE,30.06.04,157.5
SE,30.09.04,156.6
SE,31.12.04,158.9
SE,31.03.05,159.2
SE,30.06.05,163.9
SE,30.09.05,164.8
SE,31.12.05,167.4
SE,31.03.06,167.4
SE,30.06.06,169.4
SE,30.09.06,169.3
SE,31.12.06,171.5
SE,31.03.07,175.5
SE,30.06.07,180.7
SE,30.09.07,184.2
SE,31.12.07,189.9
SE,31.03.08,195.3
SE,30.06.08,202.1
SE,30.09.08,207
SE,31.12.08,217.2
SE,31.03.09,220.3
SE,30.06.09,224.4
SE,30.09.09,229
SE,31.12.09,232.2
SE,31.03.10,229.6
SE,30.06.10,228.2
SE,30.09.10,225.5
SE,31.12.10,220.1
SE,31.03.11,221
SE,30.06.11,221.5
SE,30.09.11,222.7
SE,31.12.11,223.5
SE,31.03.12,230.1
SE,30.06.12,228.7
SE,30.09.12,233.1
SE,31.12.12,227.1
SE,31.03.13,231.6
SE,30.06.13,234.3
SE,30.09.13,232.2
SE,31.12.13,231.6
SE,31.03.14,236.7
SE,30.06.14,235
SE,30.09.14,232.2
SE,31.12.14,233
SE,31.03.15,236.2
SE,30.06.15,234.1
SE,30.09.15,233.4
SE,31.12.15,237.2
SE,31.03.16,232.4
SE,30.06.16,233.4
SE,30.09.16,235.9
SE,31.12.16,236.9
SE,31.03.17,241.7
SE,30.06.17,241.3
SE,30.09.17,240
SE,31.12.17,242.1
SE,31.03.18,243.1
SE,30.06.18,242.4
SE,30.09.18,243.4
SE,31.12.18,241.2
SE,31.03.19,247.3
SE,30.06.19,249
SE,30.09.19,249.7
SE,31.12.19,250.1
SE,31.03.20,257.5
SE,30.06.20,262.3
SE,30.09.20,264.7
SE,31.12.20,265
SE,31.03.21,270.2
SE,30.06.21,266.1
SE,30.09.21,265.5
SE,31.12.21,270.6
SE,31.03.22,269.8
SE,30.06.22,266.7
SE,30.09.22,267.4
SE,31.12.22,268.4
SE,31.03.23,243.4
SE,30.06.23,243.8
SE,30.09.23,236.7
SG,31.12.70,81.3
SG,31.03.71,82.6
SG,30.06.71,80.5
SG,30.09.71,82.8
SG,31.12.71,83
SG,31.03.72,84.5
SG,30.06.72,85.2
SG,30.09.72,89.8
SG,31.12.72,95.9
SG,31.03.73,106
SG,30.06.73,103.8
SG,30.09.73,104.5
SG,31.12.73,105.9
SG,31.03.74,103
SG,30.06.74,99.9
SG,30.09.74,95.1
SG,31.12.74,90.6
SG,31.03.75,89
SG,30.06.75,89
SG,30.09.75,93.9
SG,31.12.75,95.3
SG,31.03.76,95.2
SG,30.06.76,93.1
SG,30.09.76,94.7
SG,31.12.76,97.6
SG,31.03.77,98
SG,30.06.77,97.2
SG,30.09.77,99.3
SG,31.12.77,99
SG,31.03.78,99.7
SG,30.06.78,100.1
SG,30.09.78,103.1
SG,31.12.78,102.5
SG,31.03.79,102.3
SG,30.06.79,102.9
SG,30.09.79,105
SG,31.12.79,110
SG,31.03.80,112.2
SG,30.06.80,110.8
SG,30.09.80,114.6
SG,31.12.80,117.3
SG,31.03.81,118.5
SG,30.06.81,122
SG,30.09.81,126.8
SG,31.12.81,128.3
SG,31.03.82,127.7
SG,30.06.82,126.5
SG,30.09.82,130.7
SG,31.12.82,136.4
SG,31.03.83,136.6
SG,30.06.83,139.7
SG,30.09.83,139.2
SG,31.12.83,145.7
SG,31.03.84,145.1
SG,30.06.84,144.4
SG,30.09.84,143.7
SG,31.12.84,145.3
SG,31.03.85,143.5
SG,30.06.85,143.8
SG,30.09.85,142.9
SG,31.12.85,140.1
SG,31.03.86,142.8
SG,30.06.86,141.5
SG,30.09.86,140.5
SG,31.12.86,134.9
SG,31.03.87,130.7
SG,30.06.87,131.1
SG,30.09.87,130.9
SG,31.12.87,126
SG,31.03.88,121.7
SG,30.06.88,124.6
SG,30.09.88,119.3
SG,31.12.88,119.4
SG,31.03.89,118.9
SG,30.06.89,120.6
SG,30.09.89,126.2
SG,31.12.89,129
SG,31.03.90,124.6
SG,30.06.90,126.2
SG,30.09.90,123.6
SG,31.12.90,123.8
SG,31.03.91,128.1
SG,30.06.91,123.7
SG,30.09.91,124
SG,31.12.91,124.2
SG,31.03.92,122.1
SG,30.06.92,125.9
SG,30.09.92,125.4
SG,31.12.92,124.6
SG,31.03.93,124.1
SG,30.06.93,125.1
SG,30.09.93,123.8
SG,31.12.93,123.9
SG,31.03.94,122.9
SG,30.06.94,123.1
SG,30.09.94,124.7
SG,31.12.94,122.5
SG,31.03.95,128.1
SG,30.06.95,135.2
SG,30.09.95,136.4
SG,31.12.95,141.1
SG,31.03.96,141.7
SG,30.06.96,148.1
SG,30.09.96,149.4
SG,31.12.96,151.2
SG,31.03.97,153.9
SG,30.06.97,153.8
SG,30.09.97,158.9
SG,31.12.97,158.8
SG,31.03.98,154.2
SG,30.06.98,154.1
SG,30.09.98,152.8
SG,31.12.98,155.8
SG,31.03.99,155.7
SG,30.06.99,155.9
SG,30.09.99,153.3
SG,31.12.99,152.9
SG,31.03.00,148.2
SG,30.06.00,149.6
SG,30.09.00,148
SG,31.12.00,147.3
SG,31.03.01,149.3
SG,30.06.01,152.1
SG,30.09.01,156.9
SG,31.12.01,166.1
SG,31.03.02,165.2
SG,30.06.02,165
SG,30.09.02,165
SG,31.12.02,162.3
SG,31.03.03,159.6
SG,30.06.03,167.8
SG,30.09.03,167.2
SG,31.12.03,167.7
SG,31.03.04,161
SG,30.06.04,156.4
SG,30.09.04,151.2
SG,31.12.04,148.9
SG,31.03.05,146.1
SG,30.06.05,145
SG,30.09.05,143.2
SG,31.12.05,144.5
SG,31.03.06,142.7
SG,30.06.06,141.6
SG,30.09.06,138.7
SG,31.12.06,135.1
SG,31.03.07,135.1
SG,30.06.07,137
SG,30.09.07,133.6
SG,31.12.07,139.2
SG,31.03.08,146.6
SG,30.06.08,149.3
SG,30.09.08,152.9
SG,31.12.08,156.3
SG,31.03.09,153.9
SG,30.06.09,155.5
SG,30.09.09,156.4
SG,31.12.09,156.6
SG,31.03.10,150.5
SG,30.06.10,144.1
SG,30.09.10,146.2
SG,31.12.10,147.8
SG,31.03.11,155.1
SG,30.06.11,159.7
SG,30.09.11,159.6
SG,31.12.11,161.3
SG,31.03.12,162.4
SG,30.06.12,163.5
SG,30.09.12,170.5
SG,31.12.12,175.8
SG,31.03.13,181.8
SG,30.06.13,185
SG,30.09.13,187.9
SG,31.12.13,191.6
SG,31.03.14,193.3
SG,30.06.14,197.9
SG,30.09.14,203
SG,31.12.14,201.6
SG,31.03.15,198.1
SG,30.06.15,201.2
SG,30.09.15,200.3
SG,31.12.15,204.6
SG,31.03.16,203.6
SG,30.06.16,205.5
SG,30.09.16,205.7
SG,31.12.16,203.1
SG,31.03.17,199.8
SG,30.06.17,203.1
SG,30.09.17,200.1
SG,31.12.17,202.7
SG,31.03.18,199.4
SG,30.06.18,200.8
SG,30.09.18,198.7
SG,31.12.18,199
SG,31.03.19,199.4
SG,30.06.19,202.5
SG,30.09.19,202.9
SG,31.12.19,209.9
SG,31.03.20,212
SG,30.06.20,219.2
SG,30.09.20,224
SG,31.12.20,231.8
SG,31.03.21,224.3
SG,30.06.21,221.6
SG,30.09.21,210.5
SG,31.12.21,202.4
SG,31.03.22,189.8
SG,30.06.22,175.2
SG,30.09.22,169.7
SG,31.12.22,168.5
SG,31.03.23,164.8
SG,30.06.23,175.5
SG,30.09.23,174.7
TH,31.12.70,38.1
TH,31.03.71,38.9
TH,30.06.71,38.9
TH,30.09.71,39.8
TH,31.12.71,40.4
TH,31.03.72,40.2
TH,30.06.72,39.2
TH,30.09.72,40.6
TH,31.12.72,41.3
TH,31.03.73,42.4
TH,30.06.73,42.7
TH,30.09.73,44.2
TH,31.12.73,45.9
TH,31.03.74,45.1
TH,30.06.74,45.4
TH,30.09.74,47.3
TH,31.12.74,47.4
TH,31.03.75,46.9
TH,30.06.75,48.1
TH,30.09.75,50
TH,31.12.75,52.1
TH,31.03.76,53.4
TH,30.06.76,52
TH,30.09.76,52
TH,31.12.76,52.8
TH,31.03.77,56
TH,30.06.77,56
TH,30.09.77,57.6
TH,31.12.77,58.6
TH,31.03.78,61.4
TH,30.06.78,60.8
TH,30.09.78,61.6
TH,31.12.78,63.7
TH,31.03.79,67.1
TH,30.06.79,66.5
TH,30.09.79,66.2
TH,31.12.79,65.8
TH,31.03.80,63.4
TH,30.06.80,59.5
TH,30.09.80,57.4
TH,31.12.80,59.9
TH,31.03.81,63.3
TH,30.06.81,63.3
TH,30.09.81,61.8
TH,31.12.81,61.2
TH,31.03.82,64.9
TH,30.06.82,64.5
TH,30.09.82,63.7
TH,31.12.82,65.6
TH,31.03.83,69.1
TH,30.06.83,71.4
TH,30.09.83,74.7
TH,31.12.83,80.4
TH,31.03.84,82.9
TH,30.06.84,82.7
TH,30.09.84,84.1
TH,31.12.84,87.2
TH,31.03.85,90
TH,30.06.85,89.3
TH,30.09.85,88.1
TH,31.12.85,89.6
TH,31.03.86,90.1
TH,30.06.86,89.7
TH,30.09.86,89.7
TH,31.12.86,89.1
TH,31.03.87,91.6
TH,30.06.87,90
TH,30.09.87,89.5
TH,31.12.87,94
TH,31.03.88,94.9
TH,30.06.88,95.5
TH,30.09.88,96.2
TH,31.12.88,99.1
TH,31.03.89,101.2
TH,30.06.89,103.2
TH,30.09.89,104.4
TH,31.12.89,108.9
TH,31.03.90,112.7
TH,30.06.90,117.5
TH,30.09.90,124
TH,31.12.90,128.2
TH,31.03.91,130.5
TH,30.06.91,132.7
TH,30.09.91,136.8
TH,31.12.91,140
TH,31.03.92,141.5
TH,30.06.92,144.1
TH,30.09.92,146.6
TH,31.12.92,149.7
TH,31.03.93,152.9
TH,30.06.93,156.6
TH,30.09.93,157.7
TH,31.12.93,161.4
TH,31.03.94,164.4
TH,30.06.94,170.1
TH,30.09.94,177.4
TH,31.12.94,186.4
TH,31.03.95,188.6
TH,30.06.95,194.2
TH,30.09.95,198.9
TH,31.12.95,206.2
TH,31.03.96,211.2
TH,30.06.96,214.5
TH,30.09.96,214
TH,31.12.96,217.5
TH,31.03.97,219.7
TH,30.06.97,220.5
TH,30.09.97,234.2
TH,31.12.97,250.1
TH,31.03.98,231.9
TH,30.06.98,235.2
TH,30.09.98,231.8
TH,31.12.98,227.4
TH,31.03.99,224.7
TH,30.06.99,216.4
TH,30.09.99,204.6
TH,31.12.99,193.1
TH,31.03.00,189.4
TH,30.06.00,179.9
TH,30.09.00,166.2
TH,31.12.00,160.9
TH,31.03.01,159.3
TH,30.06.01,149
TH,30.09.01,148.5
TH,31.12.01,143.5
TH,31.03.02,150.7
TH,30.06.02,147.7
TH,30.09.02,148.2
TH,31.12.02,146.7
TH,31.03.03,145.2
TH,30.06.03,145
TH,30.09.03,142.6
TH,31.12.03,137.8
TH,31.03.04,139.8
TH,30.06.04,140
TH,30.09.04,144.3
TH,31.12.04,141
TH,31.03.05,140.1
TH,30.06.05,140.7
TH,30.09.05,140.4
TH,31.12.05,139.6
TH,31.03.06,137.3
TH,30.06.06,136
TH,30.09.06,135.1
TH,31.12.06,133.6
TH,31.03.07,130.6
TH,30.06.07,130.3
TH,30.09.07,129.5
TH,31.12.07,128.1
TH,31.03.08,127.9
TH,30.06.08,128.8
TH,30.09.08,129.3
TH,31.12.08,132.4
TH,31.03.09,132.9
TH,30.06.09,135.7
TH,30.09.09,137.6
TH,31.12.09,136.6
TH,31.03.10,132.3
TH,30.06.10,131.1
TH,30.09.10,129.8
TH,31.12.10,133.8
TH,31.03.11,135.2
TH,30.06.11,137.1
TH,30.09.11,139.1
TH,31.12.11,144.9
TH,31.03.12,147.2
TH,30.06.12,149.1
TH,30.09.12,151.2
TH,31.12.12,150.1
TH,31.03.13,149.7
TH,30.06.13,152.7
TH,30.09.13,152.8
TH,31.12.13,156.7
TH,31.03.14,157.2
TH,30.06.14,158.1
TH,30.09.14,158.6
TH,31.12.14,160.9
TH,31.03.15,160.7
TH,30.06.15,162
TH,30.09.15,163.1
TH,31.12.15,164.4
TH,31.03.16,166.1
TH,30.06.16,165.4
TH,30.09.16,163.3
TH,31.12.16,161.8
TH,31.03.17,159.3
TH,30.06.17,159.4
TH,30.09.17,157.6
TH,31.12.17,158
TH,31.03.18,156.9
TH,30.06.18,157.4
TH,30.09.18,157.3
TH,31.12.18,158.9
TH,31.03.19,158.4
TH,30.06.19,158
TH,30.09.19,157.8
TH,31.12.19,159.5
TH,31.03.20,163
TH,30.06.20,170.3
TH,30.09.20,175.4
TH,31.12.20,181.1
TH,31.03.21,184
TH,30.06.21,181.6
TH,30.09.21,183.9
TH,31.12.21,184.3
TH,31.03.22,183.6
TH,30.06.22,182.4
TH,30.09.22,180.2
TH,31.12.22,178.6
TH,31.03.23,177.6
TH,30.06.23,178
TH,30.09.23,178.1
TR,31.03.86,14.9
TR,30.06.86,16
TR,30.09.86,16
TR,31.12.86,17.8
TR,31.03.87,17.9
TR,30.06.87,17.8
TR,30.09.87,17.9
TR,31.12.87,19.2
TR,31.03.88,18.3
TR,30.06.88,16.6
TR,30.09.88,16.4
TR,31.12.88,17.4
TR,31.03.89,16.7
TR,30.06.89,15.6
TR,30.09.89,14.7
TR,31.12.89,15.5
TR,31.03.90,15.1
TR,30.06.90,15.2
TR,30.09.90,15.4
TR,31.12.90,16.5
TR,31.03.91,16.2
TR,30.06.91,16.3
TR,30.09.91,16.2
TR,31.12.91,17.3
TR,31.03.92,16.7
TR,30.06.92,17.2
TR,30.09.92,16.8
TR,31.12.92,17.7
TR,31.03.93,18.2
TR,30.06.93,18.7
TR,30.09.93,18.5
TR,31.12.93,19.1
TR,31.03.94,21.3
TR,30.06.94,20.8
TR,30.09.94,18.5
TR,31.12.94,19
TR,31.03.95,17.8
TR,30.06.95,16.4
TR,30.09.95,16.3
TR,31.12.95,19.3
TR,31.03.96,19.9
TR,30.06.96,20.3
TR,30.09.96,21
TR,31.12.96,23.7
TR,31.03.97,24.2
TR,30.06.97,25.8
TR,30.09.97,25.6
TR,31.12.97,28.5
TR,31.03.98,27.6
TR,30.06.98,28.2
TR,30.09.98,25.4
TR,31.12.98,25.8
TR,31.03.99,25.7
TR,30.06.99,25.4
TR,30.09.99,25.7
TR,31.12.99,25.6
TR,31.03.00,25.1
TR,30.06.00,25.4
TR,30.09.00,26.2
TR,31.12.00,25.8
TR,31.03.01,29.5
TR,30.06.01,29.2
TR,30.09.01,31.3
TR,31.12.01,27.6
TR,31.03.02,24.1
TR,30.06.02,23.1
TR,30.09.02,22.7
TR,31.12.02,21.9
TR,31.03.03,22.2
TR,30.06.03,19.1
TR,30.09.03,19.2
TR,31.12.03,20
TR,31.03.04,20.7
TR,30.06.04,23.5
TR,30.09.04,23.2
TR,31.12.04,22.1
TR,31.03.05,22.4
TR,30.06.05,23.4
TR,30.09.05,24.1
TR,31.12.05,29.1
TR,31.03.06,31.3
TR,30.06.06,35.9
TR,30.09.06,35.4
TR,31.12.06,35.8
TR,31.03.07,35.2
TR,30.06.07,36.7
TR,30.09.07,38.4
TR,31.12.07,40.6
TR,31.03.08,44.4
TR,30.06.08,45.5
TR,30.09.08,46.4
TR,31.12.08,47.3
TR,31.03.09,47.2
TR,30.06.09,46.7
TR,30.09.09,47.9
TR,31.12.09,49
TR,31.03.10,50
TR,30.06.10,52.8
TR,30.09.10,52.9
TR,31.12.10,55.9
TR,31.03.11,57.6
TR,30.06.11,61
TR,30.09.11,61.9
TR,31.12.11,61.1
TR,31.03.12,60.5
TR,30.06.12,61.7
TR,30.09.12,61.5
TR,31.12.12,62.6
TR,31.03.13,63.5
TR,30.06.13,67.9
TR,30.09.13,70.2
TR,31.12.13,71.5
TR,31.03.14,70.9
TR,30.06.14,71.7
TR,30.09.14,73.5
TR,31.12.14,74.5
TR,31.03.15,77.1
TR,30.06.15,79.4
TR,30.09.15,81.9
TR,31.12.15,79.5
TR,31.03.16,78.4
TR,30.06.16,79.2
TR,30.09.16,80.4
TR,31.12.16,84.6
TR,31.03.17,84.7
TR,30.06.17,84.6
TR,30.09.17,83.2
TR,31.12.17,84.1
TR,31.03.18,84.2
TR,30.06.18,86.7
TR,30.09.18,93.5
TR,31.12.18,82.5
TR,31.03.19,83.4
TR,30.06.19,81.8
TR,30.09.19,79.1
TR,31.12.19,79.6
TR,31.03.20,83.2
TR,30.06.20,91.5
TR,30.09.20,94.8
TR,31.12.20,89.3
TR,31.03.21,89
TR,30.06.21,84.3
TR,30.09.21,80.2
TR,31.12.21,89.3
TR,31.03.22,85.4
TR,30.06.22,79
TR,30.09.22,71.3
TR,31.12.22,66.3
TR,31.03.23,63.3
TR,30.06.23,67.3
TR,30.09.23,62.4
US,31.12.47,47.1
US,31.03.48,47.6
US,30.06.48,47.9
US,30.09.48,48
US,31.12.48,48.6
US,31.03.49,49.2
US,30.06.49,50.2
US,30.09.49,51.5
US,31.12.49,52.9
US,31.03.50,54.7
US,30.06.50,55.8
US,30.09.50,56.1
US,31.12.50,55.7
US,31.03.51,54.8
US,30.06.51,54.1
US,30.09.51,53.9
US,31.12.51,54
US,31.03.52,53.6
US,30.06.52,54.8
US,30.09.52,55.6
US,31.12.52,56.7
US,31.03.53,56.6
US,30.06.53,57.1
US,30.09.53,57.3
US,31.12.53,58
US,31.03.54,58.4
US,30.06.54,59.9
US,30.09.54,61.3
US,31.12.54,62.5
US,31.03.55,62.6
US,30.06.55,63.8
US,30.09.55,64.2
US,31.12.55,65.2
US,31.03.56,65.3
US,30.06.56,66.5
US,30.09.56,67.1
US,31.12.56,67.9
US,31.03.57,67.7
US,30.06.57,68.7
US,30.09.57,68.8
US,31.12.57,69.5
US,31.03.58,69.9
US,30.06.58,71.1
US,30.09.58,72
US,31.12.58,73.3
US,31.03.59,72.6
US,30.06.59,73.2
US,30.09.59,73.5
US,31.12.59,74.6
US,31.03.60,74.2
US,30.06.60,75.7
US,30.09.60,76.1
US,31.12.60,77.5
US,31.03.61,77.9
US,30.06.61,79.2
US,30.09.61,79.7
US,31.12.61,80.5
US,31.03.62,79.5
US,30.06.62,80.1
US,30.09.62,80.3
US,31.12.62,81.6
US,31.03.63,81.6
US,30.06.63,83.1
US,30.09.63,83.6
US,31.12.63,84.8
US,31.03.64,84.3
US,30.06.64,85.2
US,30.09.64,85.3
US,31.12.64,86.4
US,31.03.65,86.3
US,30.06.65,87.3
US,30.09.65,87.3
US,31.12.65,87.5
US,31.03.66,86.8
US,30.06.66,87.5
US,30.09.66,86.8
US,31.12.66,86.9
US,31.03.67,86.5
US,30.06.67,87.5
US,30.09.67,87.7
US,31.12.67,89.9
US,31.03.68,88.3
US,30.06.68,88.9
US,30.09.68,88.5
US,31.12.68,89.3
US,31.03.69,88.3
US,30.06.69,89.4
US,30.09.69,89.2
US,31.12.69,90
US,31.03.70,89.2
US,30.06.70,90.2
US,30.09.70,90.6
US,31.12.70,91.4
US,31.03.71,90.9
US,30.06.71,91.8
US,30.09.71,92.1
US,31.12.71,92.5
US,31.03.72,92.5
US,30.06.72,93.7
US,30.09.72,93.9
US,31.12.72,94.6
US,31.03.73,94.8
US,30.06.73,95.8
US,30.09.73,96.2
US,31.12.73,96.3
US,31.03.74,96.3
US,30.06.74,97.9
US,30.09.74,98.4
US,31.12.74,98.6
US,31.03.75,97.2
US,30.06.75,96.9
US,30.09.75,96.2
US,31.12.75,95.9
US,31.03.76,94.2
US,30.06.76,94.2
US,30.09.76,94.1
US,31.12.76,94.7
US,31.03.77,94.8
US,30.06.77,95.9
US,30.09.77,96.2
US,31.12.77,97.1
US,31.03.78,97.1
US,30.06.78,98.1
US,30.09.78,98.4
US,31.12.78,98.5
US,31.03.79,97.8
US,30.06.79,99.2
US,30.09.79,100
US,31.12.79,100.6
US,31.03.80,100.8
US,30.06.80,100.3
US,30.09.80,100.8
US,31.12.80,101.4
US,31.03.81,100
US,30.06.81,100.2
US,30.09.81,99.5
US,31.12.81,99.4
US,31.03.82,99.7
US,30.06.82,100.6
US,30.09.82,101.2
US,31.12.82,101.9
US,31.03.83,101.7
US,30.06.83,102.5
US,30.09.83,102.9
US,31.12.83,103.4
US,31.03.84,103.2
US,30.06.84,104.4
US,30.09.84,104.9
US,31.12.84,106.6
US,31.03.85,107.6
US,30.06.85,109.2
US,30.09.85,110.4
US,31.12.85,113.1
US,31.03.86,113.3
US,30.06.86,115
US,30.09.86,116.9
US,31.12.86,119.4
US,31.03.87,119.4
US,30.06.87,121.1
US,30.09.87,122
US,31.12.87,122.6
US,31.03.88,122.8
US,30.06.88,123.8
US,30.09.88,124.1
US,31.12.88,124.8
US,31.03.89,124.3
US,30.06.89,124.9
US,30.09.89,124.6
US,31.12.89,125.1
US,31.03.90,125.3
US,30.06.90,125.4
US,30.09.90,125.1
US,31.12.90,124.9
US,31.03.91,124.3
US,30.06.91,124.6
US,30.09.91,123.6
US,31.12.91,123
US,31.03.92,121.9
US,30.06.92,120.9
US,30.09.92,120.1
US,31.12.92,119.1
US,31.03.93,118
US,30.06.93,118.1
US,30.09.93,118.4
US,31.12.93,118.7
US,31.03.94,118.7
US,30.06.94,118.8
US,30.09.94,118.7
US,31.12.94,119.3
US,31.03.95,119.1
US,30.06.95,120
US,30.09.95,120.6
US,31.12.95,121.3
US,31.03.96,121.7
US,30.06.96,122.2
US,30.09.96,122.4
US,31.12.96,122.2
US,31.03.97,122
US,30.06.97,122.6
US,30.09.97,123.4
US,31.12.97,124
US,31.03.98,124.8
US,30.06.98,126.9
US,30.09.98,128
US,31.12.98,129.3
US,31.03.99,130.3
US,30.06.99,131.2
US,30.09.99,133
US,31.12.99,133.8
US,31.03.00,134.7
US,30.06.00,135.6
US,30.09.00,136.1
US,31.12.00,136.6
US,31.03.01,136.2
US,30.06.01,138.3
US,30.09.01,140.3
US,31.12.01,141.3
US,31.03.02,141.9
US,30.06.02,143.1
US,30.09.02,144.1
US,31.12.02,145.5
US,31.03.03,146
US,30.06.03,148.4
US,30.09.03,149.1
US,31.12.03,149.3
US,31.03.04,149.6
US,30.06.04,150.5
US,30.09.04,151.4
US,31.12.04,153.1
US,31.03.05,153.2
US,30.06.05,154.8
US,30.09.05,156.1
US,31.12.05,157.5
US,31.03.06,159.1
US,30.06.06,161
US,30.09.06,162.4
US,31.12.06,164
US,31.03.07,165.1
US,30.06.07,167.6
US,30.09.07,169.4
US,31.12.07,170.8
US,31.03.08,171.5
US,30.06.08,171.3
US,30.09.08,171.9
US,31.12.08,170.7
US,31.03.09,170.2
US,30.06.09,170.9
US,30.09.09,171.1
US,31.12.09,169.5
US,31.03.10,167.5
US,30.06.10,164.9
US,30.09.10,162.9
US,31.12.10,160.6
US,31.03.11,158.9
US,30.06.11,157.6
US,30.09.11,156.7
US,31.12.11,156
US,31.03.12,154.3
US,30.06.12,153.3
US,30.09.12,152.9
US,31.12.12,152.6
US,31.03.13,151.4
US,30.06.13,151.5
US,30.09.13,151.5
US,31.12.13,151.6
US,31.03.14,151.5
US,30.06.14,151.2
US,30.09.14,150.4
US,31.12.14,150.6
US,31.03.15,150
US,30.06.15,150.7
US,30.09.15,151
US,31.12.15,150.8
US,31.03.16,151.5
US,30.06.16,152.1
US,30.09.16,153
US,31.12.16,152.6
US,31.03.17,152.8
US,30.06.17,153.5
US,30.09.17,153.5
US,31.12.17,154.2
US,31.03.18,153.3
US,30.06.18,154
US,30.09.18,153.5
US,31.12.18,153.5
US,31.03.19,153.4
US,30.06.19,153.6
US,30.09.19,153.8
US,31.12.19,153.3
US,31.03.20,156.5
US,30.06.20,162.3
US,30.09.20,163.4
US,31.12.20,164.7
US,31.03.21,165
US,30.06.21,163.2
US,30.09.21,161.6
US,31.12.21,160.4
US,31.03.22,159.3
US,30.06.22,158.4
US,30.09.22,156.9
US,31.12.22,156
US,31.03.23,154.4
US,30.06.23,153.1
US,30.09.23,151.5
XM,31.03.99,115.4
XM,30.06.99,117.5
XM,30.09.99,118.5
XM,31.12.99,120.9
XM,31.03.00,120.9
XM,30.06.00,121.8
XM,30.09.00,123.5
XM,31.12.00,126
XM,31.03.01,125.7
XM,30.06.01,126.7
XM,30.09.01,127.4
XM,31.12.01,129.6
XM,31.03.02,130.8
XM,30.06.02,131.5
XM,30.09.02,131.5
XM,31.12.02,132.6
XM,31.03.03,132.5
XM,30.06.03,133.8
XM,30.09.03,134.1
XM,31.12.03,135.2
XM,31.03.04,135.1
XM,30.06.04,136.1
XM,30.09.04,136.4
XM,31.12.04,138.1
XM,31.03.05,138.7
XM,30.06.05,141.1
XM,30.09.05,141.5
XM,31.12.05,142.5
XM,31.03.06,144.9
XM,30.06.06,146.4
XM,30.09.06,145.6
XM,31.12.06,146.3
XM,31.03.07,146.7
XM,30.06.07,148.7
XM,30.09.07,148.8
XM,31.12.07,152.2
XM,31.03.08,153
XM,30.06.08,154.6
XM,30.09.08,155.9
XM,31.12.08,156.7
XM,31.03.09,159.3
XM,30.06.09,161.7
XM,30.09.09,162.9
XM,31.12.09,164.2
XM,31.03.10,164.2
XM,30.06.10,164.6
XM,30.09.10,163.4
XM,31.12.10,164.1
XM,31.03.11,162.5
XM,30.06.11,162.9
XM,30.09.11,162.4
XM,31.12.11,165
XM,31.03.12,165.7
XM,30.06.12,166.9
XM,30.09.12,166.9
XM,31.12.12,165.2
XM,31.03.13,165.3
XM,30.06.13,164.8
XM,30.09.13,164.3
XM,31.12.13,162.8
XM,31.03.14,163.8
XM,30.06.14,164.3
XM,30.09.14,164
XM,31.12.14,164
XM,31.03.15,169.9
XM,30.06.15,168.5
XM,30.09.15,167.8
XM,31.12.15,166.3
XM,31.03.16,166.6
XM,30.06.16,167.2
XM,30.09.16,167
XM,31.12.16,166.2
XM,31.03.17,166.7
XM,30.06.17,165.3
XM,30.09.17,163.9
XM,31.12.17,162.9
XM,31.03.18,161.5
XM,30.06.18,161.3
XM,30.09.18,161.1
XM,31.12.18,159.2
XM,31.03.19,159.3
XM,30.06.19,159.5
XM,30.09.19,159.8
XM,31.12.19,158.5
XM,31.03.20,160.3
XM,30.06.20,168.5
XM,30.09.20,170.8
XM,31.12.20,172.3
XM,31.03.21,173.4
XM,30.06.21,168.8
XM,30.09.21,167.2
XM,31.12.21,165.6
XM,31.03.22,163.4
XM,30.06.22,161.5
XM,30.09.22,161.3
XM,31.12.22,157.8
XM,31.03.23,154.2
XM,30.06.23,152.3
XM,30.09.23,150.7
ZA,31.03.65,60.9
ZA,30.06.65,61.5
ZA,30.09.65,60.2
ZA,31.12.65,58.6
ZA,31.03.66,55.7
ZA,30.06.66,55.3
ZA,30.09.66,55.8
ZA,31.12.66,56.1
ZA,31.03.67,56.9
ZA,30.06.67,56.9
ZA,30.09.67,56.7
ZA,31.12.67,55.9
ZA,31.03.68,55.1
ZA,30.06.68,54.3
ZA,30.09.68,54.7
ZA,31.12.68,55.3
ZA,31.03.69,56.3
ZA,30.06.69,56
ZA,30.09.69,56.3
ZA,31.12.69,56.8
ZA,31.03.70,56.9
ZA,30.06.70,56.9
ZA,30.09.70,57.3
ZA,31.12.70,58.1
ZA,31.03.71,57.5
ZA,30.06.71,58.5
ZA,30.09.71,57.3
ZA,31.12.71,55.4
ZA,31.03.72,54.8
ZA,30.06.72,52.5
ZA,30.09.72,54.2
ZA,31.12.72,55.1
ZA,31.03.73,55.9
ZA,30.06.73,57.8
ZA,30.09.73,58.5
ZA,31.12.73,58.5
ZA,31.03.74,58.5
ZA,30.06.74,58
ZA,30.09.74,57.3
ZA,31.12.74,57.1
ZA,31.03.75,57.2
ZA,30.06.75,56.4
ZA,30.09.75,56.2
ZA,31.12.75,55.5
ZA,31.03.76,55.1
ZA,30.06.76,54.2
ZA,30.09.76,54
ZA,31.12.76,54.4
ZA,31.03.77,53.4
ZA,30.06.77,53.4
ZA,30.09.77,52.8
ZA,31.12.77,51.3
ZA,31.03.78,51
ZA,30.06.78,52.3
ZA,30.09.78,52.2
ZA,31.12.78,51.6
ZA,31.03.79,50.6
ZA,30.06.79,50.2
ZA,30.09.79,50.7
ZA,31.12.79,49.7
ZA,31.03.80,48
ZA,30.06.80,46.8
ZA,30.09.80,46.6
ZA,31.12.80,47.5
ZA,31.03.81,51.2
ZA,30.06.81,52.6
ZA,30.09.81,53.3
ZA,31.12.81,53.6
ZA,31.03.82,54.7
ZA,30.06.82,55.2
ZA,30.09.82,56.2
ZA,31.12.82,56.5
ZA,31.03.83,56.5
ZA,30.06.83,55.3
ZA,30.09.83,56.6
ZA,31.12.83,55.9
ZA,31.03.84,57.5
ZA,30.06.84,58.8
ZA,30.09.84,58.8
ZA,31.12.84,59.8
ZA,31.03.85,59.3
ZA,30.06.85,59.6
ZA,30.09.85,62.8
ZA,31.12.85,62.1
ZA,31.03.86,59.6
ZA,30.06.86,58.6
ZA,30.09.86,54.8
ZA,31.12.86,54.4
ZA,31.03.87,52.1
ZA,30.06.87,50.7
ZA,30.09.87,50.9
ZA,31.12.87,51.5
ZA,31.03.88,53
ZA,30.06.88,52.4
ZA,30.09.88,53.6
ZA,31.12.88,53.7
ZA,31.03.89,54
ZA,30.06.89,53.5
ZA,30.09.89,53.4
ZA,31.12.89,53.7
ZA,31.03.90,52.6
ZA,30.06.90,52.5
ZA,30.09.90,52.1
ZA,31.12.90,53.1
ZA,31.03.91,54.3
ZA,30.06.91,53.7
ZA,30.09.91,53.9
ZA,31.12.91,53.1
ZA,31.03.92,52
ZA,30.06.92,51.6
ZA,30.09.92,51.7
ZA,31.12.92,52
ZA,31.03.93,51.4
ZA,30.06.93,50.2
ZA,30.09.93,50.4
ZA,31.12.93,50.1
ZA,31.03.94,50.1
ZA,30.06.94,49.7
ZA,30.09.94,50.8
ZA,31.12.94,51.4
ZA,31.03.95,51.6
ZA,30.06.95,51.6
ZA,30.09.95,52.3
ZA,31.12.95,53.2
ZA,31.03.96,54.3
ZA,30.06.96,54.3
ZA,30.09.96,54.9
ZA,31.12.96,55.2
ZA,31.03.97,55.3
ZA,30.06.97,55.6
ZA,30.09.97,56.4
ZA,31.12.97,57.2
ZA,31.03.98,59.2
ZA,30.06.98,60.7
ZA,30.09.98,60.6
ZA,31.12.98,62
ZA,31.03.99,62.3
ZA,30.06.99,62
ZA,30.09.99,61
ZA,31.12.99,60.6
ZA,31.03.00,58.7
ZA,30.06.00,57.9
ZA,30.09.00,59
ZA,31.12.00,58.6
ZA,31.03.01,58.2
ZA,30.06.01,57.5
ZA,30.09.01,59
ZA,31.12.01,62.1
ZA,31.03.02,59.3
ZA,30.06.02,58.2
ZA,30.09.02,57.5
ZA,31.12.02,55.6
ZA,31.03.03,59.1
ZA,30.06.03,58.5
ZA,30.09.03,59.1
ZA,31.12.03,59.9
ZA,31.03.04,57.8
ZA,30.06.04,56.5
ZA,30.09.04,57.8
ZA,31.12.04,59.7
ZA,31.03.05,60.3
ZA,30.06.05,62.1
ZA,30.09.05,63.4
ZA,31.12.05,64.9
ZA,31.03.06,67.6
ZA,30.06.06,68.9
ZA,30.09.06,72.6
ZA,31.12.06,74.1
ZA,31.03.07,74.8
ZA,30.06.07,76.1
ZA,30.09.07,77.9
ZA,31.12.07,78.1
ZA,31.03.08,80.6
ZA,30.06.08,79.9
ZA,30.09.08,79.3
ZA,31.12.08,78.6
ZA,31.03.09,78.5
ZA,30.06.09,76.2
ZA,30.09.09,75.4
ZA,31.12.09,75.8
ZA,31.03.10,75
ZA,30.06.10,74.4
ZA,30.09.10,74.6
ZA,31.12.10,72.9
ZA,31.03.11,72.1
ZA,30.06.11,71.4
ZA,30.09.11,70.3
ZA,31.12.11,70.2
ZA,31.03.12,71.2
ZA,30.06.12,71
ZA,30.09.12,72
ZA,31.12.12,72.7
ZA,31.03.13,73.3
ZA,30.06.13,73.7
ZA,30.09.13,73.4
ZA,31.12.13,73.5
ZA,31.03.14,74.2
ZA,30.06.14,74
ZA,30.09.14,74.3
ZA,31.12.14,73.2
ZA,31.03.15,74.2
ZA,30.06.15,73.9
ZA,30.09.15,74.2
ZA,31.12.15,75.8
ZA,31.03.16,76.6
ZA,30.06.16,74.7
ZA,30.09.16,74.5
ZA,31.12.16,74
ZA,31.03.17,74.6
ZA,30.06.17,73.3
ZA,30.09.17,73.6
ZA,31.12.17,72.8
ZA,31.03.18,73.3
ZA,30.06.18,72.7
ZA,30.09.18,72.9
ZA,31.12.18,72
ZA,31.03.19,74
ZA,30.06.19,72.9
ZA,30.09.19,73.7
ZA,31.12.19,72.5
ZA,31.03.20,74.5
ZA,30.06.20,75.3
ZA,30.09.20,73.9
ZA,31.12.20,73.2
ZA,31.03.21,73
ZA,30.06.21,68
ZA,30.09.21,67.5
ZA,31.12.21,65.8
ZA,31.03.22,66.1
ZA,30.06.22,66.3
ZA,30.09.22,67.1
ZA,31.12.22,67.4
ZA,31.03.23,67.8
ZA,30.06.23,66.4
ZA,30.09.23,67.2