country,date,Bond_yield_10Y,Bond_yield_1Y,Bond_yield_2Y,Bond_yield_5Y
Australia,1979-12-01,10.07999992,,9.97000027,10.02000046
Australia,1980-01-01,10.44999981,,10.38000011,10.42000008
Australia,1980-02-01,10.55000019,,10.75,10.89999962
Australia,1980-03-01,11.19999981,,11.19999981,11.19999981
Australia,1980-04-01,11.72999954,,11.39999962,11.44999981
Australia,1980-05-01,11.77999973,,11.53999996,11.80000019
Australia,1980-06-01,11.76000023,,11.5,11.77999973
Australia,1980-07-01,11.77999973,,11.34000015,11.77999973
Australia,1980-08-01,11.81999969,,11.5,11.77999973
Australia,1980-09-01,11.77999973,,11.5,11.78999996
Australia,1980-10-01,11.80000019,,11.5,11.78999996
Australia,1980-11-01,12.42000008,,12.42000008,12.42000008
Australia,1980-12-01,12.60000038,,12.85000038,12.72000027
Australia,1981-01-01,13.10000038,,13.10000038,13.10000038
Australia,1981-02-01,13.10000038,,13.11999989,13.10000038
Australia,1981-03-01,13.10000038,,13.10000038,13.10000038
Australia,1981-04-01,13.10000038,,13.14999962,13.10000038
Australia,1981-05-01,13.10000038,,13.10000038,13.10000038
Australia,1981-06-01,13.10000038,,13.10000038,13.10000038
Australia,1981-07-01,13.89999962,,13.60000038,13.75
Australia,1981-08-01,15.0,,14.64999962,15.0
Australia,1981-09-01,15.0,,14.60000038,15.0
Australia,1981-10-01,15.0,,14.60000038,15.0
Australia,1981-11-01,15.0,,14.5,15.0
Australia,1981-12-01,15.0,,14.5,14.89999962
Australia,1982-01-01,15.0,,14.64999962,15.0
Australia,1982-02-01,15.10000038,,14.94999981,15.10000038
Australia,1982-03-01,15.14999962,,15.19999981,15.19999981
Australia,1982-04-01,15.19999981,,15.60000038,15.30000019
Australia,1982-05-01,16.39999962,,16.39999962,16.39999962
Australia,1982-06-01,16.39999962,,16.39999962,16.39999962
Australia,1982-07-01,16.39999962,,16.39999962,16.39999962
Australia,1982-08-01,16.5,,16.60000038,16.60000038
Australia,1982-09-01,15.19999981,,15.19999981,15.19999981
Australia,1982-10-01,14.55000019,,14.39999962,14.55000019
Australia,1982-11-01,14.60000038,,14.19999981,14.60000038
Australia,1982-12-01,14.0,,14.0,14.0
Australia,1983-01-01,13.0,,12.55000019,12.60000038
Australia,1983-02-01,13.60000038,,13.0,13.39999962
Australia,1983-03-01,14.39999962,,14.19999981,14.39999962
Australia,1983-04-01,14.10000038,,12.60000038,13.5
Australia,1983-05-01,13.10000038,,12.10000038,12.80000019
Australia,1983-06-01,14.69999981,,13.69999981,14.30000019
Australia,1983-07-01,14.80000019,,13.60000038,14.30000019
Australia,1983-08-01,14.69999981,,14.0,14.39999962
Australia,1983-09-01,14.14999962,,12.80000019,13.5
Australia,1983-10-01,13.39999962,,11.89999962,12.35000038
Australia,1983-11-01,13.19999981,,11.0,11.89999962
Australia,1983-12-01,13.5,,11.5,12.80000019
Australia,1984-01-01,13.5,,12.10000038,12.89999962
Australia,1984-02-01,14.0,,12.35000038,13.14999962
Australia,1984-03-01,14.10000038,,12.55000019,13.25
Australia,1984-04-01,13.89999962,,12.44999981,13.0
Australia,1984-05-01,14.14999962,,12.60000038,13.19999981
Australia,1984-06-01,13.75,,12.19999981,12.94999981
Australia,1984-07-01,13.14999962,,12.10000038,12.75
Australia,1984-08-01,12.80000019,,11.14999962,12.14999962
Australia,1984-09-01,13.10000038,,11.89999962,12.60000038
Australia,1984-10-01,13.19999981,,12.14999962,12.85000038
Australia,1984-11-01,13.25,,12.55000019,13.0
Australia,1984-12-01,13.39999962,,12.85000038,13.10000038
Australia,1985-01-01,13.10000038,,12.55000019,12.89999962
Australia,1985-02-01,13.69999981,,13.25,13.39999962
Australia,1985-03-01,13.80000019,,13.64999962,13.60000038
Australia,1985-04-01,13.94999981,,13.64999962,13.80000019
Australia,1985-05-01,13.80000019,,13.44999981,13.60000038
Australia,1985-06-01,13.5,,13.44999981,13.35000038
Australia,1985-07-01,13.30000019,,13.35000038,13.30000019
Australia,1985-08-01,13.94999981,,14.39999962,14.0
Australia,1985-09-01,13.80000019,,14.30000019,13.89999962
Australia,1985-10-01,14.55000019,,15.05000019,14.75
Australia,1985-11-01,15.05000019,,15.55000019,15.19999981
Australia,1985-12-01,14.85000038,,15.64999962,15.19999981
Australia,1986-01-01,14.10000038,,14.64999962,14.30000019
Australia,1986-02-01,13.69999981,,14.14999962,13.89999962
Australia,1986-03-01,12.60000038,,13.30000019,12.89999962
Australia,1986-04-01,12.25,,12.64999962,12.39999962
Australia,1986-05-01,12.64999962,,12.69999981,12.64999962
Australia,1986-06-01,12.94999981,,12.80000019,12.80000019
Australia,1986-07-01,14.19999981,,14.5,14.35000038
Australia,1986-08-01,14.10000038,,15.10000038,14.55000019
Australia,1986-09-01,13.85000038,,15.14999962,14.39999962
Australia,1986-10-01,13.60000038,,14.30000019,13.85000038
Australia,1986-11-01,13.60000038,,14.25,13.94999981
Australia,1986-12-01,13.39999962,,14.05000019,13.85000038
Australia,1987-01-01,13.80000019,,14.69999981,14.69999981
Australia,1987-02-01,14.0,,15.05000019,14.55000019
Australia,1987-03-01,13.44999981,,14.10000038,13.85000038
Australia,1987-04-01,13.05000019,,13.85000038,13.5
Australia,1987-05-01,13.0,,13.25,13.44999981
Australia,1987-06-01,12.80000019,,13.0,13.10000038
Australia,1987-07-01,12.94999981,,12.85000038,13.0
Australia,1987-08-01,12.94999981,,12.60000038,12.80000019
Australia,1987-09-01,12.5,,11.80000019,11.94999981
Australia,1987-10-01,13.64999962,,13.0,13.39999962
Australia,1987-11-01,13.30000019,,12.35000038,12.80000019
Australia,1987-12-01,12.85000038,,11.44999981,12.14999962
Australia,1988-01-01,12.39999962,,11.35000038,11.89999962
Australia,1988-02-01,12.30000019,,11.55000019,11.89999962
Australia,1988-03-01,11.89999962,,10.94999981,11.5
Australia,1988-04-01,11.5,,10.89999962,11.25
Australia,1988-05-01,12.30000019,,12.30000019,12.44999981
Australia,1988-06-01,11.94999981,,11.69999981,11.94999981
Australia,1988-07-01,11.94999981,,12.05000019,12.05000019
Australia,1988-08-01,11.80000019,,12.30000019,12.30000019
Australia,1988-09-01,11.94999981,,12.89999962,12.60000038
Australia,1988-10-01,11.89999962,,13.05000019,12.69999981
Australia,1988-11-01,12.35000038,,13.30000019,13.05000019
Australia,1988-12-01,12.94999981,,13.85000038,13.5
Australia,1989-01-01,13.30000019,,14.64999962,14.05000019
Australia,1989-02-01,13.64999962,,15.05000019,14.35000038
Australia,1989-03-01,13.64999962,,15.14999962,14.30000019
Australia,1989-04-01,13.39999962,,14.85000038,14.25
Australia,1989-05-01,13.89999962,,15.69999981,14.64999962
Australia,1989-06-01,13.5,,15.39999962,14.19999981
Australia,1989-07-01,13.35000038,,15.10000038,14.0
Australia,1989-08-01,12.94999981,,14.80000019,13.69999981
Australia,1989-09-01,13.64999962,,15.80000019,14.55000019
Australia,1989-10-01,13.55000019,,15.80000019,14.5
Australia,1989-11-01,13.10000038,,15.0,13.85000038
Australia,1989-12-01,12.89999962,,14.39999962,13.44999981
Australia,1990-01-01,12.80000019,,13.80000019,13.25
Australia,1990-02-01,13.30000019,,14.30000019,13.80000019
Australia,1990-03-01,13.43999958,,14.14999962,13.86999989
Australia,1990-04-01,13.77999973,,14.43999958,14.23999977
Australia,1990-05-01,13.51000023,,14.10999966,14.02000046
Australia,1990-06-01,13.39999962,,14.06000042,13.80000019
Australia,1990-07-01,13.15999985,,13.75,13.51000023
Australia,1990-08-01,13.48999977,,13.30000019,13.40999985
Australia,1990-09-01,13.63000011,,13.01000023,13.17000008
Australia,1990-10-01,13.35000038,,12.56999969,12.77000046
Australia,1990-11-01,12.22999954,,12.25,12.35999966
Australia,1990-12-01,12.06999969,,11.84000015,11.98999977
Australia,1991-01-01,11.52000046,,11.52000046,11.60000038
Australia,1991-02-01,11.52999973,,11.10000038,11.31999969
Australia,1991-03-01,11.38000011,,11.15999985,11.30000019
Australia,1991-04-01,10.97999954,,10.68999958,10.89000034
Australia,1991-05-01,10.75,,10.23999977,10.59000015
Australia,1991-06-01,11.17000008,,10.52999973,11.06999969
Australia,1991-07-01,10.98999977,,10.26000023,10.85000038
Australia,1991-08-01,10.67000008,,10.30000019,10.64000034
Australia,1991-09-01,10.31000042,,9.60999966,10.02999973
Australia,1991-10-01,9.81999969,,8.42000008,8.96000004
Australia,1991-11-01,9.77999973,,8.22000027,8.97999954
Australia,1991-12-01,9.39000034,,7.23999977,8.22000027
Australia,1992-01-01,10.10999966,,8.36999989,9.42000008
Australia,1992-02-01,10.03999996,,8.27000046,9.42000008
Australia,1992-03-01,9.89000034,,8.31000042,9.42000008
Australia,1992-04-01,9.43000031,,7.38999987,8.68000031
Australia,1992-05-01,9.11999989,,7.15999985,8.36999989
Australia,1992-06-01,8.89999962,,6.36999989,7.82999992
Australia,1992-07-01,8.30000019,,5.65999985,7.05000019
Australia,1992-08-01,8.97000027,,7.38000011,8.40999985
Australia,1992-09-01,8.93999958,,7.17999983,8.31999969
Australia,1992-10-01,8.85999966,,7.07000017,8.28999996
Australia,1992-11-01,9.14000034,,7.11999989,8.47999954
Australia,1992-12-01,8.93999958,,6.8499999,8.23999977
Australia,1993-01-01,8.60000038,,6.48999977,8.0
Australia,1993-02-01,7.98000002,,6.23999977,7.26000023
Australia,1993-03-01,7.82000017,,5.96000004,7.05000019
Australia,1993-04-01,7.55000019,,5.63000011,6.69000006
Australia,1993-05-01,7.71000004,,5.86999989,7.09000015
Australia,1993-06-01,7.36999989,,5.44000006,6.82999992
Australia,1993-07-01,6.88000011,,5.30000019,6.42999983
Australia,1993-08-01,6.63999987,,5.19999981,6.15999985
Australia,1993-09-01,6.84000015,,5.55999994,6.3499999
Australia,1993-10-01,6.48999977,,5.13999987,6.01000023
Australia,1993-11-01,6.80999994,,5.42000008,6.36000013
Australia,1993-12-01,6.67999983,,5.32999992,6.17000008
Australia,1994-01-01,6.36000013,,5.07999992,6.05000019
Australia,1994-02-01,7.05000019,,5.78000021,6.71999979
Australia,1994-03-01,7.94999981,,6.36000013,7.57000017
Australia,1994-04-01,8.43999958,,6.51999998,7.94000006
Australia,1994-05-01,8.78999996,,6.92999983,8.14000034
Australia,1994-06-01,9.63000011,,8.06999969,9.03999996
Australia,1994-07-01,9.56999969,,7.84000015,8.96000004
Australia,1994-08-01,9.35999966,,7.76999998,8.81000042
Australia,1994-09-01,10.32999992,,8.60000038,9.73999977
Australia,1994-10-01,10.51000023,,9.03999996,10.06000042
Australia,1994-11-01,10.47000027,,9.72000027,10.27000046
Australia,1994-12-01,10.03999996,,10.06000042,10.06000042
Australia,1995-01-01,10.39999962,,10.14000034,10.31999969
Australia,1995-02-01,9.85000038,,9.10000038,9.68000031
Australia,1995-03-01,9.82999992,,8.98999977,9.56999969
Australia,1995-04-01,9.68999958,,8.81999969,9.31999969
Australia,1995-05-01,8.93999958,,7.76000023,8.31000042
Australia,1995-06-01,9.21000004,,7.90999985,8.60999966
Australia,1995-07-01,9.42000008,,8.17000008,8.89000034
Australia,1995-08-01,8.97999954,,7.76000023,8.43999958
Australia,1995-09-01,8.56999969,,7.55000019,8.10000038
Australia,1995-10-01,8.77999973,,7.8499999,8.32999992
Australia,1995-11-01,8.17000008,,7.28000021,7.73999977
Australia,1995-12-01,8.18000031,,7.34000015,7.78000021
Australia,1996-01-01,8.01000023,,7.28999996,7.6500001
Australia,1996-02-01,8.59000015,,7.9000001,8.23999977
Australia,1996-03-01,8.88000011,,8.22999954,8.60999966
Australia,1996-04-01,8.72000027,,8.02999973,8.39999962
Australia,1996-05-01,8.85000038,,8.18000031,8.60999966
Australia,1996-06-01,8.88000011,,8.10000038,8.59000015
Australia,1996-07-01,8.30000019,,7.25,7.80000019
Australia,1996-08-01,8.06999969,,7.0,7.59000015
Australia,1996-09-01,7.78999996,,6.82000017,7.3499999
Australia,1996-10-01,7.38000011,,6.53999996,7.01000023
Australia,1996-11-01,7.17000008,,6.48000002,6.90999985
Australia,1996-12-01,7.36999989,,6.34000015,6.96000004
Australia,1997-01-01,7.40999985,,6.13000011,6.96000004
Australia,1997-02-01,7.67999983,,6.57000017,7.26999998
Australia,1997-03-01,8.0,,6.76999998,7.57999992
Australia,1997-04-01,7.82999992,,6.42999983,7.30000019
Australia,1997-05-01,7.48000002,,5.76000023,6.80000019
Australia,1997-06-01,7.05000019,,5.51999998,6.44000006
Australia,1997-07-01,6.36999989,,5.26000023,5.94999981
Australia,1997-08-01,6.55999994,,5.13000011,6.0
Australia,1997-09-01,6.13000011,,4.9000001,5.67000008
Australia,1997-10-01,5.96000004,,5.01000023,5.57999992
Australia,1997-11-01,6.19999981,,5.36999989,5.88000011
Australia,1997-12-01,6.05000019,,5.30000019,5.71999979
Australia,1998-01-01,5.9000001,,5.1500001,5.57000017
Australia,1998-02-01,5.98000002,,5.1500001,5.5999999
Australia,1998-03-01,5.75,,4.96999979,5.38999987
Australia,1998-04-01,5.88999987,,5.07999992,5.48999977
Australia,1998-05-01,5.38000011,,4.75,5.07000017
Australia,1998-06-01,5.57999992,,5.17999983,5.38000011
Australia,1998-07-01,5.53000021,,5.09000015,5.30999994
Australia,1998-08-01,5.90999985,,5.6500001,5.80999994
Australia,1998-09-01,5.07999992,,4.57000017,4.78999996
Australia,1998-10-01,4.94000006,,4.32000017,4.59000015
Australia,1998-11-01,5.03000021,,4.55999994,4.76000023
Australia,1998-12-01,5.01000023,,4.63999987,4.76999998
Australia,1999-01-01,5.01999998,,4.69000006,4.80999994
Australia,1999-02-01,5.55000019,,5.07000017,5.26999998
Australia,1999-03-01,5.48999977,,4.88999987,5.15999985
Australia,1999-04-01,5.51000023,,4.9000001,5.19000006
Australia,1999-05-01,6.0,,5.23999977,5.67999983
Australia,1999-06-01,6.26999998,,5.30000019,5.9000001
Australia,1999-07-01,6.23999977,,5.19000006,5.82000017
Australia,1999-08-01,6.3499999,,5.38000011,6.01999998
Australia,1999-09-01,6.30000019,,5.34000015,5.88000011
Australia,1999-10-01,6.63000011,,5.88999987,6.30999994
Australia,1999-11-01,6.63999987,,5.98000002,6.40999985
Australia,1999-12-01,6.96000004,,6.26000023,6.69999981
Australia,2000-01-01,7.15999985,6.05000019,6.59000015,7.01000023
Australia,2000-02-01,6.6500001,5.87200022,6.34000015,6.63999987
Australia,2000-03-01,6.36000013,5.84000015,6.26999998,6.4000001
Australia,2000-04-01,6.38999987,6.01000023,6.32999992,6.44999981
Australia,2000-05-01,6.26999998,6.03000021,6.11000013,6.23999977
Australia,2000-06-01,6.15999985,5.8499999,5.88999987,6.05000019
Australia,2000-07-01,6.25,6.17000008,6.17000008,6.23999977
Australia,2000-08-01,6.28000021,6.46500015,6.40999985,6.32000017
Australia,2000-09-01,6.19999981,6.30499983,6.23999977,6.19999981
Australia,2000-10-01,6.17999983,6.11999989,6.09000015,6.11999989
Australia,2000-11-01,5.76999998,5.82999992,5.71000004,5.73000002
Australia,2000-12-01,5.46000004,5.39499998,5.26999998,5.34000015
Australia,2001-01-01,5.32999992,4.84000015,4.80999994,5.01999998
Australia,2001-02-01,5.23000002,4.80000019,4.78999996,4.94999981
Australia,2001-03-01,5.28000021,4.61199999,4.69999981,4.92000008
Australia,2001-04-01,5.78000021,4.5,4.92999983,5.36000013
Australia,2001-05-01,6.03000021,4.57999992,5.13999987,5.6500001
Australia,2001-06-01,6.03999996,4.7249999,5.32000017,5.78000021
Australia,2001-07-01,6.07999992,4.76000023,5.44000006,5.84000015
Australia,2001-08-01,5.53999996,4.46999979,4.75,5.19999981
Australia,2001-09-01,5.51999998,4.05499983,4.26000023,4.9000001
Australia,2001-10-01,5.21000004,3.99000001,4.0,4.59000015
Australia,2001-11-01,5.61000013,4.03999996,4.46999979,5.0999999
Australia,2001-12-01,6.01000023,4.1500001,4.69999981,5.46999979
Australia,2002-01-01,6.01000023,4.19999981,5.03000021,5.69000006
Australia,2002-02-01,5.94999981,4.84000015,5.05999994,5.63999987
Australia,2002-03-01,6.32000017,5.19000006,5.55000019,6.05000019
Australia,2002-04-01,6.0999999,5.05999994,5.28000021,5.75
Australia,2002-05-01,6.19999981,5.53000021,5.73000002,6.03999996
Australia,2002-06-01,5.98999977,5.30000019,5.44000006,5.78000021
Australia,2002-07-01,5.86000013,4.98000002,5.17999983,5.59000015
Australia,2002-08-01,5.69000006,5.0250001,5.0999999,5.44000006
Australia,2002-09-01,5.34000015,4.78000021,4.84000015,5.11000013
Australia,2002-10-01,5.57999992,4.71000004,4.80000019,5.1500001
Australia,2002-11-01,5.69999981,4.71999979,4.88999987,5.26999998
Australia,2002-12-01,5.15999985,4.55999994,4.55000019,4.78999996
Australia,2003-01-01,5.17999983,4.63999987,4.57000017,4.80000019
Australia,2003-02-01,5.07000017,4.59000015,4.32999992,4.61999989
Australia,2003-03-01,5.32999992,4.57000017,4.53000021,4.9000001
Australia,2003-04-01,5.28000021,4.59000015,4.57000017,4.90999985
Australia,2003-05-01,4.86999989,4.46500015,4.42000008,4.61000013
Australia,2003-06-01,5.01000023,4.36999989,4.38999987,4.71000004
Australia,2003-07-01,5.42999983,4.59499979,4.67999983,5.07000017
Australia,2003-08-01,5.48999977,4.79500008,4.94999981,5.26999998
Australia,2003-09-01,5.38000011,4.92000008,4.96000004,5.21000004
Australia,2003-10-01,5.76000023,5.18499994,5.38999987,5.67000008
Australia,2003-11-01,5.96000004,5.49499989,5.71000004,5.92000008
Australia,2003-12-01,5.57000017,5.28499985,5.26499987,5.53000021
Australia,2004-01-01,5.82999992,5.375,5.44000006,5.73999977
Australia,2004-02-01,5.54500008,5.375,5.26000023,5.51999998
Australia,2004-03-01,5.49499989,5.23999977,5.17500019,5.28999996
Australia,2004-04-01,5.92999983,5.33500004,5.38500023,5.69999981
Australia,2004-05-01,5.83500004,5.26000023,5.23500013,5.50500011
Australia,2004-06-01,5.86000013,5.23000002,5.23999977,5.53499985
Australia,2004-07-01,5.8499999,5.25,5.32999992,5.5999999
Australia,2004-08-01,5.55000019,5.21999979,5.19000006,5.41499996
Australia,2004-09-01,5.51999998,5.17000008,5.13999987,5.42000008
Australia,2004-10-01,5.38000011,5.11000013,5.13000011,5.32000017
Australia,2004-11-01,5.28999996,5.0999999,5.0,5.1500001
Australia,2004-12-01,5.32499981,5.11000013,5.05000019,5.19999981
Australia,2005-01-01,5.36000013,5.21999979,5.21000004,5.30000019
Australia,2005-02-01,5.51000023,5.51499987,5.48500013,5.5
Australia,2005-03-01,5.71500015,5.64499998,5.63999987,5.71500015
Australia,2005-04-01,5.36999989,5.24499989,5.23999977,5.32499981
Australia,2005-05-01,5.17999983,5.25,5.17999983,5.17999983
Australia,2005-06-01,5.10500002,5.1500001,5.13999987,5.0999999
Australia,2005-07-01,5.18499994,5.19000006,5.19000006,5.19500017
Australia,2005-08-01,5.11999989,5.13500023,5.05000019,5.06500006
Australia,2005-09-01,5.32999992,5.30499983,5.26499987,5.30999994
Australia,2005-10-01,5.43499994,5.38000011,5.30499983,5.36000013
Australia,2005-11-01,5.39499998,5.30999994,5.25,5.30999994
Australia,2005-12-01,5.21000004,5.39499998,5.23500013,5.23000002
Australia,2006-01-01,5.36000013,5.4000001,5.29500008,5.30499983
Australia,2006-02-01,5.30999994,5.36999989,5.25,5.25500011
Australia,2006-03-01,5.38500023,5.44500017,5.34000015,5.38500023
Australia,2006-04-01,5.7249999,5.7249999,5.65500021,5.70499992
Australia,2006-05-01,5.76499987,5.71000004,5.69999981,5.73500013
Australia,2006-06-01,5.82499981,5.88500023,5.86499977,5.86000013
Australia,2006-07-01,5.86999989,6.0999999,6.01499987,5.96000004
Australia,2006-08-01,5.66499996,6.01999998,5.86499977,5.76499987
Australia,2006-09-01,5.51499987,5.98000002,5.8499999,5.67500019
Australia,2006-10-01,5.65500021,6.21000004,6.10500002,5.90500021
Australia,2006-11-01,5.55000019,6.15999985,6.0,5.7750001
Australia,2006-12-01,5.88999987,6.26000023,6.26000023,6.09000015
Australia,2007-01-01,5.90199995,6.13000011,6.17500019,6.03999996
Australia,2007-02-01,5.61999989,5.99700022,6.01499987,5.83199978
Australia,2007-03-01,5.91499996,6.3499999,6.34499979,6.13999987
Australia,2007-04-01,5.8920002,6.17500019,6.13999987,6.03999996
Australia,2007-05-01,6.01499987,6.22700024,6.26499987,6.14799976
Australia,2007-06-01,6.26200008,6.42000008,6.46799994,6.42000008
Australia,2007-07-01,6.0170002,6.44500017,6.42000008,6.28299999
Australia,2007-08-01,5.91800022,6.32499981,6.26200008,6.14499998
Australia,2007-09-01,6.17999983,6.39499998,6.43499994,6.40700006
Australia,2007-10-01,6.13999987,6.67000008,6.69999981,6.55000019
Australia,2007-11-01,5.90999985,6.5250001,6.53499985,6.28000021
Australia,2007-12-01,6.38000011,6.65500021,6.88500023,6.73999977
Australia,2008-01-01,6.14499998,6.69000006,6.67999983,6.51000023
Australia,2008-02-01,6.4380002,6.88000011,6.82000017,6.6500001
Australia,2008-03-01,6.14799976,6.67999983,6.35500002,6.26000023
Australia,2008-04-01,6.2750001,6.8499999,6.54500008,6.3499999
Australia,2008-05-01,6.53700018,6.92000008,6.85200024,6.5999999
Australia,2008-06-01,6.44500017,6.90500021,6.80999994,6.57700014
Australia,2008-07-01,6.2329998,6.50500011,6.32000017,6.15500021
Australia,2008-08-01,5.75299978,5.91800022,5.71799994,5.69799995
Australia,2008-09-01,5.40999985,5.19999981,5.11000013,5.19299984
Australia,2008-10-01,5.15999985,4.13999987,4.23799992,4.6880002
Australia,2008-11-01,4.57999992,2.8900001,3.17499995,3.86500001
Australia,2008-12-01,3.9849999,2.8900001,2.73000002,3.42000008
Australia,2009-01-01,4.10300016,2.59500003,2.41000009,3.125
Australia,2009-02-01,4.40299988,2.75,2.76999998,3.54999995
Australia,2009-03-01,4.63500023,2.8599999,3.14499998,3.9749999
Australia,2009-04-01,4.75500011,2.68499994,3.1500001,4.03499985
Australia,2009-05-01,5.48500013,3.02699995,3.53699994,4.70499992
Australia,2009-06-01,5.62799978,3.44000006,4.0079999,5.21000004
Australia,2009-07-01,5.71000004,3.59800005,4.28999996,5.45200014
Australia,2009-08-01,5.49700022,4.05000019,4.5999999,5.34499979
Australia,2009-09-01,5.43200016,3.92499995,4.40999985,5.20200014
Australia,2009-10-01,5.61999989,4.30000019,4.67299986,5.29300022
Australia,2009-11-01,5.30999994,4.13000011,4.34499979,4.98500013
Australia,2009-12-01,5.7249999,4.23000002,4.40500021,5.16200018
Australia,2010-01-01,5.44999981,4.21999979,4.21999979,5.0079999
Australia,2010-02-01,5.51000023,4.22700024,4.55999994,5.13500023
Australia,2010-03-01,5.78200006,4.55800009,4.98500013,5.51499987
Australia,2010-04-01,5.71500015,4.4749999,4.94000006,5.51200008
Australia,2010-05-01,5.37200022,4.19999981,4.41499996,5.01000023
Australia,2010-06-01,5.11299992,4.44799995,4.44799995,4.69500017
Australia,2010-07-01,5.21500015,4.51000023,4.56500006,4.76499987
Australia,2010-08-01,4.77799988,4.25500011,4.24700022,4.39799976
Australia,2010-09-01,4.97200012,4.625,4.77799988,4.86299992
Australia,2010-10-01,5.21299982,4.54300022,4.85500002,4.97200012
Australia,2010-11-01,5.42500019,4.84299994,4.97700024,5.13000011
Australia,2010-12-01,5.51499987,4.94999981,5.11000013,5.33500004
Australia,2011-01-01,5.48799992,4.76000023,4.8829999,5.12799978
Australia,2011-02-01,5.47700024,4.80000019,4.92000008,5.20499992
Australia,2011-03-01,5.51200008,4.79799986,4.92000008,5.25
Australia,2011-04-01,5.44000006,4.88500023,4.97700024,5.26499987
Australia,2011-05-01,5.22700024,4.77799988,4.80000019,5.01200008
Australia,2011-06-01,5.24700022,4.74499989,4.76499987,4.88500023
Australia,2011-07-01,4.82499981,4.45499992,4.3920002,4.5079999
Australia,2011-08-01,4.38999987,3.76300001,3.74300003,3.92799997
Australia,2011-09-01,4.25,3.7650001,3.625,3.80999994
Australia,2011-10-01,4.53499985,4.08199978,3.90499997,4.06500006
Australia,2011-11-01,3.94499993,3.43799996,3.11199999,3.30699992
Australia,2011-12-01,3.79999995,3.49300003,3.17000008,3.31299996
Australia,2012-01-01,3.85500002,3.63000011,3.19499993,3.34200001
Australia,2012-02-01,4.10200024,3.977,3.6400001,3.69700003
Australia,2012-03-01,4.07700014,3.6099999,3.47300005,3.55999994
Australia,2012-04-01,3.69300008,3.22300005,3.01999998,3.13199997
Australia,2012-05-01,2.93799996,2.50500011,2.21700001,2.28999996
Australia,2012-06-01,3.09200001,2.92199993,2.5150001,2.64199996
Australia,2012-07-01,3.03999996,3.13000011,2.75,2.67499995
Australia,2012-08-01,3.03699994,3.04299998,2.74000001,2.59500003
Australia,2012-09-01,3.01699996,2.63800001,2.4849999,2.60800004
Australia,2012-10-01,3.13199997,2.66799998,2.57999992,2.72300005
Australia,2012-11-01,3.16799998,2.773,2.66499996,2.75
Australia,2012-12-01,3.28500009,2.63199997,2.65199995,2.84200001
Australia,2013-01-01,3.45499992,2.75,2.76300001,2.99300003
Australia,2013-02-01,3.36800003,2.67199993,2.67199993,2.92799997
Australia,2013-03-01,3.42499995,2.82500005,2.81900001,3.03999996
Australia,2013-04-01,3.09200001,2.59100008,2.58200002,2.73099995
Australia,2013-05-01,3.37599993,2.53399992,2.55999994,2.81699991
Australia,2013-06-01,3.76999998,2.47000003,2.66300011,3.0480001
Australia,2013-07-01,3.73399997,2.31800008,2.44199991,2.91300011
Australia,2013-08-01,3.91300011,2.4000001,2.59599996,3.10800004
Australia,2013-09-01,3.89599991,2.43799996,2.58599997,3.25300002
Australia,2013-10-01,4.04400015,2.5539999,2.69899988,3.421
Australia,2013-11-01,4.23899984,2.53399992,2.72600007,3.52200007
Australia,2013-12-01,4.24100018,2.5079999,2.65300012,3.47399998
Australia,2014-01-01,4.03599977,2.41799998,2.56399989,3.352
Australia,2014-02-01,4.03299999,2.44099998,2.52200007,3.31299996
Australia,2014-03-01,4.09800005,2.61299992,2.84800005,3.45799994
Australia,2014-04-01,3.96499991,2.60500002,2.76999998,3.33100009
Australia,2014-05-01,3.68199992,2.56800008,2.66300011,3.12100005
Australia,2014-06-01,3.546,2.47099996,2.5309999,2.96499991
Australia,2014-07-01,3.52200007,2.55800009,2.61400008,2.977
Australia,2014-08-01,3.29999995,2.51099992,2.54299998,2.8440001
Australia,2014-09-01,3.48099995,2.59800005,2.65899992,3.01600003
Australia,2014-10-01,3.29099989,2.50900006,2.53699994,2.83500004
Australia,2014-11-01,3.05800009,2.50300002,2.43600011,2.58999991
Australia,2014-12-01,2.82999992,2.29900002,2.18300009,2.329
Australia,2015-01-01,2.47399998,2.0309999,1.99699998,2.08899999
Australia,2015-02-01,2.4849999,1.88,1.81799996,1.97899997
Australia,2015-03-01,2.33100009,1.79999995,1.71000004,1.86099994
Australia,2015-04-01,2.66199994,1.98300004,1.97899997,2.12700009
Australia,2015-05-01,2.73799992,1.91900003,1.88900006,2.11999989
Australia,2015-06-01,2.99000001,1.954,2.01900005,2.40499997
Australia,2015-07-01,2.7650001,1.926,1.88199997,2.20000005
Australia,2015-08-01,2.68499994,1.87699997,1.79200006,2.07999992
Australia,2015-09-01,2.5999999,1.92200005,1.82799995,2.10500002
Australia,2015-10-01,2.6329999,1.79799998,1.78199995,2.09299994
Australia,2015-11-01,2.85500002,2.00500011,2.01300001,2.30999994
Australia,2015-12-01,2.88899994,2.0309999,2.03299999,2.31399989
Australia,2016-01-01,2.67000008,1.92200005,1.92200005,2.16700006
Australia,2016-02-01,2.39899993,1.93099999,1.77900004,1.96300006
Australia,2016-03-01,2.48900008,2.02999997,1.89499998,2.09800005
Australia,2016-04-01,2.52,1.8876,1.8638,2.06
Australia,2016-05-01,2.3052,1.7131,1.6701,1.8285
Australia,2016-06-01,1.9959,1.5909,1.5989,1.659
Australia,2016-07-01,1.8875,1.5601,1.5268,1.5607
Australia,2016-08-01,1.8369,1.5163,1.4473,1.5247
Australia,2016-09-01,1.9179,1.6433,1.5563,1.6075
Australia,2016-10-01,2.3529,1.6347,1.6517,1.9563
Australia,2016-11-01,2.7361,1.6708,1.7648,2.2595
Australia,2016-12-01,2.765,1.724,1.834,2.3303
Australia,2017-01-01,2.7175,1.7171,1.7897,2.2247
Australia,2017-02-01,2.737,1.5997,1.8137,2.2577
Australia,2017-03-01,2.7025,1.562,1.7576,2.2526
Australia,2017-04-01,2.585,1.5503,1.6604,2.1176
Australia,2017-05-01,2.396,1.5472,1.5538,1.9142
Australia,2017-06-01,2.6071,1.6102,1.7359,2.1909
Australia,2017-07-01,2.6875,1.6366,1.8006,2.1736
Australia,2017-08-01,2.7234,1.6734,1.8954,2.2464
Australia,2017-09-01,2.8472,1.7855,1.9645,2.3675
Australia,2017-10-01,2.6781,1.739,1.833,2.191
Australia,2017-11-01,2.5113,1.6865,1.7475,2.0905
Australia,2017-12-01,2.6421,1.8061,1.9691,2.2971
Australia,2018-01-01,2.801,1.7649,2.0359,2.4239
Australia,2018-02-01,2.7928,1.8438,2.0064,2.3824
Australia,2018-03-01,2.6077,1.9306,2.0236,2.3096
Australia,2018-04-01,2.7803,1.9697,2.0547,2.4387
Australia,2018-05-01,2.6829,1.8215,1.9895,2.3191
Australia,2018-06-01,2.647,1.9241,2.0091,2.2863
Australia,2018-07-01,2.6584,1.9853,2.0823,2.2761
Australia,2018-08-01,2.5312,1.9727,1.9747,2.1416
Australia,2018-09-01,2.6808,1.9286,2.0406,2.2432
Australia,2018-10-01,2.6358,1.9339,1.9839,2.1775
Australia,2018-11-01,2.6011,1.9236,2.0066,2.1982
Australia,2018-12-01,2.3308,1.9476,1.9076,1.92499995
Australia,2019-01-01,2.204,1.88,1.83599997,1.87
Australia,2019-02-01,2.15199995,1.75999999,1.73699999,1.77400005
Australia,2019-03-01,1.78199995,1.55299997,1.45200002,1.45599997
Australia,2019-04-01,1.79999995,1.42999995,1.347,1.39400005
Australia,2019-05-01,1.46000004,1.21700001,1.11699998,1.16299999
Australia,2019-06-01,1.35000002,1.04799998,1.00100005,1.03799999
Australia,2019-07-01,1.18200004,0.98100001,0.84600002,0.84399998
Australia,2019-08-01,0.90799999,0.90700001,0.736,0.68599999
Australia,2019-09-01,1.01199996,0.81599998,0.76700002,0.74599999
Australia,2019-10-01,1.12699997,0.8635,0.83700001,0.83450001
Australia,2019-11-01,1.04250002,0.76800001,0.71600002,0.71249998
Australia,2019-12-01,1.37300003,0.921,0.91850001,0.98900002
Australia,2020-01-01,0.91299999,0.73199999,0.60900003,0.62
Australia,2020-02-01,0.705,0.497,0.415,0.478
Australia,2020-03-01,0.777,0.263,0.253,0.427
Australia,2020-04-01,0.924,0.222,0.244,0.436
Australia,2020-05-01,0.897,0.29,0.288,0.408
Australia,2020-06-01,0.909,0.26,0.267,0.41
Australia,2020-07-01,0.83,0.245,0.29,0.402
Australia,2020-08-01,0.988,0.192,0.266,0.425
Australia,2020-09-01,0.878,0.121,0.186,0.377
Australia,2020-10-01,0.845,0.068,0.12,0.289
Australia,2020-11-01,0.91,0.019,0.095,0.307
Australia,2020-12-01,0.973,0.048,0.07,0.329
Australia,2021-01-01,1.13,0.049,0.112,0.424
Australia,2021-02-01,1.725,0.061,0.117,0.776
Australia,2021-03-01,1.812,0.034,0.091,0.747
Australia,2021-04-01,1.7014,0.0651,0.0914,0.7023
Australia,2021-05-01,1.64,0.034,0.075,0.827
Australia,2021-06-01,1.491,0.009,0.073,0.847
Australia,2021-07-01,1.192,0.001,0.029,0.604
Australia,2021-08-01,1.201,0.008,0.028,0.637
Australia,2021-09-01,1.465,0.036,0.04,0.786
Australia,2021-10-01,1.945,0.306,0.67,1.462
Australia,2021-11-01,1.709,0.261,0.357,1.312
Australia,2021-12-01,1.67,0.294,0.381,1.338
Australia,2022-01-01,1.898,0.624,0.924,1.622
Australia,2022-02-01,2.121,0.574,1.076,1.815
Australia,2022-03-01,2.804,1.064,1.848,2.638
Australia,2022-04-01,3.239,1.861,2.558,3.022
Australia,2022-05-01,3.357,2.046,2.717,3.145
Australia,2022-06-01,3.597,2.299,2.825,3.304
Australia,2022-07-01,3.077,2.34,2.573,2.84
Australia,2022-08-01,3.671,2.827,3.184,3.425
Australia,2022-09-01,3.907,3.184,3.47,3.702
Australia,2022-10-01,3.826,3.222,3.318,3.531
Australia,2022-11-01,3.471,3.07,3.043,3.197
Australia,2022-12-01,4.053,3.351,3.42,3.692
Australia,2023-01-01,3.539,3.235,3.166,3.26
Australia,2023-02-01,3.892,3.845,3.711,3.712
Australia,2023-03-01,3.24,3.111,3.02,2.968
Australia,2023-04-01,3.27,3.321,2.979,3.012
Australia,2023-05-01,3.597,3.823,3.566,3.391
Australia,2023-06-01,4.015,4.398,4.242,3.962
Australia,2023-07-01,4.009,4.128,3.997,3.805
Australia,2023-08-01,4.002,3.989,3.782,3.778
Australia,2023-09-01,4.476,4.197,4.072,4.139
Australia,2023-10-01,4.979,4.615,4.526,4.605
Australia,2023-11-01,4.479,4.37,4.153,4.131
Australia,2023-12-01,3.959,3.965,3.72,3.639
Australia,2024-01-01,3.953,3.975,3.623,3.554
Australia,2024-02-01,4.136,3.971,3.733,3.784
Australia,2024-03-01,3.997,3.984,3.679,3.67
Australia,2024-04-01,4.479,4.291,4.145,4.145
Australia,2024-05-01,4.401,4.366,4.115,4.094
Australia,2024-06-01,4.339,4.42,4.192,4.109
Austria,1991-01-01,8.841255,,8.844222,8.799626
Austria,1991-02-01,8.467844,,8.649051,8.48541
Austria,1991-03-01,8.46424,,8.651897,8.502323
Austria,1991-04-01,8.435856,,8.660473,8.499534
Austria,1991-05-01,8.48823,,8.790264,8.47186
Austria,1991-06-01,8.550177,,8.855207,8.645634
Austria,1991-07-01,8.677669,,8.89564,8.786239
Austria,1991-08-01,8.630998,,8.889104,8.695201
Austria,1991-09-01,8.568652,,8.875238,8.805388
Austria,1991-10-01,8.539118,,8.821504,8.776682
Austria,1991-11-01,8.587166,,8.747849,8.722363
Austria,1991-12-01,8.550676,,,8.694755
Austria,1992-01-01,8.228509,,,8.29006
Austria,1992-02-01,8.227699,,,8.299346
Austria,1992-03-01,8.300987,,,8.434446
Austria,1992-04-01,8.317766,,8.646968,8.52563
Austria,1992-05-01,8.306031,,8.972468,8.540875
Austria,1992-06-01,8.439089,,9.011597,8.730725
Austria,1992-07-01,8.432395,,9.056651,8.722317
Austria,1992-08-01,8.365774,,9.086492,8.623841
Austria,1992-09-01,7.833343,,8.250735,8.036139
Austria,1992-10-01,7.726779,,7.533749,7.440621
Austria,1992-11-01,7.657696,,7.55092,7.490222
Austria,1992-12-01,7.368813,,7.405415,7.130545
Austria,1993-01-01,7.226639,,7.303176,7.012224
Austria,1993-02-01,6.975079,,7.009737,6.553087
Austria,1993-03-01,6.92255,,6.691598,6.514839
Austria,1993-04-01,7.036607,,6.781999,6.669914
Austria,1993-05-01,7.08906,,6.66742,6.569784
Austria,1993-06-01,6.814894,,6.433895,6.436813
Austria,1993-07-01,6.731711,,6.209991,6.249634
Austria,1993-08-01,6.47892,,6.083025,6.023139
Austria,1993-09-01,6.380518,,6.081805,6.00106
Austria,1993-10-01,6.184651,,5.880244,5.792817
Austria,1993-11-01,6.162081,,1.917381,5.586363
Austria,1993-12-01,5.867419,,5.481774,5.335896
Austria,1994-01-01,5.802978,,5.142277,5.213491
Austria,1994-02-01,6.24,5.76,5.813,5.765
Austria,1994-03-01,6.533181,5.639,5.61,6.036
Austria,1994-04-01,6.812,5.655,5.7,6.307
Austria,1994-05-01,7.403,5.651,6.07,6.829
Austria,1994-06-01,7.17,5.725,6.126,6.692
Austria,1994-07-01,7.073,6.038,5.996,6.607
Austria,1994-08-01,7.325,6.253,6.297,6.939
Austria,1994-09-01,7.548,6.794,6.837,7.22
Austria,1994-10-01,7.752,6.664,6.759,7.259
Austria,1994-11-01,7.657,6.688,6.706,7.079
Austria,1994-12-01,7.737,6.693,6.804,7.375
Austria,1995-01-01,7.666,6.648,6.532482,7.26
Austria,1995-02-01,7.624,6.56,6.533403,7.066
Austria,1995-03-01,7.457,6.139,6.233,6.732
Austria,1995-04-01,7.312,5.876,6.076,6.577
Austria,1995-05-01,6.916,5.326,5.642,6.071
Austria,1995-06-01,7.265,5.72,5.91,6.445
Austria,1995-07-01,7.105,5.446,5.636,6.23
Austria,1995-08-01,7.005,5.286,5.482,6.05
Austria,1995-09-01,6.973,4.93,5.157,5.782
Austria,1995-10-01,6.908,4.897,5.075,5.877
Austria,1995-11-01,6.628,4.642,4.752,5.339
Austria,1995-12-01,6.364,4.455,4.565,5.189
Austria,1996-01-01,6.191,4.125,4.444,5.049
Austria,1996-02-01,6.63,4.368,4.738,5.441
Austria,1996-03-01,6.537,4.321,4.58,5.473
Austria,1996-04-01,6.365,3.962,4.275,5.213
Austria,1996-05-01,6.567,4.057,4.478,5.244
Austria,1996-06-01,6.614,4.842,5.016,5.465
Austria,1996-07-01,6.534,4.26,4.894,5.597
Austria,1996-08-01,6.463,4.161,4.655,5.341
Austria,1996-09-01,6.142,3.992,4.644,5.115
Austria,1996-10-01,6.076,3.86,4.483,5.013
Austria,1996-11-01,5.77,3.865,4.253,4.642
Austria,1996-12-01,5.834,3.851,4.159,4.642
Austria,1997-01-01,5.781,3.743,4.008,4.799
Austria,1997-02-01,5.51,3.737,3.955,4.622
Austria,1997-03-01,5.803,3.91,4.208,4.794
Austria,1997-04-01,5.858,3.819,4.192,4.732
Austria,1997-05-01,5.925,3.817,4.239,4.907
Austria,1997-06-01,5.734,3.863,4.083,4.671
Austria,1997-07-01,5.55,4.057,4.29,4.664
Austria,1997-08-01,5.709,4.188,4.582,4.833
Austria,1997-09-01,5.559,4.261,4.461,4.89
Austria,1997-10-01,5.663,4.53,4.855,5.097
Austria,1997-11-01,5.534,4.466,4.783,5.059
Austria,1997-12-01,5.407,4.47,4.679,4.863
Austria,1998-01-01,5.151,4.141,4.325,4.553
Austria,1998-02-01,5.049,4.115,4.322,4.655
Austria,1998-03-01,5.026,4.175,4.363,4.676
Austria,1998-04-01,5.113,4.23,4.469,4.765
Austria,1998-05-01,4.968,4.22,4.335,4.582
Austria,1998-06-01,4.889,4.148,4.253,4.505
Austria,1998-07-01,4.788,4.08,4.168,4.402
Austria,1998-08-01,4.528,3.803,3.866,4.141
Austria,1998-09-01,4.207,3.652,3.62,3.847
Austria,1998-10-01,4.358,3.537,3.679,3.841
Austria,1998-11-01,4.213,3.495,3.559,3.704
Austria,1998-12-01,4.035,3.356,3.347,3.492
Austria,1999-01-01,3.815,3.029,3.081,3.228
Austria,1999-02-01,4.147,3.206,3.38,3.498
Austria,1999-03-01,4.185,2.914,3.191,3.511
Austria,1999-04-01,4.031,2.77,2.979,3.298
Austria,1999-05-01,4.311,2.931,3.138,3.574
Austria,1999-06-01,4.727,3.237,3.593,4.077
Austria,1999-07-01,5.031,3.39,3.856,4.407
Austria,1999-08-01,5.122,3.647,4.03,4.507
Austria,1999-09-01,5.354,3.768,4.221,4.759
Austria,1999-10-01,5.448,3.962,4.449,4.942
Austria,1999-11-01,5.439,4.07,4.501,4.927
Austria,1999-12-01,5.544,4.493,4.58,5.031
Austria,2000-01-01,5.793,4.657,4.802,5.267
Austria,2000-02-01,5.757,4.66,4.742,5.238
Austria,2000-03-01,5.462,4.629,4.847,5.106
Austria,2000-04-01,5.562,4.811,5.032,5.245
Austria,2000-05-01,5.523,5.221,5.275,5.358
Austria,2000-06-01,5.604,5.207,5.235,5.391
Austria,2000-07-01,5.53,5.293,5.342,5.419
Austria,2000-08-01,5.631,5.437,5.405,5.507
Austria,2000-09-01,5.538,5.111,5.259,5.372
Austria,2000-10-01,5.529,5.279,5.285,5.362
Austria,2000-11-01,5.281,5.011,5.005,5.076
Austria,2000-12-01,5.166,4.667,4.581,4.757
Austria,2001-01-01,5.113,4.577,4.529,4.721
Austria,2001-02-01,5.068,4.579,4.504,4.69
Austria,2001-03-01,5.027,4.358,4.315,4.536
Austria,2001-04-01,5.326,4.841,4.728,4.922
Austria,2001-05-01,5.429,4.534,4.519,4.869
Austria,2001-06-01,5.368,4.428,4.414,4.741
Austria,2001-07-01,5.123,4.216,4.397,4.621
Austria,2001-08-01,5.045,3.981,4.202,4.456
Austria,2001-09-01,5.046,3.62,3.895,4.32
Austria,2001-10-01,4.617,3.205,3.482,3.901
Austria,2001-11-01,4.783,3.386,3.741,4.165
Austria,2001-12-01,5.169,3.582,3.999,4.522
Austria,2002-01-01,5.082,3.783785,4.2,4.789
Austria,2002-02-01,5.142,3.764,4.177,4.782
Austria,2002-03-01,5.434,4.138,4.552,5.116
Austria,2002-04-01,5.31,3.86,4.285,4.913
Austria,2002-05-01,5.346,4.024,4.406,4.981
Austria,2002-06-01,5.142,3.73,4.061,4.699
Austria,2002-07-01,4.934,3.39,3.719,4.426
Austria,2002-08-01,4.74,3.29,3.526,4.184
Austria,2002-09-01,4.46,2.972,3.112,3.777
Austria,2002-10-01,4.641,2.972,3.11,3.913
Austria,2002-11-01,4.571,2.888,3.107,3.898
Austria,2002-12-01,4.261,2.706,2.721,3.466
Austria,2003-01-01,4.119,2.63,2.575,3.379
Austria,2003-02-01,3.932,2.441,2.312,3.105
Austria,2003-03-01,4.046,2.382,2.585,3.23
Austria,2003-04-01,4.051,2.355,2.577,3.239
Austria,2003-05-01,3.825,2.085,2.245,2.866
Austria,2003-06-01,3.902,2.026,2.218,2.905
Austria,2003-07-01,4.256,2.241,2.601,3.362
Austria,2003-08-01,4.249,2.334,2.702,3.432
Austria,2003-09-01,4.059,2.071,2.32,3.069
Austria,2003-10-01,4.357,2.279,2.703,3.481
Austria,2003-11-01,4.488,2.319,2.823,3.621
Austria,2003-12-01,4.325,2.136,2.546,3.355
Austria,2004-01-01,4.335,2.454,2.757,3.616
Austria,2004-02-01,4.147,2.156,2.448,3.332
Austria,2004-03-01,4.041,2.015,2.29,3.177
Austria,2004-04-01,4.269,2.299,2.585,3.485
Austria,2004-05-01,4.428,2.467,2.754,3.674
Austria,2004-06-01,4.376,2.452,2.789,3.663
Austria,2004-07-01,4.262,2.376,2.657,3.531
Austria,2004-08-01,4.075,2.262,2.458,3.293
Austria,2004-09-01,4.041,2.344,2.554,3.301
Austria,2004-10-01,3.911,2.229,2.385,3.131
Austria,2004-11-01,3.766,2.207,2.321,3.011
Austria,2004-12-01,3.664,2.218,2.394,3.002
Austria,2005-01-01,3.522,2.316,2.578,2.941
Austria,2005-02-01,3.709,2.374,2.695,3.138
Austria,2005-03-01,3.599,2.342,2.619,3.025
Austria,2005-04-01,3.492,2.139,2.369,2.765
Austria,2005-05-01,3.306,2.049,2.241,2.616
Austria,2005-06-01,3.164,1.981,2.08,2.458
Austria,2005-07-01,3.28,2.144,2.295,2.615
Austria,2005-08-01,3.123,2.151,2.231,2.504
Austria,2005-09-01,3.177,2.199,2.41,2.66
Austria,2005-10-01,3.409,2.399,2.654,2.929
Austria,2005-11-01,3.44,2.576,2.778,3.016
Austria,2005-12-01,3.293,2.541,2.829,3.012
Austria,2006-01-01,3.467,2.932,2.972,3.235
Austria,2006-02-01,3.481,3.005,3.059,3.283
Austria,2006-03-01,3.787,3.268,3.297,3.589
Austria,2006-04-01,3.991,3.304,3.349,3.72
Austria,2006-05-01,4.019,3.321,3.356,3.689
Austria,2006-06-01,4.089,3.474,3.505,3.82
Austria,2006-07-01,3.949,3.459,3.458,3.687
Austria,2006-08-01,3.792,3.526,3.5,3.583
Austria,2006-09-01,3.748,3.648,3.589,3.615
Austria,2006-10-01,3.776,3.726,3.661,3.681
Austria,2006-11-01,3.72,3.737,3.675,3.642
Austria,2006-12-01,3.993,3.874,3.87,3.925
Austria,2007-01-01,4.142,3.954,3.978,4.07
Austria,2007-02-01,4.003,3.934,3.889,3.927
Austria,2007-03-01,4.12,4.036,4.025,4.062
Austria,2007-04-01,4.202,4.103,4.115,4.151
Austria,2007-05-01,4.44,4.233,4.416,4.438
Austria,2007-06-01,,4.269,4.499,4.569
Austria,2007-07-01,,4.254,4.369,4.405
Austria,2007-08-01,,4.087,4.095,4.204
Austria,2007-09-01,4.429,4.005,4.093,4.247
Austria,2007-10-01,4.347,4.074,4.194,4.241
Austria,2007-11-01,4.278,4.274,3.94,4.032
Austria,2007-12-01,4.425,3.753,4.021,4.196
Austria,2008-01-01,4.14,3.551,3.473,3.727
Austria,2008-02-01,4.106,3.387,3.217,3.535
Austria,2008-03-01,4.247,3.754,3.687,3.818
Austria,2008-04-01,4.404,3.998,3.936,4.092
Austria,2008-05-01,4.67,4.408,4.433,4.418
Austria,2008-06-01,4.889,4.698,4.733,4.777
Austria,2008-07-01,4.628,4.454,4.362,4.428
Austria,2008-08-01,4.461,4.34,4.258,4.235
Austria,2008-09-01,4.438,3.874,3.587,4.06
Austria,2008-10-01,4.524,2.52,2.771,3.874
Austria,2008-11-01,3.889,2.016,2.289,3.261
Austria,2008-12-01,3.839,1.691,2.214,3.102
Austria,2009-01-01,4.225,1.444,1.522,3.177
Austria,2009-02-01,4.169,1.335,1.401,3.138
Austria,2009-03-01,4.006,1.302,1.116,3.009
Austria,2009-04-01,4.003,1.338,1.099,2.812
Austria,2009-05-01,4.329,1.022,1.351,3.287
Austria,2009-06-01,4.106,0.913,1.248,3.153
Austria,2009-07-01,3.772,0.613,1.148,2.832
Austria,2009-08-01,3.739,0.583,1.042,2.842
Austria,2009-09-01,3.661,0.52,0.93,2.641
Austria,2009-10-01,3.592,0.543,0.945,2.624
Austria,2009-11-01,3.523,0.555,0.962,2.527
Austria,2009-12-01,3.874,1.09,1.74,2.981
Austria,2010-01-01,3.673,0.822,1.6,2.696
Austria,2010-02-01,3.588,0.583,1.301,2.539
Austria,2010-03-01,3.471,0.54,1.231,2.465
Austria,2010-04-01,3.386,0.614,1.058,2.423
Austria,2010-05-01,3.008,0.457,0.748,1.967
Austria,2010-06-01,3.22,0.557,0.923,2.082
Austria,2010-07-01,3.106,0.506,1.107,2.095
Austria,2010-08-01,2.592,0.991,0.853,1.64
Austria,2010-09-01,2.812,0.607,1.081,1.868
Austria,2010-10-01,2.955,0.683,1.205,1.992
Austria,2010-11-01,3.234,0.979,1.166,2.141
Austria,2010-12-01,3.518,0.907,1.413,2.627
Austria,2011-01-01,3.618,1.353,1.835,2.914
Austria,2011-02-01,3.655,1.438,1.894,2.881
Austria,2011-03-01,3.833,1.632,2.137,3.157
Austria,2011-04-01,3.643,1.688,2.152,3.058
Austria,2011-05-01,3.45,1.447,1.912,2.784
Austria,2011-06-01,3.503,1.609,1.866,2.815
Austria,2011-07-01,3.132,1.365,1.467,2.381
Austria,2011-08-01,2.832,0.808,1.067,1.981
Austria,2011-09-01,2.673,0.646,1.047,1.885
Austria,2011-10-01,2.987,0.489,1.062,2.01
Austria,2011-11-01,3.521,0.138,1.501,2.566
Austria,2011-12-01,2.913,0.019,0.774,1.905
Austria,2012-01-01,3.089,0.7,0.953,2.075
Austria,2012-02-01,2.961,0.719,0.846,1.848
Austria,2012-03-01,2.793,0.567,0.669,1.692
Austria,2012-04-01,2.678,0.465,0.647,1.609
Austria,2012-05-01,2.107,0.279,0.475,1.205
Austria,2012-06-01,2.43,0.313,0.45,1.324
Austria,2012-07-01,1.899,0.106,0.08,0.678
Austria,2012-08-01,1.952,0.123,0.114,0.761
Austria,2012-09-01,1.923,0.101,0.115,0.682
Austria,2012-10-01,1.995,0.099,0.149,0.841
Austria,2012-11-01,1.743,0.161,0.082,0.651
Austria,2012-12-01,1.754,0.097,0.071,0.687
Austria,2013-01-01,1.992,0.212,0.318,1.03
Austria,2013-02-01,1.819,0.083,0.103,0.74
Austria,2013-03-01,1.688,0.081,0.143,0.73
Austria,2013-04-01,1.623,0.064,0.096,0.53
Austria,2013-05-01,1.911,0.078,0.19,0.711
Austria,2013-06-01,2.18,0.193,0.343,1.026
Austria,2013-07-01,2.083,0.124,0.255,0.834
Austria,2013-08-01,2.302,0.189,0.3,1.045
Austria,2013-09-01,2.192,0.169,0.232,0.907
Austria,2013-10-01,2.056,0.15,0.186,0.957
Austria,2013-11-01,2.054,0.15,0.191,0.946
Austria,2013-12-01,2.279,0.216,0.227,1.139
Austria,2014-01-01,1.926,0.121,0.123,0.819
Austria,2014-02-01,1.933,0.17,0.159,0.838
Austria,2014-03-01,1.827,0.214,0.216,0.756
Austria,2014-04-01,1.713,0.2,0.179,0.697
Austria,2014-05-01,1.552,0.211,0.149,0.496
Austria,2014-06-01,1.562,0.074,0.099,0.513
Austria,2014-07-01,1.414,0.052,0.079,0.425
Austria,2014-08-01,1.13,0.012,0.034,0.27
Austria,2014-09-01,1.156,-0.018,-0.011,0.24
Austria,2014-10-01,1.037,-0.029,-0.009,0.249
Austria,2014-11-01,0.843,0.035,0.018,0.198
Austria,2014-12-01,0.712,-0.054,-0.023,0.115
Austria,2015-01-01,0.409,-0.099,-0.113,0.007
Austria,2015-02-01,0.39,-0.016,-0.137,-0.038
Austria,2015-03-01,0.323,-0.1076,-0.168,-0.0063
Austria,2015-04-01,0.494,-0.1612,-0.1124,0.1226
Austria,2015-05-01,0.638,-0.1768,-0.1496,0.1178
Austria,2015-06-01,1.1564,-0.1417,-0.1164,0.2599
Austria,2015-07-01,0.9115,-0.1883,-0.1745,0.1036
Austria,2015-08-01,1.0711,-0.1662,-0.1274,0.1937
Austria,2015-09-01,0.8982,-0.179,-0.1736,0.0553
Austria,2015-10-01,0.81,-0.2609,-0.2475,-0.0191
Austria,2015-11-01,0.7348,-0.3065,-0.3171,-0.1129
Austria,2015-12-01,0.8975,-0.2976,-0.2967,-0.0196
Austria,2016-01-01,0.5923,-0.4198,-0.4211,-0.2341
Austria,2016-02-01,0.3892,-0.4309,-0.5051,-0.3337
Austria,2016-03-01,0.3607,-0.4331,-0.4197,-0.2875
Austria,2016-04-01,0.5104,-0.4502,-0.4209,-0.264
Austria,2016-05-01,0.3305,-0.4724,-0.4709,-0.3498
Austria,2016-06-01,0.221,-0.5589,-0.5466,-0.3644
Austria,2016-07-01,0.055,-0.5302,-0.5423,-0.444
Austria,2016-08-01,0.131,-0.5336,-0.5482,-0.4513
Austria,2016-09-01,0.103,-0.5517,-0.6177,-0.4806
Austria,2016-10-01,0.351,-0.5512,-0.5917,-0.3169
Austria,2016-11-01,0.539,-0.6779,-0.6627,-0.3075
Austria,2016-12-01,0.426,-0.6528,-0.6649,-0.3758
Austria,2017-01-01,0.689,-0.5755,-0.5796,-0.2525
Austria,2017-02-01,0.431,-0.6447,-0.7391,-0.4334
Austria,2017-03-01,0.541,-0.5703,-0.6484,-0.3196
Austria,2017-04-01,0.608,-0.6174,-0.5777,-0.2309
Austria,2017-05-01,0.585,-0.6246,-0.6129,-0.2908
Austria,2017-06-01,0.711,-0.5702,-0.4763,-0.0961
Austria,2017-07-01,0.71,-0.5245,-0.5593,-0.1799
Austria,2017-08-01,0.57,-0.6687,-0.6227,-0.2946
Austria,2017-09-01,0.635,-0.5699,-0.5746,-0.1551
Austria,2017-10-01,0.54,-0.6245,-0.6399,-0.2329
Austria,2017-11-01,0.522,-0.621,-0.6087,-0.2447
Austria,2017-12-01,0.588,-0.6032,-0.4982,-0.1087
Austria,2018-01-01,0.811,-0.5081,-0.4677,0.1271
Austria,2018-02-01,0.904,-0.5477,-0.3624,0.204
Austria,2018-03-01,0.697,-0.546,-0.4362,0.069
Austria,2018-04-01,0.762,-0.5146,-0.4442,0.102
Austria,2018-05-01,0.697,-0.5649,-0.5294,-0.01
Austria,2018-06-01,0.578,-0.5179,-0.5693,-0.113
Austria,2018-07-01,0.626,-0.3544,-0.454,-0.035
Austria,2018-08-01,0.552,-0.385,-0.5164,-0.093
Austria,2018-09-01,0.684,-0.4013,-0.4254,0.016
Austria,2018-10-01,0.608,-0.6125,-0.5694,-0.07
Austria,2018-11-01,0.56,-0.6004,-0.5534,-0.124
Austria,2018-12-01,0.498,-0.541,-0.4897,-0.161
Austria,2019-01-01,0.372,-0.4306,-0.4431,-0.212
Austria,2019-02-01,0.538,-0.4439,-0.4371,-0.0453
Austria,2019-03-01,0.237,-0.5138,-0.5246,-0.2748
Austria,2019-04-01,0.307,-0.5026,-0.5196,-0.2248
Austria,2019-05-01,0.124,-0.516,-0.5971,-0.353
Austria,2019-06-01,-0.054,-0.5658,-0.637,-0.4609
Austria,2019-07-01,-0.219,-0.5706,-0.6891,-0.5753
Austria,2019-08-01,-0.443,-0.711,-0.8269,-0.7355
Austria,2019-09-01,-0.32,-0.5789,-0.6876,-0.5824
Austria,2019-10-01,-0.169,-0.5711,-0.5823,-0.4593
Austria,2019-11-01,-0.125,-0.5468,-0.5562,-0.432
Austria,2019-12-01,0.026,-0.5514,-0.5581,-0.3297
Austria,2020-01-01,-0.262,-0.5526,-0.6035,-0.5416
Austria,2020-02-01,-0.384,-0.5591,-0.6872,-0.6289
Austria,2020-03-01,0.014,-0.4842,-0.532,-0.2819
Austria,2020-04-01,-0.167,-0.6185,-0.62,-0.424
Austria,2020-05-01,-0.107,-0.4787,-0.497,-0.4056
Austria,2020-06-01,-0.205,-0.5506,-0.572,-0.5061
Austria,2020-07-01,-0.288,-0.5567,-0.603,-0.5897
Austria,2020-08-01,-0.22,-0.5576,-0.592,-0.533
Austria,2020-09-01,-0.343,-0.5173,-0.623,-0.6291
Austria,2020-10-01,-0.431,-0.5773,-0.722,-0.7098
Austria,2020-11-01,-0.412,-0.587,-0.686,-0.6641
Austria,2020-12-01,-0.427,-0.0362,-0.684,-0.6945
Austria,2021-01-01,-0.369,-0.0362,-0.663,-0.6237
Austria,2021-02-01,-0.035,-0.606,-0.585,-0.419
Austria,2021-03-01,-0.06,-0.631,-0.632,-0.47
Austria,2021-04-01,0.036,-0.637,-0.628,-0.422
Austria,2021-05-01,0.051,-0.633,-0.622,-0.392
Austria,2021-06-01,0.022,-0.632,-0.624,-0.414
Austria,2021-07-01,-0.2,-0.689,-0.727,-0.626
Austria,2021-08-01,-0.145,-0.666,-0.745,-0.551
Austria,2021-09-01,0.029,-0.579,-0.733,-0.456
Austria,2021-10-01,0.152,-0.589,-0.614,-0.286
Austria,2021-11-01,-0.075,-0.652,-0.727,-0.512
Austria,2021-12-01,0.086,-0.581,-0.624,-0.353
Austria,2022-01-01,0.277,-0.576,-0.504,-0.132
Austria,2022-02-01,0.495,-0.569,-0.561,-0.027
Austria,2022-03-01,1.009,-0.274,0.09,0.556
Austria,2022-04-01,1.441,-0.027,0.33,0.891
Austria,2022-05-01,1.686,0.146,0.545,1.092
Austria,2022-06-01,1.913,0.674,0.635,1.31
Austria,2022-07-01,1.363,0.655,0.395,0.768
Austria,2022-08-01,2.191,1.067,1.355,1.685
Austria,2022-09-01,2.829,1.553,1.946,2.367
Austria,2022-10-01,2.816,1.903,2.047,2.416
Austria,2022-11-01,2.528,2.261,2.1694,2.146
Austria,2022-12-01,3.201,3.0812,2.9822,2.922
Austria,2023-01-01,2.909,2.807,2.719,2.659
Austria,2023-02-01,3.271,3.355,3.197,3.087
Austria,2023-03-01,2.923,2.875,2.82,2.694
Austria,2023-04-01,2.988,2.977,2.983,2.693
Austria,2023-05-01,2.972,3.086,2.882,2.69
Austria,2023-06-01,3.038,3.451,3.349,2.993
Austria,2023-07-01,3.098,3.504,3.297,2.952
Austria,2023-08-01,3.06,3.56,3.201,2.891
Austria,2023-09-01,3.468,3.89,3.504,3.224
Austria,2023-10-01,3.458,3.786,3.406,3.073
Austria,2023-11-01,3.026,3.5988,2.9691,2.798
Austria,2023-12-01,2.608,3.2855,2.5135,2.337
Austria,2024-01-01,2.722,2.948,2.6175,2.453
Austria,2024-02-01,2.912,3.355,3.0393,2.745
Austria,2024-03-01,2.824,3.388,2.9441,2.671
Austria,2024-04-01,3.076,3.62,3.211,2.916
Austria,2024-05-01,3.145,3.577,3.2289,3.024
Austria,2024-06-01,3.065,3.586,3.177,2.921
Belgium,1993-12-01,6.36100006,,,5.84299994
Belgium,1994-01-01,6.46600008,,5.64300013,5.81500006
Belgium,1994-02-01,6.94299984,,6.08699989,6.29400015
Belgium,1994-03-01,7.17600012,,6.08199978,6.59100008
Belgium,1994-04-01,7.42399979,,5.96999979,6.76900005
Belgium,1994-05-01,7.98400021,,6.07000017,7.19399977
Belgium,1994-06-01,7.89599991,,6.28800011,7.25699997
Belgium,1994-07-01,7.99399996,,6.46600008,7.27799988
Belgium,1994-08-01,8.41800022,,6.96500015,7.78599977
Belgium,1994-09-01,8.62699986,,7.09499979,8.06499958
Belgium,1994-10-01,8.46800041,,6.58900023,7.89300013
Belgium,1994-11-01,8.25899982,,6.86299992,7.63500023
Belgium,1994-12-01,8.4090004,,7.079,7.87599993
Belgium,1995-01-01,8.34700012,,7.0539999,7.71299982
Belgium,1995-02-01,8.24600029,,6.98899984,7.56500006
Belgium,1995-03-01,8.0710001,,6.83799982,7.44999981
Belgium,1995-04-01,7.86999989,,6.47300005,7.26800013
Belgium,1995-05-01,7.34499979,,5.63000011,6.54400015
Belgium,1995-06-01,7.57299995,,5.58799982,6.86199999
Belgium,1995-07-01,7.29899979,,5.14900017,6.51399994
Belgium,1995-08-01,7.21600008,,4.96899986,6.35400009
Belgium,1995-09-01,7.14599991,,4.74499989,6.17999983
Belgium,1995-10-01,6.954,,4.57999992,6.00299978
Belgium,1995-11-01,6.70800018,,4.1500001,5.62699986
Belgium,1995-12-01,6.6880002,,3.94199991,5.53100014
Belgium,1996-01-01,6.35599995,,3.56299996,5.17000008
Belgium,1996-02-01,6.85500002,,4.00699997,5.58799982
Belgium,1996-03-01,6.76800013,,3.87700009,5.52199984
Belgium,1996-04-01,6.63199997,,4.0,5.42799997
Belgium,1996-05-01,6.73000002,,3.97399998,5.41099977
Belgium,1996-06-01,6.7670002,,4.24100018,5.60699987
Belgium,1996-07-01,6.77899981,,4.19500017,5.56500006
Belgium,1996-08-01,6.63000011,,3.91700006,5.34600019
Belgium,1996-09-01,6.24100018,,3.56800008,4.99700022
Belgium,1996-10-01,6.11299992,,3.50699997,4.87599993
Belgium,1996-11-01,5.78599977,,3.34500003,4.54799986
Belgium,1996-12-01,5.87200022,,3.25699997,4.48400021
Belgium,1997-01-01,5.80700016,,3.51200008,4.76100016
Belgium,1997-02-01,5.66300011,,3.66700006,4.71500015
Belgium,1997-03-01,6.00500011,,3.8269999,5.01900005
Belgium,1997-04-01,5.9380002,,3.72099996,4.88899994
Belgium,1997-05-01,6.02299976,,3.77699995,4.95100021
Belgium,1997-06-01,5.78000021,,3.61500001,4.71199989
Belgium,1997-07-01,5.63899994,,3.85599995,4.75899982
Belgium,1997-08-01,5.78399992,,4.02099991,4.90700006
Belgium,1997-09-01,5.60599995,,4.15500021,4.89799976
Belgium,1997-10-01,5.72100019,,4.36499977,5.09499979
Belgium,1997-11-01,5.579,,4.20800018,5.04099989
Belgium,1997-12-01,5.45300007,,4.1420002,4.84200001
Belgium,1998-01-01,5.20100021,,4.02600002,4.64300013
Belgium,1998-02-01,5.07700014,,4.03499985,4.57800007
Belgium,1998-03-01,5.04699993,,4.11000013,4.59800005
Belgium,1998-04-01,5.12699986,,4.25500011,4.69399977
Belgium,1998-05-01,5.0,,4.07200003,4.59800005
Belgium,1998-06-01,4.94500017,,4.06099987,4.51000023
Belgium,1998-07-01,4.84200001,,3.97199988,4.41200018
Belgium,1998-08-01,4.53599977,,3.66300011,3.94499993
Belgium,1998-09-01,4.15600014,,3.46700001,3.68499994
Belgium,1998-10-01,4.3119998,,3.45099998,3.76399994
Belgium,1998-11-01,4.19999981,,3.39100003,3.59699988
Belgium,1998-12-01,4.05100012,,3.13800001,3.4460001
Belgium,1999-01-01,3.89299989,,2.97000003,3.3670001
Belgium,1999-02-01,4.23699999,,3.23099995,3.6789999
Belgium,1999-03-01,4.2670002,,2.98200011,3.51099992
Belgium,1999-04-01,4.1789999,,2.796,3.36599994
Belgium,1999-05-01,4.41400003,,2.86400008,3.50900006
Belgium,1999-06-01,4.77400017,,3.15700006,3.96099997
Belgium,1999-07-01,5.09700012,,3.40799999,4.34399986
Belgium,1999-08-01,5.25699997,,3.4519999,4.49399996
Belgium,1999-09-01,5.36600018,,3.53699994,4.58500004
Belgium,1999-10-01,5.36399984,,3.9289999,4.79799986
Belgium,1999-11-01,5.37799978,,3.93799996,4.74700022
Belgium,1999-12-01,5.58500004,,4.10099983,5.11999989
Belgium,2000-01-01,5.85300016,,4.625,5.32600021
Belgium,2000-02-01,5.77600002,,4.6420002,5.26399994
Belgium,2000-03-01,5.50099993,,4.52899981,5.07000017
Belgium,2000-04-01,5.57800007,,4.7420001,5.20499992
Belgium,2000-05-01,5.55200005,,5.0710001,5.32399988
Belgium,2000-06-01,5.55999994,,5.03900003,5.30499983
Belgium,2000-07-01,5.51399994,,5.20900011,5.37300014
Belgium,2000-08-01,5.6500001,,5.15899992,5.5079999
Belgium,2000-09-01,5.58599997,,5.06799984,5.35500002
Belgium,2000-10-01,5.57499981,,5.12200022,5.35699987
Belgium,2000-11-01,5.35400009,,4.85900021,5.09499979
Belgium,2000-12-01,5.21199989,,4.55100012,4.75899982
Belgium,2001-01-01,5.14799976,,4.49300003,4.71899986
Belgium,2001-02-01,5.10699987,,4.45100021,4.66900015
Belgium,2001-03-01,5.07499981,,4.27600002,4.54500008
Belgium,2001-04-01,5.36000013,,4.64799976,4.8670001
Belgium,2001-05-01,5.4749999,,4.50600004,4.875
Belgium,2001-06-01,5.42500019,,4.28700018,4.84899998
Belgium,2001-07-01,5.18300009,,4.19099998,4.66699982
Belgium,2001-08-01,5.05999994,,3.94300008,4.46000004
Belgium,2001-09-01,5.03100014,,3.48200011,4.28700018
Belgium,2001-10-01,4.66099977,,3.16599989,3.92600012
Belgium,2001-11-01,4.82999992,,3.64199996,4.17399979
Belgium,2001-12-01,5.19199991,,3.8599999,4.52699995
Belgium,2002-01-01,5.12300014,,4.05499983,4.60699987
Belgium,2002-02-01,5.16800022,,4.00199986,4.59499979
Belgium,2002-03-01,5.46899986,,4.42999983,4.98899984
Belgium,2002-04-01,5.34700012,,4.17999983,4.76599979
Belgium,2002-05-01,5.3920002,,4.31400013,4.92299986
Belgium,2002-06-01,5.18599987,,3.9460001,4.62099981
Belgium,2002-07-01,4.96899986,,3.61599994,4.34200001
Belgium,2002-08-01,4.75500011,,3.44700003,4.09100008
Belgium,2002-09-01,4.47700024,,3.04200006,3.6789999
Belgium,2002-10-01,4.63399982,,3.27699995,3.78200006
Belgium,2002-11-01,4.60500002,,3.28900003,3.80599999
Belgium,2002-12-01,4.30700016,,2.83400011,3.41700006
Belgium,2003-01-01,4.23000002,,2.69400001,3.21199989
Belgium,2003-02-01,4.04099989,,2.37400007,3.11400008
Belgium,2003-03-01,4.16900015,,2.4749999,3.27900004
Belgium,2003-04-01,4.1789999,,2.41700006,3.26200008
Belgium,2003-05-01,3.81200004,,2.26099992,2.95900011
Belgium,2003-06-01,3.9000001,,2.25399995,3.04099989
Belgium,2003-07-01,4.27699995,,2.62700009,3.52399993
Belgium,2003-08-01,4.23400021,,2.70600009,3.54099989
Belgium,2003-09-01,4.0710001,,2.34200001,3.2249999
Belgium,2003-10-01,4.35099983,,2.71300006,3.64499998
Belgium,2003-11-01,4.50299978,,2.84899998,3.79399991
Belgium,2003-12-01,4.34899998,,2.52399993,3.5480001
Belgium,2004-01-01,4.40700006,,2.45799994,3.48000002
Belgium,2004-02-01,4.21999979,,2.17799997,3.18099999
Belgium,2004-03-01,4.09800005,,2.06200004,3.00500011
Belgium,2004-04-01,4.32399988,,2.33800006,3.33699989
Belgium,2004-05-01,4.40799999,,2.38100004,3.43700004
Belgium,2004-06-01,4.44500017,,2.49000001,3.6559999
Belgium,2004-07-01,4.35099983,,2.40400004,3.5539999
Belgium,2004-08-01,4.15700006,,2.24699998,3.29299998
Belgium,2004-09-01,4.07000017,,2.61199999,3.26600003
Belgium,2004-10-01,3.94199991,,2.42499995,3.08299994
Belgium,2004-11-01,3.82599998,,2.36800003,2.98099995
Belgium,2004-12-01,3.68400002,,2.40499997,2.954
Belgium,2005-01-01,3.53800011,,2.42600012,2.98799992
Belgium,2005-02-01,3.70099998,,2.53999996,3.1500001
Belgium,2005-03-01,3.75300002,,2.53900003,3.11800003
Belgium,2005-04-01,3.49399996,,2.25399995,2.7980001
Belgium,2005-05-01,3.41100001,,2.18700004,2.71399999
Belgium,2005-06-01,3.24600005,,2.03399992,2.54399991
Belgium,2005-07-01,3.29699993,,2.20300007,2.63499999
Belgium,2005-08-01,3.21399999,,2.21000004,2.60100007
Belgium,2005-09-01,3.21199989,,2.34899998,2.69300008
Belgium,2005-10-01,3.45000005,,2.57299995,2.96799994
Belgium,2005-11-01,3.47300005,,2.74699998,3.06299996
Belgium,2005-12-01,3.34599996,,2.80800009,3.0539999
Belgium,2006-01-01,3.49300003,,2.8210001,3.17499995
Belgium,2006-02-01,3.58400011,,3.09800005,3.34500003
Belgium,2006-03-01,3.84599996,,3.36100006,3.625
Belgium,2006-04-01,4.01599979,,3.46099997,3.7809999
Belgium,2006-05-01,3.96199989,,3.37700009,3.671
Belgium,2006-06-01,4.06400013,,3.58200002,3.85100007
Belgium,2006-07-01,3.94899988,,3.53500009,3.72399998
Belgium,2006-08-01,3.82800007,,3.53900003,3.64499998
Belgium,2006-09-01,3.7019999,,3.55900002,3.59599996
Belgium,2006-10-01,3.82299995,,3.69400001,3.73399997
Belgium,2006-11-01,3.76200008,,3.66499996,3.6730001
Belgium,2006-12-01,3.99699998,,3.89899993,3.93400002
Belgium,2007-01-01,4.15700006,,3.98699999,4.0619998
Belgium,2007-02-01,3.977,,3.83200002,3.87800002
Belgium,2007-03-01,4.12799978,,4.02199984,4.03999996
Belgium,2007-04-01,4.28599977,,4.17600012,4.21500015
Belgium,2007-05-01,4.46000004,,4.39300013,4.41599989
Belgium,2007-06-01,4.64599991,,4.48500013,4.56599998
Belgium,2007-07-01,4.48999977,,4.36600018,4.39099979
Belgium,2007-08-01,4.36600018,,4.06500006,4.171
Belgium,2007-09-01,4.5079999,,4.15999985,4.29899979
Belgium,2007-10-01,4.31899977,,4.09200001,4.12400007
Belgium,2007-11-01,4.29199982,,3.94700003,3.98000002
Belgium,2007-12-01,4.47300005,,4.12400007,4.21899986
Belgium,2008-01-01,4.29799986,,3.602,3.86199999
Belgium,2008-02-01,4.29300022,,3.37899995,3.68899989
Belgium,2008-03-01,4.3039999,,3.72199988,3.94799995
Belgium,2008-04-01,4.41400003,,3.9690001,4.12200022
Belgium,2008-05-01,4.71899986,,4.45800018,4.51399994
Belgium,2008-06-01,4.9749999,,4.77400017,4.7249999
Belgium,2008-07-01,4.71799994,,4.35900021,4.50600004
Belgium,2008-08-01,4.55299997,,4.25899982,4.34700012
Belgium,2008-09-01,4.63100004,,3.727,4.26499987
Belgium,2008-10-01,4.6329999,,2.85100007,3.58100009
Belgium,2008-11-01,3.98399997,,2.56599998,3.44700003
Belgium,2008-12-01,3.773,,2.25300002,3.28399992
Belgium,2009-01-01,4.39699984,,1.50300002,3.43400002
Belgium,2009-02-01,4.19199991,,1.31700003,3.40499997
Belgium,2009-03-01,3.93600011,,1.77100003,3.24699998
Belgium,2009-04-01,3.852,,1.66400003,3.25300002
Belgium,2009-05-01,4.18499994,,1.52400005,3.47900009
Belgium,2009-06-01,3.95799994,,1.41700006,2.87599993
Belgium,2009-07-01,3.7249999,,1.22300005,2.63100004
Belgium,2009-08-01,3.70099998,,1.21300006,2.66499996
Belgium,2009-09-01,3.65700006,,1.08000004,2.54399991
Belgium,2009-10-01,3.63800001,,1.11199999,2.50399995
Belgium,2009-11-01,3.56699991,,1.079,2.40799999
Belgium,2009-12-01,3.71600008,,1.09500003,2.47099996
Belgium,2010-01-01,3.76600003,,1.42700005,2.62400007
Belgium,2010-02-01,3.65499997,,1.11500001,2.48099995
Belgium,2010-03-01,3.546,,1.03699994,2.35500002
Belgium,2010-04-01,3.47399998,,0.94599998,2.33200002
Belgium,2010-05-01,3.1730001,,0.76300001,2.00399995
Belgium,2010-06-01,3.4460001,,1.02499998,2.32399988
Belgium,2010-07-01,3.30299997,,0.995,2.16499996
Belgium,2010-08-01,2.83200002,,0.79799998,1.73899996
Belgium,2010-09-01,3.14199996,,1.13300002,2.09200001
Belgium,2010-10-01,3.33200002,,1.199,2.27900004
Belgium,2010-11-01,4.06599998,,1.59500003,2.96799994
Belgium,2010-12-01,3.97099996,,1.65699995,3.01200008
Belgium,2011-01-01,4.27799988,,2.43199992,3.58299994
Belgium,2011-02-01,4.29300022,,2.39899993,3.60299993
Belgium,2011-03-01,4.32999992,,2.27099991,3.58100009
Belgium,2011-04-01,4.24700022,,2.46600008,3.50699997
Belgium,2011-05-01,4.16800022,,2.23099995,3.43199992
Belgium,2011-06-01,4.09499979,,2.1789999,3.33599997
Belgium,2011-07-01,4.39499998,,2.48600006,3.58500004
Belgium,2011-08-01,4.01499987,,1.98199999,3.1170001
Belgium,2011-09-01,3.6500001,,1.47800004,2.773
Belgium,2011-10-01,4.40899992,,2.54200006,3.67499995
Belgium,2011-11-01,5.05999994,,3.62299991,4.09100008
Belgium,2011-12-01,4.10900021,,2.25099993,3.11500001
Belgium,2012-01-01,3.82599998,,1.72399998,2.77200007
Belgium,2012-02-01,3.73000002,,1.46399999,2.50300002
Belgium,2012-03-01,3.53800011,,1.31900001,2.41700006
Belgium,2012-04-01,3.43199992,,1.14600003,2.36199999
Belgium,2012-05-01,3.0940001,,0.76499999,2.05299997
Belgium,2012-06-01,3.21199989,,0.75599998,2.15400004
Belgium,2012-07-01,2.61599994,,0.382,1.39999998
Belgium,2012-08-01,2.56500006,,0.56,1.34300005
Belgium,2012-09-01,2.58,,0.51,1.27900004
Belgium,2012-10-01,2.47,,0.41,1.20099998
Belgium,2012-11-01,2.2,,0.3,0.89600003
Belgium,2012-12-01,2.09,,0.1,0.755
Belgium,2013-01-01,2.52,,0.68,1.26300001
Belgium,2013-02-01,2.36,,0.3,1.13800001
Belgium,2013-03-01,2.22,,0.21,1.03799999
Belgium,2013-04-01,1.96,,0.13,0.83600003
Belgium,2013-05-01,2.24,,0.25,1.07099998
Belgium,2013-06-01,2.65,,0.41,1.46200001
Belgium,2013-07-01,2.52,,0.29,1.28600001
Belgium,2013-08-01,2.74,,0.34,1.46000004
Belgium,2013-09-01,2.57,,0.3,1.31200004
Belgium,2013-10-01,2.41,,0.28,1.11099994
Belgium,2013-11-01,2.35,,0.19,1.03299999
Belgium,2013-12-01,2.57,,0.27,1.19200003
Belgium,2014-01-01,2.16,,0.19,0.86500001
Belgium,2014-02-01,2.34,,0.28,1.05599999
Belgium,2014-03-01,2.21,,0.28,0.96399999
Belgium,2014-04-01,2.08,,0.26,0.86199999
Belgium,2014-05-01,2.06,,0.24,0.67900002
Belgium,2014-06-01,,,,0.52100003
Belgium,2014-07-01,1.54,,0.06,0.412
Belgium,2014-08-01,1.23,,0.02,0.264
Belgium,2014-09-01,1.22,,-0.01,0.296
Belgium,2014-10-01,1.12,,0.011,0.245
Belgium,2014-11-01,0.92,,0.01,0.227
Belgium,2014-12-01,0.83,,-0.06,0.147
Belgium,2015-01-01,0.49,,-0.09,0.066
Belgium,2015-02-01,0.45,,-0.159,0.011
Belgium,2015-03-01,0.36,,-0.17,0.005
Belgium,2015-04-01,0.619,,-0.15,0.123
Belgium,2015-05-01,0.801,,-0.171,0.149
Belgium,2015-06-01,1.2,,-0.13,0.33199999
Belgium,2015-07-01,0.95,,-0.177,0.16500001
Belgium,2015-08-01,1.15,,-0.12,0.26199999
Belgium,2015-09-01,0.91,,-0.195,0.119
Belgium,2015-10-01,0.81,,-0.25,0.052
Belgium,2015-11-01,0.79,,-0.33,-0.045
Belgium,2015-12-01,0.99,,-0.337,0.032
Belgium,2016-01-01,0.61,,-0.416,-0.18099999
Belgium,2016-02-01,0.439,,-0.45,-0.31
Belgium,2016-03-01,0.38,,-0.44,-0.27599999
Belgium,2016-04-01,0.5188,,-0.4545,-0.085
Belgium,2016-05-01,0.3695,,-0.485,-0.206
Belgium,2016-06-01,0.1002,,-0.5215,-0.396
Belgium,2016-07-01,0.1208,,-0.5698,-0.46599999
Belgium,2016-08-01,0.175,,-0.5866,-0.435
Belgium,2016-09-01,0.139,,-0.6474,-0.47
Belgium,2016-10-01,0.3974,,-0.6266,-0.308
Belgium,2016-11-01,0.6336,,-0.6629,-0.317
Belgium,2016-12-01,0.5373,,-0.6681,-0.40400001
Belgium,2017-01-01,0.8246,,-0.5649,-0.17900001
Belgium,2017-02-01,0.7042,,-0.5626,-0.40599999
Belgium,2017-03-01,0.8465,,-0.5209,-0.301
Belgium,2017-04-01,0.7858,,-0.5634,-0.16599999
Belgium,2017-05-01,0.6544,,-0.572,-0.243
Belgium,2017-06-01,0.8031,,-0.477,-0.061
Belgium,2017-07-01,0.8251,,-0.4977,-0.091
Belgium,2017-08-01,0.6677,,-0.5693,-0.243
Belgium,2017-09-01,0.732,,-0.54,-0.204
Belgium,2017-10-01,0.605,,-0.6367,-0.27900001
Belgium,2017-11-01,0.5701,,-0.5864,-0.25400001
Belgium,2017-12-01,0.634,,-0.5171,-0.149
Belgium,2018-01-01,0.8442,,-0.4642,0.065
Belgium,2018-02-01,0.9453,,-0.5095,0.122
Belgium,2018-03-01,0.7619,,-0.5627,0.0181
Belgium,2018-04-01,0.8176,,-0.4948,0.054
Belgium,2018-05-01,0.7399,,-0.5088,-0.083
Belgium,2018-06-01,0.6953,,-0.5308,-0.147
Belgium,2018-07-01,0.7408,,-0.5067,-0.081
Belgium,2018-08-01,0.7034,,-0.5046,-0.12899999
Belgium,2018-09-01,0.835,,-0.4403,-0.008
Belgium,2018-10-01,0.7791,,-0.5284,0.035
Belgium,2018-11-01,0.7577,,-0.5556,-0.013
Belgium,2018-12-01,0.7719,,-0.5626,-0.017
Belgium,2019-01-01,0.75700003,,-0.50639999,-0.115
Belgium,2019-02-01,0.68599999,,-0.4657,-0.118
Belgium,2019-03-01,0.41,,-0.53009999,-0.294
Belgium,2019-04-01,0.45199999,,-0.53310001,-0.28099999
Belgium,2019-05-01,0.28999999,,-0.56349999,-0.41
Belgium,2019-06-01,0.063,,-0.56089997,-0.52100003
Belgium,2019-07-01,-0.124,,-0.62739998,-0.61500001
Belgium,2019-08-01,-0.338,,-0.74669999,-0.75599998
Belgium,2019-09-01,-0.259,,-0.59869999,-0.62800002
Belgium,2019-10-01,-0.109,,-0.64899999,-0.43399999
Belgium,2019-11-01,0.0005,,-0.62800002,-0.403
Belgium,2019-12-01,0.089,,-0.61000001,-0.317
Belgium,2020-01-01,-0.193,,-0.6225,-0.505
Belgium,2020-02-01,-0.22,,-0.7074,-0.52399999
Belgium,2020-03-01,0.077,,-0.5198,-0.21950001
Belgium,2020-04-01,-0.014,,-0.5968,-0.38699999
Belgium,2020-05-01,-0.007,,-0.518,-0.3691
Belgium,2020-06-01,-0.117,,-0.6206,-0.4668
Belgium,2020-07-01,-0.211,,-0.6625,-0.5465
Belgium,2020-08-01,-0.142,,-0.6175,-0.522
Belgium,2020-09-01,-0.282,,-0.663,-0.6092
Belgium,2020-10-01,-0.382,,-0.7375,-0.6994
Belgium,2020-11-01,-0.368,,-0.6947,-0.657
Belgium,2020-12-01,-0.384,,-0.6743,-0.6666
Belgium,2021-01-01,-0.333,,-0.6852,-0.6454
Belgium,2021-02-01,0.019,,-0.6357,-0.447
Belgium,2021-03-01,0.022,,-0.6532,-0.4813
Belgium,2021-04-01,0.137,,-0.6412,-0.4261
Belgium,2021-05-01,0.169,,-0.6555,-0.4054
Belgium,2021-06-01,0.106,,-0.6565,-0.456
Belgium,2021-07-01,-0.118,,-0.7262,-0.6176
Belgium,2021-08-01,-0.047,,-0.6932,-0.5649
Belgium,2021-09-01,0.121,,-0.6858,-0.4747
Belgium,2021-10-01,0.233,,-0.5946,-0.2763
Belgium,2021-11-01,0.004,,-0.7075,-0.4926
Belgium,2021-12-01,0.178,,-0.6358,-0.3898
Belgium,2022-01-01,0.352,,-0.5937,-0.1567
Belgium,2022-02-01,0.602,,-0.394,0.0597
Belgium,2022-03-01,1.027,,0.0631,0.5523
Belgium,2022-04-01,1.499,,0.3366,0.8987
Belgium,2022-05-01,1.716,,0.5342,1.0704
Belgium,2022-06-01,2.042,,0.8095,1.3118
Belgium,2022-07-01,1.426,,0.3507,0.731
Belgium,2022-08-01,2.195,,1.2435,1.6254
Belgium,2022-09-01,2.8,,1.8582,2.2438
Belgium,2022-10-01,2.742,,2.015,2.2639
Belgium,2022-11-01,2.418,,2.0786,2.106
Belgium,2022-12-01,3.199,,2.7593,2.827
Belgium,2023-01-01,2.919,,2.6189,2.565
Belgium,2023-02-01,3.286,,3.1142,2.989
Belgium,2023-03-01,2.941,,2.6744,2.6
Belgium,2023-04-01,3.011,,2.7398,2.635
Belgium,2023-05-01,2.964,,2.7839,2.591
Belgium,2023-06-01,3.056,,3.2244,2.88
Belgium,2023-07-01,3.153,,3.2181,2.857
Belgium,2023-08-01,3.085,,3.1051,2.795
Belgium,2023-09-01,3.507,,3.4247,3.134
Belgium,2023-10-01,3.495,,3.2701,3.029
Belgium,2023-11-01,3.068,,3.1391,2.691
Belgium,2023-12-01,2.6911,,2.4001,2.287
Belgium,2024-01-01,2.7789,,2.589,2.379
Belgium,2024-02-01,2.99,,3.083,2.704
Belgium,2024-03-01,2.896,,2.9002,2.624
Belgium,2024-04-01,3.123,,3.171,2.877
Belgium,2024-05-01,3.191,,3.1995,2.955
Belgium,2024-06-01,3.161,,3.0101,2.862
Canada,1969-12-01,,,,0.786
Canada,1986-01-01,10.26799965,,10.11400032,
Canada,1986-02-01,9.75300026,,9.88300037,
Canada,1986-03-01,9.09599972,,9.15100002,
Canada,1986-04-01,9.0010004,,8.91300011,
Canada,1986-05-01,9.22599983,,9.38700008,9.10900021
Canada,1986-06-01,,,8.92800045,8.78999996
Canada,1986-07-01,,,9.11299992,8.85299969
Canada,1986-08-01,,,8.98099995,8.78800011
Canada,1986-09-01,,,9.16699982,9.02499962
Canada,1986-10-01,,,8.8739996,8.97099972
Canada,1986-11-01,,,8.7130003,8.69799995
Canada,1986-12-01,,,8.5880003,8.66100025
Canada,1987-01-01,,,7.65700006,7.94799995
Canada,1987-02-01,,,7.83400011,8.22900009
Canada,1987-03-01,,,7.6170001,
Canada,1987-04-01,,,9.33500004,
Canada,1987-05-01,,,9.25699997,
Canada,1987-06-01,,,8.99100018,
Canada,1987-07-01,,,9.59000015,
Canada,1987-08-01,,,9.93099976,
Canada,1987-09-01,,,10.47599983,
Canada,1987-10-01,,,9.1260004,
Canada,1987-11-01,,,9.6960001,
Canada,1987-12-01,,,9.62800026,
Canada,1988-01-01,,,8.90999985,
Canada,1988-02-01,,,8.79399967,
Canada,1988-03-01,,,8.95499992,
Canada,1988-04-01,,,9.28899956,
Canada,1988-05-01,,,9.43599987,
Canada,1988-06-01,,,9.43700027,
Canada,1988-07-01,,,9.61100006,
Canada,1988-08-01,,,10.38899994,
Canada,1988-09-01,,,9.99600029,
Canada,1988-10-01,,,9.58399963,
Canada,1988-11-01,,,10.33899975,
Canada,1988-12-01,,,10.61100006,
Canada,1989-01-01,,,10.61800003,
Canada,1989-02-01,,,11.72999954,
Canada,1989-03-01,,,11.59399986,
Canada,1994-03-01,7.983,6.38000011,6.807,7.573
Canada,1994-04-01,8.246,6.69999981,7.172,7.728
Canada,1994-05-01,8.745,7.0999999,7.659,8.375
Canada,1994-06-01,9.277,7.75,8.453,8.941
Canada,1994-07-01,9.177,7.59000015,8.099,8.779
Canada,1994-08-01,8.76,6.65999985,7.61,8.34
Canada,1994-09-01,8.82,6.63999987,7.48,8.43
Canada,1994-10-01,9.09,6.86999989,7.63,8.54
Canada,1994-11-01,9.16,7.30000019,8.01,8.81
Canada,1994-12-01,9.12,8.60999966,8.64,8.99
Canada,1995-01-01,9.23,8.77000046,8.68,9.05
Canada,1995-02-01,8.48,7.57999992,7.53,8.06
Canada,1995-03-01,8.59,8.27999973,7.88,8.23
Canada,1995-04-01,8.35,7.84000015,7.64,7.95
Canada,1995-05-01,7.87,7.23000002,7.05,7.4
Canada,1995-06-01,7.93,6.78000021,6.99,7.5
Canada,1995-07-01,8.386,6.94999981,7.404,7.915
Canada,1995-08-01,7.951,6.88000011,7.079,7.565
Canada,1995-09-01,7.79,6.88000011,6.919,7.372
Canada,1995-10-01,7.577,6.82000017,6.503,7.16
Canada,1995-11-01,7.163,5.9000001,6.078,6.699
Canada,1995-12-01,7.075,5.69000006,5.865,6.544
Canada,1996-01-01,7.016,5.29,5.416,6.249
Canada,1996-02-01,7.522,5.48,5.739,6.814
Canada,1996-03-01,7.637,5.57,6.1,7.002
Canada,1996-04-01,7.789,5.46,6.093,7.092
Canada,1996-05-01,7.799,5.43,6.096,7.086
Canada,1996-06-01,7.704,5.43,5.943,6.973
Canada,1996-07-01,7.642,5.23,5.707,6.884
Canada,1996-08-01,7.496,4.79,5.125,6.634
Canada,1996-09-01,7.133,4.42,5.003,6.27
Canada,1996-10-01,6.41,3.61,4.188,5.501
Canada,1996-11-01,6.005,3.19,3.631,5.033
Canada,1996-12-01,6.403,3.71,4.064,5.469
Canada,1997-01-01,6.54,3.6,4.312,5.556
Canada,1997-02-01,6.405,3.62,4.301,5.472
Canada,1997-03-01,6.776,4.16,4.951,6.002
Canada,1997-04-01,6.635,4.18,4.812,5.928
Canada,1997-05-01,6.508,3.74,4.583,5.681
Canada,1997-06-01,6.317,3.98,4.591,5.601
Canada,1997-07-01,5.776,4.09,4.5,5.148
Canada,1997-08-01,6.0,4.15,4.213,5.438
Canada,1997-09-01,5.751,4.16,4.558,5.189
Canada,1997-10-01,5.484,4.18,4.429,4.996
Canada,1997-11-01,5.63,4.51,4.728,5.298
Canada,1997-12-01,5.621,4.97,5.102,5.368
Canada,1998-01-01,5.388,5.01,5.175,5.206
Canada,1998-02-01,5.488,5.06,5.187,5.264
Canada,1998-03-01,5.376,4.91,4.949,5.139
Canada,1998-04-01,5.421,5.06,5.099,5.233
Canada,1998-05-01,5.32,5.08,5.054,5.205
Canada,1998-06-01,5.344,5.15,5.201,5.296
Canada,1998-07-01,5.472,5.28,5.252,5.434
Canada,1998-08-01,5.648,5.81,5.737,5.688
Canada,1998-09-01,4.967,4.97,4.708,4.798
Canada,1998-10-01,5.095,4.7,4.546,4.765
Canada,1998-11-01,5.009,4.87,4.865,4.857
Canada,1998-12-01,4.895,4.75,4.712,4.75
Canada,1999-01-01,4.885,4.81,4.78,4.777
Canada,1999-02-01,5.365,5.13,5.291,5.346
Canada,1999-03-01,5.06,4.79,4.892,4.952
Canada,1999-04-01,5.171,4.67,4.767,4.983
Canada,1999-05-01,4.889,4.88,5.168,5.319
Canada,1999-06-01,5.461,4.98,5.107,5.337
Canada,1999-07-01,5.727,5.27,5.425,5.626
Canada,1999-08-01,5.75,5.36,5.581,5.717
Canada,1999-09-01,5.721,5.11,5.381,5.675
Canada,1999-10-01,6.053,5.45,5.762,5.976
Canada,1999-11-01,6.124,5.55,5.849,6.096
Canada,1999-12-01,6.262,5.63,5.93,6.204
Canada,2000-01-01,6.540936,5.89,6.262219,6.549117
Canada,2000-02-01,6.124736,5.81,5.966192,6.183649
Canada,2000-03-01,5.906783,5.92,5.931614,6.020985
Canada,2000-04-01,6.159352,6.06,6.142399,6.246795
Canada,2000-05-01,6.000269,6.23,6.193593,6.162913
Canada,2000-06-01,5.832672,6.0,5.938754,5.965866
Canada,2000-07-01,5.885119,5.95,5.997111,6.028819
Canada,2000-08-01,5.676033,5.86,5.812445,5.774089
Canada,2000-09-01,5.736328,5.77,5.683811,5.751019
Canada,2000-10-01,5.812063,5.84,5.79187,5.859045
Canada,2000-11-01,5.503642,5.69,5.589854,5.551675
Canada,2000-12-01,5.400257,5.38,5.254149,5.324427
Canada,2001-01-01,5.389532,4.88,4.882417,5.14387
Canada,2001-02-01,5.343252,4.78,4.82377,5.081507
Canada,2001-03-01,5.395086,4.56,4.775279,5.069231
Canada,2001-04-01,5.75767,4.51,4.88301,5.322102
Canada,2001-05-01,5.813579,4.47,4.935451,5.406335
Canada,2001-06-01,5.89935,4.59,5.031804,5.600818
Canada,2001-07-01,5.658119,4.17,4.618646,5.240215
Canada,2001-08-01,5.36486,3.73,4.14508,4.884205
Canada,2001-09-01,5.335404,3.0,3.666643,4.627449
Canada,2001-10-01,4.857537,2.29,2.924288,4.087954
Canada,2001-11-01,5.2103,2.3,3.174893,4.487752
Canada,2001-12-01,5.361,2.15,3.153,4.619
Canada,2002-01-01,5.446,2.48,3.336,4.764
Canada,2002-02-01,5.362,2.58,3.325,4.645
Canada,2002-03-01,5.782,3.39,4.491,5.277
Canada,2002-04-01,5.617,3.28,4.185,5.026
Canada,2002-05-01,5.501,3.38,4.145,4.892
Canada,2002-06-01,5.431,3.28,3.926,4.745
Canada,2002-07-01,5.222,3.05,3.32,4.302
Canada,2002-08-01,5.078,3.26,3.484,4.437
Canada,2002-09-01,4.905,2.95,3.327,4.146
Canada,2002-10-01,5.036,2.89,3.269,4.197
Canada,2002-11-01,5.136,2.98,3.438,4.359
Canada,2002-12-01,4.793,2.84,3.087,3.965
Canada,2003-01-01,5.019,3.23,3.539,4.304
Canada,2003-02-01,4.94,3.33,3.521,4.228
Canada,2003-03-01,5.083,3.54,3.756,4.408
Canada,2003-04-01,4.899,3.5,3.657,4.186
Canada,2003-05-01,4.407,3.15,3.171,3.654
Canada,2003-06-01,4.453,2.97,3.011,3.608
Canada,2003-07-01,4.832,2.78,2.941,3.826
Canada,2003-08-01,4.873,2.84,3.099,3.899
Canada,2003-09-01,4.554,2.59,2.957,3.766
Canada,2003-10-01,4.847,2.72,3.159,4.078
Canada,2003-11-01,4.813,2.76,3.203,4.093
Canada,2003-12-01,4.662,2.59,2.971,3.911
Canada,2004-01-01,4.601,2.31,2.681,3.723
Canada,2004-02-01,4.418,2.13,2.387,3.466
Canada,2004-03-01,4.348,2.01,2.474,3.386
Canada,2004-04-01,4.727,2.16,2.832,3.815
Canada,2004-05-01,4.764,2.47,2.999,3.956
Canada,2004-06-01,4.92,2.6,3.325,4.172
Canada,2004-07-01,4.813,2.64,3.23,4.06
Canada,2004-08-01,4.629,2.63,3.006,4.027
Canada,2004-09-01,4.583,2.85,3.278,4.008
Canada,2004-10-01,4.487,2.9,3.234,3.918
Canada,2004-11-01,4.469,2.74,3.125,3.83
Canada,2004-12-01,4.333,2.7,3.007,3.695
Canada,2005-01-01,4.194,2.66,2.888,3.556
Canada,2005-02-01,4.245,2.75,2.923,3.602
Canada,2005-03-01,4.398,3.0,3.362,3.836
Canada,2005-04-01,4.097,2.79,3.029,3.49
Canada,2005-05-01,3.969,2.73,2.974,3.386
Canada,2005-06-01,3.809,2.73,2.858,3.2
Canada,2005-07-01,3.854,2.95,3.016,3.331
Canada,2005-08-01,3.809,2.94,3.072,3.419
Canada,2005-09-01,3.974,3.28,3.352,3.626
Canada,2005-10-01,4.161,3.5,3.612,3.877
Canada,2005-11-01,4.042,3.78,3.734,3.864
Canada,2005-12-01,3.961,3.92,3.824,3.9
Canada,2006-01-01,4.172,3.87,3.878,4.051
Canada,2006-02-01,4.157,4.02,3.99,4.1
Canada,2006-03-01,4.276,4.06,3.991,4.169
Canada,2006-04-01,4.504,4.2,4.15,4.343
Canada,2006-05-01,4.355,4.28,4.137,4.235
Canada,2006-06-01,4.59,4.5,4.388,4.47
Canada,2006-07-01,4.345,4.31,4.144,4.211
Canada,2006-08-01,4.12,4.19,3.993,4.026
Canada,2006-09-01,3.994,4.1,3.899,3.891
Canada,2006-10-01,4.069,4.15,4.007,3.985
Canada,2006-11-01,3.938,4.07,3.904,3.853
Canada,2006-12-01,4.081,4.16,4.021,3.991
Canada,2007-01-01,4.231,4.21,4.142,4.138
Canada,2007-02-01,3.984,4.18,3.942,3.904
Canada,2007-03-01,4.117,4.18,3.981,4.011
Canada,2007-04-01,4.217,4.3,4.168,4.165
Canada,2007-05-01,4.48,4.56,4.573,4.527
Canada,2007-06-01,4.628,4.69,4.644,4.628
Canada,2007-07-01,4.54,4.72,4.616,4.574
Canada,2007-08-01,4.363,4.28,4.216,4.283
Canada,2007-09-01,4.396,4.23,4.156,4.278
Canada,2007-10-01,4.268,4.27,4.087,4.172
Canada,2007-11-01,3.972,3.93,3.656,3.799
Canada,2007-12-01,4.015,3.9,3.778,3.897
Canada,2008-01-01,3.881,3.25,3.176,3.5
Canada,2008-02-01,3.708,2.97,2.927,3.26
Canada,2008-03-01,3.429,2.53,2.611,2.901
Canada,2008-04-01,3.583,2.7,2.73,3.046
Canada,2008-05-01,3.71,2.84,3.008,3.344
Canada,2008-06-01,3.74,3.17,3.24,3.461
Canada,2008-07-01,3.704,2.9,2.941,3.248
Canada,2008-08-01,3.534,2.7,2.713,3.024
Canada,2008-09-01,3.752,2.75,2.788,3.171
Canada,2008-10-01,3.754,1.95,2.017,2.806
Canada,2008-11-01,3.322,1.65,1.697,2.437
Canada,2008-12-01,2.688,0.88,1.1,1.7
Canada,2009-01-01,3.064,0.97,1.429,2.113
Canada,2009-02-01,3.132,0.79,1.156,2.056
Canada,2009-03-01,2.78,0.6,1.074,1.745
Canada,2009-04-01,3.094,0.45,0.986,2.017
Canada,2009-05-01,3.42,0.51,1.232,2.454
Canada,2009-06-01,3.367,0.51,1.207,2.462
Canada,2009-07-01,3.459,0.6,1.418,2.606
Canada,2009-08-01,3.371,0.53,1.28,2.607
Canada,2009-09-01,3.31,0.58,1.265,2.579
Canada,2009-10-01,3.422,0.58,1.383,2.682
Canada,2009-11-01,3.227,0.47,1.1,2.369
Canada,2009-12-01,3.615,0.69,1.474,2.775
Canada,2010-01-01,3.35,0.54,1.333,2.455
Canada,2010-02-01,3.395,0.61,1.281,2.492
Canada,2010-03-01,3.566,0.97,1.735,2.908
Canada,2010-04-01,3.65,1.27,1.899,3.003
Canada,2010-05-01,3.354,1.2,1.838,2.737
Canada,2010-06-01,3.083,1.03,1.404,2.35
Canada,2010-07-01,3.113,1.15,1.459,2.321
Canada,2010-08-01,2.777,1.02,1.207,2.03
Canada,2010-09-01,2.758,1.24,1.37,2.018
Canada,2010-10-01,2.805,1.19,1.407,1.976
Canada,2010-11-01,3.068,1.37,1.617,2.351
Canada,2010-12-01,3.117,1.4,1.671,2.443
Canada,2011-01-01,3.274,1.3,1.671,2.5
Canada,2011-02-01,3.302,1.41,1.842,2.619
Canada,2011-03-01,3.353,1.37,1.829,2.724
Canada,2011-04-01,3.213,1.38,1.704,2.601
Canada,2011-05-01,3.077,1.25,1.538,2.346
Canada,2011-06-01,3.126,1.25,1.596,2.286
Canada,2011-07-01,2.834,1.22,1.393,2.124
Canada,2011-08-01,2.491,0.98,1.086,1.688
Canada,2011-09-01,2.154,0.84,0.884,1.386
Canada,2011-10-01,2.285,0.95,0.998,1.571
Canada,2011-11-01,2.152,0.92,1.008,1.44
Canada,2011-12-01,1.944,0.94,0.954,1.274
Canada,2012-01-01,1.893,0.98,0.96,1.253
Canada,2012-02-01,1.986,1.05,1.098,1.444
Canada,2012-03-01,2.112,1.09,1.197,1.553
Canada,2012-04-01,2.037,1.28,1.338,1.657
Canada,2012-05-01,1.739,1.03,1.076,1.285
Canada,2012-06-01,1.737,0.99,1.029,1.242
Canada,2012-07-01,1.677,1.06,1.078,1.276
Canada,2012-08-01,1.776,1.14,1.152,1.361
Canada,2012-09-01,1.727,1.07,1.069,1.31
Canada,2012-10-01,1.783,1.06,1.076,1.346
Canada,2012-11-01,1.699,1.07,1.069,1.289
Canada,2012-12-01,1.804,1.09,1.142,1.387
Canada,2013-01-01,1.989,1.06,1.163,1.497
Canada,2013-02-01,1.839,1.0,0.953,1.333
Canada,2013-03-01,1.875,1.03,1.002,1.286
Canada,2013-04-01,1.7,1.02,0.923,1.16
Canada,2013-05-01,2.068,1.075,1.084,1.513
Canada,2013-06-01,2.442,1.135,1.231,1.798
Canada,2013-07-01,2.451,1.13,1.165,1.751
Canada,2013-08-01,2.62,1.095,1.194,1.971
Canada,2013-09-01,2.544,1.045,1.195,1.862
Canada,2013-10-01,2.423,1.0,1.094,1.741
Canada,2013-11-01,2.556,1.0,1.095,1.724
Canada,2013-12-01,2.774,0.985,1.138,1.948
Canada,2014-01-01,2.34,0.94,0.951,1.555
Canada,2014-02-01,2.429,0.945,1.004,1.637
Canada,2014-03-01,2.46,0.96,1.087,1.739
Canada,2014-04-01,2.406,0.995,1.076,1.691
Canada,2014-05-01,2.248,0.99,1.053,1.536
Canada,2014-06-01,2.236,1.01,1.107,1.528
Canada,2014-07-01,2.162,1.03,1.104,1.541
Canada,2014-08-01,1.997,1.015,1.109,1.531
Canada,2014-09-01,2.145,1.0,1.13,1.635
Canada,2014-10-01,2.048,0.98,1.02,1.534
Canada,2014-11-01,1.847,0.98,0.995,1.372
Canada,2014-12-01,1.791,0.99,1.009,1.339
Canada,2015-01-01,1.25,0.49,0.397,0.625
Canada,2015-02-01,1.302,0.565,0.48,0.728
Canada,2015-03-01,1.356,0.58,0.524,0.775
Canada,2015-04-01,1.582,0.705,0.688,1.012
Canada,2015-05-01,1.624,0.67,0.568,0.889
Canada,2015-06-01,1.686,0.59,0.505,0.815
Canada,2015-07-01,1.441,0.41,0.409,0.765
Canada,2015-08-01,1.492,0.41,0.441,0.781
Canada,2015-09-01,1.431,0.49,0.518,0.796
Canada,2015-10-01,1.541,0.51,0.576,0.882
Canada,2015-11-01,1.57,0.55,0.631,0.914
Canada,2015-12-01,1.397,0.495,0.478,0.73
Canada,2016-01-01,1.223,0.445,0.42,0.674
Canada,2016-02-01,1.19,0.495,0.521,0.673
Canada,2016-03-01,1.225,0.54,0.539,0.673
Canada,2016-04-01,1.514,0.61,0.692,0.883
Canada,2016-05-01,1.32,0.605,0.613,0.741
Canada,2016-06-01,1.06,0.515,0.517,0.569
Canada,2016-07-01,1.028,0.565,0.54,0.599
Canada,2016-08-01,1.024,0.56,0.582,0.669
Canada,2016-09-01,0.997,0.535,0.522,0.616
Canada,2016-10-01,1.196,0.555,0.553,0.693
Canada,2016-11-01,1.584,0.59,0.703,1.01
Canada,2016-12-01,1.714,0.63,0.746,1.119
Canada,2017-01-01,1.757,0.595,0.77,1.114
Canada,2017-02-01,1.632,0.595,0.758,1.121
Canada,2017-03-01,1.624,0.645,0.748,1.115
Canada,2017-04-01,1.55,0.64,0.722,1.009
Canada,2017-05-01,1.416,0.65,0.695,0.942
Canada,2017-06-01,1.762,0.97,1.1,1.397
Canada,2017-07-01,2.056,1.16,1.315,1.65
Canada,2017-08-01,1.849,1.17,1.275,1.533
Canada,2017-09-01,2.098,1.42,1.518,1.753
Canada,2017-10-01,1.952,1.375,1.393,1.62
Canada,2017-11-01,1.885,1.31,1.431,1.632
Canada,2017-12-01,2.042,1.525,1.685,1.867
Canada,2018-01-01,2.29,1.61,1.839,2.078
Canada,2018-02-01,2.234,1.6,1.787,2.047
Canada,2018-03-01,2.092,1.6,1.776,1.968
Canada,2018-04-01,2.308,1.63,1.894,2.124
Canada,2018-05-01,2.246,1.705,1.919,2.115
Canada,2018-06-01,2.167,1.7,1.912,2.066
Canada,2018-07-01,2.311,1.88,2.068,2.216
Canada,2018-08-01,2.228,1.94,2.07,2.17
Canada,2018-09-01,2.427,2.04,2.214,2.34
Canada,2018-10-01,2.493,2.16,2.338,2.43
Canada,2018-11-01,2.268,2.085,2.161,2.201
Canada,2018-12-01,1.965,1.875,1.862,1.89
Canada,2019-01-01,1.879,1.815,1.775,1.787
Canada,2019-02-01,1.943,1.79,1.78,1.816
Canada,2019-03-01,1.617,1.68,1.55,1.521
Canada,2019-04-01,1.712,1.71,1.564,1.541
Canada,2019-05-01,1.488,1.65,1.43,1.367
Canada,2019-06-01,1.466,1.69,1.474,1.394
Canada,2019-07-01,1.478,1.7,1.546,1.45
Canada,2019-08-01,1.164,1.54,1.353,1.19
Canada,2019-09-01,1.361,1.72,1.58,1.396
Canada,2019-10-01,1.412,1.68,1.516,1.42
Canada,2019-11-01,1.462,1.7,1.586,1.489
Canada,2019-12-01,1.704,1.74,1.699,1.686
Canada,2020-01-01,1.273,1.6,1.434,1.28
Canada,2020-02-01,1.128,1.35,1.153,1.073
Canada,2020-03-01,0.697,0.38,0.429,0.588
Canada,2020-04-01,0.548,0.34,0.329,0.4
Canada,2020-05-01,0.54,0.28,0.307,0.411
Canada,2020-06-01,0.527,0.28,0.286,0.367
Canada,2020-07-01,0.468,0.23,0.27,0.321
Canada,2020-08-01,0.624,0.225,0.276,0.403
Canada,2020-09-01,0.566,0.22,0.248,0.356
Canada,2020-10-01,0.667,0.205,0.278,0.399
Canada,2020-11-01,0.68,0.2,0.263,0.442
Canada,2020-12-01,0.675,0.16,0.203,0.391
Canada,2021-01-01,0.894,0.12,0.158,0.425
Canada,2021-02-01,1.357,0.22,0.304,0.88
Canada,2021-03-01,1.559,0.17,0.228,0.993
Canada,2021-04-01,1.547,0.2,0.303,0.934
Canada,2021-05-01,1.483,0.21,0.326,0.903
Canada,2021-06-01,1.388,0.235,0.453,0.979
Canada,2021-07-01,1.203,0.3,0.449,0.817
Canada,2021-08-01,1.218,0.265,0.436,0.837
Canada,2021-09-01,1.508,0.28,0.527,1.106
Canada,2021-10-01,1.723,0.73,1.099,1.509
Canada,2021-11-01,1.566,0.7,0.984,1.391
Canada,2021-12-01,1.43,0.78,0.95,1.262
Canada,2022-01-01,1.77,0.99,1.277,1.634
Canada,2022-02-01,1.815,1.24,1.436,1.625
Canada,2022-03-01,2.401,1.96,2.291,2.408
Canada,2022-04-01,2.868,2.49,2.622,2.753
Canada,2022-05-01,2.89,2.52,2.663,2.74
Canada,2022-06-01,3.225,3.11,3.093,3.108
Canada,2022-07-01,2.611,3.19,2.963,2.619
Canada,2022-08-01,3.124,3.78,3.653,3.298
Canada,2022-09-01,3.17,4.02,3.798,3.325
Canada,2022-10-01,3.25,4.3,3.896,3.416
Canada,2022-11-01,2.935,4.41,3.874,3.156
Canada,2022-12-01,3.291,4.6,4.052,3.403
Canada,2023-01-01,2.918,4.53,3.763,3.031
Canada,2023-02-01,3.338,4.72,4.211,3.529
Canada,2023-03-01,2.899,4.41,3.753,3.018
Canada,2023-04-01,2.84,4.45,3.671,2.975
Canada,2023-05-01,3.186,4.82,4.228,3.444
Canada,2023-06-01,3.271,5.15,4.585,3.684
Canada,2023-07-01,3.502,5.26,4.674,3.908
Canada,2023-08-01,3.565,5.22,4.646,3.888
Canada,2023-09-01,4.032,5.3,4.875,4.251
Canada,2023-10-01,4.066,5.1,4.644,4.135
Canada,2023-11-01,3.548,4.82,4.185,3.625
Canada,2023-12-01,3.107,4.67,3.889,3.168
Canada,2024-01-01,3.319,4.76,3.968,3.399
Canada,2024-02-01,3.493,4.76,4.185,3.575
Canada,2024-03-01,3.467,4.71,4.187,3.535
Canada,2024-04-01,3.816,4.78,4.346,3.868
Canada,2024-05-01,3.633,4.6,4.181,3.693
Canada,2024-06-01,3.495,4.45,4.048,3.528
China,2001-03-01,,2.5342,,3.1652
China,2001-04-01,,2.5401,,3.2182
China,2001-05-01,,2.533,,3.255
China,2001-06-01,,2.5563,,3.3507
China,2001-07-01,,,,2.471
China,2001-08-01,,,,3.1851
China,2001-09-01,,,,3.1835
China,2001-11-01,,,,3.1841
China,2001-12-01,,,,2.5125
China,2002-01-01,,,,2.4976
China,2002-02-01,,,,2.4976
China,2002-03-01,,,,2.4976
China,2002-04-01,,,,2.5859
China,2002-05-01,,,,2.0752
China,2002-06-01,2.52999997,1.94099998,,2.26099992
China,2002-07-01,2.86999989,2.0079999,,2.50999999
China,2002-08-01,2.84699988,2.03900003,,2.51999998
China,2002-09-01,3.08100009,2.39299989,,2.73099995
China,2002-10-01,3.06800008,2.3829999,,2.82999992
China,2002-11-01,3.32200003,2.45499992,,3.08699989
China,2002-12-01,3.09899998,2.4519999,,2.78800011
China,2003-01-01,3.05699992,2.30699992,,2.76900005
China,2003-02-01,3.00900006,2.31599998,,2.71700001
China,2003-03-01,2.96300006,2.29099989,,2.68700004
China,2003-04-01,3.12100005,2.23799992,,2.77200007
China,2003-05-01,2.89700007,2.27800012,,2.67799997
China,2003-06-01,2.98399997,2.35299993,,2.75999999
China,2003-07-01,2.90199995,2.31200004,,2.69300008
China,2003-08-01,2.94000006,2.4059999,,2.74699998
China,2003-09-01,3.52099991,2.53600001,,3.42400002
China,2003-10-01,3.62700009,2.83699989,,3.4519999
China,2003-11-01,3.78399992,2.53800011,,3.48300004
China,2003-12-01,3.75500011,2.66700006,,3.22399998
China,2004-01-01,3.75999999,2.59899998,,3.56599998
China,2004-02-01,3.94799995,2.63100004,,3.71099997
China,2004-03-01,3.98000002,2.70499992,2.51200008,3.71700001
China,2004-04-01,4.09200001,3.31399989,,4.16400003
China,2004-05-01,4.11499977,3.40799999,,4.15999985
China,2004-06-01,4.54799986,3.29699993,,4.45300007
China,2004-07-01,4.64400005,3.49399996,,4.63800001
China,2004-08-01,4.95100021,3.38499999,,4.86199999
China,2004-09-01,4.78999996,3.44300008,,4.75899982
China,2004-10-01,4.79099989,3.48699999,,4.7249999
China,2004-11-01,4.75299978,3.5250001,,4.67199993
China,2004-12-01,4.53299999,3.15100002,,4.37699986
China,2005-01-01,4.64699984,3.21099997,,4.61000013
China,2005-02-01,4.67199993,2.78200006,,4.56599998
China,2005-03-01,4.41099977,2.52200007,,4.18400002
China,2005-04-01,4.26999998,2.4059999,,3.99799991
China,2005-05-01,4.1329999,2.26900005,,3.85599995
China,2005-06-01,3.87400007,1.99699998,,3.51300001
China,2005-07-01,3.5480001,1.77900004,,3.10500002
China,2005-08-01,3.51799989,1.745,,3.04299998
China,2005-09-01,3.32500005,1.73500001,,2.93799996
China,2005-10-01,3.17400002,1.68099999,,2.82599998
China,2005-11-01,3.29299998,2.30800009,,3.03500009
China,2005-12-01,3.31500006,1.82000005,,2.93199992
China,2006-01-01,3.13400006,1.86199999,,2.78900003
China,2006-02-01,2.97000003,1.74300003,,2.70099998
China,2006-03-01,2.94799995,1.98199999,,2.71700001
China,2006-04-01,3.04500008,2.1500001,,2.79299998
China,2006-05-01,3.04699993,2.12899995,,2.78299999
China,2006-06-01,3.13199997,2.20300007,2.3499999,2.86299992
China,2006-07-01,3.3900001,2.30500007,2.43000007,3.01799989
China,2006-08-01,3.32299995,2.30200005,2.45000005,3.00999999
China,2006-09-01,3.30200005,2.16700006,2.29999995,2.92700005
China,2006-10-01,2.96600008,2.19199991,2.33999991,2.75200009
China,2006-11-01,3.01900005,2.25099993,2.38000011,2.79999995
China,2006-12-01,3.03999996,2.28900003,2.46099997,2.85899997
China,2007-01-01,3.07999992,2.16400003,2.35299993,2.8499999
China,2007-02-01,3.13199997,2.26399994,2.46199989,2.95000005
China,2007-03-01,3.398,2.38000011,2.55500007,3.01999998
China,2007-04-01,3.88899994,2.63000011,2.99799991,3.31999993
China,2007-05-01,4.30000019,2.95099998,3.02600002,3.66499996
China,2007-06-01,4.28499985,3.1960001,3.53299999,4.07700014
China,2007-07-01,4.36100006,3.30200005,3.55599999,4.01100016
China,2007-08-01,4.39799976,3.27200007,3.54900002,3.99600005
China,2007-09-01,4.47900009,3.53999996,3.5539999,4.17999983
China,2007-10-01,4.60400009,3.59599996,3.74600005,4.38399982
China,2007-11-01,4.60099983,4.02400017,4.15700006,4.40500021
China,2007-12-01,4.38999987,3.45799994,4.09299994,4.34000015
China,2008-01-01,4.28000021,3.8499999,3.8900001,4.2420001
China,2008-02-01,4.07999992,3.68600011,3.69899988,3.98000002
China,2008-03-01,4.19000006,3.65400004,3.73099995,4.01999998
China,2008-04-01,4.07999992,3.62400007,3.64400005,3.94000006
China,2008-05-01,4.17600012,3.66700006,3.70700002,4.03900003
China,2008-06-01,4.45100021,3.53699994,3.80100012,4.25099993
China,2008-07-01,4.58699989,3.93400002,4.01200008,4.39799976
China,2008-08-01,4.26999998,3.85500002,3.7420001,4.11000013
China,2008-09-01,3.71799994,3.4000001,3.31999993,3.62700009
China,2008-10-01,3.06999993,2.68000007,2.55999994,3.1500001
China,2008-11-01,3.29999995,1.86000001,2.0,2.87800002
China,2008-12-01,2.74900007,1.24399996,1.42799997,2.73399997
China,2009-01-01,3.05900002,1.27100003,1.44200003,2.65899992
China,2009-02-01,3.0999999,1.44000006,1.65699995,2.70000005
China,2009-03-01,3.16000009,1.37699997,1.699,2.77999997
China,2009-04-01,3.18000007,1.38900006,1.84500003,2.95000005
China,2009-05-01,3.05999994,1.22000003,1.75,2.82999992
China,2009-06-01,3.27999997,1.22500002,1.77999997,2.88000011
China,2009-07-01,3.26799989,1.29100001,1.91100001,2.94899988
China,2009-08-01,3.54999995,1.75,2.45000005,3.21000004
China,2009-09-01,3.53999996,1.65999997,2.3499999,3.28600001
China,2009-10-01,3.70000005,1.70000005,2.5,3.43000007
China,2009-11-01,3.55999994,1.87,2.36400008,3.29999995
China,2009-12-01,3.5999999,1.89999998,2.4000001,3.26999998
China,2010-01-01,3.5999999,1.89999998,2.4000001,3.26999998
China,2010-02-01,3.54999995,2.07999992,2.45000005,3.23000002
China,2010-03-01,3.57999992,1.97000003,2.24000001,3.11999989
China,2010-04-01,3.33999991,2.0999999,2.44300008,2.97000003
China,2010-05-01,3.30999994,2.1400001,2.3599999,2.92000008
China,2010-06-01,3.32999992,2.29999995,2.45000005,2.95000005
China,2010-07-01,3.30999994,2.22000003,2.27999997,2.93000007
China,2010-08-01,3.22099996,2.22000003,2.34200001,2.88499999
China,2010-09-01,3.25300002,2.13000011,2.3499999,2.96099997
China,2010-10-01,3.67000008,2.18000007,2.38000011,3.49000001
China,2010-11-01,3.9000001,2.74000001,3.0999999,3.80999994
China,2010-12-01,3.9000001,3.4000001,3.38499999,3.72000003
China,2011-01-01,3.8900001,3.20000005,3.30999994,3.8499999
China,2011-02-01,3.94000006,3.20000005,3.3499999,3.73900008
China,2011-03-01,3.9000001,3.18000007,3.24000001,3.73000002
China,2011-04-01,3.88000011,3.16000009,3.25,3.70000005
China,2011-05-01,3.83999991,3.20000005,3.27999997,3.6400001
China,2011-06-01,3.88000011,3.58999991,3.47000003,3.71000004
China,2011-07-01,4.11999989,3.47000003,3.79999995,3.78999996
China,2011-08-01,4.0,3.95000005,3.80999994,3.9000001
China,2011-09-01,3.86999989,3.70000005,3.75,3.8499999
China,2011-10-01,3.80999994,3.4000001,3.50999999,3.74000001
China,2011-11-01,3.61999989,3.0,3.07999992,3.54999995
China,2011-12-01,3.51999998,2.8599999,2.88000011,3.4000001
China,2012-01-01,3.4000001,2.88000011,2.8900001,3.26999998
China,2012-02-01,3.54999995,3.02999997,3.06999993,3.29999995
China,2012-03-01,3.54999995,2.97000003,3.0,3.38199997
China,2012-04-01,3.54999995,2.88000011,2.8900001,3.38199997
China,2012-05-01,3.5,2.54999995,2.5999999,3.08999991
China,2012-06-01,3.36999989,2.4000001,2.54999995,3.08999991
China,2012-07-01,3.32999992,2.3900001,2.6099999,3.01999998
China,2012-08-01,3.45000005,2.86999989,2.99000001,3.20000005
China,2012-09-01,3.5,2.95000005,3.07999992,3.25
China,2012-10-01,3.56999993,3.07999992,3.11999989,3.4000001
China,2012-11-01,3.57200003,3.04999995,3.12100005,3.38000011
China,2012-12-01,3.57500005,3.08500004,3.0999999,3.4000001
China,2013-01-01,3.5999999,3.07999992,3.0999999,3.38000011
China,2013-02-01,3.5999999,3.05999994,3.08999991,3.38000011
China,2013-03-01,3.44400001,3.05999994,2.90100002,3.28999996
China,2013-04-01,3.44700003,3.02999997,2.86800003,3.16100001
China,2013-05-01,3.44499993,3.05999994,3.06500006,3.32299995
China,2013-06-01,3.5999999,3.38000011,3.3900001,3.45000005
China,2013-07-01,3.5999999,3.29999995,3.57999992,3.46000004
China,2013-08-01,4.05000019,3.75999999,3.9000001,3.98000002
China,2013-09-01,4.05000019,3.79999995,3.80999994,4.01000023
China,2013-10-01,4.21999979,3.91000009,3.93000007,4.05000019
China,2013-11-01,4.39699984,4.28999996,4.3499999,4.51000023
China,2013-12-01,4.63000011,4.38999987,4.42999983,4.63000011
China,2014-01-01,4.55000019,3.81999993,4.0999999,4.57999992
China,2014-02-01,4.42000008,3.56999993,3.75,4.30000019
China,2014-03-01,4.48000002,3.51999998,3.73000002,4.42000008
China,2014-04-01,4.32999992,3.79999995,3.86999989,4.38000011
China,2014-05-01,4.15999985,3.77999997,3.9000001,4.11000013
China,2014-06-01,4.05999994,3.6500001,3.71000004,3.97000003
China,2014-07-01,4.29799986,3.92499995,3.93400002,4.20499992
China,2014-08-01,4.24800014,3.94300008,3.95600009,4.16200018
China,2014-09-01,4.02799988,3.8499999,3.85299993,3.97900009
China,2014-10-01,3.78600001,3.46799994,3.48799992,3.73200011
China,2014-11-01,3.546,3.16599989,3.30100012,3.49900007
China,2014-12-01,3.648,3.36899996,3.38100004,3.61299992
China,2015-01-01,3.51399994,3.22000003,3.19799995,3.46399999
China,2015-02-01,3.375,3.13599992,3.09800005,3.27099991
China,2015-03-01,3.62299991,3.25600004,3.34899998,3.5769999
China,2015-04-01,3.42199993,2.97799993,3.22799993,3.37899995
China,2015-05-01,3.59100008,2.22600007,2.86599994,3.579
China,2015-06-01,3.62899995,2.477,2.875,3.546
China,2015-07-01,3.47399998,2.63000011,2.875,3.41599989
China,2015-08-01,3.39400005,2.55999994,2.90100002,3.40300012
China,2015-09-01,3.27600002,2.75099993,2.91799998,3.30200005
China,2015-10-01,3.08699989,2.63000011,2.73300004,3.08200002
China,2015-11-01,3.08800006,2.75399995,2.84699988,3.10299993
China,2015-12-01,2.86199999,2.47300005,2.54900002,2.87100005
China,2016-01-01,2.90899992,2.58400011,2.61800003,2.9230001
China,2016-02-01,2.90899992,2.49799991,2.51999998,2.90799999
China,2016-03-01,2.88599992,2.35700011,2.30999994,2.78699994
China,2016-04-01,2.9373,2.3295,2.5922,2.7412
China,2016-05-01,2.9771,2.346,2.577,2.7868
China,2016-06-01,2.8656,2.339,2.5496,2.6876
China,2016-07-01,2.7919,2.2359,2.379,2.6115
China,2016-08-01,2.8091,2.1362,2.3744,2.5701
China,2016-09-01,2.7329,2.1752,2.3582,2.5605
China,2016-10-01,2.7532,2.1783,2.3026,2.4699
China,2016-11-01,2.9541,2.262,2.4846,2.7596
China,2016-12-01,3.0087,2.7661,2.8688,2.9556
China,2017-01-01,3.3691,2.7206,2.7669,3.0108
China,2017-02-01,3.3452,2.7448,2.851,2.9439
China,2017-03-01,3.2876,2.8414,2.9762,3.0848
China,2017-04-01,3.475,3.1323,3.1854,3.32
China,2017-05-01,3.64,3.4936,3.6075,3.58
China,2017-06-01,3.5619,3.4297,3.5151,3.4901
China,2017-07-01,3.6217,3.3699,3.4889,3.5999
China,2017-08-01,3.6718,3.3935,3.5398,3.6299
China,2017-09-01,3.6246,3.4496,3.5098,3.6098
China,2017-10-01,3.8899,3.5653,3.6767,3.93
China,2017-11-01,3.9302,3.7202,3.7164,3.8748
China,2017-12-01,3.8954,3.7823,3.8376,3.848
China,2018-01-01,3.9201,3.5793,3.5913,3.8347
China,2018-02-01,3.8564,3.3669,3.4627,3.6897
China,2018-03-01,3.77,3.3576,3.4797,3.6801
China,2018-04-01,3.6499,3.054,3.2629,3.5342
China,2018-05-01,3.645,3.1631,3.3046,3.4459
China,2018-06-01,3.4925,3.1589,3.3574,3.4667
China,2018-07-01,3.4776,2.8501,3.0497,3.2717
China,2018-08-01,3.5882,2.7895,3.1295,3.4185
China,2018-09-01,3.6348,2.9642,3.2467,3.4501
China,2018-10-01,3.5053,2.8155,3.1145,3.35
China,2018-11-01,3.3914,2.6133,2.8223,3.161
China,2018-12-01,3.3077,2.6171,2.674,3.0673
China,2019-01-01,3.1443,2.3994,2.6137,2.9083
China,2019-02-01,3.1988,2.4399,2.6904,3.0576
China,2019-03-01,3.07,2.4045,2.6213,2.9628
China,2019-04-01,3.3998,2.6527,2.8723,3.1846
China,2019-05-01,3.3061,2.5459,2.81,3.0867
China,2019-06-01,3.2922,2.5052,2.8263,3.0608
China,2019-07-01,3.1836,,2.7708,3.0127
China,2019-08-01,3.0649,2.5555,2.6402,2.9331
China,2019-09-01,3.1352,2.628,2.7467,2.9605
China,2019-10-01,3.2692,2.6774,2.8042,3.0676
China,2019-11-01,3.18,2.6262,2.7649,2.9696
China,2019-12-01,3.1626,2.5523,2.711,2.8237
China,2020-01-01,3.0511,2.3122,2.5525,2.7613
China,2020-02-01,2.79500008,2.076,2.36,2.527
China,2020-03-01,2.663,1.82,1.978,2.31
China,2020-04-01,2.51,1.143,1.325,1.741
China,2020-05-01,2.707,1.56,1.84,2.243
China,2020-06-01,2.895,2.16,2.257,2.573
China,2020-07-01,2.973,2.273,2.433,2.68
China,2020-08-01,3.053,2.503,2.715,2.975
China,2020-09-01,3.155,2.61,2.827,3.01
China,2020-10-01,3.192,2.74,2.864,3.041
China,2020-11-01,3.28,3.08,2.974,3.07
China,2020-12-01,3.203,2.7,2.764,2.971
China,2021-01-01,3.227,2.83,2.85,3.032
China,2021-02-01,3.289,2.697,2.774,3.072
China,2021-03-01,3.201,2.54,2.854,3.025
China,2021-04-01,3.1725,2.5999,2.7716,2.9684
China,2021-05-01,3.076,2.563,2.726,2.914
China,2021-06-01,3.083,2.322,2.656,2.933
China,2021-07-01,2.845,1.96,2.425,2.673
China,2021-08-01,2.857,2.248,2.465,2.672
China,2021-09-01,2.874,2.295,2.488,2.697
China,2021-10-01,2.976,2.237,2.612,2.832
China,2021-11-01,2.867,2.169,2.54,2.68
China,2021-12-01,2.783,2.195,2.37,2.588
China,2022-01-01,2.717,2.023,2.141,2.418
China,2022-02-01,2.791,2.071,2.221,2.504
China,2022-03-01,2.817,2.147,2.299,2.563
China,2022-04-01,2.841,2.148,2.333,2.626
China,2022-05-01,2.803,1.99,2.235,2.542
China,2022-06-01,2.824,1.914,2.253,2.636
China,2022-07-01,2.759,1.705,2.104,2.506
China,2022-08-01,2.649,1.709,2.054,2.408
China,2022-09-01,2.782,1.853,2.195,2.523
China,2022-10-01,2.65,1.732,2.054,2.429
China,2022-11-01,2.923,2.152,2.338,2.69
China,2022-12-01,2.884,2.148,2.343,2.66
China,2023-01-01,2.928,2.115,2.345,2.695
China,2023-02-01,2.913,2.296,2.51,2.735
China,2023-03-01,2.861,2.21,2.37,2.678
China,2023-04-01,2.785,2.115,2.292,2.625
China,2023-05-01,2.714,1.96,2.168,2.46
China,2023-06-01,2.683,1.863,2.115,2.41
China,2023-07-01,2.697,1.74,2.103,2.46
China,2023-08-01,2.589,1.937,2.119,2.396
China,2023-09-01,2.715,2.164,2.245,2.523
China,2023-10-01,2.709,2.335,2.365,2.558
China,2023-11-01,2.686,2.421,2.422,2.569
China,2023-12-01,2.579,2.17,2.204,2.408
China,2024-01-01,2.435,1.919,2.113,2.293
China,2024-02-01,2.363,1.778,2.04,2.228
China,2024-03-01,2.301,1.758,1.898,2.189
China,2024-04-01,2.309,1.68,1.932,2.19
China,2024-05-01,2.32,1.645,1.783,2.082
China,2024-06-01,2.208,1.534,1.652,1.963
Czech Republic,1998-12-01,,8.75,,
Czech Republic,1999-01-01,,8.12,7.959,
Czech Republic,1999-02-01,,7.82,8.234,8.072
Czech Republic,1999-03-01,,6.85,7.071,8.109
Czech Republic,1999-04-01,,6.64,6.75,
Czech Republic,1999-05-01,,7.04,6.968,
Czech Republic,1999-06-01,,6.91,6.931,
Czech Republic,1999-07-01,,6.55,6.744,
Czech Republic,1999-08-01,,6.36,6.478,
Czech Republic,1999-09-01,,6.61,6.539,
Czech Republic,1999-10-01,,6.05,6.44,
Czech Republic,1999-11-01,,5.64,6.124,7.144
Czech Republic,1999-12-01,,5.57,5.806,6.939
Czech Republic,2000-01-01,,5.88,6.003,
Czech Republic,2000-02-01,,5.57,5.925,
Czech Republic,2000-03-01,,5.43,5.564,
Czech Republic,2000-04-01,,5.33,5.578,5.882
Czech Republic,2000-05-01,6.341,5.29,5.623,5.963
Czech Republic,2000-06-01,6.687,5.64,6.156,
Czech Republic,2000-07-01,6.99,5.6,6.202,
Czech Republic,2000-08-01,6.993,5.59,5.906,
Czech Republic,2000-09-01,7.133,5.59,6.055,
Czech Republic,2000-10-01,7.577,5.68,6.335,
Czech Republic,2000-11-01,7.699,5.88,6.422,
Czech Republic,2000-12-01,7.18,5.48,6.316,6.815
Czech Republic,2001-01-01,6.566,5.39,5.598,
Czech Republic,2001-02-01,6.253,5.14,5.537,
Czech Republic,2001-03-01,6.238,4.68,5.153,
Czech Republic,2001-04-01,6.429,5.05,5.203,
Czech Republic,2001-05-01,6.672,5.26,5.359,
Czech Republic,2001-06-01,6.735,5.31,5.648,
Czech Republic,2001-07-01,6.958,6.0,6.107,
Czech Republic,2001-08-01,6.611,5.69,5.939,
Czech Republic,2001-09-01,6.269,5.49,5.638,
Czech Republic,2001-10-01,5.68,4.96,5.053,
Czech Republic,2001-11-01,5.621,4.85,4.923,
Czech Republic,2001-12-01,5.344,6.51,4.555,4.711
Czech Republic,2002-01-01,5.272,4.28,4.633,4.918
Czech Republic,2002-02-01,5.386,4.29,4.399,4.869
Czech Republic,2002-03-01,5.688,4.46,4.654,5.113
Czech Republic,2002-04-01,5.305,3.87,4.207,4.655
Czech Republic,2002-05-01,5.311,3.95,4.249,4.789
Czech Republic,2002-06-01,4.858,3.53,3.945,4.296
Czech Republic,2002-07-01,4.644,3.11,3.494,3.897
Czech Republic,2002-08-01,4.607,2.94,3.306,3.779
Czech Republic,2002-09-01,4.197,2.56,2.965,3.248
Czech Republic,2002-10-01,4.271,2.61,2.851,3.238
Czech Republic,2002-11-01,4.161,2.57,2.826,3.262
Czech Republic,2002-12-01,4.161,2.4,2.695,3.124
Czech Republic,2003-01-01,3.962,2.46,2.722,2.938
Czech Republic,2003-02-01,3.756,2.22,2.422,2.721
Czech Republic,2003-03-01,3.712,2.23,2.387,2.999
Czech Republic,2003-04-01,3.947,2.39,2.587,3.146
Czech Republic,2003-05-01,3.593,2.18,2.468,2.91
Czech Republic,2003-06-01,3.791,2.14,2.307,2.701
Czech Republic,2003-07-01,4.235,2.27,2.314,3.229
Czech Republic,2003-08-01,4.251,2.11,2.395,3.429
Czech Republic,2003-09-01,4.156,1.92,2.398,3.227
Czech Republic,2003-10-01,4.663,2.12,2.574,3.743
Czech Republic,2003-11-01,4.823,2.22,2.552,3.836
Czech Republic,2003-12-01,4.803,2.2,2.552,3.747
Czech Republic,2004-01-01,4.826,2.21,2.973,3.833
Czech Republic,2004-02-01,4.756,2.18,2.832,3.645
Czech Republic,2004-03-01,4.538,2.1,2.67,3.565
Czech Republic,2004-04-01,4.774,2.38,2.843,3.901
Czech Republic,2004-05-01,4.953,2.56,2.993,4.186
Czech Republic,2004-06-01,5.235,2.88,3.398,4.429
Czech Republic,2004-07-01,5.032,2.84,3.276,4.294
Czech Republic,2004-08-01,5.056,2.91,3.406,4.321
Czech Republic,2004-09-01,4.96,3.07,3.394,4.272
Czech Republic,2004-10-01,4.799,2.86,2.951,3.833
Czech Republic,2004-11-01,,2.83,3.041,3.684
Czech Republic,2004-12-01,,2.72,3.004,3.358
Czech Republic,2005-01-01,,2.25,2.625,2.888
Czech Republic,2005-02-01,,2.03,2.372,2.818
Czech Republic,2005-03-01,,1.98,2.358,2.756
Czech Republic,2005-04-01,3.549,1.75,2.09,2.711
Czech Republic,2005-05-01,3.429,1.66,1.956,
Czech Republic,2005-06-01,3.227,1.65,1.852,
Czech Republic,2005-07-01,3.466,1.94,2.217,2.788
Czech Republic,2005-08-01,3.317,1.75,2.028,2.632
Czech Republic,2005-09-01,3.322,1.93,2.168,2.687
Czech Republic,2005-10-01,3.779,2.49,2.873,3.38
Czech Republic,2005-11-01,3.689,2.45,2.755,3.29
Czech Republic,2005-12-01,3.571,2.48,2.695,3.208
Czech Republic,2006-01-01,3.464,2.14,2.361,2.996
Czech Republic,2006-02-01,3.421,2.04,2.271,3.015
Czech Republic,2006-03-01,3.723,2.37,2.792,3.292
Czech Republic,2006-04-01,3.974,2.37,3.009,3.531
Czech Republic,2006-05-01,3.949,2.32,2.838,3.447
Czech Republic,2006-06-01,4.097,2.73,3.079,3.728
Czech Republic,2006-07-01,3.968,2.76,3.118,3.695
Czech Republic,2006-08-01,3.74,2.52,2.927,3.448
Czech Republic,2006-09-01,3.856,3.02,3.278,3.654
Czech Republic,2006-10-01,3.831,3.03,3.41,3.597
Czech Republic,2006-11-01,3.656,2.86,3.158,3.35
Czech Republic,2006-12-01,3.723,2.74,3.043,3.26
Czech Republic,2007-01-01,3.85,2.83,3.132,3.402
Czech Republic,2007-02-01,3.681,2.69,3.028,3.221
Czech Republic,2007-03-01,3.859,2.8,3.017,3.382
Czech Republic,2007-04-01,3.945,2.98,3.187,3.462
Czech Republic,2007-05-01,4.095,3.2,3.374,3.746
Czech Republic,2007-06-01,4.507,3.45,3.736,4.164
Czech Republic,2007-07-01,4.517,3.65,3.822,4.31
Czech Republic,2007-08-01,4.548,3.75,3.856,4.265
Czech Republic,2007-09-01,4.537,3.84,3.894,4.245
Czech Republic,2007-10-01,4.49,3.6,3.894,4.232
Czech Republic,2007-11-01,4.505,4.01,4.15,4.299
Czech Republic,2007-12-01,4.719,4.23,4.261,4.461
Czech Republic,2008-01-01,4.487,4.05,3.931,4.2
Czech Republic,2008-02-01,4.524,4.18,4.076,4.214
Czech Republic,2008-03-01,4.84,4.15,4.2,4.578
Czech Republic,2008-04-01,4.785,4.18,4.288,4.445
Czech Republic,2008-05-01,5.17,4.2,4.478,4.797
Czech Republic,2008-06-01,5.161,4.35,4.645,4.859
Czech Republic,2008-07-01,4.626,4.0,3.895,4.126
Czech Republic,2008-08-01,4.523,3.78,3.868,4.131
Czech Republic,2008-09-01,4.392,3.91,3.626,3.957
Czech Republic,2008-10-01,5.018,4.25,4.316,4.844
Czech Republic,2008-11-01,4.558,3.41,4.109,4.44
Czech Republic,2008-12-01,4.37,3.95,3.845,3.721
Czech Republic,2009-01-01,4.63,2.53,3.144,3.81
Czech Republic,2009-02-01,5.162,2.72,3.511,4.548
Czech Republic,2009-03-01,5.721,2.54,3.334,4.474
Czech Republic,2009-04-01,5.643,2.55,3.159,4.561
Czech Republic,2009-05-01,5.637,2.45,2.95,4.043
Czech Republic,2009-06-01,5.853,2.27,2.944,4.271
Czech Republic,2009-07-01,5.54,2.4,2.768,3.953
Czech Republic,2009-08-01,5.156,2.08,2.447,3.857
Czech Republic,2009-09-01,4.962,2.06,2.503,3.807
Czech Republic,2009-10-01,4.231,2.06,2.122,3.603
Czech Republic,2009-11-01,4.113,1.95,1.962,3.352
Czech Republic,2009-12-01,3.924,1.78,1.766,3.314
Czech Republic,2010-01-01,4.415,1.77,1.819,3.411
Czech Republic,2010-02-01,4.192,1.48,1.422,3.27
Czech Republic,2010-03-01,4.018,1.58,1.303,3.005
Czech Republic,2010-04-01,4.061,1.57,2.524,2.65
Czech Republic,2010-05-01,4.224,1.32,1.938,2.827
Czech Republic,2010-06-01,4.165,1.34,1.875,2.853
Czech Republic,2010-07-01,3.883,1.19,1.844,2.705
Czech Republic,2010-08-01,3.34,1.37,1.783,2.676
Czech Republic,2010-09-01,3.418,1.39,1.735,2.621
Czech Republic,2010-10-01,3.712,1.37,1.844,2.839
Czech Republic,2010-11-01,3.829,1.36,1.771,2.876
Czech Republic,2010-12-01,3.963,1.41,1.715,3.086
Czech Republic,2011-01-01,3.99,1.38,1.778,3.093
Czech Republic,2011-02-01,4.026,1.35,1.782,3.161
Czech Republic,2011-03-01,4.059,1.41,1.761,3.145
Czech Republic,2011-04-01,3.977,1.43,1.598,3.02
Czech Republic,2011-05-01,3.774,1.41,1.546,2.825
Czech Republic,2011-06-01,3.841,1.25,1.52,2.764
Czech Republic,2011-07-01,3.727,1.36,1.518,2.747
Czech Republic,2011-08-01,3.064,1.33,1.231,2.109
Czech Republic,2011-09-01,3.013,1.32,1.082,1.906
Czech Republic,2011-10-01,3.252,1.3,1.485,1.995
Czech Republic,2011-11-01,4.254,1.29,2.126,2.844
Czech Republic,2011-12-01,3.59,1.32,1.755,2.495
Czech Republic,2012-01-01,3.206,1.36,1.42,2.232
Czech Republic,2012-02-01,3.328,1.37,1.322,2.039
Czech Republic,2012-03-01,3.558,1.37,1.668,2.54
Czech Republic,2012-04-01,3.381,1.37,1.51,2.398
Czech Republic,2012-05-01,3.206,1.44,1.129,2.032
Czech Republic,2012-06-01,3.043,1.16,0.943,1.855
Czech Republic,2012-07-01,2.318,1.16,1.007,1.465
Czech Republic,2012-08-01,2.306,1.12,0.43,1.151
Czech Republic,2012-09-01,2.382,0.828,0.502,1.21
Czech Republic,2012-10-01,2.191,0.621,0.379,1.009
Czech Republic,2012-11-01,1.974,0.228,0.315,0.805
Czech Republic,2012-12-01,1.856,0.262,0.516,0.806
Czech Republic,2013-01-01,2.068,0.162,0.228,0.961
Czech Republic,2013-02-01,2.039,0.173,0.311,1.056
Czech Republic,2013-03-01,1.888,0.359,0.433,1.242
Czech Republic,2013-04-01,1.642,0.528,0.363,0.988
Czech Republic,2013-05-01,1.755,0.526,0.431,1.186
Czech Republic,2013-06-01,2.358,0.537,0.606,1.627
Czech Republic,2013-07-01,2.235,0.573,0.483,1.487
Czech Republic,2013-08-01,2.573,0.536,0.434,1.417
Czech Republic,2013-09-01,2.386,0.573,0.249,1.249
Czech Republic,2013-10-01,2.301,0.537,0.265,1.092
Czech Republic,2013-11-01,2.247,0.374,0.135,0.801
Czech Republic,2013-12-01,2.534,0.304,0.264,1.119
Czech Republic,2014-01-01,2.32,0.15,0.431,1.217
Czech Republic,2014-02-01,2.216,0.13,0.459,1.134
Czech Republic,2014-03-01,2.21,0.1,0.396,1.119
Czech Republic,2014-04-01,1.88,0.1,0.432,0.888
Czech Republic,2014-05-01,1.715,0.15,0.294,0.755
Czech Republic,2014-06-01,1.477,0.1,0.306,0.526
Czech Republic,2014-07-01,1.472,0.15,0.242,0.63
Czech Republic,2014-08-01,1.216,0.1,0.184,0.468
Czech Republic,2014-09-01,1.191,0.12,0.087,0.365
Czech Republic,2014-10-01,0.932,0.1,0.124,0.235
Czech Republic,2014-11-01,0.726,0.11,0.107,0.191
Czech Republic,2014-12-01,0.742,0.12,0.186,0.234
Czech Republic,2015-01-01,0.408,0.12,0.067,0.093
Czech Republic,2015-02-01,0.639,0.04,0.095,0.195
Czech Republic,2015-03-01,0.461,0.04,0.005,0.091
Czech Republic,2015-04-01,0.563,0.06,0.065,0.126
Czech Republic,2015-05-01,0.839,0.03,0.119,0.24
Czech Republic,2015-06-01,1.26,0.02,0.027,0.424
Czech Republic,2015-07-01,0.92,0.03,-0.238,0.149
Czech Republic,2015-08-01,0.88,0.02,-0.157,0.195
Czech Republic,2015-09-01,0.682,-0.25,-0.307,0.009
Czech Republic,2015-10-01,0.501,-0.01,-0.394,-0.052
Czech Republic,2015-11-01,0.531,-0.01,-0.208,-0.004
Czech Republic,2015-12-01,0.597,-0.1,-0.223,0.059
Czech Republic,2016-01-01,0.67,-0.1,-0.089,0.086
Czech Republic,2016-02-01,0.426,0.15,-0.191,-0.079
Czech Republic,2016-03-01,0.444,0.02,-0.011,0.05
Czech Republic,2016-04-01,0.498,0.05,-0.044,0.117
Czech Republic,2016-05-01,0.544,0.05,0.009,0.177
Czech Republic,2016-06-01,0.456,-0.05,-0.082,0.087
Czech Republic,2016-07-01,0.361,-0.05,-0.135,-0.015
Czech Republic,2016-08-01,0.276,-0.03,-0.266,-0.125
Czech Republic,2016-09-01,0.25,,-0.565,-0.197
Czech Republic,2016-10-01,0.473,,-0.85,-0.153
Czech Republic,2016-11-01,0.542,,-0.776,-0.121
Czech Republic,2016-12-01,0.467,,-0.9,-0.222
Czech Republic,2017-01-01,0.46,,-0.662,-0.138
Czech Republic,2017-02-01,0.618,,-0.5,0.092
Czech Republic,2017-03-01,0.898,-0.768,-0.573,0.116
Czech Republic,2017-04-01,0.988,0.115,0.004,0.195
Czech Republic,2017-05-01,0.705,-0.087,-0.117,-0.145
Czech Republic,2017-06-01,0.965,0.094,0.113,0.025
Czech Republic,2017-07-01,0.88,-0.098,0.026,0.066
Czech Republic,2017-08-01,0.917,-0.164,-0.054,0.014
Czech Republic,2017-09-01,1.207,0.383,0.197,0.268
Czech Republic,2017-10-01,1.595,0.295,0.324,0.762
Czech Republic,2017-11-01,1.578,-0.182,0.09,0.936
Czech Republic,2017-12-01,1.52,0.715,0.559,0.852
Czech Republic,2018-01-01,1.8,0.748,0.534,1.087
Czech Republic,2018-02-01,1.922,0.522,0.6,1.264
Czech Republic,2018-03-01,1.886,0.467,0.845,1.246
Czech Republic,2018-04-01,1.73,0.527,0.882,1.199
Czech Republic,2018-05-01,1.941,0.3,0.998,1.41
Czech Republic,2018-06-01,2.197,0.783,1.218,1.616
Czech Republic,2018-07-01,2.198,0.982,1.296,1.711
Czech Republic,2018-08-01,2.101,0.96,1.28,1.678
Czech Republic,2018-09-01,2.17,1.031,1.449,1.862
Czech Republic,2018-10-01,2.149,1.285,1.676,1.846
Czech Republic,2018-11-01,2.075,1.487,1.719,1.803
Czech Republic,2018-12-01,1.941,1.423,1.477,1.757
Czech Republic,2019-01-01,1.701,1.713,1.72,1.612
Czech Republic,2019-02-01,1.908,1.816,1.809,1.801
Czech Republic,2019-03-01,1.837,1.735,1.778,1.78
Czech Republic,2019-04-01,1.897,1.775,1.607,1.766
Czech Republic,2019-05-01,1.766,1.735,1.616,1.619
Czech Republic,2019-06-01,1.521,1.467,1.455,1.291
Czech Republic,2019-07-01,1.219,1.099,1.078,1.069
Czech Republic,2019-08-01,1.066,1.087,1.098,0.85
Czech Republic,2019-09-01,1.349,1.45,1.296,1.073
Czech Republic,2019-10-01,1.406,1.354,1.217,1.065
Czech Republic,2019-11-01,1.462,1.786,1.505,1.197
Czech Republic,2019-12-01,1.635,2.09,1.719,1.518
Czech Republic,2020-01-01,1.531,1.738,1.765,1.545
Czech Republic,2020-02-01,1.313,2.058,1.675,1.543
Czech Republic,2020-03-01,1.511,0.885,0.8,1.3
Czech Republic,2020-04-01,1.282,0.309,0.652,0.91
Czech Republic,2020-05-01,0.715,-0.029,0.066,0.433
Czech Republic,2020-06-01,0.754,0.442,0.047,0.463
Czech Republic,2020-07-01,0.823,0.236,0.015,0.429
Czech Republic,2020-08-01,1.111,0.151,0.171,0.733
Czech Republic,2020-09-01,0.861,0.085,0.091,0.534
Czech Republic,2020-10-01,0.987,-0.163,0.032,0.567
Czech Republic,2020-11-01,1.28,-0.319,0.124,0.851
Czech Republic,2020-12-01,1.281,0.152,0.282,0.797
Czech Republic,2021-01-01,1.345,-0.198,0.312,0.912
Czech Republic,2021-02-01,1.675,-0.077,0.583,1.234
Czech Republic,2021-03-01,1.95,0.101,0.781,1.551
Czech Republic,2021-04-01,1.74,-0.285,0.632,1.342
Czech Republic,2021-05-01,1.735,0.122,0.563,1.519
Czech Republic,2021-06-01,1.83,1.178,0.474,1.75
Czech Republic,2021-07-01,1.706,1.073,1.428,1.597
Czech Republic,2021-08-01,1.841,1.201,1.684,1.762
Czech Republic,2021-09-01,2.089,1.526,1.942,2.063
Czech Republic,2021-10-01,2.707,2.602,2.848,2.85
Czech Republic,2021-11-01,2.555,2.813,2.788,2.709
Czech Republic,2021-12-01,2.976,3.93,3.739,3.351
Czech Republic,2022-01-01,3.336,4.659,4.235,3.541
Czech Republic,2022-02-01,3.079,4.37,4.12,3.338
Czech Republic,2022-03-01,3.719,4.764,4.615,4.169
Czech Republic,2022-04-01,4.37,5.373,5.228,4.636
Czech Republic,2022-05-01,4.732,5.946,5.485,5.027
Czech Republic,2022-06-01,5.005,6.86,6.117,5.503
Czech Republic,2022-07-01,4.131,6.92,6.206,4.867
Czech Republic,2022-08-01,4.791,6.901,6.206,5.259
Czech Republic,2022-09-01,5.381,6.97,6.254,5.522
Czech Republic,2022-10-01,5.952,7.295,6.362,6.115
Czech Republic,2022-11-01,4.746,6.557,5.917,5.033
Czech Republic,2022-12-01,5.12,7.118,5.917,5.307
Czech Republic,2023-01-01,4.623,6.862,5.899,5.058
Czech Republic,2023-02-01,4.947,7.059,6.064,5.27
Czech Republic,2023-03-01,4.607,6.367,5.849,4.981
Czech Republic,2023-04-01,4.557,6.037,6.123,4.89
Czech Republic,2023-05-01,4.512,6.211,5.747,5.032
Czech Republic,2023-06-01,4.323,6.56,5.853,4.86
Czech Republic,2023-07-01,4.057,7.317,6.023,4.614
Czech Republic,2023-08-01,4.314,7.363,5.867,4.692
Czech Republic,2023-09-01,4.75,10.196,5.053,4.717
Czech Republic,2023-10-01,4.658,5.206,5.011,4.388
Czech Republic,2023-11-01,4.271,5.032,5.03,4.236
Czech Republic,2023-12-01,3.719,4.885,4.459,3.664
Czech Republic,2024-01-01,3.793,5.485,4.24,3.631
Czech Republic,2024-02-01,3.81,4.249,3.601,3.607
Czech Republic,2024-03-01,3.937,4.523,3.753,3.787
Czech Republic,2024-04-01,4.372,4.423,4.196,4.262
Czech Republic,2024-05-01,4.364,4.44,4.206,4.201
Czech Republic,2024-06-01,4.17,4.396,4.014,4.061
Denmark,1994-02-01,6.62300014,,5.78000021,5.79199982
Denmark,1994-03-01,6.96600008,,5.86999989,
Denmark,1994-04-01,7.11600018,,6.0250001,
Denmark,1994-05-01,8.08500004,,6.73000002,
Denmark,1994-06-01,8.25300026,,7.10500002,
Denmark,1994-07-01,7.96400023,,6.82000017,
Denmark,1994-08-01,8.79599953,,7.76100016,
Denmark,1994-09-01,9.0010004,,8.07499981,
Denmark,1994-10-01,8.91399956,,7.9829998,
Denmark,1994-11-01,8.63599968,,7.43599987,
Denmark,1994-12-01,9.08399963,,8.05099964,8.65600014
Denmark,1995-01-01,8.94699955,,7.55200005,8.45600033
Denmark,1995-02-01,8.81000042,,7.56099987,8.31200027
Denmark,1995-03-01,8.92199993,,7.58599997,8.31700039
Denmark,1995-04-01,8.61299992,,7.47599983,8.23700047
Denmark,1995-05-01,8.03800011,,6.78999996,7.58300018
Denmark,1995-06-01,8.54100037,,7.25,8.07999992
Denmark,1995-07-01,8.24400043,,6.81099987,7.6789999
Denmark,1995-08-01,7.99700022,,6.24900007,7.27600002
Denmark,1995-09-01,7.95300007,,6.15299988,7.2579999
Denmark,1995-10-01,7.76599979,,5.95800018,6.97599983
Denmark,1995-11-01,7.30900002,,5.32299995,6.46999979
Denmark,1995-12-01,7.22100019,,4.95100021,6.24399996
Denmark,1996-01-01,7.10200024,,4.625,5.954
Denmark,1996-02-01,7.62699986,,4.83699989,6.39400005
Denmark,1996-03-01,7.52699995,,4.49300003,6.23799992
Denmark,1996-04-01,7.23400021,,4.03399992,5.94099998
Denmark,1996-05-01,7.48400021,,4.40999985,6.14099979
Denmark,1996-06-01,7.39300013,,5.08699989,6.43599987
Denmark,1996-07-01,7.33799982,,5.05299997,6.36899996
Denmark,1996-08-01,7.35500002,,4.88800001,6.29300022
Denmark,1996-09-01,6.92500019,,4.43200016,5.80900002
Denmark,1996-10-01,6.87300014,,4.43300009,5.63600016
Denmark,1996-11-01,6.57800007,,4.22300005,5.49499989
Denmark,1996-12-01,6.53999996,,4.05100012,5.37200022
Denmark,1997-01-01,6.47700024,,3.95799994,5.24499989
Denmark,1997-02-01,6.2329998,,3.94000006,5.07299995
Denmark,1997-03-01,6.68900013,,4.33400011,5.454
Denmark,1997-04-01,6.53100014,,4.13600016,5.24100018
Denmark,1997-05-01,6.40799999,,4.03000021,5.1079998
Denmark,1997-06-01,6.31099987,,4.14300013,4.83300018
Denmark,1997-07-01,5.98999977,,4.30100012,4.7750001
Denmark,1997-08-01,6.26999998,,4.57999992,5.08699989
Denmark,1997-09-01,5.98699999,,4.60900021,5.03999996
Denmark,1997-10-01,6.15399981,,4.78900003,5.26399994
Denmark,1997-11-01,5.92999983,,4.71700001,5.39300013
Denmark,1997-12-01,5.65399981,,4.50699997,5.1500001
Denmark,1998-01-01,5.41800022,,4.19199991,4.91699982
Denmark,1998-02-01,5.2579999,,4.16599989,4.79699993
Denmark,1998-03-01,5.14499998,,4.30100012,4.73400021
Denmark,1998-04-01,5.31799984,,4.51999998,5.00600004
Denmark,1998-05-01,5.06799984,,4.50899982,4.77899981
Denmark,1998-06-01,4.954,,4.36399984,4.64499998
Denmark,1998-07-01,4.92299986,,4.39900017,4.63500023
Denmark,1998-08-01,4.80600023,,4.44399977,4.48400021
Denmark,1998-09-01,4.60300016,,4.43100023,4.40700006
Denmark,1998-10-01,4.69000006,,4.09499979,4.24599981
Denmark,1998-11-01,4.37900019,,3.94199991,4.02899981
Denmark,1998-12-01,4.22399998,,3.83299994,3.90899992
Denmark,1999-01-01,3.9920001,,3.42600012,3.56599998
Denmark,1999-02-01,4.36399984,,3.6400001,3.898
Denmark,1999-03-01,4.37099981,,3.37100005,3.83699989
Denmark,1999-04-01,4.25099993,,3.15199995,3.66000009
Denmark,1999-05-01,4.56099987,,3.42700005,3.94499993
Denmark,1999-06-01,4.92700005,,3.704,4.31899977
Denmark,1999-07-01,5.2750001,,4.03700018,4.68400002
Denmark,1999-08-01,5.40100002,,4.09600019,4.8210001
Denmark,1999-09-01,5.58599997,,4.16200018,4.96000004
Denmark,1999-10-01,5.60699987,,4.38199997,5.12200022
Denmark,1999-11-01,5.47399998,,4.375,5.09100008
Denmark,1999-12-01,5.65600014,,4.61299992,5.29300022
Denmark,2000-01-01,5.8829999,,4.82000017,5.5170002
Denmark,2000-02-01,5.83599997,,4.97900009,5.55900002
Denmark,2000-03-01,5.56099987,,4.94299984,5.36399984
Denmark,2000-04-01,5.67000008,,5.29099989,5.546
Denmark,2000-05-01,5.70900011,,5.72900009,5.704
Denmark,2000-06-01,5.70300007,,5.86999989,5.73199987
Denmark,2000-07-01,5.70200014,,5.92999983,5.80600023
Denmark,2000-08-01,5.68400002,,5.87200022,5.74599981
Denmark,2000-09-01,5.63500023,,5.69700003,5.65399981
Denmark,2000-10-01,5.53700018,,5.53299999,5.49599981
Denmark,2000-11-01,5.32499981,,5.28000021,5.24399996
Denmark,2000-12-01,5.13399982,,4.96700001,4.9749999
Denmark,2001-01-01,5.08900023,,4.88000011,4.90700006
Denmark,2001-02-01,5.02199984,,4.87699986,4.85500002
Denmark,2001-03-01,4.93300009,,4.66599989,4.71199989
Denmark,2001-04-01,5.32399988,,5.10599995,5.1420002
Denmark,2001-05-01,5.46199989,,4.90899992,5.15899992
Denmark,2001-06-01,5.3829999,,4.82299995,5.02099991
Denmark,2001-07-01,5.18200016,,4.63600016,4.82800007
Denmark,2001-08-01,5.07700014,,4.42500019,4.65999985
Denmark,2001-09-01,5.04500008,,4.07499981,4.48899984
Denmark,2001-10-01,4.64699984,,3.70600009,4.11800003
Denmark,2001-11-01,4.75,,3.87199998,4.32499981
Denmark,2001-12-01,5.21999979,,4.20200014,4.7420001
Denmark,2002-01-01,5.13199997,,4.30200005,4.7750001
Denmark,2002-02-01,5.19899988,,4.27600002,4.78900003
Denmark,2002-03-01,5.47599983,,4.61499977,5.14099979
Denmark,2002-04-01,5.37400007,,4.32299995,4.93499994
Denmark,2002-05-01,5.41099977,,4.76999998,5.10500002
Denmark,2002-06-01,5.20200014,,4.46500015,4.84499979
Denmark,2002-07-01,4.99499989,,4.13899994,4.56500006
Denmark,2002-08-01,4.84899998,,3.92700005,4.40100002
Denmark,2002-09-01,4.62099981,,3.48799992,4.12900019
Denmark,2002-10-01,4.82800007,,3.49000001,4.27799988
Denmark,2002-11-01,4.78100014,,3.49099994,4.25400019
Denmark,2002-12-01,4.4460001,,3.06800008,3.84699988
Denmark,2003-01-01,4.30800009,,2.91000009,3.6789999
Denmark,2003-02-01,4.15600014,,2.61599994,3.43000007
Denmark,2003-03-01,4.296,,2.6559999,3.56599998
Denmark,2003-04-01,4.32700014,,2.9059999,3.56800008
Denmark,2003-05-01,3.9460001,,2.54900002,3.13700008
Denmark,2003-06-01,4.00500011,,2.44000006,3.16499996
Denmark,2003-07-01,4.36999989,,2.79299998,3.58599997
Denmark,2003-08-01,4.40500021,,2.94799995,3.72199988
Denmark,2003-09-01,4.19299984,,2.56299996,3.36500001
Denmark,2003-10-01,4.48999977,,2.90199995,3.72099996
Denmark,2003-11-01,4.62900019,,3.03399992,3.88700008
Denmark,2003-12-01,4.46400023,,2.79299998,3.64599991
Denmark,2004-01-01,4.40199995,,2.77200007,3.41199994
Denmark,2004-02-01,4.21600008,,2.45600009,
Denmark,2004-03-01,4.07499981,,2.31599998,
Denmark,2004-04-01,4.34800005,,2.57999992,
Denmark,2004-05-01,4.51000023,,2.7750001,
Denmark,2004-06-01,4.47200012,,2.73699999,
Denmark,2004-07-01,4.38899994,,2.63599992,
Denmark,2005-06-01,3.07800007,,2.03399992,2.3670001
Denmark,2005-07-01,3.22000003,,2.21300006,2.5250001
Denmark,2005-08-01,3.07299995,,2.11800003,2.5309999
Denmark,2005-09-01,3.11299992,,2.38000011,2.68499994
Denmark,2005-10-01,3.38100004,,2.65300012,2.98000002
Denmark,2005-11-01,3.4289999,,2.81500006,3.11599994
Denmark,2005-12-01,3.3039999,,2.85299993,3.0539999
Denmark,2006-01-01,3.45700002,,2.96099997,3.22099996
Denmark,2006-02-01,3.51300001,,3.21000004,3.31599998
Denmark,2006-03-01,3.85400009,,3.51699996,3.61999989
Denmark,2006-04-01,4.00400019,,3.49799991,3.71099997
Denmark,2006-05-01,4.02899981,,3.53200006,3.70499992
Denmark,2006-06-01,4.10500002,,3.671,3.83899999
Denmark,2006-07-01,3.95600009,,3.6099999,3.72099996
Denmark,2006-08-01,3.7809999,,3.602,3.61599994
Denmark,2006-09-01,3.80900002,,3.66599989,3.64400005
Denmark,2006-10-01,3.80500007,,3.7349999,3.68499994
Denmark,2006-11-01,3.71700001,,3.72399998,3.64700007
Denmark,2006-12-01,3.94799995,,3.9230001,3.9460001
Denmark,2007-01-01,4.08199978,,4.04199982,4.00699997
Denmark,2007-02-01,3.96000004,,4.01499987,3.88700008
Denmark,2007-03-01,4.06699991,,4.16200018,4.01000023
Denmark,2007-04-01,4.18300009,,4.26399994,4.14599991
Denmark,2007-05-01,4.47700024,,4.47200012,4.45800018
Denmark,2007-06-01,4.62200022,,4.5079999,4.57399988
Denmark,2007-07-01,4.42000008,,4.40199995,4.3670001
Denmark,2007-08-01,4.3579998,,4.20200014,4.22100019
Denmark,2007-09-01,4.43900013,,4.26599979,4.26599979
Denmark,2007-10-01,4.33699989,,4.29199982,4.27600002
Denmark,2007-11-01,4.24300003,,4.04799986,4.08500004
Denmark,2007-12-01,4.44299984,,4.23099995,4.23600006
Denmark,2008-01-01,4.06599998,,3.71399999,3.69099998
Denmark,2008-02-01,4.00500011,,3.50699997,3.49099994
Denmark,2008-03-01,4.16599989,,3.91400003,3.79900002
Denmark,2008-04-01,4.37900019,,4.12599993,4.171
Denmark,2008-05-01,4.69099998,,4.71500015,4.63000011
Denmark,2008-06-01,4.921,,4.9920001,4.9369998
Denmark,2008-07-01,4.64599991,,4.62099981,4.58199978
Denmark,2008-08-01,4.45300007,,4.35099983,4.35400009
Denmark,2008-09-01,4.40999985,,3.89700007,4.20699978
Denmark,2008-10-01,4.45699978,,4.09700012,4.34200001
Denmark,2008-11-01,3.80500007,,3.69700003,3.71600008
Denmark,2008-12-01,3.40100002,,2.704,3.09299994
Denmark,2009-01-01,3.7349999,,2.53900003,3.22099996
Denmark,2009-02-01,3.51099992,,2.22600007,3.00300002
Denmark,2009-03-01,3.35800004,,1.79499996,2.829
Denmark,2009-04-01,3.4460001,,1.88100004,2.8829999
Denmark,2009-05-01,3.75,,1.68099999,2.94799995
Denmark,2009-06-01,3.61199999,,1.67900002,3.35299993
Denmark,2009-07-01,3.62199998,,2.22000003,3.171
Denmark,2009-08-01,3.62199998,,2.34100008,3.10800004
Denmark,2009-09-01,3.56999993,,2.2980001,3.12100005
Denmark,2009-10-01,3.65400004,,2.43400002,3.16199994
Denmark,2009-11-01,3.54699993,,2.16799998,2.94099998
Denmark,2009-12-01,3.67799997,,2.11800003,3.08500004
Denmark,2010-01-01,3.56699991,,1.89999998,2.852
Denmark,2010-02-01,3.44499993,,1.68200004,2.68499994
Denmark,2010-03-01,3.37599993,,1.54100001,2.60899997
Denmark,2010-04-01,3.2019999,,1.30499995,2.39899993
Denmark,2010-05-01,2.68600011,,0.81699997,1.89300001
Denmark,2010-06-01,2.68400002,,0.94800001,1.84200001
Denmark,2010-07-01,2.75699997,,1.10300004,2.01399994
Denmark,2010-08-01,2.1789999,,0.778,1.51199996
Denmark,2010-09-01,2.38100004,,1.05599999,1.73099995
Denmark,2010-10-01,2.625,,1.26499999,1.94200003
Denmark,2010-11-01,2.83200002,,1.06500006,1.972
Denmark,2010-12-01,3.02600002,,1.028,2.1099999
Denmark,2011-01-01,3.20700002,,1.47800004,2.46600008
Denmark,2011-02-01,3.21600008,,1.51100004,2.49300003
Denmark,2011-03-01,3.4289999,,1.78299999,2.77600002
Denmark,2011-04-01,3.25,,2.11299992,2.671
Denmark,2011-05-01,3.03200006,,1.86399996,2.38100004
Denmark,2011-06-01,3.25900006,,1.82700002,2.56299996
Denmark,2011-07-01,2.78600001,,1.37300003,2.03900003
Denmark,2011-08-01,2.4000001,,0.96899998,1.58000004
Denmark,2011-09-01,2.07399988,,0.685,1.26800001
Denmark,2011-10-01,2.25900006,,0.79100001,1.37800002
Denmark,2011-11-01,2.0710001,,0.34299999,1.04400003
Denmark,2011-12-01,1.63600004,,0.104,0.62800002
Denmark,2012-01-01,1.75199997,,0.205,0.77200001
Denmark,2012-02-01,1.86699998,,0.266,0.87400001
Denmark,2012-03-01,1.81400001,,0.30700001,0.81099999
Denmark,2012-04-01,1.63800001,,0.19400001,0.65399998
Denmark,2012-05-01,1.03400004,,-0.069,0.252
Denmark,2012-06-01,1.45899999,,0.045,0.45899999
Denmark,2012-07-01,1.07599998,,-0.301,0.072
Denmark,2012-08-01,1.09899998,,-0.249,0.368
Denmark,2012-09-01,1.237,,-0.096,0.523
Denmark,2012-10-01,1.23,,-0.077,0.475
Denmark,2012-11-01,1.067,,-0.173,0.286
Denmark,2012-12-01,1.059,,-0.142,0.256
Denmark,2013-01-01,1.44,,0.079,0.71
Denmark,2013-02-01,1.229,,-0.029,0.459
Denmark,2013-03-01,1.084,,-0.042,0.321
Denmark,2013-04-01,0.94,,-0.042,0.273
Denmark,2013-05-01,1.198,,-0.038,0.4
Denmark,2013-06-01,1.499,,0.473,1.094
Denmark,2013-07-01,1.487,,0.413,1.069
Denmark,2013-08-01,1.705,,0.551,1.281
Denmark,2013-09-01,1.58,,0.446,1.156
Denmark,2013-10-01,1.416,,0.327,0.982
Denmark,2013-11-01,1.367,,0.178,0.915
Denmark,2013-12-01,1.984,,0.302,1.175
Denmark,2014-01-01,1.702,,0.224,0.855
Denmark,2014-02-01,1.661,,0.259,0.825
Denmark,2014-03-01,1.622,,0.254,0.848
Denmark,2014-04-01,1.544,,0.203,0.765
Denmark,2014-05-01,1.526,,0.195,0.745
Denmark,2014-07-01,1.225,,0.116,0.474
Denmark,2014-08-01,0.922,,0.063,0.293
Denmark,2014-09-01,0.92,,0.001,0.246
Denmark,2014-10-01,0.825,,0.024,0.211
Denmark,2014-11-01,0.657,,0.04,0.166
Denmark,2014-12-01,0.56,,0.001,0.113
Denmark,2015-01-01,0.209,,-0.444,-0.178
Denmark,2015-02-01,0.29,,-0.686,-0.308
Denmark,2015-03-01,0.279,,-0.475,-0.242
Denmark,2015-04-01,0.482,,-0.384,-0.107
Denmark,2015-05-01,0.65,,-0.341,-0.043
Denmark,2015-06-01,0.993,,-0.296,0.039
Denmark,2015-07-01,0.816,,-0.255,-0.033
Denmark,2015-08-01,1.032,,-0.209,0.079
Denmark,2015-09-01,0.878,,-0.175,0.067
Denmark,2015-10-01,0.836,,-0.379,-0.007
Denmark,2015-11-01,0.733,,-0.345,0.107
Denmark,2015-12-01,0.933,,-0.203,0.276
Denmark,2016-01-01,0.614,,-0.29,0.009
Denmark,2016-02-01,0.447,,-0.339,-0.106
Denmark,2016-03-01,0.422,,-0.373,-0.093
Denmark,2016-04-01,0.5494,,-0.3985,0.01
Denmark,2016-05-01,0.4084,,-0.4271,-0.0953
Denmark,2016-06-01,0.0977,,-0.5013,-0.3061
Denmark,2016-07-01,0.0501,,-0.4853,-0.3096
Denmark,2016-08-01,0.0391,,-0.5129,-0.3182
Denmark,2016-09-01,-0.0044,,-0.5186,-0.3666
Denmark,2016-10-01,0.2775,,-0.4814,-0.1799
Denmark,2016-11-01,0.3826,,-0.5371,-0.1815
Denmark,2016-12-01,0.3047,,-0.5538,-0.2763
Denmark,2017-01-01,0.4606,,-0.5884,-0.1409
Denmark,2017-02-01,0.4838,,-0.6177,-0.3493
Denmark,2017-03-01,0.5971,,-0.5818,-0.244
Denmark,2017-04-01,0.5754,,-0.5595,-0.2647
Denmark,2017-05-01,0.5606,,-0.5675,-0.2971
Denmark,2017-06-01,0.6612,,-0.5536,-0.179
Denmark,2017-07-01,0.6218,,-0.5962,-0.2608
Denmark,2017-08-01,0.4549,,-0.6562,-0.3837
Denmark,2017-09-01,0.5056,,-0.6318,-0.3351
Denmark,2017-10-01,0.4225,,-0.6105,-0.3545
Denmark,2017-11-01,0.4369,,-0.6722,-0.372
Denmark,2017-12-01,0.4782,,-0.4255,0.0007
Denmark,2018-01-01,0.7195,,-0.3102,0.2036
Denmark,2018-02-01,0.7237,,-0.3681,0.1861
Denmark,2018-03-01,0.5367,,-0.4538,0.0272
Denmark,2018-04-01,0.577,,-0.4432,0.0458
Denmark,2018-05-01,0.3381,,-0.5647,-0.1369
Denmark,2018-06-01,0.3231,,-0.5551,-0.1623
Denmark,2018-07-01,0.4055,,-0.4663,-0.07
Denmark,2018-08-01,0.2974,,-0.5241,-0.1757
Denmark,2018-09-01,0.4036,,-0.4976,-0.0684
Denmark,2018-10-01,0.3368,,-0.5888,-0.1382
Denmark,2018-11-01,0.267,,-0.6101,-0.2189
Denmark,2018-12-01,0.2194,,-0.6024,-0.2356
Denmark,2019-01-01,0.31,,-0.5773,-0.3008
Denmark,2019-02-01,0.2907,,-0.4825,-0.2356
Denmark,2019-03-01,-0.0015,,-0.6108,-0.4452
Denmark,2019-04-01,0.1043,,-0.5842,-0.3666
Denmark,2019-05-01,-0.1038,,-0.6695,-0.5373
Denmark,2019-06-01,-0.2583,,-0.7329,-0.6397
Denmark,2019-07-01,-0.3775,,-0.7914,-0.6859
Denmark,2019-08-01,-0.6716,,-0.9298,-0.8774
Denmark,2019-09-01,-0.5403,,-0.8219,-0.7365
Denmark,2019-10-01,-0.3705,,-0.7343,-0.5841
Denmark,2019-11-01,-0.3385,,-0.7049,-0.5351
Denmark,2019-12-01,-0.1569,,-0.5811,-0.3955
Denmark,2020-01-01,-0.4298,,-0.6909,-0.6043
Denmark,2020-02-01,-0.583,,-0.729,-0.718
Denmark,2020-03-01,-0.2,,-0.479,-0.431
Denmark,2020-04-01,-0.314,,-0.493,-0.524
Denmark,2020-05-01,-0.262,,-0.493,-0.423
Denmark,2020-06-01,-0.31,,-0.544,-0.51
Denmark,2020-07-01,-0.375,,-0.58,-0.565
Denmark,2020-08-01,-0.285,,-0.562,-0.498
Denmark,2020-09-01,-0.41,,-0.582,-0.57
Denmark,2020-10-01,-0.488,,-0.632,-0.644
Denmark,2020-11-01,-0.449,,-0.59,-0.599
Denmark,2020-12-01,-0.446,,-0.591,-0.566
Denmark,2021-01-01,-0.402,,-0.57,-0.57
Denmark,2021-02-01,-0.132,,-0.477,-0.403
Denmark,2021-03-01,0.038,,-0.46,-0.433
Denmark,2021-04-01,0.0897,,-0.5158,-0.4069
Denmark,2021-05-01,0.153,,-0.464,-0.401
Denmark,2021-06-01,0.093,,-0.475,-0.379
Denmark,2021-07-01,-0.139,,-0.582,-0.558
Denmark,2021-08-01,-0.077,,-0.548,-0.484
Denmark,2021-09-01,0.091,,-0.576,-0.423
Denmark,2021-10-01,0.159,,-0.485,-0.296
Denmark,2021-11-01,-0.049,,-0.474,-0.409
Denmark,2021-12-01,0.079,,-0.495,-0.337
Denmark,2022-01-01,0.217,,-0.465,-0.197
Denmark,2022-02-01,0.421,,-0.461,-0.069
Denmark,2022-03-01,0.817,,0.299,0.677
Denmark,2022-04-01,1.267,,0.714,1.045
Denmark,2022-05-01,1.484,,0.823,1.249
Denmark,2022-06-01,1.765,,1.149,1.459
Denmark,2022-07-01,1.12,,0.655,0.846
Denmark,2022-08-01,1.927,,1.544,1.701
Denmark,2022-09-01,2.604,,2.209,2.422
Denmark,2022-10-01,2.542,,2.189,2.388
Denmark,2022-11-01,2.145,,2.172,2.108
Denmark,2022-12-01,2.819,,2.868,2.786
Denmark,2023-01-01,2.471,,2.789,2.561
Denmark,2023-02-01,2.861,,3.214,2.984
Denmark,2023-03-01,2.546,,2.873,2.607
Denmark,2023-04-01,2.613,,3.076,2.605
Denmark,2023-05-01,2.577,,2.988,2.556
Denmark,2023-06-01,2.719,,3.469,2.896
Denmark,2023-07-01,2.747,,3.345,2.799
Denmark,2023-08-01,2.741,,3.456,2.749
Denmark,2023-09-01,3.123,,3.756,3.036
Denmark,2023-10-01,3.124,,3.449,2.896
Denmark,2023-11-01,2.7,,3.381,2.593
Denmark,2023-12-01,2.258,,3.197,2.141
Denmark,2024-01-01,2.354,,3.343,2.195
Denmark,2024-02-01,2.496,,2.953,2.402
Denmark,2024-03-01,2.349,,2.934,2.296
Denmark,2024-04-01,2.626,,3.133,2.56
Denmark,2024-05-01,2.708,,3.271,2.658
Denmark,2024-06-01,2.521,,3.084,2.458
Finland,1994-05-01,9.121,,6.024,8.376
Finland,1994-06-01,9.64,,7.971,8.995
Finland,1994-07-01,10.029,,7.969,9.284
Finland,1994-08-01,10.629,,8.763,9.921
Finland,1994-09-01,10.309,,8.561,9.713
Finland,1994-10-01,10.129,,8.127,9.383
Finland,1994-11-01,10.279,,8.229,9.571
Finland,1994-12-01,10.148,,8.197,9.481
Finland,1995-01-01,10.338,,8.058,9.518
Finland,1995-02-01,10.11,,7.71,9.11
Finland,1995-03-01,10.12,,7.62,9.11
Finland,1995-04-01,9.06,,7.04,
Finland,1995-05-01,8.52,,6.51,
Finland,1995-06-01,8.88,,7.08,
Finland,1995-07-01,8.64,,6.87,
Finland,1995-08-01,8.09,,6.15,
Finland,1995-09-01,7.78,,6.26,
Finland,1995-10-01,,,5.71,
Finland,1995-11-01,,,4.87,
Finland,1995-12-01,,,4.63,
Finland,1996-01-01,,,4.45,
Finland,1996-02-01,,,4.55,7.13
Finland,1996-03-01,,,4.2,6.69
Finland,1996-04-01,,,4.12,6.46
Finland,1996-05-01,,,4.03,6.31
Finland,1996-06-01,,,3.94,6.17
Finland,1996-07-01,,,,6.12
Finland,1996-08-01,7.11,,4.59,5.86
Finland,1996-09-01,6.67,,4.04,5.31
Finland,1996-10-01,6.43,,4.0,5.23
Finland,1996-11-01,,,3.75,4.9
Finland,1996-12-01,,,3.74,4.84
Finland,1997-01-01,,,3.62,4.67
Finland,1997-02-01,,,3.57,4.55
Finland,1997-03-01,,,3.87,5.12
Finland,1997-04-01,,,3.78,4.99
Finland,1997-05-01,,,3.74,5.04
Finland,1997-06-01,,,3.77,4.84
Finland,1997-07-01,,,3.81,4.77
Finland,1997-08-01,,,3.93,5.01
Finland,1997-09-01,,,4.07,4.96
Finland,1997-10-01,,,4.38,5.22
Finland,1997-11-01,5.75,,4.24,5.07
Finland,1997-12-01,5.53,,3.99,4.88
Finland,1998-01-01,5.24,,3.68,4.54
Finland,1998-02-01,5.08,,,4.43
Finland,1998-03-01,5.03,,,4.45
Finland,1998-04-01,5.15,,,4.6
Finland,1998-05-01,4.99,,4.18,4.69
Finland,1998-06-01,4.93,,4.13,4.63
Finland,1998-07-01,4.82,,4.05,4.52
Finland,1998-08-01,4.75,,3.86,4.3
Finland,1998-09-01,4.34,,3.53,3.86
Finland,1998-10-01,4.56,,3.51,4.0
Finland,1998-11-01,4.28,,3.37,3.81
Finland,1998-12-01,4.05,,3.17,3.56
Finland,1999-01-01,3.87,,2.93,3.37
Finland,1999-02-01,4.23,,3.06,3.66
Finland,1999-03-01,4.23,,2.92,3.53
Finland,1999-04-01,4.094,,2.878,3.338
Finland,1999-05-01,4.346,,2.936,3.496
Finland,1999-06-01,4.73,,3.33,4.02
Finland,1999-07-01,5.06,,3.58,4.35
Finland,1999-08-01,5.19,,3.69,4.48
Finland,1999-09-01,5.31,,3.7,4.58
Finland,1999-10-01,5.34,,3.99,4.78
Finland,1999-11-01,5.33,,4.12,4.79
Finland,1999-12-01,5.54,,4.27,4.95
Finland,2000-01-01,5.75,,4.39,5.17
Finland,2000-02-01,5.7,,4.43,5.15
Finland,2000-03-01,5.36,,4.38,4.88
Finland,2000-04-01,5.46,,4.61,5.34
Finland,2000-05-01,5.386,,4.993,5.324
Finland,2000-06-01,5.433,,5.04,5.353
Finland,2000-07-01,5.41,,5.125,5.38
Finland,2000-08-01,5.522,,5.158,5.497
Finland,2000-09-01,5.446,,5.135,5.355
Finland,2000-10-01,5.473,,5.249,5.345
Finland,2000-11-01,5.201,,4.97,5.055
Finland,2000-12-01,5.083,,4.547,4.733
Finland,2001-01-01,5.013,,4.517,4.689
Finland,2001-02-01,4.988,,4.482,4.663
Finland,2001-03-01,4.939,,4.273,4.539
Finland,2001-04-01,5.262,,4.699,4.961
Finland,2001-05-01,5.376,,4.517,4.913
Finland,2001-06-01,5.332,,4.352,4.803
Finland,2001-07-01,5.098,,4.219,4.588
Finland,2001-08-01,5.0,,4.027,4.44
Finland,2001-09-01,5.021,,3.682,4.297
Finland,2001-10-01,4.611,,3.286,3.898
Finland,2001-11-01,4.804,,3.478,4.158
Finland,2001-12-01,5.197,,3.683,4.48
Finland,2002-01-01,5.071,,4.059,4.745
Finland,2002-02-01,5.125,,4.029,4.723
Finland,2002-03-01,5.41,,4.406,5.071
Finland,2002-04-01,5.346,,4.179,4.855
Finland,2002-05-01,5.377,,4.304,4.922
Finland,2002-06-01,5.174,,3.95,4.622
Finland,2002-07-01,4.973,,3.616,4.358
Finland,2002-08-01,4.777,,3.479,4.121
Finland,2002-09-01,4.474,,3.022,3.69
Finland,2002-10-01,4.644,,3.041,3.811
Finland,2002-11-01,4.631,,3.036,3.819
Finland,2002-12-01,4.277,,2.686,3.395
Finland,2003-01-01,4.159,,2.588,3.241
Finland,2003-02-01,3.957,,2.283,2.94
Finland,2003-03-01,4.102,,2.332,3.097
Finland,2003-04-01,4.117,,2.341,3.085
Finland,2003-05-01,3.752,,2.419,2.946
Finland,2003-06-01,3.86,,2.46,3.0
Finland,2003-07-01,4.219,,2.741,3.461
Finland,2003-08-01,4.174,,2.925,3.494
Finland,2003-09-01,4.014,,2.592,3.17
Finland,2003-10-01,4.31,,2.964,3.569
Finland,2003-11-01,4.451,,3.119,3.74
Finland,2003-12-01,4.277,,2.81,3.475
Finland,2004-01-01,4.22,,2.712,3.561
Finland,2004-02-01,4.019,,2.405,3.274
Finland,2004-03-01,3.897,,2.255,3.111
Finland,2004-04-01,4.135,,2.546,3.412
Finland,2004-05-01,4.49,,2.731,3.613
Finland,2004-06-01,4.42,,2.73,3.592
Finland,2004-07-01,4.303,,2.626,3.465
Finland,2004-08-01,4.119,,2.433,3.234
Finland,2004-09-01,4.082,,2.506,3.243
Finland,2004-10-01,3.958,,2.362,3.078
Finland,2004-11-01,3.822,,2.298,2.967
Finland,2004-12-01,3.691,,2.36,2.945
Finland,2005-01-01,3.542,,2.284,2.836
Finland,2005-02-01,3.72,,2.331,2.892
Finland,2005-03-01,3.618,,,3.283
Finland,2005-04-01,3.397,,,
Finland,2005-05-01,3.233,,,
Finland,2005-06-01,3.079,,2.018,2.527
Finland,2005-07-01,3.201,,2.256,2.687
Finland,2005-08-01,3.051,,2.168,2.571
Finland,2005-09-01,3.106,,2.389,2.717
Finland,2005-10-01,3.333,,2.588,2.979
Finland,2005-11-01,3.368,,2.762,3.062
Finland,2005-12-01,3.236,,2.816,3.049
Finland,2006-01-01,3.427,,2.885,3.21
Finland,2006-02-01,3.445,,3.072,3.277
Finland,2006-03-01,3.754,,3.311,3.585
Finland,2006-04-01,3.919,,3.43,3.699
Finland,2006-05-01,4.037,,3.422,3.699
Finland,2006-06-01,4.106,,3.549,3.819
Finland,2006-07-01,3.96,,3.5,3.69
Finland,2006-08-01,3.795,,3.506,3.577
Finland,2006-09-01,3.751,,3.568,3.61
Finland,2006-10-01,3.782,,3.644,3.675
Finland,2006-11-01,3.707,,3.647,3.636
Finland,2006-12-01,3.992,,3.87,3.918
Finland,2007-01-01,4.136,,3.95,4.034
Finland,2007-02-01,3.986,,3.892,3.899
Finland,2007-03-01,4.111,,4.028,4.035
Finland,2007-04-01,4.181,,4.153,4.12
Finland,2007-05-01,4.453,,4.41,4.428
Finland,2007-06-01,4.617,,4.466,4.551
Finland,2007-07-01,4.395,,4.316,4.407
Finland,2007-08-01,4.338,,4.129,4.223
Finland,2007-09-01,4.428,,4.134,4.254
Finland,2007-10-01,4.39,,4.185,4.265
Finland,2007-11-01,4.243,,3.91,4.014
Finland,2007-12-01,4.413,,4.085,4.185
Finland,2008-01-01,4.04,,3.606,3.648
Finland,2008-02-01,3.965,,3.469,3.445
Finland,2008-03-01,4.058,,3.575,3.783
Finland,2008-04-01,4.418,,3.838,4.073
Finland,2008-05-01,4.659,,4.359,4.434
Finland,2008-06-01,4.886,,4.767,4.802
Finland,2008-07-01,4.601,,4.355,4.4
Finland,2008-08-01,4.467,,4.209,4.238
Finland,2008-09-01,4.367,,3.667,4.003
Finland,2008-10-01,4.442,,2.818,3.7
Finland,2008-11-01,3.793,,2.465,3.222
Finland,2008-12-01,3.692,,2.05,3.048
Finland,2009-01-01,4.072,,1.623,3.029
Finland,2009-02-01,3.917,,1.394,2.882
Finland,2009-03-01,3.75,,1.402,2.986
Finland,2009-04-01,3.704,,1.417,2.929
Finland,2009-05-01,4.019,,1.366,3.1
Finland,2009-06-01,3.804,,1.284,2.848
Finland,2009-07-01,3.61,,1.112,2.672
Finland,2009-08-01,3.58,,1.064,2.701
Finland,2009-09-01,3.527,,0.991,2.561
Finland,2009-10-01,3.522,,0.957,2.54
Finland,2009-11-01,3.417,,0.947,2.411
Finland,2009-12-01,3.567,,0.953,2.487
Finland,2010-01-01,3.429,,0.72,2.264
Finland,2010-02-01,3.25,,0.598,2.12
Finland,2010-03-01,3.344,,1.156,2.373
Finland,2010-04-01,3.236,,0.967,2.188
Finland,2010-05-01,2.882,,0.676,1.769
Finland,2010-06-01,2.87,,0.739,1.728
Finland,2010-07-01,2.886,,0.861,1.87
Finland,2010-08-01,2.387,,0.649,1.415
Finland,2010-09-01,2.524,,0.917,1.647
Finland,2010-10-01,2.743,,1.081,1.805
Finland,2010-11-01,2.967,,0.926,1.856
Finland,2010-12-01,3.174,,0.869,1.974
Finland,2011-01-01,3.356,,1.337,2.374
Finland,2011-02-01,3.378,,1.428,2.585
Finland,2011-03-01,3.578,,1.708,2.879
Finland,2011-04-01,3.408,,1.69,2.787
Finland,2011-05-01,3.306,,1.536,2.475
Finland,2011-06-01,3.338,,1.591,2.565
Finland,2011-07-01,2.937,,1.293,2.053
Finland,2011-08-01,2.667,,0.868,1.721
Finland,2011-09-01,2.342,,0.613,1.452
Finland,2011-10-01,2.478,,0.679,1.445
Finland,2011-11-01,2.842,,0.464,1.502
Finland,2011-12-01,2.311,,0.279,1.078
Finland,2012-01-01,2.265,,0.48,1.426
Finland,2012-02-01,2.26,,0.433,1.369
Finland,2012-03-01,2.293,,0.513,1.266
Finland,2012-04-01,2.077,,0.5,1.174
Finland,2012-05-01,1.501,,0.179,0.721
Finland,2012-06-01,1.932,,0.283,1.02
Finland,2012-07-01,1.439,,-0.032,0.483
Finland,2012-08-01,1.471,,0.033,0.473
Finland,2012-09-01,1.744,,0.064,0.61
Finland,2012-10-01,1.724,,0.074,0.573
Finland,2012-11-01,1.645,,0.028,0.469
Finland,2012-12-01,1.514,,0.034,0.339
Finland,2013-01-01,1.872,,0.268,0.745
Finland,2013-02-01,1.672,,0.026,0.524
Finland,2013-03-01,1.548,,0.075,0.552
Finland,2013-04-01,1.473,,0.089,0.448
Finland,2013-05-01,1.745,,0.165,0.597
Finland,2013-06-01,2.02,,0.262,0.853
Finland,2013-07-01,1.93,,0.16,0.714
Finland,2013-08-01,2.139,,0.226,0.88
Finland,2013-09-01,2.006,,0.18,1.023
Finland,2013-10-01,1.885,,0.131,0.87
Finland,2013-11-01,1.901,,0.12,0.875
Finland,2013-12-01,2.15,,0.174,1.096
Finland,2014-01-01,1.775,,0.154,0.741
Finland,2014-02-01,1.924,,0.17,0.961
Finland,2014-03-01,1.87,,0.21,0.871
Finland,2014-04-01,1.762,,0.185,0.817
Finland,2014-05-01,1.605,,0.119,0.648
Finland,2014-06-01,1.446,,0.077,0.512
Finland,2014-07-01,1.295,,0.069,0.442
Finland,2014-08-01,1.051,,0.03,0.291
Finland,2014-09-01,1.056,,-0.02,0.449
Finland,2014-10-01,0.96,,-0.01,0.386
Finland,2014-11-01,0.776,,0.005,0.291
Finland,2014-12-01,0.649,,-0.054,0.225
Finland,2015-01-01,0.345,,-0.139,0.03
Finland,2015-02-01,0.452,,-0.15,-0.001
Finland,2015-03-01,0.326,,-0.206,0.008
Finland,2015-04-01,0.475,,-0.173,0.114
Finland,2015-05-01,0.636,,-0.181,0.128
Finland,2015-06-01,1.008,,-0.201,0.282
Finland,2015-07-01,0.803,,-0.191,0.138
Finland,2015-08-01,0.974,,-0.15,0.24
Finland,2015-09-01,0.87,,-0.237,0.107
Finland,2015-10-01,0.78,,-0.286,0.013
Finland,2015-11-01,0.727,,-0.359,-0.061
Finland,2015-12-01,0.93,,-0.334,0.024
Finland,2016-01-01,0.581,,-0.403,-0.205
Finland,2016-02-01,0.422,,-0.503,-0.28
Finland,2016-03-01,0.44,,-0.441,-0.244
Finland,2016-04-01,0.578,,-0.421,-0.154
Finland,2016-05-01,0.417,,-0.464,-0.238
Finland,2016-06-01,0.157,,-0.546,-0.412
Finland,2016-07-01,0.024,,-0.539,-0.478
Finland,2016-08-01,0.073,,-0.583,-0.449
Finland,2016-09-01,0.028,,-0.649,-0.505
Finland,2016-10-01,0.295,,-0.593,-0.342
Finland,2016-11-01,0.466,,-0.675,-0.372
Finland,2016-12-01,0.356,,-0.65,-0.465
Finland,2017-01-01,0.619,,-0.611,-0.286
Finland,2017-02-01,0.352,,-0.748,-0.486
Finland,2017-03-01,0.446,,-0.695,-0.362
Finland,2017-04-01,0.415,,-0.662,-0.387
Finland,2017-05-01,0.352,,-0.664,-0.434
Finland,2017-06-01,0.507,,-0.597,-0.283
Finland,2017-07-01,0.533,,-0.69,-0.336
Finland,2017-08-01,0.354,,-0.694,-0.44
Finland,2017-09-01,0.622,,-0.649,-0.159
Finland,2017-10-01,0.516,,-0.697,-0.25
Finland,2017-11-01,0.526,,-0.674,-0.239
Finland,2017-12-01,0.603,,-0.609,-0.152
Finland,2018-01-01,0.811,,-0.54,0.085
Finland,2018-02-01,0.779,,-0.552,-0.003
Finland,2018-03-01,0.624,,-0.512,0.006
Finland,2018-04-01,0.708,,-0.492,0.036
Finland,2018-05-01,0.61,,-0.529,-0.062
Finland,2018-06-01,0.544,,-0.605,-0.191
Finland,2018-07-01,0.599,,-0.494,-0.014
Finland,2018-08-01,0.521,,-0.555,-0.091
Finland,2018-09-01,0.726,,-0.482,0.035
Finland,2018-10-01,0.645,,-0.532,-0.054
Finland,2018-11-01,0.595,,-0.535,-0.1
Finland,2018-12-01,0.546,,-0.538,-0.15
Finland,2019-01-01,0.411,,-0.479,-0.14
Finland,2019-02-01,0.444,,-0.438,-0.097
Finland,2019-03-01,0.267,,-0.524,-0.298
Finland,2019-04-01,0.334,,-0.502,-0.281
Finland,2019-05-01,0.149,,-0.574,-0.41
Finland,2019-06-01,-0.027,,-0.64,-0.522
Finland,2019-07-01,-0.197,,-0.703,-0.632
Finland,2019-08-01,-0.421,,-0.794,-0.787
Finland,2019-09-01,-0.304,,-0.681,-0.653
Finland,2019-10-01,-0.161,,-0.587,-0.526
Finland,2019-11-01,-0.111,,-0.598,-0.495
Finland,2019-12-01,0.048,,-0.603,-0.402
Finland,2020-01-01,-0.24,,-0.641,-0.584
Finland,2020-02-01,-0.355,,-0.72,-0.66
Finland,2020-03-01,-0.05,,-0.595,-0.27
Finland,2020-04-01,-0.185,,-0.641,-0.44
Finland,2020-05-01,-0.169,,-0.563,-0.426
Finland,2020-06-01,-0.247,,-0.575,-0.511
Finland,2020-07-01,-0.345,,-0.586,-0.595
Finland,2020-08-01,-0.25,,-0.554,-0.531
Finland,2020-09-01,-0.317,,-0.608,-0.621
Finland,2020-10-01,-0.421,,-0.732,-0.7
Finland,2020-11-01,-0.376,,-0.715,-0.661
Finland,2020-12-01,-0.409,,-0.711,-0.707
Finland,2021-01-01,-0.339,,-0.696,-0.666
Finland,2021-02-01,-0.061,,-0.637,-0.529
Finland,2021-03-01,-0.114,,-0.623,-0.513
Finland,2021-04-01,0.005,,-0.643,-0.47
Finland,2021-05-01,0.009,,-0.634,-0.464
Finland,2021-06-01,-0.035,,-0.648,-0.49
Finland,2021-07-01,-0.278,,-0.729,-0.69
Finland,2021-08-01,-0.21,,-0.708,-0.596
Finland,2021-09-01,-0.035,,-0.728,-0.511
Finland,2021-10-01,0.15,,-0.566,-0.264
Finland,2021-11-01,-0.074,,-0.69,-0.493
Finland,2021-12-01,0.091,,-0.569,-0.338
Finland,2022-01-01,0.275,,-0.529,-0.079
Finland,2022-02-01,0.514,,-0.458,0.063
Finland,2022-03-01,0.9,,0.033,0.572
Finland,2022-04-01,1.354,,0.35,0.914
Finland,2022-05-01,1.576,,0.486,1.125
Finland,2022-06-01,1.794,,0.556,1.302
Finland,2022-07-01,1.236,,0.294,0.807
Finland,2022-08-01,2.001,,1.084,1.701
Finland,2022-09-01,2.783,,1.988,2.368
Finland,2022-10-01,2.797,,1.969,2.454
Finland,2022-11-01,2.482,,2.118,2.302
Finland,2022-12-01,3.149,,2.82,2.93
Finland,2023-01-01,2.824,,2.675,2.615
Finland,2023-02-01,3.182,,3.221,3.055
Finland,2023-03-01,2.867,,2.897,2.619
Finland,2023-04-01,2.919,,2.835,2.654
Finland,2023-05-01,2.866,,2.997,2.685
Finland,2023-06-01,2.962,,3.537,3.011
Finland,2023-07-01,3.064,,3.186,2.924
Finland,2023-08-01,3.024,,3.069,2.859
Finland,2023-09-01,3.46,,3.388,3.225
Finland,2023-10-01,3.441,,3.262,3.143
Finland,2023-11-01,3.021,,3.006,2.737
Finland,2023-12-01,2.593,,2.564,2.339
Finland,2024-01-01,2.671,,2.503,2.417
Finland,2024-02-01,2.878,,2.958,2.767
Finland,2024-03-01,2.797,,2.947,2.696
Finland,2024-04-01,3.029,,3.167,2.936
Finland,2024-05-01,3.107,,3.177,3.01
Finland,2024-06-01,3.052,,3.184,2.911
France,1986-01-01,10.10299969,,,
France,1986-02-01,9.36299992,,,
France,1986-03-01,8.50899982,,,
France,1986-04-01,7.9829998,,,
France,1986-05-01,8.1420002,,,
France,1986-06-01,8.11200047,,,
France,1986-07-01,7.9369998,,,
France,1986-08-01,7.67199993,,,
France,1986-09-01,7.37900019,,,
France,1986-10-01,8.42599964,,,
France,1986-11-01,8.77600002,,,
France,1986-12-01,9.16100025,,,
France,1987-01-01,9.0880003,,,
France,1987-02-01,8.98700047,,,
France,1987-03-01,8.62899971,,,
France,1987-04-01,8.78499985,,,
France,1987-05-01,9.0010004,,,
France,1987-06-01,9.28899956,,,
France,1987-07-01,9.55099964,,,
France,1987-08-01,9.80500031,,,
France,1987-09-01,10.60099983,,,
France,1987-10-01,10.14299965,,,
France,1987-11-01,9.8380003,,,
France,1987-12-01,9.97799969,,,
France,1988-01-01,9.33300018,,,
France,1988-02-01,9.06700039,,,
France,1988-03-01,9.33300018,,,
France,1988-04-01,9.28499985,,,
France,1988-05-01,9.06799984,,,
France,1988-06-01,8.87699986,,,
France,1988-07-01,9.07199955,,,
France,1988-08-01,9.35400009,,,
France,1988-09-01,8.83500004,,,
France,1988-10-01,8.58600044,,,
France,1988-11-01,8.72999954,,,
France,1988-12-01,8.61600018,,,
France,1989-01-01,8.68000031,,8.64999962,8.67000008
France,1989-02-01,9.20400047,,9.39000034,9.39000034
France,1989-03-01,8.98999977,,9.09000015,9.13000011
France,1989-04-01,8.76500034,,8.82999992,8.85000038
France,1989-05-01,8.86699963,,9.07999992,9.01000023
France,1989-06-01,8.73400021,,9.02000046,8.98999977
France,1989-07-01,8.33500004,,8.48999977,8.48999977
France,1989-08-01,8.38399982,,8.68000031,8.61999989
France,1989-09-01,8.82699966,,9.25,9.10000038
France,1989-10-01,8.93299961,,9.72999954,9.39999962
France,1989-11-01,9.17800045,,9.85999966,9.61999989
France,1989-12-01,9.34799957,,10.34000015,10.0
France,1990-01-01,9.66600037,,10.52999973,10.35999966
France,1990-02-01,10.01000023,,10.68999958,10.53999996
France,1990-03-01,9.54899979,,10.07999992,10.14000034
France,1990-04-01,9.65100002,,9.89999962,10.0
France,1990-05-01,9.66300011,,10.02000046,9.98999977
France,1990-06-01,9.7869997,,9.97000027,9.96000004
France,1990-07-01,,,9.68000031,9.71000004
France,1990-08-01,,,10.31299973,10.35000038
France,1990-09-01,,,10.31900024,10.42000008
France,1990-10-01,,,10.06599998,10.18000031
France,1990-11-01,,,10.11100006,10.11999989
France,1990-12-01,,,10.25800037,10.26000023
France,1991-01-01,,,9.96700001,9.92000008
France,1991-02-01,,,9.15999985,9.18000031
France,1991-03-01,,,9.17500019,9.18999958
France,1991-04-01,,,9.0,9.02999973
France,1991-05-01,,,8.96199989,8.93999958
France,1991-06-01,,,9.26500034,9.22999954
France,1991-07-01,,,9.49699974,9.43000031
France,1991-08-01,,,9.24100018,9.17000008
France,1991-09-01,,,9.15799999,9.07999992
France,1992-01-01,,9.61999989,,
France,1992-02-01,,9.68999958,,
France,1992-03-01,,10.0,,
France,1992-04-01,,9.93000031,,
France,1992-05-01,,9.75,,
France,1992-06-01,,9.89999962,,
France,1992-07-01,,10.31000042,,
France,1992-08-01,,10.61999989,,
France,1992-09-01,,10.5,,
France,1992-10-01,,8.93000031,,
France,1992-11-01,,8.88000011,,
France,1994-02-01,6.18300009,,5.54899979,
France,1994-03-01,6.46600008,,5.75099993,
France,1994-04-01,6.78299999,,5.75400019,
France,1994-05-01,7.34000015,5.42999983,6.08099985,
France,1994-06-01,7.57600021,,6.3829999,
France,1994-07-01,7.25,5.86999989,6.22800016,
France,1994-08-01,7.88800001,,6.88899994,
France,1994-09-01,8.11800003,,7.02199984,
France,1994-10-01,8.26900005,,7.01000023,
France,1994-11-01,7.89099979,,6.78000021,
France,1994-12-01,8.28100014,,7.43900013,
France,1995-01-01,8.11600018,,7.23500013,
France,1995-02-01,8.00599957,,7.25,
France,1995-03-01,7.90299988,,7.30000019,
France,1995-04-01,7.80499983,,7.08500004,
France,1995-05-01,7.44000006,,6.63999987,
France,1995-06-01,7.62300014,,6.67000008,
France,1995-07-01,7.42999983,,6.18499994,
France,1995-08-01,7.37400007,,5.92999983,
France,1995-09-01,7.48799992,,6.19999981,
France,1995-10-01,7.28299999,,5.96999979,
France,1995-11-01,6.91499996,,5.63500023,
France,1995-12-01,6.69199991,,5.13999987,
France,1996-01-01,6.40199995,,4.59000015,
France,1996-02-01,6.69399977,,4.8499999,
France,1996-03-01,6.58199978,,4.76000023,
France,1996-04-01,6.40100002,,4.36000013,
France,1996-05-01,6.50699997,,4.48000002,
France,1996-06-01,6.48899984,,4.69999981,
France,1996-07-01,6.40799999,,4.56500006,
France,1996-08-01,6.48799992,,4.53499985,
France,1996-09-01,6.09200001,,4.07999992,
France,1996-10-01,5.95800018,,3.85500002,
France,1996-11-01,5.59399986,,3.56500006,
France,1996-12-01,5.85599995,,3.58999991,
France,1997-01-01,5.579,,3.43499994,
France,1997-02-01,5.43400002,,3.58500004,
France,1997-03-01,5.84000015,,3.89499998,
France,1997-04-01,5.70599985,,3.671,
France,1997-05-01,5.81400013,,3.84500003,
France,1997-06-01,5.58099985,,3.66499996,
France,1997-07-01,5.4369998,,3.91000009,
France,1997-08-01,5.61100006,,4.07000017,
France,1997-09-01,5.48999977,,4.15500021,
France,1997-10-01,5.60500002,,4.38999987,
France,1997-11-01,5.45900011,,4.33199978,
France,1997-12-01,5.33500004,,4.19500017,
France,1998-01-01,5.0999999,,4.01499987,
France,1998-02-01,4.95699978,,4.0,
France,1998-03-01,4.96199989,,4.15500021,
France,1998-04-01,5.11999989,,4.23999977,
France,1998-05-01,4.92700005,,4.08500004,
France,1998-06-01,4.83300018,,4.0250001,
France,1998-07-01,4.74700022,,4.02199984,
France,1998-08-01,4.30900002,,3.6400001,
France,1998-09-01,4.00500011,,3.46199989,
France,1998-10-01,4.2579999,,3.37400007,
France,1998-11-01,4.03900003,,3.35100007,
France,1998-12-01,3.86899996,,3.13000011,
France,1999-01-01,3.71199989,2.83500004,2.89100003,3.24300003
France,1999-02-01,4.07600021,2.96399999,3.06999993,3.58999991
France,1999-03-01,4.10200024,2.83999991,2.85299993,3.41400003
France,1999-04-01,3.90100002,2.57500005,2.63800001,3.19400001
France,1999-05-01,4.2329998,2.58999991,2.70099998,3.42799997
France,1999-06-01,4.67600012,2.72099996,2.86899996,3.90499997
France,1999-07-01,4.9460001,2.92000008,3.00399995,4.16099977
France,1999-08-01,5.03399992,3.02800012,3.58100009,4.36299992
France,1999-09-01,5.2579999,3.05999994,3.71000004,4.53399992
France,1999-10-01,5.29099989,3.34800005,3.96000004,4.6960001
France,1999-11-01,5.3119998,3.50600004,4.09100008,4.71999979
France,1999-12-01,5.47300005,3.61199999,4.29899979,4.88999987
France,2000-01-01,5.68200016,3.8900001,4.42999983,5.11600018
France,2000-02-01,5.61499977,3.98900008,4.46199989,5.15700006
France,2000-03-01,5.33300018,4.14499998,4.39699984,4.9460001
France,2000-04-01,5.4000001,4.34700012,4.58900023,5.07800007
France,2000-05-01,5.34499979,4.75199986,4.96099997,5.18599987
France,2000-06-01,5.36299992,4.8499999,4.95100021,5.12900019
France,2000-07-01,5.34600019,5.05299997,5.07000017,5.21899986
France,2000-08-01,5.45599985,5.11199999,5.19199991,5.30900002
France,2000-09-01,5.37400007,5.04899979,5.09299994,5.16599989
France,2000-10-01,5.34299994,5.14599991,5.12300014,5.16300011
France,2000-11-01,5.1170001,4.89499998,4.87699986,4.94999981
France,2000-12-01,4.98999977,4.5999999,4.45599985,4.59899998
France,2001-01-01,4.93200016,4.39499998,4.41099977,4.55999994
France,2001-02-01,4.87599993,4.44700003,4.40100002,4.49800014
France,2001-03-01,4.84200001,4.21500015,4.21099997,4.3829999
France,2001-04-01,5.1880002,4.61499977,4.65299988,4.82000017
France,2001-05-01,5.29300022,4.32700014,4.40700006,4.82600021
France,2001-06-01,5.22700024,4.13500023,4.30000019,4.69500017
France,2001-07-01,4.97900009,4.09700012,4.13399982,4.49599981
France,2001-08-01,4.86999989,3.88899994,3.92000008,4.30700016
France,2001-09-01,4.87200022,3.36299992,3.4460001,4.10699987
France,2001-10-01,4.52899981,3.125,3.11500001,3.79500008
France,2001-11-01,4.67399979,3.07500005,3.46199989,4.04899979
France,2001-12-01,5.0710001,3.18499994,3.70000005,4.55000019
France,2002-01-01,4.96999979,3.49000001,3.92000008,4.50400019
France,2002-02-01,5.02400017,3.45000005,3.88100004,4.55200005
France,2002-03-01,5.33099985,3.82999992,4.28100014,4.94199991
France,2002-04-01,5.21999979,3.69000006,4.02199984,4.74499989
France,2002-05-01,5.2750001,3.8499999,4.329,4.85500002
France,2002-06-01,5.03999996,3.6400001,3.99000001,4.55900002
France,2002-07-01,4.83099985,3.3599999,3.63000011,4.34200001
France,2002-08-01,4.63899994,,3.45600009,4.07999992
France,2002-09-01,4.38800001,,3.15700006,3.704
France,2002-10-01,4.56699991,,3.1400001,3.86199999
France,2002-11-01,4.55800009,,3.17600012,3.83800006
France,2002-12-01,4.25099993,,2.77800012,3.32299995
France,2003-01-01,4.11600018,,2.60899997,3.36999989
France,2003-02-01,3.99000001,,2.34699988,3.10299993
France,2003-03-01,4.11399984,,2.42600012,3.34299994
France,2003-04-01,4.12799978,,2.37100005,3.32800007
France,2003-05-01,3.7579999,,2.1099999,2.81999993
France,2003-06-01,3.8440001,,2.18000007,3.11500001
France,2003-07-01,4.21099997,,2.523,3.33999991
France,2003-08-01,4.17000008,,2.60299993,3.51900005
France,2003-09-01,4.06599998,,2.26999998,3.23000002
France,2003-10-01,4.33400011,,2.59899998,3.67000008
France,2003-11-01,4.47300005,,2.7249999,3.75
France,2003-12-01,4.30000019,,2.40400004,3.51099992
France,2004-01-01,4.25600004,,2.55599999,3.52699995
France,2004-02-01,4.0999999,,2.26999998,3.16899991
France,2004-03-01,4.01499987,,2.09800005,3.06299996
France,2004-04-01,4.28299999,,2.44799995,3.41799998
France,2004-05-01,4.34600019,,2.5150001,3.48300004
France,2004-06-01,4.37799978,,2.82200003,3.70000005
France,2004-07-01,4.28999996,,2.69099998,3.5999999
France,2004-08-01,4.08799982,,2.49799991,3.3599999
France,2004-09-01,4.05200005,,2.58100009,3.30999994
France,2004-10-01,3.92600012,,2.36400008,3.17400002
France,2004-11-01,3.81699991,,2.3440001,3.01999998
France,2004-12-01,3.69000006,,2.3499999,2.99300003
France,2005-01-01,3.53200006,,2.30500007,2.87100005
France,2005-02-01,3.73600006,,2.50300002,3.1099999
France,2005-03-01,3.70499992,,2.48799992,3.08200002
France,2005-04-01,3.4460001,,2.18899989,2.76900005
France,2005-05-01,3.35100007,,2.14400005,2.67000008
France,2005-06-01,3.18400002,,2.0480001,2.57999992
France,2005-07-01,3.28399992,,2.23300004,2.6789999
France,2005-08-01,3.20300007,,2.24499989,2.6400001
France,2005-09-01,3.19199991,,2.3499999,2.71600008
France,2005-10-01,3.44099998,,2.6099999,2.99000001
France,2005-11-01,3.47600007,,2.83999991,3.07999992
France,2005-12-01,3.32200003,,2.91000009,3.06999993
France,2006-01-01,3.48099995,,3.0,3.25200009
France,2006-02-01,3.55599999,,3.08999991,3.31999993
France,2006-03-01,3.8210001,,3.32999992,3.5999999
France,2006-04-01,4.00699997,,3.41000009,3.74000001
France,2006-05-01,3.9460001,,3.3499999,3.6400001
France,2006-06-01,4.05800009,,3.55699992,3.85400009
France,2006-07-01,3.93199992,,3.62299991,3.727
France,2006-08-01,3.75699997,,3.51999998,3.60700011
France,2006-09-01,3.68499994,,3.5710001,3.6099999
France,2006-10-01,3.79699993,,3.72000003,3.74399996
France,2006-11-01,3.73600006,,3.68899989,3.6730001
France,2006-12-01,3.977,,3.9000001,3.94000006
France,2007-01-01,4.14799976,,3.99000001,4.05999994
France,2007-02-01,3.97799993,,3.83299994,3.86999989
France,2007-03-01,4.11199999,,4.03000021,4.03000021
France,2007-04-01,4.2670002,,4.1880002,4.1960001
France,2007-05-01,4.43900013,,4.40999985,4.40999985
France,2007-06-01,4.61999989,,4.49700022,4.59100008
France,2007-07-01,4.4289999,,4.3210001,4.36299992
France,2007-08-01,4.29799986,,4.05999994,4.12400007
France,2007-09-01,4.47900009,,4.13000011,4.26599979
France,2007-10-01,4.29699993,,4.03999996,4.1079998
France,2007-11-01,4.19199991,,3.80999994,3.94499993
France,2007-12-01,4.42299986,,4.0999999,4.18900013
France,2008-01-01,4.13899994,,3.54500008,3.76699996
France,2008-02-01,4.11100006,,3.28999996,3.59599996
France,2008-03-01,4.11399984,,3.68000007,3.78699994
France,2008-04-01,4.32600021,,3.9000001,4.05000019
France,2008-05-01,4.60599995,,4.38600016,4.42600012
France,2008-06-01,4.82499981,,4.72300005,4.80100012
France,2008-07-01,4.53200006,,4.32999992,4.40999985
France,2008-08-01,4.375,,4.19399977,4.25899982
France,2008-09-01,4.33900023,,3.73799992,4.046
France,2008-10-01,4.3039999,,2.78399992,3.53399992
France,2008-11-01,3.68499994,,2.52699995,3.03399992
France,2008-12-01,3.41400003,,2.0999999,2.75900006
France,2009-01-01,3.81900001,,1.70700002,2.75
France,2009-02-01,3.65700006,,1.52499998,2.74600005
France,2009-03-01,3.6329999,,1.41100001,2.65199995
France,2009-04-01,3.58299994,,1.37399995,2.58400011
France,2009-05-01,3.95499992,,1.648,2.79099989
France,2009-06-01,3.73200011,,1.59300005,2.76699996
France,2009-07-01,3.56999993,,1.40999997,2.602
France,2009-08-01,3.53399992,,1.44000006,2.58200002
France,2009-09-01,3.54200006,,1.29200006,2.52999997
France,2009-10-01,3.523,,1.347,2.523
France,2009-11-01,3.421,,1.21099997,2.35899997
France,2009-12-01,3.61299992,,1.24199998,2.49099994
France,2010-01-01,3.46799994,,1.21800005,2.45499992
France,2010-02-01,3.4230001,,0.95599997,2.30500007
France,2010-03-01,3.43899989,,0.89700001,2.27800012
France,2010-04-01,3.29999995,,0.74000001,2.1099999
France,2010-05-01,2.91599989,,0.47600001,1.71899998
France,2010-06-01,3.05500007,,0.96100003,1.80900002
France,2010-07-01,2.95600009,,0.94800001,1.93099999
France,2010-08-01,2.4749999,,0.65700001,1.54400003
France,2010-09-01,2.6730001,,0.95599997,1.73500001
France,2010-10-01,2.91000009,,1.18400002,1.89999998
France,2010-11-01,3.16400003,,1.04999995,2.023
France,2010-12-01,3.3499999,,0.90799999,2.13400006
France,2011-01-01,3.53399992,,1.56700003,2.70900011
France,2011-02-01,3.54900002,,1.625,2.67700005
France,2011-03-01,3.72000003,,1.81700003,2.94499993
France,2011-04-01,3.58599997,,1.78699994,2.875
France,2011-05-01,3.41799998,,1.59000003,2.60599995
France,2011-06-01,3.5079999,,1.61199999,2.61599994
France,2011-07-01,3.21600008,,1.352,2.19099998
France,2011-08-01,2.91199994,,1.04799998,1.91299999
France,2011-09-01,2.60599995,,0.92199999,1.75999999
France,2011-10-01,3.12700009,,1.00699997,2.0710001
France,2011-11-01,3.37100005,,1.15100002,2.25600004
France,2011-12-01,3.15199995,,0.61900002,1.88900006
France,2012-01-01,3.0999999,,0.70200002,1.83000004
France,2012-02-01,3.02099991,,0.71499997,1.801
France,2012-03-01,2.89100003,,0.68300003,1.69799995
France,2012-04-01,2.96499991,,0.58600003,1.72500002
France,2012-05-01,2.33599997,,0.33500001,1.22599995
France,2012-06-01,2.71600008,,0.37799999,1.426
France,2012-07-01,2.11299992,,0.112,0.79299998
France,2012-08-01,2.17000008,,0.17,0.80800003
France,2012-09-01,2.17700005,0.14,0.25,0.753
France,2012-10-01,2.26099992,0.12,0.25,0.781
France,2012-11-01,2.05200005,0.14,0.18,0.611
France,2012-12-01,1.99399996,0.06,0.06,0.499
France,2013-01-01,2.25699997,0.25,0.34,1.23
France,2013-02-01,2.17400002,0.12,0.18,1.02
France,2013-03-01,2.02800012,0.072,0.13,0.88
France,2013-04-01,1.70599997,0.11,0.09,0.7
France,2013-05-01,2.0769999,0.1,0.18,0.9
France,2013-06-01,2.34800005,0.15,0.28,1.2
France,2013-07-01,2.2420001,0.19,0.22,1.01
France,2013-08-01,2.46799994,0.2,0.27,1.21
France,2013-09-01,2.33299994,0.15,0.24,1.06
France,2013-10-01,2.24600005,0.17,0.19,0.89
France,2013-11-01,2.23099995,0.15,0.15,0.85
France,2013-12-01,2.43199992,0.2,0.17,1.07
France,2014-01-01,2.23699999,0.16,0.16,0.75
France,2014-02-01,2.20300007,0.19,0.17,0.77
France,2014-03-01,2.08699989,0.21,0.24,0.96
France,2014-04-01,1.96800005,0.19,0.23,0.87
France,2014-05-01,1.773,0.19,0.21,0.85
France,2014-06-01,1.597,,,
France,2014-07-01,1.506,0.04,0.095,0.54
France,2014-08-01,1.238,0.01,0.024,0.39
France,2014-09-01,1.29,0.0455,-0.01,0.33
France,2014-10-01,1.18,0.005,-0.01,0.29
France,2014-11-01,0.96,-0.01,0.02,0.26
France,2014-12-01,0.83,-0.03,-0.04,0.18
France,2015-01-01,0.54,-0.08,-0.1,0.05
France,2015-02-01,0.6,-0.12,-0.13,0.02
France,2015-03-01,0.48,-0.15,-0.17,0.01
France,2015-04-01,0.64,-0.16,-0.15,0.14
France,2015-05-01,0.8,-0.17,-0.17,0.16
France,2015-06-01,1.18,-0.16,-0.17,0.32
France,2015-07-01,0.94,-0.18,-0.18,0.19
France,2015-08-01,1.15,-0.18,-0.13,0.29
France,2015-09-01,0.9,-0.19,-0.17,0.14
France,2015-10-01,0.87,-0.26,-0.27,0.09
France,2015-11-01,0.8,-0.35,-0.33,-0.01
France,2015-12-01,1.0,-0.36,-0.31,0.09
France,2016-01-01,0.64,-0.38,-0.4,-0.14
France,2016-02-01,0.47,-0.42,-0.45,-0.24
France,2016-03-01,0.49,-0.43,-0.44,-0.2
France,2016-04-01,0.6403,-0.4466,-0.3887,-0.0902
France,2016-05-01,0.4873,-0.4699,-0.4254,-0.1818
France,2016-06-01,0.1997,-0.5239,-0.5302,-0.3433
France,2016-07-01,0.1022,-0.5527,-0.5456,-0.3963
France,2016-08-01,0.1792,-0.58,-0.5725,-0.3828
France,2016-09-01,0.1892,-0.64,-0.6348,-0.4363
France,2016-10-01,0.4695,-0.6685,-0.59,-0.271
France,2016-11-01,0.7545,-0.7025,-0.6826,-0.2423
France,2016-12-01,0.6827,-0.7627,-0.6858,-0.3077
France,2017-01-01,1.0386,-0.5266,-0.4807,0.145
France,2017-02-01,0.891,-0.5537,-0.5245,0.0201
France,2017-03-01,0.9645,-0.5367,-0.4648,0.123
France,2017-04-01,0.8388,-0.5376,-0.4634,-0.096
France,2017-05-01,0.7328,-0.5642,-0.5123,-0.1997
France,2017-06-01,0.8174,-0.5855,-0.3805,-0.73
France,2017-07-01,0.8025,-0.5274,-0.4477,-0.0808
France,2017-08-01,0.6621,-0.5911,-0.5212,-0.2127
France,2017-09-01,0.7453,-0.5984,-0.4868,-0.1663
France,2017-10-01,0.6253,-0.6394,-0.5925,-0.1038
France,2017-11-01,0.6836,-0.6528,-0.5679,-0.094
France,2017-12-01,0.7839,-0.561,-0.4685,0.0021
France,2018-01-01,0.9684,-0.5384,-0.402,0.2143
France,2018-02-01,0.9234,-0.5623,-0.4546,0.1546
France,2018-03-01,0.7196,-0.5729,-0.5014,0.0097
France,2018-04-01,0.7885,-0.5534,0.02,0.0464
France,2018-05-01,0.6657,-0.39,-0.5054,-0.0958
France,2018-06-01,1.03,-0.5614,-0.5718,-0.1643
France,2018-07-01,0.7305,-0.5008,-0.3838,0.0958
France,2018-08-01,0.6827,-0.5408,-0.4398,0.0345
France,2018-09-01,0.8066,-0.5031,-0.3563,0.1735
France,2018-10-01,0.7519,-0.5698,-0.4252,0.0973
France,2018-11-01,0.6834,-0.5785,-0.4593,0.0219
France,2018-12-01,0.7057,-0.5693,-0.4685,0.0355
France,2019-01-01,0.55400002,-0.5187,-0.45370001,-0.0808
France,2019-02-01,0.57010001,-0.50199997,-0.44279999,-0.047
France,2019-03-01,0.31639999,-0.48730001,-0.54009998,-0.2617
France,2019-04-01,0.3671,-0.4955,-0.55930001,-0.2473
France,2019-05-01,0.2086,-0.56489998,-0.62230003,-0.39950001
France,2019-06-01,-0.0076,-0.59500003,-0.66850001,-0.51599997
France,2019-07-01,-0.18610001,-0.63200003,-0.68449998,-0.62110001
France,2019-08-01,-0.3978,-0.73400003,-0.84740001,-0.77109998
France,2019-09-01,-0.27419999,-0.6243,-0.6814,-0.64209998
France,2019-10-01,-0.103,-0.62199998,-0.64300001,-0.48300001
France,2019-11-01,-0.045,-0.57249999,-0.625,-0.44150001
France,2019-12-01,0.1205,-0.60750002,-0.62150002,-0.36000001
France,2020-01-01,-0.18000001,-0.58950001,-0.639,-0.50650001
France,2020-02-01,-0.29,-0.6061,-0.689,-0.5423
France,2020-03-01,-0.014,-0.48,-0.5698,-0.3414
France,2020-04-01,-0.105,-0.4854,-0.597,-0.4542
France,2020-05-01,-0.066,-0.515,-0.5108,-0.4298
France,2020-06-01,-0.1081,-0.52,-0.592,-0.5186
France,2020-07-01,-0.1913,-0.551,-0.63,-0.5735
France,2020-08-01,-0.092,-0.5524,-0.575,-0.5096
France,2020-09-01,-0.238,-0.583,-0.627,-0.602
France,2020-10-01,-0.3443,-0.63,-0.709,-0.6915
France,2020-11-01,-0.3224,-0.612,-0.7081,-0.6383
France,2020-12-01,-0.3411,-0.611,-0.719,-0.648
France,2021-01-01,-0.2632,-0.58,-0.6966,-0.5972
France,2021-02-01,-0.0221,-0.524,-0.6239,-0.4243
France,2021-03-01,-0.0394,-0.6283,-0.6533,-0.473
France,2021-04-01,0.0864,-0.6095,-0.6498,-0.514
France,2021-05-01,0.195,-0.6367,-0.636,-0.391
France,2021-06-01,0.13,-0.623,-0.643,-0.4336
France,2021-07-01,-0.103,-0.536,-0.6958,-0.6177
France,2021-08-01,-0.026,-0.6443,-0.6752,-0.5373
France,2021-09-01,0.155,-0.64,-0.6691,-0.4437
France,2021-10-01,0.267,-0.625,-0.5845,-0.2542
France,2021-11-01,0.013,-0.77,-0.7168,-0.4914
France,2021-12-01,0.194,-0.658,-0.6087,-0.3345
France,2022-01-01,0.426,-0.63,-0.4563,-0.0385
France,2022-02-01,0.573,-0.591,-0.4799,0.0098
France,2022-03-01,0.99,-0.455,-0.0269,0.5714
France,2022-04-01,1.45,-0.175,0.268,0.9069
France,2022-05-01,1.64,0.13,0.3692,1.0633
France,2022-06-01,1.955,0.48,0.6505,1.3373
France,2022-07-01,1.39,0.475,0.2542,0.7571
France,2022-08-01,2.161,0.73,1.0374,1.6437
France,2022-09-01,2.733,1.881,1.8433,2.2546
France,2022-10-01,2.685,2.26,2.0553,2.2402
France,2022-11-01,2.401,2.41,2.2156,2.2067
France,2022-12-01,3.113,2.63,2.8634,2.9
France,2023-01-01,2.74,2.841,2.6998,2.5902
France,2023-02-01,3.103,3.267,3.1852,3.0249
France,2023-03-01,2.784,3.097,2.7571,2.6331
France,2023-04-01,2.897,3.235,2.8265,2.6532
France,2023-05-01,2.855,3.349,2.8567,2.6263
France,2023-06-01,2.934,3.672,3.3394,2.9032
France,2023-07-01,3.022,3.687,3.2457,2.8801
France,2023-08-01,2.987,3.64,3.189,2.827
France,2023-09-01,3.416,3.8,3.4393,3.1707
France,2023-10-01,3.442,3.718,3.3445,3.0475
France,2023-11-01,3.027,3.562,2.9518,2.7184
France,2023-12-01,2.566,3.267,2.4638,2.2226
France,2024-01-01,2.666,3.303,2.6452,2.3642
France,2024-02-01,2.894,3.544,2.998,2.7409
France,2024-03-01,2.803,3.492,2.948,2.6523
France,2024-04-01,3.079,3.558,3.163,2.9161
France,2024-05-01,3.1635,3.548,3.1722,2.9837
France,2024-06-01,3.312,3.478,3.1273,3.0467
Germany,1979-12-01,7.90999985,,,
Germany,1980-01-01,8.17000008,,8.42599964,
Germany,1980-02-01,8.93000031,,9.12300014,
Germany,1980-03-01,9.84000015,,10.08500004,
Germany,1980-04-01,8.96000004,,9.41600037,
Germany,1980-05-01,8.35000038,,8.68799973,
Germany,1980-06-01,7.98999977,,8.17700005,
Germany,1980-07-01,7.75,,7.88600016,
Germany,1980-08-01,7.96000004,,7.89900017,
Germany,1980-09-01,8.32999992,,8.14999962,
Germany,1980-10-01,8.57999992,,8.42300034,
Germany,1980-11-01,8.68999958,,8.90400028,
Germany,1980-12-01,9.02000046,,9.10900021,
Germany,1981-01-01,9.23999977,,9.4289999,
Germany,1981-02-01,10.52000046,,10.89000034,
Germany,1981-03-01,10.14000034,,10.54399967,
Germany,1981-04-01,10.35999966,,10.68000031,
Germany,1981-05-01,11.22000027,,11.54699993,
Germany,1981-06-01,10.77000046,,11.94900036,
Germany,1981-07-01,11.07999992,,11.72799969,
Germany,1981-08-01,11.36999989,,12.39999962,
Germany,1981-09-01,10.85000038,,11.73999977,
Germany,1981-10-01,10.39999962,,10.51200008,
Germany,1981-11-01,9.69999981,,9.72599983,
Germany,1981-12-01,9.80000019,,9.88799953,
Germany,1982-01-01,9.81000042,,9.57400036,
Germany,1982-02-01,9.72999954,,9.9289999,
Germany,1982-03-01,9.27999973,,9.30000019,
Germany,1982-04-01,8.73999977,,8.90699959,
Germany,1982-05-01,8.81999969,,8.80500031,
Germany,1982-06-01,9.38000011,,9.18999958,
Germany,1982-07-01,9.18000031,,9.00899982,
Germany,1982-08-01,8.81000042,,8.57400036,
Germany,1982-09-01,8.51000023,,7.88999987,
Germany,1982-10-01,8.10999966,,7.58599997,
Germany,1982-11-01,8.10000038,,7.72200012,
Germany,1982-12-01,7.71999979,,7.07200003,
Germany,1983-01-01,7.69000006,,6.86999989,
Germany,1983-02-01,7.53000021,,6.47300005,
Germany,1983-03-01,7.3499999,,6.09700012,
Germany,1983-04-01,7.51000023,,6.40299988,
Germany,1983-05-01,7.98999977,,7.03000021,
Germany,1983-06-01,8.01000023,,7.26200008,
Germany,1983-07-01,8.14999962,,7.28299999,
Germany,1983-08-01,8.39000034,,7.72599983,
Germany,1983-09-01,8.23999977,,7.49399996,
Germany,1983-10-01,8.05000019,,7.28200006,
Germany,1983-11-01,8.18000031,,7.6420002,
Germany,1983-12-01,8.18000031,,7.76599979,
Germany,1984-01-01,8.14999962,,7.25099993,
Germany,1984-02-01,7.86999989,,7.08799982,
Germany,1984-03-01,7.88999987,,6.79099989,
Germany,1984-04-01,7.92999983,,6.71000004,
Germany,1984-05-01,8.10000038,,7.34800005,
Germany,1984-06-01,8.01000023,,7.18599987,
Germany,1984-07-01,8.06000042,,7.30100012,
Germany,1984-08-01,7.69000006,,6.8579998,
Germany,1984-09-01,7.53999996,,6.60599995,
Germany,1984-10-01,7.25,,6.39499998,
Germany,1984-11-01,7.0,,6.12400007,
Germany,1984-12-01,6.96000004,,5.95599985,
Germany,1985-01-01,7.17999983,,6.46500015,
Germany,1985-02-01,7.57000017,,7.00899982,
Germany,1985-03-01,7.36000013,,6.84600019,
Germany,1985-04-01,7.19999981,,6.5999999,
Germany,1985-05-01,6.98000002,,6.18599987,
Germany,1985-06-01,6.84000015,,5.96899986,
Germany,1985-07-01,6.59000015,,5.70900011,
Germany,1985-08-01,6.25,,5.10900021,
Germany,1985-09-01,6.23999977,,5.32200003,
Germany,1985-10-01,6.6500001,,5.67799997,
Germany,1985-11-01,6.48000002,,5.39699984,
Germany,1985-12-01,6.30000019,,5.22399998,
Germany,1986-01-01,6.29799986,,6.05600023,6.19999981
Germany,1986-02-01,5.88999987,,5.92299986,5.90799999
Germany,1986-03-01,5.31500006,,5.37799978,5.79400015
Germany,1986-04-01,5.37699986,,4.92399979,5.19700003
Germany,1986-05-01,5.93599987,,5.35699987,5.60599995
Germany,1986-06-01,5.73400021,,5.46600008,5.69899988
Germany,1986-07-01,5.72300005,,5.38999987,5.6079998
Germany,1986-08-01,5.54500008,,5.1079998,5.47200012
Germany,1986-09-01,6.04500008,,5.0619998,5.48999977
Germany,1986-10-01,6.125,,5.2420001,5.65700006
Germany,1986-11-01,5.89400005,,5.27199984,5.67399979
Germany,1986-12-01,5.93300009,,4.82200003,5.78999996
Germany,1987-01-01,5.9460001,,5.03100014,5.51900005
Germany,1987-02-01,5.9920001,,4.80499983,5.44399977
Germany,1987-03-01,5.65399981,,4.79500008,5.22900009
Germany,1987-04-01,5.59499979,,4.55999994,5.02400017
Germany,1987-05-01,5.63399982,,4.14699984,5.04400015
Germany,1987-06-01,6.00099993,,4.47300005,5.2329998
Germany,1987-07-01,6.24399996,,4.96299982,5.57499981
Germany,1987-08-01,6.44700003,,5.01000023,5.61299992
Germany,1987-09-01,6.83500004,,5.0079999,5.8499999
Germany,1987-10-01,6.36499977,,5.4380002,6.92600012
Germany,1987-11-01,6.25099993,,4.55700016,5.40799999
Germany,1987-12-01,6.41699982,,4.42199993,5.3670001
Germany,1988-01-01,6.36899996,,4.30700016,5.39300013
Germany,1988-02-01,6.19500017,,4.28200006,5.08099985
Germany,1988-03-01,6.2329998,,4.3210001,5.16900015
Germany,1988-04-01,6.45300007,,4.56799984,5.4289999
Germany,1988-05-01,6.63800001,,4.85599995,5.62900019
Germany,1988-06-01,6.68200016,,4.98400021,5.80299997
Germany,1988-07-01,6.80800009,,5.76999998,6.11899996
Germany,1988-08-01,6.75099993,,5.88100004,6.25899982
Germany,1988-09-01,6.55800009,,5.57399988,5.98099995
Germany,1988-10-01,6.24300003,,5.31799984,5.66200018
Germany,1988-11-01,6.4289999,,5.45900011,5.80299997
Germany,1988-12-01,6.55900002,,5.73799992,5.98000002
Germany,1989-01-01,6.56699991,,6.45200014,6.38500023
Germany,1989-02-01,6.9289999,,7.05299997,6.9380002
Germany,1989-03-01,6.94700003,,6.85900021,6.95699978
Germany,1989-04-01,6.80700016,,6.80200005,6.88600016
Germany,1989-05-01,6.95599985,,7.11899996,7.1420002
Germany,1989-06-01,6.70300007,,6.93900013,6.93400002
Germany,1989-07-01,6.61199999,,6.77799988,6.72100019
Germany,1989-08-01,6.81400013,,7.05700016,7.00199986
Germany,1989-09-01,6.98199987,,7.41099977,7.31799984
Germany,1989-10-01,7.07000017,,7.80200005,7.40799999
Germany,1989-11-01,7.28100014,,7.86800003,7.77799988
Germany,1989-12-01,7.25199986,,7.52799988,7.72399998
Germany,1990-01-01,7.68900013,,8.1789999,8.16899967
Germany,1990-02-01,8.63799953,,8.83300018,8.95899963
Germany,1990-03-01,8.4119997,,8.62199974,8.79599953
Germany,1990-04-01,8.77900028,,8.95400047,9.06099987
Germany,1990-05-01,8.70499992,,8.81900024,8.96800041
Germany,1990-06-01,,,8.68099976,8.83899975
Germany,1990-07-01,,,8.54800034,8.64599991
Germany,1990-08-01,8.65100002,,8.90600014,9.00199986
Germany,1990-09-01,9.12899971,,9.00599957,9.00300026
Germany,1990-10-01,8.95699978,,8.79899979,
Germany,1990-11-01,8.82400036,,8.97399998,
Germany,1990-12-01,8.99800014,,9.01000023,
Germany,1991-01-01,8.61499977,,9.00599957,8.94400024
Germany,1991-02-01,8.32900047,,8.67599964,8.56400013
Germany,1991-03-01,8.48400021,,8.79500008,8.625
Germany,1991-04-01,8.3409996,,8.71199989,8.60200024
Germany,1991-05-01,8.26599979,,8.39999962,8.4989996
Germany,1991-06-01,8.49199963,,8.48499966,8.73799992
Germany,1991-07-01,8.66899967,,8.72799969,8.9829998
Germany,1991-08-01,8.46399975,,8.90499973,8.79599953
Germany,1991-09-01,8.39700031,,8.95600033,8.79699993
Germany,1991-10-01,8.35999966,,9.00800037,8.79500008
Germany,1991-11-01,8.32800007,,9.04800034,8.79800034
Germany,1991-12-01,8.00899982,,9.05000019,8.56000042
Germany,1992-01-01,7.85599995,,8.56200027,8.18900013
Germany,1992-02-01,7.83099985,,8.56099987,8.15100002
Germany,1992-03-01,7.99700022,,8.85099983,8.27000046
Germany,1992-04-01,7.99499989,,8.93500042,8.35700035
Germany,1992-05-01,7.92999983,,8.82699966,8.25
Germany,1992-06-01,8.03100014,,8.99100018,8.39500046
Germany,1992-07-01,8.15600014,,9.08100033,8.49300003
Germany,1992-08-01,7.88899994,,9.13000011,8.36100006
Germany,1992-09-01,7.47100019,,8.12300014,7.65899992
Germany,1992-10-01,7.32999992,,7.31400013,7.22200012
Germany,1992-11-01,7.31899977,,7.27099991,7.10400009
Germany,1992-12-01,7.19000006,,7.17600012,6.9289999
Germany,1993-01-01,7.06500006,,6.97800016,6.78399992
Germany,1993-02-01,6.69099998,,6.33400011,6.27400017
Germany,1993-03-01,6.70300007,,6.15799999,6.21400023
Germany,1993-04-01,6.8039999,,6.329,6.27299976
Germany,1993-05-01,6.81899977,,6.34299994,6.34600019
Germany,1993-06-01,6.63800001,,6.13899994,6.18400002
Germany,1993-07-01,6.53100014,,5.88199997,6.01399994
Germany,1993-08-01,6.16499996,,5.71799994,5.78900003
Germany,1993-09-01,6.06799984,,5.6869998,5.69299984
Germany,1993-10-01,5.84499979,,5.32399988,5.32200003
Germany,1993-11-01,5.83599997,,5.11899996,5.19399977
Germany,1993-12-01,5.54199982,,4.96099997,4.99900007
Germany,1994-01-01,5.68200016,,5.01800013,5.08300018
Germany,1994-02-01,6.09899998,5.42999983,5.49700022,5.55200005
Germany,1994-03-01,6.32299995,5.30999994,5.49100018,5.60099983
Germany,1994-04-01,6.53499985,5.13000011,5.47800016,5.76000023
Germany,1994-05-01,6.82200003,5.01999998,5.6500001,6.2329998
Germany,1994-06-01,7.05600023,5.13000011,5.76100016,6.45800018
Germany,1994-07-01,6.8210001,5.0,5.5630002,6.329
Germany,1994-08-01,7.21700001,5.26000023,5.99499989,6.64400005
Germany,1994-09-01,7.5710001,5.55999994,6.45599985,7.10599995
Germany,1994-10-01,7.63800001,5.5,6.23799992,7.12599993
Germany,1994-11-01,7.30700016,5.5,6.12799978,6.93300009
Germany,1994-12-01,7.59700012,5.75,6.77400017,7.29899979
Germany,1995-01-01,7.44000006,5.55999994,6.39400005,7.03800011
Germany,1995-02-01,7.37200022,5.5999999,6.26900005,6.87099981
Germany,1995-03-01,7.18599987,4.86999989,5.59299994,6.35200024
Germany,1995-04-01,7.02099991,4.69000006,5.33900023,6.22100019
Germany,1995-05-01,6.57999992,4.36999989,4.82600021,5.67000008
Germany,1995-06-01,6.90199995,4.42999983,5.08799982,6.0619998
Germany,1995-07-01,6.76200008,4.5,5.02600002,5.87599993
Germany,1995-08-01,6.67700005,4.0,4.68400002,5.6789999
Germany,1995-09-01,6.61299992,3.97000003,4.39900017,5.48799992
Germany,1995-10-01,6.42500019,4.0,4.24100018,5.30100012
Germany,1995-11-01,6.1500001,3.75,3.94400001,4.8829999
Germany,1995-12-01,6.01300001,3.5999999,3.81599998,4.78900003
Germany,1996-01-01,5.90600014,3.20000005,3.66100001,4.65600014
Germany,1996-02-01,6.39799976,3.3499999,3.95700002,5.18599987
Germany,1996-03-01,6.43499994,3.4000001,3.91100001,5.17999983
Germany,1996-04-01,6.3499999,3.22000003,3.78299999,5.04400015
Germany,1996-05-01,6.52400017,3.36999989,3.95900011,5.21299982
Germany,1996-06-01,6.59700012,3.54999995,4.15700006,5.40899992
Germany,1996-07-01,6.37099981,3.48000002,4.0539999,5.26100016
Germany,1996-08-01,6.36499977,3.29999995,3.83100009,5.15600014
Germany,1996-09-01,6.08699989,3.18000007,3.6099999,5.09600019
Germany,1996-10-01,5.99300003,3.25,3.64899993,4.73400021
Germany,1996-11-01,5.61399984,3.20000005,3.42499995,4.46299982
Germany,1996-12-01,5.79899979,3.1500001,3.48699999,4.5
Germany,1997-01-01,5.77799988,3.13000011,3.40899992,4.38399982
Germany,1997-02-01,5.50299978,3.21000004,3.5,4.47599983
Germany,1997-03-01,5.86899996,3.31999993,3.76399994,4.72100019
Germany,1997-04-01,5.8039999,3.26999998,3.57999992,4.55299997
Germany,1997-05-01,5.92999983,3.25,3.58500004,4.73400021
Germany,1997-06-01,5.67000008,3.25999999,3.54699993,4.50899982
Germany,1997-07-01,5.54300022,3.44000006,3.75500011,4.49599981
Germany,1997-08-01,5.69199991,3.63000011,3.91199994,4.92299986
Germany,1997-09-01,5.52199984,3.77999997,4.04699993,4.84000015
Germany,1997-10-01,5.57000017,4.0999999,4.15899992,5.02600002
Germany,1997-11-01,5.45699978,4.09000015,4.07499981,5.04500008
Germany,1997-12-01,5.34899998,3.94000006,4.15500021,4.87900019
Germany,1998-01-01,5.0539999,3.78999996,3.81599998,4.57700014
Germany,1998-02-01,4.94399977,3.74000001,3.86999989,4.50400019
Germany,1998-03-01,4.90399981,3.9000001,4.0170002,4.53100014
Germany,1998-04-01,4.98600006,3.95000005,4.16499996,4.65199995
Germany,1998-05-01,4.82800007,3.88000011,3.9920001,4.46600008
Germany,1998-06-01,4.77600002,3.86999989,3.97799993,4.40299988
Germany,1998-07-01,4.6960001,3.79999995,3.92700005,4.3579998
Germany,1998-08-01,4.19899988,3.6400001,3.44199991,3.8900001
Germany,1998-09-01,3.88899994,3.54999995,3.43000007,3.64199996
Germany,1998-10-01,4.12900019,3.5,3.2750001,3.73399997
Germany,1998-11-01,3.96199989,3.47000003,3.27399993,3.51099992
Germany,1998-12-01,3.86299992,3.25,3.15700006,3.31999993
Germany,1999-01-01,,,2.86299992,3.22399998
Germany,1999-02-01,,,3.14199996,3.5250001
Germany,1999-03-01,,,2.86999989,3.398
Germany,1999-04-01,,,2.6960001,3.19400001
Germany,1999-05-01,,,2.8039999,3.398
Germany,1999-06-01,,,3.16599989,3.64599991
Germany,1999-07-01,,,3.39599991,4.1869998
Germany,1999-08-01,,,3.49499989,4.30600023
Germany,1999-09-01,,,3.66100001,4.42000008
Germany,1999-10-01,,,3.875,4.60400009
Germany,1999-11-01,,,3.94899988,4.61299992
Germany,1999-12-01,,,4.18900013,4.80499983
Germany,2000-01-01,5.53900003,,4.3829999,5.05200005
Germany,2000-02-01,5.49100018,,4.4380002,5.08599997
Germany,2000-03-01,5.22300005,,4.42000008,4.86100006
Germany,2000-04-01,5.30100012,4.4289999,4.579,5.01300001
Germany,2000-05-01,5.17700005,4.88199997,4.8920002,5.03900003
Germany,2000-06-01,5.22300005,4.8119998,4.92999983,5.046
Germany,2000-07-01,5.21199989,4.93400002,5.09000015,5.13500023
Germany,2000-08-01,5.30100012,5.03200006,5.19799995,5.23799992
Germany,2000-09-01,5.22900009,4.96700001,5.03499985,5.06699991
Germany,2000-10-01,5.23999977,5.15600014,5.04899979,5.079
Germany,2000-11-01,4.99599981,4.92600012,4.80100012,4.81400013
Germany,2000-12-01,4.8579998,4.60300016,4.39499998,4.4749999
Germany,2001-01-01,4.80000019,4.55000019,4.36999989,4.5079999
Germany,2001-02-01,4.74700022,4.45900011,4.35699987,4.4749999
Germany,2001-03-01,4.6869998,4.27199984,4.0999999,4.3039999
Germany,2001-04-01,5.01300001,4.64599991,4.50699997,4.76399994
Germany,2001-05-01,5.15600014,4.37300014,4.37200022,4.72300005
Germany,2001-06-01,5.10099983,4.24800014,4.2579999,4.58500004
Germany,2001-07-01,4.87799978,4.12900019,4.11899996,4.41200018
Germany,2001-08-01,4.78499985,3.90300012,3.93700004,4.20300007
Germany,2001-09-01,4.80000019,3.3829999,3.47199988,4.09000015
Germany,2001-10-01,4.37300014,3.16199994,3.11400008,3.727
Germany,2001-11-01,4.55700016,3.21799994,3.37700009,4.03100014
Germany,2001-12-01,4.99700022,3.31200004,3.64499998,4.40199995
Germany,2002-01-01,4.89900017,3.48200011,3.87800002,4.48099995
Germany,2002-02-01,4.95100021,3.43799996,3.85599995,4.48999977
Germany,2002-03-01,5.23899984,3.66000009,4.34000015,4.90799999
Germany,2002-04-01,5.125,3.7809999,4.07200003,4.68300009
Germany,2002-05-01,5.17299986,3.89400005,4.25899982,4.71899986
Germany,2002-06-01,4.94399977,3.6170001,3.91499996,4.46600008
Germany,2002-07-01,4.75199986,3.0,3.6170001,4.18400002
Germany,2002-08-01,4.5630002,3.22199988,3.45900011,4.00899982
Germany,2002-09-01,4.27199984,2.91400003,3.05900002,3.57200003
Germany,2002-10-01,4.50600004,2.97900009,3.08999991,3.80699992
Germany,2002-11-01,4.48799992,2.93499994,2.98600006,3.78299999
Germany,2002-12-01,4.19399977,2.65799999,2.71199989,3.37199998
Germany,2003-01-01,4.05800009,2.46600008,2.58699989,3.25999999
Germany,2003-02-01,3.89599991,2.26200008,2.27800012,2.94400001
Germany,2003-03-01,4.03299999,1.98599994,2.40899992,3.23099995
Germany,2003-04-01,4.06500006,2.28699994,2.38700008,3.23799992
Germany,2003-05-01,3.67499995,2.05900002,2.0999999,2.84899998
Germany,2003-06-01,3.80100012,1.98699999,2.1099999,2.94400001
Germany,2003-07-01,4.1960001,2.10700011,2.48099995,3.38899994
Germany,2003-08-01,4.1880002,2.20600009,2.5710001,3.43400002
Germany,2003-09-01,4.00400019,2.04299998,2.2980001,3.10800004
Germany,2003-10-01,4.32499981,2.18700004,2.68199992,3.58899999
Germany,2003-11-01,4.45200014,2.20900011,2.77900004,3.75399995
Germany,2003-12-01,4.29199982,2.13599992,2.46000004,3.50399995
Germany,2004-01-01,4.24300003,2.06699991,2.51399994,3.39400005
Germany,2004-02-01,4.08400011,2.02099991,2.23399997,3.27099991
Germany,2004-03-01,3.93799996,1.87199998,2.10599995,3.10500002
Germany,2004-04-01,4.21199989,2.13100004,2.41599989,3.45300007
Germany,2004-05-01,4.32000017,2.19300008,2.49499989,3.52600002
Germany,2004-06-01,4.3579998,2.22600007,2.75999999,3.62100005
Germany,2004-07-01,4.26999998,2.2019999,2.68799996,3.5250001
Germany,2004-08-01,4.07000017,2.13800001,2.45499992,3.38100004
Germany,2004-09-01,3.96499991,2.18000007,2.5940001,3.28900003
Germany,2004-10-01,3.8599999,2.16799998,2.45600009,3.16599989
Germany,2004-11-01,3.81800008,2.26600003,2.37700009,3.06599998
Germany,2004-12-01,3.68000007,2.273,2.42000008,3.03200006
Germany,2005-01-01,3.53999996,2.2019999,2.375,2.91199994
Germany,2005-02-01,3.71099997,2.22300005,2.48399997,3.06900001
Germany,2005-03-01,3.66799998,2.1960001,2.47300005,3.04099989
Germany,2005-04-01,3.38899994,2.06699991,2.23000002,2.79200006
Germany,2005-05-01,3.33299994,2.10100007,2.11999989,2.6960001
Germany,2005-06-01,3.19400001,1.96000004,2.02099991,2.52699995
Germany,2005-07-01,3.21799994,2.11400008,2.20900011,2.63400006
Germany,2005-08-01,3.15300012,2.11999989,2.17199993,2.59200001
Germany,2005-09-01,3.15400004,2.19899988,2.20000005,2.7420001
Germany,2005-10-01,3.41100001,2.47000003,2.62599993,3.00999999
Germany,2005-11-01,3.45099998,2.63899994,2.70700002,3.10899997
Germany,2005-12-01,3.29500008,2.73399997,2.88800001,3.09299994
Germany,2006-01-01,3.45600009,2.73799992,2.96000004,3.18400002
Germany,2006-02-01,3.52699995,2.79399991,3.03800011,3.296
Germany,2006-03-01,3.79099989,3.12599993,3.30599999,3.61400008
Germany,2006-04-01,3.97000003,3.05800009,3.38499999,3.75099993
Germany,2006-05-01,3.93199992,3.14700007,3.30599999,3.63899994
Germany,2006-06-01,4.0539999,3.35700011,3.546,3.81599998
Germany,2006-07-01,3.9230001,3.32999992,3.50200009,3.69899988
Germany,2006-08-01,3.8039999,3.43400002,3.52800012,3.625
Germany,2006-09-01,3.68099999,3.57200003,3.49900007,3.60800004
Germany,2006-10-01,3.78699994,3.71700001,3.71099997,3.73000002
Germany,2006-11-01,3.69099998,3.81900001,3.68899989,3.671
Germany,2006-12-01,3.9460001,3.86299992,3.90100002,3.92799997
Germany,2007-01-01,4.10300016,3.90899992,3.96099997,4.03399992
Germany,2007-02-01,3.92199993,3.89400005,3.8670001,3.8440001
Germany,2007-03-01,4.06099987,4.01499987,4.00400019,4.01200008
Germany,2007-04-01,4.21899986,4.15600014,4.16099977,4.19099998
Germany,2007-05-01,4.38800001,4.28999996,4.30999994,4.39499998
Germany,2007-06-01,4.55499983,4.40999985,4.40399981,4.49800014
Germany,2007-07-01,4.32800007,4.34800005,4.27099991,4.29899979
Germany,2007-08-01,4.21600008,4.12699986,3.97199988,4.07200003
Germany,2007-09-01,4.36000013,4.07399988,4.0630002,4.19500017
Germany,2007-10-01,4.17700005,4.13000011,3.97199988,4.05200005
Germany,2007-11-01,4.09000015,4.00199986,3.73099995,3.83800006
Germany,2007-12-01,4.36800003,4.03900003,4.04099989,4.16800022
Germany,2008-01-01,4.01100016,3.65400004,3.49000001,3.62899995
Germany,2008-02-01,3.98900008,3.57299995,3.26699996,3.49099994
Germany,2008-03-01,3.90100002,3.7750001,3.454,3.54099989
Germany,2008-04-01,4.11600018,4.01900005,3.71399999,3.89199996
Germany,2008-05-01,4.454,4.30200005,4.32299995,4.30200005
Germany,2008-06-01,4.62799978,4.67600012,4.60900021,4.65199995
Germany,2008-07-01,4.35200024,4.46999979,4.24399996,4.26100016
Germany,2008-08-01,4.17399979,4.375,4.11899996,4.10400009
Germany,2008-09-01,4.00899982,3.38800001,3.48699999,3.77399993
Germany,2008-10-01,3.90300012,2.5769999,2.56200004,3.19499993
Germany,2008-11-01,3.2650001,2.023,2.2019999,2.67199993
Germany,2008-12-01,2.94899988,1.77999997,1.77600002,2.3210001
Germany,2009-01-01,3.296,1.24399996,1.53499997,2.46099997
Germany,2009-02-01,3.10899997,0.91399997,1.31400001,2.24000001
Germany,2009-03-01,2.99399996,0.81400001,1.28699994,2.25
Germany,2009-04-01,3.16499996,0.88499999,1.37100005,2.35100007
Germany,2009-05-01,3.57999992,0.87400001,1.41900003,2.64199996
Germany,2009-06-01,3.38199997,0.85399997,1.36800003,2.50900006
Germany,2009-07-01,3.28900003,0.63499999,1.26400006,2.40899992
Germany,2009-08-01,3.25500011,0.61900002,1.26300001,2.37100005
Germany,2009-09-01,3.22399998,0.63300002,1.27600002,2.4230001
Germany,2009-10-01,3.2249999,0.81300002,1.28799999,2.40100002
Germany,2009-11-01,3.15700006,0.76200002,1.273,2.24600005
Germany,2009-12-01,3.38800001,0.76700002,1.36000001,2.43799996
Germany,2010-01-01,3.19000006,0.64399999,1.12699997,2.27999997
Germany,2010-02-01,3.09899998,0.52399999,0.87599999,2.13199997
Germany,2010-03-01,3.09800005,0.64399999,0.977,2.15799999
Germany,2010-04-01,3.01900005,0.54500002,0.78799999,1.97500002
Germany,2010-05-01,2.65499997,0.34599999,0.51499999,1.56200004
Germany,2010-06-01,2.55200005,0.53500003,0.58700001,1.44400001
Germany,2010-07-01,2.671,0.65899998,0.80500001,1.64699996
Germany,2010-08-01,2.11500001,0.51300001,0.60100001,1.204
Germany,2010-09-01,2.27099991,0.71600002,0.84200001,1.48300004
Germany,2010-10-01,2.52200007,0.85900003,0.986,1.71099997
Germany,2010-11-01,2.67499995,0.75,0.85799998,1.67799997
Germany,2010-12-01,2.94899988,0.60799998,0.85399997,1.84399998
Germany,2011-01-01,3.16300011,1.028,1.37,2.39100003
Germany,2011-02-01,3.17799997,0.99599999,1.52499998,2.39899993
Germany,2011-03-01,3.36100006,1.20899999,1.78999996,2.67799997
Germany,2011-04-01,3.23600006,1.38,1.77400005,2.60100007
Germany,2011-05-01,3.02099991,1.27699995,1.61300004,2.28900003
Germany,2011-06-01,3.02800012,1.39300001,1.60599995,2.28699994
Germany,2011-07-01,2.54399991,1.18599999,1.16600001,1.72899997
Germany,2011-08-01,2.22099996,0.66399997,0.73000002,1.31700003
Germany,2011-09-01,1.88600004,0.38,0.55800003,1.16299999
Germany,2011-10-01,2.03699994,0.352,0.54900002,1.17999995
Germany,2011-11-01,2.2809999,0.016,0.329,1.148
Germany,2011-12-01,1.81599998,-0.087,0.141,0.74400002
Germany,2012-01-01,1.80900002,0.094,0.18000001,0.76599997
Germany,2012-02-01,1.83399999,0.083,0.22,0.82999998
Germany,2012-03-01,1.80499995,0.106,0.229,0.81400001
Germany,2012-04-01,1.66400003,0.053,0.091,0.60500002
Germany,2012-05-01,1.21899998,0.018,0.009,0.34999999
Germany,2012-06-01,1.60500002,0.036,0.14300001,0.63300002
Germany,2012-07-01,1.29200006,-0.02,-0.076,0.317
Germany,2012-08-01,1.347,0.05,-0.023,0.34299999
Germany,2012-09-01,1.46,0.024,0.01,0.45
Germany,2012-10-01,1.46,0.01,0.01,0.41
Germany,2012-11-01,1.39,0.0156,0.0072,0.41
Germany,2012-12-01,1.31,0.03,0.02,0.3
Germany,2013-01-01,1.68,0.13,0.18,0.76
Germany,2013-02-01,1.45,0.02,0.04,0.44
Germany,2013-03-01,1.28,0.02,-0.03,0.31
Germany,2013-04-01,1.21,-0.01,0.01,0.33
Germany,2013-05-01,1.51,0.01,0.07,0.49
Germany,2013-06-01,1.74,0.03,0.18,0.74
Germany,2013-07-01,1.67,0.08,0.14,0.65
Germany,2013-08-01,1.86,0.1,0.24,0.82
Germany,2013-09-01,1.78,0.09,0.17,0.79
Germany,2013-10-01,1.67,0.07,0.11,0.66
Germany,2013-11-01,1.69,0.1,0.1,0.65
Germany,2013-12-01,1.95,0.16,0.21,0.95
Germany,2014-01-01,1.61,0.07,0.07,0.65
Germany,2014-02-01,1.63,0.11,0.13,0.67
Germany,2014-03-01,1.56,0.15,0.15,0.63
Germany,2014-04-01,1.47,0.14,0.14,0.55
Germany,2014-05-01,1.46,0.14,0.13,0.53
Germany,2014-07-01,1.16,0.02,0.02,0.3
Germany,2014-08-01,0.89,-0.01,-0.03,0.17
Germany,2014-09-01,0.9,-0.06,-0.07,0.09
Germany,2014-10-01,0.8,-0.06,-0.05,0.08
Germany,2014-11-01,0.65,-0.05,-0.03,0.05
Germany,2014-12-01,0.54,-0.1,-0.1,0.002
Germany,2015-01-01,0.27,-0.14,-0.19,-0.1
Germany,2015-02-01,0.28,-0.22,-0.225,-0.139
Germany,2015-03-01,0.15,-0.259,-0.25,-0.144
Germany,2015-04-01,0.352,-0.24,-0.226,0.003
Germany,2015-05-01,0.485,-0.24,-0.228,-0.004
Germany,2015-06-01,0.74,-0.27,-0.235,0.06
Germany,2015-07-01,0.62,-0.258,-0.236,-0.016
Germany,2015-08-01,0.8,-0.263,-0.2,0.13
Germany,2015-09-01,0.59,-0.25,-0.259,-0.007
Germany,2015-10-01,0.52,-0.31,-0.32,-0.083
Germany,2015-11-01,0.48,-0.4,-0.42,-0.18
Germany,2015-12-01,0.673,-0.39,-0.35,-0.03
Germany,2016-01-01,0.33,-0.46,-0.49,-0.31
Germany,2016-02-01,0.11,-0.47,-0.56,-0.455
Germany,2016-03-01,0.15,-0.48,-0.49,-0.33
Germany,2016-04-01,0.2796,-0.3573,-0.4807,-0.283
Germany,2016-05-01,0.1468,-0.5111,-0.5087,-0.368
Germany,2016-06-01,-0.1314,-0.6379,-0.6511,-0.5598
Germany,2016-07-01,-0.1182,-0.6015,-0.6273,-0.526
Germany,2016-08-01,-0.064,-0.629,-0.6238,-0.5022
Germany,2016-09-01,-0.036,-0.7095,-0.6898,-0.5725
Germany,2016-10-01,0.1647,-0.6421,-0.6208,-0.3982
Germany,2016-11-01,0.2774,-0.798,-0.7287,-0.4296
Germany,2016-12-01,0.1966,-0.809,-0.7836,-0.5384
Germany,2017-01-01,0.4382,-0.6686,-0.7027,-0.3984
Germany,2017-02-01,0.2053,-0.8859,-0.9065,-0.5733
Germany,2017-03-01,0.3282,-0.7467,-0.7452,-0.3813
Germany,2017-04-01,0.3201,-0.7797,-0.7353,-0.3889
Germany,2017-05-01,0.3014,-0.7587,-0.7445,-0.4346
Germany,2017-06-01,0.4707,-0.6739,-0.5914,-0.2229
Germany,2017-07-01,0.5437,-0.6661,-0.6797,-0.2713
Germany,2017-08-01,0.3613,-0.7315,-0.7561,-0.342
Germany,2017-09-01,0.4636,-0.7188,-0.6938,-0.2666
Germany,2017-10-01,0.3642,-0.7658,-0.7519,-0.3476
Germany,2017-11-01,0.3703,-0.7167,-0.6843,-0.305
Germany,2017-12-01,0.431,-0.6866,-0.6199,-0.1954
Germany,2018-01-01,0.6926,-0.6185,-0.5308,-0.0004
Germany,2018-02-01,0.6584,-0.6461,-0.6021,0.0262
Germany,2018-03-01,0.4949,-0.6761,-0.6097,-0.1018
Germany,2018-04-01,0.5609,-0.6391,-0.5855,-0.0559
Germany,2018-05-01,0.3399,-0.6475,-0.6878,-0.274
Germany,2018-06-01,0.3055,-0.6638,-0.6665,-0.299
Germany,2018-07-01,0.4425,-0.6375,-0.5758,-0.2093
Germany,2018-08-01,0.3289,-0.6413,-0.6168,-0.3133
Germany,2018-09-01,0.4737,-0.6103,-0.5266,-0.0861
Germany,2018-10-01,0.3843,-0.6713,-0.6179,-0.1933
Germany,2018-11-01,0.3117,-0.6496,-0.5978,-0.268
Germany,2018-12-01,0.2421,-0.6394,-0.6097,-0.3111
Germany,2019-01-01,0.146,-0.52399999,-0.56300002,-0.35389999
Germany,2019-02-01,0.184,-0.54400003,-0.53600001,-0.31490001
Germany,2019-03-01,-0.069,-0.56099999,-0.597,-0.48559999
Germany,2019-04-01,0.012,-0.54900002,-0.60299999,-0.41800001
Germany,2019-05-01,-0.207,-0.588,-0.671,-0.58700001
Germany,2019-06-01,-0.32800001,-0.65200001,-0.73100001,-0.66100001
Germany,2019-07-01,-0.43900001,-0.69099998,-0.76999998,-0.74349999
Germany,2019-08-01,-0.708,-0.85000002,-0.912,-0.94929999
Germany,2019-09-01,-0.574,-0.667,-0.73699999,-0.79769999
Germany,2019-10-01,-0.412,-0.671,-0.67549998,-0.64950001
Germany,2019-11-01,-0.3635,-0.64399999,-0.634,-0.59850001
Germany,2019-12-01,-0.18799999,-0.65600002,-0.61699998,-0.4725
Germany,2020-01-01,-0.4375,-0.61000001,-0.68099999,-0.64700001
Germany,2020-02-01,-0.606,-0.725,-0.779,-0.771
Germany,2020-03-01,-0.477,-0.654,-0.685,-0.656
Germany,2020-04-01,-0.575,-0.547,-0.76,-0.745
Germany,2020-05-01,-0.442,-0.578,-0.641,-0.632
Germany,2020-06-01,-0.451,-0.547,-0.686,-0.693
Germany,2020-07-01,-0.526,-0.574,-0.707,-0.719
Germany,2020-08-01,-0.394,-0.553,-0.642,-0.631
Germany,2020-09-01,-0.524,-0.587,-0.696,-0.708
Germany,2020-10-01,-0.625,-0.717,-0.797,-0.82
Germany,2020-11-01,-0.569,-0.686,-0.742,-0.753
Germany,2020-12-01,-0.568,-0.726,-0.708,-0.742
Germany,2021-01-01,-0.519,-0.64,-0.73,-0.735
Germany,2021-02-01,-0.271,-0.614,-0.675,-0.576
Germany,2021-03-01,-0.287,-0.65,-0.69,-0.624
Germany,2021-04-01,-0.2004,-0.6417,-0.6826,-0.5773
Germany,2021-05-01,-0.162,-0.64,-0.656,-0.552
Germany,2021-06-01,-0.203,-0.605,-0.668,-0.585
Germany,2021-07-01,-0.458,-0.645,-0.756,-0.737
Germany,2021-08-01,-0.382,-0.673,-0.717,-0.676
Germany,2021-09-01,-0.204,-0.674,-0.692,-0.562
Germany,2021-10-01,-0.107,-0.682,-0.579,-0.387
Germany,2021-11-01,-0.344,-0.77,-0.748,-0.618
Germany,2021-12-01,-0.179,-0.61,-0.637,-0.452
Germany,2022-01-01,0.013,-0.668,-0.534,-0.269
Germany,2022-02-01,0.109,-0.64,-0.584,-0.209
Germany,2022-03-01,0.552,-0.435,-0.081,0.369
Germany,2022-04-01,0.936,-0.22,0.264,0.676
Germany,2022-05-01,1.122,0.045,0.497,0.833
Germany,2022-06-01,1.37,0.421,0.642,1.094
Germany,2022-07-01,0.828,0.377,0.27,0.542
Germany,2022-08-01,1.545,0.716,1.197,1.402
Germany,2022-09-01,2.118,1.679,1.778,1.978
Germany,2022-10-01,2.148,2.046,1.938,2.0
Germany,2022-11-01,1.889,2.228,2.098,1.89
Germany,2022-12-01,2.574,2.585,2.77,2.587
Germany,2023-01-01,2.274,2.761,2.646,2.301
Germany,2023-02-01,2.639,3.186,3.125,2.721
Germany,2023-03-01,2.283,3.003,2.678,2.302
Germany,2023-04-01,2.323,3.12,2.728,2.315
Germany,2023-05-01,2.275,3.187,2.737,2.273
Germany,2023-06-01,2.397,3.6,3.276,2.586
Germany,2023-07-01,2.458,3.635,3.23,2.554
Germany,2023-08-01,2.463,3.534,2.961,2.467
Germany,2023-09-01,2.854,3.702,3.205,2.788
Germany,2023-10-01,2.826,3.674,3.093,2.682
Germany,2023-11-01,2.455,3.486,2.823,2.384
Germany,2023-12-01,2.031,3.194,2.402,1.949
Germany,2024-01-01,2.168,3.157,2.4223,2.057
Germany,2024-02-01,2.424,3.492,2.9098,2.444
Germany,2024-03-01,2.294,3.452,2.8331,2.321
Germany,2024-04-01,2.591,3.446,3.056,2.629
Germany,2024-05-01,2.658,3.467,3.085,2.693
Germany,2024-06-01,2.467,3.24,2.816,2.459
Greece,1998-11-01,,,,8.733
Greece,1998-12-01,6.92399979,,,7.504
Greece,1999-01-01,6.13999987,,,6.653
Greece,1999-02-01,6.08500004,,,6.92
Greece,1999-03-01,6.03399992,,,6.244
Greece,1999-04-01,5.82800007,,,6.261
Greece,1999-05-01,5.8920002,,,6.066
Greece,1999-06-01,6.19399977,,,6.417
Greece,1999-07-01,6.56099987,,,6.908
Greece,1999-08-01,6.57700014,,,6.777
Greece,1999-09-01,6.68499994,,,6.879
Greece,1999-10-01,7.12699986,,,7.345
Greece,1999-11-01,6.54899979,,,6.765
Greece,1999-12-01,6.46199989,,,6.42500019
Greece,2000-01-01,6.60200024,,,6.45599985
Greece,2000-02-01,6.42999983,,,6.19000006
Greece,2000-03-01,6.20200014,,,6.04400015
Greece,2000-04-01,6.12099981,,,6.08699989
Greece,2000-05-01,6.17600012,,,6.18499994
Greece,2000-06-01,6.07999992,,,6.06599998
Greece,2000-07-01,6.04699993,,,6.0539999
Greece,2000-08-01,6.08599997,,,6.09100008
Greece,2000-09-01,6.03100014,,,5.88700008
Greece,2000-10-01,5.96600008,,,5.76200008
Greece,2000-11-01,5.69500017,,,5.40799999
Greece,2000-12-01,5.45200014,,,4.98999977
Greece,2001-01-01,5.37200022,,,4.86000013
Greece,2001-02-01,5.3210001,,,4.80200005
Greece,2001-03-01,5.28599977,,,4.67000008
Greece,2001-04-01,5.54699993,,,5.03399992
Greece,2001-05-01,5.625,,,4.9380002
Greece,2001-06-01,5.56400013,,,4.76800013
Greece,2001-07-01,5.36000013,,,4.61000013
Greece,2001-08-01,5.23699999,,,4.375
Greece,2001-09-01,5.22399998,,,4.10599995
Greece,2001-10-01,4.85400009,,,3.7349999
Greece,2001-11-01,4.99300003,,,4.21999979
Greece,2001-12-01,5.28200006,,,4.50299978
Greece,2002-01-01,5.3039999,,,4.67799997
Greece,2002-02-01,5.31400013,,,4.76300001
Greece,2002-03-01,5.57399988,,,5.09700012
Greece,2002-04-01,5.45200014,,,4.90299988
Greece,2002-05-01,5.4369998,,,4.91300011
Greece,2002-06-01,5.25299978,,,4.67700005
Greece,2002-07-01,5.15600014,,,4.49900007
Greece,2002-08-01,4.87900019,,,4.1960001
Greece,2002-09-01,4.61899996,,,3.82299995
Greece,2002-10-01,4.83099985,,,3.95799994
Greece,2002-11-01,4.74599981,,,3.85700011
Greece,2002-12-01,4.43499994,,,3.41300011
Greece,2003-01-01,4.32700014,,,3.22199988
Greece,2003-02-01,4.19199991,,,3.23600006
Greece,2003-03-01,4.29899979,,,3.3900001
Greece,2003-04-01,4.32600021,,,3.44099998
Greece,2003-05-01,3.82800007,,,2.91499996
Greece,2003-06-01,3.97199988,,,3.03699994
Greece,2003-07-01,4.22599983,,,3.32800007
Greece,2003-08-01,4.30800009,,,3.53399992
Greece,2003-09-01,4.17999983,,,3.23699999
Greece,2003-10-01,4.45800018,,,3.6329999
Greece,2003-11-01,4.53000021,,,3.70000005
Greece,2003-12-01,4.42500019,,,3.49000001
Greece,2004-01-01,4.46700001,,,3.41300011
Greece,2004-02-01,4.26599979,,,3.07599998
Greece,2004-03-01,4.19000006,,,3.24799991
Greece,2004-04-01,4.4369998,,,3.55900002
Greece,2004-05-01,4.53900003,,,3.67499995
Greece,2004-06-01,4.53399992,,,3.727
Greece,2004-07-01,4.43100023,,,3.6099999
Greece,2004-08-01,4.24599981,,,3.38199997
Greece,2004-09-01,4.19700003,,,3.3440001
Greece,2004-10-01,4.04699993,,,3.17499995
Greece,2004-11-01,3.90499997,,,3.05699992
Greece,2004-12-01,3.7980001,,,3.04299998
Greece,2005-01-01,3.63100004,,,2.92400002
Greece,2005-02-01,3.78299999,,,3.08200002
Greece,2005-03-01,,,,2.99000001
Greece,2005-04-01,,,,2.83599997
Greece,2005-06-01,3.375,,,2.62400007
Greece,2005-07-01,3.46099997,,,2.78200006
Greece,2005-08-01,3.31699991,,,2.66199994
Greece,2005-09-01,3.3670001,,,2.796
Greece,2005-10-01,3.59599996,,,3.02900004
Greece,2005-11-01,3.63599992,,,3.19400001
Greece,2005-12-01,3.5250001,,,3.15300012
Greece,2006-01-01,3.76699996,,,3.30500007
Greece,2006-02-01,3.77999997,,,3.34699988
Greece,2006-03-01,4.09499979,,,3.65899992
Greece,2006-04-01,4.27099991,,,3.77399993
Greece,2006-05-01,4.30299997,,,3.90700006
Greece,2006-06-01,4.37599993,,,4.02400017
Greece,2006-07-01,4.23400021,,,3.88899994
Greece,2006-08-01,4.06099987,,,3.76799989
Greece,2006-09-01,4.00500011,,,3.7750001
Greece,2006-10-01,4.00699997,,,3.83200002
Greece,2006-11-01,3.94400001,,,3.78200006
Greece,2006-12-01,4.2249999,,,4.05900002
Greece,2007-01-01,4.37200022,,,4.14300013
Greece,2007-02-01,4.20800018,,,4.00199986
Greece,2007-03-01,4.30499983,,,4.12300014
Greece,2007-04-01,4.39599991,,,4.21799994
Greece,2007-05-01,4.625,,,4.50199986
Greece,2007-06-01,4.8039999,,,4.61199999
Greece,2007-07-01,4.67000008,,,4.50699997
Greece,2007-08-01,4.58099985,,,4.34299994
Greece,2007-09-01,4.62799978,,,4.34100008
Greece,2007-10-01,4.58300018,,,4.35900021
Greece,2007-11-01,4.48000002,,,4.18400002
Greece,2007-12-01,4.62799978,,,4.32600021
Greece,2008-01-01,4.29699993,,,3.83299994
Greece,2008-02-01,4.33199978,,,3.83599997
Greece,2008-03-01,4.45900011,,,4.19099998
Greece,2008-04-01,4.57800007,,,4.35300016
Greece,2008-05-01,4.97900009,,,4.73799992
Greece,2008-06-01,5.29699993,,,5.20900011
Greece,2008-07-01,5.00099993,,,4.82800007
Greece,2008-08-01,4.87300014,,,4.68599987
Greece,2008-09-01,4.94000006,,,4.64699984
Greece,2008-10-01,5.454,,,4.79099989
Greece,2008-11-01,4.82600021,,,4.41800022
Greece,2008-12-01,5.20100021,,,4.93499994
Greece,2009-01-01,5.79699993,,,5.29199982
Greece,2009-02-01,5.61499977,,,5.16400003
Greece,2009-03-01,5.7329998,,,4.90600014
Greece,2009-04-01,5.32800007,,,4.53000021
Greece,2009-05-01,5.50400019,,,4.22800016
Greece,2009-06-01,5.0710001,,,3.75200009
Greece,2009-07-01,4.52400017,,,3.39700007
Greece,2009-08-01,4.53399992,,,3.41499996
Greece,2009-09-01,4.51900005,,,3.36599994
Greece,2009-10-01,4.68300009,,,3.46799994
Greece,2009-11-01,4.99599981,,,3.91000009
Greece,2009-12-01,5.76399994,,,4.90199995
Greece,2010-01-01,6.89099979,,,6.54400015
Greece,2010-02-01,6.53800011,,,6.51599979
Greece,2010-03-01,6.51999998,,,6.15399981
Greece,2010-04-01,9.125,,,11.14000034
Greece,2010-05-01,7.78200006,,,8.40499973
Greece,2010-06-01,10.55200005,,,11.01000023
Greece,2010-07-01,10.36499977,,,10.8739996
Greece,2010-08-01,11.50300026,,,12.19999981
Greece,2010-09-01,10.56299973,,,10.51599979
Greece,2010-10-01,10.74199963,,,11.32800007
Greece,2010-11-01,12.06099987,,,12.59200001
Greece,2010-12-01,12.54399967,,,13.57999992
Greece,2011-01-01,11.38099957,,,12.96500015
Greece,2011-02-01,12.00399971,,,14.28999996
Greece,2011-03-01,12.84300041,,,16.30599976
Greece,2011-04-01,15.93900013,,,17.64900017
Greece,2011-05-01,16.25600052,,,17.03199959
Greece,2011-06-01,16.44099998,,,19.47599983
Greece,2011-07-01,14.92500019,,,17.02499962
Greece,2011-08-01,18.25300026,,,21.96199989
Greece,2011-09-01,22.65999985,,,27.6779995
Greece,2011-10-01,24.24799919,,,30.19799995
Greece,2011-11-01,28.86800003,,,47.00099945
Greece,2011-12-01,35.48799896,,,50.18099976
Greece,2012-01-01,34.31800079,,,52.20399857
Greece,2012-02-01,36.5909996,,,63.3409996
Greece,2012-03-01,21.09700012,,,61.14500046
Greece,2012-04-01,20.64500046,,,61.14500046
Greece,2012-05-01,30.19300079,,,61.14500046
Greece,2012-06-01,26.40200043,,,61.14500046
Greece,2012-07-01,25.50499916,,,61.14500046
Greece,2012-08-01,23.41699982,,,61.14500046
Greece,2012-09-01,19.4829998,,,61.14500046
Greece,2012-10-01,17.62800026,,,
Greece,2012-11-01,16.14900017,,,
Greece,2012-12-01,11.92199993,,,
Greece,2013-01-01,10.82400036,,,
Greece,2013-02-01,11.05099964,,,
Greece,2013-03-01,12.43900013,,,
Greece,2013-04-01,11.13099957,,,
Greece,2013-05-01,9.43799973,,,
Greece,2013-06-01,11.12300014,,,
Greece,2013-07-01,10.0880003,,,
Greece,2013-08-01,10.40499973,,,
Greece,2013-09-01,9.80200005,,,
Greece,2013-10-01,8.43999958,,,
Greece,2013-11-01,8.91499996,,,
Greece,2013-12-01,8.57400036,,,
Greece,2014-01-01,8.68900013,,,
Greece,2014-02-01,6.95200014,,,
Greece,2014-03-01,6.56799984,,,
Greece,2014-04-01,6.21199989,,,4.91800022
Greece,2014-05-01,6.2579999,,,4.78499985
Greece,2014-06-01,5.96299982,,,4.22800016
Greece,2014-07-01,6.0250001,,,4.21099997
Greece,2014-08-01,5.85400009,,,4.13199997
Greece,2014-09-01,6.69000006,,,5.00600004
Greece,2014-10-01,8.07400036,,,7.18599987
Greece,2014-11-01,8.29699993,,,7.17399979
Greece,2014-12-01,9.60099983,,,11.13500023
Greece,2015-01-01,11.27499962,,,15.04500008
Greece,2015-02-01,9.51900005,,,12.89099979
Greece,2015-03-01,11.45100021,,,16.71199989
Greece,2015-04-01,10.89000034,,,15.55799961
Greece,2015-05-01,11.17199993,,,16.07799911
Greece,2015-06-01,15.40600014,,,24.19799995
Greece,2015-07-01,12.10900021,,,17.79500008
Greece,2015-08-01,9.28800011,,,11.03299999
Greece,2015-09-01,8.46199989,,,9.32600021
Greece,2015-10-01,7.9380002,,,7.76599979
Greece,2015-11-01,7.50299978,,,7.46000004
Greece,2015-12-01,8.39299965,,,7.73099995
Greece,2016-01-01,9.71500015,,,11.85400009
Greece,2016-02-01,10.50199986,,,13.08500004
Greece,2016-03-01,8.70199966,,,9.34899998
Greece,2016-04-01,8.91100025,,,9.69299984
Greece,2016-05-01,7.26100016,,,7.55700016
Greece,2016-06-01,8.21500015,,,9.06499958
Greece,2016-07-01,8.07600021,,,9.24400043
Greece,2016-08-01,8.1326,,,8.79599953
Greece,2016-09-01,8.2192,,,9.05200005
Greece,2016-10-01,8.3274,,,8.5539999
Greece,2016-11-01,6.4717,,,6.56400013
Greece,2016-12-01,7.0949,,,7.79300022
Greece,2017-01-01,7.8122,,,6.87599993
Greece,2017-02-01,7.1837,,,
Greece,2017-03-01,6.9334,,,
Greece,2017-04-01,6.2823,,,
Greece,2017-05-01,6.1254,,,
Greece,2017-06-01,5.4289,,,
Greece,2017-07-01,5.3716,,,
Greece,2017-08-01,5.518,,,4.63999987
Greece,2017-09-01,5.6541,,,4.68900013
Greece,2017-10-01,5.4563,,,4.4294
Greece,2017-11-01,5.3989,,,4.142
Greece,2017-12-01,4.1204,,,3.4655
Greece,2018-01-01,3.7151,,,3.038
Greece,2018-02-01,4.4079,,,3.6136
Greece,2018-03-01,4.2911,,,3.3896
Greece,2018-04-01,3.8367,,,2.8473
Greece,2018-05-01,4.6112,,,3.8892
Greece,2018-06-01,3.9583,,,3.0801
Greece,2018-07-01,3.965,,,2.9897
Greece,2018-08-01,4.3988,,,3.4022
Greece,2018-09-01,4.1732,,,3.2242
Greece,2018-10-01,4.235,,,3.2999
Greece,2018-11-01,4.2636,,,3.2225
Greece,2018-12-01,4.3602,,,3.2726
Greece,2019-01-01,3.8670001,,,2.83599997
Greece,2019-02-01,3.66499996,,,2.88599992
Greece,2019-03-01,3.75200009,,,2.602
Greece,2019-04-01,3.37199998,,,2.30900002
Greece,2019-05-01,2.90400004,,,1.78600001
Greece,2019-06-01,2.4849999,,,1.39699996
Greece,2019-07-01,2.04200006,,,1.07500005
Greece,2019-08-01,1.62600005,,,0.97100002
Greece,2019-09-01,1.38499999,,,0.722
Greece,2019-10-01,1.15199995,,,0.38100001
Greece,2019-11-01,1.43599999,,,0.63450003
Greece,2019-12-01,1.44850004,,,0.47549999
Greece,2020-01-01,1.12650001,,,0.35949999
Greece,2020-02-01,1.359,,,0.641
Greece,2020-03-01,1.69,,,1.249
Greece,2020-04-01,2.169,,,1.711
Greece,2020-05-01,1.522,,,0.882
Greece,2020-06-01,1.213,,,0.565
Greece,2020-07-01,1.101,,,0.499
Greece,2020-08-01,1.098,,,0.262
Greece,2020-09-01,1.03,,,0.291
Greece,2020-10-01,1.07,,,0.319
Greece,2020-11-01,0.64,,,0.065
Greece,2020-12-01,0.631,,,0.21
Greece,2021-01-01,0.686,,,0.062
Greece,2021-02-01,1.116,,,0.243
Greece,2021-03-01,0.873,-0.076,0.306,0.214
Greece,2021-04-01,0.9931,-0.296,0.15,0.1432
Greece,2021-05-01,0.839,-0.29,0.16,0.113
Greece,2021-06-01,0.836,-0.154,-0.005,0.063
Greece,2021-07-01,0.609,-0.487,0.044,-0.134
Greece,2021-08-01,0.773,-0.357,0.078,-0.014
Greece,2021-09-01,0.86,-0.323,-0.073,0.138
Greece,2021-10-01,1.332,-0.174,0.242,0.59
Greece,2021-11-01,1.251,-0.27,-0.044,0.461
Greece,2021-12-01,1.314,-0.154,0.645,0.606
Greece,2022-01-01,1.773,-0.1,1.031,0.803
Greece,2022-02-01,2.53,-0.117,1.361,1.395
Greece,2022-03-01,2.673,-0.04,1.155,1.578
Greece,2022-04-01,3.364,0.318,1.476,2.381
Greece,2022-05-01,3.58,0.73,1.487,2.437
Greece,2022-06-01,3.616,0.67,1.762,2.72
Greece,2022-07-01,2.97,0.729,1.554,2.49
Greece,2022-08-01,4.123,0.701,2.145,3.362
Greece,2022-09-01,4.875,1.283,2.686,4.075
Greece,2022-10-01,4.653,1.15,2.753,3.902
Greece,2022-11-01,4.179,1.971,2.711,3.253
Greece,2022-12-01,4.609,1.476,3.225,3.655
Greece,2023-01-01,4.34,3.213,3.371,3.395
Greece,2023-02-01,4.482,3.649,3.439,3.854
Greece,2023-03-01,4.22,3.382,3.279,3.684
Greece,2023-04-01,4.184,3.632,3.401,3.75
Greece,2023-05-01,3.75,3.167,3.079,3.333
Greece,2023-06-01,3.683,3.464,3.421,3.598
Greece,2023-07-01,3.758,3.405,3.3,3.441
Greece,2023-08-01,3.784,3.477,3.386,3.468
Greece,2023-09-01,4.358,3.887,3.616,3.867
Greece,2023-10-01,4.184,3.348,3.337,3.646
Greece,2023-11-01,3.689,3.825,3.132,3.167
Greece,2023-12-01,3.081,3.55,2.862,2.536
Greece,2024-01-01,3.227,2.891,2.557,2.712
Greece,2024-02-01,3.388,3.298,2.881,2.989
Greece,2024-03-01,3.261,3.341,2.737,2.859
Greece,2024-04-01,3.531,3.558,3.036,3.183
Greece,2024-05-01,3.68,3.528,3.045,3.275
Greece,2024-06-01,3.767,3.605,2.926,3.281
"Hong Kong, China",1998-01-01,10.00800037,,,
"Hong Kong, China",1998-02-01,8.05099964,,,
"Hong Kong, China",1998-03-01,8.17399979,,,
"Hong Kong, China",1998-04-01,8.39099979,,,
"Hong Kong, China",1998-05-01,9.16300011,,,
"Hong Kong, China",1998-06-01,10.55200005,,,
"Hong Kong, China",1998-07-01,9.80700016,,,
"Hong Kong, China",1998-08-01,9.91399956,,,
"Hong Kong, China",1998-09-01,8.51399994,,,
"Hong Kong, China",1998-10-01,7.36000013,,,
"Hong Kong, China",1998-11-01,6.92700005,,,
"Hong Kong, China",1998-12-01,6.34700012,,,
"Hong Kong, China",1999-01-01,7.24800014,,,
"Hong Kong, China",1999-02-01,7.30000019,,,
"Hong Kong, China",1999-03-01,7.15700006,,,
"Hong Kong, China",1999-04-01,6.80800009,,,
"Hong Kong, China",1999-05-01,7.30000019,,,
"Hong Kong, China",1999-06-01,7.69799995,,,
"Hong Kong, China",1999-07-01,7.48600006,,,
"Hong Kong, China",1999-08-01,7.42600012,,,
"Hong Kong, China",1999-09-01,7.37400007,,,
"Hong Kong, China",1999-10-01,7.55000019,,,
"Hong Kong, China",1999-11-01,7.71700001,,,
"Hong Kong, China",1999-12-01,7.796,,,
"Hong Kong, China",2000-01-01,7.65899992,,,
"Hong Kong, China",2000-02-01,7.66599989,,,
"Hong Kong, China",2000-03-01,7.41499996,,,
"Hong Kong, China",2000-04-01,7.48099995,,,
"Hong Kong, China",2000-05-01,7.68499994,,,
"Hong Kong, China",2000-06-01,7.48600006,,,
"Hong Kong, China",2000-07-01,7.49300003,,,
"Hong Kong, China",2000-08-01,7.23799992,,,
"Hong Kong, China",2000-09-01,7.18599987,,,
"Hong Kong, China",2000-10-01,6.98699999,,,
"Hong Kong, China",2000-11-01,7.05000019,,,
"Hong Kong, China",2000-12-01,6.45100021,,,
"Hong Kong, China",2001-01-01,6.1329999,,,
"Hong Kong, China",2001-02-01,5.86100006,,,
"Hong Kong, China",2001-03-01,6.16300011,,,
"Hong Kong, China",2001-04-01,6.28200006,,,
"Hong Kong, China",2001-05-01,6.45200014,,,
"Hong Kong, China",2001-06-01,6.37400007,,,
"Hong Kong, China",2001-07-01,6.19899988,,,
"Hong Kong, China",2001-08-01,5.70499992,,,
"Hong Kong, China",2001-09-01,5.39400005,,,
"Hong Kong, China",2001-10-01,5.34200001,,,
"Hong Kong, China",2001-11-01,5.829,,,
"Hong Kong, China",2001-12-01,6.21700001,,,
"Hong Kong, China",2002-01-01,6.04899979,,,
"Hong Kong, China",2002-02-01,5.75,,,
"Hong Kong, China",2002-03-01,6.19899988,,,
"Hong Kong, China",2002-04-01,5.87300014,,,
"Hong Kong, China",2002-05-01,5.73999977,,,
"Hong Kong, China",2002-06-01,5.40500021,,,
"Hong Kong, China",2002-07-01,5.20699978,,,
"Hong Kong, China",2002-08-01,4.41200018,,,
"Hong Kong, China",2002-09-01,4.17700005,,,
"Hong Kong, China",2002-10-01,4.55700016,,,
"Hong Kong, China",2002-11-01,4.69899988,,,
"Hong Kong, China",2002-12-01,4.38399982,,,
"Hong Kong, China",2003-01-01,4.55000019,,,
"Hong Kong, China",2003-02-01,4.34100008,,,
"Hong Kong, China",2003-03-01,4.38700008,,,
"Hong Kong, China",2003-04-01,4.33500004,,,
"Hong Kong, China",2003-05-01,3.69400001,,,
"Hong Kong, China",2003-06-01,3.93300009,,,
"Hong Kong, China",2003-07-01,4.66200018,,,
"Hong Kong, China",2003-08-01,4.69799995,,,
"Hong Kong, China",2003-09-01,4.23500013,,,
"Hong Kong, China",2003-10-01,4.39599991,,,
"Hong Kong, China",2003-11-01,4.43900013,,,
"Hong Kong, China",2003-12-01,4.37200022,,,
"Hong Kong, China",2004-01-01,4.12699986,,,
"Hong Kong, China",2004-02-01,3.95000005,,,
"Hong Kong, China",2004-03-01,3.77900004,,,
"Hong Kong, China",2004-04-01,4.53100014,,,
"Hong Kong, China",2004-05-01,4.57600021,,,
"Hong Kong, China",2004-06-01,4.62099981,,,
"Hong Kong, China",2004-07-01,4.62400007,,,
"Hong Kong, China",2004-08-01,4.07700014,,,
"Hong Kong, China",2004-09-01,3.78299999,,,
"Hong Kong, China",2004-10-01,3.54399991,,,
"Hong Kong, China",2004-11-01,3.61899996,,,
"Hong Kong, China",2004-12-01,3.6329999,,,
"Hong Kong, China",2005-01-01,3.63899994,,,
"Hong Kong, China",2005-02-01,3.85500002,,,
"Hong Kong, China",2005-03-01,4.35200024,,,
"Hong Kong, China",2005-04-01,3.67600012,,,
"Hong Kong, China",2005-05-01,3.62599993,,,
"Hong Kong, China",2005-06-01,3.5710001,,,
"Hong Kong, China",2005-07-01,3.79900002,,,
"Hong Kong, China",2005-08-01,4.07700014,,,
"Hong Kong, China",2005-09-01,4.17299986,,,
"Hong Kong, China",2005-10-01,4.50299978,,,
"Hong Kong, China",2005-11-01,4.48999977,,,
"Hong Kong, China",2005-12-01,4.19000006,,,
"Hong Kong, China",2006-01-01,4.20599985,,,
"Hong Kong, China",2006-02-01,4.26999998,,,
"Hong Kong, China",2006-03-01,4.61000013,,,
"Hong Kong, China",2006-04-01,4.86299992,,,
"Hong Kong, China",2006-05-01,4.88999987,,,
"Hong Kong, China",2006-06-01,4.87300014,,,
"Hong Kong, China",2006-07-01,4.63399982,,,
"Hong Kong, China",2006-08-01,4.24499989,,,
"Hong Kong, China",2006-09-01,3.96799994,,,
"Hong Kong, China",2006-10-01,3.89499998,,,
"Hong Kong, China",2006-11-01,3.81100011,,,
"Hong Kong, China",2006-12-01,3.7420001,,,
"Hong Kong, China",2007-01-01,4.16099977,,,
"Hong Kong, China",2007-02-01,4.17500019,,,
"Hong Kong, China",2007-03-01,4.1960001,,,
"Hong Kong, China",2007-04-01,4.28800011,,,
"Hong Kong, China",2007-05-01,4.58699989,,,
"Hong Kong, China",2007-06-01,4.78900003,,,
"Hong Kong, China",2007-07-01,4.64799976,,,
"Hong Kong, China",2007-08-01,4.52400017,,,
"Hong Kong, China",2007-09-01,4.42299986,,,
"Hong Kong, China",2007-10-01,3.88400006,,,
"Hong Kong, China",2007-11-01,3.20300007,,,
"Hong Kong, China",2007-12-01,3.46199989,,,
"Hong Kong, China",2008-01-01,2.67400002,,,
"Hong Kong, China",2008-02-01,2.90300012,,,
"Hong Kong, China",2008-03-01,2.62800002,,,
"Hong Kong, China",2008-04-01,2.78600001,,,
"Hong Kong, China",2008-05-01,3.26799989,,,
"Hong Kong, China",2008-06-01,3.5250001,,,
"Hong Kong, China",2008-07-01,3.68799996,,,
"Hong Kong, China",2008-08-01,3.01900005,,,
"Hong Kong, China",2008-09-01,2.94300008,,,
"Hong Kong, China",2008-10-01,2.41599989,,,
"Hong Kong, China",2008-11-01,1.94000006,,,
"Hong Kong, China",2008-12-01,1.34899998,,,
"Hong Kong, China",2009-01-01,1.84200001,,,
"Hong Kong, China",2009-02-01,2.13800001,,,
"Hong Kong, China",2009-03-01,2.12800002,,,
"Hong Kong, China",2009-04-01,2.30800009,,,
"Hong Kong, China",2009-05-01,2.98200011,,,
"Hong Kong, China",2009-06-01,2.81299996,,,
"Hong Kong, China",2009-07-01,2.52399993,,,
"Hong Kong, China",2009-08-01,2.55800009,,,
"Hong Kong, China",2009-09-01,2.54299998,,,
"Hong Kong, China",2009-10-01,2.32200003,,,
"Hong Kong, China",2009-11-01,2.28800011,,,
"Hong Kong, China",2009-12-01,2.77900004,,,
"Hong Kong, China",2010-01-01,3.023,,,
"Hong Kong, China",2010-02-01,2.89499998,,,
"Hong Kong, China",2010-03-01,2.99499989,,,
"Hong Kong, China",2010-04-01,3.07599998,,,
"Hong Kong, China",2010-05-01,2.69499993,,,
"Hong Kong, China",2010-06-01,2.48900008,,,
"Hong Kong, China",2010-07-01,2.43400002,,,
"Hong Kong, China",2010-08-01,2.1329999,,,
"Hong Kong, China",2010-09-01,2.18799996,,,
"Hong Kong, China",2010-10-01,2.33699989,,,
"Hong Kong, China",2010-11-01,2.6789999,,,
"Hong Kong, China",2010-12-01,3.04399991,,,
"Hong Kong, China",2011-01-01,2.97399998,,,
"Hong Kong, China",2011-02-01,2.977,,,
"Hong Kong, China",2011-03-01,2.86999989,,,
"Hong Kong, China",2011-04-01,2.76099992,,,
"Hong Kong, China",2011-05-01,2.58699989,,,
"Hong Kong, China",2011-06-01,2.42199993,,,
"Hong Kong, China",2011-07-01,2.4059999,,,
"Hong Kong, China",2011-08-01,1.89499998,,,
"Hong Kong, China",2011-09-01,1.40799999,,,
"Hong Kong, China",2011-10-01,1.66600001,,,
"Hong Kong, China",2011-11-01,1.40199995,,,
"Hong Kong, China",2011-12-01,1.52900004,,,
"Hong Kong, China",2012-01-01,1.30400002,,,
"Hong Kong, China",2012-02-01,1.32099998,,,
"Hong Kong, China",2012-03-01,1.28900003,,,
"Hong Kong, China",2012-04-01,1.20000005,,,
"Hong Kong, China",2012-05-01,1.04400003,,,
"Hong Kong, China",2012-06-01,1.005,,,
"Hong Kong, China",2012-07-01,0.68300003,,,
"Hong Kong, China",2012-08-01,0.71700001,,,
"Hong Kong, China",2012-09-01,0.77899998,,,
"Hong Kong, China",2012-10-01,0.72399998,,,
"Hong Kong, China",2012-11-01,0.61299998,,,
"Hong Kong, China",2012-12-01,0.64999998,,,
"Hong Kong, China",2013-01-01,1.26400006,,,
"Hong Kong, China",2013-02-01,1.21300006,,,
"Hong Kong, China",2013-03-01,1.15600002,,,
"Hong Kong, China",2013-04-01,0.90100002,,,
"Hong Kong, China",2013-05-01,1.48399997,,,
"Hong Kong, China",2013-06-01,2.07500005,,,
"Hong Kong, China",2013-07-01,2.3499999,,,
"Hong Kong, China",2013-08-01,2.39199996,,,
"Hong Kong, China",2013-09-01,2.125,,,
"Hong Kong, China",2013-10-01,1.88,,,
"Hong Kong, China",2013-11-01,2.1559999,,,
"Hong Kong, China",2013-12-01,2.34899998,,,
"Hong Kong, China",2014-01-01,2.29699993,,,
"Hong Kong, China",2014-02-01,2.24300003,,,
"Hong Kong, China",2014-03-01,2.36599994,,,
"Hong Kong, China",2014-04-01,2.22300005,,,
"Hong Kong, China",2014-05-01,1.98399997,,,
"Hong Kong, China",2014-06-01,2.06699991,,,
"Hong Kong, China",2014-07-01,2.08100009,,,
"Hong Kong, China",2014-08-01,1.903,,,
"Hong Kong, China",2014-09-01,2.0480001,,,
"Hong Kong, China",2014-10-01,1.91299999,,,
"Hong Kong, China",2014-11-01,1.77400005,,,
"Hong Kong, China",2014-12-01,1.91999996,,,
"Hong Kong, China",2015-01-01,1.38900006,,,
"Hong Kong, China",2015-02-01,1.58200002,,,
"Hong Kong, China",2015-03-01,1.50199997,,,
"Hong Kong, China",2015-04-01,1.54400003,,,
"Hong Kong, China",2015-05-01,1.61699998,,,
"Hong Kong, China",2015-06-01,1.81400001,,,
"Hong Kong, China",2015-07-01,1.79900002,,,
"Hong Kong, China",2015-08-01,1.875,,,
"Hong Kong, China",2015-09-01,1.59099996,,,
"Hong Kong, China",2015-10-01,1.579,,,
"Hong Kong, China",2015-11-01,1.59500003,,,
"Hong Kong, China",2015-12-01,1.59300005,,,
"Hong Kong, China",2016-01-01,1.66199994,,,
"Hong Kong, China",2016-02-01,1.34200001,,,
"Hong Kong, China",2016-03-01,1.278,,,
"Hong Kong, China",2016-04-01,1.3149,0.3835,0.6594,1.0328
"Hong Kong, China",2016-05-01,1.321,0.3731,0.7008,1.0315
"Hong Kong, China",2016-06-01,1.0442,0.3252,0.4769,0.6963
"Hong Kong, China",2016-07-01,0.9335,0.463,0.5252,0.6323
"Hong Kong, China",2016-08-01,0.9643,0.4251,0.5215,0.7144
"Hong Kong, China",2016-09-01,0.9553,0.4414,0.4793,0.6881
"Hong Kong, China",2016-10-01,1.0845,0.469,0.5624,0.7676
"Hong Kong, China",2016-11-01,1.3916,0.6035,0.8004,1.0989
"Hong Kong, China",2016-12-01,1.9072,0.9138,1.1037,1.5512
"Hong Kong, China",2017-01-01,1.9268,0.8927,1.0718,1.5788
"Hong Kong, China",2017-02-01,1.7846,0.7696,1.0021,1.4439
"Hong Kong, China",2017-03-01,1.6643,0.6539,0.9006,1.3685
"Hong Kong, China",2017-04-01,1.4608,0.642,0.8066,1.1865
"Hong Kong, China",2017-05-01,1.2951,0.5508,0.6712,0.9895
"Hong Kong, China",2017-06-01,1.5259,0.5815,0.8425,1.161
"Hong Kong, China",2017-07-01,1.4924,0.5785,0.7767,1.2129
"Hong Kong, China",2017-08-01,1.4701,0.5246,0.7853,1.1522
"Hong Kong, China",2017-09-01,1.7154,0.606,0.894,1.3321
"Hong Kong, China",2017-10-01,1.8336,0.9974,1.0914,1.4966
"Hong Kong, China",2017-11-01,1.8639,0.8977,1.2146,1.5754
"Hong Kong, China",2017-12-01,1.8005,1.1111,1.326,1.6936
"Hong Kong, China",2018-01-01,2.0192,0.9377,1.289,1.7657
"Hong Kong, China",2018-02-01,2.0065,0.8998,1.2584,1.7784
"Hong Kong, China",2018-03-01,1.9558,1.258,1.4079,1.7883
"Hong Kong, China",2018-04-01,2.1725,1.5644,1.6622,2.0454
"Hong Kong, China",2018-05-01,2.1663,1.6659,1.753,2.0703
"Hong Kong, China",2018-06-01,2.2086,1.7211,1.8812,2.1212
"Hong Kong, China",2018-07-01,2.1848,1.6283,1.7592,2.0486
"Hong Kong, China",2018-08-01,2.1868,1.7565,1.9787,2.1186
"Hong Kong, China",2018-09-01,2.4087,1.953,2.1738,2.3609
"Hong Kong, China",2018-10-01,2.4367,1.9488,2.1242,2.341
"Hong Kong, China",2018-11-01,2.2845,2.042,2.1303,2.2149
"Hong Kong, China",2018-12-01,2.0139,1.73,1.7343,1.8374
"Hong Kong, China",2019-01-01,1.82299995,1.45000005,1.53699994,1.66100001
"Hong Kong, China",2019-02-01,1.79200006,1.45000005,1.51900005,1.59899998
"Hong Kong, China",2019-03-01,1.47099996,1.46000004,1.44000006,1.39100003
"Hong Kong, China",2019-04-01,1.66600001,1.88999999,1.75800002,1.61099994
"Hong Kong, China",2019-05-01,1.59000003,1.82000005,1.78799999,1.61199999
"Hong Kong, China",2019-06-01,1.68400002,1.70000005,1.59500003,1.47399998
"Hong Kong, China",2019-07-01,1.63699996,1.86000001,1.71800005,1.52100003
"Hong Kong, China",2019-08-01,1.13,1.95000005,1.70200002,1.18900001
"Hong Kong, China",2019-09-01,1.24100006,1.85099995,1.59000003,1.245
"Hong Kong, China",2019-10-01,1.48950005,1.78050005,1.63499999,1.47000003
"Hong Kong, China",2019-11-01,1.47500002,1.72000003,1.65799999,1.51349998
"Hong Kong, China",2019-12-01,1.76800001,1.76999998,1.72549999,1.72500002
"Hong Kong, China",2020-01-01,1.347,1.76049995,1.53699994,1.31200004
"Hong Kong, China",2020-02-01,1.054,1.31,1.09,0.952
"Hong Kong, China",2020-03-01,0.75,0.65,0.612,0.627
"Hong Kong, China",2020-04-01,0.604,0.5,0.363,0.368
"Hong Kong, China",2020-05-01,0.678,0.6,0.613,0.558
"Hong Kong, China",2020-06-01,0.651,0.25,0.285,0.371
"Hong Kong, China",2020-07-01,0.416,0.139,0.104,0.188
"Hong Kong, China",2020-08-01,0.578,0.19,0.262,0.342
"Hong Kong, China",2020-09-01,0.472,0.101,0.156,0.235
"Hong Kong, China",2020-10-01,0.583,0.12,0.136,0.279
"Hong Kong, China",2020-11-01,0.673,0.09,0.145,0.352
"Hong Kong, China",2020-12-01,0.779,0.11,0.146,0.385
"Hong Kong, China",2021-01-01,0.821,0.1,0.168,0.383
"Hong Kong, China",2021-02-01,1.336,0.09,0.175,0.736
"Hong Kong, China",2021-03-01,1.435,0.079,0.164,0.8
"Hong Kong, China",2021-04-01,1.2136,0.0827,0.1548,0.6822
"Hong Kong, China",2021-05-01,1.191,0.07,0.109,0.566
"Hong Kong, China",2021-06-01,1.207,0.06,0.159,0.699
"Hong Kong, China",2021-07-01,0.939,0.05,0.103,0.472
"Hong Kong, China",2021-08-01,1.013,0.05,0.144,0.538
"Hong Kong, China",2021-09-01,1.29,0.06,0.196,0.71
"Hong Kong, China",2021-10-01,1.479,0.08,0.34,0.922
"Hong Kong, China",2021-11-01,1.481,0.19,0.52,1.019
"Hong Kong, China",2021-12-01,1.407,0.28,0.656,1.095
"Hong Kong, China",2022-01-01,1.649,0.4,0.795,1.279
"Hong Kong, China",2022-02-01,1.825,0.521,0.979,1.472
"Hong Kong, China",2022-03-01,2.09,0.87,1.642,1.975
"Hong Kong, China",2022-04-01,2.764,1.36,2.189,2.633
"Hong Kong, China",2022-05-01,2.748,1.459,2.057,2.677
"Hong Kong, China",2022-06-01,3.028,2.21,2.601,2.756
"Hong Kong, China",2022-07-01,2.631,2.53,2.568,2.388
"Hong Kong, China",2022-08-01,3.09,3.06,3.251,3.058
"Hong Kong, China",2022-09-01,3.618,3.841,3.952,3.741
"Hong Kong, China",2022-10-01,3.994,4.305,4.529,4.231
"Hong Kong, China",2022-11-01,3.618,4.83,4.576,3.827
"Hong Kong, China",2022-12-01,3.708,4.35,4.124,3.748
"Hong Kong, China",2023-01-01,3.184,3.64,3.805,3.203
"Hong Kong, China",2023-02-01,3.903,3.97,4.093,4.017
"Hong Kong, China",2023-03-01,3.193,3.19,3.422,3.144
"Hong Kong, China",2023-04-01,3.146,3.43,3.355,3.147
"Hong Kong, China",2023-05-01,3.522,4.08,3.769,3.469
"Hong Kong, China",2023-06-01,3.739,4.251,4.094,3.686
"Hong Kong, China",2023-07-01,3.914,4.57,4.268,3.836
"Hong Kong, China",2023-08-01,3.853,4.11,3.957,3.692
"Hong Kong, China",2023-09-01,4.217,4.729,4.226,3.994
"Hong Kong, China",2023-10-01,4.38,4.7,4.321,4.108
"Hong Kong, China",2023-11-01,3.773,4.54,3.901,3.635
"Hong Kong, China",2023-12-01,3.272,3.95,3.375,3.064
"Hong Kong, China",2024-01-01,3.579,3.78,3.486,3.16
"Hong Kong, China",2024-02-01,3.855,3.93,3.711,3.55
"Hong Kong, China",2024-03-01,3.756,4.13,3.722,3.452
"Hong Kong, China",2024-04-01,4.035,4.14,4.024,3.764
"Hong Kong, China",2024-05-01,3.896,4.33,3.997,3.665
"Hong Kong, China",2024-06-01,3.582,4.28,3.864,3.429
Hungary,2003-08-01,7.26,,,
Hungary,2003-09-01,7.06,,,
Hungary,2003-10-01,8.02,,,
Hungary,2003-11-01,9.08,,,10.46
Hungary,2003-12-01,8.08,11.29,,9.33
Hungary,2004-01-01,8.63,12.31,,9.87
Hungary,2004-02-01,8.58,12.56,,9.57
Hungary,2004-03-01,7.84,10.62,,8.82
Hungary,2004-04-01,8.17,10.85,,9.02
Hungary,2004-05-01,8.47,10.97,,9.41
Hungary,2004-06-01,8.72,11.29,,9.88
Hungary,2004-07-01,8.5,10.84,,9.46
Hungary,2004-08-01,8.78,10.91,,9.83
Hungary,2004-09-01,8.58,10.72,,9.49
Hungary,2004-10-01,8.1,10.05,,9.07
Hungary,2004-11-01,7.67,9.22,,8.56
Hungary,2004-12-01,7.19,8.76,,8.0
Hungary,2005-01-01,7.36,8.52,,8.12
Hungary,2005-02-01,6.76,7.27,,7.03
Hungary,2005-03-01,6.92,7.35,,7.29
Hungary,2005-04-01,7.19,7.6,,7.57
Hungary,2005-05-01,7.14,7.41,,7.38
Hungary,2005-06-01,6.39,6.59,,6.5
Hungary,2005-07-01,6.16,6.41,,6.27
Hungary,2005-08-01,5.65,5.87,,5.69
Hungary,2005-09-01,6.31,6.11,,6.32
Hungary,2005-10-01,6.88,6.54,,6.88
Hungary,2005-11-01,6.85,6.55,,6.88
Hungary,2005-12-01,7.1,6.57,,7.08
Hungary,2006-01-01,7.08,6.44,,7.06
Hungary,2006-02-01,6.94,6.39,,6.94
Hungary,2006-03-01,7.26,6.95,,7.31
Hungary,2006-04-01,6.99,6.73,,6.99
Hungary,2006-05-01,6.96,6.58,,6.99
Hungary,2006-06-01,8.09,8.28,,8.54
Hungary,2006-07-01,7.39,7.75,,7.86
Hungary,2006-08-01,7.75,8.13,,8.14
Hungary,2006-09-01,7.75,8.5,,8.21
Hungary,2006-10-01,7.37,8.45,,7.75
Hungary,2006-11-01,7.05,8.15,,7.44
Hungary,2006-12-01,6.85,8.1,,7.35
Hungary,2007-01-01,7.2,8.35,,7.7
Hungary,2007-02-01,7.15,8.32,,7.61
Hungary,2007-03-01,6.83,7.65,,7.22
Hungary,2007-04-01,6.69,7.5,,6.95
Hungary,2007-05-01,6.69,7.45,,6.96
Hungary,2007-06-01,6.78,7.33,,6.9
Hungary,2007-07-01,6.85,7.26,,6.93
Hungary,2007-08-01,6.9,7.43,,7.14
Hungary,2007-09-01,6.77,7.35,,6.89
Hungary,2007-10-01,6.71,7.22,,6.89
Hungary,2007-11-01,6.98,7.42,,7.3
Hungary,2007-12-01,7.21,7.62,,7.51
Hungary,2008-01-01,7.35,7.57,,7.48
Hungary,2008-02-01,8.33,8.45,,8.81
Hungary,2008-03-01,8.28,9.42,,9.85
Hungary,2008-04-01,8.33,9.2,,9.05
Hungary,2008-05-01,8.25,9.03,,9.02
Hungary,2008-06-01,8.64,9.33,,9.4
Hungary,2008-07-01,7.96,8.73,,8.56
Hungary,2008-08-01,8.08,8.72,,8.67
Hungary,2008-09-01,8.2,9.25,,9.42
Hungary,2008-10-01,9.94,12.0,,12.17
Hungary,2008-11-01,9.01,10.91,,11.09
Hungary,2008-12-01,8.41,9.13,,9.55
Hungary,2009-01-01,9.91,9.67,,10.74
Hungary,2009-02-01,11.09,11.57,,12.22
Hungary,2009-03-01,12.5,11.3,,12.66
Hungary,2009-04-01,10.51,10.27,,10.7
Hungary,2009-05-01,10.22,9.5,,10.32
Hungary,2009-06-01,9.99,9.53,,10.01
Hungary,2009-07-01,8.78,8.3,,8.78
Hungary,2009-08-01,8.39,7.92,,8.4
Hungary,2009-09-01,7.87,7.0,,7.66
Hungary,2009-10-01,7.62,6.7,,7.47
Hungary,2009-11-01,7.71,6.35,,7.39
Hungary,2009-12-01,8.21,6.3,,7.8
Hungary,2010-01-01,7.91,5.98,,7.56
Hungary,2010-02-01,7.74,5.82,,7.26
Hungary,2010-03-01,7.01,5.25,,6.37
Hungary,2010-04-01,6.77,5.0,,6.19
Hungary,2010-05-01,7.38,5.2,,6.88
Hungary,2010-06-01,7.84,5.63,,7.58
Hungary,2010-07-01,7.38,5.8,,7.31
Hungary,2010-08-01,7.77,5.75,,7.6
Hungary,2010-09-01,6.94,5.88,,6.68
Hungary,2010-10-01,7.18,5.92,,6.96
Hungary,2010-11-01,8.59,6.41,,8.49
Hungary,2010-12-01,8.09,6.48,,7.99
Hungary,2011-01-01,7.47,6.08,,7.26
Hungary,2011-02-01,7.33,6.02,,7.13
Hungary,2011-03-01,7.3,6.0,,7.09
Hungary,2011-04-01,7.1,6.03,,6.9
Hungary,2011-05-01,7.3,6.1,,7.13
Hungary,2011-06-01,7.4,5.97,,7.23
Hungary,2011-07-01,7.6,5.97,,7.37
Hungary,2011-08-01,7.51,5.85,,7.19
Hungary,2011-09-01,8.3,6.3,,7.72
Hungary,2011-10-01,7.98,6.5,,7.55
Hungary,2011-11-01,9.05,7.82,,9.02
Hungary,2011-12-01,9.85,8.1,,9.79
Hungary,2012-01-01,8.98,8.0,,8.98
Hungary,2012-02-01,8.72,7.67,,8.57
Hungary,2012-03-01,9.15,7.75,,9.08
Hungary,2012-04-01,8.07,7.45,,8.1
Hungary,2012-05-01,8.83,7.62,,8.8
Hungary,2012-06-01,7.88,7.28,,7.92
Hungary,2012-07-01,7.43,7.03,,7.41
Hungary,2012-08-01,7.35,6.85,,7.06
Hungary,2012-09-01,7.33,6.62,,6.84
Hungary,2012-10-01,6.98,6.14,,6.47
Hungary,2012-11-01,6.9,6.0,,6.43
Hungary,2012-12-01,6.19,5.5,,6.01
Hungary,2013-01-01,6.33,5.42,,6.01
Hungary,2013-02-01,6.28,5.07,,5.78
Hungary,2013-03-01,6.3,4.69,,5.73
Hungary,2013-04-01,5.36,4.17,,5.05
Hungary,2013-05-01,5.63,4.06,,5.22
Hungary,2013-06-01,6.08,4.5,,5.56
Hungary,2013-07-01,6.39,4.2,,5.57
Hungary,2013-08-01,6.59,4.03,,5.89
Hungary,2013-09-01,5.87,3.7,,5.18
Hungary,2013-10-01,5.48,3.34,,4.75
Hungary,2013-11-01,6.08,3.14,,5.17
Hungary,2013-12-01,5.66,3.03,,4.76
Hungary,2014-01-01,6.28,3.35,,5.41
Hungary,2014-02-01,6.1,3.35,,5.18
Hungary,2014-03-01,5.62,3.11,,4.94
Hungary,2014-04-01,5.53,2.65,,4.48
Hungary,2014-05-01,4.78,2.45,,3.76
Hungary,2014-06-01,4.54,2.33,,3.43
Hungary,2014-07-01,4.56,1.93,,3.78
Hungary,2014-08-01,4.51,1.81,,3.62
Hungary,2014-09-01,4.68,1.68,,3.73
Hungary,2014-10-01,3.98,1.68,,3.39
Hungary,2014-11-01,3.55,1.78,,3.07
Hungary,2014-12-01,3.65,1.9,,3.25
Hungary,2015-01-01,2.86,1.7,,2.48
Hungary,2015-02-01,2.93,1.71,,2.57
Hungary,2015-03-01,3.35,1.73,,2.69
Hungary,2015-04-01,3.51,1.6,,2.98
Hungary,2015-05-01,3.46,1.48,,2.9
Hungary,2015-06-01,3.94,1.1,,3.08
Hungary,2015-07-01,3.77,1.07,,2.94
Hungary,2015-08-01,3.73,0.78,,2.76
Hungary,2015-09-01,3.36,0.52,,2.43
Hungary,2015-10-01,3.4,0.81,,2.54
Hungary,2015-11-01,3.31,1.04,,2.57
Hungary,2015-12-01,3.32,0.99,,2.65
Hungary,2016-01-01,3.55,1.05,,2.54
Hungary,2016-02-01,3.35,1.1,,2.42
Hungary,2016-03-01,3.03,1.09,,2.15
Hungary,2016-04-01,3.38,0.89,,2.35
Hungary,2016-05-01,3.47,1.05,,2.58
Hungary,2016-06-01,3.19,1.02,,2.36
Hungary,2016-07-01,2.86,0.65,,2.05
Hungary,2016-08-01,2.95,0.7,,2.04
Hungary,2016-09-01,2.94,0.7,,1.9
Hungary,2016-10-01,3.05,0.55,,1.9
Hungary,2016-11-01,3.46,0.52,,2.14
Hungary,2016-12-01,3.2,0.18,,1.77
Hungary,2017-01-01,3.51,0.33,,2.21
Hungary,2017-02-01,3.46,0.31,,2.27
Hungary,2017-03-01,3.29,0.19,,2.25
Hungary,2017-04-01,3.24,0.22,,2.15
Hungary,2017-05-01,3.1,0.2,,1.92
Hungary,2017-06-01,3.12,0.19,,1.86
Hungary,2017-07-01,3.15,0.184,,1.93
Hungary,2017-08-01,2.959,0.152,,1.74
Hungary,2017-09-01,2.645,0.021,,1.3
Hungary,2017-10-01,2.55,0.06,,1.29
Hungary,2017-11-01,2.15,0.06,,1.16
Hungary,2017-12-01,2.046,0.05,,1.17
Hungary,2018-01-01,2.353,0.07,,1.32
Hungary,2018-02-01,2.63,0.05,,1.52
Hungary,2018-03-01,2.413,0.081,,1.32
Hungary,2018-04-01,2.58,0.101,,1.34
Hungary,2018-05-01,3.189,0.309,,1.72
Hungary,2018-06-01,3.631,0.667,,2.36
Hungary,2018-07-01,3.271,0.543,,2.73
Hungary,2018-08-01,3.486,0.6,,2.92
Hungary,2018-09-01,3.582,0.463,,3.04
Hungary,2018-10-01,3.677,0.342,,3.13
Hungary,2018-11-01,3.153,0.34,,2.68
Hungary,2018-12-01,3.04,0.45,,2.53
Hungary,2019-01-01,2.785,0.44,,2.33
Hungary,2019-02-01,2.761,0.44,,2.28
Hungary,2019-03-01,2.9,0.284,,1.96
Hungary,2019-04-01,3.33,0.27,,2.27
Hungary,2019-05-01,3.03,0.28,,1.89
Hungary,2019-06-01,2.7,0.3,,1.68
Hungary,2019-07-01,2.35,0.12,,1.33
Hungary,2019-08-01,1.97,0.1,,1.07
Hungary,2019-09-01,2.04,0.08,,1.08
Hungary,2019-10-01,1.96,0.04,,0.98
Hungary,2019-11-01,1.93,0.02,,1.16
Hungary,2019-12-01,2.08,0.08,,1.25
Hungary,2020-01-01,2.14,0.15,,1.4
Hungary,2020-02-01,2.25,0.55,,1.66
Hungary,2020-03-01,2.6,0.96,,1.67
Hungary,2020-04-01,2.1,1.24,,1.6
Hungary,2020-05-01,1.98,0.9,,1.58
Hungary,2020-06-01,2.22,0.3,,1.36
Hungary,2020-07-01,2.15,0.38,,1.32
Hungary,2020-08-01,2.37,0.5,,1.67
Hungary,2020-09-01,2.5,0.88,,1.9
Hungary,2020-10-01,2.33,0.75,,1.78
Hungary,2020-11-01,2.26,0.55,,1.56
Hungary,2020-12-01,2.15,0.46,,1.43
Hungary,2021-01-01,2.38,0.52,,1.52
Hungary,2021-02-01,2.73,0.65,,2.01
Hungary,2021-03-01,2.78,0.76,,1.98
Hungary,2021-04-01,2.82,0.69,,1.8
Hungary,2021-05-01,3.04,0.78,,2.06
Hungary,2021-06-01,2.9,0.89,,2.15
Hungary,2021-07-01,2.93,0.94,,2.12
Hungary,2021-08-01,3.01,1.2,,2.46
Hungary,2021-09-01,3.3,1.58,,2.72
Hungary,2021-10-01,4.0,1.77,,3.34
Hungary,2021-11-01,4.41,3.04,,4.21
Hungary,2021-12-01,4.58,3.65,,4.42
Hungary,2022-01-01,4.96,4.32,,4.76
Hungary,2022-02-01,5.32,5.13,,5.29
Hungary,2022-03-01,6.05,6.14,,6.49
Hungary,2022-04-01,7.01,6.47,,7.3
Hungary,2022-05-01,7.3,6.72,,7.33
Hungary,2022-06-01,8.16,7.3,,8.51
Hungary,2022-07-01,8.32,9.98,,9.62
Hungary,2022-08-01,8.98,10.19,,9.84
Hungary,2022-09-01,9.92,13.49,,10.4
Hungary,2022-10-01,10.23,13.47,,11.66
Hungary,2022-11-01,8.33,13.07,,8.89
Hungary,2022-12-01,9.25,13.98,,9.93
Hungary,2023-01-01,8.1,13.66,,8.77
Hungary,2023-02-01,8.7,13.97,,9.38
Hungary,2023-03-01,8.59,14.72,,9.51
Hungary,2023-04-01,7.93,14.52,,8.84
Hungary,2023-05-01,8.04,12.95,,8.84
Hungary,2023-06-01,7.13,10.6,,7.8
Hungary,2023-07-01,7.38,10.2,,7.71
Hungary,2023-08-01,7.14,9.41,,7.27
Hungary,2023-09-01,7.48,8.84,,7.62
Hungary,2023-10-01,7.55,8.14,,7.56
Hungary,2023-11-01,6.84,8.15,,6.83
Hungary,2023-12-01,5.93,6.59,,5.86
Hungary,2024-01-01,6.16,6.88,,5.94
Hungary,2024-02-01,6.49,6.72,,6.14
Hungary,2024-03-01,6.82,6.77,,6.8
Hungary,2024-04-01,7.1,7.02,,7.24
Hungary,2024-05-01,7.01,6.84,,6.99
Hungary,2024-06-01,6.88,6.32,,6.75
Iceland,2002-04-01,,,,8.422
Iceland,2002-05-01,8.068,,,8.39
Iceland,2002-06-01,8.07,,,8.305
Iceland,2002-07-01,8.237,,,8.239
Iceland,2002-08-01,8.0,,,7.68
Iceland,2002-09-01,7.641,,,7.397
Iceland,2002-10-01,7.508,,,7.066
Iceland,2002-11-01,7.467,,,6.905
Iceland,2002-12-01,7.578,,,6.941
Iceland,2003-01-01,7.55,,,6.977
Iceland,2003-02-01,7.779,,,7.298
Iceland,2003-03-01,7.787,,,6.91
Iceland,2003-04-01,8.028,,,7.031
Iceland,2003-05-01,7.56,,,6.6
Iceland,2003-06-01,7.55,,,6.792
Iceland,2003-07-01,7.569,,,6.82
Iceland,2003-08-01,7.289,,,6.275
Iceland,2003-09-01,7.42,,,
Iceland,2003-10-01,7.649,,,6.9
Iceland,2003-11-01,7.698,,,7.113
Iceland,2003-12-01,7.919,,,7.54
Iceland,2004-01-01,7.777,,,
Iceland,2004-02-01,7.519,,,
Iceland,2004-03-01,7.174,,,
Iceland,2004-04-01,7.207,,,
Iceland,2004-05-01,7.75,,,
Iceland,2004-06-01,7.579,,,
Iceland,2004-07-01,7.6,,,
Iceland,2004-08-01,7.733,,,
Iceland,2004-09-01,7.612,,,
Iceland,2004-10-01,7.782,,,
Iceland,2004-11-01,7.684,,,7.851
Iceland,2006-08-01,8.822,,,9.653
Iceland,2006-09-01,7.814,,,8.848
Iceland,2006-11-01,8.012,,,9.269
Iceland,2007-01-01,8.311,,,
Iceland,2007-02-01,8.789,,,
Iceland,2007-03-01,9.059,,,
Iceland,2007-04-01,9.187,,,
Iceland,2007-05-01,9.233,,,
Iceland,2007-06-01,9.078,,,
Iceland,2007-07-01,9.277,,,
Iceland,2007-12-01,10.225,,,12.568
Iceland,2008-01-01,9.521,,,11.067
Iceland,2008-02-01,8.764,,,9.8
Iceland,2008-03-01,11.011,,,12.347
Iceland,2008-04-01,10.618,,,11.707
Iceland,2008-05-01,9.454,,,9.627
Iceland,2008-06-01,9.779,,,10.244
Iceland,2008-07-01,10.01,,,10.711
Iceland,2008-08-01,9.751,,,10.597
Iceland,2008-09-01,8.514,,,9.039
Iceland,2008-10-01,12.667,,,15.009
Iceland,2008-11-01,12.064,,,13.434
Iceland,2008-12-01,9.729,,,10.793
Iceland,2009-01-01,8.762,,,9.071
Iceland,2009-02-01,9.038,,,9.165
Iceland,2009-03-01,8.814,,,8.89
Iceland,2009-04-01,8.194,,,7.905
Iceland,2009-05-01,7.411,,,7.229
Iceland,2009-06-01,8.505,,,8.251
Iceland,2009-07-01,8.767,,,8.443
Iceland,2009-08-01,8.406,,,7.616
Iceland,2009-09-01,8.367,,,7.497
Iceland,2009-10-01,7.935,,,7.279
Iceland,2009-11-01,8.004,,,7.644
Iceland,2009-12-01,7.923,,,7.488
Iceland,2010-01-01,7.739,,,7.337
Iceland,2010-02-01,7.517,,,7.091
Iceland,2010-03-01,7.054,,,6.262
Iceland,2010-04-01,6.61,,,5.9
Iceland,2010-05-01,6.326,,,5.104
Iceland,2010-06-01,6.044,,,4.248
Iceland,2010-07-01,5.922,,,4.344
Iceland,2010-08-01,5.28,,,4.037
Iceland,2010-09-01,6.124,,,4.18
Iceland,2010-10-01,6.498,,,4.815
Iceland,2010-11-01,5.607,,,5.231
Iceland,2010-12-01,5.653,,,4.783
Iceland,2011-01-01,5.896,,,4.747
Iceland,2011-02-01,6.303,,,5.142
Iceland,2011-03-01,6.259,,,5.061
Iceland,2011-04-01,6.595,,,5.396
Iceland,2011-05-01,7.431,,,6.546
Iceland,2011-06-01,7.193,,,5.801
Iceland,2011-07-01,7.619,,,5.559
Iceland,2011-08-01,7.758,,,5.289
Iceland,2011-09-01,7.046,,,4.766
Iceland,2011-10-01,6.569,,,5.042
Iceland,2011-11-01,6.489,,,4.739
Iceland,2011-12-01,6.597,,,4.926
Iceland,2012-01-01,7.202,,,5.004
Iceland,2012-02-01,7.284,,,5.316
Iceland,2012-03-01,7.36,,,5.442
Iceland,2012-04-01,7.367,,,5.806
Iceland,2012-05-01,7.165,,,5.366
Iceland,2012-06-01,6.944,,,5.049
Iceland,2012-07-01,7.019,,,4.773
Iceland,2012-08-01,6.923,,,4.722
Iceland,2012-09-01,7.024,,,4.72
Iceland,2012-10-01,6.782,,,4.697
Iceland,2012-11-01,6.799,,,4.498
Iceland,2012-12-01,6.795,,,4.554
Iceland,2013-01-01,6.478,,,4.363
Iceland,2013-02-01,6.316,,,4.185
Iceland,2013-03-01,6.269,,,5.684
Iceland,2013-04-01,6.228,,,5.498
Iceland,2013-05-01,6.262,,,5.428
Iceland,2013-06-01,6.262,,,5.517
Iceland,2013-07-01,6.351,,,5.634
Iceland,2013-08-01,6.439,,,5.804
Iceland,2013-09-01,6.443,,,5.806
Iceland,2013-10-01,6.295,,,5.65
Iceland,2013-11-01,6.637,,,6.018
Iceland,2013-12-01,6.781,,,6.14
Iceland,2014-01-01,6.677,,,6.196
Iceland,2014-02-01,6.81,,,6.506
Iceland,2014-03-01,6.758,,,6.164
Iceland,2014-04-01,6.717,,,6.021
Iceland,2014-05-01,6.853,,,6.176
Iceland,2014-06-01,7.234,,,6.618
Iceland,2014-07-01,7.134,,,6.474
Iceland,2014-08-01,7.045,,,6.401
Iceland,2014-09-01,6.782,,,6.233
Iceland,2014-10-01,6.903,,,6.22
Iceland,2014-11-01,6.207,,,5.809
Iceland,2014-12-01,6.148,,,5.54
Iceland,2015-01-01,6.18,,,5.813
Iceland,2015-02-01,6.186,,,5.746
Iceland,2015-03-01,6.923,,,6.603
Iceland,2015-04-01,7.061,,,6.746
Iceland,2015-05-01,7.533,,,7.237
Iceland,2015-06-01,6.977,,,7.02
Iceland,2015-07-01,6.645,,,6.673
Iceland,2015-08-01,6.131,,,6.145
Iceland,2015-09-01,5.679,,,5.799
Iceland,2015-10-01,5.327,,,5.354
Iceland,2015-11-01,6.004,,,6.048
Iceland,2015-12-01,5.875,,,5.851
Iceland,2016-01-01,6.081,,,6.048
Iceland,2016-02-01,5.853,,,5.849
Iceland,2016-03-01,5.781,,,5.87
Iceland,2016-04-01,5.861,,,5.86
Iceland,2016-05-01,5.947,,,5.955
Iceland,2016-06-01,6.236,,,6.196
Iceland,2016-07-01,5.947,,,5.976
Iceland,2016-08-01,5.271,,,5.194
Iceland,2016-09-01,5.336,,,5.301
Iceland,2016-10-01,5.173,,,5.265
Iceland,2016-11-01,5.205,,,5.262
Iceland,2016-12-01,5.013,,,5.064
Iceland,2017-01-01,5.239,,,5.252
Iceland,2017-02-01,4.969,,,4.924
Iceland,2017-03-01,4.945,,,4.892
Iceland,2017-04-01,4.909,,,4.913
Iceland,2017-05-01,4.686,,,4.676
Iceland,2017-06-01,4.646,,,4.652
Iceland,2017-07-01,4.81,,,4.742
Iceland,2017-08-01,5.051,,,4.908
Iceland,2017-09-01,5.216,,,5.105
Iceland,2017-10-01,4.976,,,4.843
Iceland,2017-11-01,4.885,,,4.701
Iceland,2017-12-01,5.004,,,4.852
Iceland,2018-01-01,5.232,,,4.94
Iceland,2018-02-01,5.398,,,4.93
Iceland,2018-03-01,5.288,,,5.018
Iceland,2018-04-01,5.325,,,5.089
Iceland,2018-05-01,5.304,,,5.089
Iceland,2018-06-01,5.433,,,5.176
Iceland,2018-07-01,5.566,,,5.221
Iceland,2018-08-01,5.772,,,5.448
Iceland,2018-09-01,5.903,,,5.578
Iceland,2018-10-01,6.066,,,6.022
Iceland,2018-11-01,6.002,,,5.845
Iceland,2018-12-01,5.48,,,5.469
Iceland,2019-01-01,5.229,,,5.195
Iceland,2019-02-01,5.332,,,5.304
Iceland,2019-03-01,4.565,,,4.547
Iceland,2019-04-01,4.19,,,4.099
Iceland,2019-05-01,4.021,,,3.908
Iceland,2019-06-01,3.903,,,3.814
Iceland,2019-07-01,3.876,,,
Iceland,2019-08-01,3.634,,,
Iceland,2019-09-01,3.407,,,
Iceland,2019-10-01,3.401,,,
Iceland,2019-11-01,3.738,,,
Iceland,2019-12-01,3.451,,,
Iceland,2020-01-01,3.148,,,
Iceland,2020-02-01,2.922,,,
Iceland,2020-03-01,2.658,,,
Iceland,2020-04-01,2.368,,,
Iceland,2020-05-01,2.266,,,
Iceland,2020-06-01,2.523,,,
Iceland,2020-07-01,2.497,,,1.877
Iceland,2020-08-01,2.65,,,2.105
Iceland,2020-09-01,2.708,,,2.311
Iceland,2020-10-01,3.123,,,2.441
Iceland,2020-11-01,3.152,,,2.321
Iceland,2020-12-01,3.189,,,2.246
Iceland,2021-01-01,3.436,,,2.507
Iceland,2021-02-01,3.684,,,2.596
Iceland,2021-03-01,3.564,,,2.573
Iceland,2021-04-01,3.556,,,2.786
Iceland,2021-05-01,3.787,,,3.04
Iceland,2021-06-01,3.539,,,2.912
Iceland,2021-07-01,3.488,,,2.889
Iceland,2021-08-01,3.603,,,3.038
Iceland,2021-09-01,3.924,,,3.22
Iceland,2021-10-01,4.101,,,3.536
Iceland,2021-11-01,4.022,,,3.636
Iceland,2021-12-01,4.148,,,3.724
Iceland,2022-01-01,4.58,,,4.4
Iceland,2022-02-01,4.581,,,4.537
Iceland,2022-03-01,5.129,,,5.143
Iceland,2022-04-01,5.228,,,5.245
Iceland,2022-05-01,5.316,,,5.923
Iceland,2022-06-01,5.628,,,6.491
Iceland,2022-07-01,5.591,,,6.181
Iceland,2022-08-01,5.675,,,6.111
Iceland,2022-09-01,5.94,,,6.143
Iceland,2022-10-01,6.248,,,6.361
Iceland,2022-11-01,6.343,,,6.492
Iceland,2022-12-01,6.393,,,6.871
Iceland,2023-01-01,6.648,,,7.372
Iceland,2023-02-01,7.482,,,8.327
Iceland,2023-03-01,6.541,,,8.125
Iceland,2023-04-01,6.628,,,8.697
Iceland,2023-05-01,6.56,,,7.067
Iceland,2023-06-01,6.612,,,6.95
Iceland,2023-07-01,6.777,,,7.07
Iceland,2023-08-01,6.96,,,7.262
Iceland,2023-09-01,7.59,,,8.006
Iceland,2023-10-01,7.58,,,7.907
Iceland,2023-11-01,7.346,,,7.533
Iceland,2023-12-01,6.986,,,7.163
Iceland,2024-01-01,6.855,,,7.234
Iceland,2024-02-01,6.58,,,6.914
Iceland,2024-03-01,6.965,,,7.364
Iceland,2024-04-01,7.343,,,7.768
Iceland,2024-05-01,7.139,,,7.557
Iceland,2024-06-01,7.192,,,7.662
India,1998-02-01,12.75899982,,,12.40699959
India,1998-03-01,12.08600044,,,11.33399963
India,1998-04-01,11.78100014,,,11.06799984
India,1998-05-01,12.04899979,,,11.78199959
India,1998-06-01,12.11699963,,,11.72900009
India,1998-07-01,12.19999981,,,
India,1998-08-01,12.24100018,,,
India,1998-09-01,12.2869997,,,
India,1998-10-01,12.30200005,,,
India,1998-11-01,12.22099972,,,
India,1998-12-01,12.2130003,,,
India,1999-01-01,12.21899986,,,
India,1999-02-01,12.22299957,,,
India,1999-03-01,11.99400043,,,
India,1999-04-01,11.88599968,,,11.32400036
India,1999-05-01,11.69999981,,,11.29599953
India,1999-06-01,11.85099983,,,11.37100029
India,1999-07-01,11.67300034,,,11.18599987
India,1999-08-01,11.5880003,,,10.9829998
India,1999-09-01,11.63399982,,,10.95600033
India,1999-10-01,11.52099991,,,10.91499996
India,1999-11-01,11.38399982,,,10.82699966
India,1999-12-01,11.19699955,,,10.65600014
India,2000-01-01,10.89700031,,,10.39400005
India,2000-02-01,10.40499973,,,9.89000034
India,2000-03-01,10.75599957,,,10.2489996
India,2000-04-01,10.34200001,,,9.71399975
India,2000-05-01,10.82699966,,,9.86100006
India,2000-06-01,11.05900002,,,10.11999989
India,2000-07-01,11.35400009,,,10.89000034
India,2000-08-01,11.50500011,,,11.03100014
India,2000-09-01,11.53999996,,,11.02000046
India,2000-10-01,11.60000038,,,10.77900028
India,2000-11-01,11.34799957,,,10.59300041
India,2000-12-01,10.89400005,,,10.39299965
India,2001-01-01,10.42399979,,,9.82999992
India,2001-02-01,10.07800007,,,9.37899971
India,2001-03-01,10.36999989,,,9.50699997
India,2001-04-01,10.125,,,9.35900021
India,2001-05-01,9.76200008,,,8.90100002
India,2001-06-01,9.52200031,,,8.43200016
India,2001-07-01,9.36299992,,,7.98199987
India,2001-08-01,9.11400032,,,7.51300001
India,2001-09-01,9.11600018,,,7.66200018
India,2001-10-01,8.80000019,,,7.23000002
India,2001-11-01,7.88000011,,,7.01000023
India,2001-12-01,7.93900013,,,7.36399984
India,2002-01-01,7.66900015,6.59299994,,6.95100021
India,2002-02-01,7.62699986,6.46999979,,7.1420002
India,2002-03-01,7.42799997,6.14099979,,6.65399981
India,2002-04-01,7.40999985,6.26599979,,6.71199989
India,2002-05-01,7.72300005,6.74700022,,7.20900011
India,2002-06-01,7.48500013,6.21500015,,7.02699995
India,2002-07-01,7.30800009,6.0710001,,6.64499998
India,2002-08-01,7.15899992,5.9369998,,6.41699982
India,2002-09-01,7.16800022,5.82299995,,6.31099987
India,2002-10-01,6.92500019,5.63100004,,6.14300013
India,2002-11-01,6.454,5.36800003,,5.98999977
India,2002-12-01,6.08300018,5.63999987,,5.71999979
India,2003-01-01,6.32299995,5.76599979,,6.09899998
India,2003-02-01,5.96600008,5.45200014,,5.72599983
India,2003-03-01,6.12699986,5.6079998,,5.87599993
India,2003-04-01,5.88199997,4.98799992,,5.56400013
India,2003-05-01,5.79300022,4.96600008,,5.36999989
India,2003-06-01,5.73000002,5.11399984,,5.32499981
India,2003-07-01,5.61600018,4.78499985,,5.21500015
India,2003-08-01,5.28200006,4.72300005,,4.92199993
India,2003-09-01,5.17399979,4.61499977,,4.75
India,2003-10-01,5.0999999,4.58500004,,4.81500006
India,2003-11-01,5.14699984,4.34000015,,4.85500002
India,2003-12-01,5.12200022,4.48400021,,4.74300003
India,2004-01-01,5.12699986,4.53299999,,4.98500013
India,2004-02-01,5.26499987,4.5250001,,5.03299999
India,2004-03-01,5.14699984,4.42700005,,4.78000021
India,2004-04-01,5.1170001,4.54799986,,4.81099987
India,2004-05-01,5.27400017,4.55299997,,4.95900011
India,2004-06-01,5.8499999,4.70800018,,5.43499994
India,2004-07-01,6.16400003,4.84200001,,5.76000023
India,2004-08-01,6.08900023,5.16400003,,5.90899992
India,2004-09-01,6.24399996,5.296,,6.11100006
India,2004-10-01,6.86100006,5.61600018,,6.34700012
India,2004-11-01,7.19700003,5.70100021,,6.80900002
India,2004-12-01,6.70599985,5.75500011,,6.34299994
India,2005-01-01,6.70300007,5.71600008,,6.43400002
India,2005-02-01,6.54899979,5.83599997,,6.38899994
India,2005-03-01,6.67600012,5.66300011,,6.3829999
India,2005-04-01,7.23899984,5.83900023,,6.78399992
India,2005-05-01,6.97900009,5.70900011,,6.77799988
India,2005-06-01,6.90700006,5.78599977,,6.62200022
India,2005-07-01,6.96000004,5.73099995,,6.579
India,2005-08-01,7.09399986,5.65999985,,6.61800003
India,2005-09-01,7.10099983,5.73000002,,6.67399979
India,2005-10-01,7.09899998,5.80700016,,6.63500023
India,2005-11-01,7.08300018,5.93200016,,6.56899977
India,2005-12-01,7.11000013,6.24399996,,6.57299995
India,2006-01-01,7.37200022,6.77400017,,6.93400002
India,2006-02-01,7.39300013,6.84100008,,7.11800003
India,2006-03-01,7.55000019,6.53700018,,7.32000017
India,2006-04-01,7.38999987,6.3130002,,6.97900009
India,2006-05-01,7.65899992,6.46500015,,7.2420001
India,2006-06-01,8.15100002,7.04300022,,7.69099998
India,2006-07-01,8.23799992,6.87699986,,7.84299994
India,2006-08-01,7.89099979,6.81899977,,7.56899977
India,2006-09-01,7.6420002,6.77699995,,7.42600012
India,2006-10-01,7.625,7.07299995,,7.46500015
India,2006-11-01,7.42399979,6.97900009,,7.31400013
India,2006-12-01,7.61899996,7.31899977,,7.53000021
India,2007-01-01,7.73799992,7.24499989,,7.63700008
India,2007-02-01,8.0,7.65100002,,7.94500017
India,2007-03-01,8.02200031,7.69399977,,7.96000004
India,2007-04-01,8.17300034,8.04199982,,8.12800026
India,2007-05-01,8.07999992,7.62300014,,7.96600008
India,2007-06-01,8.18700027,7.53800011,,7.92700005
India,2007-07-01,7.84499979,7.01200008,,7.4920001
India,2007-08-01,7.92999983,7.18300009,,7.79199982
India,2007-09-01,7.92500019,7.09600019,,7.80499983
India,2007-10-01,7.83900023,7.25500011,,7.76800013
India,2007-11-01,7.90500021,7.56400013,,7.88700008
India,2007-12-01,7.79099989,7.73199987,,7.80999994
India,2008-01-01,7.52899981,7.47300005,7.48199987,7.50299978
India,2008-02-01,7.56799984,7.50400019,7.49800014,7.5539999
India,2008-03-01,7.9380002,7.56400013,7.5999999,7.77099991
India,2008-04-01,7.95599985,7.7670002,7.81699991,7.91300011
India,2008-05-01,8.10099983,7.8920002,7.99499989,8.04899979
India,2008-06-01,8.7130003,9.22500038,9.25500011,8.90999985
India,2008-07-01,9.31599998,9.43299961,9.43999958,9.36699963
India,2008-08-01,8.69999981,9.14900017,9.10599995,8.85499954
India,2008-09-01,8.61699963,8.92000008,8.79300022,8.55799961
India,2008-10-01,7.47800016,7.51999998,7.41099977,7.53000021
India,2008-11-01,7.07999992,7.19500017,6.83400011,7.13999987
India,2008-12-01,5.26000023,4.83599997,5.24499989,5.38100004
India,2009-01-01,6.1869998,4.625,4.66400003,5.98199987
India,2009-02-01,6.32800007,4.68499994,4.95800018,5.87799978
India,2009-03-01,7.01399994,4.89900017,5.49800014,6.76300001
India,2009-04-01,6.2420001,3.95700002,4.70599985,6.07800007
India,2009-05-01,6.71000004,3.98300004,5.04199982,6.4829998
India,2009-06-01,7.01300001,4.22700024,5.41499996,6.71000004
India,2009-07-01,6.99800014,4.18300009,5.19000006,6.74900007
India,2009-08-01,7.43400002,4.75299978,5.96999979,7.17199993
India,2009-09-01,7.21500015,4.47599983,5.8210001,7.16400003
India,2009-10-01,7.30600023,4.27099991,5.89400005,7.41400003
India,2009-11-01,7.25699997,5.07600021,5.52799988,7.05100012
India,2009-12-01,7.6789999,5.28800011,5.69500017,7.26599979
India,2010-01-01,7.59100008,4.76200008,5.20300007,7.15399981
India,2010-02-01,7.86399984,5.03399992,6.14699984,7.34299994
India,2010-03-01,7.8499999,5.15899992,6.17399979,7.30600023
India,2010-04-01,8.06099987,4.86000013,5.92199993,7.43300009
India,2010-05-01,7.56400013,5.03100014,5.92799997,7.41300011
India,2010-06-01,7.56099987,5.32399988,6.20200014,7.39300013
India,2010-07-01,7.80299997,6.28999996,7.01399994,7.62599993
India,2010-08-01,7.93599987,6.36499977,6.8119998,7.66800022
India,2010-09-01,7.85200024,6.51599979,7.02199984,7.70100021
India,2010-10-01,8.12100029,6.90600014,7.25699997,7.82999992
India,2010-11-01,8.06599998,7.27600002,7.31799984,7.91599989
India,2010-12-01,7.91300011,7.48999977,7.5079999,7.85300016
India,2011-01-01,8.14799976,7.55499983,7.72100019,8.11999989
India,2011-02-01,7.9920001,7.50400019,7.71199989,8.1079998
India,2011-03-01,7.98500013,7.52899981,7.579,7.99499989
India,2011-04-01,8.13500023,7.90700006,7.95499992,8.23900032
India,2011-05-01,8.41100025,8.29599953,8.27099991,8.48999977
India,2011-06-01,8.32600021,8.11499977,8.19099998,8.3579998
India,2011-07-01,8.45400047,8.37699986,8.36999989,8.44299984
India,2011-08-01,8.31900024,8.26599979,8.23499966,8.34399986
India,2011-09-01,8.44200039,8.27700043,8.35700035,8.41300011
India,2011-10-01,8.87899971,8.67800045,8.64599991,8.84200001
India,2011-11-01,8.73799992,8.56700039,8.5340004,8.72900009
India,2011-12-01,8.57199955,8.1079998,8.12100029,8.46800041
India,2012-01-01,8.26900005,8.22500038,8.11699963,8.27600002
India,2012-02-01,8.20300007,8.65699959,8.20899963,8.32999992
India,2012-03-01,8.5880003,8.10000038,8.31400013,8.57800007
India,2012-04-01,8.67500019,8.20800018,8.21800041,8.42099953
India,2012-05-01,8.37699986,7.98799992,8.02900028,8.28800011
India,2012-06-01,8.39000034,7.94099998,7.86000013,8.1619997
India,2012-07-01,8.24699974,8.01200008,7.92600012,8.18500042
India,2012-08-01,8.24100018,8.04399967,8.01200008,8.23099995
India,2012-09-01,8.15200043,8.00500011,7.81500006,8.18099976
India,2012-10-01,8.21700001,8.06700039,7.84600019,8.18599987
India,2012-11-01,8.17700005,8.08500004,7.82999992,8.16300011
India,2012-12-01,8.04899979,7.9920001,7.8119998,8.02400017
India,2013-01-01,7.91200018,7.79699993,7.74700022,7.98099995
India,2013-02-01,7.87300014,7.89699984,7.76900005,7.93599987
India,2013-03-01,7.96000004,7.92700005,7.74499989,7.96400023
India,2013-04-01,7.73099995,7.63999987,7.44999981,7.55200005
India,2013-05-01,7.44899988,7.37900019,7.32399988,7.37599993
India,2013-06-01,7.44899988,7.57399988,7.58199978,7.6170001
India,2013-07-01,8.17000008,9.95699978,9.12100029,8.8579998
India,2013-08-01,8.60200024,9.54399967,9.27000046,9.34899998
India,2013-09-01,8.76099968,9.29300022,8.65299988,8.84899998
India,2013-10-01,8.63000011,8.45899963,8.35900021,8.54300022
India,2013-11-01,9.06000042,8.70300007,8.47900009,8.66600037
India,2013-12-01,8.82499981,8.92700005,8.56400013,8.93400002
India,2014-01-01,8.78800011,8.82600021,8.6789999,8.91800022
India,2014-02-01,8.86100006,8.87199974,8.65100002,8.97599983
India,2014-03-01,8.81000042,8.59399986,8.4630003,8.86999989
India,2014-04-01,8.82999992,8.62300014,8.68000031,8.80099964
India,2014-05-01,8.64599991,8.30799961,8.5880003,8.54899979
India,2014-06-01,8.74699974,8.5010004,8.34799957,8.64500046
India,2014-07-01,8.72200012,8.62699986,8.48099995,8.45400047
India,2014-08-01,8.56499958,8.68999958,8.50699997,8.62300014
India,2014-09-01,8.51599979,8.64000034,8.47500038,8.55700016
India,2014-10-01,8.27700043,8.39299965,8.21000004,8.27700043
India,2014-11-01,8.08699989,8.32900047,8.07400036,8.13700008
India,2014-12-01,7.85699987,8.28999996,7.97900009,7.9920001
India,2015-01-01,7.69299984,7.93100023,7.78700018,7.67199993
India,2015-02-01,7.72800016,7.95599985,7.76200008,7.77699995
India,2015-03-01,7.73600006,7.87599993,7.83799982,7.74599981
India,2015-04-01,7.86000013,7.92399979,7.88199997,7.88000011
India,2015-05-01,7.81599998,7.78999996,7.76800013,7.84100008
India,2015-06-01,7.86000013,7.6869998,7.82299995,8.06299973
India,2015-07-01,7.80800009,7.59600019,7.84600019,7.9380002
India,2015-08-01,7.78700018,7.44299984,7.72200012,7.91200018
India,2015-09-01,7.54099989,7.24599981,7.47100019,7.62400007
India,2015-10-01,7.64099979,7.19799995,7.40500021,7.68200016
India,2015-11-01,7.78599977,7.24700022,7.43100023,7.84499979
India,2015-12-01,7.7579999,7.33199978,7.43400002,7.73500013
India,2016-01-01,7.78299999,7.23899984,7.27299976,7.62099981
India,2016-02-01,7.62599993,7.30800009,7.43300009,7.73400021
India,2016-03-01,7.46299982,7.04699993,7.22300005,7.52400017
India,2016-04-01,7.4351,7.0189,7.1845,7.4295
India,2016-05-01,7.4724,7.039,7.1142,7.4479
India,2016-06-01,7.441,6.981,7.0244,7.382
India,2016-07-01,7.1624,6.8079,6.8687,7.0438
India,2016-08-01,7.1109,6.7358,6.8293,7.013
India,2016-09-01,6.9462,6.6831,6.7224,6.8599
India,2016-10-01,6.874,6.5865,6.5278,6.7077
India,2016-11-01,6.3634,5.9966,5.988,6.1967
India,2016-12-01,6.6359,6.4089,6.3042,6.5518
India,2017-01-01,6.4069,6.2381,6.2791,6.4916
India,2017-02-01,6.8698,6.33,6.4402,6.7736
India,2017-03-01,6.7198,6.2516,6.4133,6.7481
India,2017-04-01,6.9714,6.5358,6.6464,6.9013
India,2017-05-01,6.7969,6.5118,6.5203,6.8105
India,2017-06-01,6.6759,6.4244,6.3717,6.6045
India,2017-07-01,6.7041,6.3768,6.3028,6.5493
India,2017-08-01,6.7268,6.3469,6.2475,6.4951
India,2017-09-01,6.8263,6.7249,6.2856,6.6058
India,2017-10-01,7.0161,6.4063,6.3404,6.7355
India,2017-11-01,7.1779,6.2719,6.4113,6.8729
India,2017-12-01,7.3346,6.4038,6.6225,7.15
India,2018-01-01,7.6446,6.6795,6.9208,7.4045
India,2018-02-01,7.9337,6.7661,6.9556,7.5383
India,2018-03-01,7.6746,6.6338,6.8451,7.3917
India,2018-04-01,7.966,6.9118,7.3416,7.7874
India,2018-05-01,8.0344,7.1007,7.5662,7.93
India,2018-06-01,8.1576,7.1022,7.5632,8.019
India,2018-07-01,8.078,7.3083,7.4874,7.8984
India,2018-08-01,8.098,7.4304,7.7181,8.0482
India,2018-09-01,8.1685,7.9326,7.8958,8.129
India,2018-10-01,7.914,7.4525,7.5905,7.8097
India,2018-11-01,7.6077,7.106,7.2935,7.499
India,2018-12-01,7.4531,6.8755,7.3868,7.2651
India,2019-01-01,7.4829998,6.8404,6.93499994,7.22200012
India,2019-02-01,7.59100008,6.6438,6.73099995,7.09000015
India,2019-03-01,7.34600019,6.5291,6.51499987,6.93300009
India,2019-04-01,7.41400003,6.6153,6.72200012,7.33599997
India,2019-05-01,7.03200006,6.3088,6.39699984,6.84600019
India,2019-06-01,6.87900019,6.1565,6.29799986,6.76599979
India,2019-07-01,6.36899996,5.9457,6.01900005,6.30100012
India,2019-08-01,6.55600023,5.8006,5.83599997,6.36600018
India,2019-09-01,6.69500017,5.8201,5.79300022,6.46999979
India,2019-10-01,6.75500011,5.398,5.67999983,6.38500023
India,2019-11-01,6.46000004,5.3391,5.52400017,6.25199986
India,2019-12-01,6.5539999,5.5141,5.77600002,6.47700024
India,2020-01-01,6.59899998,5.496,5.671,6.40100002
India,2020-02-01,6.371,5.236,5.49,5.868
India,2020-03-01,6.138,4.897,5.042,5.578
India,2020-04-01,6.11,3.933,4.467,5.15
India,2020-05-01,6.013,3.619,4.274,5.426
India,2020-06-01,5.888,3.732,4.173,5.281
India,2020-07-01,5.837,3.66,4.191,4.988
India,2020-08-01,6.078,3.741,4.464,5.472
India,2020-09-01,6.015,3.708,4.428,5.391
India,2020-10-01,5.881,3.473,4.19,5.165
India,2020-11-01,5.911,3.33,3.918,5.075
India,2020-12-01,5.894,3.762,3.865,5.099
India,2021-01-01,5.949,3.904,4.187,5.297
India,2021-02-01,6.229,4.071,4.715,5.771
India,2021-03-01,6.177,3.926,4.537,5.705
India,2021-04-01,6.03000021,3.8551,4.4266,5.8494
India,2021-05-01,6.024,3.795,4.259,5.593
India,2021-06-01,6.051,4.09,4.593,5.72
India,2021-07-01,6.204,4.041,4.228,5.726
India,2021-08-01,6.215,3.849,4.442,5.651
India,2021-09-01,6.223,4.026,4.699,5.66
India,2021-10-01,6.388,4.107,4.83,5.864
India,2021-11-01,6.326,4.259,4.728,5.693
India,2021-12-01,6.454,4.367,4.996,5.862
India,2022-01-01,6.684,4.486,5.008,6.03
India,2022-02-01,6.77,4.377,4.843,6.047
India,2022-03-01,6.843,4.321,4.972,6.101
India,2022-04-01,7.139,4.814,5.492,6.683
India,2022-05-01,7.415,6.013,6.377,7.21
India,2022-06-01,7.45,6.207,6.528,7.255
India,2022-07-01,7.32,6.347,6.406,7.074
India,2022-08-01,7.188,6.343,6.594,6.986
India,2022-09-01,7.398,6.7,7.086,7.317
India,2022-10-01,7.445,6.814,7.007,7.377
India,2022-11-01,7.28,6.757,6.863,7.13
India,2022-12-01,7.327,6.745,6.955,7.227
India,2023-01-01,7.343,6.771,7.063,7.215
India,2023-02-01,7.457,7.299,7.315,7.438
India,2023-03-01,7.315,7.138,7.048,7.167
India,2023-04-01,7.116,6.905,6.887,7.031
India,2023-05-01,6.989,6.774,6.802,6.916
India,2023-06-01,7.11,6.856,6.944,7.078
India,2023-07-01,7.172,6.897,7.076,7.156
India,2023-08-01,7.166,7.003,7.109,7.156
India,2023-09-01,7.21,6.975,7.256,7.233
India,2023-10-01,7.351,7.331,7.319,7.348
India,2023-11-01,7.279,7.226,7.263,7.289
India,2023-12-01,7.176,7.11,7.08,7.065
India,2024-01-01,7.144,7.096,6.999,7.028
India,2024-02-01,7.078,7.037,7.026,7.059
India,2024-03-01,7.052,6.975,7.026,7.051
India,2024-04-01,7.195,7.059,7.138,7.209
India,2024-05-01,6.986,6.939,6.995,7.054
India,2024-06-01,7.01,6.965,6.969,7.026
Ireland,1998-02-01,5.23799992,5.12,,4.835
Ireland,1998-03-01,5.10200024,4.75,,
Ireland,1998-04-01,5.24100018,5.38,,
Ireland,1998-05-01,5.16900015,5.36,,
Ireland,1998-06-01,5.05499983,5.13,,
Ireland,1998-07-01,4.93100023,4.9,,
Ireland,1998-08-01,4.62799978,4.58,,
Ireland,1998-09-01,4.32200003,4.06,,
Ireland,1998-10-01,4.39900017,3.68,,
Ireland,1998-11-01,4.2579999,3.6,,
Ireland,1998-12-01,3.98699999,3.33,,
Ireland,1999-01-01,3.86800003,,,
Ireland,1999-02-01,4.20499992,,,
Ireland,1999-03-01,4.12699986,2.95099998,,
Ireland,1999-04-01,3.90100002,2.73600006,,
Ireland,1999-05-01,4.33199978,2.7249999,,
Ireland,1999-06-01,4.74300003,3.29099989,,
Ireland,1999-07-01,5.08199978,3.1500001,,
Ireland,1999-08-01,5.20200014,3.32999992,,
Ireland,1999-09-01,5.33799982,3.3829999,,
Ireland,1999-10-01,5.39400005,3.7190001,,
Ireland,1999-11-01,5.39699984,3.67000008,,
Ireland,1999-12-01,5.60099983,3.86999989,,5.15799999
Ireland,2000-01-01,5.78700018,3.91799998,,5.37099981
Ireland,2000-02-01,5.7579999,4.00899982,,5.3210001
Ireland,2000-03-01,5.45599985,4.05700016,,5.11899996
Ireland,2000-04-01,5.51800013,4.29899979,,5.24700022
Ireland,2000-05-01,5.44299984,4.52400017,,5.29400015
Ireland,2000-06-01,5.52199984,5.07399988,,5.32000017
Ireland,2000-07-01,5.46600008,5.2329998,,5.33199978
Ireland,2000-08-01,5.5710001,5.33199978,,5.45300007
Ireland,2000-09-01,5.46899986,5.24599981,,5.29199982
Ireland,2000-10-01,5.45599985,5.32299995,,5.25699997
Ireland,2000-11-01,5.20599985,5.09899998,,4.98999977
Ireland,2000-12-01,5.08400011,4.71299982,,4.67199993
Ireland,2001-01-01,5.01200008,4.52600002,,4.66900015
Ireland,2001-02-01,4.97200012,4.54400015,,4.63100004
Ireland,2001-03-01,4.91099977,4.38000011,,4.48899984
Ireland,2001-04-01,5.25199986,4.78200006,,4.89499998
Ireland,2001-05-01,5.36100006,4.43300009,,4.84399986
Ireland,2001-06-01,5.29899979,4.45100021,,4.71299982
Ireland,2001-07-01,5.06500006,4.64499998,,4.51100016
Ireland,2001-08-01,4.96199989,4.23799992,,4.36100006
Ireland,2001-09-01,4.97300005,5.21299982,,4.12300014
Ireland,2001-10-01,4.51900005,3.17799997,3.453,3.72600007
Ireland,2001-11-01,4.71799994,3.22600007,,3.97799993
Ireland,2001-12-01,5.10900021,3.28500009,,4.329
Ireland,2002-01-01,5.16900015,3.37800002,,4.796
Ireland,2002-02-01,5.21099997,3.43799996,,4.78900003
Ireland,2002-03-01,5.49599981,3.54299998,,5.11999989
Ireland,2002-04-01,5.36499977,3.48000002,,4.90700006
Ireland,2002-05-01,5.40100002,3.56900001,,4.97399998
Ireland,2002-06-01,5.17600012,3.42700005,,4.69299984
Ireland,2002-07-01,4.98199987,3.4690001,,4.41400003
Ireland,2002-08-01,4.80299997,,,4.19199991
Ireland,2002-09-01,4.52699995,,,3.76699996
Ireland,2002-10-01,4.69999981,,,3.89700007
Ireland,2002-11-01,4.63999987,,,3.89199996
Ireland,2002-12-01,4.30499983,,,3.46799994
Ireland,2003-01-01,4.18599987,,,3.30999994
Ireland,2003-02-01,3.97099996,,,2.99000001
Ireland,2003-03-01,4.10400009,,,3.15799999
Ireland,2003-04-01,4.13000011,,,3.15199995
Ireland,2003-05-01,3.77399993,,,2.77800012
Ireland,2003-06-01,3.852,,,2.83100009
Ireland,2003-07-01,4.19799995,,,3.27200007
Ireland,2003-08-01,4.19899988,,,3.35899997
Ireland,2003-09-01,3.99300003,,,2.9920001
Ireland,2003-10-01,4.32700014,,,3.42199993
Ireland,2003-11-01,4.44199991,,,3.55100012
Ireland,2003-12-01,4.26100016,,,3.28999996
Ireland,2004-01-01,4.21000004,,,3.18000007
Ireland,2004-02-01,4.0,,,2.8599999
Ireland,2004-03-01,3.89100003,,,2.70799994
Ireland,2004-04-01,4.13000011,,,3.023
Ireland,2004-05-01,4.30499983,,,3.19499993
Ireland,2004-06-01,4.23400021,,,3.19199991
Ireland,2004-07-01,4.13199997,,,3.06999993
Ireland,2004-08-01,3.96300006,,,3.24900007
Ireland,2004-09-01,,,,3.24900007
Ireland,2004-10-01,,,,3.08400011
Ireland,2004-11-01,,,,2.954
Ireland,2004-12-01,,,,2.93799996
Ireland,2005-01-01,,,,2.83400011
Ireland,2005-02-01,,,,2.9920001
Ireland,2005-03-01,,,,2.898
Ireland,2005-04-01,,,,2.63800001
Ireland,2005-05-01,,,,2.48399997
Ireland,2005-06-01,,,,2.32800007
Ireland,2005-07-01,,,,2.50399995
Ireland,2005-08-01,,,,2.4059999
Ireland,2005-09-01,,,,2.579
Ireland,2005-10-01,,,,2.83100009
Ireland,2005-11-01,,,,2.94199991
Ireland,2005-12-01,3.30100012,,2.847,2.96000004
Ireland,2006-01-01,3.48099995,,2.954,
Ireland,2006-02-01,3.4920001,,3.02,
Ireland,2006-03-01,3.7980001,,3.283,
Ireland,2006-04-01,3.954,,3.323,
Ireland,2006-05-01,3.9690001,,3.349,
Ireland,2006-06-01,4.05299997,,3.467,
Ireland,2006-07-01,3.91499996,,3.454,
Ireland,2006-08-01,3.76099992,,3.532,
Ireland,2006-09-01,3.70900011,,3.626,
Ireland,2006-10-01,3.74499989,3.72099996,3.729,
Ireland,2006-11-01,3.68199992,3.7190001,,
Ireland,2006-12-01,3.97000003,3.9000001,,
Ireland,2007-01-01,4.10900021,3.9059999,,
Ireland,2007-02-01,3.96099997,3.8599999,,
Ireland,2007-03-01,4.08599997,3.95499992,,
Ireland,2007-04-01,4.16699982,4.00199986,,
Ireland,2007-05-01,4.4369998,4.11000013,,
Ireland,2007-06-01,4.5999999,4.1420002,,
Ireland,2007-07-01,4.42399979,4.16300011,,
Ireland,2007-08-01,4.33900023,4.32700014,,
Ireland,2007-09-01,4.41900015,4.29400015,,
Ireland,2007-10-01,4.40399981,4.1960001,,4.22900009
Ireland,2007-11-01,4.39400005,3.95499992,,4.09299994
Ireland,2007-12-01,4.5,4.03999996,,4.2420001
Ireland,2008-01-01,4.16300011,3.6500001,,3.72799993
Ireland,2008-02-01,4.13700008,3.55900002,,3.53800011
Ireland,2008-03-01,4.28700018,3.875,,3.85800004
Ireland,2008-04-01,4.55000019,4.12099981,,4.12099981
Ireland,2008-05-01,4.79699993,4.43100023,,4.48899984
Ireland,2008-06-01,5.07000017,4.6880002,,4.88800001
Ireland,2008-07-01,4.70499992,4.53299999,,4.50199986
Ireland,2008-08-01,4.63700008,4.51499987,,4.35599995
Ireland,2008-09-01,4.69000006,4.05999994,,4.13700008
Ireland,2008-10-01,4.98099995,,,3.93799996
Ireland,2008-11-01,4.31400013,,,3.56900001
Ireland,2008-12-01,4.4380002,,,3.54099989
Ireland,2009-01-01,5.57600021,,,4.71400023
Ireland,2009-02-01,5.70699978,,,4.80900002
Ireland,2009-03-01,5.46799994,,3.379,4.53000021
Ireland,2009-04-01,5.2420001,,2.945,4.15799999
Ireland,2009-05-01,5.4380002,,2.535,4.09399986
Ireland,2009-06-01,5.71400023,,2.364,3.99499989
Ireland,2009-07-01,4.96199989,,2.151,3.43700004
Ireland,2009-08-01,4.80600023,,2.049,3.34699988
Ireland,2009-09-01,4.71600008,,1.693,3.10599995
Ireland,2009-10-01,4.71199989,,1.733,3.14100003
Ireland,2009-11-01,4.83900023,,1.864,3.31599998
Ireland,2009-12-01,4.87699986,,1.954,3.33999991
Ireland,2010-01-01,4.75500011,,2.062,3.41700006
Ireland,2010-02-01,4.54500008,,1.443,2.98600006
Ireland,2010-03-01,4.5,,1.667,2.87599993
Ireland,2010-04-01,5.18499994,,3.111,3.73699999
Ireland,2010-05-01,4.90199995,,2.441,3.296
Ireland,2010-06-01,5.55000019,,2.802,3.94499993
Ireland,2010-07-01,5.07600021,,2.363,3.24699998
Ireland,2010-08-01,5.75199986,,3.674,4.33199978
Ireland,2010-09-01,6.75299978,,4.424,5.39499998
Ireland,2010-10-01,7.01599979,,4.08,5.39499998
Ireland,2010-11-01,9.60000038,,6.767,8.60599995
Ireland,2010-12-01,9.22999954,,5.538,7.57299995
Ireland,2011-01-01,9.15600014,,5.192,7.84299994
Ireland,2011-02-01,9.38899994,4.34000015,5.401,9.14500046
Ireland,2011-03-01,10.34899998,7.42700005,9.92,11.07400036
Ireland,2011-04-01,10.70100021,9.58399963,11.921,12.13899994
Ireland,2011-05-01,11.09399986,8.30099964,11.636,12.16300011
Ireland,2011-06-01,11.81299973,8.1239996,13.814,13.5340004
Ireland,2011-07-01,11.0340004,9.81499958,14.433,11.89400005
Ireland,2011-08-01,8.68599987,10.46100044,8.258,8.05099964
Ireland,2011-09-01,7.82499981,6.53800011,7.628,6.8039999
Ireland,2011-10-01,8.27999973,7.66900015,9.046,7.921
Ireland,2011-11-01,9.43599987,6.27799988,10.014,9.62300014
Ireland,2011-12-01,8.52200031,,8.137,7.78999996
Ireland,2012-01-01,7.25600004,,5.315,5.89300013
Ireland,2012-02-01,6.99800014,,5.497,5.28100014
Ireland,2012-03-01,6.94399977,5.02699995,5.141,5.25299978
Ireland,2012-04-01,6.89900017,4.51999998,5.201,5.3829999
Ireland,2012-05-01,7.41699982,5.84200001,7.693,7.49499989
Ireland,2012-06-01,6.40999985,4.51499987,5.153,5.28599977
Ireland,2012-07-01,6.07999992,2.78800011,3.463,5.09499979
Ireland,2012-08-01,5.95499992,1.852,2.612,4.59299994
Ireland,2012-09-01,5.29300022,1.54299998,2.269,3.88000011
Ireland,2012-10-01,4.85400009,1.86300004,1.992,3.58899999
Ireland,2012-11-01,4.51200008,1.44099998,1.897,3.22199988
Ireland,2012-12-01,4.53299999,1.51300001,2.003,3.41199994
Ireland,2013-01-01,4.10400009,2.01300001,1.27,3.08400011
Ireland,2013-02-01,3.77800012,0.96200001,1.426,2.84899998
Ireland,2013-03-01,4.24300003,0.94999999,1.24,2.93600011
Ireland,2013-04-01,3.54900002,0.65499997,0.918,2.329
Ireland,2013-05-01,3.7420001,0.428,0.095,2.3599999
Ireland,2013-06-01,4.12599993,0.56199998,1.28,2.90700006
Ireland,2013-07-01,3.9000001,0.47499999,0.766,2.60800004
Ireland,2013-08-01,4.20300007,0.32600001,1.066,2.83500004
Ireland,2013-09-01,3.89400005,0.74900001,1.676,2.86599994
Ireland,2013-10-01,3.50399995,0.32100001,1.254,2.44400001
Ireland,2013-11-01,3.54399991,0.169,1.018,2.204
Ireland,2013-12-01,3.46600008,0.23800001,0.93,2.09699988
Ireland,2014-01-01,3.31100011,0.58700001,0.851,1.73099995
Ireland,2014-02-01,3.11400008,0.34299999,0.616,1.51100004
Ireland,2014-03-01,3.01600003,0.35499999,0.607,1.64999998
Ireland,2014-04-01,2.81900001,0.32100001,0.448,1.33700001
Ireland,2014-05-01,2.61599994,0.34999999,0.47,1.22300005
Ireland,2014-06-01,2.36299992,0.123,0.263,0.898
Ireland,2014-07-01,2.22300005,0.071,0.069,0.83200002
Ireland,2014-08-01,1.78699994,0.069,0.045,0.63999999
Ireland,2014-09-01,1.66600001,0.155,0.076,0.463
Ireland,2014-10-01,1.73300004,0.22400001,0.1,0.57200003
Ireland,2014-11-01,1.38900006,0.191,0.057,0.42699999
Ireland,2014-12-01,1.24300003,0.083,0.033,0.40599999
Ireland,2015-01-01,1.14300001,0.066,0.155,0.51200002
Ireland,2015-02-01,0.87599999,0.047,0.057,0.303
Ireland,2015-03-01,0.75700003,0.109,-0.021,0.235
Ireland,2015-04-01,0.92699999,0.022,-0.051,0.317
Ireland,2015-05-01,1.17999995,0.092,-0.073,0.41999999
Ireland,2015-06-01,1.64199996,0.18799999,0.177,0.648
Ireland,2015-07-01,1.20700002,0.039,-0.014,0.32300001
Ireland,2015-08-01,1.45099998,-0.068,0.014,0.44600001
Ireland,2015-09-01,1.23899996,-0.07,-0.164,0.25799999
Ireland,2015-10-01,1.12100005,-0.08,-0.167,0.19400001
Ireland,2015-11-01,1.0,-0.18099999,-0.184,0.033
Ireland,2015-12-01,1.14699996,-0.026,-0.1824,0.15099999
Ireland,2016-01-01,0.84399998,-0.045,-0.3305,-0.034
Ireland,2016-02-01,0.80500001,0.139,-0.2779,-0.012
Ireland,2016-03-01,0.636,-0.353,-0.268,-0.054
Ireland,2016-04-01,0.8751,-0.3242,-0.2886,-0.0452
Ireland,2016-05-01,0.68,-0.3029,-0.2529,-0.1436
Ireland,2016-06-01,0.4847,-0.3351,-0.3003,-0.187
Ireland,2016-07-01,0.4168,-0.4157,-0.4325,-0.3386
Ireland,2016-08-01,0.4254,-0.3766,-0.3966,-0.3449
Ireland,2016-09-01,0.3308,-0.4369,-0.4235,-0.4106
Ireland,2016-10-01,0.6493,-0.3997,-0.3851,-0.0702
Ireland,2016-11-01,0.8803,-0.5016,-0.4539,-0.015
Ireland,2016-12-01,0.7594,-0.5506,-0.5649,-0.1193
Ireland,2017-01-01,1.1783,-0.4436,-0.3842,0.1403
Ireland,2017-02-01,0.8876,-0.4468,-0.4163,-0.0504
Ireland,2017-03-01,0.9968,-0.3306,-0.3348,0.0481
Ireland,2017-04-01,0.8565,-0.421,-0.4347,-0.0343
Ireland,2017-05-01,0.7749,-0.4228,-0.484,-0.1191
Ireland,2017-06-01,0.8763,-0.3651,-0.3281,0.0137
Ireland,2017-07-01,0.8366,-0.4532,-0.4779,-0.0157
Ireland,2017-08-01,0.6896,-0.4548,-0.5187,-0.1629
Ireland,2017-09-01,0.7406,-0.4848,-0.5098,-0.1453
Ireland,2017-10-01,0.5759,-0.597,-0.5569,-0.0702
Ireland,2017-11-01,0.5828,-0.5458,-0.5582,-0.0716
Ireland,2017-12-01,0.6801,-0.4774,-0.4541,0.0414
Ireland,2018-01-01,1.1385,-0.436,-0.3549,0.2016
Ireland,2018-02-01,1.0854,-0.5421,-0.4248,0.1478
Ireland,2018-03-01,0.9072,-0.5208,-0.4877,0.0155
Ireland,2018-04-01,0.9653,-0.4567,-0.4379,0.0684
Ireland,2018-05-01,0.9506,-0.4143,-0.4934,-0.0086
Ireland,2018-06-01,0.8163,-0.3102,-0.5244,-0.1193
Ireland,2018-07-01,0.9001,-0.3656,-0.4376,-0.0321
Ireland,2018-08-01,0.8579,-0.4167,-0.4719,-0.0753
Ireland,2018-09-01,0.9883,-0.5078,-0.4107,0.0247
Ireland,2018-10-01,0.9572,-0.4454,-0.4469,-0.0278
Ireland,2018-11-01,0.9129,-0.4927,-0.4779,-0.0003
Ireland,2018-12-01,0.9016,-0.5819,-0.4693,-0.0843
Ireland,2019-01-01,0.87699997,-0.4804,-0.4253,0.0605
Ireland,2019-02-01,0.81900001,-0.4348,-0.4082,0.0505
Ireland,2019-03-01,0.574,-0.52130002,-0.5008,-0.1045
Ireland,2019-04-01,0.55800003,-0.3723,-0.4425,-0.1166
Ireland,2019-05-01,0.43099999,-0.41339999,-0.5086,-0.2087
Ireland,2019-06-01,0.176,-0.50599998,-0.5797,-0.35699999
Ireland,2019-07-01,0.098,-0.4743,-0.5763,-0.3655
Ireland,2019-08-01,-0.08,-0.57660002,-0.6812,-0.54909998
Ireland,2019-09-01,-0.031,-0.47620001,-0.5295,-0.46180001
Ireland,2019-10-01,-0.005,-0.60699999,-0.518,-0.4075
Ireland,2019-11-01,0.0445,-0.46000001,-0.4581,-0.361
Ireland,2019-12-01,0.104,-0.55849999,-0.4316,-0.32249999
Ireland,2020-01-01,-0.15549999,-0.63249999,-0.5258,-0.40650001
Ireland,2020-02-01,-0.153,-0.5349,-0.5412,-0.434
Ireland,2020-03-01,0.093,-0.2124,-0.4576,-0.1329
Ireland,2020-04-01,0.09,-0.2564,-0.3762,-0.2057
Ireland,2020-05-01,0.111,-0.2416,-0.3108,-0.1868
Ireland,2020-06-01,0.014,-0.392,-0.4097,-0.36
Ireland,2020-07-01,-0.106,0.0213,-0.4827,-0.4559
Ireland,2020-08-01,-0.033,0.7465,-0.3376,-0.3819
Ireland,2020-09-01,-0.14,0.8408,-0.408,-0.4842
Ireland,2020-10-01,-0.253,-0.5251,-0.621,-0.6124
Ireland,2020-11-01,-0.251,-0.4948,-0.635,-0.5554
Ireland,2020-12-01,-0.304,-0.6756,-0.687,-0.5611
Ireland,2021-01-01,-0.191,-0.4701,-0.5874,-0.543
Ireland,2021-02-01,0.084,-0.3355,-0.4561,-0.386
Ireland,2021-03-01,0.076,-0.3454,-0.5194,-0.45
Ireland,2021-04-01,0.184,-0.5418,-0.5789,-0.3839
Ireland,2021-05-01,0.213,-0.5699,-0.5757,-0.34
Ireland,2021-06-01,0.177,-0.6111,-0.5796,-0.387
Ireland,2021-07-01,-0.041,-0.646,-0.6635,-0.579
Ireland,2021-08-01,0.032,-0.597,-0.657,-0.522
Ireland,2021-09-01,0.2,-0.474,-0.6299,-0.425
Ireland,2021-10-01,0.316,-0.547,-0.4938,-0.246
Ireland,2021-11-01,0.105,-0.511,-0.5874,-0.464
Ireland,2021-12-01,0.249,-0.469,-0.554,-0.216
Ireland,2022-01-01,0.524,-0.4991,-0.4091,-0.012
Ireland,2022-02-01,0.746,-0.5206,-0.4232,0.088
Ireland,2022-03-01,1.082,-0.3235,0.0257,0.601
Ireland,2022-04-01,1.619,-0.0264,0.3209,0.806
Ireland,2022-05-01,1.716,-0.0334,0.44,1.027
Ireland,2022-06-01,2.035,0.2941,0.6997,1.4
Ireland,2022-07-01,1.47,0.2655,0.4011,0.818
Ireland,2022-08-01,2.22,0.4908,1.1753,1.709
Ireland,2022-09-01,2.709,1.0726,1.8514,2.236
Ireland,2022-10-01,2.627,1.5556,2.1277,2.259
Ireland,2022-11-01,2.357,1.8774,2.0188,2.193
Ireland,2022-12-01,3.127,2.2106,2.729,2.872
Ireland,2023-01-01,2.735,2.6007,2.6395,2.564
Ireland,2023-02-01,3.114,3.1289,3.0882,2.998
Ireland,2023-03-01,2.743,3.081,2.6366,2.65
Ireland,2023-04-01,2.715,3.0476,2.7746,2.591
Ireland,2023-05-01,2.745,3.0745,2.8417,2.624
Ireland,2023-06-01,2.838,3.349,3.2404,2.878
Ireland,2023-07-01,2.903,3.4637,3.1741,2.868
Ireland,2023-08-01,2.862,3.5701,3.1395,2.804
Ireland,2023-09-01,3.28,3.6446,3.3906,3.145
Ireland,2023-10-01,3.284,3.4246,3.2516,3.023
Ireland,2023-11-01,2.849,3.3023,2.9913,2.71
Ireland,2023-12-01,2.401,3.727,2.9457,2.18
Ireland,2024-01-01,2.611,3.1195,2.438,2.366
Ireland,2024-02-01,2.85,3.489,2.902,2.682
Ireland,2024-03-01,2.757,3.578,2.835,2.576
Ireland,2024-04-01,2.984,3.7083,3.093,2.857
Ireland,2024-05-01,3.041,3.6958,3.198,2.946
Ireland,2024-06-01,2.971,3.6743,3.005,2.789
Italy,1988-11-01,,,,11.56000042
Italy,1988-12-01,,,,11.67300034
Italy,1989-01-01,,,,11.88300037
Italy,1989-02-01,,,,12.18000031
Italy,1989-03-01,,,,12.21399975
Italy,1989-04-01,,,,12.19799995
Italy,1989-05-01,,,,12.30200005
Italy,1989-06-01,,,,12.43700027
Italy,1989-07-01,,,13.92399979,13.81799984
Italy,1989-08-01,,,13.92399979,13.88700008
Italy,1989-09-01,,,13.89700031,13.8409996
Italy,1989-10-01,,,14.15400028,14.09799957
Italy,1989-11-01,,,14.22200012,14.14099979
Italy,1989-12-01,,,14.09799957,13.93599987
Italy,1990-01-01,,,14.14500046,14.24800014
Italy,1990-02-01,,,14.16300011,14.23499966
Italy,1990-03-01,,,13.81200027,14.16899967
Italy,1990-04-01,,,13.68900013,13.7159996
Italy,1990-05-01,,,13.1260004,13.13399982
Italy,1990-06-01,,,12.95899963,12.99699974
Italy,1990-07-01,,,12.89500046,12.84500027
Italy,1990-08-01,,,13.48200035,13.61600018
Italy,1990-09-01,,,13.0539999,12.91100025
Italy,1990-10-01,,,12.97999954,13.08500004
Italy,1990-11-01,,,13.53999996,13.84399986
Italy,1990-12-01,,,13.65799999,13.85999966
Italy,1991-01-01,,,13.6260004,13.76900005
Italy,1991-02-01,,,13.42000008,13.58699989
Italy,1991-03-01,,,13.0539999,13.68000031
Italy,1991-04-01,,,12.94099998,13.31999969
Italy,1991-05-01,,,12.29500008,12.75
Italy,1991-06-01,,,12.96500015,13.39000034
Italy,1991-07-01,,,13.47999954,13.61999989
Italy,1991-08-01,,,13.20699978,
Italy,1991-09-01,,,12.86900043,
Italy,1991-10-01,,,12.61699963,
Italy,1991-11-01,,,13.0340004,13.05000019
Italy,1991-12-01,,,12.98600006,
Italy,1992-01-01,,,12.65400028,
Italy,1992-02-01,,,12.62800026,
Italy,1992-03-01,,,12.84200001,12.86999989
Italy,1992-04-01,,,12.8210001,12.86999989
Italy,1992-05-01,,,12.96500015,12.94999981
Italy,1992-06-01,,,14.16600037,13.78999996
Italy,1992-07-01,,,15.87199974,15.03999996
Italy,1992-08-01,,,15.0710001,14.89999962
Italy,1992-09-01,,,15.54899979,15.07999992
Italy,1992-10-01,,,14.68200016,13.97000027
Italy,1992-11-01,,,14.15400028,13.78999996
Italy,1992-12-01,,,13.80700016,13.68000031
Italy,1993-01-01,,,13.04100037,13.14999962
Italy,1993-02-01,,,12.7670002,12.93999958
Italy,1993-03-01,,,13.48099995,13.47999954
Italy,1993-04-01,,,12.84500027,12.78999996
Italy,1993-05-01,,,12.10700035,12.03999996
Italy,1993-06-01,,,10.61299992,10.80000019
Italy,1993-07-01,,,10.25,10.39000034
Italy,1993-08-01,,,9.31499958,8.90999985
Italy,1993-09-01,,,9.36200047,8.86999989
Italy,1993-10-01,,,9.06799984,8.81999969
Italy,1993-11-01,,,9.93299961,9.35999966
Italy,1993-12-01,,,8.73799992,8.77999973
Italy,1994-01-01,,,8.63399982,8.18999958
Italy,1994-02-01,,,9.18900013,9.18000031
Italy,1994-03-01,,,8.92599964,8.90999985
Italy,1994-04-01,,,8.91300011,9.03999996
Italy,1994-05-01,,,9.27099991,9.68999958
Italy,1994-06-01,,,10.09000015,10.44999981
Italy,1994-07-01,,,10.39099979,10.84000015
Italy,1994-08-01,,,11.33399963,11.93999958
Italy,1994-09-01,,,10.92700005,11.69999981
Italy,1994-10-01,,,10.93900013,12.09000015
Italy,1994-11-01,,,10.88599968,11.97999954
Italy,1994-12-01,,,11.35400009,12.39999962
Italy,1995-01-01,,,11.04500008,12.26000023
Italy,1995-02-01,,,11.32499981,12.90999985
Italy,1995-03-01,,,11.31000042,13.36999989
Italy,1995-04-01,,,,12.84000015
Italy,1995-05-01,,,,11.93999958
Italy,1995-06-01,,,,12.47000027
Italy,1995-07-01,,,,11.88000011
Italy,1995-08-01,,,,11.52999973
Italy,1995-09-01,,,,11.53999996
Italy,1995-10-01,,,,11.44999981
Italy,1995-11-01,,,,11.13000011
Italy,1995-12-01,,,10.33899975,10.51000023
Italy,1996-01-01,,,9.39700031,9.64000034
Italy,1996-02-01,,,9.56799984,9.86999989
Italy,1996-03-01,,,9.97200012,10.35999966
Italy,1996-04-01,,,9.74499989,9.22000027
Italy,1996-05-01,,,,9.06000042
Italy,1996-06-01,,,,8.80000019
Italy,1996-07-01,,,,8.92000008
Italy,1996-08-01,,,8.34599972,8.94999981
Italy,1996-09-01,,,7.65799999,8.07999992
Italy,1996-10-01,,,6.61999989,7.3499999
Italy,1996-11-01,,,6.36100006,6.82000017
Italy,1996-12-01,,,6.31699991,6.63000011
Italy,1997-01-01,,,6.20800018,6.53999996
Italy,1997-02-01,,,6.77899981,7.0999999
Italy,1997-03-01,,,7.36600018,7.61000013
Italy,1997-04-01,,,6.74100018,7.09000015
Italy,1997-05-01,,,6.61299992,6.88999987
Italy,1997-06-01,,,6.07600021,6.25
Italy,1997-07-01,,,5.96400023,6.05000019
Italy,1997-08-01,,,6.16400003,6.26999998
Italy,1997-09-01,,,5.21899986,5.6500001
Italy,1997-10-01,,,5.40100002,5.76000023
Italy,1997-11-01,,,4.99499989,5.5
Italy,1997-12-01,,,4.71199989,5.1500001
Italy,1998-01-01,,,4.8130002,5.05000019
Italy,1998-02-01,,,4.69899988,4.94999981
Italy,1998-03-01,,,4.49599981,4.78999996
Italy,1998-04-01,,,4.65100002,4.90999985
Italy,1998-05-01,,,4.52400017,4.80999994
Italy,1998-06-01,,,4.46400023,4.73000002
Italy,1998-07-01,,,4.36100006,4.61000013
Italy,1998-08-01,,,4.171,4.36000013
Italy,1998-09-01,,,3.85899997,3.98000002
Italy,1998-10-01,,,3.66700006,3.97000003
Italy,1998-11-01,,,3.48699999,3.69000006
Italy,1998-12-01,,,3.20600009,3.38000011
Italy,1999-01-01,3.88800001,,2.98099995,3.28299999
Italy,1999-02-01,4.23000002,,3.21199989,3.5999999
Italy,1999-03-01,4.24100018,,3.03399992,3.45300007
Italy,1999-04-01,4.0619998,,2.81200004,3.24099994
Italy,1999-05-01,4.40299988,,2.89499998,3.4749999
Italy,1999-06-01,4.80600023,,3.26999998,4.05999994
Italy,1999-07-01,5.03800011,,3.46199989,4.38399982
Italy,1999-08-01,5.16300011,,3.72199988,4.5079999
Italy,1999-09-01,5.34800005,,3.88000011,4.68900013
Italy,1999-10-01,5.41599989,,4.17600012,4.9369998
Italy,1999-11-01,5.36499977,,4.16699982,4.90600014
Italy,1999-12-01,5.62699986,,4.32200003,5.0630002
Italy,2000-01-01,5.78399992,,4.48699999,5.329
Italy,2000-02-01,5.77400017,,4.70200014,5.38800001
Italy,2000-03-01,5.52099991,,4.6500001,5.17399979
Italy,2000-04-01,5.58199978,,4.82800007,5.30700016
Italy,2000-05-01,5.52600002,,5.21099997,5.43900013
Italy,2000-06-01,5.56699991,,5.16200018,5.38800001
Italy,2000-07-01,5.55499983,,5.31599998,5.45200014
Italy,2000-08-01,5.65399981,,5.42000008,5.57299995
Italy,2000-09-01,5.60200024,,5.28000021,5.42799997
Italy,2000-10-01,5.59399986,,5.31500006,5.41400003
Italy,2000-11-01,5.38199997,,5.05999994,5.17600012
Italy,2000-12-01,5.24800014,,4.65700006,4.86999989
Italy,2001-01-01,5.17799997,,4.49100018,4.76100016
Italy,2001-02-01,5.15899992,,4.51900005,4.73899984
Italy,2001-03-01,5.1079998,,4.29400015,4.63100004
Italy,2001-04-01,5.40999985,,4.78999996,5.04500008
Italy,2001-05-01,5.53000021,,4.52600002,4.97200012
Italy,2001-06-01,5.4920001,,4.42299986,4.87099981
Italy,2001-07-01,5.26399994,,4.25199986,4.66300011
Italy,2001-08-01,5.1420002,,4.02799988,4.45300007
Italy,2001-09-01,5.12900019,,3.70700002,4.23899984
Italy,2001-10-01,4.71899986,,3.29399991,3.87599993
Italy,2001-11-01,4.88700008,,3.50300002,4.11600018
Italy,2001-12-01,5.24100018,,3.70000005,4.49700022
Italy,2002-01-01,5.18599987,,4.08799982,4.73999977
Italy,2002-02-01,5.21400023,,4.05200005,4.71000004
Italy,2002-03-01,5.5,,4.40999985,5.09700012
Italy,2002-04-01,5.37699986,,4.16099977,4.87300014
Italy,2002-05-01,5.41300011,,4.30800009,4.96000004
Italy,2002-06-01,5.19999981,,3.977,4.64799976
Italy,2002-07-01,4.99700022,,3.60800004,4.35599995
Italy,2002-08-01,4.78100014,,3.43199992,4.123
Italy,2002-09-01,4.49800014,,3.0309999,3.708
Italy,2002-10-01,4.74100018,,3.08299994,3.795
Italy,2002-11-01,4.69700003,,3.03399992,3.808
Italy,2002-12-01,4.41800022,,2.74399996,3.507
Italy,2003-01-01,4.27600002,,2.61999989,3.385
Italy,2003-02-01,4.12799978,,2.33699989,3.09
Italy,2003-03-01,4.204,,2.60899997,3.284
Italy,2003-04-01,4.21099997,,2.56599998,3.275
Italy,2003-05-01,3.83100009,,2.23399997,2.87
Italy,2003-06-01,3.96600008,,2.21199989,2.941
Italy,2003-07-01,4.35200024,,2.57200003,3.421
Italy,2003-08-01,4.30600023,,2.68799996,3.449
Italy,2003-09-01,4.15299988,,2.27999997,3.103
Italy,2003-10-01,4.43200016,,2.63899994,3.679
Italy,2003-11-01,4.57600021,,2.76600003,3.837
Italy,2003-12-01,4.43200016,,2.45799994,3.589
Italy,2004-01-01,4.36999989,,2.56800008,3.486
Italy,2004-02-01,4.21000004,,2.24799991,3.186
Italy,2004-03-01,4.19000006,,2.11199999,3.026
Italy,2004-04-01,4.44999981,,2.4000001,3.344
Italy,2004-05-01,4.51000023,,2.56800008,3.536
Italy,2004-06-01,4.53999996,,2.84599996,3.518
Italy,2004-07-01,4.44999981,,2.75500011,3.398
Italy,2004-08-01,4.25,,2.53399992,3.31
Italy,2004-09-01,4.15700006,,2.59899998,3.304
Italy,2004-10-01,4.02899981,,2.45499992,3.126
Italy,2004-11-01,3.95600009,,2.38599992,3.005
Italy,2004-12-01,3.84100008,,2.46099997,2.999
Italy,2005-01-01,3.65700006,,2.42000008,2.879
Italy,2005-02-01,3.81500006,,2.51099992,3.035
Italy,2005-03-01,3.80100012,,2.44899988,3.063
Italy,2005-04-01,3.56999993,,2.25500011,2.832
Italy,2005-05-01,3.546,,2.11500001,2.691
Italy,2005-06-01,3.40100002,,2.02200007,2.546
Italy,2005-07-01,3.43400002,,2.21799994,2.694
Italy,2005-08-01,3.35400009,,2.16700006,2.65
Italy,2005-09-01,3.3599999,,2.28999996,2.791
Italy,2005-10-01,3.61199999,,2.66199994,3.049
Italy,2005-11-01,3.63599992,,2.81699991,3.154
Italy,2005-12-01,3.52900004,,2.88899994,3.135
Italy,2006-01-01,3.6960001,,2.97199988,3.281
Italy,2006-02-01,3.7349999,,3.14100003,3.341
Italy,2006-03-01,4.08400011,,3.42400002,3.644
Italy,2006-04-01,4.28700018,,3.49300003,3.872
Italy,2006-05-01,4.24800014,,3.49300003,3.842
Italy,2006-06-01,4.36100006,,3.62700009,3.973
Italy,2006-07-01,4.21099997,,3.56200004,3.831
Italy,2006-08-01,4.03700018,,3.55900002,3.702
Italy,2006-09-01,3.94899988,,3.63800001,3.733
Italy,2006-10-01,4.046,,3.74000001,3.789
Italy,2006-11-01,3.96000004,,3.68400002,3.746
Italy,2006-12-01,4.21700001,,3.94300008,4.032
Italy,2007-01-01,4.32999992,,4.01000023,4.113
Italy,2007-02-01,4.16499996,,3.93700004,3.991
Italy,2007-03-01,4.28900003,,4.0630002,4.108
Italy,2007-04-01,4.44500017,,4.15600014,4.208
Italy,2007-05-01,4.60099983,,4.44399977,4.506
Italy,2007-06-01,4.78499985,,4.51800013,4.642
Italy,2007-07-01,4.65600014,,4.41499996,4.511
Italy,2007-08-01,4.51000023,,4.18599987,4.32
Italy,2007-09-01,4.62599993,,4.19999981,4.322
Italy,2007-10-01,4.44999981,,4.21899986,4.348
Italy,2007-11-01,4.43900013,,4.02899981,4.186
Italy,2007-12-01,4.5630002,,4.11399984,4.353
Italy,2008-01-01,4.38999987,,3.60400009,3.829
Italy,2008-02-01,4.41099977,,3.51600003,3.714
Italy,2008-03-01,4.41900015,,3.81500006,4.024
Italy,2008-04-01,4.56699991,,4.07200003,4.208
Italy,2008-05-01,4.86600018,,4.51100016,4.65
Italy,2008-06-01,5.22700024,,4.95599985,5.089
Italy,2008-07-01,4.96099997,,4.55200005,4.758
Italy,2008-08-01,4.82299995,,4.41200018,4.616
Italy,2008-09-01,4.87699986,,4.05100012,4.507
Italy,2008-10-01,5.14099979,,3.6099999,4.289
Italy,2008-11-01,4.46700001,,3.21099997,3.96
Italy,2008-12-01,4.37900019,,3.079,3.706
Italy,2009-01-01,4.70699978,,2.39400005,3.447
Italy,2009-02-01,4.66499996,,2.16899991,3.429
Italy,2009-03-01,4.38999987,,1.89900005,3.071
Italy,2009-04-01,4.25500011,,1.79200006,3.216
Italy,2009-05-01,4.57600021,,1.66999996,3.513
Italy,2009-06-01,4.4380002,,1.57099998,3.264
Italy,2009-07-01,4.15999985,,1.36300004,2.968
Italy,2009-08-01,4.07399988,,1.26800001,2.998
Italy,2009-09-01,4.02199984,,1.49699998,2.875
Italy,2009-10-01,3.93799996,,1.52499998,2.816
Italy,2009-11-01,4.02899981,,1.597,2.758
Italy,2009-12-01,4.13999987,,1.574,2.862
Italy,2010-01-01,4.10699987,,1.93299997,3.035
Italy,2010-02-01,4.0,,1.40999997,2.771
Italy,2010-03-01,3.875,,1.34500003,2.617
Italy,2010-04-01,4.04300022,,1.81299996,2.817
Italy,2010-05-01,4.16900015,,2.296,2.979
Italy,2010-06-01,4.10200024,,2.13700008,2.932
Italy,2010-07-01,3.96600008,,1.78199995,2.685
Italy,2010-08-01,3.77099991,,1.755,2.599
Italy,2010-09-01,3.86299992,,1.954,2.829
Italy,2010-10-01,3.89599991,,1.92299998,2.858
Italy,2010-11-01,4.70900011,,2.96300006,3.716
Italy,2010-12-01,4.84000015,,2.90700006,3.77
Italy,2011-01-01,4.72800016,,2.57999992,3.834
Italy,2011-02-01,4.86399984,,2.50900006,3.9
Italy,2011-03-01,4.84200001,,2.91799998,3.886
Italy,2011-04-01,4.74399996,,3.03699994,3.982
Italy,2011-05-01,4.79300022,,3.02699995,4.01
Italy,2011-06-01,4.87900019,,3.06500006,4.146
Italy,2011-07-01,5.88899994,,4.61299992,5.297
Italy,2011-08-01,5.13399982,,3.51300001,4.291
Italy,2011-09-01,5.55000019,,4.38399982,4.975
Italy,2011-10-01,6.12900019,,5.18499994,5.912
Italy,2011-11-01,7.08300018,,7.22800016,7.619
Italy,2011-12-01,7.03499985,,4.95800018,6.157
Italy,2012-01-01,5.96799994,,3.6789999,4.741
Italy,2012-02-01,5.19199991,,2.26999998,3.794
Italy,2012-03-01,5.11999989,,3.09299994,4.331
Italy,2012-04-01,5.51399994,,3.1789999,4.649
Italy,2012-05-01,6.03200006,,4.67600012,5.536
Italy,2012-06-01,5.78499985,,4.20300007,5.143
Italy,2012-07-01,6.08500004,,3.74099994,5.532
Italy,2012-08-01,5.84200001,2.04,3.16899991,4.794
Italy,2012-09-01,5.16400003,1.786,2.64199996,3.967
Italy,2012-10-01,4.96099997,1.505,2.47300005,3.759
Italy,2012-11-01,4.50899982,1.219,1.98599994,3.396
Italy,2012-12-01,4.53000021,1.01,2.10899997,3.355
Italy,2013-01-01,4.30299997,1.411,1.66999996,3.097
Italy,2013-02-01,4.76599979,1.724,2.23300004,3.507
Italy,2013-03-01,4.73799992,1.601,2.15799999,3.58
Italy,2013-04-01,3.88899994,0.821,1.35699999,2.836
Italy,2013-05-01,4.14499998,0.845,1.72099996,3.052
Italy,2013-06-01,4.53999996,1.28,2.18000007,3.482
Italy,2013-07-01,4.41300011,0.987,1.87600005,3.262
Italy,2013-08-01,4.38399982,1.194,1.89199996,3.274
Italy,2013-09-01,4.59200001,1.123,1.97399998,3.477
Italy,2013-10-01,4.1420002,0.739,1.44400001,2.918
Italy,2013-11-01,4.05100012,0.71,1.18499994,2.617
Italy,2013-12-01,4.08900023,0.781,1.204,2.702
Italy,2014-01-01,3.78399992,0.544,0.92699999,2.312
Italy,2014-02-01,3.47900009,0.588,0.78600001,2.059
Italy,2014-03-01,3.30100012,0.599,0.83899999,1.95
Italy,2014-04-01,3.079,0.615,0.815,1.794
Italy,2014-05-01,2.96499991,0.595,0.76300001,1.68
Italy,2014-06-01,2.73900008,0.461,0.59899998,1.367
Italy,2014-07-01,2.534,0.326,0.53200001,1.161
Italy,2014-08-01,2.451,0.308,0.421,
Italy,2014-09-01,,,0.396,
Italy,2014-10-01,2.518,0.45,0.65200001,1.262
Italy,2014-11-01,2.373,0.38,0.50099999,1.19
Italy,2014-12-01,,,0.50999999,
Italy,2015-01-01,,,0.454,
Italy,2015-02-01,1.454,0.11,0.251,0.596
Italy,2015-04-01,1.467,0.038,0.158,0.526
Italy,2015-05-01,1.843,0.006,0.134,0.892
Italy,2015-06-01,2.324,0.16,0.419,1.24
Italy,2015-07-01,1.773,0.005,0.092,0.806
Italy,2015-08-01,1.96,0.019,0.183,0.913
Italy,2015-09-01,1.719,0.005,0.116,0.74
Italy,2015-10-01,1.467,0.013,0.099,0.498
Italy,2015-11-01,1.326,-0.059,0.006,0.37
Italy,2015-12-01,1.592,-0.062,0.035,0.583
Italy,2016-01-01,1.397,-0.063,-0.02,0.31
Italy,2016-02-01,1.42,-0.04,-0.01,0.3
Italy,2016-03-01,1.225,-0.04,0.01,0.2
Italy,2016-04-01,1.4905,-0.1088,-0.0289,0.283
Italy,2016-05-01,1.3528,-0.1746,-0.0569,0.202
Italy,2016-06-01,1.1107,-0.205,-0.0776,0.1313
Italy,2016-07-01,1.167,-0.175,-0.0523,0.2913
Italy,2016-08-01,1.1438,-0.2081,-0.08,0.2538
Italy,2016-09-01,1.1878,-0.26,-0.1069,0.2683
Italy,2016-10-01,1.6038,-0.21,0.0103,0.5509
Italy,2016-11-01,1.9798,-0.1612,0.0653,1.1584
Italy,2016-12-01,1.811,-0.2612,-0.1602,0.7666
Italy,2017-01-01,2.263,-0.3023,0.029,1.1787
Italy,2017-02-01,2.0763,-0.1876,-0.0203,1.0556
Italy,2017-03-01,2.1356,-0.2228,-0.0604,1.0574
Italy,2017-04-01,2.1691,-0.3106,-0.08,1.0428
Italy,2017-05-01,2.2136,-0.32,-0.1755,0.9141
Italy,2017-06-01,2.1779,-0.3594,-0.3083,0.8612
Italy,2017-07-01,2.115,-0.3356,-0.0127,0.7752
Italy,2017-08-01,2.0592,-0.329,-0.0728,0.7123
Italy,2017-09-01,2.1391,-0.3591,-0.1236,0.6994
Italy,2017-10-01,1.8176,-0.371,-0.2016,0.6132
Italy,2017-11-01,1.7402,-0.4257,-0.2907,0.4905
Italy,2017-12-01,1.9845,-0.3534,-0.1248,0.7329
Italy,2018-01-01,2.0175,-0.3864,-0.1793,0.7376
Italy,2018-02-01,1.9677,-0.3987,-0.1901,0.7118
Italy,2018-03-01,1.7768,-0.4089,-0.3339,0.4739
Italy,2018-04-01,1.7768,-0.3607,-0.3087,0.6423
Italy,2018-05-01,2.7688,1.0284,1.1133,2.0365
Italy,2018-06-01,2.6644,0.2045,0.7126,1.7194
Italy,2018-07-01,2.7122,0.3342,0.743,1.7895
Italy,2018-08-01,3.2148,0.9165,1.4643,2.5525
Italy,2018-09-01,3.1215,0.7241,1.0663,2.2291
Italy,2018-10-01,3.4048,0.6083,1.0622,2.4466
Italy,2018-11-01,3.1911,0.3759,1.1907,2.3309
Italy,2018-12-01,2.7319,0.242,0.7296,1.8207
Italy,2019-01-01,2.62599993,0.06,0.294,1.54499996
Italy,2019-02-01,2.76999998,0.2,0.384,1.68900001
Italy,2019-03-01,2.50999999,0.05,0.25799999,1.51499999
Italy,2019-04-01,2.57200003,0.047,0.50999999,1.62699997
Italy,2019-05-01,2.69499993,0.13600001,0.74199998,1.85899997
Italy,2019-06-01,2.0999999,-0.035,0.234,1.28299999
Italy,2019-07-01,1.53799999,-0.17299999,-0.002,0.84799999
Italy,2019-08-01,1.02699995,-0.245,-0.16599999,0.44600001
Italy,2019-09-01,0.833,-0.21699999,-0.176,0.226
Italy,2019-10-01,1.01699996,-0.257,-0.13249999,0.30450001
Italy,2019-11-01,1.33249998,-0.17200001,0.0295,0.56449997
Italy,2019-12-01,1.39950001,-0.19949999,-0.0635,0.5575
Italy,2020-01-01,0.935,-0.329,-0.204,0.2315
Italy,2020-02-01,1.098,-0.179,-0.008,0.431
Italy,2020-03-01,1.543,0.126,0.466,0.891
Italy,2020-04-01,1.795,0.213,0.554,1.094
Italy,2020-05-01,1.492,0.052,0.428,1.05
Italy,2020-06-01,1.338,-0.177,0.128,0.72
Italy,2020-07-01,1.081,-0.22,0.004,0.514
Italy,2020-08-01,1.158,-0.229,0.007,0.514
Italy,2020-09-01,0.869,-0.317,-0.165,0.267
Italy,2020-10-01,0.723,-0.425,-0.33,0.091
Italy,2020-11-01,0.587,-0.45,-0.445,-0.045
Italy,2020-12-01,0.52,-0.467,-0.466,-0.106
Italy,2021-01-01,0.639,-0.393,-0.325,0.068
Italy,2021-02-01,0.764,-0.347,-0.313,0.154
Italy,2021-03-01,0.668,-0.444,-0.3768,0.007
Italy,2021-04-01,0.906,-0.4124,-0.295,0.172
Italy,2021-05-01,0.9363,-0.458,-0.309,0.1631
Italy,2021-06-01,0.8222,-0.494,-0.363,0.099
Italy,2021-07-01,0.6283,-0.502,-0.445,-0.046
Italy,2021-08-01,0.7099,-0.489,-0.477,-0.002
Italy,2021-09-01,0.851,-0.496,-0.442,0.08
Italy,2021-10-01,1.1341,-0.397,-0.257,0.392
Italy,2021-11-01,0.98,-0.486,-0.292,0.228
Italy,2021-12-01,1.185,-0.483,-0.074,0.449
Italy,2022-01-01,1.37,-0.455,-0.092,0.502
Italy,2022-02-01,1.74,-0.501,-0.08,0.896
Italy,2022-03-01,2.043,-0.327,0.315,1.268
Italy,2022-04-01,2.778,-0.044,0.716,1.841
Italy,2022-05-01,3.118,0.31,1.003,2.262
Italy,2022-06-01,3.399,0.555,1.234,2.465
Italy,2022-07-01,3.178,0.737,1.346,2.279
Italy,2022-08-01,3.887,1.43,2.332,3.05
Italy,2022-09-01,4.507,2.3,2.907,3.698
Italy,2022-10-01,4.314,2.599,2.734,3.698
Italy,2022-11-01,3.871,2.531,2.712,3.355
Italy,2022-12-01,4.72,3.078,3.34,4.029
Italy,2023-01-01,4.282,3.047,3.28,3.64
Italy,2023-02-01,4.449,3.458,3.659,3.948
Italy,2023-03-01,4.077,3.214,3.1777,3.61
Italy,2023-04-01,4.178,3.439,3.3247,3.648
Italy,2023-05-01,4.067,3.51,3.3673,3.549
Italy,2023-06-01,4.071,3.855,3.88,3.747
Italy,2023-07-01,4.094,3.823,3.689,3.624
Italy,2023-08-01,4.131,3.79,3.678,3.691
Italy,2023-09-01,4.815,3.976,4.026,4.2
Italy,2023-10-01,4.76,3.866,3.847,4.056
Italy,2023-11-01,4.241,3.64,3.429,3.636
Italy,2023-12-01,3.694,3.338,2.973,3.065
Italy,2024-01-01,3.717,3.332,3.053,3.128
Italy,2024-02-01,3.849,3.615,3.465,3.387
Italy,2024-03-01,3.678,3.59,3.451,3.229
Italy,2024-04-01,3.893,3.626,3.585,3.464
Italy,2024-05-01,3.994,3.594,3.626,3.525
Italy,2024-06-01,4.079,3.537,3.582,3.546
Japan,2006-02-01,1.59000003,,,
Japan,2006-03-01,1.76600003,,,
Japan,2006-04-01,1.91900003,,,
Japan,2006-05-01,1.83099997,,,
Japan,2006-06-01,1.92200005,,,
Japan,2006-07-01,1.93900001,0.61500001,0.83899999,1.43700004
Japan,2006-08-01,1.64699996,0.44299999,0.61900002,1.125
Japan,2006-09-01,1.67700005,0.44,0.68199998,1.16299999
Japan,2006-10-01,1.72399998,0.57499999,0.727,1.21700001
Japan,2006-11-01,1.66499996,0.62,0.81199998,1.21899998
Japan,2006-12-01,1.69000006,0.639,0.82499999,1.28699994
Japan,2007-01-01,1.70500004,0.52999997,0.736,1.22399998
Japan,2007-02-01,1.63900006,0.64499998,0.82999998,1.21899998
Japan,2007-03-01,1.66199994,0.67400002,0.84299999,1.22300005
Japan,2007-04-01,1.63399994,0.71399999,0.88300002,1.23199999
Japan,2007-05-01,1.74600005,0.79400003,0.98699999,1.37300003
Japan,2007-06-01,1.86000001,0.81199998,1.051,1.50399995
Japan,2007-07-01,1.80700004,0.787,1.01100004,1.41199994
Japan,2007-08-01,1.62300003,0.71200001,0.88599998,1.20899999
Japan,2007-09-01,1.67700005,0.76599997,0.88599998,1.23300004
Japan,2007-10-01,1.61099994,0.68099999,0.796,1.11199999
Japan,2007-11-01,1.49300003,0.65100002,0.77100003,1.04900002
Japan,2007-12-01,1.50899994,0.653,0.73100001,1.04400003
Japan,2008-01-01,1.45299995,0.523,0.565,0.93199998
Japan,2008-02-01,1.36699998,0.54000002,0.56300002,0.84899998
Japan,2008-03-01,1.28600001,0.565,0.57999998,0.76200002
Japan,2008-04-01,1.625,0.69499999,0.81,1.25
Japan,2008-05-01,1.75999999,0.73000002,0.86000001,1.375
Japan,2008-06-01,1.59500003,0.72000003,0.79500002,1.18499994
Japan,2008-07-01,1.53999996,0.67500001,0.77499998,1.12
Japan,2008-08-01,1.41999996,0.625,0.71499997,0.98500001
Japan,2008-09-01,1.48000002,0.66000003,0.76999998,1.06500006
Japan,2008-10-01,1.49000001,0.55000001,0.57999998,0.93000001
Japan,2008-11-01,1.39999998,0.57499999,0.61000001,0.88
Japan,2008-12-01,1.17499995,0.345,0.40000001,0.70999998
Japan,2009-01-01,1.28999996,0.35499999,0.46000001,0.74000001
Japan,2009-02-01,1.26499999,0.36500001,0.40000001,0.69499999
Japan,2009-03-01,1.35500002,0.33000001,0.41999999,0.79000002
Japan,2009-04-01,1.42999995,0.28,0.38999999,0.82999998
Japan,2009-05-01,1.495,0.2,0.36000001,0.81999999
Japan,2009-06-01,1.35000002,0.215,0.315,0.70499998
Japan,2009-07-01,1.41999996,0.215,0.285,0.70999998
Japan,2009-08-01,1.30499995,0.18000001,0.255,0.61000001
Japan,2009-09-01,1.29999995,0.18000001,0.25,0.60000002
Japan,2009-10-01,1.41499996,0.19499999,0.26499999,0.68000001
Japan,2009-11-01,1.26100004,0.18099999,0.23100001,0.52899998
Japan,2009-12-01,1.29100001,0.134,0.15000001,0.47
Japan,2010-01-01,1.33000004,0.123,0.16500001,0.495
Japan,2010-02-01,1.30900002,0.123,0.155,0.505
Japan,2010-03-01,1.41299999,0.134,0.185,0.55900002
Japan,2010-04-01,1.28999996,0.139,0.17299999,0.46700001
Japan,2010-05-01,1.26999998,0.13500001,0.17,0.43399999
Japan,2010-06-01,1.09000003,0.145,0.15000001,0.35499999
Japan,2010-07-01,1.06200004,0.13500001,0.155,0.35499999
Japan,2010-08-01,0.98500001,0.123,0.133,0.26499999
Japan,2010-09-01,0.94,0.125,0.14,0.26499999
Japan,2010-10-01,0.935,0.125,0.145,0.30000001
Japan,2010-11-01,1.19500005,0.15800001,0.19499999,0.44299999
Japan,2010-12-01,1.11600006,0.155,0.175,0.39899999
Japan,2011-01-01,1.21500003,0.155,0.2,0.48800001
Japan,2011-02-01,1.25899994,0.185,0.245,0.55000001
Japan,2011-03-01,1.255,0.16,0.215,0.49200001
Japan,2011-04-01,1.20599997,0.16500001,0.2,0.47
Japan,2011-05-01,1.15499997,0.155,0.18000001,0.43000001
Japan,2011-06-01,1.13499999,0.133,0.175,0.43000001
Japan,2011-07-01,1.079,0.12899999,0.15700001,0.37200001
Japan,2011-08-01,1.03199995,0.114,0.142,0.34099999
Japan,2011-09-01,1.03199995,0.119,0.142,0.373
Japan,2011-10-01,1.04999995,0.125,0.15000001,0.38699999
Japan,2011-11-01,1.07299995,0.12,0.14399999,0.37799999
Japan,2011-12-01,0.98799998,0.12899999,0.13500001,0.34799999
Japan,2012-01-01,0.97299999,0.125,0.131,0.338
Japan,2012-02-01,0.96799999,0.111,0.117,0.29899999
Japan,2012-03-01,0.99299997,0.11,0.12,0.324
Japan,2012-04-01,0.898,0.105,0.114,0.264
Japan,2012-05-01,0.829,0.105,0.103,0.212
Japan,2012-06-01,0.83899999,0.104,0.105,0.219
Japan,2012-07-01,0.79799998,0.1,0.099,0.19599999
Japan,2012-08-01,0.79799998,0.099,0.101,0.211
Japan,2012-09-01,0.773,0.098,0.103,0.198
Japan,2012-10-01,0.77600002,0.1,0.1,0.2
Japan,2012-11-01,0.71200001,0.1,0.097,0.17399999
Japan,2012-12-01,0.80199999,0.098,0.108,0.183
Japan,2013-01-01,0.75400001,0.081,0.074,0.15000001
Japan,2013-02-01,0.66500002,0.053,0.046,0.125
Japan,2013-03-01,0.55599999,0.041,0.069,0.13600001
Japan,2013-04-01,0.611,0.118,0.12899999,0.25600001
Japan,2013-05-01,0.86699998,0.114,0.148,0.36199999
Japan,2013-06-01,0.84399998,0.111,0.149,0.31200001
Japan,2013-07-01,0.79799998,0.104,0.123,0.29300001
Japan,2013-08-01,0.72000003,0.104,0.118,0.264
Japan,2013-09-01,0.68800002,0.094,0.108,0.244
Japan,2013-10-01,0.59399998,0.09,0.1,0.20200001
Japan,2013-11-01,0.61199999,0.089,0.087,0.18799999
Japan,2013-12-01,0.73699999,0.084,0.1,0.244
Japan,2014-01-01,0.62599999,0.084,0.089,0.20200001
Japan,2014-02-01,0.58600003,0.062,0.073,0.184
Japan,2014-03-01,0.64300001,0.078,0.091,0.20299999
Japan,2014-04-01,0.62,0.083,0.089,0.197
Japan,2014-05-01,0.579,0.084,0.09,0.177
Japan,2014-06-01,0.56699997,0.072,0.077,0.17
Japan,2014-07-01,0.53399998,0.056,0.071,0.15099999
Japan,2014-08-01,0.49700001,0.058,0.072,0.162
Japan,2014-09-01,0.53299999,0.065,0.074,0.17299999
Japan,2014-10-01,0.45699999,0.016,0.034,0.13
Japan,2014-11-01,0.41999999,0.008,0.008,0.108
Japan,2014-12-01,0.33000001,-0.025,-0.016,0.033
Japan,2015-01-01,0.28600001,0.01,0.016,0.05
Japan,2015-02-01,0.34,0.015,0.023,0.078
Japan,2015-03-01,0.40000001,0.028,0.044,0.138
Japan,2015-04-01,0.331,0.003,0.009,0.082
Japan,2015-05-01,0.396,-0.003,0.001,0.091
Japan,2015-06-01,0.458,0.004,0.007,0.117
Japan,2015-07-01,0.412,0.006,0.011,0.096
Japan,2015-08-01,0.38100001,0.006,0.012,0.071
Japan,2015-09-01,0.34999999,0.011,0.019,0.065
Japan,2015-10-01,0.30399999,0.007,0.007,0.042
Japan,2015-11-01,0.30500001,-0.008,0.002,0.039
Japan,2015-12-01,0.27200001,-0.057,-0.009,0.035
Japan,2016-01-01,0.114,-0.061,-0.06,-0.05
Japan,2016-02-01,-0.058,-0.17200001,-0.23199999,-0.22
Japan,2016-03-01,-0.042,-0.189,-0.207,-0.19
Japan,2016-04-01,-0.0837,-0.2179,-0.2447,-0.2045
Japan,2016-05-01,-0.1183,-0.2617,-0.2397,-0.2302
Japan,2016-06-01,-0.2365,-0.3272,-0.3149,-0.3139
Japan,2016-07-01,-0.1779,-0.2904,-0.2576,-0.2562
Japan,2016-08-01,-0.0656,-0.2293,-0.2024,-0.1774
Japan,2016-09-01,-0.0768,-0.316,-0.2975,-0.2444
Japan,2016-10-01,-0.0525,-0.3024,-0.2437,-0.192
Japan,2016-11-01,0.0203,-0.2686,-0.1719,-0.0992
Japan,2016-12-01,0.0425,-0.29,-0.1845,-0.1105
Japan,2017-01-01,0.09,-0.2896,-0.2154,-0.0929
Japan,2017-02-01,0.055,-0.2561,-0.271,-0.1371
Japan,2017-03-01,0.0692,-0.2568,-0.2203,-0.1237
Japan,2017-04-01,0.0081,-0.2069,-0.2161,-0.1649
Japan,2017-05-01,0.041,-0.1659,-0.1656,-0.1153
Japan,2017-06-01,0.0888,-0.1198,-0.1166,-0.0653
Japan,2017-07-01,0.0782,-0.1157,-0.115,-0.061
Japan,2017-08-01,0.0057,-0.1437,-0.1656,-0.1436
Japan,2017-09-01,0.0652,-0.1403,-0.1166,-0.0756
Japan,2017-10-01,0.0685,-0.1668,-0.1875,-0.0964
Japan,2017-11-01,0.0376,-0.1671,-0.1622,-0.1152
Japan,2017-12-01,0.0499,-0.1519,-0.1403,-0.1039
Japan,2018-01-01,0.0863,-0.1312,-0.1363,-0.0805
Japan,2018-02-01,0.0525,-0.1627,-0.1614,-0.1094
Japan,2018-03-01,0.0495,-0.1304,-0.1358,-0.1044
Japan,2018-04-01,0.0563,-0.1445,-0.139,-0.1033
Japan,2018-05-01,0.0375,-0.1398,-0.1451,-0.1206
Japan,2018-06-01,0.0315,-0.1291,-0.1268,-0.1066
Japan,2018-07-01,0.0496,-0.1186,-0.1173,-0.0979
Japan,2018-08-01,0.1099,-0.1188,-0.1108,-0.0718
Japan,2018-09-01,0.126,-0.1258,-0.1127,-0.0681
Japan,2018-10-01,0.1283,-0.1435,-0.1159,-0.0751
Japan,2018-11-01,0.0911,-0.1462,-0.1302,-0.1007
Japan,2018-12-01,-0.0003,-0.1518,-0.1401,-0.1488
Japan,2019-01-01,-0.006,-0.182,-0.168,-0.162
Japan,2019-02-01,-0.015,-0.16,-0.15000001,-0.153
Japan,2019-03-01,-0.091,-0.17399999,-0.176,-0.199
Japan,2019-04-01,-0.035,-0.152,-0.14,-0.155
Japan,2019-05-01,-0.096,-0.163,-0.17299999,-0.193
Japan,2019-06-01,-0.16,-0.205,-0.22,-0.255
Japan,2019-07-01,-0.155,-0.18099999,-0.205,-0.241
Japan,2019-08-01,-0.273,-0.26300001,-0.30399999,-0.34999999
Japan,2019-09-01,-0.214,-0.29899999,-0.31799999,-0.34999999
Japan,2019-10-01,-0.147,-0.21799999,-0.23800001,-0.26899999
Japan,2019-11-01,-0.077,-0.15899999,-0.17200001,-0.18000001
Japan,2019-12-01,-0.012,-0.121,-0.12800001,-0.125
Japan,2020-01-01,-0.056,-0.145,-0.155,-0.161
Japan,2020-02-01,-0.147,-0.159,-0.254,-0.253
Japan,2020-03-01,0.012,-0.139,-0.138,-0.111
Japan,2020-04-01,0.001,-0.202,-0.187,-0.154
Japan,2020-05-01,-0.002,-0.158,-0.158,-0.128
Japan,2020-06-01,0.034,-0.168,-0.142,-0.105
Japan,2020-07-01,0.014,-0.142,-0.139,-0.12
Japan,2020-08-01,0.049,-0.113,-0.114,-0.068
Japan,2020-09-01,0.012,-0.136,-0.147,-0.107
Japan,2020-10-01,0.036,-0.13,-0.118,-0.095
Japan,2020-11-01,0.021,-0.119,-0.132,-0.103
Japan,2020-12-01,0.023,-0.123,-0.119,-0.11
Japan,2021-01-01,0.052,-0.119,-0.129,-0.107
Japan,2021-02-01,0.167,-0.121,-0.115,-0.052
Japan,2021-03-01,0.097,-0.131,-0.13,-0.097
Japan,2021-04-01,0.0952,-0.1297,-0.1323,-0.0906
Japan,2021-05-01,0.072,-0.123,-0.138,-0.101
Japan,2021-06-01,0.063,-0.112,-0.099,-0.108
Japan,2021-07-01,0.01,-0.13,-0.126,-0.123
Japan,2021-08-01,0.022,-0.13,-0.13,-0.116
Japan,2021-09-01,0.064,-0.125,-0.127,-0.081
Japan,2021-10-01,0.104,-0.116,-0.098,-0.064
Japan,2021-11-01,0.054,-0.13,-0.127,-0.096
Japan,2021-12-01,0.072,-0.09,-0.088,-0.074
Japan,2022-01-01,0.169,-0.075,-0.048,-0.018
Japan,2022-02-01,0.18,-0.064,-0.039,0.007
Japan,2022-03-01,0.229,-0.071,-0.036,0.032
Japan,2022-04-01,0.218,-0.084,-0.053,0.002
Japan,2022-05-01,0.238,-0.083,-0.084,0.001
Japan,2022-06-01,0.226,-0.094,-0.067,0.024
Japan,2022-07-01,0.179,-0.155,-0.093,-0.031
Japan,2022-08-01,0.223,-0.136,-0.082,0.009
Japan,2022-09-01,0.243,-0.101,-0.05,0.061
Japan,2022-10-01,0.244,-0.094,-0.041,0.073
Japan,2022-11-01,0.267,-0.09,-0.035,0.115
Japan,2022-12-01,0.408,0.011,0.028,0.227
Japan,2023-01-01,0.485,-0.058,-0.02,0.178
Japan,2023-02-01,0.497,-0.058,-0.046,0.213
Japan,2023-03-01,0.335,-0.118,-0.053,0.092
Japan,2023-04-01,0.376,-0.111,-0.051,0.089
Japan,2023-05-01,0.43,-0.13,-0.062,0.082
Japan,2023-06-01,0.397,-0.123,-0.077,0.054
Japan,2023-07-01,0.606,-0.087,-0.004,0.181
Japan,2023-08-01,0.639,-0.07,0.028,0.214
Japan,2023-09-01,0.764,-0.042,0.052,0.318
Japan,2023-10-01,0.952,0.001,0.151,0.459
Japan,2023-11-01,0.668,-0.03,0.023,0.253
Japan,2023-12-01,0.625,-0.022,0.043,0.215
Japan,2024-01-01,0.724,-0.028,0.089,0.298
Japan,2024-02-01,0.709,0.044,0.175,0.365
Japan,2024-03-01,0.735,0.067,0.184,0.36
Japan,2024-04-01,0.869,0.096,0.266,0.475
Japan,2024-05-01,1.073,0.238,0.403,0.635
Japan,2024-06-01,1.05,0.191,0.357,0.589
Lithuania,2003-01-01,4.424,,,4.15
Lithuania,2003-02-01,5.35,,,5.64976438
Lithuania,2003-03-01,5.45,,,4.651
Lithuania,2003-04-01,4.95,,,4.65
Lithuania,2003-05-01,5.35,,,4.799
Lithuania,2003-06-01,5.45,,,5.67216203
Lithuania,2003-07-01,3.59,,,3.3
Lithuania,2003-08-01,5.25,,,4.45
Lithuania,2003-09-01,5.011,,,1.69
Lithuania,2003-10-01,5.1,,,4.5
Lithuania,2003-11-01,5.701,,,1.75
Lithuania,2003-12-01,5.7,,,4.216
Lithuania,2004-01-01,4.8,,,4.25
Lithuania,2004-02-01,4.7,,,3.848
Lithuania,2004-03-01,4.75,,,3.745
Lithuania,2004-04-01,4.75,,,3.646
Lithuania,2004-05-01,4.65,,,3.648
Lithuania,2004-06-01,4.69,,,3.745
Lithuania,2004-07-01,4.69,,,3.4835
Lithuania,2004-08-01,4.67,,,4.041
Lithuania,2004-09-01,4.5,,,3.951
Lithuania,2004-10-01,4.199,,,3.649
Lithuania,2004-11-01,4.05,,,3.4487
Lithuania,2004-12-01,3.899,,,3.2499
Lithuania,2005-01-01,3.649,,,3.0501
Lithuania,2005-02-01,3.748,,,3.1703
Lithuania,2005-03-01,3.798,,,3.149
Lithuania,2005-04-01,3.599,,,3.1521
Lithuania,2005-05-01,3.45,,,2.8576
Lithuania,2005-06-01,3.184,,,2.6237
Lithuania,2005-07-01,3.3,,,2.7389
Lithuania,2005-08-01,3.177,,,2.646
Lithuania,2005-09-01,3.199,,,2.6991
Lithuania,2005-10-01,3.453,,,2.9016
Lithuania,2005-11-01,3.508,,,3.117
Lithuania,2005-12-01,3.561,,,3.3193
Lithuania,2006-01-01,3.582,,,3.2543
Lithuania,2006-02-01,3.75,,,3.4039
Lithuania,2006-03-01,4.04,,,3.7212
Lithuania,2006-04-01,4.24,,,3.9283
Lithuania,2006-05-01,4.271,,,3.8969
Lithuania,2006-06-01,4.451,,,4.0489
Lithuania,2006-07-01,4.281,,,3.9577
Lithuania,2006-08-01,4.141,,,3.8954
Lithuania,2006-09-01,3.99,,,3.818
Lithuania,2006-10-01,4.1,,,3.8469
Lithuania,2006-11-01,4.0,,,3.8668
Lithuania,2006-12-01,4.23,,,4.119
Lithuania,2007-01-01,4.381,,,4.217
Lithuania,2007-02-01,4.38,,,4.247
Lithuania,2007-03-01,4.351,,,4.27
Lithuania,2007-04-01,4.78,,,4.446
Lithuania,2007-05-01,4.841,,,4.678
Lithuania,2007-06-01,4.86,,,4.728
Lithuania,2007-07-01,4.901,,,4.3981
Lithuania,2007-08-01,4.77,,,4.418
Lithuania,2007-09-01,4.831,,,4.417
Lithuania,2007-10-01,4.811,,,4.229
Lithuania,2007-11-01,4.98,,,4.208
Lithuania,2007-12-01,5.051,,,4.367
Lithuania,2008-01-01,4.932,,,4.247
Lithuania,2008-02-01,4.931,,,4.278
Lithuania,2008-03-01,5.101,,,4.191
Lithuania,2008-04-01,5.263,,,5.299
Lithuania,2008-05-01,5.601,,,5.482
Lithuania,2008-06-01,5.911,,,5.8
Lithuania,2008-07-01,5.993,,,5.85
Lithuania,2008-08-01,6.085,,,5.799
Lithuania,2008-09-01,6.108,,,5.9
Lithuania,2008-10-01,9.006,,,8.001
Lithuania,2008-11-01,9.055,,,8.026
Lithuania,2008-12-01,14.0,,,11.983
Lithuania,2009-01-01,14.007,,,12.0
Lithuania,2009-02-01,14.007,,,12.0
Lithuania,2009-03-01,13.182,,,13.701
Lithuania,2009-04-01,14.218,,,13.0
Lithuania,2009-05-01,4.851,,,13.0
Lithuania,2009-06-01,6.341,,,4.85
Lithuania,2009-07-01,12.947,,,13.0
Lithuania,2009-08-01,13.72,,,12.3
Lithuania,2009-09-01,11.512,,,11.0
Lithuania,2009-10-01,10.524,,,10.198
Lithuania,2009-11-01,8.503,,,8.198
Lithuania,2009-12-01,7.752,,,7.499
Lithuania,2010-01-01,7.754,,,7.5
Lithuania,2010-02-01,6.002,,,5.9
Lithuania,2010-03-01,5.404,,,5.0
Lithuania,2010-04-01,5.301,,,4.501
Lithuania,2010-05-01,5.401,,,5.1
Lithuania,2010-06-01,6.004,,,5.7
Lithuania,2010-07-01,5.354,,,5.401
Lithuania,2010-08-01,5.102,,,4.95
Lithuania,2010-09-01,4.653,,,4.402
Lithuania,2010-10-01,4.601,,,4.2
Lithuania,2010-11-01,4.801,,,4.599
Lithuania,2010-12-01,5.003,,,4.35
Lithuania,2011-01-01,4.951,,,4.7
Lithuania,2011-02-01,3.586,,,4.6
Lithuania,2011-03-01,5.153,,,4.501
Lithuania,2011-04-01,5.153,,,4.601
Lithuania,2011-05-01,5.65,,,5.152
Lithuania,2011-06-01,5.4,,,4.753
Lithuania,2011-07-01,5.401,,,4.75
Lithuania,2011-08-01,5.601,,,4.751
Lithuania,2011-09-01,5.25,,,4.5
Lithuania,2011-10-01,5.45,,,4.7
Lithuania,2011-11-01,6.85,,,6.0
Lithuania,2011-12-01,6.4,,,5.85
Lithuania,2012-01-01,5.95,,,5.35
Lithuania,2012-02-01,5.601,,,5.201
Lithuania,2012-03-01,5.45,,,5.0
Lithuania,2012-04-01,5.099,,,4.699
Lithuania,2012-05-01,5.6,,,4.5
Lithuania,2012-06-01,5.6,,,4.701
Lithuania,2012-07-01,5.4,,,4.5
Lithuania,2012-08-01,5.0,,,4.0
Lithuania,2012-09-01,4.8,,,3.5
Lithuania,2012-10-01,4.399,,,3.146
Lithuania,2012-11-01,4.249,,,2.598
Lithuania,2012-12-01,4.093,,,2.596
Lithuania,2013-01-01,4.149,,,2.495
Lithuania,2013-02-01,4.099,,,2.946
Lithuania,2013-03-01,4.198,,,3.145
Lithuania,2013-04-01,3.898,,,2.694
Lithuania,2013-05-01,3.7,,,2.499
Lithuania,2013-06-01,3.9,,,2.599
Lithuania,2013-07-01,4.1,,,2.896
Lithuania,2013-08-01,4.1,,,2.848
Lithuania,2013-09-01,4.15,,,2.798
Lithuania,2013-10-01,4.1,,,2.597
Lithuania,2013-11-01,3.9,,,2.592
Lithuania,2013-12-01,3.85,,,2.592
Lithuania,2014-01-01,3.5,,,2.392
Lithuania,2014-02-01,3.299,,,2.192
Lithuania,2014-03-01,3.299,,,2.092
Lithuania,2014-04-01,3.2,,,2.5
Lithuania,2014-05-01,3.2,,,2.5
Lithuania,2014-06-01,2.799,,,2.099
Lithuania,2014-07-01,2.598,,,1.897
Lithuania,2014-08-01,2.599,,,1.798
Lithuania,2014-09-01,2.499,,,1.698
Lithuania,2014-10-01,2.399,,,1.599
Lithuania,2014-11-01,1.999,,,1.299
Lithuania,2014-12-01,1.849,,,1.197
Lithuania,2015-01-01,1.299,,,0.899
Lithuania,2015-02-01,0.799,,,0.549
Lithuania,2015-03-01,0.599,,,0.349
Lithuania,2015-04-01,0.899,,,0.545
Lithuania,2015-05-01,1.25,,,0.849
Lithuania,2015-06-01,1.8,,,1.299
Lithuania,2015-07-01,1.8,,,1.299
Lithuania,2015-08-01,1.65,,,1.199
Lithuania,2015-09-01,1.6,,,1.2
Lithuania,2015-10-01,1.5,,,1.05
Lithuania,2015-11-01,1.44,,,0.84
Lithuania,2015-12-01,1.59,,,0.94
Lithuania,2016-01-01,1.45,,,0.7
Lithuania,2016-02-01,1.35,,,0.6
Lithuania,2016-03-01,0.99,,,0.34
Lithuania,2016-04-01,1.0,,,0.3
Lithuania,2016-05-01,0.95,,,0.5
Lithuania,2016-06-01,0.85,,,0.4
Lithuania,2016-07-01,0.65,,,0.25
Lithuania,2016-08-01,0.45,,,0.1
Lithuania,2016-09-01,0.4,,,0.05
Lithuania,2016-10-01,0.45,,,0.1
Lithuania,2016-11-01,0.85,,,0.45
Lithuania,2016-12-01,0.8,,,0.3
Lithuania,2017-01-01,0.8,,,0.25
Lithuania,2017-02-01,0.8,,,0.25
Lithuania,2017-03-01,0.8,,,0.2
Lithuania,2017-04-01,0.75,,,0.15
Lithuania,2017-05-01,0.75,,,0.15
Lithuania,2017-06-01,0.8,,,0.2
Lithuania,2017-07-01,0.85,,,0.2
Lithuania,2017-08-01,0.8,,,0.2
Lithuania,2017-09-01,0.8,,,0.2
Lithuania,2017-10-01,0.75,,,0.2
Lithuania,2017-11-01,0.7,,,0.2
Lithuania,2017-12-01,1.1,,,0.3
Lithuania,2018-01-01,1.2,,,0.45
Lithuania,2018-02-01,1.25,,,0.5
Lithuania,2018-03-01,1.15,,,0.5
Lithuania,2018-04-01,1.15,,,0.55
Lithuania,2018-05-01,1.15,,,0.55
Lithuania,2018-06-01,1.05,,,0.45
Lithuania,2018-07-01,1.2,,,0.5
Lithuania,2018-08-01,1.2,,,0.5
Lithuania,2018-09-01,1.2,,,0.55
Lithuania,2018-10-01,1.2,,,0.55
Lithuania,2018-11-01,1.2,,,0.55
Lithuania,2018-12-01,1.15,,,0.5
Lithuania,2019-01-01,1.25,,,0.55
Lithuania,2019-02-01,1.15,,,0.45
Lithuania,2019-03-01,1.0,,,0.541
Lithuania,2019-04-01,1.0,,,0.45
Lithuania,2019-05-01,0.85,,,0.4
Lithuania,2019-06-01,0.7,,,0.2
Lithuania,2019-07-01,0.55,,,0.15
Lithuania,2019-08-01,0.2,,,0.05
Lithuania,2019-09-01,0.275,,,0.1
Lithuania,2019-10-01,0.35,,,0.1
Lithuania,2019-11-01,0.375,,,0.1
Lithuania,2019-12-01,0.425,,,0.1
Lithuania,2020-01-01,0.325,,,0.075
Lithuania,2020-02-01,0.175,,,0.02
Lithuania,2020-03-01,0.4,,,0.15
Lithuania,2020-04-01,0.5,,,0.35
Lithuania,2020-05-01,0.45,,,0.35
Lithuania,2020-06-01,0.301,,,0.116
Lithuania,2020-07-01,0.166,,,-0.002
Lithuania,2020-08-01,0.264,,,0.026
Lithuania,2020-09-01,0.247,,,0.029
Lithuania,2020-10-01,0.128,,,-0.032
Lithuania,2020-11-01,0.083,,,-0.115
Lithuania,2020-12-01,0.044,,,-0.177
Lithuania,2021-01-01,-0.007,,,-0.191
Lithuania,2021-02-01,0.069,,,-0.161
Lithuania,2021-05-01,0.217,,,-0.103
Lithuania,2021-06-01,0.164,,,-0.116
Lithuania,2021-07-01,0.102,,,-0.159
Lithuania,2021-08-01,0.1,,,-0.185
Lithuania,2021-09-01,0.192,,,-0.122
Lithuania,2021-10-01,0.44,,,0.162
Lithuania,2021-11-01,0.552,,,0.0
Lithuania,2021-12-01,0.526,,,0.237
Lithuania,2022-01-01,0.675,,,0.249
Lithuania,2022-02-01,1.0,,,0.575
Lithuania,2022-03-01,1.5,,,1.0
Lithuania,2022-04-01,1.9,,,1.5
Lithuania,2022-05-01,2.15,,,1.8
Lithuania,2022-06-01,3.0,,,2.35
Lithuania,2022-07-01,2.9,,,2.4
Lithuania,2022-08-01,3.0,,,2.973
Lithuania,2022-09-01,3.885,,,3.684
Lithuania,2022-10-01,4.65,,,4.1
Lithuania,2022-11-01,3.715,,,4.1
Lithuania,2022-12-01,4.65,,,4.001
Lithuania,2023-01-01,4.65,,,4.1
Lithuania,2023-02-01,4.65,,,4.217
Lithuania,2023-03-01,3.976,,,3.875
Lithuania,2023-04-01,3.96,,,3.891
Lithuania,2023-05-01,4.35,,,3.897
Lithuania,2023-06-01,4.35,,,4.227
Lithuania,2023-07-01,4.019,,,4.131
Lithuania,2023-08-01,4.115,,,4.07
Lithuania,2023-09-01,4.461,,,4.318
Lithuania,2023-10-01,4.53,,,4.153
Lithuania,2023-11-01,4.044,,,3.921
Lithuania,2023-12-01,3.432,,,3.61
Lithuania,2024-01-01,3.687,,,3.504
Lithuania,2024-02-01,3.806,,,3.756
Lithuania,2024-03-01,3.608,,,3.572
Lithuania,2024-04-01,3.674,,,3.599
Lithuania,2024-05-01,3.773,,,3.672
Lithuania,2024-06-01,3.675,,,3.701
Netherlands,1993-01-01,7.04699993,,7.10599995,6.75899982
Netherlands,1993-02-01,6.57200003,,6.46999979,6.39499998
Netherlands,1993-03-01,6.67799997,,6.31799984,6.24599981
Netherlands,1993-04-01,6.72800016,,6.45200014,6.30000019
Netherlands,1993-05-01,6.66900015,,6.29799986,6.24800014
Netherlands,1993-06-01,6.43900013,,5.99399996,5.99300003
Netherlands,1993-07-01,6.35400009,,5.94500017,5.92500019
Netherlands,1993-08-01,6.04500008,,5.80499983,5.71899986
Netherlands,1993-09-01,5.88100004,,5.77299976,5.63600016
Netherlands,1993-10-01,5.77799988,,5.39599991,5.35500002
Netherlands,1993-11-01,5.82200003,,5.09700012,5.19399977
Netherlands,1993-12-01,5.53700018,,4.99700022,4.95599985
Netherlands,1994-01-01,5.66099977,,4.30999994,5.13700008
Netherlands,1994-02-01,6.08599997,,5.2579999,5.69199991
Netherlands,1994-03-01,6.36999989,,5.42700005,5.98199987
Netherlands,1994-04-01,6.58699989,,5.39900017,6.171
Netherlands,1994-05-01,7.0619998,,5.48699999,6.5250001
Netherlands,1994-06-01,7.09600019,,5.75500011,6.72800016
Netherlands,1994-07-01,6.88500023,,5.55600023,6.4829998
Netherlands,1994-08-01,7.28100014,,5.87300014,6.91400003
Netherlands,1994-09-01,7.53499985,,6.1329999,7.28299999
Netherlands,1994-10-01,7.60500002,,6.0539999,7.25199986
Netherlands,1994-11-01,7.50099993,,5.83799982,7.1420002
Netherlands,1994-12-01,7.78000021,,6.34000015,7.39499998
Netherlands,1995-01-01,7.58900023,,6.50299978,7.2670002
Netherlands,1995-02-01,7.54300022,,6.21600008,7.11499977
Netherlands,1995-03-01,7.35599995,,5.68400002,6.65500021
Netherlands,1995-04-01,7.11399984,,5.42199993,6.4460001
Netherlands,1995-05-01,6.74100018,,4.76800013,5.86499977
Netherlands,1995-06-01,7.04400015,,4.99800014,6.23500013
Netherlands,1995-07-01,6.81899977,,4.80999994,5.98000002
Netherlands,1995-08-01,6.72700024,,4.49499989,5.82399988
Netherlands,1995-09-01,6.66200018,,4.19500017,5.67299986
Netherlands,1995-10-01,6.48000002,,4.01900005,5.47100019
Netherlands,1995-11-01,6.15600014,,3.73900008,5.04799986
Netherlands,1995-12-01,6.02400017,,3.6960001,5.20699978
Netherlands,1996-01-01,5.90600014,,3.94099998,4.99100018
Netherlands,1996-02-01,6.40100002,,4.31400013,5.5619998
Netherlands,1996-03-01,6.43200016,,4.17299986,5.44000006
Netherlands,1996-04-01,6.27799988,,3.84599996,5.28900003
Netherlands,1996-05-01,6.39699984,,3.87700009,5.26200008
Netherlands,1996-06-01,6.41699982,,4.15100002,5.42999983
Netherlands,1996-07-01,6.32700014,,4.10200024,5.36000013
Netherlands,1996-08-01,6.31099987,,3.75200009,5.17500019
Netherlands,1996-09-01,5.9460001,,3.54900002,4.85200024
Netherlands,1996-10-01,5.88100004,,3.61500001,4.92600012
Netherlands,1996-11-01,5.56899977,,3.49000001,4.63000011
Netherlands,1996-12-01,5.671,,3.39299989,4.64900017
Netherlands,1997-01-01,5.55700016,,3.29699993,4.49700022
Netherlands,1997-02-01,5.45499992,,3.45900011,4.4749999
Netherlands,1997-03-01,5.79400015,,3.90799999,4.86899996
Netherlands,1997-04-01,5.73799992,,3.91499996,4.76100016
Netherlands,1997-05-01,5.79500008,,3.82299995,4.80999994
Netherlands,1997-06-01,5.579,,3.67799997,4.59200001
Netherlands,1997-07-01,5.48199987,,3.898,4.61399984
Netherlands,1997-08-01,5.64699984,,4.08799982,4.80600023
Netherlands,1997-09-01,5.49300003,,4.13199997,4.78100014
Netherlands,1997-10-01,5.56500006,,4.45900011,5.06500006
Netherlands,1997-11-01,5.43100023,,4.37200022,5.01800013
Netherlands,1997-12-01,5.27899981,,4.24499989,4.84499979
Netherlands,1998-01-01,5.0630002,,4.03900003,4.59800005
Netherlands,1998-02-01,4.9380002,,3.98200011,4.50899982
Netherlands,1998-03-01,4.93100023,,4.13500023,4.54500008
Netherlands,1998-04-01,5.07399988,,4.20800018,4.6500001
Netherlands,1998-05-01,4.90199995,,4.12300014,4.51100016
Netherlands,1998-06-01,4.83400011,,4.0710001,4.44899988
Netherlands,1998-07-01,4.73400021,,4.00500011,4.3579998
Netherlands,1998-08-01,4.3579998,,3.55999994,3.94199991
Netherlands,1998-09-01,4.00299978,,3.47900009,3.72900009
Netherlands,1998-10-01,4.21799994,,3.45700002,3.75600004
Netherlands,1998-11-01,4.06899977,,3.41300011,3.66899991
Netherlands,1998-12-01,3.94300008,,3.22399998,3.54900002
Netherlands,1999-01-01,3.75500011,,2.96300006,3.28399992
Netherlands,1999-02-01,4.12799978,,3.16799998,3.60899997
Netherlands,1999-03-01,4.14400005,,2.99699998,3.41799998
Netherlands,1999-04-01,4.03000021,,2.7750001,3.23099995
Netherlands,1999-05-01,4.28499985,,2.86599994,3.41499996
Netherlands,1999-06-01,4.66099977,,3.36800003,4.046
Netherlands,1999-07-01,4.97100019,,3.6789999,4.38399982
Netherlands,1999-08-01,5.10400009,,3.69199991,4.50600004
Netherlands,1999-09-01,5.2249999,,3.74799991,4.63999987
Netherlands,1999-10-01,5.26599979,,4.07499981,4.79799986
Netherlands,1999-11-01,5.27899981,,4.21199989,4.85300016
Netherlands,1999-12-01,5.48199987,,4.4000001,5.01000023
Netherlands,2000-01-01,5.69099998,,4.53499985,5.27899981
Netherlands,2000-02-01,5.66300011,,4.57299995,5.22800016
Netherlands,2000-03-01,5.36999989,,4.51000023,5.02799988
Netherlands,2000-04-01,5.45800018,,4.68300009,5.15299988
Netherlands,2000-05-01,5.33599997,,5.01100016,5.2249999
Netherlands,2000-06-01,5.37599993,,5.02899981,5.20100021
Netherlands,2000-07-01,5.35699987,,5.1880002,5.26900005
Netherlands,2000-08-01,5.46099997,,5.29199982,5.38399982
Netherlands,2000-09-01,5.3670001,,5.12699986,5.24399996
Netherlands,2000-10-01,5.36299992,,5.22800016,5.23500013
Netherlands,2000-11-01,5.11000013,,4.93300009,4.94500017
Netherlands,2000-12-01,4.98000002,,4.50099993,4.63000011
Netherlands,2001-01-01,4.93400002,,4.48999977,4.64599991
Netherlands,2001-02-01,4.88600016,,4.43599987,4.59000015
Netherlands,2001-03-01,4.8499999,,4.24900007,4.44899988
Netherlands,2001-04-01,5.17399979,,4.72100019,4.9000001
Netherlands,2001-05-01,5.296,,4.46799994,4.82399988
Netherlands,2001-06-01,5.25600004,,4.36899996,4.67500019
Netherlands,2001-07-01,5.02099991,,4.19199991,4.51200008
Netherlands,2001-08-01,4.94500017,,3.95799994,4.3499999
Netherlands,2001-09-01,4.96299982,,3.69700003,4.36000013
Netherlands,2001-10-01,4.51599979,,3.30500007,3.95499992
Netherlands,2001-11-01,4.71099997,,3.53699994,4.22599983
Netherlands,2001-12-01,5.10599995,,3.71600008,4.54699993
Netherlands,2002-01-01,5.00899982,,3.954,4.64499998
Netherlands,2002-02-01,5.08300018,,3.91400003,4.61000013
Netherlands,2002-03-01,5.38500023,,4.31099987,4.99300003
Netherlands,2002-04-01,5.26900005,,4.0619998,4.77899981
Netherlands,2002-05-01,5.3130002,,4.23999977,4.87200022
Netherlands,2002-06-01,5.08699989,,3.86800003,4.56500006
Netherlands,2002-07-01,4.86999989,,3.53200006,4.26800013
Netherlands,2002-08-01,4.67999983,,3.38499999,4.02600002
Netherlands,2002-09-01,4.38399982,,3.10400009,3.76099992
Netherlands,2002-10-01,4.55999994,,3.09500003,3.8670001
Netherlands,2002-11-01,4.53999996,,3.14499998,3.90400004
Netherlands,2002-12-01,4.21500015,,2.72799993,3.43600011
Netherlands,2003-01-01,4.07700014,,2.59100008,3.39899993
Netherlands,2003-02-01,3.9849999,,2.3039999,2.99799991
Netherlands,2003-03-01,4.11000013,,2.36899996,3.25500011
Netherlands,2003-04-01,4.1329999,,2.34100008,3.33400011
Netherlands,2003-05-01,3.76699996,,2.0710001,2.81200004
Netherlands,2003-06-01,3.8670001,,2.17400002,3.11800003
Netherlands,2003-07-01,4.2329998,,2.54099989,3.57299995
Netherlands,2003-08-01,4.1869998,,2.6099999,3.5940001
Netherlands,2003-09-01,4.02899981,,2.2809999,3.30200005
Netherlands,2003-10-01,4.32800007,,2.62700009,3.69400001
Netherlands,2003-11-01,4.46899986,,2.77099991,3.85500002
Netherlands,2003-12-01,4.28700018,,2.44099998,3.60299993
Netherlands,2004-01-01,4.23600006,,2.75300002,3.50600004
Netherlands,2004-02-01,4.03599977,,2.43199992,3.2190001
Netherlands,2004-03-01,4.03800011,,2.28200006,3.0480001
Netherlands,2004-04-01,4.26200008,,2.58299994,3.35800004
Netherlands,2004-05-01,4.43200016,,2.76600003,3.56599998
Netherlands,2004-06-01,4.37300014,,2.76399994,3.53900003
Netherlands,2004-07-01,4.26599979,,2.66199994,3.41899991
Netherlands,2004-08-01,4.07200003,,2.45799994,3.18499994
Netherlands,2004-09-01,4.04899979,,2.54099989,3.18799996
Netherlands,2004-10-01,3.91599989,,2.39299989,3.24099994
Netherlands,2004-11-01,3.76999998,,2.32200003,3.11899996
Netherlands,2004-12-01,3.65700006,,2.40499997,3.08500004
Netherlands,2005-01-01,3.52099991,,2.31699991,2.97300005
Netherlands,2005-02-01,3.70600009,,2.37700009,3.13400006
Netherlands,2005-03-01,3.59599996,,2.33500004,3.02399993
Netherlands,2005-04-01,3.37199998,,2.13199997,2.7650001
Netherlands,2005-05-01,3.20700002,,2.18499994,2.61199999
Netherlands,2005-06-01,3.16199994,,2.03800011,2.45099998
Netherlands,2005-07-01,3.2809999,,2.26200008,2.62199998
Netherlands,2005-08-01,3.13100004,,2.19300008,2.51399994
Netherlands,2005-09-01,3.17600012,,2.37400007,2.66400003
Netherlands,2005-10-01,3.41000009,,2.61599994,2.92799997
Netherlands,2005-11-01,3.43400002,,2.76200008,3.02200007
Netherlands,2005-12-01,3.29099989,,2.80999994,3.023
Netherlands,2006-01-01,3.46700001,,2.89899993,3.16100001
Netherlands,2006-02-01,3.48200011,,2.97000003,3.227
Netherlands,2006-03-01,3.79500008,,3.22000003,3.52600002
Netherlands,2006-04-01,3.95099998,,3.24399996,3.63400006
Netherlands,2006-05-01,3.96099997,,3.38000011,3.65100002
Netherlands,2006-06-01,4.04099989,,3.523,3.78600001
Netherlands,2006-07-01,3.93700004,,3.49099994,3.71399999
Netherlands,2006-08-01,3.77099991,,3.52600002,3.59599996
Netherlands,2006-09-01,3.72799993,,3.6170001,3.61500001
Netherlands,2006-10-01,3.76099992,,3.69700003,3.67799997
Netherlands,2006-11-01,3.70600009,,3.70099998,3.63599992
Netherlands,2006-12-01,3.98699999,,4.01200008,3.92600012
Netherlands,2007-01-01,4.11399984,,3.97000003,4.01999998
Netherlands,2007-02-01,3.98699999,,3.93799996,3.89899993
Netherlands,2007-03-01,4.09899998,,4.03200006,4.03100014
Netherlands,2007-04-01,4.18900013,,4.11199999,4.11600018
Netherlands,2007-05-01,4.44299984,,4.21400023,4.41400003
Netherlands,2007-06-01,4.58599997,,4.2579999,4.51499987
Netherlands,2007-07-01,4.43400002,,4.31799984,4.34399986
Netherlands,2007-08-01,4.34399986,,4.0630002,4.18599987
Netherlands,2007-09-01,4.43599987,,4.08699989,4.23099995
Netherlands,2007-10-01,4.35900021,,4.15299988,4.23999977
Netherlands,2007-11-01,4.2420001,,3.92000008,3.9920001
Netherlands,2007-12-01,4.40799999,,4.05800009,4.1789999
Netherlands,2008-01-01,4.04400015,,3.4690001,3.63100004
Netherlands,2008-02-01,4.05499983,,3.21600008,3.45600009
Netherlands,2008-03-01,4.13999987,,3.66799998,3.75099993
Netherlands,2008-04-01,4.329,,3.88700008,4.0170002
Netherlands,2008-05-01,4.60200024,,4.39799976,4.40399981
Netherlands,2008-06-01,4.80999994,,4.73500013,4.78800011
Netherlands,2008-07-01,4.54300022,,4.38100004,4.35699987
Netherlands,2008-08-01,4.38399982,,4.2579999,4.20800018
Netherlands,2008-09-01,4.34299994,,3.4289999,4.00099993
Netherlands,2008-10-01,4.39300013,,2.82999992,3.49699998
Netherlands,2008-11-01,3.66499996,,2.27900004,3.04299998
Netherlands,2008-12-01,3.5539999,,1.949,2.85299993
Netherlands,2009-01-01,3.96799994,,1.80900002,2.95799994
Netherlands,2009-02-01,3.8900001,,1.64199996,2.99499989
Netherlands,2009-03-01,3.73399997,,1.40600002,2.80800009
Netherlands,2009-04-01,3.68499994,,1.47599995,2.76399994
Netherlands,2009-05-01,4.0170002,,1.34399998,3.04200006
Netherlands,2009-06-01,3.81100011,,1.204,2.82599998
Netherlands,2009-07-01,3.62100005,,0.98799998,2.64199996
Netherlands,2009-08-01,3.57999992,,0.98100001,2.64599991
Netherlands,2009-09-01,3.49300003,,0.88999999,2.523
Netherlands,2009-10-01,3.51300001,,0.92500001,2.53800011
Netherlands,2009-11-01,3.41100001,,0.92699999,2.37599993
Netherlands,2009-12-01,3.55599999,,0.85100001,2.50099993
Netherlands,2010-01-01,3.42199993,,1.18900001,2.2579999
Netherlands,2010-02-01,3.39599991,,0.88599998,2.37700009
Netherlands,2010-03-01,3.329,,0.90200001,2.34899998
Netherlands,2010-04-01,3.25200009,,0.70099998,2.18899989
Netherlands,2010-05-01,2.87100005,,0.48500001,1.81099999
Netherlands,2010-06-01,2.81599998,,0.62300003,1.70599997
Netherlands,2010-07-01,2.89100003,,0.78100002,1.89499998
Netherlands,2010-08-01,2.29200006,,0.58399999,1.43200004
Netherlands,2010-09-01,2.51600003,,0.88700002,1.63
Netherlands,2010-10-01,2.72799993,,1.06099999,1.80999994
Netherlands,2010-11-01,2.96199989,,0.88499999,1.85399997
Netherlands,2010-12-01,3.14400005,,0.73500001,1.90199995
Netherlands,2011-01-01,3.3269999,,1.26800001,2.35899997
Netherlands,2011-02-01,3.36199999,,1.33800006,2.38000011
Netherlands,2011-03-01,3.64899993,,2.17499995,2.92000008
Netherlands,2011-04-01,3.50900006,,2.21300006,2.83500004
Netherlands,2011-05-01,3.32299995,,1.91199994,2.57200003
Netherlands,2011-06-01,3.3440001,,1.83500004,2.73799992
Netherlands,2011-07-01,2.95300007,,1.324,2.23900008
Netherlands,2011-08-01,2.602,,0.78100002,1.83599997
Netherlands,2011-09-01,2.28699994,,0.653,1.62
Netherlands,2011-10-01,2.44499993,,0.70999998,1.66700006
Netherlands,2011-11-01,2.66899991,,0.449,1.82000005
Netherlands,2011-12-01,2.17799997,,0.175,1.42700005
Netherlands,2012-01-01,2.16000009,,0.368,1.23699999
Netherlands,2012-02-01,2.29699993,,0.345,1.26100004
Netherlands,2012-03-01,2.34599996,,0.37200001,1.27400005
Netherlands,2012-04-01,2.24000001,,0.27700001,1.21200001
Netherlands,2012-05-01,1.62100005,,0.207,0.80400002
Netherlands,2012-06-01,2.102,,0.199,1.11500001
Netherlands,2012-07-01,1.63199997,,-0.002,0.52700001
Netherlands,2012-08-01,1.72399998,,0.038,0.71
Netherlands,2012-09-01,1.71099997,,0.077,0.72
Netherlands,2012-10-01,1.74000001,,0.078,0.71
Netherlands,2012-11-01,1.60099995,,0.058,0.57
Netherlands,2012-12-01,1.49699998,,0.052,0.43
Netherlands,2013-01-01,1.87699997,,0.28200001,0.85
Netherlands,2013-02-01,1.81,,0.12800001,0.78
Netherlands,2013-03-01,1.66,,0.096,0.71
Netherlands,2013-04-01,,,0.048,0.55
Netherlands,2013-05-01,,,0.13,0.73
Netherlands,2013-06-01,,,0.18700001,1.02
Netherlands,2013-07-01,,,0.22400001,0.87
Netherlands,2013-08-01,,,0.30700001,1.05
Netherlands,2013-09-01,,,0.25099999,0.94
Netherlands,2013-10-01,,,0.193,0.76
Netherlands,2013-11-01,,,0.19,0.72
Netherlands,2013-12-01,,,0.226,0.91
Netherlands,2014-01-01,,,0.206,0.6
Netherlands,2014-02-01,,,0.233,0.6
Netherlands,2014-03-01,,,0.237,0.55
Netherlands,2014-04-01,,,0.221,0.5
Netherlands,2014-05-01,,,0.138,0.47
Netherlands,2014-06-01,,,0.077,
Netherlands,2014-07-01,,,0.047,0.34
Netherlands,2014-08-01,,,0.007,0.21
Netherlands,2014-09-01,1.24,,-0.028,0.22
Netherlands,2014-10-01,1.051,,0.002,0.306
Netherlands,2014-11-01,0.81,,0.014,0.21
Netherlands,2014-12-01,0.68,,-0.024,0.12
Netherlands,2015-01-01,0.37,,-0.094,0.007
Netherlands,2015-02-01,0.37,,-0.154,-0.053
Netherlands,2015-03-01,0.26,,-0.19599999,-0.053
Netherlands,2015-04-01,0.485,,-0.167,0.053
Netherlands,2015-05-01,0.669,,-0.19400001,0.059
Netherlands,2015-06-01,1.02,,-0.17900001,0.15
Netherlands,2015-07-01,0.83,,-0.20200001,0.04
Netherlands,2015-08-01,0.99,,-0.178,0.12
Netherlands,2015-09-01,0.78,,-0.227,0.05
Netherlands,2015-10-01,0.68,,-0.301,-0.04
Netherlands,2015-11-01,0.64,,-0.382,-0.13
Netherlands,2015-12-01,0.829,,-0.35280001,-0.025
Netherlands,2016-01-01,0.45,,-0.44,-0.272
Netherlands,2016-02-01,0.247,,-0.498,-0.4
Netherlands,2016-03-01,0.227,,-0.46700001,-0.339
Netherlands,2016-04-01,0.3822,,-0.43900001,-0.3106
Netherlands,2016-05-01,0.2328,,-0.454,-0.3819
Netherlands,2016-06-01,-0.0303,,-0.58600003,-0.5499
Netherlands,2016-07-01,-0.0157,,-0.58499998,-0.4651
Netherlands,2016-08-01,0.042,,-0.59399998,-0.4227
Netherlands,2016-09-01,0.004,,-0.63700002,-0.4678
Netherlands,2016-10-01,0.2769,,-0.61799997,-0.3071
Netherlands,2016-11-01,0.4346,,-0.69099998,-0.2847
Netherlands,2016-12-01,0.3429,,-0.7275,-0.3683
Netherlands,2017-01-01,0.5759,,-0.6431,-0.1903
Netherlands,2017-02-01,0.479,,-0.8206,-0.4059
Netherlands,2017-03-01,0.5799,,-0.7042,-0.2733
Netherlands,2017-04-01,0.5479,,-0.6518,-0.3159
Netherlands,2017-05-01,0.512,,-0.6559,-0.3619
Netherlands,2017-06-01,0.6566,,-0.5648,-0.1858
Netherlands,2017-07-01,0.6552,,-0.6505,-0.2417
Netherlands,2017-08-01,0.4937,,-0.7027,-0.3701
Netherlands,2017-09-01,0.576,,-0.6888,-0.3164
Netherlands,2017-10-01,0.4685,,-0.748,-0.4029
Netherlands,2017-11-01,0.4636,,-0.7058,-0.3664
Netherlands,2017-12-01,0.5307,,-0.6501,-0.265
Netherlands,2018-01-01,0.7311,,-0.5827,-0.0689
Netherlands,2018-02-01,0.7022,,-0.642,-0.1614
Netherlands,2018-03-01,0.6403,,-0.6687,-0.273
Netherlands,2018-04-01,0.6997,,-0.6346,-0.2386
Netherlands,2018-05-01,0.5303,,-0.6369,-0.01
Netherlands,2018-06-01,0.464,,-0.668,-0.2273
Netherlands,2018-07-01,0.5325,,-0.6016,-0.14
Netherlands,2018-08-01,0.4512,,-0.6058,-0.2093
Netherlands,2018-09-01,0.5814,,-0.5497,-0.0632
Netherlands,2018-10-01,0.5172,,-0.666,-0.1602
Netherlands,2018-11-01,0.4429,,-0.6469,-0.2462
Netherlands,2018-12-01,0.3839,,-0.7059,-0.2889
Netherlands,2019-01-01,0.25099999,,-0.55839998,-0.233
Netherlands,2019-02-01,0.38699999,,-0.50770003,-0.18099999
Netherlands,2019-03-01,0.131,,-0.60229999,-0.368
Netherlands,2019-04-01,0.189,,-0.58149999,-0.333
Netherlands,2019-05-01,-0.012,,-0.66530001,-0.49599999
Netherlands,2019-06-01,-0.15700001,,-0.69019997,-0.583
Netherlands,2019-07-01,-0.32800001,,-0.76770002,-0.67699999
Netherlands,2019-08-01,-0.54299998,,-0.88919997,-0.82099998
Netherlands,2019-09-01,-0.428,,-0.7658,-0.71100003
Netherlands,2019-10-01,-0.2775,,-0.6595,-0.60350001
Netherlands,2019-11-01,-0.223,,-0.6365,-0.53500003
Netherlands,2019-12-01,-0.06,,-0.62400001,-0.43000001
Netherlands,2020-01-01,-0.34200001,,-0.66850001,-0.61750001
Netherlands,2020-02-01,-0.477,,-0.7236,-0.6971
Netherlands,2020-03-01,-0.221,,-0.6488,-0.519
Netherlands,2020-04-01,-0.3,,-0.6692,-0.5963
Netherlands,2020-05-01,-0.242,,-0.607,-0.5273
Netherlands,2020-06-01,-0.293,,-0.6402,-0.5797
Netherlands,2020-07-01,-0.391,,-0.6495,-0.6457
Netherlands,2020-08-01,-0.282,,-0.5963,-0.5697
Netherlands,2020-09-01,-0.407,,-0.6592,-0.6477
Netherlands,2020-10-01,-0.508,,-0.7582,-0.7449
Netherlands,2020-11-01,-0.485,,-0.7068,-0.6952
Netherlands,2020-12-01,-0.481,,-0.6983,-0.7144
Netherlands,2021-01-01,-0.449,,-0.7038,-0.6965
Netherlands,2021-02-01,-0.211,,-0.6324,-0.5513
Netherlands,2021-03-01,-0.229,,-0.6481,-0.6141
Netherlands,2021-04-01,-0.052,,-0.6899,-0.4889
Netherlands,2021-05-01,-0.016,,-0.6832,-0.473
Netherlands,2021-06-01,-0.092,,-0.6939,-0.515
Netherlands,2021-07-01,-0.327,,-0.7874,-0.701
Netherlands,2021-08-01,-0.256,,-0.7486,-0.641
Netherlands,2021-09-01,-0.082,,-0.7274,-0.54
Netherlands,2021-10-01,0.039,,-0.6421,-0.365
Netherlands,2021-11-01,-0.209,,-0.7774,-0.595
Netherlands,2021-12-01,-0.028,,-0.6939,-0.439
Netherlands,2022-01-01,0.148,,-0.5768,-0.236
Netherlands,2022-02-01,0.352,,-0.4434,-0.079
Netherlands,2022-03-01,0.809,,0.0297,0.472
Netherlands,2022-04-01,1.227,,0.3554,0.834
Netherlands,2022-05-01,1.414,,0.5063,1.003
Netherlands,2022-06-01,1.702,,0.6874,1.226
Netherlands,2022-07-01,1.127,,0.3253,0.659
Netherlands,2022-08-01,1.888,,1.1585,1.541
Netherlands,2022-09-01,2.442,,1.7242,2.112
Netherlands,2022-10-01,2.435,,1.9347,2.121
Netherlands,2022-11-01,2.2085,,2.0615,2.079
Netherlands,2022-12-01,2.9147,,2.7313,2.751
Netherlands,2023-01-01,2.5968,,2.6106,2.471
Netherlands,2023-02-01,2.941,,3.1161,2.904
Netherlands,2023-03-01,2.634,,2.6351,2.505
Netherlands,2023-04-01,2.69,,2.6787,2.546
Netherlands,2023-05-01,2.645,,2.7202,2.498
Netherlands,2023-06-01,2.743,,3.1764,2.782
Netherlands,2023-07-01,2.823,,3.1108,2.762
Netherlands,2023-08-01,2.793,,3.0152,2.694
Netherlands,2023-09-01,3.199,,3.3646,3.027
Netherlands,2023-10-01,3.164,,3.1726,2.916
Netherlands,2023-11-01,2.788,,3.1966,2.605
Netherlands,2023-12-01,2.32,,2.402,2.299
Netherlands,2024-01-01,2.447,,2.515,2.267
Netherlands,2024-02-01,2.697,,3.004,2.642
Netherlands,2024-03-01,2.566,,2.928,2.523
Netherlands,2024-04-01,2.885,,3.058,2.767
Netherlands,2024-05-01,2.944,,3.073,2.86
Netherlands,2024-06-01,2.819,,2.822,2.68
New Zealand,2016-04-01,2.86,,2.08,2.26
New Zealand,2016-05-01,2.62,,2.115,2.185
New Zealand,2016-06-01,2.37,,2.045,2.05
New Zealand,2016-07-01,2.21,,1.835,1.89
New Zealand,2016-08-01,2.255,,1.81,1.84
New Zealand,2016-09-01,2.285,,1.89,1.95
New Zealand,2016-10-01,2.725,,1.9,2.205
New Zealand,2016-11-01,3.145,,1.915,2.505
New Zealand,2016-12-01,3.36,,1.91,2.69
New Zealand,2017-01-01,3.38,,1.95,2.725
New Zealand,2017-02-01,3.255,,2.19,2.595
New Zealand,2017-03-01,3.21,,2.16,2.495
New Zealand,2017-04-01,3.065,,2.1,2.445
New Zealand,2017-05-01,2.795,,1.94,2.205
New Zealand,2017-06-01,2.995,,2.085,2.395
New Zealand,2017-07-01,3.005,,1.945,2.59
New Zealand,2017-08-01,2.925,,2.05,2.505
New Zealand,2017-09-01,2.985,,2.105,2.555
New Zealand,2017-10-01,2.935,,2.025,2.455
New Zealand,2017-11-01,2.735,,1.93,2.335
New Zealand,2017-12-01,2.74,,1.9,2.26
New Zealand,2018-01-01,2.92,,1.95,2.42
New Zealand,2018-02-01,2.965,,1.905,2.435
New Zealand,2018-03-01,2.735,,1.88,2.305
New Zealand,2018-04-01,2.855,,1.895,2.385
New Zealand,2018-05-01,2.74,,1.855,2.28
New Zealand,2018-06-01,2.855,,1.81,2.16
New Zealand,2018-07-01,2.77,,1.83,2.15
New Zealand,2018-08-01,2.54,,1.645,1.915
New Zealand,2018-09-01,2.62,,1.74,1.99
New Zealand,2018-10-01,2.545,,1.74,1.95
New Zealand,2018-11-01,2.57,,1.75,2.02
New Zealand,2018-12-01,2.37,,1.705,1.865
New Zealand,2019-01-01,2.2349999,,1.71,1.75
New Zealand,2019-02-01,2.20000005,,1.67,1.70000005
New Zealand,2019-03-01,1.83299994,,1.43,1.48000002
New Zealand,2019-04-01,1.92799997,,1.445,1.62
New Zealand,2019-05-01,1.74000001,,1.255,1.40999997
New Zealand,2019-06-01,1.59500003,,1.1571,1.27499998
New Zealand,2019-07-01,1.47000003,,1.025,1.15999997
New Zealand,2019-08-01,1.09500003,,0.795,0.86500001
New Zealand,2019-09-01,1.148,,0.8081,0.94300002
New Zealand,2019-10-01,1.27900004,,0.8684,0.99550003
New Zealand,2019-11-01,1.29900002,,0.9697,1.10099995
New Zealand,2019-12-01,1.65999997,,1.13,1.35950005
New Zealand,2020-01-01,1.31200004,,1.01,1.09800005
New Zealand,2020-02-01,1.085,,0.808985,0.888
New Zealand,2020-03-01,1.14,,0.2602,0.758
New Zealand,2020-04-01,0.738,,0.1545,0.32
New Zealand,2020-05-01,0.85,,0.2518,0.395
New Zealand,2020-06-01,0.958,,0.3176,0.458
New Zealand,2020-07-01,0.773,,0.3112,0.37
New Zealand,2020-08-01,0.655,,0.1105,0.17
New Zealand,2020-09-01,0.553,,-0.0006,0.063
New Zealand,2020-10-01,0.563,,-0.0194,0.053
New Zealand,2020-11-01,0.878,,0.2126,0.315
New Zealand,2020-12-01,1.018,,0.288,0.415
New Zealand,2021-01-01,1.155,,0.225,0.435
New Zealand,2021-02-01,1.923,,0.395,0.728
New Zealand,2021-03-01,1.84,,0.31,0.998
New Zealand,2021-04-01,1.6586,,0.2607,0.8786
New Zealand,2021-05-01,1.825,,0.31,1.09
New Zealand,2021-06-01,1.793,,0.53,1.15
New Zealand,2021-07-01,1.55,,0.735,1.155
New Zealand,2021-08-01,1.763,,0.94,1.395
New Zealand,2021-09-01,2.023,,1.025,1.558
New Zealand,2021-10-01,2.603,,2.078,2.378
New Zealand,2021-11-01,2.41,1.46,1.845,2.205
New Zealand,2021-12-01,2.33,1.57,1.975,2.235
New Zealand,2022-01-01,2.603,1.77,2.16,2.465
New Zealand,2022-02-01,2.74,1.93,2.368,2.65
New Zealand,2022-03-01,3.28,2.45,2.953,3.18
New Zealand,2022-04-01,3.673,2.89,3.36,3.598
New Zealand,2022-05-01,3.595,3.0,3.393,3.485
New Zealand,2022-06-01,3.81,3.33,3.453,3.638
New Zealand,2022-07-01,3.398,3.28,3.285,3.288
New Zealand,2022-08-01,4.03,3.78,3.923,3.955
New Zealand,2022-09-01,4.294,4.06,4.22,4.263
New Zealand,2022-10-01,4.293,4.42,4.415,4.318
New Zealand,2022-11-01,4.033,4.688,4.568,4.198
New Zealand,2022-12-01,4.553,5.15,4.955,4.55
New Zealand,2023-01-01,4.145,4.848,4.48,4.03
New Zealand,2023-02-01,4.645,5.22,5.013,4.635
New Zealand,2023-03-01,4.225,4.97,4.65,4.28
New Zealand,2023-04-01,4.11,5.23,4.588,4.063
New Zealand,2023-05-01,4.283,5.39,4.783,4.215
New Zealand,2023-06-01,4.654,5.453,5.3,4.619
New Zealand,2023-07-01,4.705,5.7,5.403,4.74
New Zealand,2023-08-01,4.878,5.7,5.46,4.905
New Zealand,2023-09-01,5.34,5.82,5.76,5.313
New Zealand,2023-10-01,5.595,5.71,5.605,5.405
New Zealand,2023-11-01,5.035,5.26,5.005,4.858
New Zealand,2023-12-01,4.391,5.028,4.422,4.167
New Zealand,2024-01-01,4.598,5.15,4.603,4.363
New Zealand,2024-02-01,4.773,5.33,4.805,4.587
New Zealand,2024-03-01,4.614,5.203,4.621,4.387
New Zealand,2024-04-01,4.968,5.39,4.988,4.788
New Zealand,2024-05-01,4.84,5.39,4.928,4.668
New Zealand,2024-06-01,4.698,5.425,4.905,4.55
Norway,1994-02-01,5.67000008,4.71999979,,5.13000011
Norway,1994-03-01,6.51000023,5.3499999,,6.0
Norway,1994-04-01,7.0,5.11999989,,6.26999998
Norway,1994-05-01,7.98999977,5.42000008,,7.4000001
Norway,1994-06-01,8.05000019,5.51000023,,7.55999994
Norway,1994-07-01,7.76000023,5.59000015,,7.34000015
Norway,1994-08-01,8.31000042,,,7.88000011
Norway,1994-09-01,9.03999996,,,8.60999966
Norway,1994-10-01,8.72999954,,,8.31000042
Norway,1994-11-01,8.18999958,,,7.84000015
Norway,1994-12-01,8.02999973,,,7.67999983
Norway,1995-01-01,8.07999992,,,7.55999994
Norway,1995-02-01,7.92999983,5.5,,7.30000019
Norway,1995-03-01,7.96999979,5.42999983,,7.30999994
Norway,1995-04-01,7.6500001,5.34000015,,
Norway,1995-05-01,7.3499999,5.46000004,,
Norway,1995-06-01,7.75,,,
Norway,1995-07-01,7.55000019,,,
Norway,1995-08-01,7.30999994,,,
Norway,1995-09-01,7.13999987,,,
Norway,1995-10-01,6.92000008,,,
Norway,1995-11-01,6.53000021,,,
Norway,1995-12-01,6.42000008,,,
Norway,1996-01-01,6.67000008,,,5.98000002
Norway,1996-02-01,6.98600006,,,6.05999994
Norway,1996-03-01,6.88399982,,,5.92999983
Norway,1996-04-01,6.76800013,,,5.78000021
Norway,1996-05-01,7.02699995,,,6.07000017
Norway,1996-06-01,7.07000017,,,6.26000023
Norway,1996-07-01,7.05999994,,,6.26000023
Norway,1996-08-01,7.13999987,,,6.3499999
Norway,1996-09-01,6.86999989,,,6.13999987
Norway,1996-10-01,6.82999992,,,6.0
Norway,1996-11-01,6.28999996,,,5.30999994
Norway,1996-12-01,6.25,,,5.21999979
Norway,1997-01-01,5.86999989,,,4.5999999
Norway,1997-02-01,5.6500001,,,4.48199987
Norway,1997-03-01,6.09000015,,,4.87900019
Norway,1997-04-01,6.13999987,,,4.84399986
Norway,1997-05-01,6.07999992,,,5.25
Norway,1997-06-01,5.94999981,,,5.19000006
Norway,1997-07-01,5.92000008,,,5.36000013
Norway,1997-08-01,6.03999996,,,5.44000006
Norway,1997-09-01,5.76999998,4.03000021,,5.17999983
Norway,1997-10-01,5.80000019,4.42999983,,5.32999992
Norway,1997-11-01,5.5999999,4.23000002,,5.17999983
Norway,1997-12-01,5.48999977,4.17999983,,5.1500001
Norway,1998-01-01,5.28000021,4.23000002,,4.94000006
Norway,1998-02-01,5.25,4.21999979,,4.94999981
Norway,1998-03-01,5.25,4.21000004,,4.92999983
Norway,1998-04-01,5.44999981,4.51000023,,5.19000006
Norway,1998-05-01,5.48999977,5.01000023,,5.36999989
Norway,1998-06-01,5.55999994,5.17000008,,5.51000023
Norway,1998-07-01,5.32000017,5.46999979,,5.32999992
Norway,1998-08-01,5.94999981,7.25,,6.15999985
Norway,1998-09-01,5.3499999,7.17999983,,5.6500001
Norway,1998-10-01,5.53999996,6.8499999,,5.51999998
Norway,1998-11-01,5.28999996,6.5999999,,5.26000023
Norway,1998-12-01,5.34000015,6.96999979,,5.42999983
Norway,1999-01-01,4.6500001,5.69999981,,4.59000015
Norway,1999-02-01,4.94999981,5.82999992,,4.8499999
Norway,1999-03-01,4.8499999,5.23999977,,4.75
Norway,1999-04-01,4.69999981,5.28000021,,4.61000013
Norway,1999-05-01,5.11999989,5.55000019,,5.0999999
Norway,1999-06-01,5.6500001,5.82000017,,5.59000015
Norway,1999-07-01,5.94000006,5.61000013,,5.80999994
Norway,1999-08-01,5.88000011,5.75,,5.73000002
Norway,1999-09-01,6.15999985,5.76000023,,5.9000001
Norway,1999-10-01,6.17000008,5.91200018,,5.94000006
Norway,1999-11-01,6.13999987,5.73099995,,5.9000001
Norway,1999-12-01,6.15399981,5.76000023,,5.98400021
Norway,2000-01-01,6.38000011,5.9369998,,6.19000006
Norway,2000-02-01,6.3499999,6.09700012,,6.28999996
Norway,2000-03-01,6.11000013,6.3130002,,6.26999998
Norway,2000-04-01,6.21000004,6.45100021,,6.42000008
Norway,2000-05-01,6.17999983,6.7329998,,6.38000011
Norway,2000-06-01,6.19999981,7.23000002,,6.57999992
Norway,2000-07-01,6.19999981,7.4000001,,6.63999987
Norway,2000-08-01,6.32000017,7.40600014,,6.73000002
Norway,2000-09-01,6.30000019,7.37099981,,6.65999985
Norway,2000-10-01,6.36000013,7.58799982,,6.67000008
Norway,2000-11-01,6.0999999,7.29099989,,6.26999998
Norway,2000-12-01,5.98000002,7.41900015,,6.32999992
Norway,2001-01-01,5.94000006,6.94899988,,6.17999983
Norway,2001-02-01,5.96999979,7.24800014,,6.32999992
Norway,2001-03-01,6.09000015,7.14499998,,6.48000002
Norway,2001-04-01,6.42000008,7.1789999,,6.61000013
Norway,2001-05-01,6.73000002,7.33199978,,6.96999979
Norway,2001-06-01,6.69000006,7.37099981,,6.90999985
Norway,2001-07-01,6.53999996,7.3130002,,6.5999999
Norway,2001-08-01,6.42999983,7.00899982,,6.42999983
Norway,2001-09-01,6.30000019,6.75099993,,6.19000006
Norway,2001-10-01,5.86999989,6.33199978,,5.80000019
Norway,2001-11-01,5.94000006,6.75299978,,5.86000013
Norway,2001-12-01,6.32000017,6.10300016,,6.09000015
Norway,2002-01-01,6.30999994,7.19999981,,6.36999989
Norway,2002-02-01,6.44000006,6.579,,6.46000004
Norway,2002-03-01,6.67199993,6.65600014,,6.56099987
Norway,2002-04-01,6.69999981,6.96199989,,6.71000004
Norway,2002-05-01,6.86999989,7.30299997,,7.01000023
Norway,2002-06-01,6.61999989,7.19700003,,6.75
Norway,2002-07-01,6.42999983,7.27400017,,6.5999999
Norway,2002-08-01,6.19999981,6.96600008,,6.32999992
Norway,2002-09-01,5.98999977,6.89300013,,6.05000019
Norway,2002-10-01,6.21000004,6.76100016,,6.07999992
Norway,2002-11-01,6.13000011,6.58900023,,5.98999977
Norway,2002-12-01,5.78999996,5.65600014,,5.48000002
Norway,2003-01-01,5.48999977,5.42600012,,5.15999985
Norway,2003-02-01,5.25,4.99100018,,4.9000001
Norway,2003-03-01,5.28000021,5.10300016,,5.07999992
Norway,2003-04-01,5.28000021,4.72800016,,4.78999996
Norway,2003-05-01,4.69999981,4.0630002,,4.11999989
Norway,2003-06-01,4.69999981,3.24399996,,3.81999993
Norway,2003-07-01,5.01000023,3.09200001,,4.11000013
Norway,2003-08-01,4.98999977,2.92600012,,4.01999998
Norway,2003-09-01,4.73000002,2.75099993,,3.74000001
Norway,2003-10-01,4.92999983,2.90499997,,3.94000006
Norway,2003-11-01,4.94999981,2.78600001,,3.86999989
Norway,2003-12-01,4.57000017,2.23799992,,3.24000001
Norway,2004-01-01,4.46000004,2.18300009,,3.82999992
Norway,2004-02-01,3.95000005,1.62699997,,3.22000003
Norway,2004-03-01,4.18900013,1.83899999,,3.50099993
Norway,2004-04-01,4.80999994,2.07800007,,4.12099981
Norway,2004-05-01,4.67399979,2.02600002,,4.06699991
Norway,2004-06-01,4.55600023,2.14700007,,3.95499992
Norway,2004-07-01,4.46899986,2.09599996,,3.7190001
Norway,2004-08-01,4.31500006,1.921,,3.49000001
Norway,2004-09-01,4.32200003,1.98199999,,3.52399993
Norway,2004-10-01,4.16800022,1.89199996,,3.28299999
Norway,2004-11-01,4.03700018,1.82299995,,3.06699991
Norway,2004-12-01,4.0539999,1.98800004,,3.17799997
Norway,2005-01-01,3.83200002,1.95700002,,3.01900005
Norway,2005-02-01,3.94400001,2.05500007,,3.22300005
Norway,2005-03-01,4.02600002,2.24300003,,3.26699996
Norway,2005-04-01,3.80699992,2.204,,3.15499997
Norway,2005-05-01,3.64400005,2.22600007,,3.00600004
Norway,2005-06-01,3.49699998,2.21000004,,2.77200007
Norway,2005-07-01,3.58999991,2.35599995,,2.9000001
Norway,2005-08-01,3.52200007,2.34899998,,2.97099996
Norway,2005-09-01,3.546,2.35800004,,3.0309999
Norway,2005-10-01,3.86899996,2.49900007,,3.4289999
Norway,2005-11-01,3.9289999,2.70799994,,3.49399996
Norway,2005-12-01,3.63499999,2.61899996,,
Norway,2006-01-01,3.77800012,2.52200007,,
Norway,2006-02-01,3.66599989,2.6730001,,
Norway,2006-03-01,3.91799998,2.99699998,,
Norway,2006-04-01,4.09200001,3.079,,
Norway,2006-05-01,4.25500011,3.17600012,,
Norway,2006-06-01,4.38999987,3.44899988,,
Norway,2006-07-01,4.33400011,,,
Norway,2006-08-01,4.15999985,,,
Norway,2006-09-01,4.09399986,3.71799994,,
Norway,2006-10-01,4.20800018,3.8210001,,
Norway,2006-11-01,4.13999987,3.9690001,,
Norway,2006-12-01,4.35699987,4.2249999,,
Norway,2007-01-01,4.54899979,3.4849999,,
Norway,2007-02-01,4.44000006,3.74000001,,
Norway,2007-03-01,4.56899977,3.90300012,,
Norway,2007-04-01,4.79300022,4.7420001,,
Norway,2007-05-01,5.04899979,4.9000001,,
Norway,2007-06-01,5.17700005,4.96000004,,
Norway,2007-07-01,5.01000023,,,
Norway,2007-08-01,4.84800005,,,
Norway,2007-09-01,4.95300007,,,
Norway,2007-10-01,4.88399982,,,4.8579998
Norway,2007-11-01,4.70300007,,,4.65500021
Norway,2007-12-01,4.69299984,5.15999985,,4.63100004
Norway,2008-01-01,4.34600019,5.15399981,,4.24800014
Norway,2008-02-01,4.31599998,5.38500023,,4.27099991
Norway,2008-03-01,4.34800005,5.24100018,,4.38999987
Norway,2008-04-01,4.53200006,5.57000017,,4.57999992
Norway,2008-05-01,4.77799988,5.91099977,,4.97800016
Norway,2008-06-01,5.08400011,6.21999979,,5.26999998
Norway,2008-07-01,4.92199993,5.99499989,,4.93300009
Norway,2008-08-01,4.69500017,6.09600019,,4.77400017
Norway,2008-09-01,4.25400019,5.21000004,,4.33199978
Norway,2008-10-01,4.30800009,2.45300007,,3.86899996
Norway,2008-11-01,3.95799994,4.52299976,,3.41599989
Norway,2008-12-01,3.88499999,1.56799996,,3.22300005
Norway,2009-01-01,3.73699999,1.61899996,,2.74799991
Norway,2009-02-01,3.86599994,2.26300001,,2.9519999
Norway,2009-03-01,3.80999994,1.80900002,,2.7349999
Norway,2009-04-01,3.97199988,1.95200002,,2.9849999
Norway,2009-05-01,4.29899979,1.61300004,,3.07200003
Norway,2009-06-01,4.18599987,2.45300007,,3.00699997
Norway,2009-07-01,4.05200005,1.61899996,,2.96700001
Norway,2009-08-01,4.21099997,2.20499992,,3.2980001
Norway,2009-09-01,4.19299984,2.63599992,,3.4519999
Norway,2009-10-01,4.09200001,2.32500005,,3.34599996
Norway,2009-11-01,3.90499997,2.30999994,,3.07999992
Norway,2009-12-01,4.16900015,2.38800001,,3.10599995
Norway,2010-01-01,3.99399996,2.38499999,,3.53999996
Norway,2010-02-01,3.63000011,2.39499998,,3.08699989
Norway,2010-03-01,3.76099992,2.40499997,,3.16000009
Norway,2010-04-01,3.62800002,2.44099998,,2.96700001
Norway,2010-05-01,3.18099999,2.3440001,,2.37800002
Norway,2010-06-01,3.20099998,2.40300012,,2.58299994
Norway,2010-07-01,3.296,2.33899999,,2.58800006
Norway,2010-08-01,,2.43300009,,2.33800006
Norway,2010-09-01,,2.41300011,,2.59599996
Norway,2010-10-01,,2.26099992,,2.45000005
Norway,2010-11-01,,2.23099995,,2.546
Norway,2010-12-01,,2.46300006,,2.93899989
Norway,2011-01-01,,2.49099994,,3.12800002
Norway,2011-02-01,,2.5,,3.10299993
Norway,2011-03-01,,2.5999999,,3.26900005
Norway,2011-04-01,3.70600009,2.68700004,,2.99699998
Norway,2011-05-01,3.40100002,2.48399997,,2.56599998
Norway,2011-06-01,3.40400004,2.57200003,,2.648
Norway,2011-07-01,2.91100001,2.45000005,,2.44300008
Norway,2011-08-01,2.86999989,2.05800009,,2.12299991
Norway,2011-09-01,2.38800001,1.87600005,,1.66799998
Norway,2011-10-01,2.70799994,2.02800012,,2.05200005
Norway,2011-11-01,2.50600004,1.41900003,,1.38300002
Norway,2011-12-01,2.43499994,1.33200002,,1.59099996
Norway,2012-01-01,2.38499999,1.64300001,,1.57299995
Norway,2012-02-01,2.3269999,1.82000005,,1.65600002
Norway,2012-03-01,2.44400001,1.57200003,,1.66999996
Norway,2012-04-01,2.079,1.62199998,,1.53900003
Norway,2012-05-01,2.01900005,1.602,,1.44799995
Norway,2012-06-01,2.07800007,1.52100003,,1.53600001
Norway,2012-07-01,1.93299997,1.47000003,,1.34300005
Norway,2012-08-01,1.97399998,1.52100003,,1.44599998
Norway,2012-09-01,2.14299989,1.67299998,,1.48800004
Norway,2012-10-01,2.05299997,2.09100008,,1.54499996
Norway,2012-11-01,2.10700011,1.69299996,,1.53699994
Norway,2012-12-01,2.13499999,1.60899997,,1.52199996
Norway,2013-01-01,2.61500001,1.71500003,,2.0
Norway,2013-02-01,2.43499994,1.71700001,,1.69099998
Norway,2013-03-01,2.18799996,1.65900004,,1.41799998
Norway,2013-04-01,2.04399991,1.5,,1.28199995
Norway,2013-05-01,2.20099998,1.477,,1.40900004
Norway,2013-06-01,2.55500007,1.51699996,,1.70099998
Norway,2013-07-01,2.70300007,1.51499999,,1.76499999
Norway,2013-08-01,3.00900006,1.62,,2.11199999
Norway,2013-09-01,2.82500005,1.68599999,,1.95099998
Norway,2013-10-01,2.81399989,1.63999999,,2.31699991
Norway,2013-11-01,2.78699994,1.50699997,,2.2249999
Norway,2013-12-01,2.99600005,1.39400005,,2.35700011
Norway,2014-01-01,2.74699998,1.39499998,,2.09800005
Norway,2014-02-01,2.85400009,1.46200001,,2.24399996
Norway,2014-03-01,2.91899991,1.41600001,,2.17000008
Norway,2014-04-01,2.81399989,1.40100002,,2.11400008
Norway,2014-05-01,2.66899991,1.43599999,,1.96899998
Norway,2014-06-01,2.48399997,1.38499999,,1.73899996
Norway,2014-07-01,2.35400009,1.32599998,,1.67999995
Norway,2014-08-01,2.25399995,1.33500004,,1.71599996
Norway,2014-09-01,2.25699997,1.35000002,,1.72099996
Norway,2014-10-01,2.04900002,1.25899994,,1.43599999
Norway,2014-11-01,1.88100004,1.22300005,,1.398
Norway,2014-12-01,1.53900003,1.02499998,,0.98299998
Norway,2015-01-01,1.255,0.75700003,,0.74599999
Norway,2015-02-01,1.40499997,0.83999997,,0.85699999
Norway,2015-03-01,1.41499996,0.889,,1.01999998
Norway,2015-04-01,1.579,0.917,,0.99299997
Norway,2015-05-01,1.52499998,0.88200003,,0.88599998
Norway,2015-06-01,1.85699999,0.91000003,,0.99900001
Norway,2015-07-01,1.56900001,0.81,,0.81199998
Norway,2015-08-01,1.50399995,0.66900003,,0.70300001
Norway,2015-09-01,1.47399998,0.55400002,,0.99199998
Norway,2015-10-01,1.59200001,0.662,,1.12100005
Norway,2015-11-01,1.45299995,0.59299999,,0.99800003
Norway,2015-12-01,1.47800004,0.57700002,,1.01999998
Norway,2016-01-01,1.34899998,0.60399997,,0.903
Norway,2016-02-01,1.35699999,0.528,,0.81199998
Norway,2016-03-01,1.229,0.43900001,,0.699
Norway,2016-04-01,1.5016,0.51999998,,0.9592
Norway,2016-05-01,1.3763,0.60049999,,0.8919
Norway,2016-06-01,1.0018,0.51169997,,0.6158
Norway,2016-07-01,0.9687,0.4973,,0.554
Norway,2016-08-01,1.0696,0.57800001,,0.7239
Norway,2016-09-01,1.2057,0.51840001,,0.8956
Norway,2016-10-01,1.3799,0.52399999,,0.9799
Norway,2016-11-01,1.6632,0.59310001,,1.1148
Norway,2016-12-01,1.6504,0.55620003,,1.0844
Norway,2017-01-01,1.7131,0.5406,,1.0654
Norway,2017-02-01,1.7135,0.54960001,,0.9502
Norway,2017-03-01,1.6395,0.45019999,,0.9336
Norway,2017-04-01,1.629,0.49020001,,0.97
Norway,2017-05-01,1.5085,0.44749999,,0.8552
Norway,2017-06-01,1.642,0.43709999,,0.9379
Norway,2017-07-01,1.66,0.41420001,,0.946
Norway,2017-08-01,1.533,0.41580001,,0.8744
Norway,2017-09-01,1.586,0.4161,,0.9024
Norway,2017-10-01,1.6084,0.4366,,0.9302
Norway,2017-11-01,1.5027,0.38789999,,1.1071
Norway,2017-12-01,1.5838,0.4851,,1.186
Norway,2018-01-01,1.814,0.46799999,,1.404
Norway,2018-02-01,1.9441,0.4763,,1.5194
Norway,2018-03-01,1.8548,0.65490001,,1.4995
Norway,2018-04-01,1.9502,0.72579998,,1.4921
Norway,2018-05-01,1.7644,0.7809,,1.3137
Norway,2018-06-01,1.7681,0.78170002,,1.3413
Norway,2018-07-01,1.8674,0.77890003,,1.5125
Norway,2018-08-01,1.7586,0.7823,,1.382
Norway,2018-09-01,1.9324,0.89399999,,1.5348
Norway,2018-10-01,1.9528,0.91469997,,1.5455
Norway,2018-11-01,1.8138,0.8955,,1.4133
Norway,2018-12-01,1.767,1.03320003,,1.3741
Norway,2019-01-01,1.72899997,1.10399997,,1.34399998
Norway,2019-02-01,1.74199998,1.13,,1.39400005
Norway,2019-03-01,1.63199997,1.245,,1.35300004
Norway,2019-04-01,1.755,1.28400004,,1.47500002
Norway,2019-05-01,1.574,1.25999999,,1.32799995
Norway,2019-06-01,1.45899999,1.30299997,,1.26400006
Norway,2019-07-01,1.40900004,1.31900001,,1.26300001
Norway,2019-08-01,1.16100001,1.27699995,,1.10399997
Norway,2019-09-01,1.23899996,1.38800001,,1.273
Norway,2019-10-01,1.35899997,1.20200002,,1.20850003
Norway,2019-11-01,1.38049996,1.19700003,,1.23049998
Norway,2019-12-01,1.54250002,1.25849998,,1.39950001
Norway,2020-01-01,1.31050003,1.32249999,,1.23399997
Norway,2020-02-01,1.14,1.343,,1.018
Norway,2020-03-01,0.93,0.256,,0.573
Norway,2020-04-01,0.65,0.274,,0.396
Norway,2020-05-01,0.607,0.065,,0.264
Norway,2020-06-01,0.632,0.117,,0.329
Norway,2020-07-01,0.575,0.111,,0.26
Norway,2020-08-01,0.81,0.05,,0.472
Norway,2020-09-01,0.629,-0.002,,0.305
Norway,2020-10-01,0.701,0.083,,0.386
Norway,2020-11-01,0.847,0.102,,0.499
Norway,2020-12-01,0.955,0.114,,0.568
Norway,2021-01-01,1.06,0.146,,0.705
Norway,2021-02-01,1.467,0.229,,1.015
Norway,2021-03-01,1.483,0.377,,1.066
Norway,2021-04-01,1.5124,0.309,,1.0126
Norway,2021-05-01,1.487,0.182,,1.106
Norway,2021-06-01,1.376,0.436,,1.104
Norway,2021-07-01,1.202,0.381,,0.943
Norway,2021-08-01,1.275,0.396,,1.05
Norway,2021-09-01,1.601,0.546,,1.377
Norway,2021-10-01,1.7,0.724,,1.575
Norway,2021-11-01,1.496,0.724,,1.35
Norway,2021-12-01,1.713,1.016,,1.641
Norway,2022-01-01,1.973,1.069,,1.914
Norway,2022-02-01,2.063,1.114,,1.95
Norway,2022-03-01,2.565,1.382,,2.555
Norway,2022-04-01,2.772,1.403,,2.65
Norway,2022-05-01,2.741,1.436,,2.638
Norway,2022-06-01,3.067,2.397,,3.012
Norway,2022-07-01,2.827,2.515,,2.713
Norway,2022-08-01,3.357,3.092,,3.482
Norway,2022-09-01,3.378,2.993,,3.25
Norway,2022-10-01,3.547,3.215,,3.576
Norway,2022-11-01,3.163,3.312,,3.314
Norway,2022-12-01,3.223,3.206,,3.096
Norway,2023-01-01,2.973,3.147,,2.922
Norway,2023-02-01,3.546,3.51,,3.544
Norway,2023-03-01,3.003,3.405,,2.993
Norway,2023-04-01,3.183,3.602,,3.172
Norway,2023-05-01,3.341,3.694,,3.264
Norway,2023-06-01,3.68,4.135,,3.862
Norway,2023-07-01,3.856,4.268,,4.034
Norway,2023-08-01,3.796,4.316,,3.961
Norway,2023-09-01,3.977,4.331,,4.115
Norway,2023-10-01,4.097,4.327,,4.073
Norway,2023-11-01,3.606,4.301,,3.655
Norway,2023-12-01,3.3,4.338,,3.282
Norway,2024-01-01,3.555,4.429,,3.354
Norway,2024-02-01,3.841,4.542,,3.795
Norway,2024-03-01,3.59,4.465,,3.519
Norway,2024-04-01,3.866,4.454,,3.839
Norway,2024-05-01,3.765,4.462,,3.714
Norway,2024-06-01,3.667,4.459,,3.677
Philippines,2000-06-01,14.2,10.844,11.875,13.25
Philippines,2000-07-01,14.75,11.176,12.375,14.0
Philippines,2000-08-01,14.625,11.35,12.25,14.0
Philippines,2000-09-01,15.595,12.663,13.707,14.72
Philippines,2000-10-01,19.375,18.926,19.375,19.35
Philippines,2000-11-01,16.961,15.56,15.515,16.018
Philippines,2000-12-01,17.685,15.398,16.163,16.903
Philippines,2001-01-01,16.289,12.884,14.132,15.139
Philippines,2001-02-01,14.893,12.727,13.702,14.18
Philippines,2001-03-01,15.0,11.214,12.5,13.95
Philippines,2001-04-01,15.375,12.0,13.2,14.65
Philippines,2001-05-01,15.125,11.194,12.6,14.5
Philippines,2001-06-01,15.175,11.28,13.041,14.53
Philippines,2001-07-01,15.748,12.757,14.632,15.277
Philippines,2001-08-01,15.773,13.152,14.33,15.336
Philippines,2001-09-01,15.922,13.061,14.427,15.438
Philippines,2001-10-01,17.616,13.675,15.436,16.809
Philippines,2001-11-01,15.723,11.53,12.979,14.589
Philippines,2001-12-01,15.53,11.477,13.016,14.561
Philippines,2002-01-01,14.438,8.719,10.66,13.212
Philippines,2002-02-01,14.496,8.325,10.561,13.135
Philippines,2002-03-01,14.406,7.305,9.94,13.121
Philippines,2002-04-01,13.071,5.831,8.158,11.346
Philippines,2002-05-01,13.361,7.679,9.285,12.387
Philippines,2002-06-01,13.079,6.883,9.604,12.448
Philippines,2002-07-01,12.594,7.337,9.083,11.521
Philippines,2002-08-01,12.75,7.592,9.385,11.877
Philippines,2002-09-01,12.433,6.842,8.86,11.252
Philippines,2002-10-01,12.849,7.819,9.0,11.056
Philippines,2002-11-01,12.429,7.433,8.885,11.165
Philippines,2002-12-01,12.567,7.837,9.254,11.575
Philippines,2003-01-01,12.304,7.59,8.702,11.286
Philippines,2003-02-01,12.99,8.246,9.469,11.919
Philippines,2003-03-01,12.917,9.302,10.479,12.319
Philippines,2003-04-01,12.986,9.667,10.165,11.777
Philippines,2003-05-01,11.536,8.214,8.858,10.783
Philippines,2003-06-01,11.688,7.828,8.8,10.507
Philippines,2003-07-01,11.58,7.436,8.932,10.48
Philippines,2003-08-01,11.922,8.257,9.772,11.125
Philippines,2003-09-01,11.558,7.723,9.142,10.547
Philippines,2003-10-01,11.268,8.264,8.96,10.441
Philippines,2003-11-01,11.723,8.52,9.58,10.968
Philippines,2003-12-01,11.79,8.352,9.417,10.887
Philippines,2004-01-01,11.642,8.46,9.325,10.988
Philippines,2004-02-01,13.133,6.9268,10.793,12.305
Philippines,2004-03-01,12.632,9.962,10.657,12.145
Philippines,2004-04-01,12.028,9.133,9.918,11.057
Philippines,2004-05-01,12.643,9.52,10.222,11.905
Philippines,2004-06-01,12.928,10.06,10.787,12.183
Philippines,2004-07-01,12.68,9.707,10.102,11.626
Philippines,2004-08-01,13.443,10.186,10.638,12.488
Philippines,2004-09-01,13.398,9.973,10.752,12.233
Philippines,2004-10-01,13.586,9.957,10.828,12.496
Philippines,2004-11-01,13.688,10.009,10.873,12.536
Philippines,2004-12-01,13.867,10.243,11.327,12.855
Philippines,2005-01-01,12.493,9.33,9.852,11.245
Philippines,2005-02-01,12.462,8.927,9.225,11.445
Philippines,2005-03-01,12.275,8.967,9.555,11.482
Philippines,2005-04-01,12.112,8.725,9.708,11.412
Philippines,2005-05-01,11.997,8.152,9.172,10.773
Philippines,2005-06-01,12.033,8.346,9.442,10.97
Philippines,2005-07-01,12.235,8.619,9.584,10.834
Philippines,2005-08-01,12.025,8.867,9.642,10.887
Philippines,2005-09-01,11.957,9.323,9.792,10.858
Philippines,2005-10-01,11.907,9.214,9.827,10.801
Philippines,2005-11-01,10.882,8.352,9.24,9.87
Philippines,2005-12-01,10.193,8.363,9.086,9.568
Philippines,2006-01-01,9.828,7.516,8.37,8.975
Philippines,2006-02-01,9.1,7.459,8.119,8.437
Philippines,2006-03-01,7.838,6.95,7.21,7.422
Philippines,2006-04-01,7.443,6.239,6.477,6.875
Philippines,2006-05-01,10.059,8.093,8.283,8.874
Philippines,2006-06-01,10.302,8.258,8.71,9.623
Philippines,2006-07-01,9.873,7.932,8.328,9.003
Philippines,2006-08-01,9.1,7.435,7.695,8.101
Philippines,2006-09-01,8.261,7.085,7.384,7.686
Philippines,2006-10-01,7.676,6.89,7.027,7.186
Philippines,2006-11-01,6.7,5.756,5.944,6.219
Philippines,2006-12-01,6.38,5.598,5.692,5.986
Philippines,2007-01-01,7.012,5.142,5.64,6.24
Philippines,2007-02-01,6.825,4.955,5.318,5.818
Philippines,2007-03-01,7.171,4.821,5.377,6.086
Philippines,2007-04-01,7.252,5.063,5.686,6.139
Philippines,2007-05-01,7.037,5.411,5.837,6.111
Philippines,2007-06-01,7.423,5.386,6.285,6.929
Philippines,2007-07-01,7.473,5.714,6.819,7.296
Philippines,2007-08-01,7.875,5.86,6.769,7.293
Philippines,2007-09-01,7.154,5.775,6.285,6.71
Philippines,2007-10-01,7.077,5.733,6.223,6.546
Philippines,2007-11-01,6.97,5.685,6.181,6.511
Philippines,2007-12-01,6.583,5.665,5.761,6.04
Philippines,2008-01-01,6.098,5.327,5.394,5.7
Philippines,2008-02-01,7.069,5.945,6.256,6.569
Philippines,2008-03-01,7.267,6.035,6.404,6.779
Philippines,2008-04-01,8.583,6.858,7.714,8.05
Philippines,2008-05-01,8.929,6.977,8.396,8.671
Philippines,2008-06-01,9.429,7.038,7.931,8.925
Philippines,2008-07-01,9.661,7.321,8.079,8.746
Philippines,2008-08-01,8.06,7.102,7.227,7.523
Philippines,2008-09-01,8.14,7.208,7.356,7.677
Philippines,2008-10-01,9.477,7.325,7.846,8.315
Philippines,2008-11-01,9.452,7.246,7.681,8.429
Philippines,2008-12-01,7.437,6.214,6.438,6.813
Philippines,2009-01-01,7.492,4.909,5.577,6.253
Philippines,2009-02-01,8.077,5.073,5.39,6.385
Philippines,2009-03-01,8.156,4.857,5.377,6.704
Philippines,2009-04-01,8.127,4.85,5.027,6.604
Philippines,2009-05-01,7.948,4.786,4.968,6.196
Philippines,2009-06-01,8.113,5.002,5.377,6.373
Philippines,2009-07-01,8.01,4.431,5.092,6.329
Philippines,2009-08-01,7.977,4.523,4.974,6.321
Philippines,2009-09-01,8.027,4.49,4.848,6.347
Philippines,2009-10-01,7.95,4.545,4.802,6.46
Philippines,2009-11-01,7.927,4.673,4.833,6.409
Philippines,2009-12-01,8.111,4.81,5.108,6.361
Philippines,2010-01-01,8.092,4.811,5.163,6.342
Philippines,2010-02-01,7.985,4.568,4.768,6.408
Philippines,2010-03-01,8.04,4.458,4.831,6.419
Philippines,2010-04-01,8.111,4.567,5.128,6.579
Philippines,2010-05-01,8.004,4.681,5.244,6.468
Philippines,2010-06-01,7.929,4.7,5.277,6.406
Philippines,2010-07-01,7.598,4.653,5.207,6.165
Philippines,2010-08-01,6.937,4.673,5.135,5.677
Philippines,2010-09-01,6.233,4.601,5.087,5.474
Philippines,2010-10-01,5.958,4.309,4.611,5.092
Philippines,2010-11-01,6.004,2.864,3.877,4.806
Philippines,2010-12-01,6.1,2.519,3.485,5.031
Philippines,2011-01-01,7.196,4.198,5.012,5.648
Philippines,2011-02-01,7.41,3.269,4.823,6.413
Philippines,2011-03-01,7.206,2.478,4.501,6.048
Philippines,2011-04-01,6.454,2.115,3.744,5.302
Philippines,2011-05-01,6.579,3.288,4.736,5.714
Philippines,2011-06-01,6.558,3.284,4.136,5.187
Philippines,2011-07-01,6.307,3.075,3.6,4.985
Philippines,2011-08-01,5.924,1.633,2.987,4.604
Philippines,2011-09-01,6.227,1.727,3.027,5.531
Philippines,2011-10-01,5.919,1.742,2.802,5.169
Philippines,2011-11-01,5.884,1.83,2.695,5.178
Philippines,2011-12-01,5.413,2.005,2.667,5.082
Philippines,2012-01-01,5.39,2.455,2.964,4.954
Philippines,2012-02-01,5.217,3.187,3.341,4.712
Philippines,2012-03-01,5.796,3.268,3.346,4.825
Philippines,2012-04-01,5.786,2.917,3.377,5.102
Philippines,2012-05-01,6.05,2.877,3.286,5.11
Philippines,2012-06-01,5.919,2.713,3.138,5.106
Philippines,2012-07-01,5.119,2.602,2.944,4.75
Philippines,2012-08-01,5.03,2.336,2.975,4.817
Philippines,2012-09-01,4.896,1.717,2.725,4.71
Philippines,2012-10-01,5.107,1.16,2.961,4.729
Philippines,2012-11-01,5.038,0.99,2.992,3.977
Philippines,2012-12-01,4.4,0.988,3.058,4.106
Philippines,2013-01-01,4.242,1.165,2.827,3.823
Philippines,2013-02-01,3.866,1.192,2.495,3.51
Philippines,2013-03-01,3.529,0.873,2.573,3.071
Philippines,2013-04-01,3.481,0.756,2.183,2.894
Philippines,2013-05-01,3.54,2.21,2.479,2.623
Philippines,2013-06-01,4.277,2.194,3.227,3.731
Philippines,2013-07-01,3.765,1.513,2.45,2.865
Philippines,2013-08-01,3.75,1.663,2.844,3.481
Philippines,2013-09-01,3.844,1.565,2.825,3.475
Philippines,2013-10-01,3.633,0.475,2.427,3.258
Philippines,2013-11-01,3.652,0.917,2.206,2.99
Philippines,2013-12-01,3.804,0.933,2.521,3.763
Philippines,2014-01-01,4.28,2.3,3.061,4.277
Philippines,2014-02-01,4.346,2.04,2.428,3.856
Philippines,2014-03-01,4.456,2.313,2.756,3.748
Philippines,2014-04-01,4.406,2.398,3.052,4.019
Philippines,2014-05-01,4.144,2.1,2.794,3.758
Philippines,2014-06-01,4.167,1.892,2.854,3.981
Philippines,2014-07-01,4.208,2.048,2.958,4.07
Philippines,2014-08-01,4.338,2.067,2.867,4.067
Philippines,2014-09-01,4.347,2.173,2.981,4.215
Philippines,2014-10-01,4.113,1.888,2.819,4.188
Philippines,2014-11-01,4.144,2.162,2.815,3.483
Philippines,2014-12-01,4.371,2.695,3.057,3.68
Philippines,2015-01-01,4.034,2.564,3.082,3.434
Philippines,2015-02-01,3.954,2.432,3.075,3.625
Philippines,2015-03-01,4.061,2.689,3.196,3.827
Philippines,2015-04-01,4.313,3.017,3.302,3.903
Philippines,2015-05-01,4.347,2.469,2.787,3.91
Philippines,2015-06-01,4.355,3.19,2.7,3.89
Philippines,2015-07-01,4.185,3.157,2.6,3.858
Philippines,2015-08-01,4.36,1.875,3.233,3.395
Philippines,2015-09-01,3.799,1.95,2.614,3.492
Philippines,2015-10-01,3.72,2.516,2.865,3.563
Philippines,2015-11-01,4.07,2.01,3.35,3.923
Philippines,2015-12-01,4.1,2.321,3.985,3.925
Philippines,2016-01-01,4.207,2.027,3.715,3.65
Philippines,2016-02-01,3.828,1.575,3.37,4.113
Philippines,2016-03-01,4.69,1.731,3.47,3.458
Philippines,2016-04-01,4.582,2.1003,3.57,3.3983
Philippines,2016-05-01,4.473,1.649,2.464,3.036
Philippines,2016-06-01,4.218,1.725,2.388,2.9
Philippines,2016-07-01,3.247,1.577,2.186,2.82
Philippines,2016-08-01,3.408,1.584,2.209,2.885
Philippines,2016-09-01,3.645,2.011,2.286,3.6321
Philippines,2016-10-01,3.934,1.787,3.182,3.952
Philippines,2016-11-01,4.52,1.862,3.475,4.939
Philippines,2016-12-01,4.628,2.25,3.868,4.743
Philippines,2017-01-01,4.3,2.687,3.691,3.953
Philippines,2017-02-01,4.368,2.754,4.007,3.967
Philippines,2017-03-01,5.055,2.671,3.25,4.258
Philippines,2017-04-01,5.162,2.947,4.478,4.277
Philippines,2017-05-01,4.972,2.854,3.62,4.151
Philippines,2017-06-01,4.669,3.226,3.872,4.034
Philippines,2017-07-01,4.674,2.83,3.653,4.716
Philippines,2017-08-01,4.666,2.893,3.859,4.591
Philippines,2017-09-01,4.609,2.867,3.782,4.637
Philippines,2017-10-01,4.795,2.852,4.08,4.512
Philippines,2017-11-01,5.555,3.411,3.969,5.089
Philippines,2017-12-01,5.699,2.905,3.986,4.744
Philippines,2018-01-01,6.207,2.823,3.9,4.738
Philippines,2018-02-01,6.734,3.356,4.278,5.252
Philippines,2018-03-01,6.0,3.075,4.161,5.24
Philippines,2018-04-01,6.203,4.366,4.255,5.399
Philippines,2018-05-01,6.099,4.111,4.388,5.431
Philippines,2018-06-01,6.422,4.474,4.784,5.762
Philippines,2018-07-01,6.545,4.862,5.059,5.85
Philippines,2018-08-01,6.37,4.865,4.971,5.792
Philippines,2018-09-01,7.213,5.276,6.199,7.04
Philippines,2018-10-01,7.95,6.302,6.745,7.224
Philippines,2018-11-01,7.035,6.56,6.703,6.939
Philippines,2018-12-01,7.046,6.728,6.946,7.001
Philippines,2019-01-01,6.403,5.977,6.095,6.192
Philippines,2019-02-01,6.381,6.039,6.114,6.231
Philippines,2019-03-01,5.622,5.877,5.678,5.579
Philippines,2019-04-01,6.025,6.066,5.969,5.923
Philippines,2019-05-01,5.649,5.614,5.563,5.613
Philippines,2019-06-01,5.105,4.953,4.974,5.014
Philippines,2019-07-01,4.744,4.287,4.449,4.667
Philippines,2019-08-01,4.385,3.699,3.922,4.192
Philippines,2019-09-01,4.695,3.69,4.082,4.338
Philippines,2019-10-01,4.55,3.602,3.898,4.216
Philippines,2019-11-01,4.7,3.534,3.827,4.279
Philippines,2019-12-01,4.405,3.5,3.769,3.973
Philippines,2020-01-01,4.575,3.952,4.17,4.381
Philippines,2020-02-01,4.409,3.824,3.935,4.065
Philippines,2020-03-01,5.068,3.625,4.49,4.77
Philippines,2020-04-01,3.496,3.033,3.091,3.317
Philippines,2020-05-01,3.166,2.535,2.585,2.706
Philippines,2020-06-01,2.794,2.029,2.102,2.569
Philippines,2020-07-01,2.69,1.78,2.026,2.387
Philippines,2020-08-01,2.755,1.828,2.063,2.699
Philippines,2020-09-01,3.0,1.853,2.118,2.765
Philippines,2020-10-01,3.028,1.828,2.09,2.845
Philippines,2020-11-01,3.047,1.73,1.943,2.812
Philippines,2020-12-01,2.974,1.675,1.882,2.578
Philippines,2021-01-01,3.03,1.533,1.89,2.688
Philippines,2021-02-01,3.902,1.595,2.3,3.084
Philippines,2021-03-01,4.319,1.911,2.616,3.35
Philippines,2021-04-01,3.96,1.894,2.53,3.336
Philippines,2021-05-01,4.014,1.795,2.276,3.27
Philippines,2021-06-01,4.007,1.615,2.186,2.928
Philippines,2021-07-01,3.887,1.664,2.091,2.819
Philippines,2021-08-01,4.147,1.652,1.991,2.758
Philippines,2021-09-01,4.684,1.634,2.086,3.086
Philippines,2021-10-01,4.81,1.66,2.486,3.733
Philippines,2021-11-01,4.95,1.685,2.94,4.076
Philippines,2021-12-01,4.724,1.675,2.536,3.901
Philippines,2022-01-01,4.923,1.466,2.546,3.985
Philippines,2022-02-01,5.293,1.619,3.278,4.799
Philippines,2022-03-01,6.092,1.755,3.238,4.881
Philippines,2022-04-01,5.997,1.938,3.3,5.111
Philippines,2022-05-01,6.536,2.069,4.218,5.629
Philippines,2022-06-01,7.069,2.65,4.412,5.808
Philippines,2022-07-01,6.15,3.26,4.734,5.421
Philippines,2022-08-01,6.229,3.859,4.7,5.609
Philippines,2022-09-01,7.085,3.925,5.347,6.278
Philippines,2022-10-01,7.416,5.205,5.885,6.703
Philippines,2022-11-01,6.962,5.435,6.172,6.593
Philippines,2022-12-01,6.913,5.25,5.964,6.47
Philippines,2023-01-01,6.13,5.3,5.382,5.725
Philippines,2023-02-01,6.344,5.495,5.75,6.023
Philippines,2023-03-01,6.245,5.904,5.875,5.91
Philippines,2023-04-01,6.142,6.23,5.996,5.946
Philippines,2023-05-01,5.855,5.962,5.889,5.804
Philippines,2023-06-01,6.42,6.2,6.364,6.219
Philippines,2023-07-01,6.433,6.154,6.164,6.385
Philippines,2023-08-01,6.549,6.3,6.315,6.378
Philippines,2023-09-01,6.582,6.254,6.302,6.35
Philippines,2023-10-01,7.016,6.499,6.662,6.626
Philippines,2023-11-01,6.24,5.755,5.875,6.129
Philippines,2023-12-01,6.023,5.833,5.97,5.926
Philippines,2024-01-01,6.157,6.061,5.976,6.106
Philippines,2024-02-01,6.27,6.12,6.078,6.2
Philippines,2024-03-01,6.257,6.013,6.05,6.16
Philippines,2024-04-01,7.001,6.1,6.322,6.582
Philippines,2024-05-01,6.756,6.066,6.216,6.374
Philippines,2024-06-01,6.614,6.06,6.152,6.315
Poland,1999-01-01,,11.14999962,,
Poland,1999-02-01,,11.60000038,,
Poland,1999-03-01,,12.14999962,,
Poland,1999-04-01,,12.10000038,,
Poland,1999-05-01,,12.35000038,,
Poland,1999-06-01,,12.19999981,,
Poland,1999-07-01,,12.46000004,,
Poland,1999-08-01,,12.39999962,,
Poland,1999-09-01,,14.14999962,,
Poland,1999-10-01,,15.55000019,,
Poland,1999-11-01,,16.29999924,,
Poland,1999-12-01,,15.89999962,,
Poland,2002-03-01,,9.69999981,,
Poland,2002-04-01,,9.60000038,,
Poland,2002-05-01,,9.35000038,,
Poland,2002-06-01,,8.39999962,,
Poland,2002-07-01,,8.19999981,,
Poland,2002-08-01,,7.75,,
Poland,2002-09-01,,7.1500001,,
Poland,2002-10-01,,6.30000019,,
Poland,2002-11-01,,5.9000001,,
Poland,2002-12-01,,5.9000001,,
Poland,2003-01-01,,5.9000001,,
Poland,2003-02-01,,5.78000021,,
Poland,2003-03-01,,5.61000013,,
Poland,2003-04-01,,5.25,,
Poland,2003-05-01,,4.5999999,,
Poland,2003-06-01,,4.8499999,,
Poland,2003-07-01,,5.0,,
Poland,2003-08-01,,4.9000001,,
Poland,2003-09-01,,5.0999999,,
Poland,2003-10-01,,5.84000015,,
Poland,2003-11-01,,6.28000021,,
Poland,2003-12-01,,6.03000021,,
Poland,2004-01-01,,5.84000015,,
Poland,2004-02-01,,5.92999983,,
Poland,2004-03-01,,5.94999981,,
Poland,2004-04-01,,6.44999981,,
Poland,2004-05-01,,6.94999981,,
Poland,2004-06-01,,6.96000004,,
Poland,2004-07-01,,7.19999981,,
Poland,2004-08-01,,7.5,,
Poland,2004-09-01,,7.0999999,,
Poland,2004-10-01,,6.94000006,,
Poland,2004-11-01,,6.71999979,,
Poland,2004-12-01,,6.30000019,,
Poland,2005-01-01,,6.28999996,,
Poland,2005-02-01,,5.53000021,,
Poland,2005-03-01,,5.40999985,,
Poland,2005-04-01,,5.30000019,,
Poland,2005-05-01,,5.05000019,,
Poland,2005-06-01,,4.48999977,,
Poland,2005-07-01,,4.30000019,,
Poland,2005-08-01,,4.30000019,,
Poland,2005-09-01,,4.17999983,,
Poland,2005-10-01,,4.3499999,,
Poland,2005-11-01,,4.3499999,,
Poland,2005-12-01,,4.36999989,,
Poland,2006-01-01,,4.1500001,,
Poland,2006-02-01,,3.8900001,,
Poland,2006-03-01,,3.95000005,,
Poland,2006-04-01,,3.98000002,,
Poland,2006-05-01,,4.05999994,,
Poland,2006-06-01,,4.5,,
Poland,2006-07-01,,4.4000001,,
Poland,2006-08-01,,4.42999983,,
Poland,2006-09-01,,4.44999981,,
Poland,2006-10-01,,4.3499999,,
Poland,2006-11-01,,4.26000023,,
Poland,2006-12-01,,4.23999977,,
Poland,2007-01-01,,4.11999989,,
Poland,2007-02-01,,4.23000002,,
Poland,2007-03-01,,4.34000015,,
Poland,2007-04-01,,4.44999981,,
Poland,2007-05-01,,4.5,,
Poland,2007-06-01,,4.6500001,,
Poland,2007-07-01,,4.80000019,,
Poland,2007-08-01,,4.9000001,,
Poland,2007-09-01,,5.05000019,,
Poland,2007-10-01,,5.19999981,,
Poland,2007-11-01,,5.42000008,,
Poland,2007-12-01,,5.8499999,,
Poland,2008-01-01,,5.69999981,,
Poland,2008-02-01,,5.80000019,,
Poland,2008-03-01,,6.19999981,,
Poland,2008-04-01,,6.19999981,,
Poland,2008-05-01,,6.57000017,,
Poland,2008-06-01,,6.69999981,,
Poland,2008-07-01,,6.5999999,,
Poland,2008-08-01,,6.51999998,,
Poland,2008-09-01,,6.38999987,,
Poland,2008-10-01,,6.69999981,,
Poland,2008-11-01,,6.5999999,,
Poland,2008-12-01,,5.32999992,,
Poland,2009-01-01,,4.34000015,,
Poland,2009-02-01,,4.9000001,,
Poland,2009-03-01,,5.0,,
Poland,2009-04-01,,4.98999977,,
Poland,2009-05-01,,5.19999981,,
Poland,2009-06-01,,4.59000015,,
Poland,2009-07-01,,4.44000006,,
Poland,2009-08-01,,4.48999977,,
Poland,2009-09-01,,4.42000008,,
Poland,2009-10-01,,4.40999985,,
Poland,2009-11-01,,4.23999977,,
Poland,2009-12-01,,4.26999998,,
Poland,2010-01-01,,3.9000001,,
Poland,2010-02-01,,3.86999989,,
Poland,2010-03-01,,3.86999989,,
Poland,2010-04-01,,3.72000003,,
Poland,2010-05-01,,3.9000001,,
Poland,2010-06-01,,4.17999983,,
Poland,2010-07-01,,4.01999998,,
Poland,2010-08-01,,4.01999998,,
Poland,2010-09-01,,3.99000001,,
Poland,2010-10-01,,4.11999989,,
Poland,2010-11-01,,4.01000023,,
Poland,2010-12-01,,4.03000021,,
Poland,2011-01-01,,4.1500001,,
Poland,2011-02-01,,4.51999998,,
Poland,2011-03-01,,4.55000019,,
Poland,2011-04-01,,4.65999985,,
Poland,2011-05-01,,4.5999999,,
Poland,2011-06-01,,4.6500001,,
Poland,2011-07-01,,4.63000011,,
Poland,2011-08-01,,4.5,,
Poland,2011-09-01,,4.5,,
Poland,2011-10-01,,4.5,,
Poland,2011-11-01,,4.74599981,,
Poland,2011-12-01,,4.56400013,,
Poland,2012-01-01,,4.65799999,,
Poland,2012-02-01,,4.5,,
Poland,2012-03-01,,4.5,,
Poland,2012-04-01,,4.63000011,,
Poland,2012-05-01,,4.80999994,,
Poland,2012-06-01,,4.67000008,,
Poland,2012-07-01,,4.5,,
Poland,2012-08-01,,4.55000019,,
Poland,2012-09-01,,4.10300016,,
Poland,2012-10-01,,3.94199991,,
Poland,2012-11-01,,3.58500004,,
Poland,2012-12-01,,3.06200004,,
Poland,2013-01-01,,3.36899996,,
Poland,2013-02-01,,3.49499989,,
Poland,2013-03-01,,3.14499998,,
Poland,2013-04-01,,2.64700007,,
Poland,2013-05-01,,2.61899996,,
Poland,2013-06-01,,2.80200005,,
Poland,2013-07-01,,2.56699991,,
Poland,2013-08-01,,2.72600007,,
Poland,2013-09-01,,2.82500005,,
Poland,2013-10-01,,2.625,,
Poland,2013-11-01,,2.43899989,,
Poland,2013-12-01,,2.52699995,,
Poland,2014-01-01,,2.88199997,,
Poland,2014-02-01,,2.81200004,,
Poland,2014-03-01,,2.73900008,,
Poland,2014-04-01,,2.58400011,,
Poland,2014-05-01,,2.57500005,,
Poland,2014-06-01,,2.33100009,,
Poland,2014-07-01,,2.34500003,,
Poland,2014-08-01,,2.24900007,,
Poland,2014-09-01,,1.99199998,,
Poland,2014-10-01,,1.68200004,,
Poland,2014-11-01,,1.75199997,,
Poland,2014-12-01,,1.80200005,,
Poland,2015-01-01,,1.61399996,,
Poland,2015-02-01,,1.63699996,,
Poland,2015-03-01,,1.54999995,,
Poland,2015-04-01,,1.65400004,,
Poland,2015-05-01,,1.68900001,,
Poland,2015-06-01,,1.82000005,,
Poland,2015-07-01,,1.72399998,,
Poland,2015-08-01,,1.66900003,,
Poland,2015-09-01,,1.70200002,,
Poland,2015-10-01,,1.56200004,,
Poland,2015-11-01,,1.56799996,,
Poland,2015-12-01,,1.47399998,,
Poland,2016-01-01,,1.421,,
Poland,2016-02-01,,1.37699997,,
Poland,2016-03-01,2.5377,1.37199998,,
Poland,2016-04-01,2.7657,1.42700005,1.4406,1.8123
Poland,2016-05-01,2.8093,1.51699996,1.4251,1.8477
Poland,2016-06-01,2.5899,1.66400003,1.8921,1.8048
Poland,2016-07-01,2.5943,1.55599999,1.5541,1.8419
Poland,2016-08-01,2.5041,1.48599994,1.448,1.7716
Poland,2016-09-01,2.6595,1.56700003,1.0399,1.8755
Poland,2016-10-01,3.1151,1.58299994,1.7765,2.507
Poland,2016-11-01,3.6563,1.546,1.9431,2.9209
Poland,2016-12-01,3.65,1.46000004,2.1069,2.8913
Poland,2017-01-01,3.7776,1.71399999,2.3007,2.9817
Poland,2017-02-01,3.7011,1.67999995,2.0388,3.0219
Poland,2017-03-01,3.3871,1.58599997,1.9064,2.7286
Poland,2017-04-01,3.321,1.56299996,1.8588,2.7158
Poland,2017-05-01,3.1368,1.56500006,1.7687,2.5244
Poland,2017-06-01,3.2118,1.61399996,1.6973,2.4517
Poland,2017-07-01,3.2864,1.56400001,1.6559,2.4863
Poland,2017-08-01,3.2033,1.41199994,1.5339,2.5175
Poland,2017-09-01,3.3019,1.50300002,1.5037,2.4751
Poland,2017-10-01,3.4412,1.25699997,1.2348,2.5276
Poland,2017-11-01,3.2737,1.27199996,1.2836,2.5728
Poland,2017-12-01,3.4576,1.47300005,4.9543,2.4866
Poland,2018-01-01,3.3511,1.34899998,1.3772,2.5343
Poland,2018-02-01,3.267,1.39699996,1.4061,2.3824
Poland,2018-03-01,3.1086,1.34200001,1.3359,2.1224
Poland,2018-04-01,3.0499,1.31799996,1.3083,2.1492
Poland,2018-05-01,3.2103,1.36399996,1.3808,2.2277
Poland,2018-06-01,3.1906,1.39199996,1.3083,2.2269
Poland,2018-07-01,3.1587,1.38399994,1.2602,2.1754
Poland,2018-08-01,3.1583,1.352,1.0725,2.1532
Poland,2018-09-01,3.1976,1.31200004,1.1346,2.1687
Poland,2018-10-01,3.1368,1.26999998,1.1373,2.1304
Poland,2018-11-01,2.9587,1.11399996,0.9536,2.1373
Poland,2018-12-01,2.7296,0.90700001,0.9564,1.8676
Poland,2019-01-01,2.73099995,1.37300003,1.49399996,2.14700007
Poland,2019-02-01,2.954,1.48099995,1.74800003,2.32800007
Poland,2019-03-01,2.83999991,1.56500006,1.69099998,2.204
Poland,2019-04-01,3.00999999,1.61300004,1.69200003,2.34899998
Poland,2019-05-01,2.64899993,1.53600001,1.66600001,2.10800004
Poland,2019-06-01,2.39400005,1.40100002,1.62300003,1.97800004
Poland,2019-07-01,2.17700005,1.18799996,1.55799997,1.88999999
Poland,2019-08-01,1.83200002,1.296,1.56500006,1.68299997
Poland,2019-09-01,1.995,1.24300003,1.51800001,1.78299999
Poland,2019-10-01,1.95899999,0.95999998,1.41149998,1.71700001
Poland,2019-11-01,1.99399996,0.9285,1.3585,1.73399997
Poland,2019-12-01,2.05699992,0.96799999,1.48399997,1.78900003
Poland,2020-01-01,2.12599993,1.10249996,1.45799994,1.78299999
Poland,2020-02-01,1.792,1.355,1.438,1.561
Poland,2020-03-01,1.685,0.865,0.922,1.296
Poland,2020-04-01,1.464,0.522,0.587,0.982
Poland,2020-05-01,1.185,0.14,0.182,0.695
Poland,2020-06-01,1.385,0.033,0.17,0.726
Poland,2020-07-01,1.285,0.112,0.123,0.665
Poland,2020-08-01,1.392,0.146,0.148,0.755
Poland,2020-09-01,1.313,0.091,0.089,0.607
Poland,2020-10-01,1.187,0.098,0.011,0.382
Poland,2020-11-01,1.236,0.042,0.052,0.491
Poland,2020-12-01,1.252,-0.023,0.099,0.47
Poland,2021-01-01,1.161,0.009,0.061,0.46
Poland,2021-02-01,1.607,-0.005,0.159,0.883
Poland,2021-03-01,1.575,0.038,0.085,0.843
Poland,2021-04-01,1.714,-0.012,0.1422,0.795
Poland,2021-05-01,1.9,0.093,0.349,1.284
Poland,2021-06-01,1.65,0.084,0.393,1.276
Poland,2021-07-01,1.714,0.019,0.445,1.075
Poland,2021-08-01,1.837,0.01,0.486,1.203
Poland,2021-09-01,2.189,0.16,0.824,1.571
Poland,2021-10-01,2.877,1.537,2.074,2.412
Poland,2021-11-01,3.11,2.098,2.838,3.203
Poland,2021-12-01,3.705,3.425,3.346,3.988
Poland,2022-01-01,4.11,3.599,3.702,4.115
Poland,2022-02-01,4.116,3.716,4.081,4.301
Poland,2022-03-01,5.242,5.067,5.592,5.657
Poland,2022-04-01,6.399,6.169,6.576,6.858
Poland,2022-05-01,6.627,6.173,6.614,6.967
Poland,2022-06-01,6.936,6.745,7.542,7.32
Poland,2022-07-01,5.559,6.652,6.849,5.977
Poland,2022-08-01,6.164,6.689,7.149,6.691
Poland,2022-09-01,7.164,7.546,7.49,7.412
Poland,2022-10-01,8.393,7.739,8.733,8.612
Poland,2022-11-01,6.616,6.904,6.97,6.879
Poland,2022-12-01,6.878,6.539,6.728,6.881
Poland,2023-01-01,6.048,6.131,6.064,5.99
Poland,2023-02-01,6.555,6.259,6.318,6.497
Poland,2023-03-01,6.065,6.14,6.051,5.983
Poland,2023-04-01,5.909,5.811,5.859,5.898
Poland,2023-05-01,6.045,6.015,5.951,5.915
Poland,2023-06-01,5.776,6.096,5.849,5.65
Poland,2023-07-01,5.431,5.612,5.373,5.304
Poland,2023-08-01,5.591,5.297,5.373,5.357
Poland,2023-09-01,5.916,4.992,5.026,5.255
Poland,2023-10-01,5.665,5.257,5.195,5.31
Poland,2023-11-01,5.517,5.292,5.39,5.33
Poland,2023-12-01,5.248,5.211,5.06,5.067
Poland,2024-01-01,5.21,4.865,4.879,5.002
Poland,2024-02-01,5.323,5.109,5.047,5.203
Poland,2024-03-01,5.443,5.179,5.16,5.351
Poland,2024-04-01,5.722,5.145,5.416,5.591
Poland,2024-05-01,5.708,5.066,5.25,5.574
Poland,2024-06-01,5.768,5.013,5.151,5.567
Portugal,1994-05-01,10.39500046,,10.25800037,10.17300034
Portugal,1994-06-01,11.3920002,,10.63099957,11.49400043
Portugal,1994-07-01,11.43799973,11.75,,11.14299965
Portugal,1994-08-01,12.11299992,11.5,,11.4460001
Portugal,1994-09-01,11.95800018,10.25,,11.60700035
Portugal,1994-10-01,11.85900021,10.36999989,,11.51200008
Portugal,1994-11-01,11.73900032,10.60000038,,11.52299976
Portugal,1994-12-01,12.31799984,11.10000038,10.50300026,11.84399986
Portugal,1995-01-01,12.26799965,10.86999989,,12.07299995
Portugal,1995-02-01,11.86699963,11.0,,11.96199989
Portugal,1995-03-01,12.52999973,11.5,11.76000023,11.85299969
Portugal,1995-04-01,12.64599991,11.25,11.67599964,11.81999969
Portugal,1995-05-01,12.24100018,10.80000019,11.39799976,11.46899986
Portugal,1995-06-01,12.36699963,10.77000046,11.43500042,11.56499958
Portugal,1995-07-01,11.85599995,10.06000042,10.82999992,11.14099979
Portugal,1995-08-01,11.61100006,9.5,11.22299957,11.32999992
Portugal,1995-09-01,11.57699966,9.64999962,,11.2510004
Portugal,1995-10-01,11.53199959,9.25,,11.07900047
Portugal,1995-11-01,10.6260004,8.80000019,,10.18099976
Portugal,1995-12-01,10.03800011,8.68000031,,9.73499966
Portugal,1996-01-01,9.63199997,8.14999962,,9.14099979
Portugal,1996-02-01,9.8210001,7.92999983,,9.21899986
Portugal,1996-03-01,9.74499989,7.71000004,,9.13700008
Portugal,1996-04-01,8.86200047,6.94999981,,8.17700005
Portugal,1996-05-01,8.97900009,7.07000017,7.73999977,8.31200027
Portugal,1996-06-01,8.75899982,7.17999983,7.62900019,8.10599995
Portugal,1996-07-01,8.65499973,7.26999998,7.60699987,8.02400017
Portugal,1996-08-01,8.70300007,7.11999989,7.59700012,7.97800016
Portugal,1996-09-01,7.88399982,6.92999983,7.05600023,7.33400011
Portugal,1996-10-01,7.55499983,6.6500001,6.64799976,6.85599995
Portugal,1996-11-01,6.95499992,6.21000004,6.13000011,6.30700016
Portugal,1996-12-01,6.8670001,5.94000006,5.88600016,6.0630002
Portugal,1997-01-01,6.67799997,5.55000019,5.45900011,5.70900011
Portugal,1997-02-01,6.94199991,6.0,6.35300016,6.38600016
Portugal,1997-03-01,6.97100019,6.07999992,6.22599983,6.4380002
Portugal,1997-04-01,6.71000004,5.63000011,5.74900007,6.05000019
Portugal,1997-05-01,6.55499983,5.4000001,5.56400013,5.81699991
Portugal,1997-06-01,6.38399982,5.44999981,5.296,5.59399986
Portugal,1997-07-01,6.19199991,5.30000019,5.26000023,5.52799988
Portugal,1997-08-01,6.37599993,5.30999994,5.39099979,5.60500002
Portugal,1997-09-01,5.93900013,4.98000002,5.00400019,5.32299995
Portugal,1997-10-01,6.00899982,5.07000017,5.13199997,5.45100021
Portugal,1997-11-01,5.81099987,4.88000011,4.94799995,5.27099991
Portugal,1997-12-01,5.62099981,4.75,4.81400013,5.02199984
Portugal,1998-01-01,5.32200003,4.46999979,4.32700014,4.73099995
Portugal,1998-02-01,5.15399981,4.25,4.16800022,4.5619998
Portugal,1998-03-01,5.0710001,4.15999985,4.32200003,4.65999985
Portugal,1998-04-01,5.21600008,4.17999983,4.53000021,4.78800011
Portugal,1998-05-01,5.079,4.21999979,4.421,4.68599987
Portugal,1998-06-01,5.04300022,4.19999981,4.43200016,4.66099977
Portugal,1998-07-01,4.95599985,4.13999987,4.329,4.57399988
Portugal,1998-08-01,4.65299988,4.05000019,4.0,4.21899986
Portugal,1998-09-01,4.31400013,3.83999991,3.73799992,3.87899995
Portugal,1998-10-01,4.46799994,3.61999989,3.52900004,3.87599993
Portugal,1998-11-01,4.28999996,3.5999999,3.50099993,3.77800012
Portugal,1998-12-01,4.06500006,3.25,3.19400001,3.42199993
Portugal,1999-01-01,3.87100005,,3.1329999,3.43799996
Portugal,1999-02-01,4.21500015,,3.36899996,3.5250001
Portugal,1999-03-01,4.27199984,,3.19499993,3.56699991
Portugal,1999-04-01,4.19299984,,2.9749999,3.37700009
Portugal,1999-05-01,4.46000004,,3.07500005,3.5769999
Portugal,1999-06-01,4.84499979,,3.56200004,4.11100006
Portugal,1999-07-01,5.18100023,,3.90100002,4.50500011
Portugal,1999-08-01,5.28299999,,3.91000009,4.58599997
Portugal,1999-09-01,5.46400023,,4.05000019,4.75
Portugal,1999-10-01,5.47200012,,4.29099989,4.90899992
Portugal,1999-11-01,5.49599981,,4.31400013,4.88500023
Portugal,1999-12-01,5.68200016,,4.42299986,5.05600023
Portugal,2000-01-01,5.83400011,,4.95699978,5.31599998
Portugal,2000-02-01,5.78800011,,4.94799995,5.24399996
Portugal,2000-03-01,5.53100014,,4.829,5.17700005
Portugal,2000-04-01,5.59299994,,4.98500013,5.3210001
Portugal,2000-05-01,5.5630002,,5.28700018,5.41499996
Portugal,2000-06-01,5.64499998,,5.2249999,5.39400005
Portugal,2000-07-01,5.56500006,,5.38100004,5.44899988
Portugal,2000-08-01,5.67700005,,5.43200016,5.56500006
Portugal,2000-09-01,5.60699987,,5.29699993,5.42700005
Portugal,2000-10-01,5.60300016,,5.32299995,5.42299986
Portugal,2000-11-01,5.35099983,,5.05100012,5.125
Portugal,2000-12-01,5.23099995,,4.59100008,4.77400017
Portugal,2001-01-01,5.15500021,,4.56099987,4.78399992
Portugal,2001-02-01,5.12300014,,4.53499985,4.72300005
Portugal,2001-03-01,5.12200022,,4.26999998,4.58099985
Portugal,2001-04-01,5.42500019,,4.73500013,5.01100016
Portugal,2001-05-01,5.5250001,,4.46099997,4.90700006
Portugal,2001-06-01,5.48199987,,4.39599991,4.80000019
Portugal,2001-07-01,5.25400019,,4.30200005,4.58500004
Portugal,2001-08-01,5.13899994,,4.01000023,4.39699984
Portugal,2001-09-01,5.14699984,,3.53399992,4.17999983
Portugal,2001-10-01,4.67399979,,3.1559999,3.79699993
Portugal,2001-11-01,4.85699987,,3.38199997,4.05999994
Portugal,2001-12-01,5.1960001,,3.95799994,4.46299982
Portugal,2002-01-01,5.12200022,,3.7249999,4.51300001
Portugal,2002-02-01,5.17999983,,3.73900008,4.45499992
Portugal,2002-03-01,5.46799994,,3.977,5.13500023
Portugal,2002-04-01,5.37400007,,3.72300005,4.94799995
Portugal,2002-05-01,5.41200018,,3.93700004,5.03100014
Portugal,2002-06-01,5.21000004,,3.71499991,4.72300005
Portugal,2002-07-01,5.02799988,,3.65300012,4.47200012
Portugal,2002-08-01,4.81500006,,,4.21899986
Portugal,2002-09-01,4.53800011,,,3.83599997
Portugal,2002-10-01,4.69799995,,,3.9690001
Portugal,2002-11-01,4.62799978,,,3.93799996
Portugal,2002-12-01,4.31500006,,,3.53299999
Portugal,2003-01-01,4.171,,,3.33699989
Portugal,2003-02-01,3.98099995,,2.32299995,3.06399989
Portugal,2003-03-01,4.08699989,,2.36400008,3.18300009
Portugal,2003-04-01,4.09600019,,2.65100002,3.18499994
Portugal,2003-05-01,3.8670001,,2.32200003,2.80500007
Portugal,2003-06-01,3.93700004,,2.28900003,2.81699991
Portugal,2003-07-01,4.29199982,,2.65700006,3.27099991
Portugal,2003-08-01,4.29899979,,2.74300003,3.36500001
Portugal,2003-09-01,4.10900021,,2.37100005,2.99699998
Portugal,2003-10-01,4.40999985,,2.74300003,3.4000001
Portugal,2003-11-01,4.53299999,,2.84899998,3.55999994
Portugal,2003-12-01,4.36899996,,2.54299998,3.26900005
Portugal,2004-01-01,4.3119998,,2.43600011,3.16300011
Portugal,2004-02-01,4.10400009,,2.15899992,2.85599995
Portugal,2004-03-01,3.97399998,,2.04500008,2.68000007
Portugal,2004-04-01,4.3119998,,2.61299992,3.5
Portugal,2004-05-01,4.47800016,,2.79699993,3.6960001
Portugal,2004-06-01,4.421,,2.79699993,3.68400002
Portugal,2004-07-01,4.30299997,,2.67799997,3.55100012
Portugal,2004-08-01,4.10599995,,2.48699999,3.30900002
Portugal,2004-09-01,4.06899977,,2.55599999,3.31299996
Portugal,2004-10-01,3.94199991,,2.40899992,3.14299989
Portugal,2004-11-01,3.77699995,,2.34699988,3.03500009
Portugal,2004-12-01,3.671,,2.35899997,3.023
Portugal,2005-01-01,3.52200007,,2.33500004,2.89899993
Portugal,2005-02-01,3.704,,2.38499999,3.05599999
Portugal,2005-03-01,3.60800004,,2.35299993,2.96099997
Portugal,2005-04-01,3.41199994,,2.15499997,2.71000004
Portugal,2005-05-01,3.2750001,,2.06399989,2.57999992
Portugal,2005-06-01,3.12700009,,2.06900001,2.55599999
Portugal,2005-07-01,3.38599992,,2.29900002,2.70799994
Portugal,2005-08-01,3.24300003,,2.24799991,2.58599997
Portugal,2005-09-01,3.29500008,,2.42499995,2.72900009
Portugal,2005-10-01,3.52999997,,2.65400004,3.00999999
Portugal,2005-11-01,3.55100012,,2.78299999,3.21199989
Portugal,2005-12-01,3.4059999,,2.85899997,3.17400002
Portugal,2006-01-01,3.58100009,,2.93899989,3.33500004
Portugal,2006-02-01,3.59699988,,2.97799993,3.39899993
Portugal,2006-03-01,3.88700008,,3.24699998,3.66100001
Portugal,2006-04-01,4.0539999,,3.29099989,3.80800009
Portugal,2006-05-01,4.0710001,,3.31800008,3.79699993
Portugal,2006-06-01,4.17299986,,3.44499993,3.93300009
Portugal,2006-07-01,4.09499979,,3.58599997,3.80299997
Portugal,2006-08-01,3.9289999,,3.60299993,3.68899989
Portugal,2006-09-01,3.8829999,,3.63199997,3.70000005
Portugal,2006-10-01,3.90499997,,3.70099998,3.75500011
Portugal,2006-11-01,3.85100007,,3.75,3.70799994
Portugal,2006-12-01,4.13100004,,3.92000008,4.01000023
Portugal,2007-01-01,4.24300003,,4.00400019,4.08599997
Portugal,2007-02-01,4.0999999,,3.97600007,3.95700002
Portugal,2007-03-01,4.19000006,,4.08699989,4.05100012
Portugal,2007-04-01,4.28299999,,4.19299984,4.17000008
Portugal,2007-05-01,4.59100008,,4.45300007,4.45599985
Portugal,2007-06-01,4.75600004,,4.54400015,4.58699989
Portugal,2007-07-01,4.61199999,,4.41800022,4.44299984
Portugal,2007-08-01,4.49800014,,4.11499977,4.24700022
Portugal,2007-09-01,4.55600023,,4.15100002,4.27400017
Portugal,2007-10-01,4.46999979,,4.18300009,4.24700022
Portugal,2007-11-01,4.41699982,,4.01499987,4.11600018
Portugal,2007-12-01,4.52299976,,4.08900023,4.22599983
Portugal,2008-01-01,4.20800018,,3.6400001,3.72399998
Portugal,2008-02-01,4.30000019,,3.34299994,3.69000006
Portugal,2008-03-01,4.40600014,3.86800003,3.82599998,4.0170002
Portugal,2008-04-01,4.57399988,4.14799976,4.0630002,4.19999981
Portugal,2008-05-01,4.79300022,4.49499989,4.51100016,4.54199982
Portugal,2008-06-01,5.08400011,4.78800011,4.85099983,4.92500019
Portugal,2008-07-01,4.80200005,4.52400017,4.53499985,4.5710001
Portugal,2008-08-01,4.66599989,4.48699999,4.34600019,4.40899992
Portugal,2008-09-01,4.72200012,4.00099993,3.94499993,4.28000021
Portugal,2008-10-01,4.81400013,3.10100007,3.2420001,3.93499994
Portugal,2008-11-01,4.03000021,2.50900006,2.93700004,3.78900003
Portugal,2008-12-01,3.96199989,2.23600006,2.59599996,3.53299999
Portugal,2009-01-01,4.58099985,1.82799995,1.97500002,3.71700001
Portugal,2009-02-01,4.83199978,1.67999995,2.49099994,3.77900004
Portugal,2009-03-01,4.53000021,1.39600003,2.08299994,3.57599998
Portugal,2009-04-01,4.35400009,1.33599997,1.97899997,3.25699997
Portugal,2009-05-01,4.37400007,1.21000004,1.78100002,3.41899991
Portugal,2009-06-01,4.37300014,1.06700003,1.70299995,3.352
Portugal,2009-07-01,3.91300011,0.75999999,1.45200002,2.96499991
Portugal,2009-08-01,3.89199996,0.64499998,1.40199995,3.01699996
Portugal,2009-09-01,3.86500001,0.61000001,1.16900003,2.93600011
Portugal,2009-10-01,3.77600002,0.63300002,1.20799994,2.78399992
Portugal,2009-11-01,3.76399994,0.68699998,1.35599995,2.73799992
Portugal,2009-12-01,4.05499983,0.76599997,1.37699997,3.08100009
Portugal,2010-01-01,4.40700006,0.861,2.3039999,3.454
Portugal,2010-02-01,4.48000002,1.32700002,2.12199998,3.52900004
Portugal,2010-03-01,4.24100018,1.23899996,1.73599994,2.95799994
Portugal,2010-04-01,5.15399981,4.06099987,3.87700009,4.57600021
Portugal,2010-05-01,4.82999992,2.78999996,2.98200011,3.70600009
Portugal,2010-06-01,5.72599983,2.94300008,3.48300004,4.69199991
Portugal,2010-07-01,5.27400017,2.44300008,2.6400001,4.15199995
Portugal,2010-08-01,5.46999979,2.59699988,3.39899993,4.171
Portugal,2010-09-01,6.65899992,2.97600007,4.74800014,5.66499996
Portugal,2010-10-01,5.97399998,3.13599992,3.50900006,4.6880002
Portugal,2010-11-01,7.15600014,5.54199982,5.32299995,6.17999983
Portugal,2010-12-01,6.68200016,4.84800005,4.29400015,5.82700014
Portugal,2011-01-01,7.06799984,3.87800002,4.40700006,6.32999992
Portugal,2011-02-01,7.61600018,4.12699986,5.69999981,7.21799994
Portugal,2011-03-01,8.45100021,7.96500015,8.79399967,9.5880003
Portugal,2011-04-01,10.08899975,11.83899975,11.94200039,11.61400032
Portugal,2011-05-01,9.95400047,9.42599964,11.18900013,11.34899998
Portugal,2011-06-01,11.14900017,9.9460001,13.50300026,13.16399956
Portugal,2011-07-01,10.97299957,8.22200012,15.31599998,15.56400013
Portugal,2011-08-01,10.79300022,6.9000001,12.53800011,12.08300018
Portugal,2011-09-01,11.2670002,7.25,17.79599953,14.24699974
Portugal,2011-10-01,11.94200039,6.671,19.37299919,15.65400028
Portugal,2011-11-01,13.98499966,7.329,18.79100037,17.99300003
Portugal,2011-12-01,13.55700016,,15.49800014,16.87700081
Portugal,2012-01-01,16.42099953,,20.01799965,21.62100029
Portugal,2012-02-01,13.79100037,,12.4989996,16.75699997
Portugal,2012-03-01,11.63500023,4.2670002,12.04699993,14.10599995
Portugal,2012-04-01,10.76399994,4.16800022,8.72299957,11.47099972
Portugal,2012-05-01,12.18700027,3.69499993,11.47799969,13.94499969
Portugal,2012-06-01,10.23099995,3.954,8.35200024,9.83600044
Portugal,2012-07-01,11.23499966,3.46099997,8.26799965,10.68500042
Portugal,2012-08-01,9.375,2.15799999,5.05900002,7.90199995
Portugal,2012-09-01,9.21700001,2.20799994,5.23400021,7.28000021
Portugal,2012-10-01,8.23499966,2.546,5.62900019,6.6170001
Portugal,2012-11-01,7.73600006,2.3670001,4.21999979,6.36800003
Portugal,2012-12-01,7.0,1.66600001,3.53900003,5.17299986
Portugal,2013-01-01,6.16699982,1.62800002,3.31200004,5.14499998
Portugal,2013-02-01,6.36000013,1.23300004,3.31299996,4.93400002
Portugal,2013-03-01,6.42399979,1.42799997,3.18099999,5.10400009
Portugal,2013-04-01,5.71000004,1.579,2.88000011,4.48899984
Portugal,2013-05-01,5.61100006,1.37,2.80699992,4.375
Portugal,2013-06-01,6.45100021,1.86399996,4.29500008,5.63500023
Portugal,2013-07-01,6.44799995,1.92400002,4.65299988,5.94000006
Portugal,2013-08-01,6.8039999,1.64999998,5.29699993,6.421
Portugal,2013-09-01,6.7249999,2.079,5.296,6.09499979
Portugal,2013-10-01,6.25699997,1.80999994,3.89299989,5.26999998
Portugal,2013-11-01,5.88700008,1.75800002,3.55299997,4.87699986
Portugal,2013-12-01,6.03599977,1.36000001,3.02399993,4.9000001
Portugal,2014-01-01,5.02199984,0.92799997,2.602,4.0539999
Portugal,2014-02-01,4.86399984,0.86000001,1.77900004,3.72799993
Portugal,2014-03-01,4.07299995,0.778,1.58099997,2.97399998
Portugal,2014-04-01,3.64499998,0.76200002,1.20200002,2.55200005
Portugal,2014-05-01,3.6329999,0.588,1.19400001,2.57599998
Portugal,2014-06-01,3.64700007,0.45899999,1.0,2.36100006
Portugal,2014-07-01,3.61800003,0.19599999,0.82300001,2.19000006
Portugal,2014-08-01,3.21300006,0.229,0.84500003,1.83899999
Portugal,2014-09-01,3.16000009,0.255,0.52600002,1.75
Portugal,2014-10-01,3.22099996,0.32800001,0.89999998,1.84099996
Portugal,2014-11-01,2.85100007,0.285,0.51099998,1.58000004
Portugal,2014-12-01,2.69099998,0.32699999,0.44,1.49800003
Portugal,2015-01-01,2.40499997,0.189,0.36899999,1.41799998
Portugal,2015-02-01,1.83200002,0.155,0.294,0.92900002
Portugal,2015-03-01,1.70599997,0.037,0.105,0.93199998
Portugal,2015-04-01,2.13899994,0.037,0.12899999,0.96899998
Portugal,2015-05-01,2.56100011,0.02,0.37400001,1.33200002
Portugal,2015-06-01,2.9749999,0.16,0.13600001,1.63900006
Portugal,2015-07-01,2.398,0.021,0.389,1.21200001
Portugal,2015-08-01,2.64100003,0.083,0.41600001,1.32500005
Portugal,2015-09-01,2.39100003,0.051,0.31299999,1.14100003
Portugal,2015-10-01,2.53600001,-0.008,0.34799999,1.30400002
Portugal,2015-11-01,2.32500005,0.007,0.15700001,1.01800001
Portugal,2015-12-01,2.53999996,0.024,0.117,1.09000003
Portugal,2016-01-01,2.67499995,-0.015,0.101,1.29700005
Portugal,2016-02-01,2.87199998,0.176,0.50800002,1.67299998
Portugal,2016-03-01,2.7750001,0.055,0.34799999,1.486
Portugal,2016-04-01,3.0104,0.072,0.71499997,1.6199
Portugal,2016-05-01,3.0717,0.023,0.52399999,1.49
Portugal,2016-06-01,3.0973,0.18700001,0.60799998,1.6059
Portugal,2016-07-01,2.925,0.032,0.477,1.714
Portugal,2016-08-01,3.0472,0.016,0.54299998,1.9045
Portugal,2016-09-01,3.331,0.025,0.461,1.9019
Portugal,2016-10-01,3.3485,0.033,0.35100001,1.8739
Portugal,2016-11-01,3.7089,0.024,0.36500001,2.2619
Portugal,2016-12-01,3.7542,-0.052,0.122,1.8895
Portugal,2017-01-01,4.2024,-0.084,0.07,2.1132
Portugal,2017-02-01,3.8858,-0.094,0.027,1.8198
Portugal,2017-03-01,3.6524,-0.035,0.57800001,1.5224
Portugal,2017-04-01,3.5595,-0.036,0.38600001,2.0159
Portugal,2017-05-01,3.0639,-0.206,0.252,1.4459
Portugal,2017-06-01,3.0335,-0.23999999,0.097,1.2983
Portugal,2017-07-01,2.8641,-0.21799999,0.092,1.1897
Portugal,2017-08-01,2.8251,-0.29100001,-0.018,1.1754
Portugal,2017-09-01,2.395,-0.36899999,0.025,0.9352
Portugal,2017-10-01,2.0685,-0.33700001,-0.126,0.759
Portugal,2017-11-01,1.8707,-0.34999999,-0.25099999,0.5064
Portugal,2017-12-01,1.9364,-0.27500001,-0.107,0.454
Portugal,2018-01-01,1.9568,-0.39500001,-0.1,0.8542
Portugal,2018-02-01,1.9956,-0.37,-0.016,0.9165
Portugal,2018-03-01,1.6084,-0.37400001,-0.184,0.5515
Portugal,2018-04-01,1.6658,-0.38499999,-0.18000001,0.5756
Portugal,2018-05-01,1.9764,-0.11,-0.027,0.7978
Portugal,2018-06-01,1.7852,-0.322,-0.1,0.6397
Portugal,2018-07-01,1.7488,-0.25799999,-0.162,0.5356
Portugal,2018-08-01,1.9278,-0.377,-0.096,0.7159
Portugal,2018-09-01,1.8803,-0.23899999,-0.075,0.7444
Portugal,2018-10-01,1.8757,-0.20299999,-0.05,0.6937
Portugal,2018-11-01,1.8331,-0.32600001,-0.20200001,0.6109
Portugal,2018-12-01,1.7264,-0.382,-0.289,0.4628
Portugal,2019-01-01,1.63600004,-0.39899999,-0.20299999,0.42500001
Portugal,2019-02-01,1.46700001,-0.37,-0.25600001,0.30500001
Portugal,2019-03-01,1.24800003,-0.34299999,-0.301,0.171
Portugal,2019-04-01,1.11199999,-0.338,-0.31799999,0.118
Portugal,2019-05-01,0.81099999,-0.32800001,-0.36700001,-0.003
Portugal,2019-06-01,0.48300001,-0.34299999,-0.396,-0.13
Portugal,2019-07-01,0.35100001,-0.40900001,-0.56300002,-0.20999999
Portugal,2019-08-01,0.126,-0.498,-0.597,-0.338
Portugal,2019-09-01,0.16599999,-0.42300001,-0.58999997,-0.278
Portugal,2019-10-01,0.16150001,-0.44400001,-0.57999998,-0.221
Portugal,2019-11-01,0.39649999,-0.51599997,-0.55400002,-0.1075
Portugal,2019-12-01,0.433,-0.52350003,-0.5715,-0.117
Portugal,2020-01-01,0.2005,-0.495,-0.458,-0.1355
Portugal,2020-02-01,0.315,-0.344,-0.339,-0.004
Portugal,2020-03-01,0.816,0.001,-0.041,0.398
Portugal,2020-04-01,0.837,0.15,-0.139,0.316
Portugal,2020-05-01,0.52,0.05,-0.367,0.024
Portugal,2020-06-01,0.494,-0.374,-0.421,-0.083
Portugal,2020-07-01,0.362,0.05,-0.4,-0.174
Portugal,2020-08-01,0.442,-0.466,-0.486,-0.145
Portugal,2020-09-01,0.284,-0.502,-0.505,-0.217
Portugal,2020-10-01,0.102,-0.562,-0.53,-0.4
Portugal,2020-11-01,0.052,-0.523,-0.686,-0.434
Portugal,2020-12-01,0.061,-0.597,-0.712,-0.406
Portugal,2021-01-01,0.043,0.05,-0.604,-0.443
Portugal,2021-02-01,0.289,-0.482,-0.534,-0.275
Portugal,2021-03-01,0.237,-0.483,-0.538,-0.4
Portugal,2021-04-01,0.4827,-0.629,-0.5276,-0.2077
Portugal,2021-05-01,0.462,-0.647,-0.555,-0.243
Portugal,2021-06-01,0.417,-0.644,-0.537,-0.309
Portugal,2021-07-01,0.182,-0.677,-0.626,-0.475
Portugal,2021-08-01,0.22,-0.695,-0.691,-0.455
Portugal,2021-09-01,0.363,-0.652,-0.673,-0.383
Portugal,2021-10-01,0.538,-0.539,-0.451,-0.171
Portugal,2021-11-01,0.345,-0.775,-0.757,-0.382
Portugal,2021-12-01,0.485,-0.743,-0.588,-0.216
Portugal,2022-01-01,0.683,-0.555,-0.521,-0.077
Portugal,2022-02-01,0.963,-0.559,-0.375,0.206
Portugal,2022-03-01,1.377,-0.374,0.024,0.642
Portugal,2022-04-01,2.025,0.05,0.428,1.317
Portugal,2022-05-01,2.28,0.05,0.768,1.548
Portugal,2022-06-01,2.479,0.42,0.981,1.737
Portugal,2022-07-01,1.89,0.05,0.499,1.013
Portugal,2022-08-01,2.674,0.843,1.177,2.008
Portugal,2022-09-01,3.204,1.977,2.103,2.627
Portugal,2022-10-01,3.168,2.178,2.165,2.517
Portugal,2022-11-01,2.84,0.1,2.23,2.29
Portugal,2022-12-01,3.596,2.577,2.944,3.043
Portugal,2023-01-01,3.22,2.822,2.816,2.774
Portugal,2023-02-01,3.534,3.107,3.2,3.23
Portugal,2023-03-01,3.144,2.828,2.829,2.718
Portugal,2023-04-01,3.159,2.694,2.871,2.735
Portugal,2023-05-01,3.035,2.493,2.724,2.636
Portugal,2023-06-01,3.146,2.69,3.087,2.948
Portugal,2023-07-01,3.212,3.55,3.119,2.951
Portugal,2023-08-01,3.206,0.25,3.091,2.875
Portugal,2023-09-01,3.616,3.534,3.266,3.219
Portugal,2023-10-01,3.519,3.626,3.148,3.069
Portugal,2023-11-01,3.137,3.475,3.068,2.751
Portugal,2023-12-01,2.801,3.577,2.434,2.231
Portugal,2024-01-01,2.871,3.303,2.347,2.38
Portugal,2024-02-01,3.05,3.512,2.733,2.678
Portugal,2024-03-01,3.002,3.561,2.789,2.622
Portugal,2024-04-01,3.241,3.634,3.069,2.787
Portugal,2024-05-01,3.239,3.593,3.104,2.891
Portugal,2024-06-01,3.253,3.481,2.971,2.824
Romania,2007-08-01,6.8,7.014,,7.099
Romania,2007-09-01,6.85,7.104,,7.268
Romania,2007-10-01,7.0,7.8,,7.55
Romania,2007-11-01,7.6,,,8.5
Romania,2007-12-01,6.81,8.722,,8.502
Romania,2008-01-01,8.25,9.3,,8.9
Romania,2008-02-01,8.5,10.0,,9.02
Romania,2008-03-01,8.75,10.3,,9.75
Romania,2008-04-01,8.756,11.093,,9.569
Romania,2008-05-01,8.4,11.3,,9.8
Romania,2008-06-01,8.75,11.5,,9.85
Romania,2008-07-01,8.7,11.1,,10.2
Romania,2008-08-01,8.9,11.499,,10.15
Romania,2008-09-01,9.0,11.7,,10.554
Romania,2008-10-01,11.25,13.665,,12.028
Romania,2008-11-01,12.004,19.0,,13.603
Romania,2008-12-01,11.501,14.463,,13.513
Romania,2009-01-01,11.25,14.5,,12.882
Romania,2009-02-01,10.85,14.499,,12.635
Romania,2009-03-01,11.25,13.0,,12.0
Romania,2009-04-01,10.95,13.85,,11.9
Romania,2009-05-01,10.75,11.75,,11.29
Romania,2009-06-01,10.5,11.565,,11.858
Romania,2009-07-01,11.002,11.062,,11.1
Romania,2009-08-01,10.0,10.5,,10.5
Romania,2009-09-01,10.0,10.0,,10.0
Romania,2009-10-01,10.75,10.5,,10.35
Romania,2009-11-01,10.501,10.185,,10.0
Romania,2009-12-01,10.801,11.265,,10.75
Romania,2010-01-01,8.249,8.6,,8.11
Romania,2010-02-01,8.0,7.2,,7.5
Romania,2010-03-01,7.75,6.425,,6.834
Romania,2010-04-01,7.7,6.75,,7.3
Romania,2010-05-01,7.75,7.62,,7.75
Romania,2010-06-01,7.2,7.6,,10.773
Romania,2010-07-01,7.4,7.295,,7.65
Romania,2010-08-01,7.75,7.45,,7.45
Romania,2010-09-01,7.4,7.131,,7.65
Romania,2010-10-01,7.4,7.26,,7.259
Romania,2010-11-01,7.5,7.183,,7.45
Romania,2010-12-01,7.746,7.2,,7.748
Romania,2011-01-01,7.5,6.794,,7.269
Romania,2011-02-01,7.495,7.1,,7.3
Romania,2011-03-01,7.501,7.25,,7.452
Romania,2011-04-01,7.5,6.94,,7.45
Romania,2011-05-01,7.479,6.75,,7.52
Romania,2011-06-01,7.471,6.9,,7.54
Romania,2011-07-01,7.49,6.24,,7.359
Romania,2011-08-01,7.65,6.701,,7.549
Romania,2011-09-01,7.9,6.85,,7.8
Romania,2011-10-01,7.73,6.855,,7.671
Romania,2011-11-01,7.701,6.797,,7.643
Romania,2011-12-01,7.5,6.619,,7.399
Romania,2012-01-01,7.379,6.343,,7.16
Romania,2012-02-01,7.3,5.661,,6.76
Romania,2012-03-01,6.75,5.33,,6.259
Romania,2012-04-01,6.601,5.251,,6.3
Romania,2012-05-01,6.85,6.018,,6.55
Romania,2012-06-01,6.9,5.5,,6.56
Romania,2012-07-01,6.6,6.2,,6.56
Romania,2012-08-01,7.0,6.15,,6.75
Romania,2012-09-01,6.65,6.0,,6.57
Romania,2012-10-01,6.9,6.2,,6.65
Romania,2012-11-01,6.901,6.301,,6.701
Romania,2012-12-01,6.9,6.753,,6.49
Romania,2013-01-01,5.8,5.747,,5.801
Romania,2013-02-01,5.81,5.6,,5.71
Romania,2013-03-01,5.85,5.197,,5.599
Romania,2013-04-01,5.25,4.833,,4.93
Romania,2013-05-01,5.274,4.5,,4.999
Romania,2013-06-01,5.81,4.8,5.253,5.45
Romania,2013-07-01,5.122,4.35,4.725,4.85
Romania,2013-08-01,5.251,3.92,4.258,4.8
Romania,2013-09-01,5.27,3.965,4.254,4.666
Romania,2013-10-01,5.068,3.223,3.595,4.49
Romania,2013-11-01,5.36,3.119,3.762,4.76
Romania,2013-12-01,5.34,2.968,3.557,4.808
Romania,2014-01-01,5.78,3.233,3.727,4.86
Romania,2014-02-01,5.6,3.661,4.012,5.113
Romania,2014-03-01,5.35,2.949,3.823,4.67
Romania,2014-04-01,5.15,3.141,3.825,4.509
Romania,2014-05-01,4.85,2.53,3.501,4.15
Romania,2014-06-01,4.472,2.389,2.873,3.773
Romania,2014-07-01,4.33,2.034,2.362,3.262
Romania,2014-08-01,4.3,2.276,2.75,3.45
Romania,2014-09-01,4.38,2.584,2.88,3.63
Romania,2014-10-01,3.92,2.06,2.2,3.0
Romania,2014-11-01,3.74,1.7,2.006,2.859
Romania,2014-12-01,3.649,1.75,2.0,2.7
Romania,2015-01-01,2.76,1.451,1.712,2.243
Romania,2015-02-01,2.88,1.45,1.637,2.19
Romania,2015-03-01,3.3,1.728,1.629,2.43
Romania,2015-04-01,3.5,1.555,1.644,2.399
Romania,2015-05-01,3.575,1.414,1.861,2.54
Romania,2015-06-01,4.2,1.51,2.11,3.21
Romania,2015-07-01,3.81,1.401,1.887,2.947
Romania,2015-08-01,3.86,1.549,1.86,2.81
Romania,2015-09-01,3.71,1.51,1.84,2.61
Romania,2015-10-01,3.4,1.2,1.4,2.32
Romania,2015-11-01,3.64,1.126,1.296,2.306
Romania,2015-12-01,3.765,1.1,1.293,2.402
Romania,2016-01-01,3.565,0.79,1.04,2.223
Romania,2016-02-01,3.45,0.7,1.0,2.293
Romania,2016-03-01,3.338,0.76,0.94,2.66
Romania,2016-04-01,3.676,0.722,0.92,2.75
Romania,2016-05-01,3.701,0.76,0.8,2.74
Romania,2016-06-01,3.5,0.798,0.912,2.75
Romania,2016-07-01,3.181,0.76,0.711,2.41
Romania,2016-08-01,2.9,0.57,0.66,2.16
Romania,2016-09-01,2.901,0.657,0.59,2.15
Romania,2016-10-01,3.11,0.64,0.71,2.24
Romania,2016-11-01,3.469,0.97,0.788,2.438
Romania,2016-12-01,3.47,1.02,0.8,2.49
Romania,2017-01-01,3.76,1.06,0.711,2.79
Romania,2017-02-01,3.67,1.051,1.55,2.66
Romania,2017-03-01,3.97,1.01,1.56,2.91
Romania,2017-04-01,3.93,1.1,1.5,2.839
Romania,2017-05-01,3.7,0.888,1.32,2.499
Romania,2017-06-01,3.95,0.9,1.25,2.65
Romania,2017-07-01,3.96,0.905,1.24,2.568
Romania,2017-08-01,3.93,0.867,1.46,2.66
Romania,2017-09-01,4.07,1.24,1.82,2.94
Romania,2017-10-01,4.34,2.1,2.11,3.18
Romania,2017-11-01,4.559,2.605,3.018,3.9
Romania,2017-12-01,4.339,2.184,2.914,3.861
Romania,2018-01-01,4.13,2.25,2.95,3.78
Romania,2018-02-01,4.5,2.435,2.77,4.02
Romania,2018-03-01,4.48,2.277,2.63,4.0
Romania,2018-04-01,4.6,2.8,2.846,4.16
Romania,2018-05-01,4.9,2.933,3.467,4.46
Romania,2018-06-01,5.28,3.56,4.05,4.9
Romania,2018-07-01,4.94,3.563,4.33,4.71
Romania,2018-08-01,4.83,3.463,3.93,4.39
Romania,2018-09-01,4.82,3.39,3.87,4.37
Romania,2018-10-01,4.94,3.696,4.06,4.66
Romania,2018-11-01,5.019,3.304,3.572,4.43
Romania,2018-12-01,4.83,3.531,3.905,4.44
Romania,2019-01-01,4.89,3.341,3.76,4.65
Romania,2019-02-01,4.86,3.46,3.53,4.19
Romania,2019-03-01,4.84,3.31,3.3,4.15
Romania,2019-04-01,4.97,3.309,3.432,4.21
Romania,2019-05-01,4.93,3.329,3.5,4.32
Romania,2019-06-01,4.65,3.15,3.46,4.16
Romania,2019-07-01,4.35,3.009,3.5,3.91
Romania,2019-08-01,4.15,3.06,3.34,3.74
Romania,2019-09-01,4.16,3.16,3.38,3.86
Romania,2019-10-01,4.25,3.17,3.44,3.935
Romania,2019-11-01,4.66,3.44,3.51,4.134
Romania,2019-12-01,4.49,3.582,3.63,3.97
Romania,2020-01-01,4.27,3.35,3.45,3.841
Romania,2020-02-01,4.1,3.1,3.25,3.546
Romania,2020-03-01,5.2,3.2,3.7,4.2
Romania,2020-04-01,4.82,3.35,3.61,4.02
Romania,2020-05-01,4.2,3.17,3.09,3.68
Romania,2020-06-01,4.0,3.03,3.05,3.61
Romania,2020-07-01,4.03,3.21,3.44,3.77
Romania,2020-08-01,3.9,2.78,3.08,3.53
Romania,2020-09-01,3.49,2.6,3.09,3.33
Romania,2020-10-01,3.56,2.8,2.87,3.2
Romania,2020-11-01,3.4,2.45,2.68,2.9
Romania,2020-12-01,3.1,2.4,2.58,2.75
Romania,2021-01-01,2.82,1.8,2.04,2.23
Romania,2021-02-01,3.61,1.95,2.17,2.85
Romania,2021-03-01,3.17,1.95,2.1,2.56
Romania,2021-04-01,3.12,1.97,2.04,2.54
Romania,2021-05-01,3.36,1.91,2.05,2.64
Romania,2021-06-01,3.47,2.0,2.12,2.69
Romania,2021-07-01,3.74,2.05,2.3,2.93
Romania,2021-08-01,3.9,2.25,2.42,3.26
Romania,2021-09-01,4.22,2.55,2.72,3.82
Romania,2021-10-01,4.95,3.55,3.55,4.55
Romania,2021-11-01,5.61,3.85,4.05,5.08
Romania,2021-12-01,5.19,3.95,4.1,4.85
Romania,2022-01-01,5.53,4.0,4.1,5.04
Romania,2022-02-01,6.05,4.2,4.96,5.59
Romania,2022-03-01,6.17,4.2,5.55,5.93
Romania,2022-04-01,7.22,4.2,6.35,6.82
Romania,2022-05-01,7.9,7.0,7.9,7.89
Romania,2022-06-01,8.94,8.55,8.8,8.93
Romania,2022-07-01,8.17,8.12,8.24,8.26
Romania,2022-08-01,7.97,7.5,7.6,7.96
Romania,2022-09-01,8.55,7.8,8.29,8.71
Romania,2022-10-01,9.12,8.55,9.1,9.24
Romania,2022-11-01,8.11,7.8,7.46,7.8
Romania,2022-12-01,8.4,7.2,6.86,7.86
Romania,2023-01-01,7.4,6.85,7.1,7.45
Romania,2023-02-01,7.88,7.0,6.88,7.5
Romania,2023-03-01,7.48,6.75,6.56,7.36
Romania,2023-04-01,7.4,6.6,6.38,7.2
Romania,2023-05-01,7.03,6.4,6.47,6.73
Romania,2023-06-01,6.85,6.35,6.35,6.75
Romania,2023-07-01,6.62,6.35,6.27,6.54
Romania,2023-08-01,6.9,6.3,6.28,6.5
Romania,2023-09-01,7.1,6.5,6.26,6.72
Romania,2023-10-01,7.13,6.5,6.32,6.69
Romania,2023-11-01,6.93,6.2,6.18,6.58
Romania,2023-12-01,6.34,6.08,6.14,6.25
Romania,2024-01-01,6.38,6.08,5.91,6.15
Romania,2024-02-01,6.59,6.1,6.1,6.27
Romania,2024-03-01,6.62,6.1,6.0,6.21
Romania,2024-04-01,6.95,6.1,6.1,6.35
Romania,2024-05-01,6.85,6.05,6.1,6.3
Romania,2024-06-01,6.96,6.04,6.05,6.34
Russian Federation,2001-08-01,,19.23,22.75,
Russian Federation,2001-09-01,,15.05,19.14,
Russian Federation,2001-10-01,,15.06,18.46,
Russian Federation,2001-11-01,,15.42,16.16,
Russian Federation,2001-12-01,,16.24,16.06,
Russian Federation,2002-01-01,,14.98,14.74,
Russian Federation,2002-02-01,,16.33,15.87,
Russian Federation,2002-03-01,,18.75,17.65,
Russian Federation,2002-04-01,,18.04,17.06,
Russian Federation,2002-05-01,,17.14,16.34,
Russian Federation,2002-06-01,,17.48,16.28,
Russian Federation,2002-07-01,,17.8,16.01,
Russian Federation,2002-08-01,,17.86,16.17,
Russian Federation,2002-09-01,,13.07,15.97,
Russian Federation,2002-10-01,,13.36,15.73,
Russian Federation,2002-11-01,,12.55,15.16,
Russian Federation,2002-12-01,,,12.74,
Russian Federation,2003-01-01,,,11.78,
Russian Federation,2003-02-01,,7.79,9.57,
Russian Federation,2003-03-01,12.82,7.86,10.13,12.076
Russian Federation,2003-04-01,11.78,6.98,8.34,11.147
Russian Federation,2003-05-01,11.09,6.05,9.06,10.624
Russian Federation,2003-06-01,11.05,5.76,8.35,10.947
Russian Federation,2003-07-01,11.62,6.54,8.42,11.428
Russian Federation,2003-08-01,9.98,6.14,8.42,11.99
Russian Federation,2003-09-01,10.13,6.84,6.69,9.62
Russian Federation,2003-10-01,9.91,5.91,7.66,11.39
Russian Federation,2003-11-01,9.838,6.261,6.889,11.591
Russian Federation,2003-12-01,9.716,4.817,5.87,9.596
Russian Federation,2004-01-01,9.34,2.657,4.76,9.056
Russian Federation,2004-02-01,9.414,3.823,4.532,8.842
Russian Federation,2004-03-01,8.896,3.218,3.188,7.985
Russian Federation,2004-04-01,9.599,5.442,5.2,8.668
Russian Federation,2004-05-01,9.555,5.6,,9.016
Russian Federation,2004-06-01,9.539,4.987,6.81,9.025
Russian Federation,2004-07-01,9.549,5.455,9.759,8.992
Russian Federation,2004-08-01,9.591,5.096,7.029,9.066
Russian Federation,2004-09-01,9.614,5.616,7.213,8.963
Russian Federation,2004-10-01,9.463,5.485,7.068,8.913
Russian Federation,2004-11-01,9.487,6.149,7.398,8.946
Russian Federation,2004-12-01,9.398,6.062,6.15,7.512
Russian Federation,2005-01-01,7.765,6.038,6.39,7.549
Russian Federation,2005-02-01,8.203,5.004,6.414,7.627
Russian Federation,2005-03-01,8.415,4.874,6.544,7.867
Russian Federation,2005-04-01,8.375,5.014,6.315,7.877
Russian Federation,2005-05-01,8.392,5.37,6.393,7.567
Russian Federation,2005-06-01,8.339,5.258,6.253,7.511
Russian Federation,2005-07-01,8.311,5.778,6.78,7.4
Russian Federation,2005-08-01,7.507,5.523,5.87,7.033
Russian Federation,2005-09-01,6.68,5.234,5.718,6.497
Russian Federation,2005-10-01,7.068,5.068,5.716,6.909
Russian Federation,2005-11-01,6.938,5.543,5.684,6.63
Russian Federation,2005-12-01,6.831,6.129,5.926,6.423
Russian Federation,2006-01-01,6.676,5.591,5.844,6.389
Russian Federation,2006-02-01,6.721,5.808,6.165,6.416
Russian Federation,2006-03-01,6.729,5.805,6.234,6.432
Russian Federation,2006-04-01,7.017,5.951,6.407,6.709
Russian Federation,2006-05-01,6.777,5.847,6.217,6.625
Russian Federation,2006-06-01,6.758,5.959,6.117,6.642
Russian Federation,2006-07-01,6.721,5.469,5.943,6.512
Russian Federation,2006-08-01,6.61,5.56,5.854,6.365
Russian Federation,2006-09-01,6.53,5.078,5.476,6.264
Russian Federation,2006-10-01,6.562,6.16,5.756,6.279
Russian Federation,2006-11-01,6.56,6.114,5.9,6.342
Russian Federation,2006-12-01,6.473,5.9,5.838,6.256
Russian Federation,2007-01-01,6.57,5.504,5.97,6.319
Russian Federation,2007-02-01,6.565,5.799,6.107,6.415
Russian Federation,2007-03-01,6.496,5.702,6.06,6.314
Russian Federation,2007-04-01,6.439,5.755,6.038,6.31
Russian Federation,2007-05-01,6.317,5.51,5.839,6.217
Russian Federation,2007-06-01,6.334,5.424,5.805,6.181
Russian Federation,2007-07-01,6.341,5.029,5.675,6.192
Russian Federation,2007-08-01,6.402,5.804,6.139,6.344
Russian Federation,2007-09-01,6.513,5.92,6.267,6.274
Russian Federation,2007-10-01,6.35,6.344,6.06,6.291
Russian Federation,2007-11-01,6.338,6.189,6.236,6.307
Russian Federation,2007-12-01,6.272,6.444,6.336,6.241
Russian Federation,2008-01-01,6.281,4.87,5.709,6.217
Russian Federation,2008-02-01,6.736,6.271835,6.215,6.601
Russian Federation,2008-03-01,6.432,5.985,6.089,6.551
Russian Federation,2008-04-01,6.468,6.024,6.484,6.47
Russian Federation,2008-05-01,6.709,5.748,6.076,6.343
Russian Federation,2008-06-01,6.591,5.666,6.109,6.467
Russian Federation,2008-07-01,7.211,5.64,6.084,6.819
Russian Federation,2008-08-01,8.29,6.259,6.718,7.241
Russian Federation,2008-09-01,7.459,7.726,7.161,7.873
Russian Federation,2008-10-01,8.595,8.995,8.678,9.662
Russian Federation,2008-11-01,8.134,10.345,10.892,10.299
Russian Federation,2008-12-01,9.487,9.797,12.326,10.266
Russian Federation,2009-01-01,12.575,10.713,12.113,15.631
Russian Federation,2009-02-01,12.693,11.01,13.348,14.106
Russian Federation,2009-03-01,12.796,10.475,11.867,12.486
Russian Federation,2009-04-01,10.677,9.802,10.954,12.205
Russian Federation,2009-05-01,11.28,9.37,10.87,13.371
Russian Federation,2009-06-01,11.297,9.871,11.965,12.25
Russian Federation,2009-07-01,11.316,9.768,11.664,12.086
Russian Federation,2009-08-01,11.515,9.335,11.337,11.91
Russian Federation,2009-09-01,10.878,10.105,10.412,11.355
Russian Federation,2009-10-01,9.276,8.557,8.729,8.995
Russian Federation,2009-11-01,9.087,7.917,8.304,8.772
Russian Federation,2009-12-01,8.001,7.335,7.71,8.271
Russian Federation,2010-01-01,7.751,6.955,6.909,7.739
Russian Federation,2010-02-01,7.426,6.471,6.6,7.511
Russian Federation,2010-03-01,6.933,5.393,6.125,6.686
Russian Federation,2010-04-01,7.113,5.955,6.415,7.063
Russian Federation,2010-05-01,7.55,4.993,6.172,7.096
Russian Federation,2010-06-01,7.173,4.7,5.878,6.92
Russian Federation,2010-07-01,7.077,4.413,5.737,6.787
Russian Federation,2010-08-01,7.308,3.966,5.857,6.891
Russian Federation,2010-09-01,7.264,4.134,5.637,6.78
Russian Federation,2010-10-01,7.591,4.509,5.682,6.705
Russian Federation,2010-11-01,7.67,5.0,6.427,7.042
Russian Federation,2010-12-01,7.441,4.6,6.071,7.252
Russian Federation,2011-01-01,8.25,4.681,6.056,7.22
Russian Federation,2011-02-01,8.763,4.839,5.839,7.083
Russian Federation,2011-03-01,7.817,3.529,5.334,6.809
Russian Federation,2011-04-01,7.734,3.88,5.267,6.752
Russian Federation,2011-05-01,8.179,5.308,5.799,7.505
Russian Federation,2011-06-01,8.127,5.048,5.519,7.457
Russian Federation,2011-07-01,7.71,5.065,5.481,7.241
Russian Federation,2011-08-01,8.023,5.622,5.96,7.476
Russian Federation,2011-09-01,8.711,6.644,7.015,8.474
Russian Federation,2011-10-01,8.712,6.07,6.715,7.889
Russian Federation,2011-11-01,8.306,6.709,7.283,8.189
Russian Federation,2011-12-01,8.5,6.706,7.252,8.266
Russian Federation,2012-01-01,8.29,6.207,7.006,7.793
Russian Federation,2012-02-01,8.018,6.291,6.892,7.534
Russian Federation,2012-03-01,7.825,6.298,6.765,7.485
Russian Federation,2012-04-01,7.991,6.383,6.743,7.616
Russian Federation,2012-05-01,8.706,6.793,7.279,8.354
Russian Federation,2012-06-01,8.46,6.603,7.424,8.19
Russian Federation,2012-07-01,7.976,6.053,7.271,7.8
Russian Federation,2012-08-01,7.86,6.046,6.986,7.663
Russian Federation,2012-09-01,7.761,5.902,6.915,7.536
Russian Federation,2012-10-01,7.405,6.251,6.699,7.169
Russian Federation,2012-11-01,6.93,6.18,6.56,6.7
Russian Federation,2012-12-01,6.85,6.13,6.31,6.51
Russian Federation,2013-01-01,6.6,5.91,5.95,6.19
Russian Federation,2013-02-01,6.69,5.51,5.82,6.15
Russian Federation,2013-03-01,6.91,5.8,5.8,6.34
Russian Federation,2013-04-01,6.53,5.95,5.81,6.09
Russian Federation,2013-05-01,7.36,6.21,6.29,6.54
Russian Federation,2013-06-01,7.62,6.28,6.42,6.8
Russian Federation,2013-07-01,7.52,6.16,6.27,6.51
Russian Federation,2013-08-01,7.71,6.2,6.32,6.87
Russian Federation,2013-09-01,7.31,6.04,6.32,6.76
Russian Federation,2013-10-01,7.15,6.11,6.21,6.73
Russian Federation,2013-11-01,7.81,6.4,6.46,7.11
Russian Federation,2013-12-01,7.71,5.46,6.18,7.04
Russian Federation,2014-01-01,8.39,6.63,6.88,7.89
Russian Federation,2014-02-01,8.33,6.54,7.0,7.96
Russian Federation,2014-03-01,8.93,7.39,7.91,8.56
Russian Federation,2014-04-01,9.47,8.24,8.5,9.11
Russian Federation,2014-05-01,8.6,8.11,8.27,8.45
Russian Federation,2014-06-01,8.33,7.95,8.0,8.15
Russian Federation,2014-07-01,9.51,8.96,9.07,9.42
Russian Federation,2014-08-01,9.74,8.85,9.11,9.86
Russian Federation,2014-09-01,9.4,8.67,8.81,9.46
Russian Federation,2014-10-01,9.99,9.81,10.23,10.16
Russian Federation,2014-11-01,10.61,10.41,10.88,10.81
Russian Federation,2014-12-01,14.09,15.57,15.76,15.28
Russian Federation,2015-01-01,13.91,14.68,15.31,14.81
Russian Federation,2015-02-01,13.41,13.96,14.47,14.28
Russian Federation,2015-03-01,12.12,12.38,12.58,12.5
Russian Federation,2015-04-01,10.71,11.08,11.18,11.05
Russian Federation,2015-05-01,10.7,10.97,10.88,11.0
Russian Federation,2015-06-01,11.08,10.73,10.85,11.26
Russian Federation,2015-07-01,10.91,10.51,10.62,10.94
Russian Federation,2015-08-01,11.79,10.85,11.63,11.91
Russian Federation,2015-09-01,11.22,10.66,11.29,11.38
Russian Federation,2015-10-01,10.05,10.26,10.36,10.08
Russian Federation,2015-11-01,9.85,10.24,10.42,10.09
Russian Federation,2015-12-01,9.74,9.85,10.16,9.93
Russian Federation,2016-01-01,10.3,10.04,10.23,10.28
Russian Federation,2016-02-01,9.68,9.8,9.82,9.76
Russian Federation,2016-03-01,9.1,9.77,9.41,9.2
Russian Federation,2016-04-01,8.88,9.56,9.4,9.04
Russian Federation,2016-05-01,8.88,9.72,9.51,9.14
Russian Federation,2016-06-01,8.31,9.74,9.32,8.59
Russian Federation,2016-07-01,8.41,10.13,9.43,8.79
Russian Federation,2016-08-01,8.23,9.07,8.93,8.54
Russian Federation,2016-09-01,8.16,9.26,8.61,8.4
Russian Federation,2016-10-01,8.58,8.86,8.71,8.79
Russian Federation,2016-11-01,8.81,8.96,8.78,8.91
Russian Federation,2016-12-01,8.38,8.67,8.25,8.31
Russian Federation,2017-01-01,8.18,8.77,8.18,8.14
Russian Federation,2017-02-01,8.27,9.19,8.55,8.49
Russian Federation,2017-03-01,7.93,9.21,8.33,8.01
Russian Federation,2017-04-01,7.61,8.35,8.11,7.78
Russian Federation,2017-05-01,7.64,8.55,8.25,7.92
Russian Federation,2017-06-01,7.69,7.96,8.04,7.94
Russian Federation,2017-07-01,7.82,8.0,8.04,8.04
Russian Federation,2017-08-01,7.74,7.83,7.81,7.79
Russian Federation,2017-09-01,7.57,7.6,7.6,7.63
Russian Federation,2017-10-01,7.62,7.55,7.47,7.5
Russian Federation,2017-11-01,7.61,7.27,7.23,7.45
Russian Federation,2017-12-01,7.59,6.56,6.85,7.23
Russian Federation,2018-01-01,7.23,6.7,6.79,6.87
Russian Federation,2018-02-01,7.03,6.25,6.39,6.65
Russian Federation,2018-03-01,7.05,6.03,6.34,6.54
Russian Federation,2018-04-01,7.25,6.31,6.63,6.88
Russian Federation,2018-05-01,7.36,6.52,6.81,6.88
Russian Federation,2018-06-01,7.7,6.75,7.09,7.46
Russian Federation,2018-07-01,7.69,6.99,7.19,7.4
Russian Federation,2018-08-01,8.74,7.13,7.78,8.42
Russian Federation,2018-09-01,8.57,7.14,7.68,8.16
Russian Federation,2018-10-01,8.62,7.66,7.86,8.31
Russian Federation,2018-11-01,8.69,7.73,7.9,8.33
Russian Federation,2018-12-01,8.71,7.39,7.69,8.44
Russian Federation,2019-01-01,8.11,7.55,7.78,7.99
Russian Federation,2019-02-01,8.42,7.57,7.72,8.21
Russian Federation,2019-03-01,8.42,7.56,7.76,8.13
Russian Federation,2019-04-01,8.14,7.49,7.66,7.9
Russian Federation,2019-05-01,7.91,7.4,7.32,7.62
Russian Federation,2019-06-01,7.41,7.0,7.15,7.35
Russian Federation,2019-07-01,7.3,6.69,6.9,7.1
Russian Federation,2019-08-01,7.16,6.75,6.78,6.88
Russian Federation,2019-09-01,7.02,6.51,6.59,6.83
Russian Federation,2019-10-01,6.48,6.0,5.97,6.22
Russian Federation,2019-11-01,6.4,5.91,5.86,6.23
Russian Federation,2019-12-01,6.23,4.84,5.64,6.01
Russian Federation,2020-01-01,6.29,5.38,5.58,6.02
Russian Federation,2020-02-01,6.49,5.76,5.81,6.21
Russian Federation,2020-03-01,6.81,6.02,6.34,6.71
Russian Federation,2020-04-01,6.11,5.12,5.33,5.75
Russian Federation,2020-05-01,5.57,4.35,4.69,5.14
Russian Federation,2020-06-01,5.95,4.22,4.62,5.32
Russian Federation,2020-07-01,5.93,4.09,4.52,5.18
Russian Federation,2020-08-01,6.09,4.03,4.61,5.37
Russian Federation,2020-09-01,6.27,4.22,4.71,5.48
Russian Federation,2020-10-01,6.19,4.45,4.66,5.48
Russian Federation,2020-11-01,5.85,4.29,4.49,5.24
Russian Federation,2020-12-01,5.91,3.57,4.37,5.35
Russian Federation,2021-01-01,6.29,4.73,4.63,5.65
Russian Federation,2021-02-01,6.82,4.5,5.08,6.3
Russian Federation,2021-03-01,7.1,5.29,5.63,6.81
Russian Federation,2021-04-01,7.1,5.53,5.89,6.65
Russian Federation,2021-05-01,7.21,5.9,6.15,6.74
Russian Federation,2021-06-01,7.2,6.28,6.8,7.01
Russian Federation,2021-07-01,6.89,6.57,6.77,6.77
Russian Federation,2021-08-01,7.0,6.57,6.76,6.88
Russian Federation,2021-09-01,7.29,7.06,7.12,7.28
Russian Federation,2021-10-01,8.18,7.8,8.38,8.33
Russian Federation,2021-11-01,8.38,8.29,8.56,8.56
Russian Federation,2021-12-01,8.46,7.75,8.25,8.4
Russian Federation,2022-01-01,9.45,9.64,9.65,9.61
Russian Federation,2022-02-01,12.81,13.84,13.49,13.18
Russian Federation,2022-03-01,11.1,13.94,12.76,10.89
Russian Federation,2022-04-01,10.1,9.59,10.16,10.17
Russian Federation,2022-05-01,9.47,10.03,9.87,9.8
Russian Federation,2022-06-01,9.07,8.79,9.42,9.14
Russian Federation,2022-07-01,9.05,10.72,8.67,8.86
Russian Federation,2022-08-01,9.42,8.17,9.31,9.15
Russian Federation,2022-09-01,10.24,10.05,11.1,11.03
Russian Federation,2022-10-01,9.87,9.63,8.34,9.45
Russian Federation,2022-11-01,10.08,10.59,8.44,9.25
Russian Federation,2022-12-01,10.34,11.51,8.6,9.49
Russian Federation,2023-01-01,10.57,13.64,9.0,9.64
Russian Federation,2023-02-01,10.98,12.65,10.05,10.01
Russian Federation,2023-03-01,10.3,10.13,10.62,10.24
Russian Federation,2023-04-01,10.62,7.99,8.84,9.94
Russian Federation,2023-05-01,10.75,8.55,9.38,10.06
Russian Federation,2023-06-01,11.19,9.46,10.0,10.65
Russian Federation,2023-07-01,11.5,10.78,9.31,10.05
Russian Federation,2023-08-01,12.03,13.33,11.17,11.24
Russian Federation,2023-09-01,12.9,16.39,13.1,12.73
Russian Federation,2023-10-01,12.7,13.18,14.01,13.26
Russian Federation,2023-11-01,12.11,12.73,13.15,12.42
Russian Federation,2023-12-01,12.3,14.4,15.09,12.87
Russian Federation,2024-01-01,12.25,16.26,14.3,12.69
Russian Federation,2024-02-01,12.84,14.58,12.94,13.41
Russian Federation,2024-03-01,13.89,15.26,14.49,13.15
Russian Federation,2024-04-01,14.44,16.06,15.65,13.92
Russian Federation,2024-05-01,15.13,18.23,18.07,15.82
Russian Federation,2024-06-01,15.13,18.21,18.1,15.86
Singapore,1997-04-01,,,1.996,
Singapore,1997-05-01,,,,3.41599989
Singapore,1997-07-01,,2.81999993,2.76699996,
Singapore,1997-08-01,,3.0999999,2.85400009,
Singapore,1997-09-01,,2.5999999,3.16199994,
Singapore,1997-10-01,,2.95000005,3.17000008,
Singapore,1997-11-01,,3.25,3.25999999,4.08799982
Singapore,1997-12-01,,2.5999999,3.06100011,3.9059999
Singapore,1998-01-01,,2.70000005,3.1170001,
Singapore,1998-02-01,,1.67999995,2.7420001,
Singapore,1998-03-01,,1.70000005,2.83599997,
Singapore,1998-04-01,,1.83000004,2.93799996,
Singapore,1998-05-01,,2.5999999,2.99699998,3.92499995
Singapore,1998-06-01,,2.79999995,3.204,
Singapore,1998-07-01,,3.20000005,3.5769999,
Singapore,1998-08-01,,4.13000011,4.62900019,4.39900017
Singapore,1998-09-01,,3.32999992,3.67600012,
Singapore,1998-10-01,4.36999989,2.1500001,3.12400007,
Singapore,1998-11-01,4.62099981,2.4000001,3.05299997,
Singapore,1998-12-01,4.4829998,1.54999995,2.50699997,3.75900006
Singapore,1999-01-01,4.35200024,1.88,2.477,
Singapore,1999-02-01,4.44399977,1.85000002,2.44499993,3.61999989
Singapore,1999-03-01,4.21999979,1.38,2.13899994,3.43099999
Singapore,1999-04-01,3.97600007,1.12,1.71500003,3.40899992
Singapore,1999-05-01,4.46500015,1.30999994,2.26600003,
Singapore,1999-06-01,4.59700012,1.87,2.34200001,
Singapore,1999-07-01,4.829,2.0,2.54999995,
Singapore,1999-08-01,4.75500011,1.83000004,2.42400002,
Singapore,1999-09-01,4.59399986,1.02999997,1.95599997,
Singapore,1999-10-01,4.6500001,1.02999997,1.95500004,
Singapore,1999-11-01,4.53599977,1.51999998,2.13199997,
Singapore,1999-12-01,4.55900002,1.25,2.09599996,
Singapore,2000-01-01,4.47700024,1.73000002,2.3599999,3.77999997
Singapore,2000-02-01,4.26100016,1.89999998,2.38700008,3.74000001
Singapore,2000-03-01,4.20499992,2.0999999,2.43099999,3.71000004
Singapore,2000-04-01,4.16699982,1.97000003,2.954,3.72600007
Singapore,2000-05-01,4.47300005,2.95000005,3.1960001,3.82999992
Singapore,2000-06-01,4.61100006,2.61999989,3.10599995,3.83999991
Singapore,2000-07-01,4.53200006,2.6099999,3.08599997,3.88000011
Singapore,2000-08-01,4.57299995,2.63000011,2.9690001,3.83999991
Singapore,2000-09-01,4.45200014,2.58999991,2.91499996,3.71000004
Singapore,2000-10-01,4.33400011,2.57999992,2.8670001,3.69000006
Singapore,2000-11-01,4.16499996,2.61999989,2.87400007,3.49000001
Singapore,2000-12-01,4.10599995,2.5999999,2.91400003,3.43000007
Singapore,2001-01-01,3.69199991,2.20000005,2.49799991,3.1400001
Singapore,2001-02-01,3.53699994,1.75999999,2.07999992,3.0
Singapore,2001-03-01,3.65499997,2.1099999,2.35100007,3.08999991
Singapore,2001-04-01,3.6170001,2.13000011,1.86800003,3.01999998
Singapore,2001-05-01,3.55999994,2.1500001,2.28800011,2.96000004
Singapore,2001-06-01,3.64299989,2.1400001,2.23200011,2.96000004
Singapore,2001-07-01,3.61899996,2.1500001,2.18799996,2.91000009
Singapore,2001-08-01,3.55200005,2.0999999,2.18499994,2.86999989
Singapore,2001-09-01,3.41000009,1.66999996,1.90999997,2.67000008
Singapore,2001-10-01,2.97799993,0.64999998,1.45000005,2.3499999
Singapore,2001-11-01,3.50099993,1.15999997,1.58700001,2.98000002
Singapore,2001-12-01,3.9749999,1.14999998,2.06900001,3.42400002
Singapore,2002-01-01,3.9059999,0.97000003,1.93799996,3.33999991
Singapore,2002-02-01,3.7980001,0.93000001,1.67400002,3.1099999
Singapore,2002-03-01,3.98900008,0.94,1.78199995,3.19000006
Singapore,2002-04-01,3.91199994,1.0,1.58299994,2.97000003
Singapore,2002-05-01,3.94199991,0.97000003,1.56500006,2.94000006
Singapore,2002-06-01,3.4690001,0.93000001,1.44599998,2.76999998
Singapore,2002-07-01,3.71799994,0.80000001,1.25300002,2.57999992
Singapore,2002-08-01,3.51799989,0.82999998,1.20599997,2.45000005
Singapore,2002-09-01,3.30599999,1.20000005,1.34200001,2.42000008
Singapore,2002-10-01,3.03699994,0.94999999,1.21599996,1.99000001
Singapore,2002-11-01,2.96300006,0.82999998,1.18099999,1.88
Singapore,2002-12-01,2.56900001,0.81999999,1.05299997,1.74300003
Singapore,2003-01-01,2.43799996,0.77999997,0.97100002,1.57299995
Singapore,2003-02-01,2.24600005,,0.82800001,1.41600001
Singapore,2003-03-01,2.05100012,,0.86500001,1.47899997
Singapore,2003-04-01,2.102,,0.82999998,1.47899997
Singapore,2003-05-01,1.88699996,,0.685,1.31799996
Singapore,2003-06-01,2.27800012,0.63999999,0.74599999,1.41299999
Singapore,2003-07-01,3.07399988,0.66000003,1.19400001,2.05999994
Singapore,2003-08-01,3.7249999,0.81999999,1.39600003,2.57299995
Singapore,2003-09-01,3.53900003,0.77999997,1.14900005,2.5
Singapore,2003-10-01,3.94700003,0.81999999,1.24300003,3.10500002
Singapore,2003-11-01,4.03200006,0.91000003,1.27199996,3.10899997
Singapore,2003-12-01,3.75900006,0.82999998,0.98500001,2.75900006
Singapore,2004-01-01,3.38700008,0.83999997,1.204,2.34800005
Singapore,2004-02-01,3.35599995,0.75,1.08899999,2.24099994
Singapore,2004-03-01,3.08200002,0.74000001,0.97799999,2.12299991
Singapore,2004-04-01,3.26699996,0.72000003,1.01699996,2.25999999
Singapore,2004-05-01,3.31200004,0.88,1.10300004,2.34200001
Singapore,2004-06-01,3.68499994,0.93000001,1.15999997,2.39199996
Singapore,2004-07-01,3.53399992,1.04999995,1.46200001,2.26200008
Singapore,2004-08-01,3.34200001,1.35000002,1.57200003,2.27200007
Singapore,2004-09-01,3.28699994,1.45000005,1.597,2.41799998
Singapore,2004-10-01,3.09500003,1.35000002,1.53699994,2.31599998
Singapore,2004-11-01,2.90899992,1.32000005,1.55799997,2.21000004
Singapore,2004-12-01,2.58599997,1.33000004,1.60000002,2.07399988
Singapore,2005-01-01,2.94000006,1.54999995,1.77600002,2.26099992
Singapore,2005-02-01,3.05500007,1.83000004,2.01600003,2.46099997
Singapore,2005-03-01,3.14100003,1.94000006,2.09500003,2.70000005
Singapore,2005-04-01,2.86299992,2.08999991,2.08299994,2.44700003
Singapore,2005-05-01,2.62800002,2.02999997,2.06800008,2.32800007
Singapore,2005-06-01,2.61800003,1.97000003,1.949,2.625
Singapore,2005-07-01,2.62199998,1.89999998,2.01799989,2.19400001
Singapore,2005-08-01,2.81900001,1.95000005,2.03299999,2.38599992
Singapore,2005-09-01,2.8499999,2.25,2.30999994,2.58899999
Singapore,2005-10-01,3.03399992,2.3499999,2.43099999,2.8039999
Singapore,2005-11-01,3.21499991,2.88000011,2.67499995,3.08100009
Singapore,2005-12-01,3.20499992,2.8499999,2.68300009,3.0079999
Singapore,2006-01-01,3.35400009,2.79999995,2.75999999,3.18000007
Singapore,2006-02-01,3.49900007,2.77999997,2.852,3.29099989
Singapore,2006-03-01,3.58200002,2.9000001,3.22099996,3.35500002
Singapore,2006-04-01,3.51699996,3.02999997,3.06999993,3.21600008
Singapore,2006-05-01,3.4289999,2.8599999,2.852,3.21000004
Singapore,2006-06-01,3.56599998,2.8499999,2.99699998,3.38400006
Singapore,2006-07-01,3.51300001,2.95000005,2.94700003,3.30699992
Singapore,2006-08-01,3.40499997,3.20000005,3.13199997,3.27900004
Singapore,2006-09-01,3.22199988,3.16000009,2.94300008,3.11100006
Singapore,2006-10-01,3.18300009,3.24300003,3.01799989,3.10299993
Singapore,2006-11-01,3.023,3.01399994,2.98000002,3.01300001
Singapore,2006-12-01,3.046,3.06800008,2.99699998,3.02600002
Singapore,2007-01-01,3.171,3.02900004,3.00399995,3.06299996
Singapore,2007-02-01,3.08400011,2.95000005,2.91100001,2.99300003
Singapore,2007-03-01,2.91799998,2.53200006,2.51900005,2.70000005
Singapore,2007-04-01,2.68000007,2.40700006,2.29200006,2.46199989
Singapore,2007-05-01,2.92400002,2.11999989,2.30100012,2.61400008
Singapore,2007-06-01,2.85700011,2.29299998,2.43300009,2.579
Singapore,2007-07-01,2.98399997,2.4230001,2.43600011,2.69300008
Singapore,2007-08-01,2.91799998,2.35500002,2.23099995,2.648
Singapore,2007-09-01,2.70799994,2.17600012,2.01600003,2.52099991
Singapore,2007-10-01,2.80999994,2.16000009,2.02699995,2.54299998
Singapore,2007-11-01,2.80900002,2.22000003,2.00999999,2.44400001
Singapore,2007-12-01,2.67600012,2.05100012,1.81900001,2.33200002
Singapore,2008-01-01,2.21399999,1.48099995,1.37699997,1.57799995
Singapore,2008-02-01,2.40199995,1.31900001,1.15100002,1.64600003
Singapore,2008-03-01,2.2650001,0.98000002,0.90100002,1.64400005
Singapore,2008-04-01,2.43899989,1.04999995,1.023,1.824
Singapore,2008-05-01,3.51399994,1.02999997,1.19599998,2.61800003
Singapore,2008-06-01,3.57999992,0.79900002,1.23399997,2.62700009
Singapore,2008-07-01,3.21700001,0.64999998,1.03100002,2.0079999
Singapore,2008-08-01,3.18499994,1.20000005,1.30400002,2.19000006
Singapore,2008-09-01,3.20700002,1.58500004,1.47599995,2.4000001
Singapore,2008-10-01,2.95300007,1.15100002,1.25399995,2.02200007
Singapore,2008-11-01,2.28600001,0.75,0.81800002,1.52499998
Singapore,2008-12-01,2.0480001,0.736,0.81999999,1.398
Singapore,2009-01-01,2.06800008,0.48800001,0.72500002,1.39400005
Singapore,2009-02-01,2.04500008,0.41,0.64700001,1.07799995
Singapore,2009-03-01,2.0250001,0.428,0.61400002,1.42299998
Singapore,2009-04-01,2.04699993,0.301,0.38100001,1.33099997
Singapore,2009-05-01,2.61100006,0.329,0.50300002,1.28499997
Singapore,2009-06-01,2.59200001,0.36000001,0.602,1.45099998
Singapore,2009-07-01,2.41100001,0.34999999,0.477,1.31299996
Singapore,2009-08-01,2.46600008,0.34999999,0.48899999,1.32299995
Singapore,2009-09-01,2.4230001,0.38100001,0.57599998,1.42299998
Singapore,2009-10-01,2.55100012,0.54699999,0.59899998,1.33500004
Singapore,2009-11-01,2.50600004,0.498,0.54000002,1.31099999
Singapore,2009-12-01,2.65100002,0.60000002,0.58999997,1.30299997
Singapore,2010-01-01,2.53600001,0.46000001,0.62400001,1.26400006
Singapore,2010-02-01,2.68400002,0.39899999,0.54799998,1.30700004
Singapore,2010-03-01,2.82399988,0.391,0.56999999,1.28299999
Singapore,2010-04-01,2.66799998,0.44,0.454,1.08399999
Singapore,2010-05-01,2.78699994,0.33899999,0.55000001,0.95499998
Singapore,2010-06-01,2.37400007,0.389,0.435,0.764
Singapore,2010-07-01,1.96000004,0.30000001,0.42699999,0.58399999
Singapore,2010-08-01,1.99800003,0.329,0.456,0.69099998
Singapore,2010-09-01,2.01999998,0.34200001,0.419,0.87800002
Singapore,2010-10-01,1.99000001,0.412,0.426,0.89200002
Singapore,2010-11-01,2.29500008,0.405,0.454,1.17299998
Singapore,2010-12-01,2.71199989,0.449,0.49599999,1.39199996
Singapore,2011-01-01,2.57500005,0.41600001,0.498,1.15699995
Singapore,2011-02-01,2.59899998,0.403,0.44800001,1.14600003
Singapore,2011-03-01,2.48399997,0.34200001,0.44800001,1.19299996
Singapore,2011-04-01,2.40799999,0.45199999,0.458,1.09800005
Singapore,2011-05-01,2.38700008,0.414,0.45100001,1.13600004
Singapore,2011-06-01,2.31100011,0.39500001,0.42500001,0.98699999
Singapore,2011-07-01,2.02399993,0.30599999,0.20900001,0.58099997
Singapore,2011-08-01,1.64300001,0.15000001,0.176,0.495
Singapore,2011-09-01,1.61600006,0.207,0.12,0.523
Singapore,2011-10-01,1.76600003,0.30000001,0.26300001,0.58499998
Singapore,2011-11-01,1.68400002,0.32699999,0.219,0.57499999
Singapore,2011-12-01,1.62300003,0.39899999,0.33700001,0.59899998
Singapore,2012-01-01,1.53799999,0.33399999,0.30000001,0.493
Singapore,2012-02-01,1.47800004,0.34299999,0.266,0.63300002
Singapore,2012-03-01,1.65999997,0.30899999,0.162,0.63599998
Singapore,2012-04-01,1.54499996,0.26100001,0.193,0.528
Singapore,2012-05-01,1.46500003,0.28400001,0.23800001,0.54900002
Singapore,2012-06-01,1.61000001,0.26499999,0.168,0.426
Singapore,2012-07-01,1.40199995,0.227,0.183,0.42500001
Singapore,2012-08-01,1.37899995,0.243,0.222,0.40400001
Singapore,2012-09-01,1.472,0.292,0.31600001,0.41
Singapore,2012-10-01,1.329,0.301,0.249,0.375
Singapore,2012-11-01,1.29999995,0.29699999,0.287,0.39199999
Singapore,2012-12-01,1.29700005,0.28999999,0.28200001,0.31
Singapore,2013-01-01,1.42200005,0.28099999,0.30000001,0.403
Singapore,2013-02-01,1.51999998,0.26899999,0.208,0.36300001
Singapore,2013-03-01,1.53900003,0.273,0.234,0.54100001
Singapore,2013-04-01,1.36699998,0.25099999,0.204,0.463
Singapore,2013-05-01,1.79299998,0.27500001,0.29800001,0.95700002
Singapore,2013-06-01,2.54999995,0.336,0.21799999,1.17299998
Singapore,2013-07-01,2.4749999,0.294,0.21699999,0.884
Singapore,2013-08-01,2.68000007,0.30199999,0.25,1.08399999
Singapore,2013-09-01,2.352,0.292,0.428,0.92500001
Singapore,2013-10-01,2.15100002,0.30000001,0.35499999,0.68900001
Singapore,2013-11-01,2.398,0.28999999,0.361,0.62900001
Singapore,2013-12-01,2.54699993,0.30000001,0.373,1.07500005
Singapore,2014-01-01,2.46300006,0.29899999,0.412,1.58000004
Singapore,2014-02-01,2.45799994,0.28999999,0.35699999,1.42799997
Singapore,2014-03-01,2.5,0.31999999,0.52100003,1.53999996
Singapore,2014-04-01,2.42000008,0.38,0.44800001,1.46500003
Singapore,2014-05-01,2.2349999,0.36000001,0.41100001,1.29799998
Singapore,2014-06-01,2.3210001,0.34999999,0.391,1.19200003
Singapore,2014-07-01,2.45700002,0.34999999,0.43799999,1.26699996
Singapore,2014-08-01,2.2750001,0.34999999,0.495,1.28100002
Singapore,2014-09-01,2.47399998,0.34999999,0.58700001,1.66700006
Singapore,2014-10-01,2.29200006,0.36000001,0.447,1.477
Singapore,2014-11-01,2.26399994,0.41,0.55599999,1.421
Singapore,2014-12-01,2.29200006,0.70999998,0.63800001,1.625
Singapore,2015-01-01,1.88199997,0.75,0.81999999,1.36899996
Singapore,2015-02-01,2.23399997,0.81999999,1.02699995,1.62300003
Singapore,2015-03-01,2.27399993,1.03999996,1.30799997,1.83399999
Singapore,2015-04-01,2.24499989,0.99000001,1.06500006,1.58700001
Singapore,2015-05-01,2.42000008,0.99000001,1.01999998,1.69200003
Singapore,2015-06-01,2.68700004,0.93000001,0.898,2.0
Singapore,2015-07-01,2.63000011,0.94999999,1.023,2.06699991
Singapore,2015-08-01,2.84800005,1.01999998,1.10899997,2.16599989
Singapore,2015-09-01,2.54500008,1.29999995,1.375,1.98399997
Singapore,2015-10-01,2.45700002,1.23000002,1.24199998,1.86500001
Singapore,2015-11-01,2.51200008,1.13,1.34200001,2.05699992
Singapore,2015-12-01,2.59800005,1.01999998,1.06700003,1.89499998
Singapore,2016-01-01,2.24300003,1.13,1.08899999,1.88300002
Singapore,2016-02-01,2.27600002,1.05999994,1.04299998,1.852
Singapore,2016-03-01,1.83899999,0.94999999,0.81800002,1.454
Singapore,2016-04-01,1.99,0.99000001,1.0048,1.6051
Singapore,2016-05-01,2.215,0.92000002,1.0799,1.8051
Singapore,2016-06-01,1.9148,0.88,1.0348,1.5051
Singapore,2016-07-01,1.8198,0.87,0.9497,1.4301
Singapore,2016-08-01,1.8147,0.81999999,0.8498,1.3349
Singapore,2016-09-01,1.7798,0.79000002,0.9202,1.31
Singapore,2016-10-01,1.8999,0.91000003,0.8849,1.3449
Singapore,2016-11-01,2.3302,0.92000002,1.1098,1.7107
Singapore,2016-12-01,2.4752,1.13,1.285,1.8655
Singapore,2017-01-01,2.31,0.97000003,1.3,1.7449
Singapore,2017-02-01,2.31,0.93000001,1.2301,1.6
Singapore,2017-03-01,2.25,0.97000003,1.3099,1.6533
Singapore,2017-04-01,2.1299,1.02999997,1.2102,1.5954
Singapore,2017-05-01,2.09,0.95999998,1.1902,1.5699
Singapore,2017-06-01,2.1,1.07000005,1.2299,1.5201
Singapore,2017-07-01,2.1,1.19000006,1.2352,1.5349
Singapore,2017-08-01,2.09,1.16999996,1.2652,1.5649
Singapore,2017-09-01,2.16,1.20000005,1.3398,1.6549
Singapore,2017-10-01,2.16,1.33000004,1.38,1.68
Singapore,2017-11-01,2.135,1.36000001,1.465,1.7302
Singapore,2017-12-01,2.01,1.72000003,1.6599,1.6801
Singapore,2018-01-01,2.21,1.39999998,1.4453,1.7806
Singapore,2018-02-01,2.39,1.58000004,1.6254,2.0256
Singapore,2018-03-01,2.2997,1.73000002,1.7785,2.0756
Singapore,2018-04-01,2.525,1.75999999,1.945,2.1755
Singapore,2018-05-01,2.5849,1.74000001,1.9298,2.3
Singapore,2018-06-01,2.5399,1.77999997,1.9702,2.2901
Singapore,2018-07-01,2.4699,1.75,1.9099,2.2101
Singapore,2018-08-01,2.3798,1.70000005,1.8898,2.095
Singapore,2018-09-01,2.5049,1.76999998,1.9498,2.2451
Singapore,2018-10-01,2.5199,1.96000004,2.0602,2.305
Singapore,2018-11-01,2.3649,2.03999996,2.015,2.1151
Singapore,2018-12-01,2.0497,2.0999999,1.8899,1.9101
Singapore,2019-01-01,2.14499998,2.03999996,1.97500002,2.0
Singapore,2019-02-01,2.25699997,2.00999999,1.99899995,2.05800009
Singapore,2019-03-01,2.07800007,2.01999998,1.91100001,1.94299996
Singapore,2019-04-01,2.17199993,1.98000002,1.91100001,1.98399997
Singapore,2019-05-01,2.08699989,2.04999995,1.93400002,1.92299998
Singapore,2019-06-01,1.99699998,1.98000002,1.65900004,1.77199996
Singapore,2019-07-01,1.91499996,1.80999994,1.68400002,1.76499999
Singapore,2019-08-01,1.75300002,1.83000004,1.68200004,1.676
Singapore,2019-09-01,1.73899996,1.82000005,1.653,1.66400003
Singapore,2019-10-01,1.77250004,1.60500002,1.62899995,1.64049995
Singapore,2019-11-01,1.73599994,1.59099996,1.5165,1.61749995
Singapore,2019-12-01,1.73699999,1.67250001,1.52349997,1.55449998
Singapore,2020-01-01,1.60099995,1.40999997,1.41999996,1.42299998
Singapore,2020-02-01,1.385,1.55,1.269,1.279
Singapore,2020-03-01,1.293,0.839,0.801,0.982
Singapore,2020-04-01,0.903,0.43,0.483,0.525
Singapore,2020-05-01,0.825,0.35,0.311,0.437
Singapore,2020-06-01,0.899,0.25,0.327,0.529
Singapore,2020-07-01,0.849,0.28,0.308,0.501
Singapore,2020-08-01,1.019,0.26,0.285,0.538
Singapore,2020-09-01,0.865,0.301,0.242,0.446
Singapore,2020-10-01,0.812,0.24,0.251,0.496
Singapore,2020-11-01,0.875,0.31,0.246,0.49
Singapore,2020-12-01,0.842,0.37,0.276,0.462
Singapore,2021-01-01,0.998,0.37,0.301,0.5
Singapore,2021-02-01,1.329,0.35,0.407,0.694
Singapore,2021-03-01,1.731,0.38,0.512,0.936
Singapore,2021-04-01,1.62,0.35,0.436,0.7853
Singapore,2021-05-01,1.482,0.33,0.348,0.872
Singapore,2021-06-01,1.576,0.32,0.42,0.906
Singapore,2021-07-01,1.307,0.34,0.363,0.756
Singapore,2021-08-01,1.412,0.34,0.361,0.792
Singapore,2021-09-01,1.595,0.33,0.591,0.944
Singapore,2021-10-01,1.843,0.45,0.884,1.458
Singapore,2021-11-01,1.704,0.46,0.843,1.281
Singapore,2021-12-01,1.667,0.49,0.905,1.357
Singapore,2022-01-01,1.773,0.67,1.043,1.566
Singapore,2022-02-01,1.895,0.67,1.208,1.681
Singapore,2022-03-01,2.332,1.0,1.86,2.289
Singapore,2022-04-01,2.519,1.64,2.017,2.379
Singapore,2022-05-01,2.725,1.75,2.14,2.489
Singapore,2022-06-01,2.963,2.29,2.665,2.809
Singapore,2022-07-01,2.654,2.8,2.553,2.562
Singapore,2022-08-01,2.982,2.88,2.777,2.914
Singapore,2022-09-01,3.49,3.219,3.391,3.534
Singapore,2022-10-01,3.42,3.671,3.18,3.257
Singapore,2022-11-01,3.072,3.76,3.14,2.943
Singapore,2022-12-01,3.092,4.2,3.111,2.833
Singapore,2023-01-01,2.968,3.87,3.123,2.851
Singapore,2023-02-01,3.342,3.88,3.718,3.37
Singapore,2023-03-01,2.939,3.57,3.121,2.94
Singapore,2023-04-01,2.795,3.51,3.104,2.852
Singapore,2023-05-01,2.855,3.599,3.339,2.927
Singapore,2023-06-01,3.071,3.68,3.586,3.184
Singapore,2023-07-01,3.067,3.71,3.533,3.025
Singapore,2023-08-01,3.149,3.631,3.593,3.118
Singapore,2023-09-01,3.39,3.83,3.743,3.337
Singapore,2023-10-01,3.402,3.899,3.707,3.287
Singapore,2023-11-01,2.953,3.78,3.394,2.928
Singapore,2023-12-01,2.706,3.78,3.275,2.669
Singapore,2024-01-01,2.894,3.45,3.001,2.827
Singapore,2024-02-01,3.106,3.44,3.285,3.043
Singapore,2024-03-01,3.102,3.44,3.364,3.054
Singapore,2024-04-01,3.441,3.57,3.49,3.403
Singapore,2024-05-01,3.357,3.569,3.429,3.338
Singapore,2024-06-01,3.199,3.569,3.341,3.194
Slovakia,2002-08-01,,,8.0017,
Slovakia,2002-09-01,,,7.3981,
Slovakia,2002-10-01,,,7.2609,
Slovakia,2002-11-01,,,8.2562,
Slovakia,2002-12-01,,,5.4009,
Slovakia,2003-01-01,,,4.9521,
Slovakia,2003-02-01,,,5.0476,
Slovakia,2003-03-01,,,5.4986,
Slovakia,2003-04-01,,,5.5097,
Slovakia,2003-05-01,,,4.8212,
Slovakia,2003-06-01,,,5.247,
Slovakia,2003-07-01,,,5.6984,
Slovakia,2003-08-01,,,5.6988,
Slovakia,2003-12-01,,,5.0239,
Slovakia,2004-01-01,,,5.2633,
Slovakia,2004-02-01,,,5.214,
Slovakia,2004-03-01,,,5.2852,
Slovakia,2004-08-01,,,4.3092,
Slovakia,2004-09-01,,,4.2125,
Slovakia,2004-10-01,,,4.2818,4.585
Slovakia,2004-11-01,,,3.9966,4.338
Slovakia,2004-12-01,,,3.8973,3.99
Slovakia,2005-01-01,,,3.302,3.315
Slovakia,2005-02-01,,,2.7322,3.001
Slovakia,2005-03-01,,,2.6219,3.134
Slovakia,2005-04-01,,,2.6025,3.407
Slovakia,2005-05-01,,,2.6014,3.352
Slovakia,2005-06-01,,,2.5987,3.082
Slovakia,2005-07-01,,,2.6025,3.234
Slovakia,2005-08-01,,,2.6395,3.048
Slovakia,2005-09-01,,,2.7252,2.771
Slovakia,2005-10-01,,,3.2966,3.569
Slovakia,2005-11-01,,,3.3489,3.435
Slovakia,2005-12-01,,,3.4973,3.555
Slovakia,2006-01-01,,,3.4929,3.697
Slovakia,2006-02-01,,,3.7847,3.919
Slovakia,2006-03-01,,,4.2473,4.367
Slovakia,2006-04-01,,,4.3746,4.337
Slovakia,2006-05-01,,,4.5729,4.591
Slovakia,2006-06-01,,,5.5247,5.747
Slovakia,2006-07-01,,,5.2051,5.302
Slovakia,2006-08-01,,,5.3333,5.312
Slovakia,2006-09-01,,,5.0474,4.687
Slovakia,2006-10-01,,,4.9132,4.644
Slovakia,2006-11-01,,,4.738,4.399
Slovakia,2006-12-01,,,4.854,4.374
Slovakia,2007-01-01,,,4.3286,4.345
Slovakia,2007-02-01,,,4.2989,4.275
Slovakia,2007-03-01,,,4.1017,4.151
Slovakia,2007-04-01,,,4.0666,4.167
Slovakia,2007-05-01,4.575,,4.2337,4.426
Slovakia,2007-06-01,4.85,,4.4191,4.545
Slovakia,2007-07-01,4.75,,4.4613,4.638
Slovakia,2007-08-01,4.7,,4.435,4.542
Slovakia,2007-09-01,4.725,,4.485,4.617
Slovakia,2007-10-01,4.75,,4.4877,4.681
Slovakia,2007-11-01,4.71,,4.4712,4.66
Slovakia,2007-12-01,4.651,,4.8952,4.683
Slovakia,2008-01-01,4.459,,4.1929,4.304
Slovakia,2008-02-01,4.372,,4.083,4.048
Slovakia,2008-03-01,4.472,,4.3433,4.241
Slovakia,2008-04-01,4.5,,4.559,4.519
Slovakia,2008-05-01,4.817,,4.8009,4.719
Slovakia,2008-06-01,5.096,,5.1486,5.156
Slovakia,2008-07-01,4.905,,4.816,4.879
Slovakia,2008-08-01,4.864,,4.9085,4.789
Slovakia,2008-09-01,4.771,,5.3217,4.75
Slovakia,2008-10-01,5.04,,4.3861,4.551
Slovakia,2008-11-01,4.699,,3.8685,4.227
Slovakia,2008-12-01,4.644,,3.374,4.089
Slovakia,2009-01-01,4.8,,3.0067,4.101
Slovakia,2009-02-01,4.833,,2.6377,3.842
Slovakia,2009-03-01,4.743,,2.4861,3.708
Slovakia,2009-04-01,4.879,,2.7265,3.816
Slovakia,2009-05-01,5.019,,2.7048,4.249
Slovakia,2009-06-01,5.162,,2.5996,4.429
Slovakia,2009-07-01,5.073,,2.388,4.328
Slovakia,2009-08-01,4.882,,2.2577,3.983
Slovakia,2009-09-01,4.496,,1.7796,3.69
Slovakia,2009-10-01,4.381,,2.6151,3.484
Slovakia,2009-11-01,4.37,,2.517,
Slovakia,2009-12-01,4.366,,2.9244,
Slovakia,2010-01-01,4.1,,2.5259,
Slovakia,2010-02-01,4.182,,2.1644,
Slovakia,2010-03-01,4.113,,2.0442,
Slovakia,2010-04-01,3.952,,1.9215,
Slovakia,2010-05-01,3.962,,1.9191,
Slovakia,2010-06-01,3.956,,1.8937,
Slovakia,2010-07-01,3.99,,1.7698,
Slovakia,2010-08-01,3.676,,1.6903,
Slovakia,2010-09-01,3.767,,1.869,
Slovakia,2010-10-01,3.823,,1.8116,
Slovakia,2010-11-01,4.239,,1.7593,
Slovakia,2010-12-01,4.347,,1.7702,
Slovakia,2011-01-01,4.388,,1.834,
Slovakia,2011-02-01,4.275,,1.8663,
Slovakia,2011-03-01,4.306,,2.624,3.975
Slovakia,2011-04-01,,,2.6474,3.969
Slovakia,2011-05-01,,,2.5378,3.699
Slovakia,2011-06-01,,,2.5478,3.687
Slovakia,2011-07-01,,,2.3364,3.527
Slovakia,2011-08-01,,,2.2257,3.481
Slovakia,2011-09-01,,,2.2354,3.303
Slovakia,2011-10-01,,,2.2137,3.36
Slovakia,2011-11-01,,,2.8628,4.556
Slovakia,2011-12-01,,,3.914,4.341
Slovakia,2012-01-01,,,3.9135,4.447
Slovakia,2012-02-01,,,2.8424,3.611
Slovakia,2012-03-01,,,2.5602,3.145
Slovakia,2012-04-01,,,2.0153,2.858
Slovakia,2012-05-01,,,1.7735,2.719
Slovakia,2012-06-01,,,2.0101,2.707
Slovakia,2012-07-01,,,1.5463,2.043
Slovakia,2012-08-01,,,1.5432,2.025
Slovakia,2012-09-01,,,1.3062,1.75
Slovakia,2012-10-01,,,1.2033,1.603
Slovakia,2012-11-01,,,1.0842,1.46
Slovakia,2013-03-01,2.981,,,
Slovakia,2013-04-01,2.567,,,
Slovakia,2013-05-01,2.433,,,
Slovakia,2013-06-01,2.776,,,1.702
Slovakia,2013-07-01,2.662,,,1.553
Slovakia,2013-08-01,2.754,,,1.706
Slovakia,2013-09-01,2.733,,,1.619
Slovakia,2013-10-01,2.607,,,1.431
Slovakia,2013-11-01,2.56,,,1.365
Slovakia,2013-12-01,2.595,,0.869,1.448
Slovakia,2014-01-01,,,0.61,1.314
Slovakia,2014-02-01,,,0.544,1.122
Slovakia,2014-03-01,,,0.488,1.107
Slovakia,2014-04-01,,,0.461,0.938
Slovakia,2014-05-01,2.265,,0.442,0.916
Slovakia,2014-06-01,2.055,,0.357,0.773
Slovakia,2014-07-01,1.98,,0.393,0.731
Slovakia,2014-08-01,1.76,,0.326,0.599
Slovakia,2014-09-01,1.491,,0.192,0.496
Slovakia,2014-10-01,1.489,,0.168,0.463
Slovakia,2014-11-01,1.345,,0.237,0.527
Slovakia,2014-12-01,1.115,,0.178,0.466
Slovakia,2015-01-01,0.714,,0.111,0.403
Slovakia,2015-02-01,0.841,,0.162,0.256
Slovakia,2015-03-01,0.538,,0.236,0.076
Slovakia,2015-04-01,0.616,,0.246,0.05
Slovakia,2015-05-01,0.914,,0.257,0.296
Slovakia,2015-06-01,1.497,,0.316,0.555
Slovakia,2015-07-01,0.997,,0.156,0.319
Slovakia,2015-08-01,1.1,,0.112,0.283
Slovakia,2015-09-01,0.873,,0.113,0.142
Slovakia,2015-10-01,0.826,,0.066,0.098
Slovakia,2015-11-01,0.702,,-0.067,0.088
Slovakia,2015-12-01,0.829,,-0.028,0.079
Slovakia,2016-01-01,0.681,,0.106,-0.088
Slovakia,2016-02-01,0.44,,0.095,-0.162
Slovakia,2016-03-01,0.742,,0.109,0.15
Slovakia,2016-04-01,0.873,,-0.071,0.206
Slovakia,2016-05-01,0.904,,-0.136,0.169
Slovakia,2016-06-01,0.639,,-0.107,-0.027
Slovakia,2016-07-01,0.33,,-0.216,-0.215
Slovakia,2016-08-01,0.317,,-0.108,-0.208
Slovakia,2016-09-01,0.323,,-0.287,-0.22
Slovakia,2016-10-01,0.607,,-0.217,-0.102
Slovakia,2016-11-01,1.036,,-0.184,0.028
Slovakia,2016-12-01,0.975,,-0.186,0.005
Slovakia,2017-01-01,1.087,,-0.066,0.105
Slovakia,2017-02-01,1.05,,-0.25,-0.182
Slovakia,2017-03-01,1.127,,-0.23,-0.016
Slovakia,2017-04-01,1.095,,-0.239,-0.1
Slovakia,2017-05-01,0.923,,-0.292,-0.108
Slovakia,2017-06-01,1.04,,-0.263,-0.014
Slovakia,2017-07-01,0.902,,-0.275,-0.015
Slovakia,2017-08-01,0.784,,-0.309,-0.151
Slovakia,2017-09-01,0.852,,-0.275,-0.073
Slovakia,2017-10-01,0.794,,-0.311,-0.129
Slovakia,2017-11-01,0.74,,-0.284,-0.139
Slovakia,2017-12-01,0.716,,-0.264,-0.053
Slovakia,2018-01-01,0.882,,-0.237,0.084
Slovakia,2018-02-01,0.915,,-0.221,0.101
Slovakia,2018-03-01,0.777,,-0.221,0.024
Slovakia,2018-04-01,0.775,,-0.225,0.046
Slovakia,2018-05-01,0.72,,-0.183,0.032
Slovakia,2018-06-01,0.692,,-0.173,0.116
Slovakia,2018-07-01,0.876,,-0.279,0.196
Slovakia,2018-08-01,0.786,,-0.478,0.106
Slovakia,2018-09-01,0.984,,-0.41,0.193
Slovakia,2018-10-01,1.006,,-0.451,0.325
Slovakia,2018-11-01,1.006,,-0.469,0.206
Slovakia,2018-12-01,0.961,,-0.4,0.149
Slovakia,2019-01-01,0.857,,-0.366,0.105
Slovakia,2019-02-01,0.859,,-0.215,0.157
Slovakia,2019-03-01,0.616,,-0.149,-0.043
Slovakia,2019-04-01,0.562,,-0.269,-0.076
Slovakia,2019-05-01,0.422,,-0.279,-0.102
Slovakia,2019-06-01,0.208,,,-0.241
Slovakia,2019-07-01,-0.051,,,-0.325
Slovakia,2019-08-01,-0.422,,,-0.532
Slovakia,2019-09-01,-0.213,,,-0.396
Slovakia,2019-10-01,-0.06,,,-0.241
Slovakia,2019-11-01,-0.001,,,-0.2
Slovakia,2019-12-01,0.192,,,-0.156
Slovakia,2020-01-01,-0.057,,,-0.257
Slovakia,2020-02-01,-0.087,,,-0.336
Slovakia,2020-03-01,0.389,,,0.003
Slovakia,2020-04-01,0.678,,,-0.09
Slovakia,2020-05-01,0.439,,-0.054,-0.093
Slovakia,2020-06-01,0.007,,-0.308,-0.205
Slovakia,2020-07-01,-0.152,,-0.361,-0.37
Slovakia,2020-08-01,-0.109,,-0.503,-0.496
Slovakia,2020-09-01,-0.241,,-0.432,-0.519
Slovakia,2020-10-01,-0.33,,-0.495,-0.584
Slovakia,2020-11-01,-0.438,,-0.598,-0.576
Slovakia,2020-12-01,-0.486,,-0.564,-0.586
Slovakia,2021-01-01,-0.385,,-0.556,-0.563
Slovakia,2021-02-01,-0.022,,-0.484,-0.343
Slovakia,2021-03-01,-0.094,,-0.517,-0.421
Slovakia,2021-04-01,-0.03,,-0.538,-0.406
Slovakia,2021-05-01,-0.014,,-0.533,-0.388
Slovakia,2021-06-01,-0.027,,-0.688,-0.403
Slovakia,2021-07-01,-0.266,,-0.705,-0.583
Slovakia,2021-08-01,-0.174,,-0.595,-0.477
Slovakia,2021-09-01,-0.04,,-0.797,-0.41
Slovakia,2021-10-01,0.089,,-0.744,-0.34
Slovakia,2021-11-01,-0.165,,-0.86,-0.488
Slovakia,2021-12-01,0.063,,-0.906,-0.486
Slovakia,2022-01-01,0.281,,-0.8,-0.161
Slovakia,2022-02-01,0.553,,-0.653,0.028
Slovakia,2022-03-01,1.314,,0.252,0.774
Slovakia,2022-04-01,1.8,,0.556,1.123
Slovakia,2022-05-01,2.09,,0.757,1.33
Slovakia,2022-06-01,2.409,,1.187,1.735
Slovakia,2022-07-01,1.835,,0.775,1.138
Slovakia,2022-08-01,2.608,,1.589,2.081
Slovakia,2022-09-01,3.376,,2.456,2.781
Slovakia,2022-10-01,3.625,,2.768,2.84
Slovakia,2022-11-01,3.161,,3.003,2.717
Slovakia,2022-12-01,3.646,,3.143,3.418
Slovakia,2023-01-01,3.156,,3.077,3.176
Slovakia,2023-02-01,3.606,,3.663,3.716
Slovakia,2023-03-01,3.65,,3.226,3.285
Slovakia,2023-04-01,3.67,,3.333,3.344
Slovakia,2023-05-01,3.559,,3.227,3.292
Slovakia,2023-06-01,3.629,,4.11,3.55
Slovakia,2023-07-01,3.724,,3.593,3.557
Slovakia,2023-08-01,3.578,,3.7,3.431
Slovakia,2023-09-01,4.133,,3.989,3.754
Slovakia,2023-10-01,4.086,,3.863,3.554
Slovakia,2023-11-01,3.696,,3.578,3.413
Slovakia,2023-12-01,3.195,,3.847,2.839
Slovakia,2024-01-01,3.375,,4.187,3.029
Slovakia,2024-02-01,3.679,,3.563,3.281
Slovakia,2024-03-01,3.412,,3.479,3.11
Slovakia,2024-04-01,3.64,,3.609,3.216
Slovakia,2024-05-01,3.687,,3.609,3.306
Slovakia,2024-06-01,3.583,,3.44,3.181
South Africa,1995-05-01,16.95000076,,,16.95000076
South Africa,1995-06-01,16.69000053,,,16.69000053
South Africa,1995-07-01,16.42000008,,,16.38999939
South Africa,1995-08-01,15.64000034,,,15.71000004
South Africa,1995-09-01,15.14000034,,,15.06999969
South Africa,1995-10-01,14.86999989,,,14.82999992
South Africa,1995-11-01,14.47999954,,,14.36999989
South Africa,1995-12-01,14.30000019,,,14.21000004
South Africa,1996-01-01,13.71000004,,,13.64000034
South Africa,1996-02-01,14.64999962,,,14.56999969
South Africa,1996-03-01,15.25,,,15.10000038
South Africa,1996-04-01,16.15999985,,,16.0
South Africa,1996-05-01,16.19000053,,,15.93999958
South Africa,1996-06-01,14.98999977,,,14.68999958
South Africa,1996-07-01,15.85999966,,,15.55000019
South Africa,1996-08-01,15.52000046,,,15.22999954
South Africa,1996-09-01,15.51000023,,,15.05000019
South Africa,1996-10-01,16.21999931,,,15.92000008
South Africa,1996-11-01,16.12000084,,,15.89999962
South Africa,1996-12-01,16.27000046,,,16.10000038
South Africa,1997-01-01,15.36999989,,,15.18999958
South Africa,1997-02-01,15.10999966,,,14.52999973
South Africa,1997-03-01,15.31000042,,,15.10000038
South Africa,1997-04-01,14.90999985,,,14.76000023
South Africa,1997-05-01,14.97000027,,,14.85000038
South Africa,1997-06-01,14.40999985,,,14.30000019
South Africa,1997-07-01,,,,13.89000034
South Africa,1997-08-01,,,,14.10999966
South Africa,1997-09-01,,,,13.86999989
South Africa,1997-10-01,,,,13.85000038
South Africa,2006-08-01,8.80000019,,,8.75
South Africa,2006-09-01,8.66800022,,,8.68000031
South Africa,2006-10-01,8.03999996,,,8.22999954
South Africa,2006-11-01,8.03499985,,,8.30000019
South Africa,2006-12-01,7.86000013,,,8.17000008
South Africa,2007-01-01,7.81500006,,,8.16499996
South Africa,2007-02-01,7.65500021,,,7.98999977
South Africa,2007-03-01,7.83500004,,,8.18999958
South Africa,2007-04-01,7.67500019,,,8.03999996
South Africa,2007-05-01,7.98999977,,,8.41499996
South Africa,2007-06-01,8.5,,,9.09500027
South Africa,2007-07-01,8.56999969,,,9.24499989
South Africa,2007-08-01,8.60499954,,,9.30500031
South Africa,2007-09-01,8.25500011,,,8.94499969
South Africa,2007-10-01,8.06499958,,,8.78999996
South Africa,2007-11-01,8.55500031,,,9.50500011
South Africa,2007-12-01,8.57499981,,,9.43999958
South Africa,2008-01-01,8.61499977,,,8.81499958
South Africa,2008-02-01,8.97500038,,,9.07999992
South Africa,2008-03-01,9.22500038,,,9.29500008
South Africa,2008-04-01,9.44999981,,,9.49499989
South Africa,2008-05-01,10.06999969,,,10.32999992
South Africa,2008-06-01,10.69999981,,,10.92500019
South Africa,2008-07-01,9.18000031,,,9.31999969
South Africa,2008-08-01,9.11999989,,,9.27499962
South Africa,2008-09-01,8.85000038,,,8.97999954
South Africa,2008-10-01,9.10000038,,,9.23499966
South Africa,2008-11-01,8.35000038,,,8.33500004
South Africa,2008-12-01,7.32499981,,,7.29500008
South Africa,2009-01-01,7.93499994,,,7.63000011
South Africa,2009-02-01,8.56000042,,,7.9749999
South Africa,2009-03-01,8.60499954,,,8.18500042
South Africa,2009-04-01,8.48999977,,,8.18500042
South Africa,2009-05-01,8.82999992,,,8.42000008
South Africa,2009-06-01,8.95499992,,,8.625
South Africa,2009-07-01,8.875,,,8.46500015
South Africa,2009-08-01,8.70499992,,,8.28499985
South Africa,2009-09-01,8.77499962,,,8.40499973
South Africa,2009-10-01,8.97500038,,,8.53999996
South Africa,2009-11-01,9.06499958,,,8.53999996
South Africa,2009-12-01,9.04500008,,,8.53499985
South Africa,2010-01-01,9.04500008,,,8.51500034
South Africa,2010-02-01,8.75,,,8.19999981
South Africa,2010-03-01,8.51000023,,,7.96000004
South Africa,2010-04-01,8.47000027,,,7.7249999
South Africa,2010-05-01,8.69499969,,,7.94500017
South Africa,2010-06-01,8.77999973,,,7.78999996
South Africa,2010-07-01,8.20499992,,,7.40500021
South Africa,2010-08-01,7.92500019,,,6.9749999
South Africa,2010-09-01,7.94999981,,,7.0250001
South Africa,2010-10-01,7.84000015,,,7.05499983
South Africa,2010-11-01,8.27499962,,,7.42500019
South Africa,2010-12-01,8.13500023,,,7.32000017
South Africa,2011-01-01,8.63500023,,,7.88999987
South Africa,2011-02-01,8.65999985,,,7.78000021
South Africa,2011-03-01,8.68999958,,,7.82999992
South Africa,2011-04-01,8.43999958,,,7.6500001
South Africa,2011-05-01,8.28999996,,,7.53999996
South Africa,2011-06-01,8.39999962,,,7.51000023
South Africa,2011-07-01,8.23999977,,,7.34000015
South Africa,2011-08-01,7.84000015,,,6.51499987
South Africa,2011-09-01,8.27000046,,,6.98999977
South Africa,2011-10-01,7.83500004,,,6.59499979
South Africa,2011-11-01,7.89499998,,,6.78000021
South Africa,2011-12-01,7.92999983,,,6.73000002
South Africa,2012-01-01,7.73500013,,,7.15500021
South Africa,2012-02-01,7.84499979,,,7.19999981
South Africa,2012-03-01,7.875,,,7.28000021
South Africa,2012-04-01,7.67500019,,,7.0
South Africa,2012-05-01,7.75500011,,,7.0250001
South Africa,2012-06-01,7.23000002,,,6.54500008
South Africa,2012-07-01,6.66499996,,,5.94000006
South Africa,2012-08-01,6.74499989,,,5.96999979
South Africa,2012-09-01,6.55999994,,,5.83500004
South Africa,2012-10-01,6.69500017,,,5.84499979
South Africa,2012-11-01,6.67000008,,,5.9749999
South Africa,2012-12-01,6.38500023,,,5.78499985
South Africa,2013-01-01,6.5250001,,,5.7750001
South Africa,2013-02-01,6.40500021,,,5.78999996
South Africa,2013-03-01,6.51499987,,,5.90999985
South Africa,2013-04-01,6.01000023,,,5.5999999
South Africa,2013-05-01,7.17999983,,,6.30000019
South Africa,2013-06-01,7.57999992,,,6.86000013
South Africa,2013-07-01,7.84000015,,,6.8499999
South Africa,2013-08-01,8.18500042,,,7.55499983
South Africa,2013-09-01,7.57499981,,,6.96000004
South Africa,2013-10-01,7.59499979,,,6.81500006
South Africa,2013-11-01,8.00500011,,,7.26999998
South Africa,2013-12-01,7.90999985,,,7.19999981
South Africa,2014-01-01,8.78999996,,,8.28499985
South Africa,2014-02-01,8.47999954,,,8.02499962
South Africa,2014-03-01,8.29500008,,,7.80999994
South Africa,2014-04-01,8.32499981,,,7.78000021
South Africa,2014-05-01,8.19499969,,,7.55499983
South Africa,2014-06-01,8.17000008,,,7.57499981
South Africa,2014-07-01,8.08500004,,,7.42999983
South Africa,2014-08-01,7.74499989,,,7.06500006
South Africa,2014-09-01,8.13000011,,,7.75500011
South Africa,2014-10-01,7.69500017,,,7.26999998
South Africa,2014-11-01,7.33500004,,,6.92000008
South Africa,2014-12-01,7.80000019,,,7.44000006
South Africa,2015-01-01,6.86499977,,,6.57499981
South Africa,2015-02-01,7.64499998,,,7.05499983
South Africa,2015-03-01,7.80999994,,,7.30000019
South Africa,2015-04-01,7.95499992,,,7.44000006
South Africa,2015-05-01,8.15999985,,,7.66499996
South Africa,2015-06-01,8.29500008,,,7.80999994
South Africa,2015-07-01,8.25,,,7.80000019
South Africa,2015-08-01,8.36999989,,,7.86999989
South Africa,2015-09-01,8.45499992,,,7.92500019
South Africa,2015-10-01,8.34000015,,,7.69000006
South Africa,2015-11-01,8.57499981,,,7.98000002
South Africa,2015-12-01,9.77000046,,,9.27499962
South Africa,2016-01-01,9.20499992,,,8.70499992
South Africa,2016-02-01,9.42000008,,,8.93999958
South Africa,2016-03-01,9.14999962,,,8.57499981
South Africa,2016-04-01,8.9749,,,8.5233
South Africa,2016-05-01,9.3903,,,8.9035
South Africa,2016-06-01,8.8305,,,8.2809
South Africa,2016-07-01,8.6484,,,8.1047
South Africa,2016-08-01,9.0673,,,8.501
South Africa,2016-09-01,8.677,,,8.0395
South Africa,2016-10-01,8.865,,,8.1477
South Africa,2016-11-01,9.0306,,,8.4447
South Africa,2016-12-01,8.9232,,,8.2839
South Africa,2017-01-01,8.8219,,,8.105
South Africa,2017-02-01,8.7919,,,7.934
South Africa,2017-03-01,8.8843,,,7.8812
South Africa,2017-04-01,8.6899,,,7.6918
South Africa,2017-05-01,8.5628,,,7.589
South Africa,2017-06-01,8.7866,,,7.6688
South Africa,2017-07-01,8.6184,,,7.5249
South Africa,2017-08-01,8.5721,,,7.4285
South Africa,2017-09-01,8.5513,,,7.494
South Africa,2017-10-01,9.1302,,,8.1277
South Africa,2017-11-01,9.3302,,,8.3314
South Africa,2017-12-01,8.6016,,,7.6247
South Africa,2018-01-01,8.4684,,,7.3318
South Africa,2018-02-01,8.1359,,,7.0508
South Africa,2018-03-01,7.9789,,,7.0085
South Africa,2018-04-01,8.1932,,,7.6579
South Africa,2018-05-01,8.6058,,,8.0175
South Africa,2018-06-01,8.8822,,,8.229
South Africa,2018-07-01,8.6088,,,8.0676
South Africa,2018-08-01,9.0268,,,8.4298
South Africa,2018-09-01,9.0381,,,8.382
South Africa,2018-10-01,9.4139,,,8.6625
South Africa,2018-11-01,8.9824,,,8.2457
South Africa,2018-12-01,8.9362,,,8.1072
South Africa,2019-01-01,8.59000015,,,7.76999998
South Africa,2019-02-01,8.71000004,,,7.82499981
South Africa,2019-03-01,8.60999966,,,7.75
South Africa,2019-04-01,8.55000019,,,7.7249999
South Africa,2019-05-01,8.48499966,,,7.60500002
South Africa,2019-06-01,8.09500027,,,7.2249999
South Africa,2019-07-01,8.32499981,,,7.42199993
South Africa,2019-08-01,8.22999954,,,7.28000021
South Africa,2019-09-01,8.34000015,,,7.42999983
South Africa,2019-10-01,8.68000031,,,7.66200018
South Africa,2019-11-01,8.45499992,,,7.43499994
South Africa,2019-12-01,8.25500011,,,7.23500013
South Africa,2020-01-01,8.97999954,,,8.02000046
South Africa,2020-02-01,9.075,,,8.117
South Africa,2020-03-01,10.965,,,9.875
South Africa,2020-04-01,10.27,,,8.42
South Africa,2020-05-01,8.895,,,7.645
South Africa,2020-06-01,9.26,,,7.695
South Africa,2020-07-01,9.245,,,7.525
South Africa,2020-08-01,9.28,,,7.41
South Africa,2020-09-01,9.445,,,7.225
South Africa,2020-10-01,9.315,,,7.09
South Africa,2020-11-01,8.99,,,7.105
South Africa,2020-12-01,8.735,,,6.665
South Africa,2021-01-01,8.735,,,6.685
South Africa,2021-02-01,9.095,,,7.4
South Africa,2021-03-01,9.485,,,7.475
South Africa,2021-04-01,9.3256,,,7.4197
South Africa,2021-05-01,8.915,,,7.34
South Africa,2021-06-01,8.895,,,7.435
South Africa,2021-07-01,8.825,,,7.325
South Africa,2021-08-01,8.775,,,7.31
South Africa,2021-09-01,9.225,,,7.595
South Africa,2021-10-01,9.64,,,8.2
South Africa,2021-11-01,9.77,,,8.035
South Africa,2021-12-01,9.35,,,7.86
South Africa,2022-01-01,9.39,,,7.745
South Africa,2022-02-01,9.44,,,7.915
South Africa,2022-03-01,9.6,,,8.145
South Africa,2022-04-01,9.955,,,8.325
South Africa,2022-05-01,9.835,,,8.265
South Africa,2022-06-01,10.58,,,8.895
South Africa,2022-07-01,10.36,,,8.92
South Africa,2022-08-01,10.44,,,8.975
South Africa,2022-09-01,10.885,,,9.47
South Africa,2022-10-01,10.86,,,9.08
South Africa,2022-11-01,10.255,,,8.725
South Africa,2022-12-01,10.185,,,8.765
South Africa,2023-01-01,9.675,,,8.13
South Africa,2023-02-01,10.11,,,8.57
South Africa,2023-03-01,9.83,,,8.435
South Africa,2023-04-01,10.18,,,8.815
South Africa,2023-05-01,11.3,,,9.9
South Africa,2023-06-01,10.51,,,9.19
South Africa,2023-07-01,10.215,,,8.92
South Africa,2023-08-01,10.275,,,8.89
South Africa,2023-09-01,10.81,,,9.41
South Africa,2023-10-01,10.675,,,9.345
South Africa,2023-11-01,9.98,,,8.79
South Africa,2023-12-01,9.77,,,8.695
South Africa,2024-01-01,9.755,,,8.655
South Africa,2024-02-01,10.14,,,8.96
South Africa,2024-03-01,10.615,,,9.285
South Africa,2024-04-01,10.675,,,9.445
South Africa,2024-05-01,10.7,,,9.325
South Africa,2024-06-01,9.96,,,8.755
Spain,1992-08-01,,,13.402963,
Spain,1992-09-01,,,13.494731,
Spain,1992-10-01,,,13.118595,
Spain,1992-11-01,,,13.397374,
Spain,1992-12-01,,,13.719527,
Spain,1993-01-01,,,12.418656,
Spain,1993-02-01,,,12.669501,
Spain,1993-03-01,,,12.184807,
Spain,1993-04-01,,,12.424576,
Spain,1993-05-01,,,10.29096,
Spain,1993-06-01,,,9.668906,
Spain,1993-07-01,,,9.288387,
Spain,1993-08-01,,,8.917327,
Spain,1993-09-01,,,9.236471,
Spain,1993-10-01,,,8.615119,
Spain,1993-11-01,,,8.666942,
Spain,1993-12-01,,,8.102921,
Spain,1994-01-01,,,7.738749,
Spain,1994-02-01,8.38700008,,8.01000023,8.24600029
Spain,1994-03-01,9.0539999,,8.02000046,8.49600029
Spain,1994-04-01,9.22599983,,,8.70199966
Spain,1994-05-01,9.87100029,,,9.19699955
Spain,1994-06-01,10.52200031,,,10.0369997
Spain,1994-07-01,10.47500038,,,10.13199997
Spain,1994-08-01,11.01599979,,,11.10400009
Spain,1994-09-01,11.13899994,,,11.35299969
Spain,1994-10-01,11.11600018,,,10.86400032
Spain,1994-11-01,11.13300037,,,10.82499981
Spain,1994-12-01,11.68799973,,,11.50300026
Spain,1995-01-01,11.77799988,,,11.69799995
Spain,1995-02-01,11.76099968,,,11.76200008
Spain,1995-03-01,12.27999973,,,12.125
Spain,1995-04-01,12.01399994,,,11.77299976
Spain,1995-05-01,11.54699993,,,11.49600029
Spain,1995-06-01,11.81499958,,,11.69499969
Spain,1995-07-01,11.29300022,,,11.14599991
Spain,1995-08-01,11.06900024,,,10.80700016
Spain,1995-09-01,10.99400043,,,10.68900013
Spain,1995-10-01,11.31799984,,,11.40699959
Spain,1995-11-01,10.29100037,,,9.96000004
Spain,1995-12-01,9.72500038,,9.0340004,9.40100002
Spain,1996-01-01,9.54899979,,,8.99699974
Spain,1996-02-01,9.69799995,,,9.16100025
Spain,1996-03-01,9.74100018,,,9.23099995
Spain,1996-04-01,9.13300037,,,8.46100044
Spain,1996-05-01,9.15400028,,,8.40799999
Spain,1996-06-01,8.87199974,,,8.08500004
Spain,1996-07-01,8.92800045,,,8.14599991
Spain,1996-08-01,8.8039999,,,8.02600002
Spain,1996-09-01,7.92000008,,,7.23699999
Spain,1996-10-01,7.80100012,,,6.94199991
Spain,1996-11-01,7.02699995,,,6.19799995
Spain,1996-12-01,6.83099985,,5.69299984,5.86399984
Spain,1997-01-01,6.72300005,,,5.72700024
Spain,1997-02-01,6.83900023,,,5.98000002
Spain,1997-03-01,7.21000004,,,6.4829998
Spain,1997-04-01,6.86499977,,,6.05999994
Spain,1997-05-01,6.6789999,,,5.76000023
Spain,1997-06-01,6.36600018,,,5.51200008
Spain,1997-07-01,6.10699987,,,5.35300016
Spain,1997-08-01,6.30299997,,,5.55200005
Spain,1997-09-01,5.87400007,,,5.17999983
Spain,1997-10-01,6.03200006,,,5.46000004
Spain,1997-11-01,5.8039999,,,5.3119998
Spain,1997-12-01,5.63000011,,4.54500008,5.03999996
Spain,1998-01-01,5.32200003,,,4.73600006
Spain,1998-02-01,5.15100002,,,4.63899994
Spain,1998-03-01,5.13000011,,,4.67000008
Spain,1998-04-01,5.23000002,,,4.78200006
Spain,1998-05-01,5.05600023,,,4.61100006
Spain,1998-06-01,5.02299976,,,4.63199997
Spain,1998-07-01,4.90700006,,,4.546
Spain,1998-08-01,4.66599989,,,4.08799982
Spain,1998-09-01,4.29799986,,,3.7809999
Spain,1998-10-01,4.50199986,,,3.76399994
Spain,1998-11-01,4.26200008,,,3.63000011
Spain,1998-12-01,3.99499989,,,3.2980001
Spain,1999-01-01,3.8499999,,,3.13499999
Spain,1999-02-01,4.22200012,,,3.60599995
Spain,1999-03-01,4.25199986,,,3.4849999
Spain,1999-04-01,4.09399986,,,3.24799991
Spain,1999-05-01,4.42999983,,,3.52800012
Spain,1999-06-01,4.76499987,,,4.02699995
Spain,1999-07-01,5.05100012,,,4.38399982
Spain,1999-08-01,5.18300009,,,4.48000002
Spain,1999-09-01,5.35400009,,,4.67600012
Spain,1999-10-01,5.42000008,,,4.88600016
Spain,1999-11-01,5.44099998,,,5.00199986
Spain,1999-12-01,5.57200003,,,5.12900019
Spain,2000-01-01,5.81699991,,,5.36399984
Spain,2000-02-01,5.71700001,,,5.27899981
Spain,2000-03-01,5.46099997,,,5.09499979
Spain,2000-04-01,5.53900003,,,5.22599983
Spain,2000-05-01,5.5079999,,,5.32999992
Spain,2000-06-01,5.50099993,,,5.27899981
Spain,2000-07-01,5.49900007,,,5.41300011
Spain,2000-08-01,5.60599995,,,5.5170002
Spain,2000-09-01,5.53000021,,,5.37400007
Spain,2000-10-01,5.50400019,,,5.34200001
Spain,2000-11-01,5.2750001,,,5.079
Spain,2000-12-01,5.14900017,,,4.73699999
Spain,2001-01-01,5.0710001,,,4.71500015
Spain,2001-02-01,5.03299999,,,4.66099977
Spain,2001-03-01,4.97100019,,,4.51000023
Spain,2001-04-01,5.35599995,,,4.92199993
Spain,2001-05-01,5.46500015,,,4.83900023
Spain,2001-06-01,5.40999985,,,4.88600016
Spain,2001-07-01,5.17999983,,,4.66499996
Spain,2001-08-01,5.08400011,,,4.50299978
Spain,2001-09-01,5.0999999,,,4.3130002
Spain,2001-10-01,4.65700006,,,3.91000009
Spain,2001-11-01,4.83799982,,,4.11899996
Spain,2001-12-01,5.1789999,,,4.46000004
Spain,2002-01-01,5.07499981,,3.76399994,4.58900023
Spain,2002-02-01,5.12699986,,3.69899988,4.56099987
Spain,2002-03-01,5.42799997,,4.06899977,4.95800018
Spain,2002-04-01,5.29699993,,3.81699991,4.7249999
Spain,2002-05-01,5.33599997,,4.00899982,4.81099987
Spain,2002-06-01,5.12200022,,3.67600012,4.50299978
Spain,2002-07-01,4.91300011,,3.66400003,4.21600008
Spain,2002-08-01,4.704,,3.46300006,3.97799993
Spain,2002-09-01,4.44199991,,3.03500009,3.53200006
Spain,2002-10-01,4.65199995,,3.05299997,3.68300009
Spain,2002-11-01,4.56599998,,3.05800009,3.85899997
Spain,2002-12-01,4.2670002,,2.6170001,3.42000008
Spain,2003-01-01,4.10500002,,2.51799989,3.28800011
Spain,2003-02-01,3.93099999,,2.27200007,3.01699996
Spain,2003-03-01,4.05900002,,2.34599996,3.17000008
Spain,2003-04-01,4.18400002,,2.55500007,3.18799996
Spain,2003-05-01,3.82800007,,2.2019999,2.8210001
Spain,2003-06-01,3.875,,2.1329999,2.829
Spain,2003-07-01,4.22200012,,2.43499994,3.23200011
Spain,2003-08-01,4.24399996,,2.60599995,3.37800002
Spain,2003-09-01,4.02400017,,2.24399996,2.99499989
Spain,2003-10-01,4.32299995,,2.5940001,3.4000001
Spain,2003-11-01,4.45699978,,2.72600007,3.55200005
Spain,2003-12-01,4.29199982,,2.4460001,3.29299998
Spain,2004-01-01,4.2420001,,2.36400008,3.18899989
Spain,2004-02-01,4.04799986,,2.0999999,2.88400006
Spain,2004-03-01,4.03000021,,1.98899996,2.72799993
Spain,2004-04-01,4.24900007,,2.41799998,3.38000011
Spain,2004-05-01,4.40700006,,2.57800007,3.5539999
Spain,2004-06-01,4.33799982,,2.84899998,3.53800011
Spain,2004-07-01,4.23799992,,2.75200009,3.421
Spain,2004-08-01,4.04400015,,2.53999996,3.18099999
Spain,2004-09-01,4.00600004,,2.59800005,3.17799997
Spain,2004-10-01,3.87199998,,2.44400001,3.02399993
Spain,2004-11-01,3.73699999,,2.3670001,2.90300012
Spain,2004-12-01,3.70499992,,2.4519999,2.9059999
Spain,2005-01-01,3.55900002,,2.37800002,2.80999994
Spain,2005-02-01,3.74399996,,2.45700002,2.96700001
Spain,2005-03-01,3.63899994,,2.398,2.85500002
Spain,2005-04-01,3.42600012,,2.17700005,2.59800005
Spain,2005-05-01,3.26399994,,2.05299997,2.45300007
Spain,2005-06-01,3.1170001,,1.95599997,2.53699994
Spain,2005-07-01,3.23600006,,2.14100003,2.70099998
Spain,2005-08-01,3.07999992,,2.10800004,2.58299994
Spain,2005-09-01,3.13599992,,2.22799993,2.71700001
Spain,2005-10-01,3.36400008,,2.44700003,2.97900009
Spain,2005-11-01,3.47199988,,2.63199997,3.05599999
Spain,2005-12-01,3.3210001,,2.65400004,3.04299998
Spain,2006-01-01,3.48699999,,2.89499998,3.21499991
Spain,2006-02-01,3.50900006,,2.96300006,3.26399994
Spain,2006-03-01,3.81200004,,3.22799993,3.57200003
Spain,2006-04-01,3.96300006,,3.23000002,3.6789999
Spain,2006-05-01,3.99600005,,3.28200006,3.68499994
Spain,2006-06-01,4.05600023,,3.39899993,3.81200004
Spain,2006-07-01,3.921,,3.40700006,3.68099999
Spain,2006-08-01,3.75099993,,3.50500011,3.58800006
Spain,2006-09-01,3.71399999,,3.57999992,3.62599993
Spain,2006-10-01,3.78500009,,3.6559999,3.68700004
Spain,2006-11-01,3.727,,3.69400001,3.64499998
Spain,2006-12-01,3.99699998,,3.83200002,3.93700004
Spain,2007-01-01,4.15399981,,3.83400011,4.10099983
Spain,2007-02-01,4.00600004,,3.91599989,4.02699995
Spain,2007-03-01,4.10099983,,3.94799995,4.05200005
Spain,2007-04-01,4.19199991,,3.99900007,4.1420002
Spain,2007-05-01,4.45800018,,4.10900021,4.44199991
Spain,2007-06-01,4.62200022,,4.204,4.57200003
Spain,2007-07-01,4.40299988,,4.32999992,4.38600016
Spain,2007-08-01,4.36199999,,4.07499981,4.22100019
Spain,2007-09-01,4.43200016,,4.07200003,4.26000023
Spain,2007-10-01,4.40299988,,4.15299988,4.26000023
Spain,2007-11-01,4.28599977,,3.91199994,4.03399992
Spain,2007-12-01,4.40399981,,4.046,4.19399977
Spain,2008-01-01,4.09499979,,3.56200004,3.71199989
Spain,2008-02-01,4.14699984,,3.25300002,3.51600003
Spain,2008-03-01,4.22300005,,3.67400002,3.85800004
Spain,2008-04-01,4.39499998,,3.89700007,4.09499979
Spain,2008-05-01,4.61399984,,4.41099977,4.42999983
Spain,2008-06-01,4.90199995,,4.75899982,4.83599997
Spain,2008-07-01,4.67399979,,4.39400005,4.43400002
Spain,2008-08-01,4.53900003,,4.26900005,4.27899981
Spain,2008-09-01,4.59399986,,3.86999989,4.26200008
Spain,2008-10-01,4.57499981,,3.08800006,3.71399999
Spain,2008-11-01,3.91199994,,2.74900007,3.49799991
Spain,2008-12-01,3.78999996,,2.22099996,3.31699991
Spain,2009-01-01,4.38199997,,2.32800007,3.64400005
Spain,2009-02-01,4.2670002,,2.04500008,3.36400008
Spain,2009-03-01,4.05600023,,1.778,3.10500002
Spain,2009-04-01,3.93700004,,1.70599997,2.83299994
Spain,2009-05-01,4.40100002,,1.57299995,3.13000011
Spain,2009-06-01,4.13999987,,1.44200003,2.8499999
Spain,2009-07-01,3.83599997,,1.31099999,2.81399989
Spain,2009-08-01,3.79099989,,1.30999994,2.80500007
Spain,2009-09-01,3.79500008,,1.39600003,2.74099994
Spain,2009-10-01,3.81599998,,1.421,2.73300004
Spain,2009-11-01,3.75099993,,1.38399994,2.65700006
Spain,2009-12-01,3.97799993,,1.523,2.9460001
Spain,2010-01-01,4.13600016,,1.954,3.06800008
Spain,2010-02-01,3.87599993,,1.30200005,2.7420001
Spain,2010-03-01,3.81900001,,1.153,2.6170001
Spain,2010-04-01,4.04099989,,2.01300001,3.15700006
Spain,2010-05-01,4.29799986,,2.52800012,3.37899995
Spain,2010-06-01,4.57399988,,2.85700011,3.79099989
Spain,2010-07-01,4.23099995,,1.91100001,2.9849999
Spain,2010-08-01,4.05499983,,2.02600002,3.14899993
Spain,2010-09-01,4.14300013,,2.23699999,3.15499997
Spain,2010-10-01,4.21899986,,1.98800004,3.1500001
Spain,2010-11-01,5.57499981,,3.92499995,4.96500015
Spain,2010-12-01,5.4829998,,3.55900002,4.78000021
Spain,2011-01-01,5.37799978,,3.10100007,4.56599998
Spain,2011-02-01,5.38500023,,3.20099998,4.4920001
Spain,2011-03-01,5.296,,3.171,4.44199991
Spain,2011-04-01,5.28999996,,3.29299998,4.52699995
Spain,2011-05-01,5.36499977,,3.52200007,4.65399981
Spain,2011-06-01,5.45900011,,3.46300006,4.70900011
Spain,2011-07-01,6.13700008,,4.30800009,5.42399979
Spain,2011-08-01,5.05600023,,3.31100011,4.296
Spain,2011-09-01,5.13899994,,3.5,4.4000001
Spain,2011-10-01,5.55299997,,4.05000019,4.76999998
Spain,2011-11-01,6.2670002,,5.34000015,5.86999989
Spain,2011-12-01,5.08599997,,3.41000009,4.19999981
Spain,2012-01-01,5.01999998,,2.44000006,3.6400001
Spain,2012-02-01,4.98999977,,2.3900001,3.52999997
Spain,2012-03-01,5.3499999,,2.6099999,4.26999998
Spain,2012-04-01,5.78999996,,3.29999995,4.69999981
Spain,2012-05-01,6.55000019,,4.92999983,6.01000023
Spain,2012-06-01,6.5,,4.5999999,5.78999996
Spain,2012-07-01,6.76000023,,5.28999996,6.44000006
Spain,2012-08-01,6.71999979,,3.78999996,5.88999987
Spain,2012-09-01,5.96600008,,3.52900004,4.96099997
Spain,2012-10-01,5.63399982,,3.06399989,4.38700008
Spain,2012-11-01,5.32600021,,2.94099998,4.26399994
Spain,2012-12-01,5.3119998,,2.93799996,4.05999994
Spain,2013-01-01,5.21799994,,2.5999999,3.89499998
Spain,2013-02-01,5.11499977,,2.546,3.77699995
Spain,2013-03-01,5.05499983,,2.44099998,3.81800008
Spain,2013-04-01,4.13000011,,1.704,2.91899991
Spain,2013-05-01,4.43200016,,1.95200002,3.22300005
Spain,2013-06-01,4.76499987,,2.29399991,3.58299994
Spain,2013-07-01,4.66300011,,1.95299995,3.31299996
Spain,2013-08-01,4.53499985,,1.83099997,3.50999999
Spain,2013-09-01,4.32200003,,1.54900002,3.18000007
Spain,2013-10-01,4.04899979,,1.13699996,2.8039999
Spain,2013-11-01,4.12699986,,1.03699994,2.69300008
Spain,2013-12-01,4.14499998,,1.15499997,2.72000003
Spain,2014-01-01,3.67499995,,1.21899998,2.21099997
Spain,2014-02-01,3.51399994,,1.07200003,2.023
Spain,2014-03-01,3.23799992,,0.81800002,1.85099995
Spain,2014-04-01,3.0250001,,0.74599999,1.68400002
Spain,2014-05-01,2.85800004,,0.72799999,1.54799998
Spain,2014-06-01,2.671,,0.493,1.28900003
Spain,2014-07-01,2.475,,0.255,1.04
Spain,2014-08-01,2.241,,0.238,0.937
Spain,2014-10-01,2.168,,0.505,0.994
Spain,2014-11-01,2.154,,0.458,0.997
Spain,2015-02-01,1.386,,0.221,0.648
Spain,2015-04-01,1.447,,0.024,0.593
Spain,2015-05-01,1.83,,0.049,0.781
Spain,2015-06-01,2.306,,0.414,1.12
Spain,2015-07-01,1.842,,0.101,0.772
Spain,2015-08-01,2.103,,0.155,1.035
Spain,2015-09-01,1.887,,0.137,0.871
Spain,2015-10-01,1.695,,0.019,0.657
Spain,2015-11-01,1.528,,-0.012,0.497
Spain,2015-12-01,1.765,,0.012,0.686
Spain,2016-01-01,1.53,,-0.01,0.45
Spain,2016-02-01,1.524,,0.01,0.475
Spain,2016-03-01,1.373,,-0.005,0.36
Spain,2016-04-01,1.6005,,-0.0503,0.3755
Spain,2016-05-01,1.4852,,-0.0973,0.28
Spain,2016-06-01,1.2306,,-0.1585,0.2419
Spain,2016-07-01,1.0186,,-0.1549,0.1699
Spain,2016-08-01,1.0133,,-0.1742,0.1326
Spain,2016-09-01,0.8851,,-0.2154,0.0373
Spain,2016-10-01,1.2182,,-0.1554,0.1888
Spain,2016-11-01,1.5543,,-0.101,0.4955
Spain,2016-12-01,1.3746,,-0.2896,0.2708
Spain,2017-01-01,1.6087,,-0.2658,0.3535
Spain,2017-02-01,1.5491,,-0.2594,0.2348
Spain,2017-03-01,1.6575,,-0.1689,0.493
Spain,2017-04-01,1.6492,,-0.2438,0.4339
Spain,2017-05-01,1.5391,,-0.284,0.3439
Spain,2017-06-01,1.5323,,-0.2612,0.3169
Spain,2017-07-01,1.492,,-0.3256,0.2692
Spain,2017-08-01,1.6187,,-0.364,0.2059
Spain,2017-09-01,1.6801,,-0.3266,0.2721
Spain,2017-10-01,1.4672,,-0.3585,0.2063
Spain,2017-11-01,1.4506,,-0.3455,0.3427
Spain,2017-12-01,1.5558,,-0.3384,0.3825
Spain,2018-01-01,1.4268,,-0.361,0.3927
Spain,2018-02-01,1.4591,,-0.366,0.3929
Spain,2018-03-01,1.1649,,-0.3545,0.0815
Spain,2018-04-01,1.2766,,-0.3397,0.1995
Spain,2018-05-01,1.5044,,-0.0142,0.4625
Spain,2018-06-01,1.3269,,-0.2217,0.4145
Spain,2018-07-01,1.337,,-0.3019,0.3696
Spain,2018-08-01,1.4789,,-0.2553,0.4617
Spain,2018-09-01,1.506,,-0.1799,0.5303
Spain,2018-10-01,1.5545,,-0.2073,0.5503
Spain,2018-11-01,1.506,,-0.0979,0.4586
Spain,2018-12-01,1.4227,0.01,-0.1751,0.3389
Spain,2019-01-01,1.21099997,-0.345,-0.244,0.19599999
Spain,2019-02-01,1.19000006,-0.31200001,-0.192,0.192
Spain,2019-03-01,1.11500001,-0.32600001,-0.289,0.06
Spain,2019-04-01,1.00800002,-0.32699999,-0.28200001,-0.015
Spain,2019-05-01,0.71799999,-0.37,-0.35499999,-0.13
Spain,2019-06-01,0.396,-0.414,-0.40400001,-0.16
Spain,2019-07-01,0.292,-0.48500001,-0.486,-0.25099999
Spain,2019-08-01,0.13699999,-0.50999999,-0.56,-0.32800001
Spain,2019-09-01,0.15700001,-0.44299999,-0.48199999,-0.28200001
Spain,2019-10-01,0.228,-0.49950001,-0.458,-0.21699999
Spain,2019-11-01,0.4095,-0.58149999,-0.44549999,-0.109
Spain,2019-12-01,0.46149999,-0.47299999,-0.458,-0.0805
Spain,2020-01-01,0.229,-0.44749999,-0.48199999,-0.23199999
Spain,2020-02-01,0.296,-0.5025,-0.429,-0.151
Spain,2020-03-01,0.692,-0.145,-0.187,0.293
Spain,2020-04-01,0.762,-0.168,-0.067,0.096
Spain,2020-05-01,0.591,-0.372,-0.401,-0.13
Spain,2020-06-01,0.506,-0.457,-0.469,-0.194
Spain,2020-07-01,0.365,-0.456,-0.354,-0.164
Spain,2020-08-01,0.429,-0.441,-0.444,-0.179
Spain,2020-09-01,0.277,-0.496,-0.499,-0.277
Spain,2020-10-01,0.134,-0.538,-0.565,-0.385
Spain,2020-11-01,0.085,-0.568,-0.578,-0.439
Spain,2020-12-01,0.055,-0.63,-0.608,-0.47
Spain,2021-01-01,0.101,-0.49,-0.54,-0.43
Spain,2021-02-01,0.426,-0.482,-0.514,-0.171
Spain,2021-03-01,0.342,-0.496,-0.479,-0.266
Spain,2021-04-01,0.4789,-0.518,-0.4857,-0.199
Spain,2021-05-01,0.498,-0.527,-0.497,-0.199
Spain,2021-06-01,0.424,-0.538,-0.488,-0.232
Spain,2021-07-01,0.275,-0.585,-0.583,-0.389
Spain,2021-08-01,0.348,-0.556,-0.604,-0.339
Spain,2021-09-01,0.474,-0.57,-0.584,-0.287
Spain,2021-10-01,0.618,-0.51,-0.477,-0.068
Spain,2021-11-01,0.416,-0.618,-0.61,-0.282
Spain,2021-12-01,0.595,-0.555,-0.582,0.022
Spain,2022-01-01,0.772,-0.514,-0.476,0.21
Spain,2022-02-01,1.122,-0.508,-0.051,0.457
Spain,2022-03-01,1.476,-0.309,0.242,0.841
Spain,2022-04-01,1.998,-0.043,0.702,1.338
Spain,2022-05-01,2.251,0.05,0.802,1.495
Spain,2022-06-01,2.492,0.63,1.007,1.732
Spain,2022-07-01,1.957,0.621,0.583,1.074
Spain,2022-08-01,2.78,1.135,1.631,2.008
Spain,2022-09-01,3.307,2.067,2.074,2.608
Spain,2022-10-01,3.27,2.249,2.213,2.647
Spain,2022-11-01,2.947,2.452,2.386,2.514
Spain,2022-12-01,3.661,2.718,3.039,3.167
Spain,2023-01-01,3.328,2.926,2.841,2.984
Spain,2023-02-01,3.665,3.186,3.319,3.384
Spain,2023-03-01,3.295,2.988,2.883,2.948
Spain,2023-04-01,3.369,3.221,3.03,2.998
Spain,2023-05-01,3.331,3.397,3.06,2.988
Spain,2023-06-01,3.384,3.795,3.56,3.265
Spain,2023-07-01,3.509,3.721,3.475,3.234
Spain,2023-08-01,3.483,3.684,3.419,3.151
Spain,2023-09-01,3.953,3.881,3.646,3.518
Spain,2023-10-01,3.925,3.691,3.495,3.363
Spain,2023-11-01,3.477,3.506,3.339,3.05
Spain,2023-12-01,3.008,3.208,3.024,2.624
Spain,2024-01-01,3.109,3.263,2.962,2.731
Spain,2024-02-01,3.297,3.509,3.189,2.976
Spain,2024-03-01,3.16,3.47,3.037,2.848
Spain,2024-04-01,3.373,3.496,3.299,3.092
Spain,2024-05-01,3.383,3.495,3.299,3.104
Spain,2024-06-01,3.427,3.399,3.166,3.06
Sweden,2012-08-01,,,0.855,1.015
Sweden,2012-09-01,1.47,,0.675,0.97
Sweden,2012-10-01,1.53,,0.77,1.01
Sweden,2012-11-01,1.485,,0.725,0.965
Sweden,2012-12-01,1.535,,0.745,0.97
Sweden,2013-01-01,1.99,,1.03,1.385
Sweden,2013-02-01,1.89,,1.035,1.32
Sweden,2013-03-01,1.705,,0.995,1.18
Sweden,2013-04-01,1.515,,0.82,1.01
Sweden,2013-05-01,1.815,,0.93,1.185
Sweden,2013-06-01,2.1,,1.135,1.455
Sweden,2013-07-01,2.19,,1.045,1.665
Sweden,2013-08-01,2.445,,1.24,1.925
Sweden,2013-09-01,2.445,,1.12,1.84
Sweden,2013-10-01,2.28,,1.03,1.685
Sweden,2013-11-01,2.24,,0.865,1.58
Sweden,2013-12-01,2.525,,0.84,1.81
Sweden,2014-01-01,2.215,,0.72,1.52
Sweden,2014-02-01,2.23,,0.69,1.515
Sweden,2014-03-01,2.135,,0.625,1.425
Sweden,2014-04-01,1.995,,0.555,1.26
Sweden,2014-05-01,1.806,,0.54,1.215
Sweden,2014-06-01,1.85,,,0.0955
Sweden,2014-07-01,1.715,,0.018,0.0008
Sweden,2014-08-01,1.405,,0.014,0.0585
Sweden,2014-09-01,1.485,,0.016,0.0565
Sweden,2014-10-01,1.19,,0.031,0.29
Sweden,2014-11-01,1.02,,0.055,0.175
Sweden,2014-12-01,0.94,,0.115,0.135
Sweden,2015-01-01,0.645,,0.001,-0.009
Sweden,2015-02-01,0.705,,-0.145,0.205
Sweden,2015-03-01,0.425,,-0.31,0.04
Sweden,2015-04-01,0.455,,-0.27,0.09
Sweden,2015-05-01,0.665,,-0.265,0.185
Sweden,2015-06-01,0.99,,-0.265,0.37
Sweden,2015-07-01,0.75,,-0.39,0.13
Sweden,2015-08-01,0.695,,-0.52,0.065
Sweden,2015-09-01,0.72,,-0.485,0.055
Sweden,2015-10-01,0.63,,-0.455,0.009
Sweden,2015-11-01,0.755,,-0.47,0.105
Sweden,2015-12-01,0.87,,-0.5,0.135
Sweden,2016-01-01,0.725,,-0.52,0.035
Sweden,2016-02-01,0.475,,-0.62,-0.155
Sweden,2016-03-01,0.8,,-0.64,-0.12
Sweden,2016-04-01,0.9103,,-0.4161,-0.0548
Sweden,2016-05-01,0.7757,,,-0.1751
Sweden,2016-06-01,0.2846,,-0.6237,-0.4921
Sweden,2016-07-01,0.11,,-0.6625,-0.5195
Sweden,2016-08-01,0.1083,,-0.636,-0.5371
Sweden,2016-09-01,0.1818,,-0.6686,-0.5528
Sweden,2016-10-01,0.2728,,-0.727,-0.5524
Sweden,2016-11-01,0.529,,-0.7051,-0.1584
Sweden,2016-12-01,0.5602,,-0.6274,-0.1151
Sweden,2017-01-01,0.7525,,-0.5357,0.0944
Sweden,2017-02-01,0.5322,,-0.6603,-0.1444
Sweden,2017-03-01,0.6059,,-0.5962,-0.0487
Sweden,2017-04-01,0.5887,,-0.6525,-0.0724
Sweden,2017-05-01,0.4848,,-0.7115,-0.1618
Sweden,2017-06-01,0.6548,,-0.6272,-0.0009
Sweden,2017-07-01,0.7328,,-0.6817,0.0369
Sweden,2017-08-01,0.5951,,-0.6824,-0.0709
Sweden,2017-09-01,0.9247,,-0.6908,-0.0128
Sweden,2017-10-01,0.8154,,-0.7805,-0.138
Sweden,2017-11-01,0.7323,,-0.8532,-0.2179
Sweden,2017-12-01,0.7721,,-0.7813,-0.1098
Sweden,2018-01-01,0.9277,,-0.7472,0.0379
Sweden,2018-02-01,0.8131,,-0.4495,0.19
Sweden,2018-03-01,0.6878,,-0.4765,0.1003
Sweden,2018-04-01,0.7183,,-0.5419,0.0882
Sweden,2018-05-01,0.4801,,-0.566,-0.0791
Sweden,2018-06-01,0.5031,,-0.553,-0.0821
Sweden,2018-07-01,0.6044,,-0.489,0.0347
Sweden,2018-08-01,0.504,,-0.5251,-0.0546
Sweden,2018-09-01,0.6313,,-0.4502,0.1057
Sweden,2018-10-01,0.6195,,-0.432,0.0864
Sweden,2018-11-01,0.4881,,-0.4552,0.0047
Sweden,2018-12-01,0.4654,,-0.4021,-0.0224
Sweden,2019-01-01,0.3854,,-0.424,-0.0811
Sweden,2019-02-01,0.3951,,-0.3728,-0.0597
Sweden,2019-03-01,0.1742,,-0.5036,-0.2562
Sweden,2019-04-01,0.168,,-0.5664,-0.3009
Sweden,2019-05-01,-0.0284,,-0.5703,-0.4369
Sweden,2019-06-01,0.0273,,-0.6137,-0.515
Sweden,2019-07-01,-0.1351,,-0.6348,-0.6163
Sweden,2019-08-01,-0.3713,,-0.6475,-0.724
Sweden,2019-09-01,-0.2682,,-0.5876,-0.5973
Sweden,2019-10-01,-0.1175,,-0.3922,-0.384
Sweden,2019-11-01,0.0144,,-0.2963,-0.2789
Sweden,2019-12-01,0.1534,,-0.3609,-0.2424
Sweden,2020-01-01,-0.0513,,-0.3131,-0.3213
Sweden,2020-02-01,-0.281,,-0.504,-0.489674
Sweden,2020-03-01,-0.138,,-0.427,-0.3856
Sweden,2020-04-01,-0.115,,-0.36,-0.3475
Sweden,2020-05-01,-0.037,,-0.292,-0.245
Sweden,2020-06-01,-0.06,,-0.349,-0.3117
Sweden,2020-07-01,-0.08,,-0.295,-0.2738
Sweden,2020-08-01,0.034,,-0.349,-0.2455
Sweden,2020-09-01,-0.029,,-0.355,-0.3274
Sweden,2020-10-01,-0.065,,-0.406,-0.3675
Sweden,2020-11-01,0.005,,-0.385,-0.3242
Sweden,2020-12-01,0.031,,-0.368,-0.225
Sweden,2021-01-01,0.106,,-0.367,-0.193
Sweden,2021-02-01,0.42,,-0.254,0.044
Sweden,2021-03-01,0.4,,-0.282,-0.001
Sweden,2021-04-01,0.404,,-0.283,0.0209
Sweden,2021-05-01,0.456,,-0.261,0.03
Sweden,2021-06-01,0.331,,-0.237,-0.011
Sweden,2021-07-01,0.1,,-0.316,-0.187
Sweden,2021-08-01,0.176,,-0.284,-0.103
Sweden,2021-09-01,0.395,,-0.29,0.043
Sweden,2021-10-01,0.369,,-0.086,0.147
Sweden,2021-11-01,0.15,,-0.28,-0.039
Sweden,2021-12-01,0.238,,-0.2,0.091
Sweden,2022-01-01,0.401,,-0.065,0.266
Sweden,2022-02-01,0.516,,-0.067,0.403
Sweden,2022-03-01,1.198,,0.695,1.176
Sweden,2022-04-01,1.702,,1.164,1.602
Sweden,2022-05-01,1.565,,1.174,1.51
Sweden,2022-06-01,1.748,,1.638,1.832
Sweden,2022-07-01,1.404,,1.699,1.576
Sweden,2022-08-01,1.963,,2.158,2.23
Sweden,2022-09-01,2.248,,2.221,2.433
Sweden,2022-10-01,2.2,,2.404,2.364
Sweden,2022-11-01,1.871,,,2.057
Sweden,2022-12-01,2.339,,,2.53
Sweden,2023-01-01,2.129,,,2.196
Sweden,2023-02-01,2.598,,,2.831
Sweden,2023-03-01,2.191,,2.875,2.383
Sweden,2023-04-01,2.401,,2.906,2.441
Sweden,2023-05-01,2.252,,2.993,2.439
Sweden,2023-06-01,2.527,,3.464,2.804
Sweden,2023-07-01,2.569,,3.359,2.71
Sweden,2023-08-01,2.737,,3.45,2.864
Sweden,2023-09-01,2.916,,3.53,3.116
Sweden,2023-10-01,2.965,,3.472,2.982
Sweden,2023-11-01,2.674,,3.292,2.625
Sweden,2023-12-01,2.013,,2.285,2.003
Sweden,2024-01-01,2.192,,2.441,2.144
Sweden,2024-02-01,2.469,,2.807,2.505
Sweden,2024-03-01,2.395,,2.676,2.325
Sweden,2024-04-01,2.487,,2.944,2.516
Sweden,2024-05-01,2.436,,2.829,2.48
Sweden,2024-06-01,2.204,,2.449,2.175
Switzerland,1994-02-01,4.389,,,3.999
Switzerland,1994-03-01,4.546,,,4.114
Switzerland,1994-04-01,4.921,,,4.471
Switzerland,1994-05-01,4.982,,,4.602
Switzerland,1994-06-01,5.163,,,4.991
Switzerland,1994-07-01,5.181,,,4.877
Switzerland,1994-08-01,5.431,,,5.224
Switzerland,1994-09-01,5.557,,,5.318
Switzerland,1994-10-01,5.525,,,5.351
Switzerland,1994-11-01,5.282,,,5.172
Switzerland,1994-12-01,5.265,,,5.029
Switzerland,1995-01-01,5.231,,4.866,5.009
Switzerland,1995-02-01,5.28,,4.848,5.05
Switzerland,1995-03-01,5.101,,4.616,4.797
Switzerland,1995-04-01,4.953,,3.926,4.489
Switzerland,1995-05-01,4.8,,4.03,4.537
Switzerland,1995-06-01,4.889,,4.057,4.471
Switzerland,1995-07-01,4.704,,3.673,4.4
Switzerland,1995-08-01,4.602,,3.526,4.279
Switzerland,1995-09-01,4.413,,3.1,3.875
Switzerland,1995-10-01,4.127,,2.548,3.622
Switzerland,1995-11-01,3.895,,2.299,3.413
Switzerland,1995-12-01,3.84,,2.2,3.485
Switzerland,1996-01-01,4.297,,2.649,3.675
Switzerland,1996-02-01,4.233,,2.741,3.584
Switzerland,1996-03-01,4.243,,2.605,3.645
Switzerland,1996-04-01,4.165,,2.459,3.564
Switzerland,1996-05-01,4.556,,3.022,3.972
Switzerland,1996-06-01,4.37,,2.976,3.921
Switzerland,1996-07-01,4.368,,2.851,3.841
Switzerland,1996-08-01,4.272,,2.585,3.75
Switzerland,1996-09-01,4.05,,2.28,3.373
Switzerland,1996-10-01,3.901,,2.197,3.217
Switzerland,1996-11-01,3.913,,2.173,3.309
Switzerland,1996-12-01,3.844,,2.028,3.083
Switzerland,1997-01-01,3.815,,1.931,3.15
Switzerland,1997-02-01,3.41,,1.998,2.725
Switzerland,1997-03-01,3.678,,2.201,3.012
Switzerland,1997-04-01,3.56,,2.031,2.837
Switzerland,1997-05-01,3.398,,1.898,2.776
Switzerland,1997-06-01,3.342,,1.915,2.74
Switzerland,1997-07-01,3.433,,1.979,2.754
Switzerland,1997-08-01,3.559,,2.127,2.879
Switzerland,1997-09-01,3.541,,2.243,2.901
Switzerland,1997-10-01,3.565,,2.386,3.004
Switzerland,1997-11-01,3.512,,2.226,2.938
Switzerland,1997-12-01,3.282,,1.98,2.651
Switzerland,1998-01-01,2.979,,1.878,2.437
Switzerland,1998-02-01,2.863,,1.697,2.245
Switzerland,1998-03-01,2.948,,1.979,2.436
Switzerland,1998-04-01,3.148,,2.231,2.652
Switzerland,1998-05-01,2.974,,2.143,2.502
Switzerland,1998-06-01,3.137,,2.299,2.656
Switzerland,1998-07-01,3.06,,2.204,2.631
Switzerland,1998-08-01,2.739,,1.889,2.462
Switzerland,1998-09-01,2.718,,1.698,2.235
Switzerland,1998-10-01,2.615,,1.553,2.115
Switzerland,1998-11-01,2.384,,1.744,2.06
Switzerland,1998-12-01,2.357,,1.695,2.036
Switzerland,1999-01-01,2.41,,1.676,1.915
Switzerland,1999-02-01,2.393,,1.635,1.92
Switzerland,1999-03-01,2.463,,1.679,1.928
Switzerland,1999-04-01,2.404,,1.601,1.844
Switzerland,1999-05-01,2.565,,1.683,2.014
Switzerland,1999-06-01,2.863,,2.192,2.442
Switzerland,1999-07-01,2.902,,2.285,2.513
Switzerland,1999-08-01,3.063,,2.42,2.679
Switzerland,1999-09-01,3.249,,2.642,2.888
Switzerland,1999-10-01,3.415,,3.036,3.22
Switzerland,1999-11-01,3.436,,2.873,3.047
Switzerland,1999-12-01,3.503,,2.619,2.921
Switzerland,2000-01-01,3.659,,2.773582,3.236
Switzerland,2000-02-01,3.843,,3.278718,3.518
Switzerland,2000-03-01,4.145,,3.555636,3.864
Switzerland,2000-04-01,4.087,,3.778221,3.865
Switzerland,2000-05-01,4.161,,3.857111,3.984
Switzerland,2000-06-01,3.997,,3.788886,3.841
Switzerland,2000-07-01,3.972,,3.839237,3.842
Switzerland,2000-08-01,3.863,,3.750025,3.741
Switzerland,2000-09-01,3.909,,3.597185,3.675
Switzerland,2000-10-01,3.854,,3.554124,3.645
Switzerland,2000-11-01,3.711,,3.567109,3.586
Switzerland,2000-12-01,3.504,,3.239571,3.248
Switzerland,2001-01-01,3.476,,3.20814,3.184
Switzerland,2001-02-01,3.481,,3.240922,3.182
Switzerland,2001-03-01,3.273,,3.030471,3.059
Switzerland,2001-04-01,3.525,,3.234897,3.261
Switzerland,2001-05-01,3.511,,3.219657,3.255
Switzerland,2001-06-01,3.339,,3.178795,3.192
Switzerland,2001-07-01,3.315,,3.022405,3.124
Switzerland,2001-08-01,3.274,,2.800681,3.0
Switzerland,2001-09-01,3.195,,2.333415,2.77
Switzerland,2001-10-01,2.878,,1.947747,2.618
Switzerland,2001-11-01,3.142,,2.128047,2.889
Switzerland,2001-12-01,3.474,,2.059,3.162
Switzerland,2002-01-01,3.544,,2.736,3.279
Switzerland,2002-02-01,3.567,,2.532,3.214
Switzerland,2002-03-01,3.595,,2.681,3.277
Switzerland,2002-04-01,3.453,,2.387,3.056
Switzerland,2002-05-01,3.4,,2.196,2.97
Switzerland,2002-06-01,3.212,,1.911,2.772
Switzerland,2002-07-01,3.065,,1.309,2.504
Switzerland,2002-08-01,3.01,,1.135,2.451
Switzerland,2002-09-01,2.596,,0.965771,2.058
Switzerland,2002-10-01,2.671,,0.846,2.033
Switzerland,2002-11-01,2.62,,1.067,2.005
Switzerland,2002-12-01,2.209,,0.697,1.552
Switzerland,2003-01-01,2.325,,0.778,1.51
Switzerland,2003-02-01,2.27,,0.64,1.374
Switzerland,2003-03-01,2.374,,0.655,1.524
Switzerland,2003-04-01,2.54,,0.707,1.627
Switzerland,2003-05-01,2.241,,0.429,1.335
Switzerland,2003-06-01,2.408,,0.507017,1.433
Switzerland,2003-07-01,2.52,,0.445,1.587
Switzerland,2003-08-01,2.693,,0.511,1.788
Switzerland,2003-09-01,2.536,,0.322,1.548
Switzerland,2003-10-01,2.685,,0.487,1.726
Switzerland,2003-11-01,2.823,,0.735,1.889
Switzerland,2003-12-01,2.626,,0.553,1.662
Switzerland,2004-01-01,2.708,,0.894,1.852
Switzerland,2004-02-01,2.552,,0.728,1.627
Switzerland,2004-03-01,2.5,,0.753,1.606
Switzerland,2004-04-01,2.651,,1.11,1.924
Switzerland,2004-05-01,2.793,,1.178,2.075
Switzerland,2004-06-01,2.892,,1.401,2.213
Switzerland,2004-07-01,2.808,,1.242351,2.109
Switzerland,2004-08-01,2.615,,1.056,1.845
Switzerland,2004-09-01,2.608,,1.133645,1.886
Switzerland,2004-10-01,2.472,,0.973826,1.695
Switzerland,2004-11-01,2.32,,1.09,1.619
Switzerland,2004-12-01,2.307,,0.954,1.612
Switzerland,2005-01-01,2.244,,1.149,1.696
Switzerland,2005-02-01,2.347,,1.221,1.795
Switzerland,2005-03-01,2.274,,1.156,1.722
Switzerland,2005-04-01,2.087,,1.024,1.509
Switzerland,2005-05-01,1.952,,0.947,1.389
Switzerland,2005-06-01,1.977,,0.803,1.441
Switzerland,2005-07-01,1.951,,0.964,1.481
Switzerland,2005-08-01,1.892,,0.997,1.451
Switzerland,2005-09-01,1.9,,1.123,1.555
Switzerland,2005-10-01,2.13,,1.425,1.862
Switzerland,2005-11-01,2.209,,1.611,1.952
Switzerland,2005-12-01,1.916,,1.511,1.799
Switzerland,2006-01-01,2.194,,1.65,1.996
Switzerland,2006-02-01,2.232,,1.654,2.019
Switzerland,2006-03-01,2.489,,1.799,2.222
Switzerland,2006-04-01,2.705,,1.838,2.414
Switzerland,2006-05-01,2.704,,1.994,2.433
Switzerland,2006-06-01,2.826,,2.079,2.564
Switzerland,2006-07-01,2.701,,1.979,2.469
Switzerland,2006-08-01,2.473,,2.007,2.315
Switzerland,2006-09-01,2.409,,2.022,2.457
Switzerland,2006-10-01,2.424,,2.043,2.448
Switzerland,2006-11-01,2.302,,2.148,2.345
Switzerland,2006-12-01,2.481,,2.311,2.497
Switzerland,2007-01-01,2.638,,2.595,2.556
Switzerland,2007-02-01,2.542,,2.434,2.47
Switzerland,2007-03-01,2.681,,2.454,2.536
Switzerland,2007-04-01,2.758,,2.52,2.628
Switzerland,2007-05-01,3.089,,2.825,2.926
Switzerland,2007-06-01,3.23,,2.9,3.062
Switzerland,2007-07-01,3.144,,2.88,3.144
Switzerland,2007-08-01,3.049,,2.594,3.049
Switzerland,2007-09-01,3.018,,2.43,3.018
Switzerland,2007-10-01,2.983,,2.581,2.983
Switzerland,2007-11-01,2.888,,2.196,2.888
Switzerland,2007-12-01,3.065,,2.339,3.065
Switzerland,2008-01-01,2.823,,2.012,2.806
Switzerland,2008-02-01,2.983,,2.031,2.949
Switzerland,2008-03-01,2.926,,2.274,2.907
Switzerland,2008-04-01,3.129,,2.503,3.111
Switzerland,2008-05-01,3.227,,2.606,3.214
Switzerland,2008-06-01,3.309,,2.796,3.301
Switzerland,2008-07-01,3.056,,2.587,3.045
Switzerland,2008-08-01,2.901,,2.419,2.886
Switzerland,2008-09-01,2.63,,1.564,2.603
Switzerland,2008-10-01,2.782,,1.54,2.7
Switzerland,2008-11-01,2.241,,1.314,2.178
Switzerland,2008-12-01,2.228,,0.674,2.091
Switzerland,2009-01-01,2.229,,0.503,2.072
Switzerland,2009-02-01,2.282,,0.552,2.136
Switzerland,2009-03-01,2.146,,0.52,2.031
Switzerland,2009-04-01,2.177,,0.489,1.99
Switzerland,2009-05-01,2.45,,0.555,2.301
Switzerland,2009-06-01,2.366,,0.553,2.181
Switzerland,2009-07-01,2.013,,0.421,1.851
Switzerland,2009-08-01,2.068,,0.424,1.873
Switzerland,2009-09-01,2.018,,0.512,1.823
Switzerland,2009-10-01,2.055,,0.561,1.865
Switzerland,2009-11-01,1.852,,0.394,1.676
Switzerland,2009-12-01,2.025,,0.648,1.755
Switzerland,2010-01-01,2.003,,0.561,1.673
Switzerland,2010-02-01,1.916,,0.335,1.568
Switzerland,2010-03-01,1.892,,0.457,1.572
Switzerland,2010-04-01,1.831,,0.445,1.527
Switzerland,2010-05-01,1.57,,0.62,1.244
Switzerland,2010-06-01,1.523,,0.67,1.183
Switzerland,2010-07-01,1.481,,0.675,1.159
Switzerland,2010-08-01,1.148,,0.54,0.928
Switzerland,2010-09-01,1.384,,0.664,1.105
Switzerland,2010-10-01,1.535,,0.702,1.144
Switzerland,2010-11-01,1.61,,0.645,1.16
Switzerland,2010-12-01,1.763,,0.738,1.359
Switzerland,2011-01-01,1.843,,0.844,1.433
Switzerland,2011-02-01,1.894,,0.851,1.469
Switzerland,2011-03-01,1.952,,0.957,1.551
Switzerland,2011-04-01,2.035,,1.026,1.64
Switzerland,2011-05-01,1.796,,0.72,1.406
Switzerland,2011-06-01,1.791,,0.444,1.243
Switzerland,2011-07-01,1.436,,0.171,0.884
Switzerland,2011-08-01,1.222,,0.102,0.722
Switzerland,2011-09-01,1.03,,-0.027,0.46
Switzerland,2011-10-01,1.039,,0.066,0.511
Switzerland,2011-11-01,0.993,,-0.062,0.392
Switzerland,2011-12-01,0.744,,0.052,0.29
Switzerland,2012-01-01,0.699,,0.054,0.29
Switzerland,2012-02-01,0.704,,0.027,0.239
Switzerland,2012-03-01,0.857,,0.06,0.34
Switzerland,2012-04-01,0.713,,-0.047,0.248
Switzerland,2012-05-01,0.544,,-0.231,0.071
Switzerland,2012-06-01,0.658,,-0.151,0.083
Switzerland,2012-07-01,0.462,,-0.412,-0.031
Switzerland,2012-08-01,0.507,,-0.425,-0.04
Switzerland,2012-09-01,0.528,,-0.115,0.04
Switzerland,2012-10-01,0.486,,-0.146,0.045
Switzerland,2012-11-01,0.421,,-0.135,-0.005
Switzerland,2012-12-01,0.452,,-0.111,0.037
Switzerland,2013-01-01,0.803,,0.081,0.325
Switzerland,2013-02-01,0.705,,0.016,0.148
Switzerland,2013-03-01,0.728,,-0.005,0.142
Switzerland,2013-04-01,0.6,,-0.066,0.053
Switzerland,2013-05-01,0.736,,-0.023,0.166
Switzerland,2013-06-01,1.041,,-0.019,0.343
Switzerland,2013-07-01,1.035,,0.055,0.258
Switzerland,2013-08-01,1.086,,0.013,0.275
Switzerland,2013-09-01,1.02,,0.041,0.206
Switzerland,2013-10-01,0.973,,0.024,0.173
Switzerland,2013-11-01,0.881,,-0.096,0.119
Switzerland,2013-12-01,1.089,,-0.004,0.212
Switzerland,2014-01-01,0.985,,-0.129,0.151
Switzerland,2014-02-01,0.999,,-0.091,0.22
Switzerland,2014-03-01,0.956,,-0.082,0.188
Switzerland,2014-04-01,0.844,,-0.029,0.147
Switzerland,2014-05-01,0.728,,-0.081,0.141
Switzerland,2014-06-01,0.645,,0.005,0.155
Switzerland,2014-07-01,0.552,,0.006,0.099
Switzerland,2014-08-01,0.435,,-0.024,0.091
Switzerland,2014-09-01,0.478,,-0.081,0.061
Switzerland,2014-10-01,0.461,,-0.081,0.056
Switzerland,2014-11-01,0.308,,-0.077,-0.014
Switzerland,2014-12-01,0.368,,-0.305,-0.129
Switzerland,2015-01-01,-0.026,,-0.685,-0.476
Switzerland,2015-02-01,0.026,,-0.891,-0.414
Switzerland,2015-03-01,-0.056,,-0.805,-0.397
Switzerland,2015-04-01,0.017,,-0.812,-0.393
Switzerland,2015-05-01,-0.064,,-0.898,-0.518
Switzerland,2015-06-01,0.104,,-0.958,-0.495
Switzerland,2015-07-01,-0.036,,-0.84,-0.574
Switzerland,2015-08-01,-0.135,,-0.731,-0.601
Switzerland,2015-09-01,-0.122,,-0.836,-0.697
Switzerland,2015-10-01,-0.272,,-0.869,-0.8
Switzerland,2015-11-01,-0.389,,-1.113,-0.996
Switzerland,2015-12-01,-0.075,,-0.841,-0.614
Switzerland,2016-01-01,-0.278,,-0.938,-0.724
Switzerland,2016-02-01,-0.446,,-1.096,-0.885
Switzerland,2016-03-01,-0.334,,-0.864,-0.783
Switzerland,2016-04-01,-0.25,,-0.829,-0.697
Switzerland,2016-05-01,-0.311,,-0.825,-0.74
Switzerland,2016-06-01,-0.566,,-1.077,-1.003
Switzerland,2016-07-01,-0.577,,-0.917,-0.915
Switzerland,2016-08-01,-0.481,,-0.848,-0.808
Switzerland,2016-09-01,-0.571,,-1.034,-0.868
Switzerland,2016-10-01,-0.396,,-0.894,-0.759
Switzerland,2016-11-01,-0.175,,-0.95,-0.701
Switzerland,2016-12-01,-0.205,,-1.013,-0.692
Switzerland,2017-01-01,-0.067,,-0.896,-0.569
Switzerland,2017-02-01,-0.24,,-0.974,-0.728
Switzerland,2017-03-01,-0.107,,-0.887,-0.561
Switzerland,2017-04-01,-0.123,,-0.874,-0.564
Switzerland,2017-05-01,-0.179,,-0.912,-0.63
Switzerland,2017-06-01,-0.027,,-0.783,-0.488
Switzerland,2017-07-01,0.036,,-0.772,-0.453
Switzerland,2017-08-01,-0.141,,-0.839,-0.571
Switzerland,2017-09-01,-0.011,,-0.818,-0.504
Switzerland,2017-10-01,-0.072,,-0.851,-0.514
Switzerland,2017-11-01,-0.114,,-0.882,-0.512
Switzerland,2017-12-01,-0.069,,-0.739,-0.451
Switzerland,2018-01-01,0.095,,-0.839,-0.364
Switzerland,2018-02-01,0.079,,-0.888,-0.41
Switzerland,2018-03-01,0.024,,-0.924,-0.503
Switzerland,2018-04-01,0.09,,-0.735,-0.423
Switzerland,2018-05-01,-0.073,,-0.817,-0.568
Switzerland,2018-06-01,-0.064,,-0.753,-0.479
Switzerland,2018-07-01,-0.005,,-0.721,-0.38
Switzerland,2018-08-01,-0.098,,-0.741,-0.474
Switzerland,2018-09-01,0.041,,-0.712,-0.364
Switzerland,2018-10-01,-0.011,,-0.724,-0.451
Switzerland,2018-11-01,-0.095,,-0.699,-0.505
Switzerland,2018-12-01,-0.168,,-0.79,-0.536
Switzerland,2019-01-01,-0.233,,-0.763,-0.571
Switzerland,2019-02-01,-0.242,,-0.744,-0.555
Switzerland,2019-03-01,-0.373,,-0.784,-0.668
Switzerland,2019-04-01,-0.303,,-0.758,-0.632
Switzerland,2019-05-01,-0.468,,-0.794,-0.79
Switzerland,2019-06-01,-0.535,,-0.888,-0.836
Switzerland,2019-07-01,-0.747,,-0.981,-0.966
Switzerland,2019-08-01,-1.008,,-1.099,-1.113
Switzerland,2019-09-01,-0.753,,-0.891,-0.888
Switzerland,2019-10-01,-0.563,,-0.77,-0.733
Switzerland,2019-11-01,-0.612,,-0.781,-0.741
Switzerland,2019-12-01,-0.472,,-0.729,-0.635
Switzerland,2020-01-01,-0.748,,-0.741,-0.802
Switzerland,2020-02-01,-0.871,,-0.819,-0.857
Switzerland,2020-03-01,-0.35,,-0.579,-0.536
Switzerland,2020-04-01,-0.535,,-0.649,-0.658
Switzerland,2020-05-01,-0.464,,-0.678,-0.616
Switzerland,2020-06-01,-0.431,,-0.657,-0.59
Switzerland,2020-07-01,-0.542,,-0.788,-0.687
Switzerland,2020-08-01,-0.411,,-0.8,-0.66
Switzerland,2020-09-01,-0.488,,-0.792,-0.72
Switzerland,2020-10-01,-0.543,,-0.752,-0.755
Switzerland,2020-11-01,-0.452,,-0.738,-0.681
Switzerland,2020-12-01,-0.486,,-0.779,-0.706
Switzerland,2021-01-01,-0.443,,-0.782,-0.66
Switzerland,2021-02-01,-0.197,,-0.68,-0.512
Switzerland,2021-03-01,-0.269,,-0.755,-0.565
Switzerland,2021-04-01,-0.196,,-0.737,-0.533
Switzerland,2021-05-01,-0.163,,-0.783,-0.5
Switzerland,2021-06-01,-0.236,,-0.751,-0.56
Switzerland,2021-07-01,-0.374,,-0.76,-0.684
Switzerland,2021-08-01,-0.335,,-0.734,-0.625
Switzerland,2021-09-01,-0.17,,-0.76,-0.491
Switzerland,2021-10-01,-0.006,,-0.668,-0.261
Switzerland,2021-11-01,-0.229,,-0.766,-0.497
Switzerland,2021-12-01,-0.135,,-0.698,-0.396
Switzerland,2022-01-01,0.064,,-0.661,-0.211
Switzerland,2022-02-01,0.263,,-0.409,-0.053
Switzerland,2022-03-01,0.606,,-0.093,0.271
Switzerland,2022-04-01,0.835,,0.085,0.49
Switzerland,2022-05-01,0.907,,0.107,0.43
Switzerland,2022-06-01,1.026,,0.051,0.518
Switzerland,2022-07-01,0.51,,-0.022,0.124
Switzerland,2022-08-01,0.855,,0.608,0.694
Switzerland,2022-09-01,1.237,,0.746,0.941
Switzerland,2022-10-01,1.183,,0.573,0.848
Switzerland,2022-11-01,1.118,,0.884,0.965
Switzerland,2022-12-01,1.6,,1.263,1.461
Switzerland,2023-01-01,1.33,,1.025,1.155
Switzerland,2023-02-01,1.45,,1.241,1.354
Switzerland,2023-03-01,1.239,,1.206,1.268
Switzerland,2023-04-01,1.092,,1.24,1.042
Switzerland,2023-05-01,0.952,,1.161,0.866
Switzerland,2023-06-01,0.965,,1.252,1.002
Switzerland,2023-07-01,1.005,,1.175,1.044
Switzerland,2023-08-01,0.933,,1.107,0.965
Switzerland,2023-09-01,1.093,,1.246,1.064
Switzerland,2023-10-01,1.132,,1.293,1.037
Switzerland,2023-11-01,0.878,,1.374,0.958
Switzerland,2023-12-01,0.721,,1.107,0.798
Switzerland,2024-01-01,0.855,,1.189,0.827
Switzerland,2024-02-01,0.902,,1.235,0.876
Switzerland,2024-03-01,0.67,,0.958,0.77
Switzerland,2024-04-01,0.751,,0.996,0.928
Switzerland,2024-05-01,0.892,,1.112,1.019
Switzerland,2024-06-01,0.557,,0.756,0.667
Thailand,2001-01-01,4.48999977,2.5999999,2.9000001,3.25
Thailand,2001-02-01,4.4000001,2.18000007,2.38000011,2.8900001
Thailand,2001-03-01,5.05000019,2.20000005,2.1500001,3.32999992
Thailand,2001-04-01,5.11999989,2.0999999,,3.45000005
Thailand,2001-05-01,5.94999981,2.79999995,2.0999999,4.5999999
Thailand,2001-06-01,6.1500001,3.4000001,3.4000001,4.80000019
Thailand,2001-07-01,6.30000019,3.06999993,3.0999999,5.0
Thailand,2001-08-01,6.38000011,3.00999999,3.0999999,5.0
Thailand,2001-09-01,6.05000019,2.95000005,,4.4000001
Thailand,2001-10-01,5.53999996,2.5999999,2.94000006,3.57500005
Thailand,2001-11-01,5.05000019,2.45000005,2.8599999,3.50999999
Thailand,2001-12-01,4.6500001,2.20000005,2.67000008,2.97000003
Thailand,2002-01-01,4.51999998,1.99000001,2.31999993,2.8900001
Thailand,2002-02-01,5.05999994,2.20000005,2.54999995,3.57999992
Thailand,2002-03-01,5.94000006,2.13000011,2.70000005,3.94000006
Thailand,2002-04-01,5.55999994,2.11999989,2.6099999,3.77999997
Thailand,2002-05-01,5.4749999,2.04999995,2.48000002,3.75
Thailand,2002-06-01,5.23000002,2.19000006,2.32999992,3.5999999
Thailand,2002-07-01,4.98999977,2.16000009,2.31999993,3.43499994
Thailand,2002-08-01,4.40999985,1.99000001,2.06999993,3.0
Thailand,2002-09-01,3.85500002,1.99000001,2.1099999,2.75300002
Thailand,2002-10-01,3.75500011,1.99000001,2.11999989,2.6099999
Thailand,2002-11-01,3.54999995,1.78999996,1.86000001,2.32500005
Thailand,2002-12-01,3.6500001,1.79999995,1.89999998,2.47000003
Thailand,2003-01-01,3.16000009,1.58000004,1.65999997,2.0999999
Thailand,2003-02-01,3.20000005,1.52999997,1.63,2.10500002
Thailand,2003-03-01,3.27999997,1.66999996,1.71000004,2.1400001
Thailand,2003-04-01,3.17000008,1.66999996,1.73000002,2.03999996
Thailand,2003-05-01,2.69000006,1.63,1.66999996,1.88999999
Thailand,2003-06-01,2.26999998,1.34000003,1.38999999,1.55999994
Thailand,2003-07-01,2.92000008,1.22000003,1.32000005,1.92999995
Thailand,2003-08-01,3.22000003,1.24000001,1.35000002,2.0999999
Thailand,2003-09-01,3.49000001,1.23000002,1.30999994,2.1400001
Thailand,2003-10-01,4.21999979,1.39999998,1.60000002,2.73000002
Thailand,2003-11-01,4.75,1.44000006,1.77999997,3.11999989
Thailand,2003-12-01,4.8499999,1.32000005,1.64999998,2.75999999
Thailand,2004-01-01,4.75,1.33000004,1.54999995,2.55999994
Thailand,2004-02-01,4.5,1.33000004,1.45000005,2.44000006
Thailand,2004-03-01,4.03999996,1.19000006,1.35000002,2.3499999
Thailand,2004-04-01,4.80000019,1.38999999,1.63,3.3900001
Thailand,2004-05-01,5.0,1.34000003,1.79999995,3.58999991
Thailand,2004-06-01,5.17999983,1.40999997,1.85000002,3.53999996
Thailand,2004-07-01,5.17000008,1.95000005,2.54999995,3.71000004
Thailand,2004-08-01,4.9000001,1.92999995,2.3599999,3.5999999
Thailand,2004-09-01,4.73000002,1.96000004,2.36999989,3.58999991
Thailand,2004-10-01,4.89499998,2.11500001,2.46499991,3.68499994
Thailand,2004-11-01,4.94999981,2.4000001,2.70000005,3.9000001
Thailand,2004-12-01,4.8499999,2.5,2.79999995,3.99000001
Thailand,2005-01-01,4.9000001,2.55999994,2.8599999,4.0999999
Thailand,2005-02-01,4.7750001,2.49000001,2.83999991,4.05000019
Thailand,2005-03-01,4.48999977,2.5,2.78999996,3.77999997
Thailand,2005-04-01,4.13999987,2.54999995,2.80999994,3.5
Thailand,2005-05-01,4.25,2.71000004,3.21000004,3.6400001
Thailand,2005-06-01,4.0250001,2.9849999,3.14499998,3.56500006
Thailand,2005-07-01,4.69000006,3.53999996,3.74000001,4.17999983
Thailand,2005-08-01,4.92999983,3.63000011,3.91000009,4.55000019
Thailand,2005-09-01,5.33500004,3.8599999,4.3499999,4.9749999
Thailand,2005-10-01,6.57999992,4.6500001,5.03999996,6.06500006
Thailand,2005-11-01,6.05000019,4.59000015,5.05999994,5.76000023
Thailand,2005-12-01,5.46500015,4.50500011,4.99499989,5.2750001
Thailand,2006-01-01,5.48000002,4.55000019,4.88999987,5.21000004
Thailand,2006-02-01,5.32999992,4.5,4.92000008,5.07000017
Thailand,2006-03-01,5.61000013,4.78000021,5.21999979,5.3499999
Thailand,2006-04-01,5.55000019,5.0,5.30000019,5.34000015
Thailand,2006-05-01,5.48000002,5.1500001,5.28999996,5.38000011
Thailand,2006-06-01,5.67000008,5.28999996,5.4000001,5.51999998
Thailand,2006-07-01,5.5,5.25,5.32000017,5.38999987
Thailand,2006-08-01,5.28000021,5.17000008,5.17000008,5.23999977
Thailand,2006-09-01,5.14400005,5.01999998,5.02299976,5.07999992
Thailand,2006-10-01,5.1500001,4.94999981,4.96999979,5.03000021
Thailand,2006-11-01,4.76999998,4.73999977,4.69000006,4.61999989
Thailand,2006-12-01,5.5,5.0,5.01999998,5.0999999
Thailand,2007-01-01,4.75,4.6500001,4.5999999,4.57999992
Thailand,2007-02-01,4.46999979,4.44999981,4.3499999,4.38000011
Thailand,2007-03-01,4.30999994,4.05999994,3.8900001,4.05999994
Thailand,2007-04-01,3.86999989,3.54999995,3.51999998,3.63000011
Thailand,2007-05-01,3.88000011,3.17000008,3.18000007,3.45000005
Thailand,2007-06-01,4.46999979,3.3499999,3.51999998,4.0
Thailand,2007-07-01,4.6500001,3.29999995,3.3499999,4.0999999
Thailand,2007-08-01,4.80000019,3.3499999,3.43000007,4.13000011
Thailand,2007-09-01,4.75,3.4000001,3.52999997,4.07999992
Thailand,2007-10-01,4.82999992,3.54999995,3.69000006,4.30999994
Thailand,2007-11-01,5.17000008,3.75,4.07000017,4.44999981
Thailand,2007-12-01,4.98000002,3.61999989,3.95000005,4.46000004
Thailand,2008-01-01,4.03999996,3.08999991,3.07999992,3.54999995
Thailand,2008-02-01,4.46999979,3.07999992,3.11999989,3.70000005
Thailand,2008-03-01,4.61000013,3.04999995,3.0999999,3.78999996
Thailand,2008-04-01,4.69999981,3.46000004,3.54999995,4.1500001
Thailand,2008-05-01,5.23999977,3.61999989,3.97000003,4.63999987
Thailand,2008-06-01,5.98999977,4.07999992,4.94999981,5.69999981
Thailand,2008-07-01,5.11999989,3.75,4.28999996,4.75
Thailand,2008-08-01,4.5,3.95000005,3.95000005,4.36000013
Thailand,2008-09-01,4.53000021,3.45000005,3.95000005,4.25
Thailand,2008-10-01,3.95000005,3.1500001,3.3499999,3.54999995
Thailand,2008-11-01,3.8499999,1.89999998,3.17000008,3.31999993
Thailand,2008-12-01,2.50999999,1.75,1.89999998,2.20000005
Thailand,2009-01-01,3.54999995,1.41999996,1.77999997,2.5
Thailand,2009-02-01,3.95000005,1.25999999,1.75,2.75999999
Thailand,2009-03-01,3.5999999,1.40999997,1.53999996,2.4000001
Thailand,2009-04-01,3.03999996,1.27999997,1.20000005,2.22000003
Thailand,2009-05-01,4.1500001,1.54999995,1.63999999,2.8599999
Thailand,2009-06-01,3.75999999,1.78999996,1.88999999,2.99000001
Thailand,2009-07-01,3.8499999,1.60000002,1.95000005,2.9000001
Thailand,2009-08-01,3.9000001,1.55999994,2.1099999,3.17000008
Thailand,2009-09-01,4.15999985,1.70000005,2.1500001,3.45000005
Thailand,2009-10-01,4.5,1.60000002,2.43000007,3.9000001
Thailand,2009-11-01,4.4000001,1.64999998,2.13000011,3.67499995
Thailand,2009-12-01,4.28999996,1.62,2.07999992,3.57999992
Thailand,2010-01-01,4.03999996,1.69000006,1.88,3.29999995
Thailand,2010-02-01,4.09499979,1.64999998,2.30999994,3.30999994
Thailand,2010-03-01,3.97000003,1.82000005,2.29999995,3.53999996
Thailand,2010-04-01,3.57999992,1.80999994,2.05999994,3.13000011
Thailand,2010-05-01,3.3499999,1.60000002,2.04999995,3.01999998
Thailand,2010-06-01,3.23000002,1.60000002,2.01999998,2.95000005
Thailand,2010-07-01,3.32999992,2.02999997,2.41000009,3.06999993
Thailand,2010-08-01,3.01999998,2.02999997,2.44000006,2.71000004
Thailand,2010-09-01,3.06999993,2.07999992,2.27999997,2.6400001
Thailand,2010-10-01,3.28999996,2.0999999,2.27999997,2.8900001
Thailand,2010-11-01,3.6400001,2.16000009,2.3900001,3.00999999
Thailand,2010-12-01,3.71000004,2.42000008,2.77999997,3.23000002
Thailand,2011-01-01,3.8900001,2.6400001,3.02999997,3.36999989
Thailand,2011-02-01,3.94000006,2.70000005,3.18000007,3.41000009
Thailand,2011-03-01,3.78999996,3.02999997,3.03999996,3.36999989
Thailand,2011-04-01,3.74000001,3.04999995,3.16000009,3.45000005
Thailand,2011-05-01,3.75,3.20000005,3.29999995,3.52999997
Thailand,2011-06-01,3.82999992,3.57999992,3.77999997,3.78999996
Thailand,2011-07-01,4.03000021,3.56999993,2.92000008,3.86999989
Thailand,2011-08-01,3.58999991,3.52999997,3.54999995,3.4749999
Thailand,2011-09-01,3.69700003,3.57999992,3.66000009,3.6500001
Thailand,2011-10-01,3.40700006,3.38000011,3.30999994,3.22000003
Thailand,2011-11-01,3.39299989,3.19000006,3.20000005,3.28999996
Thailand,2011-12-01,3.33999991,3.0999999,2.98000002,3.20000005
Thailand,2012-01-01,3.19499993,3.02999997,3.11999989,3.13199997
Thailand,2012-02-01,3.58999991,3.1400001,3.24000001,3.45000005
Thailand,2012-03-01,3.82999992,3.23000002,3.44000006,3.67000008
Thailand,2012-04-01,3.8499999,3.32999992,3.41000009,3.75
Thailand,2012-05-01,3.72000003,3.26999998,3.29999995,3.53999996
Thailand,2012-06-01,3.50999999,3.22000003,3.22000003,3.3599999
Thailand,2012-07-01,3.28999996,3.08999991,3.08999991,3.19000006
Thailand,2012-08-01,3.3900001,3.07999992,3.07999992,3.20000005
Thailand,2012-09-01,3.67000008,3.17000008,3.18000007,3.3599999
Thailand,2012-10-01,3.42000008,2.8599999,2.91000009,3.16000009
Thailand,2012-11-01,3.6099999,2.79999995,2.92000008,3.20000005
Thailand,2012-12-01,3.53999996,2.80999994,2.9000001,3.08999991
Thailand,2013-01-01,3.69000006,2.79999995,2.93000007,3.21000004
Thailand,2013-02-01,3.68000007,2.83999991,2.86999989,3.1400001
Thailand,2013-03-01,3.58999991,2.79999995,2.8499999,3.1099999
Thailand,2013-04-01,3.42000008,2.70000005,2.77999997,2.98000002
Thailand,2013-05-01,3.50999999,2.6099999,2.69000006,2.97000003
Thailand,2013-06-01,3.73000002,2.63000011,2.86999989,3.31999993
Thailand,2013-07-01,3.98000002,2.56999993,2.83999991,3.71000004
Thailand,2013-08-01,4.30999994,2.71000004,3.07999992,3.86999989
Thailand,2013-09-01,3.92000008,2.61999989,3.0,3.63000011
Thailand,2013-10-01,3.95000005,2.57999992,2.81999993,3.51999998
Thailand,2013-11-01,4.13000011,2.54999995,2.6500001,3.54999995
Thailand,2013-12-01,3.91000009,2.47000003,2.57999992,3.44000006
Thailand,2014-01-01,3.99000001,2.32999992,2.44000006,3.3599999
Thailand,2014-02-01,3.67000008,2.24000001,2.25,3.18000007
Thailand,2014-03-01,3.69000006,2.16000009,2.17000008,3.17000008
Thailand,2014-04-01,3.6099999,2.05999994,2.08999991,3.05999994
Thailand,2014-05-01,3.73000002,2.07999992,2.3900001,3.13000011
Thailand,2014-06-01,3.72000003,2.17000008,2.52999997,3.16000009
Thailand,2014-07-01,3.57999992,2.1500001,2.47000003,3.08999991
Thailand,2014-08-01,3.47000003,2.1500001,2.50999999,3.00500011
Thailand,2014-09-01,3.3599999,2.08999991,2.45000005,2.91000009
Thailand,2014-10-01,3.3599999,2.1400001,2.41000009,2.69000006
Thailand,2014-11-01,3.07999992,1.96000004,2.21000004,2.3599999
Thailand,2014-12-01,2.91000009,2.0,2.20000005,2.29999995
Thailand,2015-01-01,2.77999997,1.98000002,2.17000008,2.22000003
Thailand,2015-02-01,2.88000011,1.97000003,2.17000008,2.31999993
Thailand,2015-03-01,2.76999998,1.74000001,1.80999994,2.19000006
Thailand,2015-04-01,2.46000004,1.47000003,1.59000003,1.95000005
Thailand,2015-05-01,2.80999994,1.61000001,1.50999999,2.02999997
Thailand,2015-06-01,2.96000004,1.58000004,1.53999996,2.1400001
Thailand,2015-07-01,2.81999993,1.55999994,1.50999999,2.19000006
Thailand,2015-08-01,2.81999993,1.59000003,1.52999997,2.1500001
Thailand,2015-09-01,2.77999997,1.63,1.61000001,2.16000009
Thailand,2015-10-01,2.68000007,1.57000005,1.63999999,2.14499998
Thailand,2015-11-01,2.75999999,1.59000003,1.63999999,2.11999989
Thailand,2015-12-01,2.51999998,1.54999995,1.58000004,1.96500003
Thailand,2016-01-01,2.33999991,1.48000002,1.47000003,1.72500002
Thailand,2016-02-01,2.11999989,1.50999999,1.48000002,1.61000001
Thailand,2016-03-01,1.73000002,1.36500001,1.41999996,1.46000004
Thailand,2016-04-01,1.8036,1.50999999,1.4,1.5801
Thailand,2016-05-01,2.2784,1.69000006,1.6489,2.0677
Thailand,2016-06-01,1.9405,1.46000004,1.551,1.7219
Thailand,2016-07-01,2.0693,1.45000005,1.4943,1.7047
Thailand,2016-08-01,2.2072,1.52999997,1.5364,1.8713
Thailand,2016-09-01,2.1026,1.51999998,1.5188,1.7986
Thailand,2016-10-01,2.1735,1.57000005,1.6849,1.982
Thailand,2016-11-01,2.7161,1.50999999,1.6879,2.1652
Thailand,2016-12-01,2.6808,1.58000004,1.7707,2.2868
Thailand,2017-01-01,2.766,1.57000005,1.6911,2.2864
Thailand,2017-02-01,2.7147,1.61000001,1.6175,2.2305
Thailand,2017-03-01,2.7255,1.61000001,1.6262,2.2176
Thailand,2017-04-01,2.7456,1.57000005,1.5971,2.1917
Thailand,2017-05-01,2.671,1.57000005,1.538,2.1329
Thailand,2017-06-01,2.5292,1.57000005,1.5618,1.987
Thailand,2017-07-01,2.4647,1.50999999,1.5318,1.898
Thailand,2017-08-01,2.3098,1.5,1.454,1.7994
Thailand,2017-09-01,2.8244,1.48000002,1.5354,1.8017
Thailand,2017-10-01,2.8018,1.41999996,1.54,1.8904
Thailand,2017-11-01,2.3847,1.44000006,1.5546,1.9467
Thailand,2017-12-01,2.3638,1.41999996,1.5792,1.8661
Thailand,2018-01-01,2.3747,1.38999999,1.4415,1.8246
Thailand,2018-02-01,2.3996,1.36000001,1.4481,1.8546
Thailand,2018-03-01,2.4089,1.35000002,1.3955,1.7986
Thailand,2018-04-01,2.4647,1.5,1.5488,1.9046
Thailand,2018-05-01,2.6247,1.70000005,1.7872,2.0847
Thailand,2018-06-01,2.6091,1.60000002,1.7196,2.0739
Thailand,2018-07-01,2.7348,1.54999995,1.7694,2.1546
Thailand,2018-08-01,2.7553,1.67999995,1.8922,2.2341
Thailand,2018-09-01,2.8244,1.67999995,2.124,2.269
Thailand,2018-10-01,2.8668,1.80999994,2.1646,2.3596
Thailand,2018-11-01,2.7144,1.63999999,2.0137,2.3444
Thailand,2018-12-01,2.514,1.67999995,1.9237,2.1732
Thailand,2019-01-01,2.42000008,1.79999995,1.99000001,2.11999989
Thailand,2019-02-01,2.49000001,1.74000001,2.00999999,2.20000005
Thailand,2019-03-01,2.49000001,1.79499996,2.05999994,2.11500001
Thailand,2019-04-01,2.4749999,1.77999997,2.0999999,2.1099999
Thailand,2019-05-01,2.35500002,1.83000004,1.91999996,2.04500008
Thailand,2019-06-01,2.1500001,1.77999997,1.83000004,1.86500001
Thailand,2019-07-01,1.87,1.73000002,1.78999996,1.73500001
Thailand,2019-08-01,1.48000002,1.41999996,1.375,1.38
Thailand,2019-09-01,1.5,1.44000006,1.375,1.41499996
Thailand,2019-10-01,1.54100001,1.45700002,1.40999997,1.41999996
Thailand,2019-11-01,1.60150003,1.40450001,1.28400004,1.39999998
Thailand,2019-12-01,1.46500003,1.19350004,1.13750005,1.24349999
Thailand,2020-01-01,1.28900003,1.12300003,1.05700004,1.12800002
Thailand,2020-02-01,1.075,0.98,0.85,0.87
Thailand,2020-03-01,1.52,0.91,0.87,1.08
Thailand,2020-04-01,1.18,0.72,0.68,0.89
Thailand,2020-05-01,1.17,0.61,0.55,0.78
Thailand,2020-06-01,1.22,0.54,0.45,0.785
Thailand,2020-07-01,1.22,0.54,0.47,0.735
Thailand,2020-08-01,1.46,0.52,0.69,0.835
Thailand,2020-09-01,1.35,0.555,0.72,0.8
Thailand,2020-10-01,1.37,0.56,0.68,0.795
Thailand,2020-11-01,1.34,0.52,0.62,0.74
Thailand,2020-12-01,1.165,0.35,0.45,0.53
Thailand,2021-01-01,1.22,0.44,0.51,0.64
Thailand,2021-02-01,1.57,0.56,0.65,0.84
Thailand,2021-03-01,1.78,0.39,0.53,0.82
Thailand,2021-04-01,1.6647,0.3,0.4827,0.8086
Thailand,2021-05-01,1.76,0.49,0.61,0.78
Thailand,2021-06-01,1.62,0.47,0.61,0.65
Thailand,2021-07-01,1.59,0.66,0.53,0.68
Thailand,2021-08-01,1.59,0.63,0.49,0.55
Thailand,2021-09-01,1.88,0.72,0.59,0.81
Thailand,2021-10-01,1.99,0.8,0.72,1.01
Thailand,2021-11-01,1.88,0.75,0.66,0.97
Thailand,2021-12-01,1.95,0.51,0.68,1.37
Thailand,2022-01-01,2.15,0.5,0.68,1.545
Thailand,2022-02-01,2.205,0.48,0.66,1.54
Thailand,2022-03-01,2.205,,,1.54
Thailand,2022-04-01,2.71,,,2.33
Thailand,2022-05-01,2.9,1.12,1.54,2.28
Thailand,2022-06-01,2.84,1.19,1.75,2.49
Thailand,2022-07-01,2.55,1.34,1.78,2.35
Thailand,2022-08-01,2.48,1.27,1.56,2.06
Thailand,2022-09-01,3.11,1.82,1.9,3.05
Thailand,2022-10-01,3.12,1.77,1.84,2.78
Thailand,2022-11-01,2.62,1.6,1.68,2.32
Thailand,2022-12-01,2.52,1.25,1.55,2.04
Thailand,2023-01-01,2.47,1.86,1.98,2.02
Thailand,2023-02-01,2.56,2.13,2.23,2.22
Thailand,2023-03-01,2.38,2.03,2.11,2.07
Thailand,2023-04-01,2.51,2.22,2.29,2.15
Thailand,2023-05-01,2.56,2.23,2.27,2.26
Thailand,2023-06-01,2.52,2.09,2.17,2.34
Thailand,2023-07-01,2.57,2.08,2.25,2.4
Thailand,2023-08-01,2.6,2.11,2.3,2.43
Thailand,2023-09-01,3.17,2.51,2.61,2.81
Thailand,2023-10-01,3.23,,,
Thailand,2023-11-01,2.98,2.39,2.55,2.66
Thailand,2023-12-01,2.69,2.36,,
Thailand,2024-01-01,2.655,2.4,2.4,2.37
Thailand,2024-02-01,2.58,,,2.27
Thailand,2024-03-01,2.525,,,2.255
Thailand,2024-04-01,2.82,,,2.58
Thailand,2024-05-01,2.815,,,2.52
Thailand,2024-06-01,2.685,,2.4,2.5
Türkiye,2016-04-01,9.0487,9.15,9.0083,8.9554
Türkiye,2016-05-01,9.7856,9.12,9.334,9.6308
Türkiye,2016-06-01,,8.65,,
Türkiye,2016-07-01,9.5062,8.4083,8.8557,9.404
Türkiye,2016-08-01,9.5787,,8.543,9.3686
Türkiye,2016-09-01,9.4909,,8.5522,9.0171
Türkiye,2016-10-01,9.796,,9.0632,9.6089
Türkiye,2016-11-01,10.8829,,10.1784,9.3486
Türkiye,2016-12-01,11.0642,,10.3355,10.8865
Türkiye,2017-01-01,10.6676,,10.8668,10.7376
Türkiye,2017-02-01,10.5638,10.9296,10.7841,10.7175
Türkiye,2017-03-01,10.6495,11.6233,11.0778,10.9357
Türkiye,2017-04-01,10.1158,11.3997,11.09,10.4817
Türkiye,2017-05-01,10.2136,11.2987,11.2094,10.3924
Türkiye,2017-06-01,10.2665,11.1746,,10.4668
Türkiye,2017-07-01,10.3295,12.3458,,10.5596
Türkiye,2017-08-01,10.3424,11.4408,,10.5862
Türkiye,2017-09-01,10.3421,11.5817,,11.0868
Türkiye,2017-10-01,,,,12.1778
Türkiye,2017-11-01,,,,13.3882
Türkiye,2017-12-01,11.7271,,,12.3144
Türkiye,2018-01-01,11.7062,,,11.8102
Türkiye,2018-02-01,11.9052,,,12.0199
Türkiye,2018-03-01,12.5315,,,12.8756
Türkiye,2018-04-01,12.5395,,,13.3762
Türkiye,2018-05-01,14.2315,,,15.1966
Türkiye,2018-06-01,16.5741,,19.2275,17.3668
Türkiye,2018-07-01,18.5918,19.132,20.7192,20.3475
Türkiye,2018-08-01,21.6916,23.7166,26.7665,26.7497
Türkiye,2018-09-01,17.1823,24.8833,26.7014,20.6673
Türkiye,2018-10-01,17.3026,24.4291,22.9772,19.3476
Türkiye,2018-11-01,16.1999,20.929,19.2909,16.7567
Türkiye,2018-12-01,15.8013,21.327,18.7265,16.567
Türkiye,2019-01-01,13.846,18.30999947,17.61000061,15.1966
Türkiye,2019-02-01,14.4969,18.87999916,18.20999908,15.3737
Türkiye,2019-03-01,17.9605,23.13999939,20.17000008,19.918
Türkiye,2019-04-01,18.9507,23.70000076,22.19000053,20.6231
Türkiye,2019-05-01,18.4732,25.29999924,23.93000031,20.74
Türkiye,2019-06-01,16.0778,21.70000076,18.89999962,16.8526
Türkiye,2019-07-01,14.8493,16.75,15.52000046,15.2001
Türkiye,2019-08-01,15.7586,16.79999924,16.06999969,16.0275
Türkiye,2019-09-01,13.155,14.0,13.44999981,13.4419
Türkiye,2019-10-01,12.6394,12.51000023,12.53499985,12.2885
Türkiye,2019-11-01,12.081,11.84500027,12.14500046,12.0847
Türkiye,2019-12-01,11.8585,11.36499977,11.79500008,11.2533
Türkiye,2020-01-01,9.8686,10.23499966,10.19999981,9.9921
Türkiye,2020-02-01,12.80156,12.26,12.11,13.016955
Türkiye,2020-03-01,13.1187,11.13,11.27,12.7467
Türkiye,2020-04-01,11.3679,8.5,8.79,13.4702
Türkiye,2020-05-01,12.0491,8.4,8.97,
Türkiye,2020-06-01,11.4962,8.7,9.29,
Türkiye,2020-07-01,12.7555,9.75,11.09,12.1557
Türkiye,2020-08-01,13.5362,12.95,12.97,13.3746
Türkiye,2020-09-01,12.8214,11.6,12.9,12.7833
Türkiye,2020-10-01,14.1391,14.75,14.58,14.293
Türkiye,2020-11-01,11.9209,14.7,13.35,12.2639
Türkiye,2020-12-01,12.5155,14.8,14.57,12.7594
Türkiye,2021-01-01,12.5307,14.6,14.25,12.8791
Türkiye,2021-02-01,13.0778,14.3,14.89,13.5147
Türkiye,2021-03-01,18.4238,19.93,18.32,18.5126
Türkiye,2021-04-01,17.7979,17.4499,17.2934,17.8812
Türkiye,2021-05-01,17.8187,18.0,18.12,18.1682
Türkiye,2021-06-01,16.65,17.85,17.62,17.64
Türkiye,2021-07-01,16.81,17.75,17.95,17.43
Türkiye,2021-08-01,16.52,18.25,17.81,16.98
Türkiye,2021-09-01,17.89,17.4,17.4,18.0
Türkiye,2021-10-01,19.08,17.05,17.78,18.98
Türkiye,2021-11-01,20.18,19.91,19.9,21.11
Türkiye,2021-12-01,23.06,22.0,21.65,24.01
Türkiye,2022-01-01,22.41,20.2,20.78,23.06
Türkiye,2022-02-01,23.07,21.0,22.03,24.39
Türkiye,2022-03-01,24.06,22.67,23.58,24.7
Türkiye,2022-04-01,20.1,19.75,20.6,21.7
Türkiye,2022-05-01,21.56,21.95,24.47,23.46
Türkiye,2022-06-01,18.56,22.2,23.22,18.68
Türkiye,2022-07-01,17.18,21.05,21.68,17.66
Türkiye,2022-08-01,12.63,14.05,14.1,13.2
Türkiye,2022-09-01,11.59,14.31,14.39,9.84
Türkiye,2022-10-01,11.04,14.3,14.62,9.37
Türkiye,2022-11-01,10.73,10.73,10.47,9.87
Türkiye,2022-12-01,9.87,10.17,9.73,8.57
Türkiye,2023-01-01,10.48,10.15,10.27,10.2
Türkiye,2023-02-01,10.23,8.22,10.29,9.42
Türkiye,2023-03-01,10.4,12.66,11.42,10.98
Türkiye,2023-04-01,12.21,16.33,16.89,16.61
Türkiye,2023-05-01,9.87,11.58,11.63,12.6
Türkiye,2023-06-01,16.34,12.65,13.34,14.51
Türkiye,2023-07-01,17.49,13.93,14.0,18.19
Türkiye,2023-08-01,18.45,19.41,18.47,18.47
Türkiye,2023-09-01,26.07,23.0,27.85,26.79
Türkiye,2023-10-01,26.38,31.48,32.52,29.65
Türkiye,2023-11-01,24.27,39.38,35.38,25.51
Türkiye,2023-12-01,23.69,35.63,36.16,24.57
Türkiye,2024-01-01,25.1,40.94,39.43,26.01
Türkiye,2024-02-01,25.26,42.91,40.72,28.66
Türkiye,2024-03-01,25.26,48.05,41.21,29.26
Türkiye,2024-04-01,26.26,48.0,40.32,31.13
Türkiye,2024-05-01,26.16,45.95,38.05,29.83
Türkiye,2024-06-01,26.79,46.69,38.22,29.84
Ukraine,2011-04-01,,7.813,9.4,
Ukraine,2011-05-01,,8.05,9.428,
Ukraine,2011-06-01,,8.1,9.5,
Ukraine,2011-07-01,,8.1,9.7,
Ukraine,2011-08-01,,8.689,13.0,
Ukraine,2011-09-01,,,10.1,
Ukraine,2011-10-01,,,10.1,
Ukraine,2011-11-01,,21.0,22.0,
Ukraine,2011-12-01,,19.5,19.75,
Ukraine,2012-01-01,,17.0,18.25,
Ukraine,2012-02-01,,15.25,17.25,
Ukraine,2012-03-01,,15.25,16.75,
Ukraine,2012-04-01,,14.5,16.5,
Ukraine,2012-05-01,,15.5,17.0,
Ukraine,2012-06-01,,15.5,20.0,
Ukraine,2012-07-01,,20.0,20.0,
Ukraine,2012-08-01,,19.5,20.0,
Ukraine,2012-09-01,,22.0,21.0,
Ukraine,2012-10-01,,18.0,24.0,
Ukraine,2012-11-01,,25.0,26.0,
Ukraine,2012-12-01,,26.0,24.0,
Ukraine,2013-01-01,,16.5,17.5,
Ukraine,2013-02-01,,12.5,13.5,
Ukraine,2013-03-01,,9.125,11.5,
Ukraine,2013-04-01,,7.5,12.0,
Ukraine,2013-05-01,,7.5,13.0,
Ukraine,2013-06-01,,7.25,13.5,
Ukraine,2013-07-01,,11.7,13.2,
Ukraine,2013-08-01,,13.75,14.4,
Ukraine,2013-09-01,,12.85,14.1,
Ukraine,2013-10-01,,12.85,14.0,
Ukraine,2013-11-01,,12.2,13.5,
Ukraine,2013-12-01,,12.2,17.0,
Ukraine,2014-01-01,,10.2,12.875,
Ukraine,2014-02-01,,15.0,17.5,
Ukraine,2014-03-01,,17.0,20.0,
Ukraine,2014-04-01,,20.0,20.0,
Ukraine,2014-05-01,,20.0,19.0,
Ukraine,2014-06-01,,20.0,17.5,
Ukraine,2014-07-01,,20.0,17.75,
Ukraine,2014-08-01,,20.0,18.0,
Ukraine,2014-09-01,,17.0,18.0,
Ukraine,2014-10-01,,17.0,18.0,
Ukraine,2014-11-01,,17.0,18.0,
Ukraine,2014-12-01,,17.0,18.0,
Ukraine,2015-01-01,,18.0,17.5,
Ukraine,2015-02-01,,18.0,17.5,
Ukraine,2015-03-01,,18.0,17.5,
Ukraine,2015-04-01,,18.0,17.0,
Ukraine,2015-05-01,,18.0,17.0,
Ukraine,2015-06-01,,20.0,20.0,
Ukraine,2015-07-01,,20.0,20.0,
Ukraine,2015-08-01,,20.0,20.0,
Ukraine,2015-09-01,,22.0,20.0,
Ukraine,2015-10-01,,22.0,20.0,
Ukraine,2015-11-01,,22.0,20.0,
Ukraine,2015-12-01,,22.0,20.0,
Ukraine,2016-01-01,,19.0,19.75,
Ukraine,2016-02-01,,23.0,23.0,
Ukraine,2016-03-01,,22.0,22.0,
Ukraine,2016-04-01,,22.0,22.0,
Ukraine,2016-05-01,,22.0,22.0,
Ukraine,2016-06-01,,21.0,21.0,
Ukraine,2016-07-01,,17.75,17.75,
Ukraine,2016-08-01,,17.5,17.5,
Ukraine,2016-09-01,,17.0,17.25,
Ukraine,2016-10-01,,16.62,17.42,
Ukraine,2016-11-01,,15.53,16.59,
Ukraine,2016-12-01,,16.96,16.88,
Ukraine,2017-01-01,,16.18,16.69,
Ukraine,2017-02-01,,16.01,16.62,
Ukraine,2017-03-01,,15.44,15.78,
Ukraine,2017-04-01,,15.1,15.56,
Ukraine,2017-05-01,,14.69,15.78,
Ukraine,2017-06-01,,14.17,15.44,
Ukraine,2017-07-01,,14.24,15.34,
Ukraine,2017-08-01,,14.46,15.1,
Ukraine,2017-09-01,,14.46,15.49,
Ukraine,2017-10-01,,14.48,15.49,
Ukraine,2017-11-01,,15.72,15.67,
Ukraine,2017-12-01,,15.85,15.27,
Ukraine,2018-01-01,,16.18,15.92,
Ukraine,2018-02-01,,16.69,16.18,
Ukraine,2018-03-01,,17.28,16.49,
Ukraine,2018-04-01,,17.79,17.53,
Ukraine,2018-05-01,,17.9,17.74,
Ukraine,2018-06-01,,17.95,17.95,
Ukraine,2018-07-01,,17.91,17.38,
Ukraine,2018-08-01,,18.13,18.24,
Ukraine,2018-09-01,,18.15,18.85,
Ukraine,2018-10-01,,20.5,18.53,
Ukraine,2018-11-01,,20.5,19.04,
Ukraine,2018-12-01,,21.0,19.53,
Ukraine,2019-01-01,,20.5,18.82,
Ukraine,2019-02-01,,19.75,18.83,
Ukraine,2019-03-01,,19.54,18.46,
Ukraine,2019-04-01,,19.05,18.94,
Ukraine,2019-05-01,,18.85,18.49,
Ukraine,2019-06-01,,18.52,18.16,
Ukraine,2019-07-01,,17.69,17.6,
Ukraine,2019-08-01,,18.25,16.82,
Ukraine,2019-09-01,,16.43,16.45,
Ukraine,2019-10-01,,15.88,15.8,
Ukraine,2019-11-01,,14.82,14.39,
Ukraine,2019-12-01,,13.41,13.18,
Ukraine,2020-01-01,,10.54,10.15,
Ukraine,2020-02-01,,10.2,10.49,
Ukraine,2020-03-01,,23.0,22.0,
Ukraine,2020-04-01,,16.0,16.5,
Ukraine,2020-05-01,,11.0,12.71,
Ukraine,2020-06-01,,11.0,11.25,
Ukraine,2020-07-01,,12.0,12.5,
Ukraine,2020-08-01,,10.5,11.25,
Ukraine,2020-09-01,,10.45,10.92,
Ukraine,2020-10-01,,10.34,11.11,
Ukraine,2020-11-01,,11.07,11.98,
Ukraine,2020-12-01,,11.58,12.25,
Ukraine,2021-01-01,,11.15,12.37,
Ukraine,2021-02-01,,11.5,12.54,
Ukraine,2021-03-01,,11.7,12.69,
Ukraine,2021-04-01,,11.9,13.43,
Ukraine,2021-05-01,,11.75,13.05,
Ukraine,2021-06-01,,11.42,13.02,
Ukraine,2021-07-01,,11.5,12.96,
Ukraine,2021-08-01,,11.58,13.02,
Ukraine,2021-09-01,,11.35,13.0,
Ukraine,2021-10-01,,12.3,13.25,
Ukraine,2021-11-01,,12.68,13.58,
Ukraine,2021-12-01,,12.56,13.63,
Ukraine,2022-01-01,,15.31,16.58,
Ukraine,2022-02-01,,34.0,34.0,
Ukraine,2022-03-01,,227.06,76.63,
Ukraine,2022-04-01,,60.0,58.52,
Ukraine,2022-05-01,,69.54,67.0,
Ukraine,2022-06-01,,78.54,72.59,
Ukraine,2022-07-01,,101.47,76.66,
Ukraine,2022-08-01,,220.58,69.29,
Ukraine,2022-09-01,,222.79,51.68,
Ukraine,2022-10-01,,240.76,54.4,
Ukraine,2022-11-01,,129.99,37.29,
Ukraine,2022-12-01,,62.7,22.44,
Ukraine,2023-01-01,,39.57,23.69,
Ukraine,2023-02-01,,50.92,26.0,
Ukraine,2023-03-01,,64.8,27.58,
Ukraine,2023-04-01,,85.73,27.92,
Ukraine,2023-05-01,,29.95,42.22,
Ukraine,2023-06-01,,34.26,25.13,
Ukraine,2023-07-01,,36.97,24.37,
Ukraine,2023-08-01,,30.65,25.86,
Ukraine,2023-09-01,,31.58,26.21,
Ukraine,2023-10-01,,29.03,26.8,
Ukraine,2023-11-01,,31.09,29.41,
Ukraine,2023-12-01,,36.58,29.38,
Ukraine,2024-01-01,,33.69,18.36,
Ukraine,2024-02-01,,36.65,19.08,
Ukraine,2024-03-01,,38.21,19.04,
Ukraine,2024-04-01,,41.0,18.3,
Ukraine,2024-05-01,,60.58,35.3,
Ukraine,2024-06-01,,69.71,35.46,
United Kingdom,1979-12-01,13.92000008,,,
United Kingdom,1980-01-01,13.53999996,,,
United Kingdom,1980-02-01,13.68000031,,,
United Kingdom,1980-03-01,13.65999985,,,
United Kingdom,1980-04-01,13.10999966,,,
United Kingdom,1980-05-01,12.78999996,,,
United Kingdom,1980-06-01,12.89999962,,,
United Kingdom,1980-07-01,12.72000027,,,
United Kingdom,1980-08-01,13.19999981,,,
United Kingdom,1980-09-01,12.81999969,,,
United Kingdom,1980-10-01,12.51000023,,,
United Kingdom,1980-11-01,12.52000046,,,
United Kingdom,1980-12-01,13.31000042,,,
United Kingdom,1981-01-01,13.39999962,,,
United Kingdom,1981-02-01,13.22999954,,,
United Kingdom,1981-03-01,13.01000023,,,
United Kingdom,1981-04-01,13.18999958,,,
United Kingdom,1981-05-01,13.38000011,,,
United Kingdom,1981-06-01,14.14999962,,,
United Kingdom,1981-07-01,14.57999992,,,
United Kingdom,1981-08-01,14.72000027,,,
United Kingdom,1981-09-01,15.43999958,,,
United Kingdom,1981-10-01,15.22000027,,,
United Kingdom,1981-11-01,14.26000023,,,
United Kingdom,1981-12-01,15.06999969,,,
United Kingdom,1982-01-01,14.64000034,,,
United Kingdom,1982-02-01,13.76000023,,,
United Kingdom,1982-03-01,13.78999996,,,
United Kingdom,1982-04-01,14.13000011,,,
United Kingdom,1982-05-01,13.90999985,,,
United Kingdom,1982-06-01,13.88000011,,,
United Kingdom,1982-07-01,13.27999973,,,
United Kingdom,1982-08-01,12.03999996,,,
United Kingdom,1982-09-01,11.65999985,,,
United Kingdom,1982-10-01,10.73999977,,,
United Kingdom,1982-11-01,11.72999954,,,
United Kingdom,1982-12-01,11.32999992,,,
United Kingdom,1983-01-01,12.13000011,,,
United Kingdom,1983-02-01,11.57999992,,,
United Kingdom,1983-03-01,11.27999973,,,
United Kingdom,1983-04-01,11.14999962,,,
United Kingdom,1983-05-01,10.97000027,,,
United Kingdom,1983-06-01,11.11999989,,,
United Kingdom,1983-07-01,11.68000031,,,
United Kingdom,1983-08-01,11.59000015,,,
United Kingdom,1983-09-01,10.98999977,,,
United Kingdom,1983-10-01,10.89000034,,,
United Kingdom,1983-11-01,10.60999966,,,
United Kingdom,1983-12-01,10.77000046,,,
United Kingdom,1984-01-01,10.84000015,,,
United Kingdom,1984-02-01,10.81000042,,,
United Kingdom,1984-03-01,10.64999962,,,
United Kingdom,1984-04-01,11.01000023,,,
United Kingdom,1984-05-01,11.68999958,,,
United Kingdom,1984-06-01,11.69999981,,,
United Kingdom,1984-07-01,12.23999977,,,
United Kingdom,1984-08-01,11.30000019,,,
United Kingdom,1984-09-01,11.02999973,,,
United Kingdom,1984-10-01,10.97000027,,,
United Kingdom,1984-11-01,10.75,,,
United Kingdom,1984-12-01,11.06999969,,,
United Kingdom,1985-01-01,11.43999958,,,
United Kingdom,1985-02-01,11.43000031,,,
United Kingdom,1985-03-01,11.09000015,,,
United Kingdom,1985-04-01,11.07999992,,,
United Kingdom,1985-05-01,11.10999966,,,
United Kingdom,1985-06-01,11.05000019,,,
United Kingdom,1985-07-01,10.67000008,,,
United Kingdom,1985-08-01,10.65999985,,,
United Kingdom,1985-09-01,10.55000019,,,
United Kingdom,1985-10-01,10.56999969,,,
United Kingdom,1985-11-01,10.61999989,,,
United Kingdom,1985-12-01,10.82999992,,,
United Kingdom,1986-01-01,11.11999989,,,
United Kingdom,1986-02-01,10.27000046,,,
United Kingdom,1986-03-01,9.14000034,,,
United Kingdom,1986-04-01,8.89000034,,,
United Kingdom,1986-05-01,9.32999992,,,
United Kingdom,1986-06-01,9.55000019,,,
United Kingdom,1986-07-01,9.69999981,,,
United Kingdom,1986-08-01,9.59000015,,,
United Kingdom,1986-09-01,10.85999966,,,
United Kingdom,1986-10-01,10.92000008,,,
United Kingdom,1986-11-01,11.10000038,,,
United Kingdom,1986-12-01,10.56999969,,,
United Kingdom,1987-01-01,10.23999977,,,10.26000023
United Kingdom,1987-02-01,9.68000031,,,9.67000008
United Kingdom,1987-03-01,9.18000031,,,9.11999989
United Kingdom,1987-04-01,8.88000011,,,8.93999958
United Kingdom,1987-05-01,8.76399994,,,8.90999985
United Kingdom,1987-06-01,9.16300011,,,9.27999973
United Kingdom,1987-07-01,9.82299995,,,9.94999981
United Kingdom,1987-08-01,10.17199993,,,10.56999969
United Kingdom,1987-09-01,10.18200016,,,10.38000011
United Kingdom,1987-10-01,9.34000015,,,9.32999992
United Kingdom,1987-11-01,9.35900021,,,9.06000042
United Kingdom,1987-12-01,9.63700008,,,9.36999989
United Kingdom,1988-01-01,9.45600033,,,9.22000027
United Kingdom,1988-02-01,9.37899971,,,9.23999977
United Kingdom,1988-03-01,9.20499992,,,8.93999958
United Kingdom,1988-04-01,9.4289999,,,9.09000015
United Kingdom,1988-05-01,9.49199963,,,9.06000042
United Kingdom,1988-06-01,9.85200024,,,9.77999973
United Kingdom,1988-07-01,9.87699986,,,9.88000011
United Kingdom,1988-08-01,10.33600044,,,10.47999954
United Kingdom,1988-09-01,10.06099987,,,10.10999966
United Kingdom,1988-10-01,9.76299953,,,9.88000011
United Kingdom,1988-11-01,10.3409996,,,10.73999977
United Kingdom,1988-12-01,10.29100037,,,10.48999977
United Kingdom,1989-01-01,9.90499973,,,10.02000046
United Kingdom,1989-02-01,9.80799961,,,10.35999966
United Kingdom,1989-03-01,10.19299984,,,10.39999962
United Kingdom,1989-04-01,10.26900005,,,10.56000042
United Kingdom,1989-05-01,10.52499962,,,10.92000008
United Kingdom,1989-06-01,10.50899982,,,10.84000015
United Kingdom,1989-07-01,9.96100044,,,10.19999981
United Kingdom,1989-08-01,10.09000015,,,10.44999981
United Kingdom,1989-09-01,10.58199978,,,11.14999962
United Kingdom,1989-10-01,10.23900032,,,10.97999954
United Kingdom,1989-11-01,10.54599953,,,11.35999966
United Kingdom,1989-12-01,10.25599957,,,11.06000042
United Kingdom,1990-01-01,10.43099976,,,11.80000019
United Kingdom,1990-02-01,,,,12.32999992
United Kingdom,1990-03-01,,,,12.98999977
United Kingdom,1990-04-01,,,,13.55000019
United Kingdom,1990-05-01,,,,12.36999989
United Kingdom,1990-06-01,,,,11.93999958
United Kingdom,1990-07-01,,,,11.98999977
United Kingdom,1990-08-01,,,,11.93000031
United Kingdom,1990-09-01,,,,12.07999992
United Kingdom,1990-10-01,,,,11.22000027
United Kingdom,1990-11-01,,,,10.85000038
United Kingdom,1990-12-01,,,,11.17000008
United Kingdom,1991-01-01,,,,10.65999985
United Kingdom,1991-02-01,,,,10.22999954
United Kingdom,1991-03-01,,,,10.23999977
United Kingdom,1991-04-01,,,,10.28999996
United Kingdom,1991-05-01,,,,10.31999969
United Kingdom,1991-06-01,,,,10.47999954
United Kingdom,1991-07-01,,,,10.22000027
United Kingdom,1991-08-01,,,,9.97000027
United Kingdom,1994-01-01,6.21400023,5.11999989,5.08199978,5.70100021
United Kingdom,1994-02-01,6.91499996,5.11999989,5.11000013,6.31799984
United Kingdom,1994-03-01,7.49900007,5.61999989,5.72800016,7.08699989
United Kingdom,1994-04-01,7.83900023,5.78000021,5.8210001,7.49300003
United Kingdom,1994-05-01,8.63599968,5.94000006,7.35099983,8.21199989
United Kingdom,1994-06-01,8.63500023,6.05999994,7.34700012,8.34700012
United Kingdom,1994-07-01,8.47799969,6.75,7.65899992,8.31799984
United Kingdom,1994-08-01,8.49800014,6.75,7.60300016,8.32800007
United Kingdom,1994-09-01,8.81099987,7.30999994,8.01299953,8.63199997
United Kingdom,1994-10-01,8.73200035,7.25,7.90600014,8.64700031
United Kingdom,1994-11-01,8.44900036,7.34000015,7.69899988,8.37100029
United Kingdom,1994-12-01,8.71000004,7.86999989,8.0880003,8.64999962
United Kingdom,1995-01-01,8.63899994,7.67999983,7.86800003,8.52200031
United Kingdom,1995-02-01,8.61499977,7.6500001,8.21399975,8.55599976
United Kingdom,1995-03-01,8.48600006,7.5,7.9460001,8.34200001
United Kingdom,1995-04-01,8.43500042,7.67999983,7.99900007,8.31499958
United Kingdom,1995-05-01,7.93200016,7.11999989,7.39400005,7.73400021
United Kingdom,1995-06-01,8.47599983,7.42999983,7.66300011,8.21100044
United Kingdom,1995-07-01,8.18900013,7.11999989,7.1880002,7.78100014
United Kingdom,1995-08-01,8.08399963,6.88000011,6.96999979,7.62599993
United Kingdom,1995-09-01,8.12199974,6.75,6.84800005,7.59800005
United Kingdom,1995-10-01,7.9289999,7.0,6.76100016,7.37599993
United Kingdom,1995-11-01,7.54400015,6.32000017,6.24499989,6.90100002
United Kingdom,1995-12-01,7.4289999,6.25,6.33599997,6.97200012
United Kingdom,1996-01-01,7.48099995,5.94000006,6.17799997,6.80600023
United Kingdom,1996-02-01,8.04399967,6.17999983,6.53399992,7.50299978
United Kingdom,1996-03-01,8.14599991,6.42999983,6.87300014,7.67600012
United Kingdom,1996-04-01,8.03600025,6.42999983,6.64400005,7.54899979
United Kingdom,1996-05-01,8.13899994,6.36999989,6.72100019,7.65299988
United Kingdom,1996-06-01,7.88399982,5.94999981,6.39400005,7.36800003
United Kingdom,1996-07-01,7.89400005,6.11999989,6.25600004,7.34899998
United Kingdom,1996-08-01,7.89099979,5.71000004,6.15600014,7.22800016
United Kingdom,1996-09-01,7.64799976,5.90999985,6.18100023,7.08799982
United Kingdom,1996-10-01,7.61399984,6.55999994,6.50899982,7.22399998
United Kingdom,1996-11-01,7.33099985,6.84000015,6.73999977,7.03399992
United Kingdom,1996-12-01,7.50699997,7.0,6.92799997,7.25699997
United Kingdom,1997-01-01,7.39400005,6.5,6.46199989,7.0630002
United Kingdom,1997-02-01,7.22200012,6.57999992,6.51100016,6.9369998
United Kingdom,1997-03-01,7.61999989,6.84000015,6.97800016,7.48699999
United Kingdom,1997-04-01,7.29300022,6.75,6.8920002,7.1420002
United Kingdom,1997-05-01,7.18900013,6.68300009,6.84000015,7.05700016
United Kingdom,1997-06-01,7.09299994,6.921,7.06699991,7.12300014
United Kingdom,1997-07-01,6.99399996,7.0539999,6.97399998,7.0
United Kingdom,1997-08-01,7.06899977,7.09299994,7.07299995,7.03200006
United Kingdom,1997-09-01,6.43900013,7.079,6.90399981,6.46899986
United Kingdom,1997-10-01,6.54199982,7.03700018,6.85500002,6.6170001
United Kingdom,1997-11-01,6.49399996,7.37300014,7.12799978,6.77699995
United Kingdom,1997-12-01,6.29300022,7.11899996,6.85099983,6.54099989
United Kingdom,1998-01-01,6.04300022,6.98099995,6.59299994,6.24499989
United Kingdom,1998-02-01,6.09899998,7.14400005,1.972,6.37099981
United Kingdom,1998-03-01,5.90399981,6.99300003,6.74300003,6.20800018
United Kingdom,1998-04-01,5.88800001,6.88100004,6.59299994,6.11999989
United Kingdom,1998-05-01,5.6960001,6.62699986,6.3579998,5.79899979
United Kingdom,1998-06-01,5.83500004,7.23600006,6.89499998,6.18499994
United Kingdom,1998-07-01,5.76599979,7.19000006,6.75899982,6.09399986
United Kingdom,1998-08-01,5.33599997,6.68499994,6.16300011,5.54199982
United Kingdom,1998-09-01,4.89099979,6.36800003,5.42299986,5.03000021
United Kingdom,1998-10-01,5.05999994,6.10699987,5.33300018,4.92500019
United Kingdom,1998-11-01,4.67999983,5.98600006,5.28499985,4.70599985
United Kingdom,1998-12-01,4.36000013,5.3499999,4.93499994,4.33699989
United Kingdom,1999-01-01,4.16699982,5.27899981,4.83799982,4.18300009
United Kingdom,1999-02-01,4.62699986,5.00199986,4.92399979,4.61999989
United Kingdom,1999-03-01,4.57600021,4.78000021,4.78200006,4.56899977
United Kingdom,1999-04-01,4.59800005,5.07200003,5.03200006,4.78100014
United Kingdom,1999-05-01,4.85900021,5.04899979,5.14799976,5.01000023
United Kingdom,1999-06-01,5.05800009,5.05499983,5.38100004,5.36199999
United Kingdom,1999-07-01,5.34399986,5.40299988,5.71400023,5.7249999
United Kingdom,1999-08-01,5.18900013,5.44500017,5.7329998,5.6960001
United Kingdom,1999-09-01,5.61999989,5.81500006,6.13500023,6.17799997
United Kingdom,1999-10-01,5.40700006,5.85599995,6.11199999,6.03299999
United Kingdom,1999-11-01,5.22700024,6.08699989,6.27099991,6.02299976
United Kingdom,1999-12-01,5.48000002,6.21000004,6.39499998,6.07999992
United Kingdom,2000-01-01,5.71799994,6.34600019,6.58799982,6.33199978
United Kingdom,2000-02-01,5.4380002,6.27299976,6.32399988,6.0630002
United Kingdom,2000-03-01,5.23500013,6.27899981,6.38399982,5.94899988
United Kingdom,2000-04-01,5.1960001,6.11800003,6.26200008,5.75299978
United Kingdom,2000-05-01,5.16800022,6.08699989,6.29699993,5.76300001
United Kingdom,2000-06-01,5.15199995,5.98099995,6.07800007,5.625
United Kingdom,2000-07-01,5.21799994,6.08799982,6.04300022,5.69500017
United Kingdom,2000-08-01,5.32700014,6.09800005,6.05299997,5.76999998
United Kingdom,2000-09-01,5.19000006,5.8829999,5.84600019,5.61100006
United Kingdom,2000-10-01,5.15399981,5.80600023,5.76000023,5.59100008
United Kingdom,2000-11-01,4.87400007,5.55299997,5.49700022,5.26499987
United Kingdom,2000-12-01,4.86399984,5.31599998,5.28800011,5.16599989
United Kingdom,2001-01-01,4.83300018,5.23000002,5.20900011,5.08199978
United Kingdom,2001-02-01,4.86999989,5.20200014,5.10500002,5.06899977
United Kingdom,2001-03-01,4.84800005,5.05100012,4.97100019,4.90100002
United Kingdom,2001-04-01,5.11499977,4.95499992,5.11100006,5.2329998
United Kingdom,2001-05-01,5.21400023,5.07000017,5.296,5.34399986
United Kingdom,2001-06-01,5.28399992,5.35500002,5.52400017,5.51900005
United Kingdom,2001-07-01,4.9920001,5.04199982,5.204,5.24100018
United Kingdom,2001-08-01,4.83699989,4.72200012,4.90399981,5.05600023
United Kingdom,2001-09-01,4.86999989,4.21099997,4.48099995,4.93599987
United Kingdom,2001-10-01,4.52600002,3.88400006,4.15500021,4.52799988
United Kingdom,2001-11-01,4.64900017,3.73099995,4.4000001,4.69199991
United Kingdom,2001-12-01,5.05200005,3.92000008,4.74700022,5.11499977
United Kingdom,2002-01-01,4.87799978,3.85500002,4.70499992,4.96999979
United Kingdom,2002-02-01,4.98199987,3.78699994,4.63199997,4.97599983
United Kingdom,2002-03-01,5.29099989,4.73000002,5.07999992,5.38800001
United Kingdom,2002-04-01,5.18499994,4.47300005,4.80999994,5.2249999
United Kingdom,2002-05-01,5.25699997,4.51200008,4.83599997,5.26300001
United Kingdom,2002-06-01,5.00199986,4.30900002,4.6869998,5.06099987
United Kingdom,2002-07-01,4.85200024,3.74799991,4.16300011,4.74599981
United Kingdom,2002-08-01,4.61399984,3.73600006,3.9000001,4.51800013
United Kingdom,2002-09-01,4.36600018,3.55999994,3.53999996,4.19299984
United Kingdom,2002-10-01,4.55100012,3.6559999,3.65899992,4.33699989
United Kingdom,2002-11-01,4.66900015,3.98000002,4.171,4.53399992
United Kingdom,2002-12-01,4.36499977,3.66700006,3.74000001,4.17000008
United Kingdom,2003-01-01,4.27299976,3.6170001,6.37699986,4.03999996
United Kingdom,2003-02-01,4.16099977,3.28299999,6.38000011,3.77399993
United Kingdom,2003-03-01,4.28499985,3.34500003,3.6329999,3.92600012
United Kingdom,2003-04-01,4.33900023,3.30999994,3.81399989,3.99000001
United Kingdom,2003-05-01,4.06099987,3.23200011,6.64799976,3.74399996
United Kingdom,2003-06-01,4.15500021,3.25600004,6.69999981,3.79299998
United Kingdom,2003-07-01,4.5250001,3.39400005,6.29300022,4.16499996
United Kingdom,2003-08-01,4.60300016,3.62899995,6.09800005,4.43300009
United Kingdom,2003-09-01,4.53200006,3.63100004,6.22300005,4.3039999
United Kingdom,2003-10-01,5.0079999,3.977,6.75500011,4.91300011
United Kingdom,2003-11-01,5.03499985,4.01399994,6.42999983,4.89300013
United Kingdom,2003-12-01,4.7670002,3.77800012,6.57200003,4.58599997
United Kingdom,2004-01-01,4.90399981,4.16200018,4.40899992,4.78000021
United Kingdom,2004-02-01,4.76100016,4.07800007,6.98999977,4.62099981
United Kingdom,2004-03-01,4.79099989,4.22100019,6.70599985,4.65500021
United Kingdom,2004-04-01,4.98500013,4.35200024,7.01800013,4.86999989
United Kingdom,2004-05-01,5.15100002,4.56899977,6.93499994,5.14699984
United Kingdom,2004-06-01,5.10099983,4.36800003,6.89799976,5.05800009
United Kingdom,2004-07-01,5.17000008,4.88999987,6.94399977,5.1880002
United Kingdom,2004-08-01,4.95499992,4.67799997,6.63000011,4.9380002
United Kingdom,2004-09-01,4.83199978,4.53200006,4.61899996,4.78499985
United Kingdom,2004-10-01,4.74800014,4.47599983,4.53100014,4.67199993
United Kingdom,2004-11-01,4.59499979,4.296,4.32999992,4.51100016
United Kingdom,2004-12-01,4.57399988,4.39699984,4.40899992,4.52899981
United Kingdom,2005-01-01,4.60400009,4.47100019,4.45900011,4.54799986
United Kingdom,2005-02-01,4.76100016,4.66900015,4.72800016,4.76800013
United Kingdom,2005-03-01,4.73000002,4.65299988,4.69099998,4.71000004
United Kingdom,2005-04-01,4.53599977,4.56799984,4.50600004,4.50600004
United Kingdom,2005-05-01,4.40299988,4.56400013,4.38399982,4.31699991
United Kingdom,2005-06-01,4.21500015,4.19999981,4.11000013,4.11600018
United Kingdom,2005-07-01,4.3039999,4.19899988,4.14099979,4.20900011
United Kingdom,2005-08-01,4.17500019,4.1960001,4.13000011,4.1170001
United Kingdom,2005-09-01,4.26000023,4.21299982,4.17199993,4.19799995
United Kingdom,2005-10-01,4.35500002,4.35099983,4.3039999,4.35400009
United Kingdom,2005-11-01,4.22800016,4.30900002,4.28900003,4.27199984
United Kingdom,2005-12-01,4.1170001,4.17500019,4.1960001,4.17500019
United Kingdom,2006-01-01,4.17199993,4.37300014,4.3119998,4.27400017
United Kingdom,2006-02-01,4.22100019,4.39699984,4.35300016,4.30700016
United Kingdom,2006-03-01,4.39099979,4.44799995,4.46899986,4.46099997
United Kingdom,2006-04-01,4.63999987,4.57800007,4.62200022,4.68100023
United Kingdom,2006-05-01,4.57200003,4.66499996,4.67999983,4.66400003
United Kingdom,2006-06-01,4.71400023,4.73000002,4.796,4.8119998
United Kingdom,2006-07-01,4.59100008,4.69700003,4.70200014,4.67799997
United Kingdom,2006-08-01,4.55100012,4.91900015,4.8829999,4.73000002
United Kingdom,2006-09-01,4.49300003,4.9749999,4.88100004,4.69299984
United Kingdom,2006-10-01,4.56400013,5.07499981,5.06500006,4.86199999
United Kingdom,2006-11-01,4.54400015,5.10099983,5.00199986,4.85099983
United Kingdom,2006-12-01,4.78999996,5.29899979,5.1960001,5.07399988
United Kingdom,2007-01-01,4.98999977,5.58699989,5.48099995,5.33199978
United Kingdom,2007-02-01,4.80600023,5.45100021,5.32800007,5.15600014
United Kingdom,2007-03-01,4.93499994,5.55100012,5.41400003,5.20499992
United Kingdom,2007-04-01,5.10900021,5.67399979,5.53900003,5.33099985
United Kingdom,2007-05-01,5.22700024,5.76200008,5.70599985,5.5170002
United Kingdom,2007-06-01,5.44700003,5.88600016,5.75,5.68499994
United Kingdom,2007-07-01,5.19399977,5.62099981,5.47100019,5.30600023
United Kingdom,2007-08-01,5.00899982,5.46500015,5.32200003,5.1329999
United Kingdom,2007-09-01,5.07700014,5.34299994,5.13999987,5.05800009
United Kingdom,2007-10-01,4.9369998,5.51000023,5.12200022,4.92399979
United Kingdom,2007-11-01,4.62300014,4.58599997,4.43900013,4.58400011
United Kingdom,2007-12-01,4.61299992,4.48099995,4.38500023,4.52799988
United Kingdom,2008-01-01,4.62099981,4.48600006,4.41499996,4.43400002
United Kingdom,2008-02-01,4.60300016,4.31799984,4.20599985,4.30800009
United Kingdom,2008-03-01,4.35300016,4.04400015,3.80900002,4.00600004
United Kingdom,2008-04-01,4.67299986,4.48999977,4.34899998,4.5079999
United Kingdom,2008-05-01,4.9749999,4.97100019,5.04500008,5.01499987
United Kingdom,2008-06-01,5.13000011,5.11399984,5.2249999,5.24599981
United Kingdom,2008-07-01,4.80900002,4.98000002,4.79500008,4.79500008
United Kingdom,2008-08-01,4.47900009,4.94899988,4.49399996,4.49100018
United Kingdom,2008-09-01,4.45599985,3.86299992,3.99600005,4.19199991
United Kingdom,2008-10-01,4.51000023,2.60599995,2.89400005,3.75300002
United Kingdom,2008-11-01,3.773,1.75300002,2.19899988,3.21399999
United Kingdom,2008-12-01,3.01699996,0.56,1.01699996,2.46799994
United Kingdom,2009-01-01,3.7019999,1.02900004,1.477,2.84800005
United Kingdom,2009-02-01,3.6400001,0.94400001,1.45099998,2.648
United Kingdom,2009-03-01,3.15700006,0.75199997,1.18299997,2.34100008
United Kingdom,2009-04-01,3.48300004,0.61199999,1.04400003,2.35500002
United Kingdom,2009-05-01,3.72799993,0.58399999,1.04900002,2.54399991
United Kingdom,2009-06-01,3.68199992,0.787,1.32000005,2.88100004
United Kingdom,2009-07-01,3.79900002,0.56699997,1.22399998,2.93600011
United Kingdom,2009-08-01,3.54500008,0.37,0.85100001,2.58599997
United Kingdom,2009-09-01,3.59200001,0.458,0.88700002,2.63800001
United Kingdom,2009-10-01,3.61199999,0.421,0.86299998,2.72000003
United Kingdom,2009-11-01,3.5250001,0.65100002,1.23199999,2.602
United Kingdom,2009-12-01,4.01200008,0.58200002,1.29499996,2.78500009
United Kingdom,2010-01-01,3.9000001,0.76200002,1.31099999,2.75300002
United Kingdom,2010-02-01,4.03200006,0.65100002,0.97000003,2.73600006
United Kingdom,2010-03-01,3.94499993,0.745,1.01800001,2.72600007
United Kingdom,2010-04-01,3.91400003,0.69999999,1.14400005,2.64700007
United Kingdom,2010-05-01,3.57800007,0.70599997,0.87900001,2.27999997
United Kingdom,2010-06-01,3.36500001,0.70999998,0.75599998,2.07200003
United Kingdom,2010-07-01,3.32200003,0.70599997,0.76999998,2.0480001
United Kingdom,2010-08-01,2.83999991,0.67799997,0.63499999,1.61899996
United Kingdom,2010-09-01,2.94700003,0.59100002,0.64300001,1.60399997
United Kingdom,2010-10-01,3.06900001,0.634,0.685,1.61500001
United Kingdom,2010-11-01,3.22099996,0.59200001,0.903,1.91499996
United Kingdom,2010-12-01,3.39499998,0.62300003,1.08800006,2.19300008
United Kingdom,2011-01-01,3.65899992,0.79799998,1.29999995,2.46000004
United Kingdom,2011-02-01,3.68700004,0.82200003,1.39699996,2.47099996
United Kingdom,2011-03-01,3.69099998,0.87599999,1.352,2.44199991
United Kingdom,2011-04-01,3.48099995,0.685,1.09899998,2.20799994
United Kingdom,2011-05-01,3.29200006,0.64700001,0.93300003,1.96800005
United Kingdom,2011-06-01,3.39100003,0.616,0.88300002,1.86600006
United Kingdom,2011-07-01,2.86100006,0.514,0.639,1.39699996
United Kingdom,2011-08-01,2.60400009,0.53600001,0.602,1.245
United Kingdom,2011-09-01,2.43099999,0.58399999,0.57599998,1.36699998
United Kingdom,2011-10-01,2.46099997,0.509,0.54799998,1.27999997
United Kingdom,2011-11-01,2.3210001,0.435,0.47400001,1.13199997
United Kingdom,2011-12-01,1.977,0.32100001,0.33399999,1.06299996
United Kingdom,2012-01-01,1.97500002,0.39399999,0.35600001,0.98900002
United Kingdom,2012-02-01,2.14299989,0.417,0.412,0.98299998
United Kingdom,2012-03-01,2.2019999,0.46599999,0.428,1.03199995
United Kingdom,2012-04-01,2.11199999,0.43700001,0.45500001,1.08099997
United Kingdom,2012-05-01,1.56799996,0.35100001,0.244,0.64099997
United Kingdom,2012-06-01,1.73500001,0.28999999,0.28299999,0.74900001
United Kingdom,2012-07-01,1.47300005,0.149,0.091,0.50099999
United Kingdom,2012-08-01,1.47399998,0.19,0.084,0.328
United Kingdom,2012-09-01,1.522,0.231,0.175,0.416
United Kingdom,2012-10-01,1.681,0.237,0.267,0.508
United Kingdom,2012-11-01,1.594,0.267,0.307,0.525
United Kingdom,2012-12-01,1.658,0.268,0.308,0.545
United Kingdom,2013-01-01,1.934,0.343,0.371,0.653
United Kingdom,2013-02-01,1.815,0.23,0.235,0.453
United Kingdom,2013-03-01,1.603,0.203,0.193,0.337
United Kingdom,2013-04-01,1.507,0.236,0.235,0.358
United Kingdom,2013-05-01,1.853,0.327,0.374,0.548
United Kingdom,2013-06-01,2.281,0.304,0.391,0.734
United Kingdom,2013-07-01,2.178,0.315,0.305,0.584
United Kingdom,2013-08-01,2.419,0.339,0.396,0.755
United Kingdom,2013-09-01,2.352,0.382,0.4,0.916
United Kingdom,2013-10-01,2.292,0.377,0.403,
United Kingdom,2013-11-01,2.426,0.397,0.423,
United Kingdom,2013-12-01,2.709,0.365,0.561,
United Kingdom,2014-01-01,2.415,0.351,0.491,1.949
United Kingdom,2014-02-01,2.43,0.316,0.487,1.934
United Kingdom,2014-03-01,2.444,0.426,0.526,1.974
United Kingdom,2014-04-01,2.377,0.374,0.485,1.941
United Kingdom,2014-05-01,2.35,0.367,0.479,1.936
United Kingdom,2014-07-01,2.375,0.408,0.682,2.005
United Kingdom,2014-08-01,2.313,0.294,0.644,1.709
United Kingdom,2014-09-01,2.427,0.532,0.673,1.774
United Kingdom,2014-10-01,2.25,0.406,0.565,1.54
United Kingdom,2014-11-01,1.929,0.394,0.467,1.271
United Kingdom,2014-12-01,1.755,0.284,0.403,1.164
United Kingdom,2015-01-01,1.34,0.281,0.346,0.888
United Kingdom,2015-02-01,1.793,0.309,0.397,1.218
United Kingdom,2015-03-01,1.593,0.341,0.552,1.013
United Kingdom,2015-04-01,1.862,0.437,0.682,1.192
United Kingdom,2015-05-01,1.814,0.475,0.631,1.143
United Kingdom,2015-06-01,2.044,0.491,0.737,1.515
United Kingdom,2015-07-01,1.924,0.517,0.754,1.462
United Kingdom,2015-08-01,1.839,0.485,0.676,1.376
United Kingdom,2015-09-01,1.663,0.467,0.565,1.197
United Kingdom,2015-10-01,1.917,0.518,0.618,1.272
United Kingdom,2015-11-01,1.83,0.468,0.607,1.217
United Kingdom,2015-12-01,1.959,0.271,0.623,1.286
United Kingdom,2016-01-01,1.571,0.353,0.337,0.906
United Kingdom,2016-02-01,1.323,0.369,0.307,0.645
United Kingdom,2016-03-01,1.409,0.39,0.431,0.83
United Kingdom,2016-04-01,1.6037,0.4796,0.5269,0.9811
United Kingdom,2016-05-01,1.4389,0.4128,0.4407,0.9104
United Kingdom,2016-06-01,0.8741,0.181,0.139,0.391
United Kingdom,2016-07-01,0.6864,0.123,0.1123,0.2837
United Kingdom,2016-08-01,0.5397,0.153,0.1488,0.2194
United Kingdom,2016-09-01,0.6572,0.1557,0.106,0.2278
United Kingdom,2016-10-01,1.1379,0.2125,0.2622,0.5801
United Kingdom,2016-11-01,1.2788,0.097,0.1318,0.5823
United Kingdom,2016-12-01,1.0963,0.0135,0.0597,0.4241
United Kingdom,2017-01-01,1.5185,0.0608,0.1346,0.573
United Kingdom,2017-02-01,1.1459,0.015,0.0809,0.2987
United Kingdom,2017-03-01,1.1359,0.1303,0.1199,0.5513
United Kingdom,2017-04-01,1.0822,0.0472,0.0771,0.4994
United Kingdom,2017-05-01,1.039,0.1455,0.1258,0.4843
United Kingdom,2017-06-01,1.2572,0.3274,0.3554,0.6893
United Kingdom,2017-07-01,1.2285,0.2988,0.2691,0.5886
United Kingdom,2017-08-01,1.0332,0.1511,0.1736,0.4392
United Kingdom,2017-09-01,1.3617,0.3954,0.4542,0.7861
United Kingdom,2017-10-01,1.3338,0.441,0.4553,0.7774
United Kingdom,2017-11-01,1.3299,0.4667,0.522,0.807
United Kingdom,2017-12-01,1.1903,0.3379,0.4375,0.7216
United Kingdom,2018-01-01,1.4982,0.6035,0.6586,1.0019
United Kingdom,2018-02-01,1.5062,0.6159,0.6963,1.0118
United Kingdom,2018-03-01,1.3506,0.7363,0.8223,1.1088
United Kingdom,2018-04-01,1.4184,0.6877,0.7757,1.1173
United Kingdom,2018-05-01,1.2256,0.5181,0.6064,0.9507
United Kingdom,2018-06-01,1.2788,0.6923,0.7217,1.0307
United Kingdom,2018-07-01,1.3317,0.7268,0.7718,1.0561
United Kingdom,2018-08-01,1.2869,0.72,0.7356,1.042
United Kingdom,2018-09-01,1.4356,0.7994,0.8213,1.1699
United Kingdom,2018-10-01,1.2985,0.7584,0.7462,1.0266
United Kingdom,2018-11-01,1.2103,0.7859,0.7611,0.9329
United Kingdom,2018-12-01,1.1473,0.7615,0.7506,0.9016
United Kingdom,2019-01-01,1.22099996,0.773,0.75700003,0.87199998
United Kingdom,2019-02-01,1.29299998,0.801,0.81599998,1.00699997
United Kingdom,2019-03-01,0.99199998,0.64499998,0.62900001,0.74699998
United Kingdom,2019-04-01,1.17299998,0.745,0.74800003,0.89300001
United Kingdom,2019-05-01,0.88800001,0.653,0.60299999,0.639
United Kingdom,2019-06-01,0.838,0.69499999,0.62300003,0.63700002
United Kingdom,2019-07-01,0.60399997,0.50999999,0.44999999,0.37900001
United Kingdom,2019-08-01,0.48500001,0.45699999,0.40099999,0.333
United Kingdom,2019-09-01,0.48500001,0.45699999,0.36500001,0.27700001
United Kingdom,2019-10-01,0.6225,0.62,0.498,0.4285
United Kingdom,2019-11-01,0.70550001,0.66949999,0.54100001,0.51950002
United Kingdom,2019-12-01,0.82300001,0.58749998,0.52399999,0.60250002
United Kingdom,2020-01-01,0.51899999,0.6085,0.50349998,0.40700001
United Kingdom,2020-02-01,0.45,0.509,0.315,0.337
United Kingdom,2020-03-01,0.344,0.123,0.134,0.202
United Kingdom,2020-04-01,0.222,0.072,0.008,0.082
United Kingdom,2020-05-01,0.187,0.065,-0.039,-0.002
United Kingdom,2020-06-01,0.169,0.042,-0.075,-0.056
United Kingdom,2020-07-01,0.111,0.053,-0.066,-0.117
United Kingdom,2020-08-01,0.317,-0.013,-0.052,-0.005
United Kingdom,2020-09-01,0.227,0.064,-0.022,-0.058
United Kingdom,2020-10-01,0.268,-0.001,-0.019,-0.032
United Kingdom,2020-11-01,0.315,0.016,-0.011,0.014
United Kingdom,2020-12-01,0.196,-0.126,-0.155,-0.083
United Kingdom,2021-01-01,0.32,-0.098,-0.109,-0.031
United Kingdom,2021-02-01,0.823,0.038,0.11,0.401
United Kingdom,2021-03-01,0.854,0.047,0.114,0.398
United Kingdom,2021-04-01,0.8432,0.0392,0.0837,0.2799
United Kingdom,2021-05-01,0.801,0.048,0.066,0.347
United Kingdom,2021-06-01,0.721,0.041,0.068,0.333
United Kingdom,2021-07-01,0.563,0.036,0.059,0.27
United Kingdom,2021-08-01,0.617,0.105,0.148,0.434
United Kingdom,2021-09-01,1.022,0.232,0.397,0.624
United Kingdom,2021-10-01,1.034,0.604,0.727,0.838
United Kingdom,2021-11-01,0.822,0.335,0.499,0.635
United Kingdom,2021-12-01,0.972,0.518,0.679,0.821
United Kingdom,2022-01-01,1.308,0.948,1.058,1.14
United Kingdom,2022-02-01,1.397,0.965,1.047,1.042
United Kingdom,2022-03-01,1.604,1.261,1.355,1.4
United Kingdom,2022-04-01,1.91,1.499,1.595,1.676
United Kingdom,2022-05-01,2.101,1.534,1.589,1.684
United Kingdom,2022-06-01,2.22,1.843,1.852,1.881
United Kingdom,2022-07-01,1.861,1.816,1.715,1.59
United Kingdom,2022-08-01,2.788,2.795,3.008,2.756
United Kingdom,2022-09-01,4.083,3.588,4.287,4.4
United Kingdom,2022-10-01,3.518,3.006,3.274,3.601
United Kingdom,2022-11-01,3.156,3.201,3.28,3.262
United Kingdom,2022-12-01,3.669,3.906,3.707,3.619
United Kingdom,2023-01-01,3.336,3.454,3.456,3.218
United Kingdom,2023-02-01,3.843,4.069,3.66,3.676
United Kingdom,2023-03-01,3.465,3.991,3.417,3.325
United Kingdom,2023-04-01,3.722,4.323,3.784,3.609
United Kingdom,2023-05-01,4.179,4.713,4.317,4.096
United Kingdom,2023-06-01,4.388,5.378,5.271,4.662
United Kingdom,2023-07-01,4.296,5.208,4.982,4.373
United Kingdom,2023-08-01,4.362,5.15,5.142,4.665
United Kingdom,2023-09-01,4.458,5.086,4.913,4.528
United Kingdom,2023-10-01,4.519,5.002,4.779,4.471
United Kingdom,2023-11-01,4.221,4.946,4.633,4.216
United Kingdom,2023-12-01,3.539,4.74,3.977,3.462
United Kingdom,2024-01-01,3.786,4.813,4.219,3.736
United Kingdom,2024-02-01,4.124,4.588,4.302,4.053
United Kingdom,2024-03-01,3.946,4.497,4.174,3.842
United Kingdom,2024-04-01,4.363,4.792,4.516,4.268
United Kingdom,2024-05-01,4.331,4.802,4.427,4.219
United Kingdom,2024-06-01,4.155,4.67,4.246,4.029
United States,1941-03-01,2.12,,,
United States,1941-04-01,2.07,,,
United States,1941-05-01,2.04,,,
United States,1941-06-01,2.01,,,
United States,1941-07-01,1.98,,,
United States,1941-08-01,2.01,,,
United States,1941-09-01,2.02,,,
United States,1941-10-01,1.98,,,
United States,1941-11-01,2.34,,,
United States,1941-12-01,2.47,,,
United States,1942-01-01,2.48,,,
United States,1942-02-01,2.48,,,
United States,1942-03-01,2.46,,,
United States,1942-04-01,2.44,,,
United States,1942-05-01,2.45,,,
United States,1942-06-01,2.43,,,
United States,1942-07-01,2.46,,,
United States,1942-08-01,2.47,,,
United States,1942-09-01,2.46,,,
United States,1942-10-01,2.45,,,
United States,1942-11-01,2.47,,,
United States,1942-12-01,2.49,,,
United States,1943-01-01,2.46,,,
United States,1943-02-01,2.46,,,
United States,1943-03-01,2.48,,,
United States,1943-04-01,2.48,,,
United States,1943-05-01,2.46,,,
United States,1943-06-01,2.45,,,
United States,1943-07-01,2.45,,,
United States,1943-08-01,2.46,,,
United States,1943-09-01,2.48,,,
United States,1943-10-01,2.48,,,
United States,1943-11-01,2.48,,,
United States,1943-12-01,2.49,,,
United States,1944-01-01,2.49,,,
United States,1944-02-01,2.49,,,
United States,1944-03-01,2.48,,,
United States,1944-04-01,2.48,,,
United States,1944-05-01,2.49,,,
United States,1944-06-01,2.49,,,
United States,1944-07-01,2.49,,,
United States,1944-08-01,2.48,,,
United States,1944-09-01,2.47,,,
United States,1944-10-01,2.48,,,
United States,1944-11-01,2.48,,,
United States,1944-12-01,2.48,,,
United States,1945-01-01,2.44,,,
United States,1945-02-01,2.38,,,
United States,1945-03-01,2.4,,,
United States,1945-04-01,2.39,,,
United States,1945-05-01,2.39,,,
United States,1945-06-01,2.35,,,
United States,1945-07-01,2.34,,,
United States,1945-08-01,2.36,,,
United States,1945-09-01,2.37,,,
United States,1945-10-01,2.35,,,
United States,1945-11-01,2.33,,,
United States,1945-12-01,2.33,,,
United States,1946-01-01,2.21,,,
United States,1946-02-01,2.12,,,
United States,1946-03-01,2.09,,,
United States,1946-04-01,2.08,,,
United States,1946-05-01,2.19,,,
United States,1946-06-01,2.16,,,
United States,1946-07-01,2.18,,,
United States,1946-08-01,2.23,,,
United States,1946-09-01,2.28,,,
United States,1946-10-01,2.26,,,
United States,1946-11-01,2.25,,,
United States,1946-12-01,2.24,,,
United States,1947-01-01,2.21,,,
United States,1947-02-01,2.21,,,
United States,1947-03-01,2.19,,,
United States,1947-04-01,2.19,,,
United States,1947-05-01,2.19,,,
United States,1947-06-01,2.22,,,
United States,1947-07-01,2.25,,,
United States,1947-08-01,2.24,,,
United States,1947-09-01,2.24,,,
United States,1947-10-01,2.27,,,
United States,1947-11-01,2.36,,,
United States,1947-12-01,2.39,,,
United States,1948-01-01,2.45,,,
United States,1948-02-01,2.45,,,
United States,1948-03-01,2.44,,,
United States,1948-04-01,2.44,,,
United States,1948-05-01,2.42,,,
United States,1948-06-01,2.41,,,
United States,1948-07-01,2.41,,,
United States,1948-08-01,2.45,,,
United States,1948-09-01,2.45,,,
United States,1948-10-01,2.45,,,
United States,1948-11-01,2.44,,,
United States,1948-12-01,2.44,,,
United States,1949-01-01,2.42,,,
United States,1949-02-01,2.39,,,
United States,1949-03-01,2.38,,,
United States,1949-04-01,2.38,,,
United States,1949-05-01,2.38,,,
United States,1949-06-01,2.38,,,
United States,1949-07-01,2.27,,,
United States,1949-08-01,2.24,,,
United States,1949-09-01,2.22,,,
United States,1949-10-01,2.22,,,
United States,1949-11-01,2.2,,,
United States,1949-12-01,2.19,,,
United States,1950-01-01,2.2,,,
United States,1950-02-01,2.24,,,
United States,1950-03-01,2.27,,,
United States,1950-04-01,2.3,,,
United States,1950-05-01,2.31,,,
United States,1950-06-01,2.33,,,
United States,1950-07-01,2.34,,,
United States,1950-08-01,2.33,,,
United States,1950-09-01,2.36,,,
United States,1950-10-01,2.38,,,
United States,1950-11-01,2.38,,,
United States,1950-12-01,2.39,,,
United States,1951-01-01,2.39,,,
United States,1951-02-01,2.4,,,
United States,1951-03-01,2.47,,,
United States,1951-04-01,2.56,,,
United States,1951-05-01,2.63,,,
United States,1951-06-01,2.65,,,
United States,1951-07-01,2.63,,,
United States,1951-08-01,2.57,,,
United States,1951-09-01,2.56,,,
United States,1951-10-01,2.61,,,
United States,1951-11-01,2.66,,,
United States,1951-12-01,2.7,,,
United States,1952-01-01,2.74,,,
United States,1952-02-01,2.71,,,
United States,1952-03-01,2.7,,,
United States,1952-04-01,2.64,,,
United States,1952-05-01,2.57,,,
United States,1952-06-01,2.61,,,
United States,1952-07-01,2.61,,,
United States,1952-08-01,2.7,,,
United States,1952-09-01,2.71,,,
United States,1952-10-01,2.74,,,
United States,1952-11-01,2.71,,,
United States,1952-12-01,2.75,,,
United States,1953-01-01,2.8,,,
United States,1953-02-01,2.83,,,
United States,1953-03-01,2.89,,,
United States,1953-04-01,2.83,,,
United States,1953-05-01,3.05,,,
United States,1953-06-01,3.11,,,
United States,1953-07-01,2.93,,,
United States,1953-08-01,2.95,,,
United States,1953-09-01,2.87,,,
United States,1953-10-01,2.66,,,
United States,1953-11-01,2.68,,,
United States,1953-12-01,2.59,,,
United States,1954-01-01,2.48,,,
United States,1954-02-01,2.47,,,
United States,1954-03-01,2.37,,,
United States,1954-04-01,2.29,,,
United States,1954-05-01,2.37,,,
United States,1954-06-01,2.38,,,
United States,1954-07-01,2.3,,,
United States,1954-08-01,2.36,,,
United States,1954-09-01,2.38,,,
United States,1954-10-01,2.43,,,
United States,1954-11-01,2.48,,,
United States,1954-12-01,2.51,,,
United States,1955-01-01,2.61,,,
United States,1955-02-01,2.65,,,
United States,1955-03-01,2.68,,,
United States,1955-04-01,2.75,,,
United States,1955-05-01,2.76,,,
United States,1955-06-01,2.78,,,
United States,1955-07-01,2.9,,,
United States,1955-08-01,2.97,,,
United States,1955-09-01,2.97,,,
United States,1955-10-01,2.88,,,
United States,1955-11-01,2.89,,,
United States,1955-12-01,2.96,,,
United States,1956-01-01,2.9,,,
United States,1956-02-01,2.84,,,
United States,1956-03-01,2.96,,,
United States,1956-04-01,3.18,,,
United States,1956-05-01,3.07,,,
United States,1956-06-01,3.0,,,
United States,1956-07-01,3.11,,,
United States,1956-08-01,3.33,,,
United States,1956-09-01,3.38,,,
United States,1956-10-01,3.34,,,
United States,1956-11-01,3.49,,,
United States,1956-12-01,3.59,,,
United States,1957-01-01,3.46,,,
United States,1957-02-01,3.34,,,
United States,1957-03-01,3.41,,,
United States,1957-04-01,3.48,,,
United States,1957-05-01,3.6,,,
United States,1957-06-01,3.8,,,
United States,1957-07-01,3.93,,,
United States,1957-08-01,3.93,,,
United States,1957-09-01,3.92,,,
United States,1957-10-01,3.97,,,
United States,1957-11-01,3.72,,,
United States,1957-12-01,3.21,,,
United States,1958-01-01,3.09,,,
United States,1958-02-01,3.05,,,
United States,1958-03-01,2.98,,,
United States,1958-04-01,2.88,,,
United States,1958-05-01,2.92,,,
United States,1958-06-01,2.97,,,
United States,1958-07-01,3.2,,,
United States,1958-08-01,3.54,,,
United States,1958-09-01,3.76,,,
United States,1958-10-01,3.8,,,
United States,1958-11-01,3.74,,,
United States,1958-12-01,3.86,,,
United States,1959-01-01,4.02,,,
United States,1959-02-01,3.96,,,
United States,1959-03-01,3.99,,,
United States,1959-04-01,4.12,,,
United States,1959-05-01,4.31,,,
United States,1959-06-01,4.34,,,
United States,1959-07-01,4.4,,,
United States,1959-08-01,4.43,,,
United States,1959-09-01,4.68,,,
United States,1959-10-01,4.53,,,
United States,1959-11-01,4.53,,,
United States,1959-12-01,4.69,,,
United States,1960-01-01,4.72,,,
United States,1960-02-01,4.49,,,
United States,1960-03-01,4.25,,,
United States,1960-04-01,4.28,,,
United States,1960-05-01,4.35,,,
United States,1960-06-01,4.15,,,
United States,1960-07-01,3.9,,,
United States,1960-08-01,3.8,,,
United States,1960-09-01,3.8,,,
United States,1960-10-01,3.89,,,
United States,1960-11-01,3.93,,,
United States,1960-12-01,3.84,,,
United States,1961-01-01,3.84,,,
United States,1961-02-01,3.78,,,
United States,1961-03-01,3.74,,,
United States,1961-04-01,3.78,,,
United States,1961-05-01,3.71,,,
United States,1961-06-01,3.88,,,
United States,1961-07-01,3.92,,,
United States,1961-08-01,4.04,,,
United States,1961-09-01,3.98,,,
United States,1961-10-01,3.92,,,
United States,1961-11-01,3.94,,,
United States,1961-12-01,4.06,,,
United States,1962-01-01,4.08,3.29,,
United States,1962-02-01,4.0,3.21,,
United States,1962-03-01,3.86,2.97,,
United States,1962-04-01,3.86,3.07,,
United States,1962-05-01,3.9,2.99,,
United States,1962-06-01,4.0,3.2,,
United States,1962-07-01,4.04,3.33,,
United States,1962-08-01,3.96,3.14,,
United States,1962-09-01,3.94,3.02,,
United States,1962-10-01,3.92,2.97,,
United States,1962-11-01,3.92,3.02,,
United States,1962-12-01,3.85,3.05,,
United States,1963-01-01,3.87,3.03,,
United States,1963-02-01,3.94,3.02,,
United States,1963-03-01,3.95,3.09,,
United States,1963-04-01,3.95,3.11,,
United States,1963-05-01,3.96,3.2,,
United States,1963-06-01,4.0,3.19,,
United States,1963-07-01,4.0,3.5,,
United States,1963-08-01,4.02,3.59,,
United States,1963-09-01,4.07,3.59,,
United States,1963-10-01,4.15,3.68,,
United States,1963-11-01,4.08,3.74,,
United States,1963-12-01,4.14,3.83,,
United States,1964-01-01,4.15,3.76,,
United States,1964-02-01,4.18,3.91,,
United States,1964-03-01,4.23,3.94,,
United States,1964-04-01,4.22,3.84,,
United States,1964-05-01,4.19,3.84,,
United States,1964-06-01,4.15,3.78,,
United States,1964-07-01,4.19,3.69,,
United States,1964-08-01,4.21,3.81,,
United States,1964-09-01,4.18,3.84,,
United States,1964-10-01,4.16,3.86,,
United States,1964-11-01,4.2,4.1,,
United States,1964-12-01,4.21,3.99,,
United States,1965-01-01,4.19,3.96,,
United States,1965-02-01,4.22,4.09,,
United States,1965-03-01,4.2,4.03,,
United States,1965-04-01,4.21,4.04,,
United States,1965-05-01,4.23,4.04,,
United States,1965-06-01,4.2,3.96,,
United States,1965-07-01,4.22,4.02,,
United States,1965-08-01,4.27,4.13,,
United States,1965-09-01,4.35,4.36,,
United States,1965-10-01,4.41,4.33,,
United States,1965-11-01,4.48,4.4,,
United States,1965-12-01,4.65,4.96,,
United States,1966-01-01,4.69,4.89,,
United States,1966-02-01,5.02,5.01,,
United States,1966-03-01,4.71,4.9,,
United States,1966-04-01,4.79,4.91,,
United States,1966-05-01,4.8,5.04,,
United States,1966-06-01,4.97,5.05,,
United States,1966-07-01,5.05,5.24,,
United States,1966-08-01,5.36,5.84,,
United States,1966-09-01,5.02,5.62,,
United States,1966-10-01,4.97,5.5,,
United States,1966-11-01,5.12,5.45,,
United States,1966-12-01,4.64,5.0,,
United States,1967-01-01,4.52,4.62,,
United States,1967-02-01,4.72,4.76,,
United States,1967-03-01,4.5,4.13,,
United States,1967-04-01,4.78,4.14,,
United States,1967-05-01,4.81,4.18,,
United States,1967-06-01,5.22,4.97,,
United States,1967-07-01,5.16,5.05,,
United States,1967-08-01,5.27,5.2,,
United States,1967-09-01,5.31,5.27,,
United States,1967-10-01,5.64,5.47,,
United States,1967-11-01,5.74,5.65,,
United States,1967-12-01,5.7,5.76,,
United States,1968-01-01,5.54,5.36,,
United States,1968-02-01,5.56,5.43,,
United States,1968-03-01,5.76,5.59,,
United States,1968-04-01,5.74,6.0,,
United States,1968-05-01,5.86,6.06,,
United States,1968-06-01,5.64,5.91,,
United States,1968-07-01,5.39,5.5,,
United States,1968-08-01,5.42,5.43,,
United States,1968-09-01,5.49,5.44,,
United States,1968-10-01,5.61,5.66,,
United States,1968-11-01,5.78,5.78,,
United States,1968-12-01,6.16,6.46,,
United States,1969-01-01,6.19,6.41,,
United States,1969-02-01,6.26,6.47,,
United States,1969-03-01,6.3,6.27,,
United States,1969-04-01,6.2,6.26,,
United States,1969-05-01,6.56,6.64,,
United States,1969-06-01,6.73,7.58,,
United States,1969-07-01,6.66,7.57,,
United States,1969-08-01,6.83,7.64,,
United States,1969-09-01,7.51,8.01,,
United States,1969-10-01,6.94,7.58,,
United States,1969-11-01,7.29,8.04,,
United States,1969-12-01,7.88,8.32,,
United States,1970-01-01,7.75,8.15,,
United States,1970-02-01,6.9,7.11,,
United States,1970-03-01,7.08,6.9,,
United States,1970-04-01,7.82,7.72,,
United States,1970-05-01,7.95,7.65,,
United States,1970-06-01,7.68,7.4,,
United States,1970-07-01,7.38,7.0,,
United States,1970-08-01,7.49,6.84,,
United States,1970-09-01,7.29,6.58,,
United States,1970-10-01,7.33,6.29,,
United States,1970-11-01,6.49,5.06,,
United States,1970-12-01,6.5,4.94,,
United States,1971-01-01,6.09,4.23,,
United States,1971-02-01,6.14,3.69,,
United States,1971-03-01,5.53,3.92,,
United States,1971-04-01,6.08,4.77,,
United States,1971-05-01,6.38,5.13,,
United States,1971-06-01,6.7,6.24,,
United States,1971-07-01,6.85,6.18,,
United States,1971-08-01,6.28,5.28,,
United States,1971-09-01,6.0,5.27,,
United States,1971-10-01,5.87,4.64,,
United States,1971-11-01,5.93,4.76,,
United States,1971-12-01,5.89,4.46,,
United States,1972-01-01,6.09,4.36,,
United States,1972-02-01,6.04,4.34,,
United States,1972-03-01,6.12,5.11,,
United States,1972-04-01,6.14,4.61,,
United States,1972-05-01,6.05,4.64,,
United States,1972-06-01,6.15,5.15,,
United States,1972-07-01,6.12,4.82,,
United States,1972-08-01,6.42,5.4,,
United States,1972-09-01,6.54,5.61,,
United States,1972-10-01,6.41,5.44,,
United States,1972-11-01,6.28,5.35,,
United States,1972-12-01,6.41,5.68,,
United States,1973-01-01,6.52,6.09,,
United States,1973-02-01,6.64,6.43,,
United States,1973-03-01,6.73,7.09,,
United States,1973-04-01,6.7,6.8,,
United States,1973-05-01,6.93,7.16,,
United States,1973-06-01,6.94,7.74,,
United States,1973-07-01,7.43,8.87,,
United States,1973-08-01,7.25,8.47,,
United States,1973-09-01,6.9,7.5,,
United States,1973-10-01,6.71,7.21,,
United States,1973-11-01,6.69,7.28,,
United States,1973-12-01,6.9,7.3,,
United States,1974-01-01,7.0,7.12,,
United States,1974-02-01,7.01,7.16,,
United States,1974-03-01,7.41,8.36,,
United States,1974-04-01,7.66,8.99,,
United States,1974-05-01,7.52,8.71,,
United States,1974-06-01,7.64,8.87,,
United States,1974-07-01,7.89,9.0,,
United States,1974-08-01,8.11,9.73,,
United States,1974-09-01,7.94,8.21,,
United States,1974-10-01,7.79,7.93,,
United States,1974-11-01,7.64,7.66,,
United States,1974-12-01,7.4,7.35,,
United States,1975-01-01,7.53,6.36,,
United States,1975-02-01,7.46,6.01,,
United States,1975-03-01,8.01,6.36,,
United States,1975-04-01,8.31,6.88,,
United States,1975-05-01,8.04,6.08,,
United States,1975-06-01,7.96,6.85,,
United States,1975-07-01,8.2,7.38,,
United States,1975-08-01,8.22,7.56,,
United States,1975-09-01,8.48,7.83,,
United States,1975-10-01,7.91,6.27,,
United States,1975-11-01,8.14,6.68,,
United States,1975-12-01,7.76,6.16,,
United States,1976-01-01,7.8,5.65,,
United States,1976-02-01,7.77,6.21,,
United States,1976-03-01,7.66,6.11,,
United States,1976-04-01,7.67,6.14,,
United States,1976-05-01,7.96,6.75,,
United States,1976-06-01,7.86,6.46,,
United States,1976-07-01,7.86,6.12,,
United States,1976-08-01,7.66,5.9,,
United States,1976-09-01,7.55,5.78,,
United States,1976-10-01,7.42,5.5,,
United States,1976-11-01,7.01,4.95,,
United States,1976-12-01,6.81,4.86,,
United States,1977-01-01,7.4,5.56,,
United States,1977-02-01,7.45,5.56,,
United States,1977-03-01,7.42,5.4,,
United States,1977-04-01,7.45,5.6,,
United States,1977-05-01,7.38,5.86,,
United States,1977-06-01,7.2,5.72,,
United States,1977-07-01,7.42,6.22,,
United States,1977-08-01,7.28,6.36,,
United States,1977-09-01,7.41,6.66,,
United States,1977-10-01,7.62,7.05,,
United States,1977-11-01,7.55,6.92,,
United States,1977-12-01,7.78,6.98,,
United States,1978-01-01,7.94,7.26,,
United States,1978-02-01,8.04,7.32,,
United States,1978-03-01,8.15,7.48,,
United States,1978-04-01,8.24,7.7,,
United States,1978-05-01,8.42,7.94,,
United States,1978-06-01,8.62,8.38,,
United States,1978-07-01,8.56,8.33,,
United States,1978-08-01,8.39,8.48,,
United States,1978-09-01,8.56,8.81,,
United States,1978-10-01,8.96,9.92,,
United States,1978-11-01,8.86,10.09,,
United States,1978-12-01,9.15,10.57,,
United States,1979-01-01,8.95,10.13,,
United States,1979-02-01,9.17,10.33,,
United States,1979-03-01,9.11,10.17,,
United States,1979-04-01,9.35,10.29,,
United States,1979-05-01,9.06,9.91,,
United States,1979-06-01,8.81,9.4,,
United States,1979-07-01,9.01,9.75,,
United States,1979-08-01,9.24,10.4,,
United States,1979-09-01,9.44,10.8,,
United States,1979-10-01,10.72,12.89,,
United States,1979-11-01,10.38,11.88,,
United States,1979-12-01,10.33,11.7,,
United States,1980-01-01,11.1420002,12.4,,
United States,1980-02-01,12.8409996,15.45,,
United States,1980-03-01,12.92599964,15.8,,
United States,1980-04-01,10.625,11.12,,
United States,1980-05-01,10.20300007,8.83,,
United States,1980-06-01,9.14500046,8.49,,
United States,1980-07-01,9.97200012,9.36,,
United States,1980-08-01,10.97900009,11.15,,
United States,1980-09-01,12.04399967,12.29,,
United States,1980-10-01,12.45100021,13.78,,
United States,1980-11-01,12.35200024,15.13,,
United States,1980-12-01,12.36699963,13.86,,
United States,1981-01-01,12.77700043,14.0,,
United States,1981-02-01,13.45300007,14.59,,
United States,1981-03-01,13.18400002,13.05,,
United States,1981-04-01,14.03800011,15.33,,
United States,1981-05-01,13.48700047,14.81,,
United States,1981-06-01,13.66699982,14.87,,
United States,1981-07-01,14.68799973,16.12,,
United States,1981-08-01,15.28999996,16.97,,
United States,1981-09-01,15.74199963,16.64,,
United States,1981-10-01,15.04100037,14.31,,
United States,1981-11-01,13.06999969,11.82,,
United States,1981-12-01,14.14299965,13.35,,
United States,1982-01-01,14.25800037,14.04,,
United States,1982-02-01,13.85200024,14.27,,
United States,1982-03-01,14.15999985,14.3,,
United States,1982-04-01,13.83899975,13.67,,
United States,1982-05-01,13.75300026,12.93,,
United States,1982-06-01,14.58100033,14.34,,
United States,1982-07-01,13.81499958,12.56,,
United States,1982-08-01,12.74800014,11.13,,
United States,1982-09-01,12.03999996,10.26,,
United States,1982-10-01,11.22099972,9.21,,
United States,1982-11-01,11.26799965,9.38,,
United States,1982-12-01,10.39000034,8.68,,
United States,1983-01-01,10.63700008,8.91,,
United States,1983-02-01,10.34599972,8.61,,
United States,1983-03-01,10.56799984,9.34,,
United States,1983-04-01,10.27099991,8.75,,
United States,1983-05-01,10.77000046,9.48,,
United States,1983-06-01,10.96399975,9.7,,
United States,1983-07-01,11.6420002,10.48,,
United States,1983-08-01,11.71000004,10.59,,
United States,1983-09-01,11.45899963,9.89,,
United States,1983-10-01,11.62199974,9.82,,
United States,1983-11-01,11.59000015,9.98,,
United States,1983-12-01,11.75500011,10.08,,
United States,1984-01-01,11.63300037,9.85,,
United States,1984-02-01,12.07299995,10.21,,
United States,1984-03-01,12.38500023,10.8,,
United States,1984-04-01,12.63700008,11.11,,
United States,1984-05-01,13.95199966,12.15,,
United States,1984-06-01,13.77900028,12.3,,
United States,1984-07-01,13.03299999,11.86,,
United States,1984-08-01,12.86400032,11.96,,
United States,1984-09-01,12.29300022,11.43,,
United States,1984-10-01,11.73700047,10.26,,
United States,1984-11-01,11.44200039,9.71,,
United States,1984-12-01,11.44099998,9.22,,
United States,1985-01-01,11.05799961,9.09,,
United States,1985-02-01,11.89400005,9.72,,
United States,1985-03-01,11.73099995,9.49,,
United States,1985-04-01,11.45100021,8.99,,
United States,1985-05-01,10.38399982,7.98,,
United States,1985-06-01,10.36999989,7.71,,
United States,1985-07-01,10.6420002,8.12,,
United States,1985-08-01,10.19900036,8.03,,
United States,1985-09-01,10.19699955,7.99,,
United States,1985-10-01,9.94999981,7.92,,
United States,1985-11-01,9.69299984,7.85,,
United States,1985-12-01,8.97799969,7.6,,
United States,1986-01-01,9.07800007,7.57,,
United States,1986-02-01,8.18799973,7.43,,
United States,1986-03-01,7.48199987,6.72,,
United States,1986-04-01,7.36899996,6.54,,
United States,1986-05-01,8.03299999,6.88,,
United States,1986-06-01,7.40600014,6.41,,
United States,1986-07-01,7.40100002,6.2,,
United States,1986-08-01,7.02899981,5.52,,
United States,1986-09-01,7.51499987,5.82,,
United States,1986-10-01,7.28599977,5.73,,
United States,1986-11-01,7.21199989,5.76,,
United States,1986-12-01,7.21999979,5.95,,
United States,1987-01-01,7.11600018,5.93,,
United States,1987-02-01,7.19099998,5.9,,
United States,1987-03-01,7.5170002,6.15,,
United States,1987-04-01,8.32699966,6.62,,
United States,1987-05-01,8.58399963,6.88,,
United States,1987-06-01,8.33399963,6.77,,
United States,1987-07-01,8.59899998,6.89,,
United States,1987-08-01,8.9119997,7.23,,8.02799988
United States,1987-09-01,9.63199997,7.92,,9.97700024
United States,1987-10-01,8.9119997,6.75,,8.33600044
United States,1987-11-01,8.96100044,7.0,,8.44200039
United States,1987-12-01,8.77099991,7.1,,8.32699966
United States,1988-01-01,8.33699989,6.66,,7.83099985
United States,1988-02-01,8.2130003,6.63,7.19299984,7.71099997
United States,1988-03-01,8.56900024,6.76,7.40899992,8.04399967
United States,1988-04-01,8.85200024,7.14,7.71099997,8.31200027
United States,1988-05-01,9.2130003,7.66,8.22900009,8.73700047
United States,1988-06-01,8.87199974,7.5,8.03499985,8.47500038
United States,1988-07-01,9.16300011,7.9,8.46199989,8.78600025
United States,1988-08-01,9.30200005,8.28,8.74699974,9.0170002
United States,1988-09-01,8.98099995,8.13,8.53499985,8.72999954
United States,1988-10-01,8.71700001,8.06,8.2670002,8.40299988
United States,1988-11-01,9.13599968,8.62,8.94499969,9.03800011
United States,1988-12-01,9.18400002,9.02,9.1789999,9.17700005
United States,1989-01-01,8.99800014,9.04,9.12199974,9.05200005
United States,1989-02-01,9.36299992,9.4,9.62100029,9.47000027
United States,1989-03-01,9.33399963,9.64,9.80300045,9.57600021
United States,1989-04-01,9.05700016,9.12,9.2329998,9.07900047
United States,1989-05-01,8.63099957,8.86,8.91699982,8.72900009
United States,1989-06-01,8.11400032,8.12,8.13799953,8.06599998
United States,1989-07-01,7.90600014,7.65,7.6500001,7.67399979
United States,1989-08-01,8.24100018,8.28,8.40600014,8.26900005
United States,1989-09-01,8.29399967,8.48,8.40999985,8.31999969
United States,1989-10-01,7.91800022,7.88,7.84800005,7.84600019
United States,1989-11-01,7.87400007,7.72,7.78000021,7.73999977
United States,1989-12-01,7.90500021,7.76,7.91900015,7.8579998
United States,1990-01-01,8.51099968,8.08,8.29800034,8.3920002
United States,1990-02-01,8.41899967,8.12,8.34399986,8.59599972
United States,1990-03-01,8.62100029,8.35,8.61900043,
United States,1990-04-01,9.07199955,8.58,9.03199959,9.07400036
United States,1990-05-01,8.64099979,8.22,8.5,8.57499981
United States,1990-06-01,8.45600033,8.05,8.3579998,8.39400005
United States,1990-07-01,8.35099983,7.72,8.12100029,8.14599991
United States,1990-08-01,8.85900021,7.76,8.19099998,8.63899994
United States,1990-09-01,8.88199997,7.69,,
United States,1990-10-01,8.69799995,7.43,7.80700016,8.26099968
United States,1990-11-01,8.34500027,7.31,7.55000019,7.92700005
United States,1990-12-01,8.125,6.82,7.34399986,7.77299976
United States,1991-01-01,8.04399967,6.51,7.07700014,7.63700008
United States,1991-02-01,7.9749999,6.41,7.00500011,7.62200022
United States,1991-03-01,8.06400013,6.28,7.02299976,7.7420001
United States,1991-04-01,8.06999969,6.06,6.88100004,7.69399977
United States,1991-05-01,8.02200031,6.16,6.61399984,7.625
United States,1991-06-01,8.30599976,6.32,6.9749999,7.95200014
United States,1991-07-01,8.18500042,6.19,6.82399988,7.79799986
United States,1991-08-01,7.7420001,5.72,6.25699997,7.24300003
United States,1991-09-01,7.54199982,5.42,6.04099989,7.01499987
United States,1991-10-01,7.46299982,5.1,5.71500015,6.76300001
United States,1991-11-01,7.41400003,4.69,5.43300009,6.53700018
United States,1991-12-01,6.7329998,4.12,4.76800013,5.93499994
United States,1992-01-01,7.30299997,4.23,5.17500019,6.47200012
United States,1992-02-01,7.329,4.35,5.33300018,6.65700006
United States,1992-03-01,7.5170002,4.54,5.60400009,6.92399979
United States,1992-04-01,7.58400011,4.4,5.3920002,6.88199997
United States,1992-05-01,7.35599995,4.24,5.20800018,6.65700006
United States,1992-06-01,7.10599995,4.05,4.81400013,6.27899981
United States,1992-07-01,6.65799999,3.62,4.31599998,5.71799994
United States,1992-08-01,6.61499977,3.47,4.1880002,5.61399984
United States,1992-09-01,6.36499977,3.06,3.78699994,5.3130002
United States,1992-10-01,6.67199993,3.54,4.33300018,5.79400015
United States,1992-11-01,6.83199978,3.83,4.70800018,6.12099981
United States,1992-12-01,6.66499996,3.61,4.46000004,5.98899984
United States,1993-01-01,6.39599991,3.39,4.15899992,5.57399988
United States,1993-02-01,6.03000021,3.32,3.95700002,5.23999977
United States,1993-03-01,6.01100016,3.32,3.90799999,5.21099997
United States,1993-04-01,5.96299982,3.26,3.77699995,5.08199978
United States,1993-05-01,6.08900023,3.62,4.23600006,5.34600019
United States,1993-06-01,5.76599979,3.45,4.01000023,5.04500008
United States,1993-07-01,5.78700018,3.53,4.11399984,5.12099981
United States,1993-08-01,5.43400002,3.38,3.84200001,4.78700018
United States,1993-09-01,5.34600019,3.39,3.84200001,4.73600006
United States,1993-10-01,5.46199989,3.47,3.95700002,4.80299997
United States,1993-11-01,5.73999977,3.65,4.16800022,5.03900003
United States,1993-12-01,5.78700018,3.63,4.2420001,5.11100006
United States,1994-01-01,5.67500019,3.53,4.11499977,5.03599977
United States,1994-02-01,6.20599985,4.03,4.72399998,5.6420002
United States,1994-03-01,6.7670002,4.5,5.17500019,6.24399996
United States,1994-04-01,6.99700022,5.07,5.80800009,6.61299992
United States,1994-05-01,7.09899998,5.38,5.94000006,6.69299984
United States,1994-06-01,7.23000002,5.51,6.10099983,6.86999989
United States,1994-07-01,7.28399992,5.37,6.23500013,6.94099998
United States,1994-08-01,7.19299984,5.56,6.16599989,6.82999992
United States,1994-09-01,7.62200022,5.96,6.58500004,7.27600002
United States,1994-10-01,7.87400007,6.18,6.8920002,7.55299997
United States,1994-11-01,7.93400002,6.91,7.40399981,7.83400011
United States,1994-12-01,7.79899979,7.2,7.67199993,7.81899977
United States,1995-01-01,7.63999987,6.84,7.22700024,7.55200005
United States,1995-02-01,7.21999979,6.44,6.75600004,7.04199982
United States,1995-03-01,7.15999985,6.49,6.74399996,7.03299999
United States,1995-04-01,7.04199982,6.32,6.56699991,6.84700012
United States,1995-05-01,6.28200006,5.8,5.85599995,6.05200005
United States,1995-06-01,6.24599981,5.65,5.86000013,6.04400015
United States,1995-07-01,6.42000008,5.67,5.89099979,6.16200018
United States,1995-08-01,6.32800007,5.65,5.88199997,6.10300016
United States,1995-09-01,6.2670002,5.65,5.91800022,6.09600019
United States,1995-10-01,6.03299999,5.55,5.6079998,5.81599998
United States,1995-11-01,5.829,5.36,5.40799999,5.61600018
United States,1995-12-01,5.62799978,5.18,5.19999981,5.42799997
United States,1996-01-01,5.61800003,4.9,5.0,5.30000019
United States,1996-02-01,6.09399986,5.23,5.375,5.68400002
United States,1996-03-01,6.40100002,5.41,5.87200022,6.19099998
United States,1996-04-01,6.60500002,5.62,5.99300003,6.35400009
United States,1996-05-01,6.79099989,5.77,6.18499994,6.57299995
United States,1996-06-01,6.83400011,5.7,6.2329998,6.60300016
United States,1996-07-01,6.88100004,5.85,6.30100012,6.64699984
United States,1996-08-01,6.85300016,5.91,6.24300003,6.62599993
United States,1996-09-01,6.65999985,5.71,6.05000019,6.42299986
United States,1996-10-01,6.41400003,5.44,5.80800009,6.13999987
United States,1996-11-01,6.12400007,5.38,5.65799999,5.91099977
United States,1996-12-01,6.3039999,5.51,5.80000019,6.09600019
United States,1997-01-01,6.58599997,5.58,6.01000023,6.33900023
United States,1997-02-01,6.55600023,5.67,6.07700014,6.37599993
United States,1997-03-01,6.91099977,6.02,6.45300007,6.78200006
United States,1997-04-01,6.76000023,5.9,6.32399988,6.63199997
United States,1997-05-01,6.74700022,5.78,6.30100012,6.60099983
United States,1997-06-01,6.49399996,5.67,6.05000019,6.36100006
United States,1997-07-01,6.046,5.45,5.7579999,5.94099998
United States,1997-08-01,6.30000019,5.59,5.92600012,6.17600012
United States,1997-09-01,6.09800005,5.47,5.78399992,5.9920001
United States,1997-10-01,5.81899977,5.36,5.59200001,5.69899988
United States,1997-11-01,5.85099983,5.52,5.72599983,5.80100012
United States,1997-12-01,5.79400015,5.51,5.70900011,5.75600004
United States,1998-01-01,5.56599998,5.24,5.34200001,5.42000008
United States,1998-02-01,5.65700006,5.41,5.58400011,5.62400007
United States,1998-03-01,5.71199989,5.41,5.63399982,5.6960001
United States,1998-04-01,5.8119998,5.4,5.70900011,6.03599977
United States,1998-05-01,5.5710001,5.42,5.55000019,5.34899998
United States,1998-06-01,5.45900011,5.38,5.50899982,5.49100018
United States,1998-07-01,5.50299978,5.38,5.4920001,5.50600004
United States,1998-08-01,5.07299995,4.95,4.92600012,4.92700005
United States,1998-09-01,4.5710001,4.41,4.44999981,4.39300013
United States,1998-10-01,4.49900007,4.18,4.0,4.11000013
United States,1998-11-01,4.83199978,4.53,4.65799999,4.63399982
United States,1998-12-01,4.6420002,4.53,4.54199982,4.53000021
United States,1999-01-01,4.66099977,4.51,4.56599998,4.55700016
United States,1999-02-01,5.35300016,4.88,5.21700001,5.29199982
United States,1999-03-01,5.19099998,4.72,4.9749999,5.05600023
United States,1999-04-01,5.21600008,4.78,4.96700001,5.09000015
United States,1999-05-01,5.62799978,4.97,5.41699982,5.59200001
United States,1999-06-01,5.92600012,5.07,5.69999981,5.81500006
United States,1999-07-01,5.87599993,5.13,5.5999999,5.76900005
United States,1999-08-01,5.95699978,5.3,5.73600006,5.85900021
United States,1999-09-01,5.96099997,5.22,5.68900013,5.83400011
United States,1999-10-01,6.11899996,5.43,5.875,6.03499985
United States,1999-11-01,6.20599985,5.7,6.05999994,6.14099979
United States,1999-12-01,6.36800003,5.98,6.15899992,6.25
United States,2000-01-01,6.69899988,6.3,6.52699995,6.67500019
United States,2000-02-01,6.41800022,6.2,6.5170002,6.57600021
United States,2000-03-01,6.04799986,6.28,6.4829998,6.33099985
United States,2000-04-01,6.22700024,6.24,6.6170001,6.51599979
United States,2000-05-01,6.38000011,6.37,6.74399996,6.62900019
United States,2000-06-01,6.03599977,6.08,6.36199999,6.19700003
United States,2000-07-01,6.00400019,6.07,6.2670002,6.13000011
United States,2000-08-01,5.79500008,6.22,6.26399994,6.06799984
United States,2000-09-01,5.82499981,6.07,6.0079999,5.87099981
United States,2000-10-01,5.73600006,6.12,5.98999977,5.83300018
United States,2000-11-01,5.53000021,5.92,5.71600008,5.47300005
United States,2000-12-01,5.12400007,5.32,5.18300009,5.01499987
United States,2001-01-01,5.23099995,4.6,4.69999981,4.89699984
United States,2001-02-01,4.95599985,4.47,4.43499994,4.72900009
United States,2001-03-01,4.99900007,4.09,4.3039999,4.65600014
United States,2001-04-01,5.18599987,3.94,4.26800013,4.71799994
United States,2001-05-01,5.51100016,3.63,4.31599998,5.046
United States,2001-06-01,5.34100008,3.72,4.23799992,4.90999985
United States,2001-07-01,5.07399988,3.53,3.85400009,4.5630002
United States,2001-08-01,4.8119998,3.41,2.5999999,4.38199997
United States,2001-09-01,4.55900002,2.49,2.77800012,3.7420001
United States,2001-10-01,4.41599989,2.07,2.4519999,3.58899999
United States,2001-11-01,4.76499987,2.06,2.86999989,4.0999999
United States,2001-12-01,5.07200003,2.17,3.14599991,4.39300013
United States,2002-01-01,5.01300001,2.29,3.09699988,4.33500004
United States,2002-02-01,4.83300018,2.25,2.93499994,4.12699986
United States,2002-03-01,5.40600014,2.7,3.72199988,4.81599998
United States,2002-04-01,5.11999989,2.35,3.26099992,4.44399977
United States,2002-05-01,5.02600002,2.34,3.15899992,4.329
United States,2002-06-01,4.82299995,2.06,2.81699991,4.0630002
United States,2002-07-01,4.58799982,1.8,2.44300008,3.61400008
United States,2002-08-01,4.1420002,1.74,2.14400005,3.25
United States,2002-09-01,3.77399993,1.53,1.80299997,2.69899988
United States,2002-10-01,3.96300006,1.46,1.75800002,2.80599999
United States,2002-11-01,4.25699997,1.56,2.12599993,3.31599998
United States,2002-12-01,3.79200006,1.32,1.59500003,2.71499991
United States,2003-01-01,3.97099996,1.31,1.745,2.92499995
United States,2003-02-01,3.73900008,1.24,1.58000004,2.73699999
United States,2003-03-01,3.92600012,1.19,1.56099999,2.80299997
United States,2003-04-01,3.93099999,1.22,1.60899997,2.86599994
United States,2003-05-01,3.33699989,1.13,1.28600001,2.25999999
United States,2003-06-01,3.54699993,1.09,1.36300004,2.43300009
United States,2003-07-01,4.30900002,1.28,1.62800002,3.17000008
United States,2003-08-01,4.42000008,1.35,1.93599999,3.40499997
United States,2003-09-01,4.07999992,1.15,1.60899997,2.88100004
United States,2003-10-01,4.34800005,1.31,1.86500001,3.17600012
United States,2003-11-01,4.24900007,1.39,1.97399998,3.15700006
United States,2003-12-01,4.26000023,1.26,1.83700001,3.21600008
United States,2004-01-01,4.18300009,1.28,1.66100001,3.18899989
United States,2004-02-01,4.03999996,1.21,1.56700003,2.95900011
United States,2004-03-01,3.89599991,1.2,1.58800006,2.80699992
United States,2004-04-01,4.53999996,1.55,2.28200006,3.5539999
United States,2004-05-01,4.6079998,1.83,2.46700001,3.73900008
United States,2004-06-01,4.68900013,2.09,2.82299995,3.74499989
United States,2004-07-01,4.579,2.13,2.7579999,3.78999996
United States,2004-08-01,4.23099995,1.99,2.4519999,3.36999989
United States,2004-09-01,4.09000015,2.21,2.5,3.26099992
United States,2004-10-01,4.0539999,2.28,2.5769999,3.30299997
United States,2004-11-01,4.32200003,2.63,3.01699996,3.62299991
United States,2004-12-01,4.25899982,2.75,3.08500004,3.63000011
United States,2005-01-01,4.22800016,2.96,3.3039999,3.74300003
United States,2005-02-01,4.28900003,3.2,3.48699999,3.9059999
United States,2005-03-01,4.55200005,3.35,3.83500004,4.25199986
United States,2005-04-01,4.14799976,3.33,3.56800008,3.81699991
United States,2005-05-01,4.08400011,3.32,3.63499999,3.8210001
United States,2005-06-01,3.98799992,3.45,3.66100001,3.76200008
United States,2005-07-01,4.19299984,3.8,3.95700002,4.04099989
United States,2005-08-01,4.09399986,3.77,3.94700003,3.97000003
United States,2005-09-01,4.3039999,4.01,4.13600016,4.15799999
United States,2005-10-01,4.5539999,4.31,4.35300016,4.42500019
United States,2005-11-01,4.48199987,4.34,4.39799976,4.40199995
United States,2005-12-01,4.36000013,4.38,4.37699986,4.329
United States,2006-01-01,4.53100014,4.58,4.51100016,4.46299982
United States,2006-02-01,4.59399986,4.73,4.73699999,4.65600014
United States,2006-03-01,4.86100006,4.82,4.84499979,4.82999992
United States,2006-04-01,5.07299995,4.9,4.90799999,4.95300007
United States,2006-05-01,5.07800007,5.07,4.9749999,4.9749999
United States,2006-06-01,5.19999981,5.21,5.1960001,5.15700006
United States,2006-07-01,5.03999996,5.11,5.0539999,4.98500013
United States,2006-08-01,4.75299978,5.01,4.8210001,4.71799994
United States,2006-09-01,4.61800003,4.91,4.66599989,4.54500008
United States,2006-10-01,4.67500019,4.99,4.76300001,4.64300013
United States,2006-11-01,4.52400017,4.94,4.69099998,4.52400017
United States,2006-12-01,4.68599987,5.0,4.8039999,4.68400002
United States,2007-01-01,4.875,5.09,4.9749999,4.86600018
United States,2007-02-01,4.51300001,4.96,4.58900023,4.46299982
United States,2007-03-01,4.6420002,4.9,4.59100008,4.53800011
United States,2007-04-01,4.69999981,4.89,4.67399979,4.60500002
United States,2007-05-01,4.86999989,4.95,4.88700008,4.82700014
United States,2007-06-01,5.11000013,4.91,4.94999981,5.01300001
United States,2007-07-01,4.80800009,4.85,4.59200001,4.64099979
United States,2007-08-01,4.51200008,4.19,4.10300016,4.2329998
United States,2007-09-01,4.56899977,4.05,3.94700003,4.21700001
United States,2007-10-01,4.38700008,4.04,3.80900002,4.0539999
United States,2007-11-01,3.9289999,3.26,3.03200006,3.398
United States,2007-12-01,4.20300007,3.34,3.21700001,3.62400007
United States,2008-01-01,3.64700007,2.11,2.16100001,2.82800007
United States,2008-02-01,3.67199993,1.77,1.81599998,2.66799998
United States,2008-03-01,3.52399993,1.55,1.69799995,2.55299997
United States,2008-04-01,3.82500005,1.85,2.36199999,3.12199998
United States,2008-05-01,4.079,2.22,2.69000006,3.43600011
United States,2008-06-01,4.03100014,2.3440001,2.66899991,3.3900001
United States,2008-07-01,4.05000019,2.2809999,2.64100003,3.37299991
United States,2008-08-01,3.78399992,2.15100002,2.37100005,3.05599999
United States,2008-09-01,3.57399988,1.46399999,1.62899995,2.66000009
United States,2008-10-01,3.97199988,1.31500006,1.56799996,2.796
United States,2008-11-01,3.00500011,0.93699998,1.11099994,2.03299999
United States,2008-12-01,2.05599999,0.31200001,0.72500002,1.43700004
United States,2009-01-01,2.86400008,0.48199999,0.97000003,1.90499997
United States,2009-02-01,3.0,0.71200001,1.09300005,2.0769999
United States,2009-03-01,2.72300005,0.57800001,0.85500002,1.73000002
United States,2009-04-01,3.10700011,0.46700001,0.954,2.03200006
United States,2009-05-01,3.61199999,0.458,0.96200001,2.44000006
United States,2009-06-01,3.48099995,0.449,1.10099995,2.51799989
United States,2009-07-01,3.61500001,0.479,1.17400002,2.6329999
United States,2009-08-01,3.45300007,0.44100001,1.04799998,2.48200011
United States,2009-09-01,3.29200006,0.389,1.0,2.34299994
United States,2009-10-01,3.49499989,0.37799999,0.98000002,2.44199991
United States,2009-11-01,3.26799989,0.26100001,0.74199998,2.10899997
United States,2009-12-01,3.79299998,0.41800001,1.08299994,2.61800003
United States,2010-01-01,3.64199996,0.28600001,0.86299998,2.39499998
United States,2010-02-01,3.63199997,0.294,0.82800001,2.32800007
United States,2010-03-01,3.85800004,0.398,1.06299996,2.60100007
United States,2010-04-01,3.73000002,0.38100001,1.00399995,2.48799992
United States,2010-05-01,3.35700011,0.34400001,0.88099998,2.19799995
United States,2010-06-01,2.95300007,0.273,0.60100001,1.76999998
United States,2010-07-01,2.98799992,0.29100001,0.58600003,1.66999996
United States,2010-08-01,2.52999997,0.245,0.50099999,1.38600004
United States,2010-09-01,2.50500011,0.25099999,0.43799999,1.28100002
United States,2010-10-01,2.65899992,0.219,0.36700001,1.24000001
United States,2010-11-01,2.82599998,0.26899999,0.51200002,1.505
United States,2010-12-01,3.3670001,0.27200001,0.64499998,2.06599998
United States,2011-01-01,3.38899994,0.241,0.58600003,1.98800004
United States,2011-02-01,3.45000005,0.23800001,0.73900002,2.1960001
United States,2011-03-01,3.44400001,0.271,0.79699999,2.21399999
United States,2011-04-01,3.31599998,0.197,0.625,2.0
United States,2011-05-01,3.06159997,0.162,0.48800001,1.727
United States,2011-06-01,3.12100005,0.189,0.465,1.69599998
United States,2011-07-01,2.95499992,0.205,0.42199999,1.52900004
United States,2011-08-01,2.17600012,0.091,0.19599999,0.92900002
United States,2011-09-01,2.00200009,0.103,0.26199999,1.00199997
United States,2011-10-01,2.38499999,0.121,0.31299999,1.19500005
United States,2011-11-01,1.98800004,0.113,0.25799999,0.92500001
United States,2011-12-01,1.89900005,0.106,0.271,0.88
United States,2012-01-01,1.84599996,0.116,0.215,0.73500001
United States,2012-02-01,1.94099998,0.161,0.29300001,0.84299999
United States,2012-03-01,2.15899992,0.17200001,0.34,1.01800001
United States,2012-04-01,1.94700003,0.169,0.26199999,0.82999998
United States,2012-05-01,1.61899996,0.177,0.27000001,0.69
United States,2012-06-01,1.58399999,0.207,0.30899999,0.69400001
United States,2012-07-01,1.5,0.169,0.227,0.611
United States,2012-08-01,1.62800002,0.17200001,0.25799999,0.66600001
United States,2012-09-01,1.65600002,0.161,0.25400001,0.64200002
United States,2012-10-01,1.72099996,0.1736,0.2931,0.74199998
United States,2012-11-01,1.62,0.168,0.25799999,0.63099998
United States,2012-12-01,1.73399997,0.1408,0.25040001,0.70859998
United States,2013-01-01,1.99199998,0.13500001,0.27000001,0.87699997
United States,2013-02-01,1.89999998,0.153,0.24600001,0.78200001
United States,2013-03-01,1.852,0.126,0.25,0.76899999
United States,2013-04-01,1.66700006,0.103,0.211,0.676
United States,2013-05-01,2.11899996,0.12899999,0.29699999,1.01300001
United States,2013-06-01,2.47399998,0.15099999,0.359,1.38499999
United States,2013-07-01,2.60599995,0.111,0.31299999,1.38999999
United States,2013-08-01,2.76200008,0.121,0.39899999,1.61099994
United States,2013-09-01,2.59540009,0.0903,0.32449999,1.36360002
United States,2013-10-01,2.53800011,0.101,0.31299999,1.31599998
United States,2013-11-01,2.74810004,0.1203,0.28929999,1.37670004
United States,2013-12-01,2.97199988,0.117,0.38299999,1.70599997
United States,2014-01-01,2.69700003,0.094,0.347,1.51199996
United States,2014-02-01,2.63899994,0.101,0.32499999,1.48199999
United States,2014-03-01,2.72440004,0.1163,0.4614,1.75610006
United States,2014-04-01,2.69700003,0.093,0.43799999,1.74000001
United States,2014-05-01,2.48,0.076,0.37900001,1.53400004
United States,2014-06-01,2.53,0.112,0.45680001,1.63320005
United States,2014-07-01,2.56,0.117,0.55900002,1.77100003
United States,2014-08-01,2.34,0.091,0.50400001,1.63100004
United States,2014-09-01,2.492,0.107,0.57499999,1.75800002
United States,2014-10-01,2.34,0.09,0.477,1.57700002
United States,2014-11-01,2.19,0.12,0.50389999,1.53260005
United States,2014-12-01,2.17,0.2188,0.68800002,1.68200004
United States,2015-01-01,1.64,0.1454,0.51999998,1.27100003
United States,2015-02-01,2.0,0.2,0.65399998,1.53999996
United States,2015-03-01,1.93,0.251,0.583,1.40900004
United States,2015-04-01,2.03,0.23,0.56300002,1.42499995
United States,2015-05-01,2.12,0.25,0.62900001,1.51600003
United States,2015-06-01,2.35,0.2675,0.63700002,1.62300003
United States,2015-07-01,2.18,0.32,0.72799999,1.61699998
United States,2015-08-01,2.22,0.39,0.73930001,1.54279995
United States,2015-09-01,2.04,0.3099,0.653,1.38499999
United States,2015-10-01,2.1441,0.3201,0.72799999,1.52999997
United States,2015-11-01,2.2082,0.4845,0.92640001,1.64460003
United States,2015-12-01,2.27,0.6186,1.07500005,1.79299998
United States,2016-01-01,1.9231,0.4465,0.82499999,1.40100002
United States,2016-02-01,1.7373,0.6029,0.80129999,1.23810005
United States,2016-03-01,1.7708,0.5855,0.76099998,1.26300001
United States,2016-04-01,1.835,0.5599,0.78899997,1.28900003
United States,2016-05-01,1.8485,0.6802,0.93430001,1.40419996
United States,2016-06-01,1.4726,0.4476,0.64099997,1.05900002
United States,2016-07-01,1.4544,0.4986,0.71499997,1.08800006
United States,2016-08-01,1.5826,0.5906,0.80500001,1.17999995
United States,2016-09-01,1.5979,0.6008,0.73799998,1.11500001
United States,2016-10-01,1.8273,0.6529,0.85259998,1.31959999
United States,2016-11-01,2.3846,0.783,1.09099996,1.778
United States,2016-12-01,2.4503,0.8208,1.21800005,1.95899999
United States,2017-01-01,2.4568,0.7696,1.21599996,1.95099998
United States,2017-02-01,2.3935,0.8465,1.20000005,1.86699998
United States,2017-03-01,2.3901,1.0267,1.28600001,1.96599996
United States,2017-04-01,2.2834,1.073,1.26199996,1.824
United States,2017-05-01,2.2058,1.1554,1.28600001,1.75600004
United States,2017-06-01,2.305,1.2301,1.37300003,1.85000002
United States,2017-07-01,2.2969,1.2223,1.34720004,1.829
United States,2017-08-01,2.12,1.2248,1.329,1.72000003
United States,2017-09-01,2.3358,1.2996,1.45500004,1.89300001
United States,2017-10-01,2.3798,1.4313,1.57599998,1.995
United States,2017-11-01,2.4128,1.6202,1.76600003,2.10599995
United States,2017-12-01,2.4099,1.7368,1.91100001,2.23799992
United States,2018-01-01,2.7074,1.9179,2.12800002,2.50900006
United States,2018-02-01,2.8642,2.0643,2.26600003,2.66499996
United States,2018-03-01,2.7389,2.0979,2.26999998,2.56200004
United States,2018-04-01,2.9545,2.2391,2.48370004,2.8039
United States,2018-05-01,2.8608,2.2362,2.41599989,2.68300009
United States,2018-06-01,2.862,2.325,2.51600003,2.71799994
United States,2018-07-01,2.9626,2.4165,2.66499996,2.85100007
United States,2018-08-01,2.8617,2.4604,2.65300012,2.75200009
United States,2018-09-01,3.0635,2.5709,2.83100009,2.95799994
United States,2018-10-01,3.1454,2.6651,2.85100007,2.95099998
United States,2018-11-01,2.991,2.6856,2.80900002,2.84800005
United States,2018-12-01,2.68600011,2.591,2.56699991,2.61999989
United States,2019-01-01,2.63100004,2.55209994,2.45970011,2.4382
United States,2019-02-01,2.71679997,2.54419994,2.51609993,2.51390004
United States,2019-03-01,2.40680003,2.40050006,2.26399994,2.23629999
United States,2019-04-01,2.50359988,2.38190007,2.26810002,2.27990007
United States,2019-05-01,2.13319993,2.2105,1.92610002,1.91760004
United States,2019-06-01,2.00679994,1.94079995,1.75689995,1.76800001
United States,2019-07-01,2.01609993,1.99810004,1.87409997,1.82889998
United States,2019-08-01,1.49940002,1.77320004,1.50800002,1.38820004
United States,2019-09-01,1.66799998,1.76540005,1.62370002,1.54560006
United States,2019-10-01,1.69270003,1.52069998,1.52989995,1.52119994
United States,2019-11-01,1.77400005,1.59850001,1.61179996,1.62419999
United States,2019-12-01,1.91919994,1.579,1.57099998,1.69270003
United States,2020-01-01,1.50510001,1.44879997,1.31719995,1.31500006
United States,2020-02-01,1.154,1.017,0.923,0.937
United States,2020-03-01,0.673,0.175,0.255,0.38
United States,2020-04-01,0.639,0.173,0.198,0.366
United States,2020-05-01,0.656,0.175,0.164,0.305
United States,2020-06-01,0.658,0.16,0.154,0.289
United States,2020-07-01,0.533,0.119,0.109,0.208
United States,2020-08-01,0.706,0.124,0.135,0.27
United States,2020-09-01,0.684,0.122,0.131,0.28
United States,2020-10-01,0.875,0.127,0.156,0.388
United States,2020-11-01,0.842,0.112,0.15,0.362
United States,2020-12-01,0.918,0.112,0.123,0.361
United States,2021-01-01,1.065,0.084,0.113,0.422
United States,2021-02-01,1.408,0.076,0.133,0.733
United States,2021-03-01,1.7422,0.0609,0.1518,0.9457
United States,2021-04-01,1.6259,0.0558,0.1643,0.8573
United States,2021-05-01,1.602811,0.040567,0.148513,0.804335
United States,2021-06-01,1.471,0.071,0.251,0.893
United States,2021-07-01,1.226,0.066,0.188,0.692
United States,2021-08-01,1.312,0.071,0.211,0.779
United States,2021-09-01,1.489,0.079,0.279,0.968
United States,2021-10-01,1.557,0.127,0.503,1.185
United States,2021-11-01,1.449,0.226,0.571,1.163
United States,2021-12-01,1.514,0.389,0.736,1.265
United States,2022-01-01,1.78,0.785,1.183,1.613
United States,2022-02-01,1.827,1.001,1.436,1.721
United States,2022-03-01,2.342,1.618,2.339,2.465
United States,2022-04-01,2.939,2.092,2.721,2.96
United States,2022-05-01,2.848,2.068,2.563,2.821
United States,2022-06-01,3.017,2.806,2.957,3.04
United States,2022-07-01,2.654,2.974,2.888,2.681
United States,2022-08-01,3.196,3.528,3.495,3.356
United States,2022-09-01,3.833,4.029,4.283,4.095
United States,2022-10-01,4.052,4.675,4.487,4.23
United States,2022-11-01,3.611,4.732,4.314,3.74
United States,2022-12-01,3.88,4.722,4.428,4.0
United States,2023-01-01,3.512,4.689,4.203,3.619
United States,2023-02-01,3.924,5.029001,4.82,4.187
United States,2023-03-01,3.471,4.629,4.029,3.58
United States,2023-04-01,3.428,4.77,4.008,3.486
United States,2023-05-01,3.646,5.186,4.407,3.758
United States,2023-06-01,3.843,5.425,4.9,4.159
United States,2023-07-01,3.965,5.394001,4.879,4.179
United States,2023-08-01,4.11,5.397999,4.867,4.258
United States,2023-09-01,4.575,5.47,5.046,4.613
United States,2023-10-01,4.933,5.469,5.092,4.855
United States,2023-11-01,4.328,5.15,4.684,4.27
United States,2023-12-01,3.866,4.784,4.25,3.84
United States,2024-01-01,3.916,4.729,4.211,3.835
United States,2024-02-01,4.252,5.009,4.621,4.248
United States,2024-03-01,4.206225,5.034659,4.63242,4.219492
United States,2024-04-01,4.684,5.249,5.037,4.717
United States,2024-05-01,4.502,5.189,4.879,4.509
United States,2024-06-01,4.304,5.115001,4.72,4.31
