date,country,Nominal_house_price,Price_to_income_ratio,Price_to_rent_ratio,Real_house_price,Rent_price
2000-01-01,Australia,32.90620138,67.63535963,57.53463592,47.9621866,57.197302
2000-01-01,Austria,59.00655358,83.55307026,96.18696936,79.14931095,61.35934714
2000-01-01,Belgium,49.50020882,68.36392414,65.95171608,65.83320767,75.05685585
2000-01-01,Bulgaria,,,,,50.82182854
2000-01-01,Canada,39.08182504,65.3042305,48.22607094,49.25976477,81.0417976
2000-01-01,Chile,,,,,60.91160135
2000-01-01,Colombia,28.75804257,91.85905888,49.86654575,60.79768078,57.67685431
2000-01-01,Costa Rica,,,,,42.78467238
2000-01-01,Croatia,,,,,48.0963857
2000-01-01,Czech Republic,,,,,46.66614834
2000-01-01,Denmark,52.44827373,85.03260152,76.48255763,67.95214914,68.57837008
2000-01-01,Estonia,,,,,43.39248792
2000-01-01,Finland,59.11377572,93.28170779,84.39915805,78.12984482,70.03815264
2000-01-01,France,47.8,66.63921657,64.8456444,58.54166029,73.71329175
2000-01-01,Germany,84.34587631,113.6862681,100.7893164,103.2083023,83.68777696
2000-01-01,Greece,83.81876468,98.40371896,104.8509746,104.8325203,79.94525596
2000-01-01,Hungary,,,,,39.0024167
2000-01-01,Iceland,,,,,29.96256788
2000-01-01,Ireland,73.97428569,118.8180611,140.6219799,89.55388404,52.60665376
2000-01-01,Israel,52.86888662,97.25744074,71.26366219,68.87242347,74.1924831
2000-01-01,Italy,67.74636054,83.77509735,91.68865213,91.4886957,73.88736584
2000-01-01,Japan,138.5378844,132.1191674,132.5122309,128.1855504,104.5470204
2000-01-01,"Korea, Republic of",52.21880523,112.1768193,76.70343477,75.78619883,68.08047257
2000-01-01,Latvia,,,,,49.73557871
2000-01-01,Lithuania,,,,,36.16786899
2000-01-01,Luxembourg,,,,,72.8864158
2000-01-01,Mexico,,,,,59.57848513
2000-01-01,Netherlands,75.82076704,107.7320053,113.8984774,98.31598569,66.5712539
2000-01-01,New Zealand,34.42597333,61.92125859,42.80951674,45.18398821,80.43153704
2000-01-01,Norway,39.08570576,75.5649287,60.24812962,51.98844076,64.87651272
2000-01-01,Poland,,,,,50.07384414
2000-01-01,Portugal,97.17047891,132.8272958,140.1659832,135.7887842,69.32802226
2000-01-01,Slovakia,,,,,35.35724941
2000-01-01,Slovenia,,,,,54.08674327
2000-01-01,South Africa,22.38245183,77.93695007,,55.75603569,
2000-01-01,Spain,56.20351097,80.50518278,83.2697312,79.4252529,67.49441833
2000-01-01,Sweden,34.08582646,62.41626513,47.08630549,41.7039121,72.39843608
2000-01-01,Switzerland,62.05088041,75.05689732,77.17562617,64.61244395,80.40201261
2000-01-01,Türkiye,,,,,10.39276111
2000-01-01,United Kingdom,43.58779698,69.64912442,65.17874628,56.47812438,66.88111463
2000-01-01,United States,63.841973,105.5248013,95.55494626,84.84663619,66.81467823
2000-04-01,Australia,33.54548741,70.23019393,58.18419723,48.51067614,57.65755492
2000-04-01,Austria,59.38831752,83.4613139,96.22205443,79.14673993,61.73381534
2000-04-01,Belgium,49.85464291,67.90150109,66.15090662,65.56661432,75.36665604
2000-04-01,Bulgaria,,,,,52.48555202
2000-04-01,Canada,39.48152338,65.16974551,48.55538447,49.50336275,81.31536471
2000-04-01,Chile,,,,,61.41439959
2000-04-01,Colombia,28.8328544,91.8949969,49.55417504,59.03166294,58.19141499
2000-04-01,Costa Rica,,,,,43.59905615
2000-04-01,Croatia,,,,,48.56861494
2000-04-01,Czech Republic,,,,,47.48567926
2000-04-01,Denmark,53.58543789,85.6866651,77.73241535,69.18546438,68.93868332
2000-04-01,Estonia,,,,,44.07524655
2000-04-01,Finland,59.58145954,98.30558604,83.36167378,78.23558023,71.47082722
2000-04-01,France,48.6,66.74920438,65.80271059,59.21154632,73.85692207
2000-04-01,Germany,83.58587469,112.3841824,99.56137943,102.2690592,83.95656528
2000-04-01,Greece,85.97416595,100.1416894,106.4961099,108.0844055,80.73431047
2000-04-01,Hungary,,,,,40.61382864
2000-04-01,Iceland,34.09846832,,110.0909743,75.151266,30.97595896
2000-04-01,Ireland,77.7893196,118.5838127,138.5215009,92.70324551,56.15855056
2000-04-01,Israel,53.52795534,97.42620956,72.1779989,69.45662243,74.16580171
2000-04-01,Italy,69.27994202,84.63876386,93.37553233,92.75466361,74.19492976
2000-04-01,Japan,137.1561736,131.9625669,131.2303094,127.3791364,104.5153989
2000-04-01,"Korea, Republic of",52.47347932,111.5964401,76.83039607,76.88764919,68.29945408
2000-04-01,Latvia,,,,,50.12028801
2000-04-01,Lithuania,,,,,35.23965776
2000-04-01,Luxembourg,,,,,73.54093992
2000-04-01,Mexico,,,,,60.53791734
2000-04-01,Netherlands,78.73865258,109.3871978,117.4200355,101.7572298,67.05979987
2000-04-01,New Zealand,34.48776935,61.47603618,42.84396791,44.98006481,80.5111232
2000-04-01,Norway,40.41181243,77.46366518,61.84891173,53.97373978,65.34154126
2000-04-01,Poland,,,,,52.3806136
2000-04-01,Portugal,99.27005777,134.7011538,142.2908133,136.6849647,69.76835908
2000-04-01,Slovakia,,,,,37.75286347
2000-04-01,Slovenia,,,,,55.90155541
2000-04-01,South Africa,23.3599416,79.71825286,,56.66187374,
2000-04-01,Spain,56.50135574,79.31599983,82.93881147,78.82854492,68.12282296
2000-04-01,Sweden,35.31900829,63.37774386,48.72799738,43.04614877,72.49030214
2000-04-01,Switzerland,62.21128545,74.53345615,76.97134089,64.79025021,80.82379843
2000-04-01,Türkiye,,,,,11.45934744
2000-04-01,United Kingdom,45.15642331,71.60275573,67.07992418,58.59670799,67.32425527
2000-04-01,United States,64.9126293,105.8648288,96.38189165,85.85958228,67.35231204
2000-07-01,Australia,33.62349331,64.5485554,57.83254037,47.45693886,58.14303858
2000-07-01,Austria,57.42028484,80.20503106,93.12880173,76.10657637,61.67058236
2000-07-01,Belgium,49.95968749,67.15805909,65.98869271,65.11792957,75.71111212
2000-07-01,Bulgaria,,,,,53.58761329
2000-07-01,Canada,39.9566365,64.71618601,48.98710604,49.70180415,81.56864518
2000-07-01,Chile,,,,,62.00089499
2000-07-01,Colombia,28.49098561,90.08279817,48.72789899,57.60861776,58.47649269
2000-07-01,Costa Rica,,,,,44.32876641
2000-07-01,Croatia,,,,,49.30098613
2000-07-01,Czech Republic,,,,,47.32058735
2000-07-01,Denmark,54.65762367,86.11368909,78.70556292,70.08665516,69.44862948
2000-07-01,Estonia,,,,,44.8842545
2000-07-01,Finland,58.537038,94.99267925,80.21766807,76.10214258,72.97007747
2000-07-01,France,49.6,67.51490873,67.00727658,59.93977618,74.02159327
2000-07-01,Germany,84.42234408,113.341411,100.4202382,102.6792464,84.07150774
2000-07-01,Greece,88.8316115,102.3703642,108.8426467,110.3547405,81.61920493
2000-07-01,Hungary,,,,,42.66611534
2000-07-01,Iceland,34.58940298,,109.7831402,75.30619102,31.51004485
2000-07-01,Ireland,81.04328161,118.1513694,131.6802967,95.06009699,61.54734565
2000-07-01,Israel,52.45024277,94.45761159,70.99496992,68.22564972,73.88355802
2000-07-01,Italy,70.91894759,85.58823506,94.84223194,94.18528759,74.77567113
2000-07-01,Japan,135.7411867,131.6981083,129.8041823,126.3307068,104.5735931
2000-07-01,"Korea, Republic of",52.34249291,110.149153,76.25347186,75.04390089,68.64441743
2000-07-01,Latvia,,,,,50.29490387
2000-07-01,Lithuania,,,,,35.02683084
2000-07-01,Luxembourg,,,,,74.18022513
2000-07-01,Mexico,,,,,61.38101453
2000-07-01,Netherlands,81.630166,110.6432198,121.3939122,105.1745402,67.24658799
2000-07-01,New Zealand,34.33943122,60.20233421,43.1280528,44.25679903,79.63678381
2000-07-01,Norway,40.4304446,77.32441228,61.16398227,53.6485763,66.10371563
2000-07-01,Poland,,,,,54.70403646
2000-07-01,Portugal,100.9530382,134.2550801,143.8664792,137.4041822,70.17410363
2000-07-01,Slovakia,,,,,38.9537622
2000-07-01,Slovenia,,,,,57.31489995
2000-07-01,South Africa,22.90694273,76.72474884,,55.27254345,
2000-07-01,Spain,57.35254159,78.99575576,83.34502036,79.1382809,68.81206436
2000-07-01,Sweden,36.28130474,63.72331934,49.82312666,44.10939997,72.82858813
2000-07-01,Switzerland,62.83386171,74.5536332,77.44130575,65.21345298,81.13723783
2000-07-01,Türkiye,,,,,12.62402529
2000-07-01,United Kingdom,45.47191162,70.71844311,66.89459255,58.92126662,67.98244575
2000-07-01,United States,65.93653206,105.8658381,97.06558943,86.65419726,67.93280684
2000-10-01,Australia,34.30750897,67.79446996,58.6975926,48.28478663,58.45155343
2000-10-01,Austria,58.52028709,81.37308345,94.18275624,77.51466537,62.14866071
2000-10-01,Belgium,51.14352064,67.98540346,67.26773315,66.35383366,76.03144866
2000-10-01,Bulgaria,,,,,54.83363271
2000-10-01,Canada,40.3959276,64.29222863,49.35350554,49.89520801,81.85320509
2000-10-01,Chile,,,,,62.49282349
2000-10-01,Colombia,27.81411741,86.75394718,47.40416042,55.6483491,58.68138478
2000-10-01,Costa Rica,,,,,45.36816425
2000-10-01,Croatia,,,,,49.6657163
2000-10-01,Czech Republic,,,,,48.32759454
2000-10-01,Denmark,55.74631232,86.52606581,79.68439331,70.9455661,69.96184213
2000-10-01,Estonia,,,,,45.34309104
2000-10-01,Finland,57.89821545,96.29752725,78.08695947,74.75368957,74.14310376
2000-10-01,France,50.4,66.12020469,67.97866782,60.44021115,74.14068706
2000-10-01,Germany,85.13074862,114.435341,100.9184421,102.8214746,84.35845002
2000-10-01,Greece,91.93768252,104.5913179,111.4587695,115.4480743,82.49036427
2000-10-01,Hungary,,,,,43.96335272
2000-10-01,Iceland,35.31497466,,110.0310265,75.89500294,32.09854441
2000-10-01,Ireland,85.09105247,118.6169667,125.7734065,98.59916511,67.65628977
2000-10-01,Israel,51.68391526,92.09964796,69.80914201,67.28583425,74.04077976
2000-10-01,Italy,72.10766772,85.99074157,95.99763314,95.10698745,75.11397175
2000-10-01,Japan,134.3184533,130.4233169,128.3628475,125.4458747,104.6394418
2000-10-01,"Korea, Republic of",52.28788823,108.6953279,75.52733682,73.91233513,69.23207905
2000-10-01,Latvia,,,,,50.41137944
2000-10-01,Lithuania,,,,,34.45237775
2000-10-01,Luxembourg,,,,,74.67720137
2000-10-01,Mexico,,,,,62.23347254
2000-10-01,Netherlands,84.06379392,111.3271448,124.0614796,107.5212257,67.76235824
2000-10-01,New Zealand,34.25248234,58.99476786,42.9845415,43.62424068,79.70034802
2000-10-01,Norway,41.07203721,78.62462931,61.48676556,54.1560905,66.80019107
2000-10-01,Poland,,,,,56.82154115
2000-10-01,Portugal,103.5692148,136.4964883,146.706904,139.7995348,70.59878503
2000-10-01,Romania,,,,,18.9020409
2000-10-01,Slovakia,,,,,40.50175493
2000-10-01,Slovenia,,,,,58.9353052
2000-10-01,South Africa,22.66294334,74.4549313,,54.08676948,
2000-10-01,Spain,58.8967859,79.75081674,84.76044849,80.22667187,69.48481804
2000-10-01,Sweden,37.15169019,63.90887,50.75763569,45.10769143,73.20271092
2000-10-01,Switzerland,62.72997243,73.86389923,76.43356953,64.89547544,82.07106869
2000-10-01,Türkiye,,,,,13.72662042
2000-10-01,United Kingdom,47.46223564,72.74612378,69.25006028,61.56390228,68.54450128
2000-10-01,United States,67.08199404,106.7622414,97.88634055,87.6621566,68.53345467
2001-01-01,Australia,35.23189203,67.90294033,59.69974845,49.16233302,59.01883422
2001-01-01,Austria,59.72993018,82.88469862,94.95264114,78.20883453,62.91898091
2001-01-01,Belgium,51.72317566,67.20604601,67.70084504,67.0505721,76.40126142
2001-01-01,Bulgaria,,,,,57.13669923
2001-01-01,Canada,40.84464555,64.1158669,49.69584591,50.39129128,82.19230391
2001-01-01,Chile,,,,,62.81845651
2001-01-01,Colombia,29.8749239,91.14553931,50.76727224,58.14161795,58.85379984
2001-01-01,Costa Rica,,,,,46.34517217
2001-01-01,Croatia,,,,,49.45022721
2001-01-01,Czech Republic,,,,,49.45375734
2001-01-01,Denmark,56.66004099,86.50028509,80.42655029,71.82795773,70.45240229
2001-01-01,Estonia,,,,,47.6315686
2001-01-01,Finland,57.74464446,93.00947355,77.15327138,74.40382994,74.84132427
2001-01-01,France,51.5,67.93514027,69.6996152,61.6606414,73.88828186
2001-01-01,Germany,84.91814821,109.5323832,100.4079102,102.0757734,84.57563429
2001-01-01,Greece,95.50725931,106.9773736,114.9141445,120.0715102,83.11641593
2001-01-01,Hungary,,,,,46.0154029
2001-01-01,Iceland,35.74755447,,109.5713753,75.43882697,32.62802816
2001-01-01,Ireland,88.13579267,120.4327715,123.1230768,102.2297671,71.58564806
2001-01-01,Israel,51.07332652,88.99011551,68.03895987,66.56577689,75.06964429
2001-01-01,Italy,73.42005712,86.32990699,97.10408305,96.57955702,75.6096155
2001-01-01,Japan,132.8610782,129.578608,127.0036317,124.0463362,104.6118078
2001-01-01,"Korea, Republic of",52.32608157,107.1977261,74.94157096,72.84020572,69.82418318
2001-01-01,Latvia,,,,,51.43129775
2001-01-01,Lithuania,,,,,33.87367512
2001-01-01,Luxembourg,,,,,75.25543685
2001-01-01,Mexico,,,,,63.08989349
2001-01-01,Netherlands,86.01566248,109.636116,126.0330874,108.5110266,68.25106698
2001-01-01,New Zealand,34.41462267,57.56767527,47.32813033,44.09961458,72.72841608
2001-01-01,Norway,41.74319987,80.64755299,61.87235786,54.28265803,67.46867461
2001-01-01,Poland,,,,,58.63841109
2001-01-01,Portugal,104.6491803,137.5128918,147.0050064,139.6057888,71.19029647
2001-01-01,Romania,,,,,19.70694961
2001-01-01,Russian Federation,17.00485268,,,71.29240793,
2001-01-01,Slovakia,,,,,43.15399849
2001-01-01,Slovenia,,,,,61.20575421
2001-01-01,South Africa,22.99194252,74.89817734,,52.63900719,
2001-01-01,Spain,60.44831358,79.76803666,86.0876541,81.90166334,70.21580691
2001-01-01,Sweden,38.19917785,63.9152393,51.94518476,46.11683791,73.54593827
2001-01-01,Switzerland,63.1084796,72.60450916,76.28140651,65.28143605,82.73097817
2001-01-01,Türkiye,,,,,15.07496322
2001-01-01,United Kingdom,47.99401797,72.29507729,69.46782288,61.56479096,69.09522048
2001-01-01,United States,68.32563848,107.288572,98.87320616,88.62873325,69.10728561
2001-04-01,Australia,36.3587474,68.66110828,61.1300694,50.35935711,59.48140052
2001-04-01,Austria,58.33413153,80.77441454,91.87534514,75.79426009,63.50683582
2001-04-01,Belgium,52.37966543,67.7603235,68.21528252,66.96122785,76.78749058
2001-04-01,Bulgaria,,,,,58.33386625
2001-04-01,Canada,41.20098039,66.37034786,49.92209996,50.23519228,82.53360496
2001-04-01,Chile,,,,,63.02415315
2001-04-01,Colombia,29.21680564,87.29818814,49.5340226,55.10225463,58.99030789
2001-04-01,Costa Rica,,,,,46.96270001
2001-04-01,Croatia,,,,,49.60354282
2001-04-01,Czech Republic,,,,,50.19426599
2001-04-01,Denmark,57.0427448,85.98614485,80.48275002,71.73956875,70.87873704
2001-04-01,Estonia,,,,,49.18859076
2001-04-01,Finland,57.79303231,88.10002321,77.00738855,73.55477576,75.04593673
2001-04-01,France,52.6,69.03361313,71.06730411,62.45622935,74.01412724
2001-04-01,Germany,84.52554296,109.0412648,99.71791603,100.9720565,84.76712469
2001-04-01,Greece,98.88364689,109.1501812,117.9080723,122.9087065,83.86965356
2001-04-01,Hungary,,,,,47.78891826
2001-04-01,Iceland,36.40720306,,110.2191795,74.60906737,33.03480494
2001-04-01,Ireland,89.24816783,118.7559645,122.6864361,102.4578375,72.74713002
2001-04-01,Israel,50.44483983,87.74343215,66.52465736,65.04032181,75.83365344
2001-04-01,Italy,74.87426178,87.1396565,98.75020761,97.36748976,75.82184347
2001-04-01,Japan,131.2644194,132.0957728,125.8291133,123.5340773,104.3193711
2001-04-01,"Korea, Republic of",53.28375107,107.2683848,75.19825865,73.96914616,70.85939658
2001-04-01,Latvia,,,,,51.66639552
2001-04-01,Lithuania,,,,,33.57757806
2001-04-01,Luxembourg,,,,,75.87302321
2001-04-01,Mexico,,,,,63.93631309
2001-04-01,Netherlands,88.27416769,111.2303728,128.4245524,110.5201781,68.73881683
2001-04-01,New Zealand,34.74415932,57.90039064,47.78955534,44.14701606,72.71588325
2001-04-01,Norway,42.45177275,81.57660578,62.5238789,54.76323338,67.89894487
2001-04-01,Poland,,,,,60.10228541
2001-04-01,Portugal,105.705044,135.8957951,147.5217422,139.9580666,71.65669515
2001-04-01,Romania,,,,,20.72836895
2001-04-01,Russian Federation,17.99330543,,,71.04832603,
2001-04-01,Slovakia,,,,,46.36144615
2001-04-01,Slovenia,,,,,62.44141075
2001-04-01,South Africa,23.45994135,74.48238088,,52.23153617,
2001-04-01,Spain,61.57497259,80.34669382,86.6702678,82.63965962,71.04371511
2001-04-01,Sweden,38.32116959,63.17449583,51.89034812,45.63182427,73.85878239
2001-04-01,Switzerland,62.71566366,72.29469819,75.33039806,64.74002947,83.25395886
2001-04-01,Türkiye,,,,,16.77328848
2001-04-01,United Kingdom,48.79252539,73.94963488,69.90670397,62.52465407,69.8037985
2001-04-01,United States,69.42902227,108.8432981,99.39838335,89.63926289,69.85226326
2001-07-01,Australia,38.31828123,70.82335871,64.00199102,52.94617143,59.87419641
2001-07-01,Austria,59.831443,82.68876754,93.62718232,77.70373583,63.9181572
2001-07-01,Belgium,52.83300893,68.22950783,68.47018231,67.38409186,77.16374517
2001-07-01,Bulgaria,,,,,59.35111866
2001-07-01,Canada,41.87594268,66.13365564,50.48710103,51.01316052,82.94692158
2001-07-01,Chile,,,,,63.24445288
2001-07-01,Colombia,29.70448369,86.91547031,49.95388508,55.64011686,59.47086661
2001-07-01,Costa Rica,,,,,47.93075518
2001-07-01,Croatia,,,,,49.53171457
2001-07-01,Czech Republic,,,,,50.55137717
2001-07-01,Denmark,57.57559012,85.80666487,80.61088761,72.03402501,71.42710657
2001-07-01,Estonia,,,,,49.25538496
2001-07-01,Finland,57.85295936,90.24269585,77.17422142,73.20869412,74.96135353
2001-07-01,France,53.4,68.89575676,71.9223418,63.29464258,74.24652923
2001-07-01,Germany,84.47370335,108.7147262,99.23642201,100.5421706,85.12617382
2001-07-01,Greece,102.0583498,111.0073538,120.3450023,122.4256009,84.80947906
2001-07-01,Hungary,,,,,49.69098684
2001-07-01,Iceland,36.66010564,,108.980642,73.33380825,33.64232132
2001-07-01,Ireland,90.95874719,117.5004041,124.7491892,102.7640292,72.91549765
2001-07-01,Israel,50.82762293,88.2431439,65.56030896,65.20540568,77.53301746
2001-07-01,Italy,76.42956534,88.12128536,99.97385463,99.01484485,76.4495187
2001-07-01,Japan,129.6449481,130.6746284,124.3335639,122.4369931,104.2716607
2001-07-01,"Korea, Republic of",55.2227826,109.0483955,76.84504499,75.95725081,71.86424379
2001-07-01,Latvia,,,,,51.36820431
2001-07-01,Lithuania,,,,,33.17983056
2001-07-01,Luxembourg,,,,,76.31226575
2001-07-01,Mexico,,,,,64.87354267
2001-07-01,Netherlands,90.0274723,112.7587884,130.2717298,112.4384734,69.1100741
2001-07-01,New Zealand,35.1689246,58.68926608,48.80006895,44.46874557,72.08072039
2001-07-01,Norway,43.69251381,83.03503695,63.81298532,56.80560919,68.47169484
2001-07-01,Poland,,,,,61.53201382
2001-07-01,Portugal,106.1035269,135.6110876,147.1770369,139.5529899,72.09528465
2001-07-01,Romania,,,,,21.77640428
2001-07-01,Russian Federation,19.12353275,,,72.69620865,
2001-07-01,Slovakia,,,,,47.98694182
2001-07-01,Slovenia,,,,,64.15233946
2001-07-01,South Africa,24.20993948,74.80439772,,56.41119934,
2001-07-01,Spain,63.13940448,81.615314,87.97949144,84.14496562,71.76465634
2001-07-01,Sweden,38.70189027,63.04878116,52.2604443,46.13233256,74.06432209
2001-07-01,Switzerland,62.67624451,72.671754,75.0185797,64.76428724,83.54746222
2001-07-01,Türkiye,,,,,18.39404857
2001-07-01,United Kingdom,50.07995173,75.55032047,71.2629175,64.09980563,70.28212576
2001-07-01,United States,70.4856525,108.1193322,99.90631779,90.9573739,70.55479357
2001-10-01,Australia,39.56512854,70.5671782,65.64354304,54.1336636,60.27645868
2001-10-01,Austria,58.4317896,80.55078429,91.97577525,75.56787365,63.54369319
2001-10-01,Belgium,53.23242346,68.72167473,68.5543753,67.92333863,77.65161593
2001-10-01,Bulgaria,,,,,61.48089009
2001-10-01,Canada,42.62066365,66.62008231,51.12572431,51.98407676,83.36751265
2001-10-01,Chile,,,,,63.48704317
2001-10-01,Colombia,30.57078678,87.80111414,51.10403932,56.62734604,59.82778396
2001-10-01,Costa Rica,,,,,49.10261934
2001-10-01,Croatia,,,,,49.92619447
2001-10-01,Czech Republic,,,,,51.40060959
2001-10-01,Denmark,57.80699013,85.2617996,80.30796005,72.09318046,71.9846879
2001-10-01,Estonia,,,,,49.10069569
2001-10-01,Finland,58.39142753,91.03646715,78.85178084,73.70089212,74.04942384
2001-10-01,France,54.4,69.58579249,72.8501975,64.55208857,74.67356499
2001-10-01,Germany,83.76744969,106.9788803,98.10522996,99.23567188,85.38779721
2001-10-01,Greece,104.5991054,112.0767473,121.8500233,128.6931053,85.84722612
2001-10-01,Hungary,,,,,51.61856249
2001-10-01,Iceland,37.00550138,,108.9329633,72.5166806,33.97414837
2001-10-01,Ireland,88.93930782,114.2216568,128.0065048,100.3932771,69.48240012
2001-10-01,Israel,50.84721072,88.0996346,65.10637744,65.70494619,78.10367715
2001-10-01,Italy,78.29574788,89.50515749,101.9337288,101.1258331,76.81040744
2001-10-01,Japan,127.9347099,130.9262893,122.7313287,121.5086727,104.2394299
2001-10-01,"Korea, Republic of",56.74898994,109.8922491,77.84390474,77.88979285,72.90275931
2001-10-01,Latvia,,,,,51.45083271
2001-10-01,Lithuania,,,,,32.40616297
2001-10-01,Luxembourg,,,,,76.73231153
2001-10-01,Mexico,,,,,65.92374853
2001-10-01,Netherlands,91.453007,114.2639451,131.3651572,112.8152768,69.6200421
2001-10-01,New Zealand,35.74594322,59.72460368,49.32806754,44.95530278,72.47915554
2001-10-01,Norway,44.21251357,81.35702337,63.69325712,57.75596524,69.41684257
2001-10-01,Poland,,,,,62.80860575
2001-10-01,Portugal,106.2335953,134.440175,146.4322337,139.0952989,72.55081373
2001-10-01,Romania,,,,,23.19565556
2001-10-01,Russian Federation,20.67130915,,,76.6534178,
2001-10-01,Slovakia,,,,,49.78970354
2001-10-01,Slovenia,,,,,65.56257048
2001-10-01,South Africa,25.09393727,75.54382852,,57.17136066,
2001-10-01,Spain,65.5440405,83.95510791,90.37970245,87.12442406,72.51934591
2001-10-01,Sweden,38.89583921,62.7507088,52.30571221,46.00475193,74.37106465
2001-10-01,Switzerland,63.56361223,74.25430589,75.86385579,66.02625261,83.78625742
2001-10-01,Türkiye,,,,,20.04053303
2001-10-01,United Kingdom,49.60572166,74.44096696,70.22163985,64.2550068,70.64889776
2001-10-01,United States,71.59371165,111.848939,100.475859,92.34994872,71.25771701
2002-01-01,Australia,41.38579239,74.15839595,68.22884804,56.28954107,60.66111624
2002-01-01,Austria,58.92604295,80.97814584,93.33828091,76.54158822,63.14576108
2002-01-01,Belgium,54.18693668,69.8288121,69.28332115,68.83385649,78.21235077
2002-01-01,Bulgaria,,,,,64.1548942
2002-01-01,Canada,43.34087481,66.6720008,51.7594886,52.6806649,83.73823571
2002-01-01,Chile,32.7945468,89.5713448,51.57901889,54.0627512,63.60362771
2002-01-01,Colombia,29.54216734,83.62869027,49.05075152,53.82483016,60.23490332
2002-01-01,Costa Rica,,,,,50.10762738
2002-01-01,Croatia,,,,,51.23144149
2002-01-01,Czech Republic,,,,,52.30382138
2002-01-01,Denmark,58.48922744,85.13151353,80.79215501,72.72179115,72.39774772
2002-01-01,Estonia,,,,,48.87633806
2002-01-01,Finland,59.66708523,89.31372277,80.80131634,75.12591711,73.84149554
2002-01-01,France,55.3,70.41292454,73.48912073,65.3686825,75.24901152
2002-01-01,Germany,83.22497477,107.7657599,97.07040525,98.27580177,85.73921562
2002-01-01,Greece,108.8169828,114.9459423,125.0579957,132.1000779,87.0180064
2002-01-01,Hungary,,,,,52.95884846
2002-01-01,Iceland,37.55273307,,108.6787623,72.68104691,34.557194
2002-01-01,Ireland,90.80448335,115.3089865,132.3424618,100.9649041,68.61533512
2002-01-01,Israel,53.24564502,92.32487305,64.42646141,67.67229601,82.65092004
2002-01-01,Italy,80.25781277,90.72782494,103.9382342,102.7111277,77.21679803
2002-01-01,Japan,126.2102186,126.6854106,121.1084691,120.1536112,104.2123236
2002-01-01,"Korea, Republic of",60.35740356,114.5441308,81.56029025,82.01266314,74.00519876
2002-01-01,Latvia,,,,,51.52179901
2002-01-01,Lithuania,,,,,33.27339573
2002-01-01,Luxembourg,,,,,77.4201335
2002-01-01,Mexico,,,,,67.20122137
2002-01-01,Netherlands,93.08993164,114.9742992,132.772511,113.6791779,70.11501391
2002-01-01,New Zealand,36.81425718,62.76499632,50.27322563,46.06320007,73.241926
2002-01-01,Norway,44.70153427,80.95507452,63.58011746,57.71413371,70.30953271
2002-01-01,Poland,,,,,64.57563948
2002-01-01,Portugal,106.4439718,132.311538,144.9118159,138.028295,73.45719968
2002-01-01,Romania,,,,,24.81666688
2002-01-01,Russian Federation,21.31428851,169.4333924,,75.64852301,
2002-01-01,Slovakia,,,,,48.71272021
2002-01-01,Slovenia,,,,,66.80766371
2002-01-01,South Africa,25.90493524,75.70503956,47.90819718,56.60718775,54.07347291
2002-01-01,Spain,68.58220019,87.40319621,93.51055446,90.35860506,73.34024507
2002-01-01,Sweden,39.57697243,62.80225313,52.91192255,46.86646903,74.80644197
2002-01-01,Switzerland,63.41218406,74.73567918,75.50256705,65.98952409,83.98662469
2002-01-01,Türkiye,,,,,21.74424402
2002-01-01,United Kingdom,52.10471437,77.0167849,73.20232043,66.68278331,71.18635517
2002-01-01,United States,72.77657647,110.8513692,101.0583749,93.68854647,72.01750401
2002-04-01,Australia,43.68532646,81.47231972,71.58226195,59.12800528,61.03196173
2002-04-01,Austria,58.96691119,80.59085665,92.49878422,76.14509857,63.76304912
2002-04-01,Belgium,55.42231908,71.33534053,70.4114718,70.32351546,78.71376921
2002-04-01,Bulgaria,,,,,64.16696802
2002-04-01,Canada,44.55128205,69.05866195,52.89604218,53.67452707,84.22735024
2002-04-01,Chile,33.76590059,91.10305261,53.0002882,55.20527427,63.73139673
2002-04-01,Colombia,29.97916555,83.90835987,49.51312745,53.98971875,60.55509794
2002-04-01,Costa Rica,,,,,51.15513101
2002-04-01,Croatia,,,,,51.79903262
2002-04-01,Czech Republic,,,,,52.75442744
2002-04-01,Denmark,59.17568743,85.34692423,81.28616781,73.00405385,72.80228749
2002-04-01,Estonia,,,,,48.18187183
2002-04-01,Finland,60.88607272,94.65924306,81.98351335,76.22531673,74.2635205
2002-04-01,France,56.7,71.76796748,74.7544037,66.97408206,75.84815073
2002-04-01,Germany,83.52161659,108.4956586,97.13423152,98.44241834,85.98827955
2002-04-01,Greece,114.3159622,118.6438746,129.783063,138.5159292,88.08719281
2002-04-01,Hungary,,,,,54.12100174
2002-04-01,Iceland,37.70395167,,105.763916,72.4997485,35.65257909
2002-04-01,Ireland,93.78781615,118.4075507,135.6428771,102.8959816,69.14527951
2002-04-01,Israel,54.33164138,93.86693519,62.4759802,67.46254946,86.96963056
2002-04-01,Italy,82.02542836,92.05900968,105.5897345,103.8793226,77.68311151
2002-04-01,Japan,124.4025001,126.7239482,119.5574989,118.8795517,104.0522228
2002-04-01,"Korea, Republic of",62.47067572,116.7080713,83.23814866,84.15354848,75.05233944
2002-04-01,Latvia,,,,,51.71626968
2002-04-01,Lithuania,,,,,32.92783733
2002-04-01,Luxembourg,,,,,77.83791717
2002-04-01,Mexico,,,,,68.60400877
2002-04-01,Netherlands,94.260824,116.3701785,133.4892236,114.1523874,70.61573872
2002-04-01,New Zealand,37.97875325,63.87958542,51.51931259,47.14444442,73.73116728
2002-04-01,Norway,45.42174693,79.98389271,63.9034298,58.11940064,71.0808763
2002-04-01,Poland,,,,,65.29387902
2002-04-01,Portugal,106.3966214,131.5735841,143.7137917,136.5300409,74.03660319
2002-04-01,Romania,,,,,25.8576469
2002-04-01,Russian Federation,23.03276748,181.6796868,,78.96831714,
2002-04-01,Slovakia,,,,,47.50821702
2002-04-01,Slovenia,,,,,68.3365269
2002-04-01,South Africa,26.66093335,76.4240502,47.23630411,56.52195782,56.44312102
2002-04-01,Spain,72.44143132,91.18507875,97.78147365,94.92912335,74.08359004
2002-04-01,Sweden,40.36660304,63.5744293,53.60770249,47.54186286,75.30867067
2002-04-01,Switzerland,63.17292966,74.78881033,75.0628549,65.74845965,84.15987347
2002-04-01,Türkiye,,,,,23.34444459
2002-04-01,United Kingdom,55.37434987,81.12389643,77.21971781,70.69309873,71.71747911
2002-04-01,United States,74.11372801,111.2929179,102.071452,94.70843141,72.61278937
2002-07-01,Australia,45.50495787,83.09331178,74.197049,61.02350455,61.33371144
2002-07-01,Austria,60.26369017,81.78823948,92.63072956,77.36798681,65.07248007
2002-07-01,Belgium,56.46866357,72.52781371,71.28993678,71.53996856,79.21158748
2002-07-01,Bulgaria,,,,,64.58669131
2002-07-01,Canada,45.56184012,69.74911959,53.8365809,54.30572039,84.63303111
2002-07-01,Chile,34.37827678,91.45680972,53.74268035,55.54564667,63.99088427
2002-07-01,Colombia,30.15924679,83.59541427,49.52166562,53.84416178,60.90834194
2002-07-01,Costa Rica,,,,,51.96584449
2002-07-01,Croatia,,,,,52.06217641
2002-07-01,Czech Republic,,,,,54.78958902
2002-07-01,Denmark,59.45100816,84.99509641,81.30917453,73.26189786,73.12031181
2002-07-01,Estonia,,,,,48.85808584
2002-07-01,Finland,61.93435113,92.60448973,82.98249996,77.35074436,74.63270364
2002-07-01,France,58.3,73.51010619,76.38703111,68.71446703,76.32163109
2002-07-01,Germany,83.52206719,107.0290792,96.84858816,98.30572978,86.24235699
2002-07-01,Greece,115.5600545,117.5581214,129.9939134,139.1108931,88.9014067
2002-07-01,Hungary,,,,,55.05132781
2002-07-01,Iceland,38.24456362,,104.723368,73.60053409,36.5231068
2002-07-01,Ireland,96.99867621,120.4395629,138.389027,105.3623541,70.0934211
2002-07-01,Israel,53.35100497,91.83597827,61.98250418,64.98206071,86.07982287
2002-07-01,Italy,83.87419004,93.48374719,107.4321395,105.5460032,78.07175062
2002-07-01,Japan,122.5939655,124.2374791,117.8761484,117.3642359,104.0021293
2002-07-01,"Korea, Republic of",64.53710322,118.9909686,84.92102384,86.12326983,75.99844202
2002-07-01,Latvia,,,,,51.62412739
2002-07-01,Lithuania,,,,,32.96006214
2002-07-01,Luxembourg,,,,,78.1610214
2002-07-01,Mexico,,,,,69.79838794
2002-07-01,Netherlands,95.38358579,117.6681036,134.1379022,114.7038854,71.11129978
2002-07-01,New Zealand,39.3094717,64.80711175,53.19693599,48.7916553,73.90793255
2002-07-01,Norway,45.17213267,76.83764034,62.89836615,58.05344926,71.81982435
2002-07-01,Poland,,,,,66.23569
2002-07-01,Portugal,106.1410338,130.6035557,142.3910049,134.6370309,74.5448858
2002-07-01,Romania,,,,,27.20952539
2002-07-01,Russian Federation,24.33590287,188.3788421,,80.73703716,
2002-07-01,Slovakia,,,,,48.80333617
2002-07-01,Slovenia,,,,,69.8879768
2002-07-01,South Africa,27.49193127,77.4525968,46.53468715,57.00364843,59.07993813
2002-07-01,Spain,74.55316527,92.57732436,99.55835006,96.96171084,74.88243731
2002-07-01,Sweden,41.53819327,64.98083707,54.7761045,48.66617715,75.84141578
2002-07-01,Switzerland,62.39268736,74.01253535,74.04362577,64.92738077,84.26459714
2002-07-01,Türkiye,,,,,24.7259269
2002-07-01,United Kingdom,58.58663099,86.20254243,81.38774531,74.71115975,71.9919758
2002-07-01,United States,75.53503594,112.8813629,103.32265,96.02834909,73.10913699
2002-10-01,Australia,46.91348111,85.08515766,76.22568619,62.5495957,61.54935116
2002-10-01,Austria,59.51807879,80.13758725,89.9172691,75.84829034,66.20678782
2002-10-01,Belgium,57.54258824,73.7016268,72.23180288,72.90933138,79.66551622
2002-10-01,Bulgaria,,,,,64.96789338
2002-10-01,Canada,46.38763198,70.26625687,54.57747698,54.99540281,84.9972467
2002-10-01,Chile,34.52161448,90.46002309,53.70487645,55.16215005,64.30292178
2002-10-01,Colombia,29.78542031,81.64631464,48.56691743,51.71472224,61.33589728
2002-10-01,Costa Rica,,,,,52.53049111
2002-10-01,Croatia,,,,,52.20562199
2002-10-01,Czech Republic,,,,,55.51884293
2002-10-01,Denmark,60.24276256,85.39992221,81.90474819,73.68125532,73.55533244
2002-10-01,Estonia,,,,,50.20518427
2002-10-01,Finland,63.21735129,91.18125175,84.5895523,78.80396557,74.7314943
2002-10-01,France,59.9,73.76655912,77.91297342,70.36867962,76.88042277
2002-10-01,Germany,83.01617466,105.8137412,95.96047214,97.49068883,86.51332783
2002-10-01,Greece,117.9262133,117.2810409,130.552011,140.6659539,90.33388752
2002-10-01,Hungary,,,,,55.85535019
2002-10-01,Iceland,39.34413375,,105.2578015,75.39407654,37.38241011
2002-10-01,Ireland,100.6214133,123.4232353,139.6900619,108.0131405,72.03407925
2002-10-01,Israel,52.96770863,90.84306716,61.51341679,64.6372951,86.11309798
2002-10-01,Italy,85.88962482,95.06513769,109.0955396,107.3722966,78.72877861
2002-10-01,Japan,120.6633595,124.0413038,116.1237451,115.7979811,103.9090689
2002-10-01,"Korea, Republic of",66.41238705,121.0358385,86.52816309,87.68872705,76.75418223
2002-10-01,Latvia,,,,,52.04775427
2002-10-01,Lithuania,,,,,32.93988168
2002-10-01,Luxembourg,,,,,78.92095646
2002-10-01,Mexico,,,,,70.86380737
2002-10-01,Netherlands,95.90059779,118.1435943,133.8735134,114.7885193,71.63794759
2002-10-01,New Zealand,40.69813087,65.60161692,54.59962084,50.41135359,74.55303064
2002-10-01,Norway,45.40458614,76.06559834,62.84828314,57.69168838,72.24693231
2002-10-01,Poland,,,,,67.09023808
2002-10-01,Portugal,106.3421087,130.9523533,141.8473517,133.6024227,74.97235132
2002-10-01,Romania,,,,,28.13371097
2002-10-01,Russian Federation,25.27904113,189.6468142,,81.36616789,
2002-10-01,Slovakia,,,,,50.5543666
2002-10-01,Slovenia,,,,,71.11009315
2002-10-01,South Africa,28.53392867,78.90650624,45.87486565,57.98205026,62.20114032
2002-10-01,Spain,77.65579434,95.13177558,102.575074,100.1101676,75.70483247
2002-10-01,Sweden,42.42158291,65.98326953,55.67680372,49.26158684,76.20132914
2002-10-01,Switzerland,62.74119892,74.41689859,74.42051742,65.07259346,84.30615104
2002-10-01,Türkiye,,,,,26.18674254
2002-10-01,United Kingdom,62.14592756,90.56236234,85.92597871,78.74020551,72.33238286
2002-10-01,United States,77.04985097,114.1397687,104.679945,97.49956924,73.60834797
2003-01-01,Australia,48.64737507,86.50549523,78.77930647,64.34229613,61.75532617
2003-01-01,Austria,59.45519258,79.32001444,88.58801452,75.30971814,67.12921119
2003-01-01,Belgium,58.11895888,74.42409902,72.60295631,72.96300276,80.05214219
2003-01-01,Bulgaria,,,,,64.1028488
2003-01-01,Canada,47.51319759,71.43619914,55.69600357,56.07126952,85.31125587
2003-01-01,Chile,35.30726981,92.20284815,54.69645396,55.6388478,64.57409008
2003-01-01,Colombia,29.70121734,80.48321489,47.89132694,51.15413059,62.02530504
2003-01-01,Costa Rica,,,,,53.35905548
2003-01-01,Croatia,,,,,52.10137673
2003-01-01,Czech Republic,,,,,55.8560571
2003-01-01,Denmark,60.94768273,85.6339962,82.12800064,74.21134438,74.2137387
2003-01-01,Estonia,,,,,49.92858282
2003-01-01,Finland,63.70254118,92.86815709,85.27117196,79.10704794,74.70309967
2003-01-01,France,61.5,76.86778487,79.41105655,71.66794474,77.44490669
2003-01-01,Germany,83.11141816,104.3462585,95.81393967,96.45176543,86.74504401
2003-01-01,Greece,119.694665,115.8328729,130.7196584,142.545559,91.5709674
2003-01-01,Hungary,,,,,56.89603873
2003-01-01,Iceland,40.87601216,,105.4152403,78.26570895,38.77990324
2003-01-01,Ireland,104.1627853,125.8573819,152.0456469,110.8899031,68.50964222
2003-01-01,Israel,52.02494033,89.36798752,60.03893813,63.01700169,86.65756204
2003-01-01,Italy,87.94851822,96.78053569,110.9130368,108.6624167,79.29498721
2003-01-01,Japan,118.7427449,120.9351516,114.3464164,114.2150063,103.8445241
2003-01-01,"Korea, Republic of",67.21548998,121.414664,86.99801013,87.85098683,77.2628088
2003-01-01,Latvia,,,,,51.73564374
2003-01-01,Lithuania,,,,,33.14735323
2003-01-01,Luxembourg,,,,,79.14207728
2003-01-01,Mexico,,,,,71.72959519
2003-01-01,Netherlands,96.69214098,119.3731252,134.0342097,114.981059,72.14263494
2003-01-01,New Zealand,42.54165071,67.14681192,56.55775079,52.69800412,75.23201137
2003-01-01,Norway,45.36763276,74.33386039,62.02000156,56.43661611,73.15221049
2003-01-01,Poland,,,,,67.69821292
2003-01-01,Portugal,107.0393153,131.4664188,141.9906563,133.2852184,75.38772738
2003-01-01,Romania,,,,,29.06270733
2003-01-01,Russian Federation,27.04595602,192.400575,,84.25789225,
2003-01-01,Slovakia,,,,,55.23654971
2003-01-01,Slovenia,,,,,72.27006968
2003-01-01,South Africa,29.74492564,82.20104535,47.09261469,60.45856185,63.1642966
2003-01-01,Spain,81.30583423,98.07280841,106.2788548,104.006383,76.500878
2003-01-01,Sweden,42.72520604,65.79699795,55.64140836,49.1879095,76.7955445
2003-01-01,Switzerland,62.91195591,75.2520989,74.63341872,64.88454317,84.29445086
2003-01-01,Türkiye,,,,,27.61729652
2003-01-01,United Kingdom,64.17372791,92.74298997,88.31471713,81.08919355,72.67227766
2003-01-01,United States,78.40570393,115.4446187,105.9826411,98.46278197,73.98295501
2003-04-01,Australia,51.06714489,89.85901233,82.31979602,67.61780218,62.03895211
2003-04-01,Austria,59.5938192,78.91056189,88.07290613,75.70201399,67.67926196
2003-04-01,Belgium,58.9943742,75.28805513,73.29989461,73.97664722,80.48532193
2003-04-01,Bulgaria,,,,,63.95180978
2003-04-01,Canada,48.1994721,71.76844413,56.35740333,56.99908802,85.52782284
2003-04-01,Chile,35.33878234,90.91842936,54.40581224,55.3702932,64.97699355
2003-04-01,Colombia,30.32574967,80.39865633,48.42878426,51.05816174,62.62669718
2003-04-01,Costa Rica,,,,,54.14463454
2003-04-01,Croatia,,,,,52.4710223
2003-04-01,Czech Republic,,,,,56.25884455
2003-04-01,Denmark,61.68468652,85.96971207,82.45494965,75.37173741,74.81333142
2003-04-01,Estonia,,,,,49.78547728
2003-04-01,Finland,64.22879478,92.20998925,86.73842411,79.71173841,74.04612612
2003-04-01,France,63.4,78.87995542,81.3101448,73.82683454,77.97282024
2003-04-01,Germany,84.3657637,106.6840781,96.95045675,98.12630055,87.02199982
2003-04-01,Greece,118.9954784,112.2330279,128.4596084,140.7445618,92.63770312
2003-04-01,Hungary,,,,,57.96567589
2003-04-01,Iceland,41.88391296,,106.3196763,80.06129663,39.39809355
2003-04-01,Ireland,107.9679011,128.5649088,160.8495,114.1900245,67.12557973
2003-04-01,Israel,49.78730585,84.92805704,60.52781474,61.21733307,82.26053119
2003-04-01,Italy,90.34718817,98.64115496,113.1795251,111.0573982,79.82640602
2003-04-01,Japan,116.7658869,120.5547263,112.4712915,112.767549,103.8181714
2003-04-01,"Korea, Republic of",68.79313181,122.6195028,88.25982988,89.66324575,77.94574959
2003-04-01,Latvia,,,,,51.81530093
2003-04-01,Lithuania,,,,,33.29407719
2003-04-01,Luxembourg,,,,,79.26298959
2003-04-01,Mexico,,,,,72.50649389
2003-04-01,Netherlands,97.65835409,120.1593904,134.4511289,115.8233123,72.63759044
2003-04-01,New Zealand,44.40319116,68.85337,58.43600222,55.03117001,76.00009786
2003-04-01,Norway,45.08729863,73.54809987,60.86531858,56.65838492,74.07939454
2003-04-01,Poland,,,,,68.63414706
2003-04-01,Portugal,107.3470846,130.7040906,141.6415679,132.532048,75.79082318
2003-04-01,Romania,,,,,29.90938313
2003-04-01,Russian Federation,28.42222892,191.807444,,85.56507962,
2003-04-01,Slovakia,,,,,63.68852388
2003-04-01,Slovenia,,,,,79.57832646
2003-04-01,South Africa,31.20392199,83.72493896,49.61652953,62.37118782,62.89185152
2003-04-01,Spain,86.53613497,103.2937442,112.0006744,109.4703661,77.26244221
2003-04-01,Sweden,43.21215914,66.32469358,55.88710355,50.03673612,77.32934599
2003-04-01,Switzerland,63.88664037,76.16976852,75.76205873,65.70967628,84.32520719
2003-04-01,Türkiye,,,,,28.91456998
2003-04-01,United Kingdom,65.11927424,93.68471608,89.88490541,82.23334652,72.45483494
2003-04-01,United States,79.66804979,116.1369981,107.2691964,99.94808174,74.27247781
2003-07-01,Australia,54.03444693,94.23176103,86.57023391,71.32475872,62.42079294
2003-07-01,Austria,58.56938022,77.03399417,86.83970362,74.28774758,67.46041643
2003-07-01,Belgium,60.24743632,76.59583349,74.44528287,75.08127902,80.93023921
2003-07-01,Bulgaria,,,,,64.54171376
2003-07-01,Canada,48.94419306,73.31771492,57.0391358,57.59043748,85.81127324
2003-07-01,Chile,35.58125391,89.32061297,54.50354716,56.13061549,65.30550792
2003-07-01,Colombia,30.44942075,78.50286811,48.2618028,50.88395877,63.09966069
2003-07-01,Costa Rica,,,,,54.67785338
2003-07-01,Croatia,,,,,52.94199703
2003-07-01,Czech Republic,,,,,55.80695371
2003-07-01,Denmark,62.74149215,86.73603543,83.38654562,76.48149529,75.24492662
2003-07-01,Estonia,,,,,50.99338194
2003-07-01,Finland,66.0342913,94.21610146,89.77000956,81.81031734,73.55671859
2003-07-01,France,65.2,80.46133805,83.13397133,75.48002844,78.42739458
2003-07-01,Germany,83.52167175,104.5977019,95.8106812,96.94243642,87.17619857
2003-07-01,Greece,120.8183547,111.1481705,128.9069408,141.0618556,93.7304125
2003-07-01,Hungary,,,,,59.050446
2003-07-01,Iceland,43.44370872,,109.0431151,82.64726257,39.84467126
2003-07-01,Ireland,110.2133909,130.0325956,173.1247842,116.5914706,63.66316496
2003-07-01,Israel,50.04512144,84.78379493,62.36402976,62.23572437,80.25192447
2003-07-01,Italy,92.78343302,100.4999458,115.4835619,113.5239195,80.34337476
2003-07-01,Japan,114.8322008,119.600505,110.6972052,111.0304313,103.73519
2003-07-01,"Korea, Republic of",69.88155897,122.6062987,89.05701567,90.78686275,78.4702236
2003-07-01,Latvia,,,,,52.95467602
2003-07-01,Lithuania,,,,,33.92303201
2003-07-01,Luxembourg,,,,,79.63798732
2003-07-01,Mexico,,,,,73.31605867
2003-07-01,Netherlands,98.07115119,120.1947839,133.5731061,115.4289991,73.42411657
2003-07-01,New Zealand,47.53783516,72.66313923,62.19089553,58.84506091,76.45274008
2003-07-01,Norway,46.01068477,74.19055623,61.69162911,57.44444353,74.58398193
2003-07-01,Poland,,,,,69.4461256
2003-07-01,Portugal,107.6534033,129.308819,141.1991597,132.1018054,76.24524208
2003-07-01,Romania,,,,,30.81767453
2003-07-01,Russian Federation,30.16430044,191.9410455,,88.66533686,
2003-07-01,Slovakia,,,,,65.86864909
2003-07-01,Slovenia,,,,,79.82511578
2003-07-01,South Africa,33.07191732,85.85613571,54.94811186,65.4897982,60.18914591
2003-07-01,Spain,89.93258838,106.3531083,115.2724798,113.2804647,78.01588376
2003-07-01,Sweden,43.83989592,67.09597214,56.3565543,50.35247682,77.7991863
2003-07-01,Switzerland,64.3533614,76.39076244,76.17835086,66.09808389,84.47706252
2003-07-01,Türkiye,,,,,30.18496959
2003-07-01,United Kingdom,66.33212174,94.44514911,90.90634285,83.19468488,72.975031
2003-07-01,United States,81.23896908,115.8452463,108.685877,101.2524955,74.74980143
2003-10-01,Australia,55.75365977,95.11342446,88.61738659,73.26917042,62.91896993
2003-10-01,Austria,60.70075357,79.33082698,90.41092581,76.78117222,67.15369103
2003-10-01,Belgium,61.68184213,78.07229134,75.86497888,76.66879374,81.30653088
2003-10-01,Bulgaria,,,,,64.39671915
2003-10-01,Canada,50.12820513,74.63293566,58.2459693,59.03844055,86.06615232
2003-10-01,Chile,36.1170498,88.57966564,55.08708631,56.96005375,65.58670246
2003-10-01,Colombia,31.59861224,78.90664711,49.52377232,51.92032045,63.81250899
2003-10-01,Costa Rica,,,,,55.27596855
2003-10-01,Croatia,,,,,52.97384987
2003-10-01,Czech Republic,,,,,56.27815585
2003-10-01,Denmark,63.7897615,87.45846567,84.26675371,77.52609867,75.70299784
2003-10-01,Estonia,,,,,51.10947796
2003-10-01,Finland,67.31734605,94.38990089,91.46073033,83.15079138,73.59976334
2003-10-01,France,67.5,82.62535345,85.55016169,77.64277161,78.90084556
2003-10-01,Germany,83.58598285,105.0464082,95.79252702,96.77523077,87.25985761
2003-10-01,Greece,121.7304002,109.5401429,128.3251643,141.5590078,94.86611902
2003-10-01,Hungary,,,,,60.29058596
2003-10-01,Iceland,44.4927929,,110.1248658,84.04676054,40.40600195
2003-10-01,Ireland,114.2230018,132.6524502,176.0468324,120.2348948,64.88412611
2003-10-01,Israel,49.91963238,84.00315816,61.84253081,62.61098707,80.72573405
2003-10-01,Italy,95.09925038,102.2445103,117.6000104,115.6685198,80.8666657
2003-10-01,Japan,112.9736974,116.2176557,108.9307042,109.5513934,103.7113066
2003-10-01,"Korea, Republic of",70.81878254,122.0343105,89.7434476,90.80847477,78.91438019
2003-10-01,Latvia,,,,,53.97133983
2003-10-01,Lithuania,,,,,34.46291398
2003-10-01,Luxembourg,,,,,79.83837766
2003-10-01,Mexico,,,,,74.12260579
2003-10-01,Netherlands,99.72926367,121.7637781,134.8551973,116.7941439,73.95565805
2003-10-01,New Zealand,50.57186034,76.38691009,65.72104756,62.32726889,76.96351924
2003-10-01,Norway,47.23438384,76.24043672,62.97334798,58.37147319,75.0092079
2003-10-01,Poland,,,,,70.11311132
2003-10-01,Portugal,107.879267,128.9348125,140.6891448,131.7659301,76.68218736
2003-10-01,Romania,,,,,32.62458846
2003-10-01,Russian Federation,31.84851462,190.5835951,,92.90422746,
2003-10-01,Slovakia,,,,,68.22264732
2003-10-01,Slovenia,,,,,82.60903949
2003-10-01,South Africa,35.71791071,89.69340264,64.1638176,70.66554315,55.66823251
2003-10-01,Spain,94.02901243,110.188546,119.1108621,117.6930476,78.94090157
2003-10-01,Sweden,44.99861802,68.64681545,57.52252656,51.55522259,78.23682096
2003-10-01,Switzerland,64.16304232,75.76220615,75.85456361,65.81017299,84.58675567
2003-10-01,Türkiye,,,,,31.23241228
2003-10-01,United Kingdom,68.33110588,95.74375917,93.19893842,85.33819663,73.32499962
2003-10-01,United States,83.07170826,117.9244677,110.3754931,103.0306272,75.26606967
2004-01-01,Australia,56.09800185,94.30180282,88.62606113,73.35787372,63.30136952
2004-01-01,Austria,55.49729663,72.17805486,82.34290197,69.96944777,67.41280246
2004-01-01,Belgium,62.90914597,79.63962266,77.02358762,77.62261387,81.67694461
2004-01-01,Bulgaria,,,,,64.54115969
2004-01-01,Canada,51.29147813,75.24901137,59.43675805,60.03107309,86.29908915
2004-01-01,Chile,37.13283685,89.61064199,56.22998851,58.32708446,66.06074467
2004-01-01,Colombia,32.2570159,77.51218618,50.15679111,52.05713354,64.31999085
2004-01-01,Costa Rica,,,,,55.77701412
2004-01-01,Croatia,,,,,53.28517056
2004-01-01,Czech Republic,,,,,56.935549
2004-01-01,Denmark,65.70917398,89.54553958,86.11078971,79.45056264,76.31093919
2004-01-01,Estonia,,,,,51.86320592
2004-01-01,Finland,69.11788655,97.18321478,93.32468839,85.45842971,74.05902645
2004-01-01,France,70.2,85.21482649,88.39337961,80.351825,79.4174782
2004-01-01,Germany,83.65358693,103.2310568,95.70858512,96.56583054,87.40702688
2004-01-01,Greece,120.981518,106.7542571,125.809372,139.2939551,96.16785918
2004-01-01,Hungary,,,,,62.26916759
2004-01-01,Iceland,44.88808289,,108.7163763,83.82950477,41.29311957
2004-01-01,Ireland,117.5059119,135.1556862,177.1919726,123.3645765,66.31759686
2004-01-01,Israel,49.91194892,84.08702739,62.24944349,61.68434162,80.1857016
2004-01-01,Italy,97.41804098,103.6305125,119.6301232,117.7271971,81.43266448
2004-01-01,Japan,111.1393839,114.0216894,107.2653814,107.7256738,103.6113848
2004-01-01,"Korea, Republic of",70.54074386,118.9362754,89.03634998,89.61822127,79.22880945
2004-01-01,Latvia,,,,,55.52524379
2004-01-01,Lithuania,,,,,34.91505067
2004-01-01,Luxembourg,,,,,80.04206401
2004-01-01,Mexico,,,,,74.72213135
2004-01-01,Netherlands,100.81241,122.4259753,135.3949929,118.5264748,74.46083036
2004-01-01,New Zealand,52.3869663,77.69486134,67.19630418,64.5286762,77.9755286
2004-01-01,Norway,49.47970457,81.14510044,65.84389474,61.00642005,75.1492575
2004-01-01,Poland,,,,,70.37852656
2004-01-01,Portugal,108.2173871,128.9366982,139.8946071,131.6692878,77.35941318
2004-01-01,Romania,,,,,33.92981277
2004-01-01,Russian Federation,35.05394138,199.1089965,176.9016242,96.40437895,19.81108428
2004-01-01,Slovakia,,,,,73.7710806
2004-01-01,Slovenia,,,,,85.0168124
2004-01-01,South Africa,38.85190287,94.11350861,71.55533308,73.16881023,54.29775424
2004-01-01,Spain,98.21418774,114.408396,123.2658987,121.6327042,79.67514423
2004-01-01,Sweden,46.02425374,70.3678179,58.13639805,52.87552426,79.17509751
2004-01-01,Switzerland,64.72823936,76.33781479,76.3522432,66.4300498,84.77564978
2004-01-01,Türkiye,,,,,32.48881305
2004-01-01,United Kingdom,69.8435084,97.40723508,94.70970152,86.92035441,73.7524012
2004-01-01,United States,84.9184735,119.333559,112.1883615,104.5158083,75.69603422
2004-04-01,Australia,55.31193852,89.37711306,86.85913635,72.10539532,63.68402941
2004-04-01,Austria,58.78037608,75.78489783,86.35859159,73.63644458,68.0806246
2004-04-01,Belgium,63.62733778,80.0302104,77.54405128,77.69893504,82.0549344
2004-04-01,Bulgaria,,,,,65.35530543
2004-04-01,Canada,52.26809955,75.1074989,60.43796401,60.68971954,86.48543895
2004-04-01,Chile,37.58513872,90.29174196,56.78557204,58.67804652,66.2112036
2004-04-01,Colombia,32.68228109,76.18061388,50.20814757,52.02571146,65.10130464
2004-04-01,Costa Rica,,,,,56.38760403
2004-04-01,Croatia,,,,,54.12960259
2004-04-01,Czech Republic,,,,,57.21749906
2004-04-01,Denmark,67.9130564,91.71295781,88.40635975,81.90608852,76.82244601
2004-04-01,Estonia,,,,,53.24729336
2004-04-01,Finland,70.23383985,95.27745454,94.96799547,87.2100366,73.95256448
2004-04-01,France,72.6,87.06584122,90.79465793,82.5403523,79.96041569
2004-04-01,Germany,82.25554413,101.8311655,93.88319451,94.45943222,87.61732656
2004-04-01,Greece,121.7144558,106.1292578,124.6493228,139.0322856,97.65087775
2004-04-01,Hungary,,,,,63.92657637
2004-04-01,Iceland,46.14971105,,109.2289658,85.22545926,42.25448073
2004-04-01,Ireland,120.3310638,136.1970918,179.6398551,125.8737104,66.98663562
2004-04-01,Israel,50.77656732,84.54169616,62.10384674,62.45007372,81.76599287
2004-04-01,Italy,99.60703072,105.4279337,121.1722941,119.4903234,82.20277276
2004-04-01,Japan,109.4700837,112.0241525,105.8535627,106.392808,103.4163117
2004-04-01,"Korea, Republic of",70.06750431,116.03215,88.27167032,88.75018372,79.3790226
2004-04-01,Latvia,,,,,55.63476153
2004-04-01,Lithuania,,,,,35.24548151
2004-04-01,Luxembourg,,,,,80.54460131
2004-04-01,Mexico,,,,,75.42192148
2004-04-01,Netherlands,101.7963521,123.3881721,135.8269608,118.5781093,74.94846004
2004-04-01,New Zealand,53.81612385,79.08032621,68.64553794,65.73177542,78.41164534
2004-04-01,Norway,49.80983729,78.9326291,66.02667172,61.77576116,75.44124123
2004-04-01,Poland,,,,,71.02753744
2004-04-01,Portugal,107.9909846,127.2091704,138.8706008,130.5715573,77.76680954
2004-04-01,Romania,,,,,35.11209663
2004-04-01,Russian Federation,36.94943554,196.9644952,164.7427294,97.7037265,22.42357024
2004-04-01,Slovakia,,,,,78.91710401
2004-04-01,Slovenia,,,,,87.22856241
2004-04-01,South Africa,41.72589569,98.47665383,77.02334978,77.60419261,54.17449186
2004-04-01,Spain,102.2685631,117.8009749,127.145453,125.2020508,80.432746
2004-04-01,Sweden,47.38808174,71.99260833,59.36064447,54.30252918,79.83999368
2004-04-01,Switzerland,65.64666877,76.91102323,77.18828273,67.18437526,85.0472838
2004-04-01,Türkiye,,,,,33.90203186
2004-04-01,United Kingdom,73.08040747,100.5210044,98.63020845,90.40329478,74.10296661
2004-04-01,United States,87.0597861,120.5689151,113.9326689,106.4356439,76.41666472
2004-07-01,Australia,55.28029515,90.53996279,86.30365495,71.89290513,64.05725531
2004-07-01,Austria,58.90517083,75.0954463,83.80052249,73.2177325,70.3077849
2004-07-01,Belgium,65.68077082,81.9841624,79.69190308,79.72028733,82.42016507
2004-07-01,Bulgaria,,,,,66.30365695
2004-07-01,Canada,52.99962293,75.71846512,61.16781471,61.43655322,86.64947281
2004-07-01,Chile,38.35774847,92.05361412,57.90423693,59.57560807,66.26681453
2004-07-01,Colombia,33.52721892,76.12063736,50.89311819,52.64588712,65.88552319
2004-07-01,Costa Rica,,,,,57.16648869
2004-07-01,Croatia,,,,,54.7706797
2004-07-01,Czech Republic,,,,,57.27070738
2004-07-01,Denmark,70.07665373,93.7227216,90.71258041,84.42657867,77.25457315
2004-07-01,Estonia,,,,,53.49776599
2004-07-01,Finland,71.25699665,97.50277309,95.05177478,87.95192556,74.96376326
2004-07-01,France,75.3,89.70530967,93.34137477,85.25003939,80.67138301
2004-07-01,Germany,81.67326089,100.9496322,92.95946033,93.61305279,87.86157384
2004-07-01,Greece,123.5481884,107.0150547,124.9247133,140.1738563,98.90356219
2004-07-01,Hungary,,,,,64.89356391
2004-07-01,Iceland,47.72439514,,110.5384713,87.41573419,43.17860262
2004-07-01,Ireland,123.3195018,137.6925244,181.0104557,128.2126722,68.13044186
2004-07-01,Israel,50.18131963,82.59344407,61.48196449,61.44575851,81.62481701
2004-07-01,Italy,101.7862363,107.2711379,123.2115509,121.3933001,82.61091548
2004-07-01,Japan,107.8882982,109.6946885,104.4406834,104.9931158,103.3008066
2004-07-01,"Korea, Republic of",69.31790617,113.006955,87.20373871,86.64201599,79.49151493
2004-07-01,Latvia,,,,,56.5272459
2004-07-01,Lithuania,,,,,35.73633507
2004-07-01,Luxembourg,,,,,80.90470113
2004-07-01,Mexico,,,,,76.10367819
2004-07-01,Netherlands,102.8469371,124.4480949,135.8839237,119.1392683,75.6902196
2004-07-01,New Zealand,55.08859837,80.22878466,69.97912747,67.1907594,78.73605752
2004-07-01,Norway,50.84013785,78.21051862,67.01912389,62.60535504,75.86143984
2004-07-01,Poland,,,,,71.7589192
2004-07-01,Portugal,108.0699852,126.3492159,138.2106162,129.746039,78.19532419
2004-07-01,Romania,,,,,35.85516245
2004-07-01,Russian Federation,38.71837947,193.5643858,158.0342688,99.80080171,24.49453
2004-07-01,Slovakia,,,,,81.58457417
2004-07-01,Slovenia,,,,,88.49924092
2004-07-01,South Africa,44.63688841,103.0307546,81.84660849,83.20063884,54.53870298
2004-07-01,Spain,106.0826399,120.7190815,130.5722089,128.8641893,81.24284868
2004-07-01,Sweden,48.14019069,72.54039141,60.05144091,55.06828296,80.17414663
2004-07-01,Switzerland,66.93529999,77.85715378,78.18394037,68.42011045,85.61242399
2004-07-01,Türkiye,,,,,35.53493044
2004-07-01,United Kingdom,75.55201088,102.9210581,101.2297978,93.01034781,74.64182409
2004-07-01,United States,89.29928116,122.6029284,116.0713296,108.6393798,76.93815318
2004-10-01,Australia,55.89776448,89.23996519,86.82846928,72.31077847,64.38125768
2004-10-01,Austria,60.56676089,76.15157488,82.98204088,74.47220352,73.00405077
2004-10-01,Belgium,67.59320447,83.62625843,81.65608794,81.65502931,82.77971059
2004-10-01,Bulgaria,,,,,67.85647934
2004-10-01,Canada,53.94042232,76.37145448,62.12592773,62.36198625,86.82755372
2004-10-01,Chile,39.16065655,93.27831741,59.07396205,60.11015512,66.31430081
2004-10-01,Colombia,35.33248409,78.50210886,53.09246662,55.50852148,66.55685602
2004-10-01,Costa Rica,,,,,57.97241339
2004-10-01,Croatia,,,,,54.54607439
2004-10-01,Czech Republic,,,,,57.67625601
2004-10-01,Denmark,72.77080707,96.31505167,93.63634366,87.12354563,77.71969858
2004-10-01,Estonia,,,,,54.56361474
2004-10-01,Finland,71.99683957,95.94517679,95.2875752,88.60111673,75.55465978
2004-10-01,France,78.2,92.78292481,95.95444711,88.15515447,81.49676409
2004-10-01,Germany,81.70043126,99.89910422,92.77236584,93.44533674,88.06805271
2004-10-01,Greece,126.1337627,108.9173936,126.192117,141.9265975,99.95926143
2004-10-01,Hungary,,,,,66.00969642
2004-10-01,Iceland,49.88328253,,112.8043048,90.86026296,44.22531707
2004-10-01,Ireland,124.1448531,138.2981027,178.4422647,128.5929422,69.57353952
2004-10-01,Israel,49.40316413,80.40155158,61.83584772,60.42079173,79.89918044
2004-10-01,Italy,103.7354485,108.8426519,124.8866875,123.1723366,83.0636183
2004-10-01,Japan,106.5609223,108.0528665,103.1756103,103.6406324,103.2808965
2004-10-01,"Korea, Republic of",68.67042222,110.5448536,86.45549817,85.71505293,79.43054509
2004-10-01,Latvia,,,,,57.48767003
2004-10-01,Lithuania,,,,,36.60127781
2004-10-01,Luxembourg,,,,,81.50267233
2004-10-01,Mexico,,,,,76.67022111
2004-10-01,Netherlands,103.7026946,125.1331613,136.0613534,120.1456089,76.22048999
2004-10-01,New Zealand,56.80076625,81.96410559,71.70148992,68.81977351,79.23306928
2004-10-01,Norway,52.2703203,77.87974443,68.47247577,63.85819569,76.34001455
2004-10-01,Poland,,,,,72.35570394
2004-10-01,Portugal,108.3865674,125.3277152,137.6118712,128.9139867,78.76561309
2004-10-01,Romania,,,,,36.97077705
2004-10-01,Russian Federation,40.48824361,189.6157566,160.3931145,100.8220551,25.23750551
2004-10-01,Slovakia,,,,,83.65239122
2004-10-01,Slovenia,,,,,90.86157986
2004-10-01,South Africa,48.25787936,109.2367096,88.21738677,88.64127194,54.70482404
2004-10-01,Spain,109.7403964,123.3374441,133.6469975,132.3922708,82.11053726
2004-10-01,Sweden,49.53214416,73.91842815,61.46302999,56.7027941,80.59779016
2004-10-01,Switzerland,67.35779189,77.73145767,78.16750586,68.5600592,86.17091826
2004-10-01,Türkiye,,,,,36.72929305
2004-10-01,United Kingdom,76.81452808,103.9550636,101.8482283,93.86034035,75.42832673
2004-10-01,United States,91.51539945,123.480251,118.3468393,110.3920128,77.33147068
2005-01-01,Australia,56.39190089,89.03030763,87.21206767,72.6183186,64.66470681
2005-01-01,Austria,60.35569126,74.51202854,82.78616251,73.85603527,72.92176951
2005-01-01,Belgium,70.05962167,86.43420198,84.26748604,84.16143388,83.14137204
2005-01-01,Bulgaria,75.55212196,158.3722945,109.897794,102.1429847,68.74824755
2005-01-01,Canada,55.22435897,78.68321976,63.47337975,63.54315162,87.0071954
2005-01-01,Chile,39.17420106,91.47416386,59.01700781,59.34292144,66.40125557
2005-01-01,Colombia,35.15545468,76.46846891,52.40439035,54.40072193,67.09290179
2005-01-01,Costa Rica,,,,,58.8398971
2005-01-01,Croatia,79.02801908,97.82762892,147.0241839,100.073393,53.75178134
2005-01-01,Czech Republic,,,,,57.63427318
2005-01-01,Denmark,75.94149161,99.77803783,97.11233723,90.62412113,78.20293984
2005-01-01,Estonia,50.82379796,111.3509262,92.86034542,73.85875027,54.71467195
2005-01-01,Finland,73.54990815,101.5481155,96.76661426,90.37241997,76.00474143
2005-01-01,France,81.1,96.43566753,98.63308021,91.11475749,82.22369277
2005-01-01,Germany,83.93914641,102.8191287,95.11550529,95.79387805,88.25227421
2005-01-01,Greece,130.3302994,113.0196957,129.149203,145.350984,100.9200777
2005-01-01,Hungary,,,,,65.61249636
2005-01-01,Iceland,54.02461077,99.04880148,121.3593251,98.31199828,44.52050669
2005-01-01,Ireland,126.3447398,136.3781149,177.2214124,131.3371185,71.29417991
2005-01-01,Israel,49.06344385,79.55267515,62.63525067,59.76891773,78.33702737
2005-01-01,Italy,105.6557618,110.7678761,126.6122211,125.1155068,83.44827458
2005-01-01,Japan,105.2123478,106.1918381,101.9698891,102.6888571,103.1796
2005-01-01,"Korea, Republic of",69.13718109,110.4010787,87.13472801,85.75394343,79.34705843
2005-01-01,Latvia,,,,,58.89001242
2005-01-01,Lithuania,,,,,37.88582155
2005-01-01,Luxembourg,,,,,82.22613421
2005-01-01,Mexico,56.34336325,,72.96998143,89.65248505,77.22513258
2005-01-01,Netherlands,104.6241883,127.0664858,136.3959939,120.8759062,76.70911435
2005-01-01,New Zealand,59.02675928,84.85876129,74.00810954,71.29738271,79.77192912
2005-01-01,Norway,53.07277601,74.16456955,69.24590286,65.57185652,76.64623567
2005-01-01,Poland,55.52765371,98.054027,76.13504922,67.98662368,72.93202638
2005-01-01,Portugal,108.3906972,124.3271336,137.0419797,127.4736505,79.09617493
2005-01-01,Romania,,,,,37.91587304
2005-01-01,Russian Federation,42.62638311,185.2217896,128.6239659,102.2223034,33.13292655
2005-01-01,Slovakia,62.57421831,102.1257161,75.14686658,77.98656813,83.26942372
2005-01-01,Slovenia,,,,,91.30328964
2005-01-01,South Africa,51.88587029,114.7351774,93.81946577,94.09316816,55.30542458
2005-01-01,Spain,113.9542038,126.5277768,137.2778137,136.2619682,83.00831013
2005-01-01,Sweden,49.87650582,74.24018856,61.39831027,56.92815985,81.24367756
2005-01-01,Switzerland,67.37337963,77.4811898,78.0814846,68.4205403,86.28581492
2005-01-01,Türkiye,,,,,38.18324707
2005-01-01,United Kingdom,77.393,104.0760425,101.775497,94.24613751,76.05066841
2005-01-01,United States,93.77827129,127.9912171,120.359424,112.4677831,77.91855241
2005-04-01,Australia,56.53259654,87.47886258,86.90540468,72.34966858,65.05479437
2005-04-01,Austria,61.03087866,74.1663564,85.41317371,74.58933983,71.46962201
2005-04-01,Belgium,71.45611676,87.15545786,85.50645911,84.96896866,83.56990834
2005-04-01,Bulgaria,79.55379762,161.0611887,114.0374624,106.2600473,69.76174123
2005-04-01,Canada,56.19155354,78.43729746,64.44968616,64.32568005,87.18993272
2005-04-01,Chile,40.33008657,90.72343963,60.5137648,60.12462368,66.66967093
2005-04-01,Colombia,35.82814417,77.51127406,52.92780825,54.88231169,67.70050876
2005-04-01,Costa Rica,,,,,59.64109931
2005-04-01,Croatia,81.66324194,99.96241691,150.7118595,103.2523065,54.18508155
2005-04-01,Czech Republic,,,,,57.72805329
2005-04-01,Denmark,78.98529335,102.5226069,100.4722952,93.95822689,78.61732723
2005-04-01,Estonia,56.47084085,118.6817522,100.8421156,81.13595804,55.98211275
2005-04-01,Finland,75.25604726,99.48484718,98.2330841,92.15033837,76.60687058
2005-04-01,France,84.1,98.9598838,101.4160053,94.07737965,82.92552224
2005-04-01,Germany,82.16765927,99.93485077,92.88585981,93.64933884,88.4634732
2005-04-01,Greece,134.6060143,116.1113493,132.0974468,149.3105843,101.9046389
2005-04-01,Hungary,,,,,66.57757828
2005-04-01,Iceland,59.20212665,106.6225142,132.059062,108.2745241,44.83433205
2005-04-01,Ireland,128.9247976,137.7400496,177.0596437,133.0230531,72.81652984
2005-04-01,Israel,49.94841311,79.71953924,63.57184077,60.75340223,78.5750718
2005-04-01,Italy,107.3432961,111.7661562,127.8683214,126.3205259,83.9482729
2005-04-01,Japan,103.912902,105.1074399,100.7431035,101.7714215,103.1461976
2005-04-01,"Korea, Republic of",70.08069095,110.9888992,88.47948832,86.7171254,79.20748349
2005-04-01,Latvia,,,,,64.34415938
2005-04-01,Lithuania,,,,,40.13022866
2005-04-01,Luxembourg,,,,,82.74819599
2005-04-01,Mexico,57.66147782,,74.17670453,90.70968075,77.74605566
2005-04-01,Netherlands,105.7822266,127.4086474,137.0760491,121.1801124,77.17339522
2005-04-01,New Zealand,61.20602539,86.99785871,76.31651382,73.64717972,80.21509833
2005-04-01,Norway,54.09935699,76.19977966,70.21183428,65.70613316,77.05394742
2005-04-01,Poland,55.17548003,96.1822396,74.97198614,68.09806112,73.5937095
2005-04-01,Portugal,109.7803806,125.8573374,137.8783862,127.9221841,79.62430164
2005-04-01,Romania,,,,,38.41770699
2005-04-01,Russian Federation,44.57848676,181.4737012,125.8280803,105.4616874,35.42019608
2005-04-01,Slovakia,63.03949492,100.9405891,76.08373279,78.29070292,82.85560937
2005-04-01,Slovenia,,,,,91.79645431
2005-04-01,South Africa,54.58286354,118.6713988,100.0063415,97.61915211,54.58085782
2005-04-01,Spain,117.4777352,128.9581834,139.9847261,139.967782,83.92019589
2005-04-01,Sweden,50.86410668,74.80176653,62.28738962,57.71076292,81.66975697
2005-04-01,Switzerland,67.97781987,77.42976201,78.71967859,68.86148366,86.35411825
2005-04-01,Türkiye,,,,,39.83696207
2005-04-01,United Kingdom,78.384,104.4371352,102.0349404,95.37581939,76.82863061
2005-04-01,United States,96.26088481,129.8097792,122.8858748,114.7202156,78.33694618
2005-07-01,Australia,56.47992754,86.97756402,86.34047329,71.65134169,65.41944684
2005-07-01,Austria,61.16750546,73.26504547,85.3059218,74.0771071,71.71967472
2005-07-01,Belgium,73.31751299,88.34976427,87.15312711,86.30677816,84.12676471
2005-07-01,Bulgaria,81.67570078,159.6233733,116.0154969,107.7566859,70.40132058
2005-07-01,Canada,57.18891403,78.4825239,65.45492409,65.12263128,87.37468765
2005-07-01,Chile,40.94371062,88.01859851,61.19525175,60.41881752,66.93030493
2005-07-01,Colombia,36.77289518,78.44012133,53.7790949,55.59695128,68.38578938
2005-07-01,Costa Rica,,,,,60.35216891
2005-07-01,Croatia,83.33531703,100.8053625,152.4266922,104.6508677,54.67245923
2005-07-01,Czech Republic,,,,,57.94646984
2005-07-01,Denmark,85.03341876,109.07426,107.6020208,100.7799235,79.02919815
2005-07-01,Estonia,60.69448841,121.1537894,107.1324287,86.328899,56.63635345
2005-07-01,Finland,77.01250318,101.8998861,100.090794,93.94102949,76.93982646
2005-07-01,France,87.1,101.5947404,104.0929155,96.69132494,83.67499627
2005-07-01,Germany,84.27726558,102.0519775,95.04007672,95.44942717,88.67809086
2005-07-01,Greece,138.512578,118.189961,134.8119873,152.7229699,102.7506587
2005-07-01,Hungary,,,,,67.63366772
2005-07-01,Iceland,63.01944368,111.1365347,138.2980845,114.8249866,45.57220104
2005-07-01,Ireland,133.1865021,138.7508077,179.8300796,135.0880411,74.06465131
2005-07-01,Israel,50.36423777,79.15703136,62.78592876,60.60350231,80.22095376
2005-07-01,Italy,108.9736194,112.5561266,129.0062959,127.4850274,84.47151302
2005-07-01,Japan,102.6913788,103.6879408,99.66734188,100.7924166,103.0339106
2005-07-01,"Korea, Republic of",70.97760391,111.5233129,89.7156987,87.34784802,79.11581992
2005-07-01,Latvia,,,,,64.58742794
2005-07-01,Lithuania,,,,,42.11517563
2005-07-01,Luxembourg,,,,,83.58741268
2005-07-01,Mexico,58.76597914,,75.04245879,91.15560055,78.32114937
2005-07-01,Netherlands,106.7672599,127.2391168,138.1655663,121.5599069,77.2778014
2005-07-01,New Zealand,63.31111928,88.80573789,78.29316844,75.61414047,80.87915181
2005-07-01,Norway,55.35578815,80.69863682,71.51422998,67.03746657,77.40761378
2005-07-01,Poland,55.14611685,94.61715605,74.32062454,67.52551497,74.19919206
2005-07-01,Portugal,111.9596888,124.742745,139.6382241,129.1636769,80.18155258
2005-07-01,Romania,,,,,38.36550415
2005-07-01,Russian Federation,46.40440889,177.3027652,123.360715,106.6808758,37.60846231
2005-07-01,Slovakia,66.36446207,103.8932146,78.87724697,82.0052941,84.13657652
2005-07-01,Slovenia,,,,,93.1318839
2005-07-01,South Africa,57.02885743,121.8219379,104.3636615,100.5844381,54.6458196
2005-07-01,Spain,120.7632484,131.1759925,142.4805623,141.9500114,84.75605646
2005-07-01,Sweden,52.50089825,76.20826652,63.92855662,59.55766693,82.13377937
2005-07-01,Switzerland,69.22227882,78.02549053,79.93417116,70.0210351,86.59893484
2005-07-01,Türkiye,,,,,41.9752079
2005-07-01,United Kingdom,79.414,104.7685854,102.4953746,95.94664554,77.48852429
2005-07-01,United States,98.79960259,131.6692343,125.5427725,116.4877096,78.70135977
2005-10-01,Australia,57.25457503,88.56270933,86.83800859,72.10845822,65.93674462
2005-10-01,Austria,62.85371734,74.37582975,87.01309517,76.0765837,72.25086864
2005-10-01,Belgium,75.31174858,89.6540299,88.98310277,88.42885175,84.63785007
2005-10-01,Bulgaria,83.55837966,157.7880927,117.4204155,107.0225327,71.16235916
2005-10-01,Canada,58.71606335,79.99268456,67.08248163,66.82075641,87.53140914
2005-10-01,Chile,42.03440796,86.62091876,62.47710255,61.73822268,67.30345897
2005-10-01,Colombia,37.22650597,77.61744199,53.85251453,55.54645412,69.13497636
2005-10-01,Costa Rica,,,,,61.21771267
2005-10-01,Croatia,87.07342195,104.0268084,138.3536782,107.4252796,62.93546501
2005-10-01,Czech Republic,,,,,58.42454528
2005-10-01,Denmark,91.92362599,116.713827,115.5968218,107.4689796,79.52425626
2005-10-01,Estonia,68.06228265,129.3580721,121.1979041,95.26721344,56.14077185
2005-10-01,Finland,79.18154141,105.4728004,102.3868043,96.43895804,77.33285805
2005-10-01,France,89.8,103.6977408,106.5173486,99.43119002,84.30526702
2005-10-01,Germany,83.0007622,99.32035262,93.32891742,93.77701045,88.93619174
2005-10-01,Greece,142.5705535,119.5463639,137.4216643,156.118255,103.752494
2005-10-01,Hungary,,,,,68.55814081
2005-10-01,Iceland,66.15042489,113.1989514,141.8839054,119.0684769,46.62739022
2005-10-01,Ireland,138.7989605,143.071143,181.6571742,141.3299364,76.40939575
2005-10-01,Israel,51.33190527,79.47844326,62.86708683,61.55344114,81.6567191
2005-10-01,Italy,110.9304567,113.5924727,130.8164314,129.071484,84.79852659
2005-10-01,Japan,102.0477876,103.3899331,99.05928642,100.1362856,103.0166618
2005-10-01,"Korea, Republic of",71.31898938,111.0884605,90.11521428,87.19186969,79.14391024
2005-10-01,Latvia,,,,,65.98198295
2005-10-01,Lithuania,,,,,44.54511535
2005-10-01,Luxembourg,,,,,84.05545482
2005-10-01,Mexico,59.42459931,,75.26205296,92.1474286,78.96785335
2005-10-01,Netherlands,107.7123252,126.8799689,138.4891279,122.1113912,77.77968902
2005-10-01,New Zealand,65.42847362,90.34506632,80.56847865,77.62894958,81.2235732
2005-10-01,Norway,56.57207885,83.8941466,72.73130306,68.45293091,77.78464565
2005-10-01,Poland,58.1707494,98.08010652,77.74938731,69.43699834,74.81716945
2005-10-01,Portugal,112.3602309,124.8330073,139.3094213,128.4570185,80.65833086
2005-10-01,Romania,,,,,39.87553728
2005-10-01,Russian Federation,49.21672124,177.1229367,128.7128392,109.6275409,38.22909506
2005-10-01,Slovakia,68.40796969,104.4637855,79.76524668,83.09094919,85.76182039
2005-10-01,Slovenia,,,,,93.80139792
2005-10-01,South Africa,59.58185105,124.788037,108.3913873,104.3203429,54.97064051
2005-10-01,Spain,124.8918043,134.37332,145.8976438,145.3562051,85.60068438
2005-10-01,Sweden,54.91848925,78.60946635,66.60016851,62.36078764,82.46947428
2005-10-01,Switzerland,69.89052168,77.88811907,80.30937779,70.39101315,87.02642736
2005-10-01,Türkiye,,,,,44.01018476
2005-10-01,United Kingdom,80.52,105.4902306,103.3008372,96.40494577,77.95509596
2005-10-01,United States,100.8848109,132.5211497,127.2586271,118.0050525,79.2788432
2006-01-01,Australia,58.41377376,88.85610988,87.86372117,72.82457077,66.48640236
2006-01-01,Austria,63.20107916,74.16359355,86.91799564,75.97183746,72.72965261
2006-01-01,Belgium,77.06705459,90.63628827,89.45780734,90.05594139,86.15092585
2006-01-01,Bulgaria,87.05069672,159.2890444,119.8551434,114.6454753,72.63058063
2006-01-01,Canada,60.34125189,80.19878493,68.79490522,68.38969253,87.71505693
2006-01-01,Chile,42.19551508,83.75010533,62.32146401,61.41520779,67.73014042
2006-01-01,Colombia,38.54757807,77.58622092,55.00921008,56.85806435,70.08308607
2006-01-01,Costa Rica,,,,,62.24560663
2006-01-01,Croatia,93.11573355,110.2432312,135.7716453,113.2558255,68.58269243
2006-01-01,Czech Republic,,,,,57.96811657
2006-01-01,Denmark,98.43853077,122.3901205,123.1733668,115.2688856,79.92206078
2006-01-01,Estonia,77.4509401,140.3228986,127.0579499,107.3931375,60.93850962
2006-01-01,Finland,79.54266391,102.6336294,101.5206057,96.48281909,78.3483813
2006-01-01,France,92.6,106.6670997,108.6336364,101.8541517,85.24038228
2006-01-01,Germany,83.01026792,99.27729103,93.0779637,93.44351173,89.18619149
2006-01-01,Greece,148.3074508,120.9274115,141.5133737,161.2958637,104.8067848
2006-01-01,Hungary,,,,,68.60228886
2006-01-01,Iceland,68.91322029,114.6718292,144.8110272,121.8306544,47.59293798
2006-01-01,Ireland,142.3625551,144.7602703,175.4244584,143.7395103,81.15564535
2006-01-01,Israel,51.60920595,78.67000689,62.54593393,60.88171327,82.51938334
2006-01-01,Italy,112.8396991,114.6585089,132.0121016,130.3639069,85.4767454
2006-01-01,Japan,101.2270096,102.3984636,98.230771,99.06862261,103.0499841
2006-01-01,"Korea, Republic of",72.40000787,111.7230803,91.44047055,88.38885755,79.17910784
2006-01-01,Latvia,89.60132617,145.5782067,132.1152183,123.3252295,67.81515622
2006-01-01,Lithuania,87.18339395,144.9474347,184.8812863,119.4666036,47.03603784
2006-01-01,Luxembourg,,,,,84.41851985
2006-01-01,Mexico,60.52949702,,76.09571928,93.54610396,79.55490649
2006-01-01,Netherlands,108.9049439,126.9658354,139.196953,121.9571392,78.24099213
2006-01-01,New Zealand,66.34611585,91.21819093,81.5079253,78.24215187,81.41344446
2006-01-01,Norway,58.61428796,90.70719401,74.87438034,70.50976878,78.28586606
2006-01-01,Poland,60.74705208,101.1368673,80.88260148,73.53469663,75.10410694
2006-01-01,Portugal,112.6071281,124.9034832,138.6750336,127.4323527,81.20536047
2006-01-01,Romania,,,,,40.37895947
2006-01-01,Russian Federation,50.81881943,172.4352597,127.3243395,109.9016789,39.90399247
2006-01-01,Slovakia,71.25872424,107.3220502,83.35060111,85.37441035,85.49295119
2006-01-01,Slovenia,,,,,94.35402918
2006-01-01,South Africa,61.83384542,129.1198528,111.7116485,108.8138012,55.35277219
2006-01-01,Spain,128.5168192,136.5417189,148.4814256,148.3902352,86.55245978
2006-01-01,Sweden,56.84930498,80.6874961,69.02346433,64.45640106,82.37176633
2006-01-01,Switzerland,71.14369119,78.70578678,81.28883243,71.35463945,87.51946265
2006-01-01,Türkiye,,,,,45.91315703
2006-01-01,United Kingdom,82.334,106.5215274,104.845679,97.8965705,78.53681123
2006-01-01,United States,102.3715738,131.6222203,128.0453874,119.1229819,79.95289528
2006-04-01,Australia,60.24408609,91.16759758,89.96703733,74.2333516,66.96658664
2006-04-01,Austria,63.69345967,74.12563584,86.15353431,75.96621444,73.94664301
2006-04-01,Belgium,78.99488046,91.89964257,91.33534069,91.28891568,86.49072356
2006-04-01,Bulgaria,89.31888061,158.6391065,121.861683,116.5022395,73.29596049
2006-04-01,Canada,62.11349925,83.10307071,70.60313481,70.12684502,87.97881786
2006-04-01,Chile,42.92965637,84.03429498,62.82802543,62.0922584,68.35296083
2006-04-01,Colombia,39.9523386,77.69402864,56.41385774,58.25901761,70.82848232
2006-04-01,Costa Rica,,,,,62.98585479
2006-04-01,Croatia,92.73759867,108.3447842,131.3025315,112.5026728,70.62903772
2006-04-01,Czech Republic,,,,,58.24925278
2006-04-01,Denmark,102.9129525,127.4853814,128.278398,119.6687349,80.22964551
2006-04-01,Estonia,84.03470987,145.5754658,129.5136884,115.0373734,64.86493869
2006-04-01,Finland,80.87178864,107.91775,101.7604645,97.70334142,79.46978989
2006-04-01,France,95.0,107.7745661,110.6511148,103.8306308,85.8551855
2006-04-01,Germany,83.00100619,98.61985315,92.80636122,93.18426654,89.43721944
2006-04-01,Greece,152.8552406,121.5417772,144.1438171,164.1747668,106.0494029
2006-04-01,Hungary,,,,,69.40651096
2006-04-01,Iceland,70.75950923,113.5260872,145.856136,120.4900929,48.51786843
2006-04-01,Ireland,148.2226508,150.5898484,170.9976389,148.0855639,86.68372547
2006-04-01,Israel,50.6171633,76.11114598,62.1951406,59.64017515,81.38965868
2006-04-01,Italy,114.4197132,115.3015914,133.1538486,131.03082,85.93041998
2006-04-01,Japan,100.5223593,100.3501355,97.5241078,98.55009872,103.0741499
2006-04-01,"Korea, Republic of",73.78541805,112.5728826,93.00140802,89.72551855,79.33986576
2006-04-01,Latvia,99.6916898,155.9949552,142.5952315,133.6303261,69.90675299
2006-04-01,Lithuania,88.10286609,144.2584403,178.9917446,117.9127869,49.09609486
2006-04-01,Luxembourg,,,,,84.83354674
2006-04-01,Mexico,61.48479703,,76.61993245,93.80865561,80.25758916
2006-04-01,Netherlands,110.4289131,127.4021835,140.3173365,123.0428946,78.70239472
2006-04-01,New Zealand,67.40158083,90.67200592,81.94514695,78.35091358,82.26731243
2006-04-01,Norway,60.79204852,93.87132186,77.21214581,72.89372476,78.73616613
2006-04-01,Poland,66.03145411,108.0635971,87.21616531,78.59200782,75.70899192
2006-04-01,Portugal,112.9973118,124.5679593,138.2501606,126.7657888,81.73716362
2006-04-01,Romania,,,,,39.90013126
2006-04-01,Russian Federation,57.15977647,184.2827183,140.3136368,123.7913556,40.72807189
2006-04-01,Slovakia,74.464904,109.1919829,87.19405875,88.26999767,85.40154793
2006-04-01,Slovenia,,,,,95.01681469
2006-04-01,South Africa,64.04883988,130.0913439,114.9359638,111.9518681,55.72715948
2006-04-01,Spain,132.8849399,140.1494304,151.7525846,151.6593556,87.56513934
2006-04-01,Sweden,57.64681158,80.52931058,70.11166811,65.1490251,82.23088493
2006-04-01,Switzerland,72.04142082,78.66306951,81.90410284,71.94955226,87.95808107
2006-04-01,Türkiye,,,,,47.96368406
2006-04-01,United Kingdom,84.05,108.0403351,106.2058911,98.70121454,79.14686113
2006-04-01,United States,103.0869032,131.3022864,127.465849,118.9112838,80.87762766
2006-07-01,Australia,61.45117901,89.21537083,90.78076768,75.18850602,67.69608143
2006-07-01,Austria,64.28110429,74.19925371,86.86206571,76.31571846,74.02013922
2006-07-01,Belgium,80.58300289,92.7605224,92.55250175,92.42691967,87.06923361
2006-07-01,Bulgaria,93.03234013,160.1606997,125.2775938,119.1985198,74.26163089
2006-07-01,Canada,65.39781297,85.29162436,74.11157547,73.65029662,88.24564654
2006-07-01,Chile,43.45167664,84.9311385,62.74463947,61.8491467,69.27606978
2006-07-01,Colombia,42.07774197,79.01926856,58.96371646,60.19464231,71.37056033
2006-07-01,Costa Rica,,,,,64.04898916
2006-07-01,Croatia,100.9331155,116.3105901,138.3076882,121.9730646,72.97731806
2006-07-01,Czech Republic,,,,,58.65377844
2006-07-01,Denmark,104.9127635,129.824993,130.3193832,120.5414927,80.50774718
2006-07-01,Estonia,91.13915607,150.980485,128.7104319,122.0447331,70.78777042
2006-07-01,Finland,82.04474941,104.8422176,101.7232463,98.71725087,80.65191406
2006-07-01,France,97.0,107.8965881,112.1539928,105.3733316,86.48797206
2006-07-01,Germany,82.29507439,97.58712919,91.79994966,92.18611396,89.64871641
2006-07-01,Greece,155.6286818,120.8165384,144.7791734,165.9942645,107.4997513
2006-07-01,Hungary,,,,,70.33311518
2006-07-01,Iceland,71.55678506,110.4610859,143.8826608,119.1600254,49.73750137
2006-07-01,Ireland,156.0223709,158.5809748,167.4999225,154.8603863,93.15053825
2006-07-01,Israel,50.10269681,74.34031533,63.06402197,59.1336814,79.45245414
2006-07-01,Italy,115.9439214,115.9387116,134.0382046,131.7506015,86.50061311
2006-07-01,Japan,99.8021799,98.82550964,96.83278336,97.68183644,103.0663002
2006-07-01,"Korea, Republic of",74.50274866,112.2707576,93.65610308,90.36926826,79.55118534
2006-07-01,Latvia,107.8085693,162.643972,150.2190307,141.283095,71.76182962
2006-07-01,Lithuania,95.09908541,149.0200096,186.5904523,126.8501875,50.83663974
2006-07-01,Luxembourg,,,,,85.27596062
2006-07-01,Mexico,62.41680022,,77.18238392,93.84686958,80.8804285
2006-07-01,Netherlands,111.2177753,127.0836009,140.0548606,123.2528909,79.41316405
2006-07-01,New Zealand,69.14551756,91.023608,83.87010923,79.96383667,82.45885282
2006-07-01,Norway,63.60119045,96.38026237,80.30052923,76.14421905,79.2063399
2006-07-01,Poland,81.74591195,131.5340462,106.5599511,97.7675344,76.71240891
2006-07-01,Portugal,112.8398317,123.740379,137.3805882,125.9657064,82.13989705
2006-07-01,Romania,,,,,40.35302665
2006-07-01,Russian Federation,64.23821431,197.2318158,151.0128244,135.5911411,42.5287717
2006-07-01,Slovakia,76.83029261,109.6043793,89.17335689,89.65097359,86.15854851
2006-07-01,Slovenia,,,,,96.2802236
2006-07-01,South Africa,66.25183437,130.5569448,114.2454747,113.9167252,57.99231982
2006-07-01,Spain,137.9465581,144.4618929,155.8811373,156.8240507,88.49299189
2006-07-01,Sweden,58.88031948,80.91384504,71.18166597,66.17684922,82.72789653
2006-07-01,Switzerland,72.43456988,78.06942759,81.98569994,72.05872691,88.35007265
2006-07-01,Türkiye,,,,,50.35472395
2006-07-01,United Kingdom,85.724,108.4255294,107.3449797,99.98570811,79.86661443
2006-07-01,United States,103.2505406,130.8028364,126.2541408,118.2486472,81.78345565
2006-10-01,Australia,62.20896113,88.69204139,90.94876659,75.810627,68.40428327
2006-10-01,Austria,64.30857365,73.53549763,86.77021087,76.22869576,74.13016149
2006-10-01,Belgium,81.81606206,93.14815529,93.54705713,93.52287337,87.46169302
2006-10-01,Bulgaria,98.02808255,162.6636775,130.4978728,124.6154695,75.11921068
2006-10-01,Canada,66.76659125,85.94336045,75.43520468,75.26052966,88.51181392
2006-10-01,Chile,43.92958318,86.01696311,63.12236421,62.70685733,69.61889984
2006-10-01,Colombia,42.84434137,77.94138052,59.33371703,60.43899148,72.21766533
2006-10-01,Costa Rica,,,,,64.97739492
2006-10-01,Croatia,103.0835523,117.107159,139.3049696,124.3117739,73.9985669
2006-10-01,Czech Republic,,,,,59.29552391
2006-10-01,Denmark,105.4387825,130.496287,129.8875613,121.4466404,81.18039923
2006-10-01,Estonia,100.2613117,157.8835816,129.9191098,132.6874265,77.14847127
2006-10-01,Finland,83.76079804,106.9977221,102.117418,100.5002854,82.0210035
2006-10-01,France,98.7,108.244567,113.3575742,107.1623753,87.06935525
2006-10-01,Germany,83.77848172,97.25038017,93.19048956,93.58045935,89.90287266
2006-10-01,Greece,161.5236268,122.9137454,148.4130602,170.5530049,108.839829
2006-10-01,Hungary,,,,,71.34647703
2006-10-01,Iceland,71.93719334,106.3331863,141.7534142,118.288408,50.75298222
2006-10-01,Ireland,159.0604231,159.0450578,157.0322427,157.5487997,101.2946262
2006-10-01,Israel,49.29493394,72.19710052,63.52422397,58.71965504,77.60519582
2006-10-01,Italy,117.5614547,116.7348976,134.942734,133.3883222,87.11947497
2006-10-01,Japan,99.9826108,98.56641818,97.11501099,98.07524129,102.952568
2006-10-01,"Korea, Republic of",79.62134453,118.4309278,99.51585925,96.30010295,80.01062311
2006-10-01,Latvia,120.7984147,174.5090192,164.6846132,153.9817192,73.34548531
2006-10-01,Lithuania,106.6046545,164.865071,202.6407052,139.3292385,52.47342265
2006-10-01,Luxembourg,,,,,85.6724366
2006-10-01,Mexico,63.53228582,,77.98214805,94.07038994,81.48157558
2006-10-01,Netherlands,112.4893676,127.3575686,140.7869598,124.7674205,79.9034491
2006-10-01,New Zealand,71.2501004,92.0973523,85.66334083,82.3233534,83.1899644
2006-10-01,Norway,66.09247306,98.11879533,83.00057,78.28101872,79.6313422
2006-10-01,Poland,97.53558187,154.2322808,125.54573,117.503496,77.68813986
2006-10-01,Portugal,113.3735529,122.7770276,137.271211,125.8047187,82.59416887
2006-10-01,Romania,,,,,43.02924647
2006-10-01,Russian Federation,69.84418979,204.1421101,156.5482642,146.5605227,44.60517394
2006-10-01,Slovakia,81.39331928,112.8128629,93.69835739,94.48043664,86.86759236
2006-10-01,Slovenia,,,,,96.33871575
2006-10-01,South Africa,68.27782931,130.4477928,113.6647275,115.2967994,60.07109814
2006-10-01,Spain,142.6533278,148.2416149,159.6021497,161.4920871,89.37884659
2006-10-01,Sweden,60.45356397,81.71180559,72.76718259,68.04809887,83.08762047
2006-10-01,Switzerland,75.74531811,80.66088228,85.23436104,75.22417453,88.86693836
2006-10-01,Türkiye,,,,,52.74825511
2006-10-01,United Kingdom,88.392,111.3772619,109.9923088,102.8221344,80.37023308
2006-10-01,United States,103.7321022,130.5026543,125.6219911,118.9971297,82.57836127
2007-01-01,Australia,63.2657878,88.54703052,91.16409343,76.53561775,69.4020445
2007-01-01,Austria,65.74151529,74.2630944,88.04440265,77.2816696,74.68522277
2007-01-01,Belgium,83.9941959,94.88569094,95.62966336,95.219531,87.83469287
2007-01-01,Bulgaria,106.9386512,177.7634047,142.1231949,129.1023305,75.24431288
2007-01-01,Canada,68.20324284,85.58258758,76.74976763,76.1712525,88.86772557
2007-01-01,Chile,45.50779655,89.73703837,64.82863966,64.17724042,70.22184397
2007-01-01,Colombia,45.50850495,80.51607024,62.34903651,63.62707605,72.99856974
2007-01-01,Costa Rica,,,,,65.99582335
2007-01-01,Croatia,106.1317614,119.1397608,139.0346893,126.98219,76.33483017
2007-01-01,Czech Republic,,,,,60.19029847
2007-01-01,Denmark,105.9555688,131.1326589,129.8628176,121.9642744,81.59383183
2007-01-01,Estonia,104.1375552,161.4397643,123.6203811,133.751004,84.21399653
2007-01-01,Finland,85.0304973,106.1648617,102.0536096,101.2879226,83.31639034
2007-01-01,France,100.2,109.4130185,114.1071996,108.3268603,87.81190399
2007-01-01,Germany,79.96590037,93.74254771,88.73977439,88.70977022,90.11543592
2007-01-01,Greece,161.2880599,121.0467071,146.4801721,168.726807,110.1152045
2007-01-01,Hungary,94.56492553,127.1343279,130.0721757,125.4293168,72.73748663
2007-01-01,Iceland,72.82950711,103.210231,138.5551769,119.6611586,52.56857665
2007-01-01,Ireland,162.9646837,163.117648,147.8449514,159.3743762,110.2300755
2007-01-01,Israel,48.94812177,70.37773305,63.45655486,57.45711425,77.14138292
2007-01-01,Italy,119.1718499,116.9339928,136.0734666,134.5869924,87.57901071
2007-01-01,Japan,99.72173879,98.35744546,96.89184448,98.09853394,102.9204541
2007-01-01,"Korea, Republic of",81.44985927,119.5155607,101.2519053,98.25006373,80.444726
2007-01-01,Latvia,134.4296632,181.6113963,174.8051735,168.39127,76.89639931
2007-01-01,Lithuania,112.0863242,181.0625978,202.4272362,146.2054869,55.22981585
2007-01-01,Luxembourg,73.19453934,86.87802207,85.15653338,83.30836718,85.95552094
2007-01-01,Mexico,65.00840151,,79.19340093,94.43164859,82.09952119
2007-01-01,Netherlands,114.0308677,127.733636,141.9480575,125.275927,80.33586181
2007-01-01,New Zealand,73.96883666,91.88019179,88.20405227,85.32853675,83.87658034
2007-01-01,Norway,68.44364217,100.1068244,85.68680295,81.09895154,79.87893776
2007-01-01,Poland,109.1714137,170.7410358,138.6350608,129.8459499,78.74617132
2007-01-01,Portugal,114.0668028,121.7972399,137.2545042,125.3053211,83.10932574
2007-01-01,Romania,,,,,43.35145528
2007-01-01,Russian Federation,78.58218767,217.4936624,172.4866637,159.2831935,45.54826127
2007-01-01,Slovakia,87.05100418,118.2007089,98.84691915,101.1912169,88.06668519
2007-01-01,Slovenia,116.2379127,131.0359024,120.2900322,134.1472544,96.62205548
2007-01-01,South Africa,70.86282284,131.5646749,115.7994502,117.9346249,61.19606989
2007-01-01,Spain,145.6811451,150.9273027,161.1225036,163.009907,90.41463228
2007-01-01,Sweden,62.67008332,83.33550523,75.28026981,70.28528454,83.25859495
2007-01-01,Switzerland,76.79368126,80.21560708,85.826286,76.0498966,89.47553451
2007-01-01,Türkiye,,,,,55.1240407
2007-01-01,United Kingdom,91.042,112.3137953,112.3896952,106.7233771,81.01396385
2007-01-01,United States,104.3585997,129.3896814,125.2785177,118.6324251,83.30486993
2007-04-01,Australia,65.73424151,89.42464569,93.3423801,78.52072288,70.42712294
2007-04-01,Austria,67.0795265,74.84385972,89.11634498,78.4029987,75.2886213
2007-04-01,Belgium,85.47956934,95.26698469,96.87738374,96.25114133,88.23672101
2007-04-01,Bulgaria,113.6208326,178.1452398,150.3781984,138.7571282,75.5574044
2007-04-01,Canada,71.03695324,90.04973415,79.57005825,78.99754717,89.27929671
2007-04-01,Chile,46.59000561,89.91311727,65.65114429,65.01166525,70.99108157
2007-04-01,Colombia,47.1041823,81.61885012,63.85907222,64.98359379,73.77146261
2007-04-01,Costa Rica,,,,,67.04423499
2007-04-01,Croatia,108.7321157,120.200621,138.2189862,128.9129715,78.66665392
2007-04-01,Czech Republic,,,,,61.37104302
2007-04-01,Denmark,105.6438137,130.5815041,128.8814908,120.4100666,81.97319884
2007-04-01,Estonia,109.4338551,162.3614421,125.3592702,138.2571961,87.26944665
2007-04-01,Finland,85.98863907,106.2111887,101.6778431,102.0343901,84.56659565
2007-04-01,France,101.4,109.3655617,114.4548991,108.8388477,88.59358732
2007-04-01,Germany,81.22188105,94.93263826,89.87031383,89.73090718,90.37940162
2007-04-01,Greece,163.3098101,121.2713939,146.9402087,169.7342846,111.1464343
2007-04-01,Hungary,97.44721841,130.9396491,130.7422157,126.1503139,74.57035597
2007-04-01,Iceland,75.8556818,102.9737433,140.648003,123.590027,53.93816288
2007-04-01,Ireland,164.0295556,160.2985593,139.1337235,158.6259534,117.8970141
2007-04-01,Israel,49.19466132,70.12599411,64.93955279,58.46152981,75.75940584
2007-04-01,Italy,120.4816136,117.6196893,136.9615119,135.1869866,87.96745691
2007-04-01,Japan,99.44439326,98.5860367,96.60879331,97.83000612,102.9349172
2007-04-01,"Korea, Republic of",81.86337783,118.4279401,101.3292765,97.98851401,80.79140514
2007-04-01,Latvia,139.3463719,177.8471889,169.0618395,167.9475851,82.41670573
2007-04-01,Lithuania,116.6200805,178.463736,198.3509323,149.8705584,58.64473179
2007-04-01,Luxembourg,72.91784019,85.80893677,84.51959386,82.57908552,86.27589306
2007-04-01,Mexico,66.2808438,,80.15278816,94.9383747,82.70457333
2007-04-01,Netherlands,115.2369141,127.8822952,142.6185284,125.9658703,80.80386803
2007-04-01,New Zealand,76.43736034,94.62322169,90.57313153,87.76854438,84.40861276
2007-04-01,Norway,69.91042113,100.9977669,87.3072015,82.87480186,80.07647711
2007-04-01,Poland,115.9936707,177.780835,145.2526726,137.0982706,79.85530091
2007-04-01,Portugal,113.3224152,119.2677907,135.2302836,123.0372481,83.80288288
2007-04-01,Romania,,,,,69.36768415
2007-04-01,Russian Federation,81.96541237,214.6593013,174.7418774,165.1079723,46.89611227
2007-04-01,Slovakia,93.27587933,122.5927576,105.037662,107.4168773,88.80252368
2007-04-01,Slovenia,118.1432032,130.1086742,120.9382928,133.9511229,97.67940798
2007-04-01,South Africa,74.17081457,133.9059063,120.056238,121.3564769,61.78170634
2007-04-01,Spain,148.5720144,152.2113689,162.6038157,164.7465406,91.36878598
2007-04-01,Sweden,65.56374574,85.8161101,78.34777318,72.94104854,83.69260242
2007-04-01,Switzerland,77.13873468,79.96443032,85.59043511,75.93066838,90.12523511
2007-04-01,Türkiye,,,,,57.36814631
2007-04-01,United Kingdom,92.998,114.4470509,113.8874827,107.3764112,81.66617231
2007-04-01,United States,104.0827538,127.7595381,123.9086278,117.3230682,84.003229
2007-07-01,Australia,68.30958698,92.66436974,95.39552294,81.21820981,71.61117967
2007-07-01,Austria,67.61110062,74.52835813,89.65763783,78.45949294,75.42710431
2007-07-01,Belgium,86.40557137,95.02861494,97.38579316,97.01071167,88.72695511
2007-07-01,Bulgaria,121.3789085,179.0900185,156.922495,141.8703019,77.35029308
2007-07-01,Canada,72.64140271,91.68927728,80.9996732,80.62649143,89.68443269
2007-07-01,Chile,47.62719491,88.62203784,66.62724241,65.0756639,71.50830684
2007-07-01,Colombia,48.0780768,81.91161646,64.34898235,65.90533757,74.72345308
2007-07-01,Costa Rica,,,,,68.0895479
2007-07-01,Croatia,108.9130495,118.6299336,136.1562584,128.0064242,79.99131795
2007-07-01,Czech Republic,,,,,63.28188798
2007-07-01,Denmark,105.6960515,130.3078944,128.7541869,120.2923884,82.0948221
2007-07-01,Estonia,106.8210096,152.6242016,121.5733362,133.7616281,87.8385832
2007-07-01,Finland,86.89609815,105.7996914,101.549345,102.8208765,85.56718531
2007-07-01,France,102.6,109.8515971,115.0251831,109.3431989,89.1975954
2007-07-01,Germany,81.71793946,95.01165102,90.05195508,89.81050078,90.74797398
2007-07-01,Greece,165.1963032,121.6064124,147.3217254,170.4458233,112.1391968
2007-07-01,Hungary,100.6566826,133.3617391,132.4977437,128.8261359,76.00580103
2007-07-01,Iceland,79.02705411,102.7643265,144.1883112,127.7897808,54.81347581
2007-07-01,Ireland,162.5552889,152.6142616,133.1372767,156.570419,122.0996842
2007-07-01,Israel,50.24234256,71.01747371,64.67191459,58.42281878,77.69302667
2007-07-01,Italy,121.781603,118.4913475,137.7334066,135.7419288,88.41830807
2007-07-01,Japan,99.00380272,98.31045295,96.21396124,97.4460907,102.899403
2007-07-01,"Korea, Republic of",82.73178497,117.9286336,101.9993584,98.50841986,81.11205367
2007-07-01,Latvia,147.2032523,176.3095371,169.4336343,170.5990787,86.87262701
2007-07-01,Lithuania,122.0393232,175.7437368,182.4114196,153.2916578,66.73254391
2007-07-01,Luxembourg,76.06972535,88.70764163,87.86453455,86.11562711,86.57874854
2007-07-01,Mexico,67.53710161,,81.08350702,94.35213665,83.30479983
2007-07-01,Netherlands,116.9513071,128.6812514,145.2530798,127.3699814,80.51859949
2007-07-01,New Zealand,76.8659304,95.29398786,90.43360234,87.95617414,85.01283963
2007-07-01,Norway,70.8283252,100.6194948,87.8338186,83.93652289,80.64144783
2007-07-01,Poland,117.8075823,176.7347893,145.3965508,137.9177808,81.0238227
2007-07-01,Portugal,114.1523177,119.6337222,135.1447384,123.349451,84.47003755
2007-07-01,Romania,,,,,82.14752124
2007-07-01,Russian Federation,85.66608891,211.8015282,174.6792807,167.9295764,49.03100044
2007-07-01,Slovakia,101.8972297,129.8120714,113.1156607,116.5205417,90.08254402
2007-07-01,Slovenia,122.0451284,131.7965556,123.399401,138.1022417,98.89298995
2007-07-01,South Africa,76.3618091,134.3987581,118.2574733,122.5956911,64.57422372
2007-07-01,Spain,150.465104,152.4185577,162.9291971,165.8736287,92.34820272
2007-07-01,Sweden,67.66777675,87.27723207,80.45983059,75.26031135,84.11099419
2007-07-01,Switzerland,77.16163495,79.56953174,85.32816483,75.64927987,90.42908781
2007-07-01,Türkiye,,,,,59.35061028
2007-07-01,United Kingdom,94.542,114.4960659,114.9252036,108.6992655,82.27238533
2007-07-01,United States,102.7643037,125.524469,121.358554,115.1854578,84.68190989
2007-10-01,Australia,70.53138371,93.91574227,96.78271801,83.11883884,72.88056843
2007-10-01,Austria,67.00318196,73.112648,89.09919472,76.86826582,75.21740926
2007-10-01,Belgium,87.39566339,95.05269818,98.0367151,97.12257846,89.14778756
2007-10-01,Bulgaria,131.7416078,184.0301406,167.8060105,152.5295148,78.5089895
2007-10-01,Canada,73.82164404,91.82680348,81.95596224,81.8492988,90.07811082
2007-10-01,Chile,47.95047211,85.42858682,65.27398674,64.23293493,73.48624882
2007-10-01,Colombia,49.89123595,83.70604655,66.08498976,67.61920222,75.50452247
2007-10-01,Costa Rica,,,,,69.40718642
2007-10-01,Croatia,113.0530735,121.5288367,139.3289386,130.2760502,81.14123017
2007-10-01,Czech Republic,,,,,64.75679301
2007-10-01,Denmark,105.4116227,129.4749549,127.1440142,118.7675211,82.91076891
2007-10-01,Estonia,105.7475148,142.9548985,120.4370495,129.0364377,87.77625362
2007-10-01,Finland,87.54476548,106.3144286,101.2164884,102.5903333,86.48942604
2007-10-01,France,104.1,109.8708894,115.8939427,109.7901572,89.82323887
2007-10-01,Germany,82.07509157,93.94545244,90.16806143,89.48024763,91.02722848
2007-10-01,Greece,165.3088268,120.5200739,146.0020985,168.0430876,113.229831
2007-10-01,Hungary,102.9711734,137.9412922,132.4056776,129.882288,77.80753626
2007-10-01,Iceland,82.03253134,102.3449701,146.1870613,129.9314616,56.12014467
2007-10-01,Ireland,161.2254718,146.0016905,128.4522867,154.866675,125.5176856
2007-10-01,Israel,50.10787435,70.24177306,66.49930032,57.50894207,75.35581692
2007-10-01,Italy,123.0859427,119.6610025,138.5116393,136.0383015,88.86320859
2007-10-01,Japan,99.35772814,98.39751912,96.63097073,97.40329883,102.8216064
2007-10-01,"Korea, Republic of",84.2711332,118.3395146,103.4168019,99.27124927,81.48884709
2007-10-01,Latvia,148.4907126,170.5318276,166.1845861,166.7526358,89.34571473
2007-10-01,Lithuania,125.474272,168.0105829,165.4138935,152.1055333,75.6610936
2007-10-01,Luxembourg,75.49863931,87.23039561,86.50070241,84.11871072,87.28358162
2007-10-01,Mexico,68.20198552,,81.34394151,93.56281835,83.85557415
2007-10-01,Netherlands,118.2769111,129.2927848,146.0234078,127.8905175,81.00167067
2007-10-01,New Zealand,76.70011267,95.29402626,89.64578962,86.89982881,85.57493352
2007-10-01,Norway,71.2176115,101.1372949,87.60476451,83.18436131,81.29667541
2007-10-01,Poland,112.2973333,164.7813676,136.5354355,129.9168393,82.24654312
2007-10-01,Portugal,112.3300063,115.8613602,132.0124962,120.0172818,85.09378383
2007-10-01,Romania,,,,,86.28234891
2007-10-01,Russian Federation,91.28931105,213.2866619,178.1320323,173.5177175,51.23669602
2007-10-01,Slovakia,109.7949068,136.2158309,121.018798,124.3489676,90.7257071
2007-10-01,Slovenia,126.9537557,133.2342908,126.7318555,140.3040778,100.1654325
2007-10-01,South Africa,76.69980825,131.9661014,115.3211883,119.9728313,66.51150119
2007-10-01,Spain,150.4462486,150.9870918,161.3608999,163.3534627,93.23406738
2007-10-01,Sweden,67.03839418,85.34513587,79.22647661,74.22686807,84.62588684
2007-10-01,Switzerland,77.4199491,79.58547767,85.27133497,75.33147046,90.79228649
2007-10-01,Türkiye,,,,,61.43867106
2007-10-01,United Kingdom,95.632,115.9066444,115.2790249,109.5622461,82.965499
2007-10-01,United States,100.8848109,122.1021334,118.4201702,111.9392094,85.19593176
2008-01-01,Australia,71.31386103,93.06313351,96.07616742,83.2744381,74.23102232
2008-01-01,Austria,66.90320679,72.44395763,88.63977403,76.56978776,75.49444844
2008-01-01,Belgium,88.46007555,93.74667396,98.81468558,97.33838841,89.52312834
2008-01-01,Brazil,93.61294284,,,160.529256,
2008-01-01,Bulgaria,141.0123905,179.8310806,173.2415646,161.6594763,81.39713488
2008-01-01,Canada,75.15837104,91.46810589,83.08182711,82.96114384,90.46642533
2008-01-01,Chile,50.20832589,84.59692592,67.29723372,65.85298252,74.63316483
2008-01-01,Colombia,52.60637404,86.98474897,68.98317524,70.24998284,76.26876557
2008-01-01,Costa Rica,,,,,70.36983556
2008-01-01,Croatia,121.2465956,127.2547356,140.9105337,138.4806166,86.04519751
2008-01-01,Czech Republic,97.46474858,110.9760911,141.3588175,105.0392248,68.94990783
2008-01-01,Denmark,104.2795599,128.3467771,124.8407968,116.7752573,83.53356578
2008-01-01,Estonia,102.8785692,132.2460135,118.7323301,122.9784631,86.62094222
2008-01-01,Finland,87.84079009,105.0251057,100.7147966,101.8745906,87.2141697
2008-01-01,France,104.6,109.411699,115.8703793,109.3029786,90.27302077
2008-01-01,Germany,82.95315413,94.68230553,90.83436803,90.10735,91.32619876
2008-01-01,Greece,165.9722284,119.4508265,145.2102355,166.2065766,114.304179
2008-01-01,Hungary,100.0500256,131.7156747,124.7880142,123.6443739,80.21524978
2008-01-01,Iceland,83.62274676,100.1090933,145.1121003,128.5198511,57.63182935
2008-01-01,Ireland,158.9412581,142.4115716,121.3765692,152.6173178,130.9528319
2008-01-01,Israel,51.1841852,72.38127493,69.61818067,58.16220695,73.52601067
2008-01-01,Italy,124.434892,119.2458432,139.3490157,136.2931609,89.29724765
2008-01-01,Japan,99.01690773,98.45849418,96.29885367,96.74740838,102.8223005
2008-01-01,"Korea, Republic of",85.9290689,118.8049837,104.817467,99.99154589,81.98169408
2008-01-01,Latvia,157.3022176,167.4752515,160.1461434,170.4659087,98.21629252
2008-01-01,Lithuania,130.9316776,169.2726579,159.0094001,153.9782249,82.1318957
2008-01-01,Luxembourg,75.91207323,86.14157676,86.44490648,83.74472256,87.81819617
2008-01-01,Mexico,69.04732349,,81.75142767,92.75460132,84.47177766
2008-01-01,Netherlands,118.3590749,126.9801072,145.3734832,126.5927966,81.42032795
2008-01-01,New Zealand,76.10865093,95.82651151,88.07697037,85.60304696,86.42753403
2008-01-01,Norway,71.16502523,98.80484965,86.9558109,82.31938854,81.84291821
2008-01-01,Poland,114.8733528,165.5320316,137.6989295,130.7296528,83.42233142
2008-01-01,Portugal,109.4825076,111.6276313,127.8849241,115.7846633,85.61354528
2008-01-01,Romania,,,,,88.03637335
2008-01-01,Russian Federation,93.77210075,207.5112921,175.8595836,173.2997005,53.31026177
2008-01-01,Slovakia,116.3709586,136.9814707,128.5334852,129.4046378,90.53767353
2008-01-01,Slovenia,129.8398969,133.5923287,126.4185598,140.1891831,102.6964507
2008-01-01,South Africa,75.91181022,126.660926,111.2327959,118.6157623,68.24770866
2008-01-01,Spain,150.1241076,147.0914441,159.3948882,161.2450524,94.18193839
2008-01-01,Sweden,67.06813623,83.62049553,78.75003053,73.39624469,85.17565448
2008-01-01,Switzerland,78.34221531,79.65842417,85.97147856,75.80077766,91.12563889
2008-01-01,Türkiye,,,,,63.44699755
2008-01-01,United Kingdom,94.48,114.7980869,112.9075365,106.6847815,83.68768189
2008-01-01,United States,98.55180878,117.9384756,114.8777427,108.4659836,85.79213189
2008-04-01,Australia,70.28554608,91.00474418,92.61497131,81.469441,75.89479436
2008-04-01,Austria,66.40549656,71.67201788,87.69029549,75.25635258,75.74417106
2008-04-01,Belgium,89.56020248,94.72093812,99.51624063,97.3201164,89.99752007
2008-04-01,Brazil,93.8307766,,,158.3795547,
2008-04-01,Bulgaria,150.2868618,187.0942044,178.2735871,166.4954679,84.30201463
2008-04-01,Canada,75.62782805,91.01556877,83.25956237,82.90340704,90.83717396
2008-04-01,Chile,51.22100663,84.03884354,67.6765201,65.52098384,75.71177363
2008-04-01,Colombia,54.73075807,88.95059915,70.83052925,72.00419193,77.27918017
2008-04-01,Costa Rica,,,,,71.38546233
2008-04-01,Croatia,123.98966,129.2388224,138.5938473,139.5280142,89.46271231
2008-04-01,Czech Republic,101.0452026,114.0231541,143.5689672,108.3355655,70.38241255
2008-04-01,Denmark,102.8106038,125.8390786,122.2614842,114.3811619,84.09430947
2008-04-01,Estonia,98.62134383,122.7853014,114.4212673,114.753268,86.16504937
2008-04-01,Finland,88.10461234,101.9609375,99.75420084,101.1923512,88.31847226
2008-04-01,France,104.2,108.8983237,115.0265702,107.8578401,90.58749866
2008-04-01,Germany,82.58872633,92.7957658,90.19442673,89.25265242,91.57011142
2008-04-01,Greece,166.1964421,117.8167945,144.0272926,164.9403733,115.3986793
2008-04-01,Hungary,101.9605546,131.5060296,125.1465493,124.5810008,81.51282038
2008-04-01,Iceland,82.96875395,96.87847964,135.9592034,118.7791061,61.03058896
2008-04-01,Ireland,155.1048288,138.0542184,114.7983762,148.3091313,135.1147243
2008-04-01,Israel,52.39167151,72.66421267,72.02548951,59.02363535,72.74512833
2008-04-01,Italy,123.6597489,119.230205,137.4892633,133.921795,89.94134515
2008-04-01,Japan,102.614,102.0622968,99.69248317,100.210605,102.9303094
2008-04-01,"Korea, Republic of",88.60773362,120.9604484,107.328517,101.6296746,82.55947883
2008-04-01,Latvia,155.2022564,161.6862796,149.7499853,162.1783779,103.6326057
2008-04-01,Lithuania,134.9172837,165.9131273,153.8842837,154.2019189,87.45068894
2008-04-01,Luxembourg,77.27909197,87.16784498,86.99069497,84.54952003,88.83871713
2008-04-01,Mexico,70.50356233,,82.86787574,93.22085319,85.09126615
2008-04-01,Netherlands,118.9238196,127.6492326,145.2255778,126.6468124,81.89213964
2008-04-01,New Zealand,73.02699356,91.22275599,83.92311501,80.95776786,87.03266691
2008-04-01,Norway,70.57934598,96.58245563,85.42045813,81.40146122,82.62830451
2008-04-01,Poland,115.0686987,162.1510787,136.4641311,130.2486723,84.32032618
2008-04-01,Portugal,106.7578479,108.0958003,123.6271428,111.9504242,86.35809904
2008-04-01,Romania,,,,,87.90497978
2008-04-01,Russian Federation,98.82451343,209.5322308,174.7580579,176.9686851,56.53672988
2008-04-01,Slovakia,120.0356186,140.0027892,131.912421,132.0745103,90.9966588
2008-04-01,Slovenia,128.9859016,129.9708585,124.112509,137.9559447,103.916569
2008-04-01,South Africa,74.07381482,121.5449853,105.8543631,111.5830902,69.97896723
2008-04-01,Spain,148.2601002,145.2689344,155.5852146,158.2222722,95.2900471
2008-04-01,Sweden,67.48862266,83.44938358,78.64980366,73.30906115,85.81889031
2008-04-01,Switzerland,79.42122433,80.7755544,86.38102673,76.44110583,91.9427205
2008-04-01,Türkiye,,,,,65.4106737
2008-04-01,United Kingdom,92.416,109.6751666,109.3937344,102.8426097,84.48883167
2008-04-01,United States,95.80270002,111.2734216,111.1332366,104.4217567,86.20898663
2008-07-01,Australia,69.0563536,88.43683068,89.17770193,79.35748349,77.4416375
2008-07-01,Austria,67.71300056,73.05995366,88.88987715,76.61700066,76.19324586
2008-07-01,Belgium,90.11288262,95.46441617,99.62796875,97.36869623,90.45134806
2008-07-01,Brazil,94.04717903,,,155.7391536,
2008-07-01,Bulgaria,153.6475094,189.0698147,177.6066464,170.0647163,86.51078475
2008-07-01,Canada,74.96040724,89.54311507,82.18715841,81.51822448,91.2103416
2008-07-01,Chile,52.1193765,84.57338883,67.71149676,64.70823478,76.99989411
2008-07-01,Colombia,56.09504739,89.56173216,71.72127049,72.70009691,78.22184845
2008-07-01,Costa Rica,,,,,72.42673579
2008-07-01,Croatia,126.7904951,131.6255553,138.488723,139.3045295,91.55305266
2008-07-01,Czech Republic,102.5966693,115.0581407,142.319088,108.8035631,72.09068243
2008-07-01,Denmark,99.9749661,121.5343731,117.7065364,109.927651,84.93937243
2008-07-01,Estonia,98.39107817,120.688695,117.5362436,112.5466407,83.6856303
2008-07-01,Finland,87.57614109,102.4962249,98.10585119,99.54178009,89.26372203
2008-07-01,France,103.1,108.319814,113.2966457,106.7201916,90.99977788
2008-07-01,Germany,81.8040321,91.81836103,89.10096352,87.76241936,91.81317089
2008-07-01,Greece,167.7343598,117.0690537,143.8869751,165.2261178,116.5801114
2008-07-01,Hungary,101.8355218,131.0879805,123.3097264,121.5831174,82.62558912
2008-07-01,Iceland,82.13584732,94.64981848,124.2659806,113.5730073,66.10314083
2008-07-01,Ireland,149.846206,135.0955523,109.0554056,143.9584927,137.4078866
2008-07-01,Israel,54.48608498,74.15461429,72.22905984,60.54784486,75.43997224
2008-07-01,Italy,122.9916103,119.6109843,135.6300452,132.0587546,90.68164388
2008-07-01,Japan,100.421,100.3293083,97.62250778,97.5997491,102.8664273
2008-07-01,"Korea, Republic of",90.0019553,121.5926192,108.3295914,102.1715087,83.08359543
2008-07-01,Latvia,141.4315816,142.2518832,131.0547361,144.7389215,107.9092946
2008-07-01,Lithuania,130.7006632,155.8416798,145.849097,147.3534615,89.38485916
2008-07-01,Luxembourg,77.28441693,86.87377095,86.29558635,83.98048001,89.56048139
2008-07-01,Mexico,72.2598421,,84.29407424,94.3893815,85.7353833
2008-07-01,Netherlands,119.8616414,129.0467211,146.0096431,127.4887548,82.09470813
2008-07-01,New Zealand,71.66126618,88.3985291,81.76277585,78.28930247,87.66158434
2008-07-01,Norway,69.38237204,94.25638248,83.37816298,78.66895456,83.21659259
2008-07-01,Poland,111.1276604,153.2001819,130.5391943,124.9419951,85.12847107
2008-07-01,Portugal,103.5163409,104.5725863,118.8713282,108.5495353,87.08611021
2008-07-01,Romania,,,,,87.34378246
2008-07-01,Russian Federation,101.49973,208.3301774,170.0340411,175.5746588,59.68046804
2008-07-01,Slovakia,115.0491048,133.7739514,124.7579098,125.754813,92.21809711
2008-07-01,Slovenia,131.567327,130.6695084,126.31751,138.8728119,104.1460027
2008-07-01,South Africa,72.5608186,117.2400018,102.3146602,104.7815869,70.92116941
2008-07-01,Spain,146.0221756,143.6178035,151.6940713,154.7730293,96.25909686
2008-07-01,Sweden,66.82364639,82.0777972,77.42451652,72.0376127,86.31805396
2008-07-01,Switzerland,80.66078739,82.11239355,86.92657008,77.51346625,92.7916821
2008-07-01,Türkiye,,,,,67.28245992
2008-07-01,United Kingdom,87.713,104.6028983,103.4443543,96.16442062,84.80115311
2008-07-01,United States,93.37619075,109.69852,107.6254112,100.7021499,86.76410338
2008-10-01,Australia,67.75523929,81.49824722,85.77590442,77.36661325,78.99593414
2008-10-01,Austria,69.28422963,74.84441692,90.04688421,79.45542929,76.95953313
2008-10-01,Belgium,90.28783935,95.98272542,99.27959812,98.22352031,90.9449706
2008-10-01,Brazil,94.26365931,,,153.075094,
2008-10-01,Bulgaria,146.9432383,180.1520115,166.1293263,163.3465107,88.45191563
2008-10-01,Canada,73.36161388,87.96331794,80.10483204,80.3275688,91.58540552
2008-10-01,Chile,52.99980736,86.15251226,67.83813833,64.68185086,78.15444802
2008-10-01,Colombia,57.49782049,90.28713173,72.59537025,73.68098171,79.21254877
2008-10-01,Costa Rica,,,,,73.22711603
2008-10-01,Croatia,124.5332494,129.0247001,134.6607342,137.2429999,92.47937468
2008-10-01,Czech Republic,102.0933795,114.0102631,139.0750943,109.0065632,73.41034144
2008-10-01,Denmark,93.73587229,112.9659453,110.1466071,102.6378952,85.10460581
2008-10-01,Estonia,85.27704588,106.3332291,111.3930118,97.9499951,76.53166811
2008-10-01,Finland,84.71845648,97.23874146,94.36609398,95.88221207,89.77308562
2008-10-01,France,100.2,105.2055457,109.5085621,104.6701285,91.49942492
2008-10-01,Germany,82.0369109,94.01247243,89.02246932,88.49481246,92.15572893
2008-10-01,Greece,166.2499697,114.5980435,141.2469748,163.3085067,117.7080955
2008-10-01,Hungary,101.183898,129.2886059,120.7774778,124.2062328,83.8181479
2008-10-01,Iceland,80.29847453,92.5484355,115.2601412,103.9881299,69.67384085
2008-10-01,Ireland,141.7077071,129.7683817,108.9725665,136.6908122,130.0437239
2008-10-01,Israel,55.46205831,74.10993788,69.81909775,61.23456767,79.44190123
2008-10-01,Italy,121.6221456,119.4102153,132.8080483,131.3639714,91.57734944
2008-10-01,Japan,97.44,97.82017807,94.82501985,95.52035442,102.7574711
2008-10-01,"Korea, Republic of",89.19446812,119.5372893,106.7540279,100.4706782,83.55339338
2008-10-01,Latvia,121.8339444,127.4818729,112.006093,124.1432664,108.7656681
2008-10-01,Lithuania,122.4703755,145.3492565,135.2124619,135.6696819,90.34502508
2008-10-01,Luxembourg,77.15518694,86.61228753,85.5124114,84.54827361,90.22960224
2008-10-01,Mexico,73.63355847,,84.93772852,93.87611532,86.70323014
2008-10-01,Netherlands,117.5344641,127.0296514,142.3457726,126.3483828,82.57282429
2008-10-01,New Zealand,69.84736272,84.94019952,79.28103839,75.9247925,88.1172933
2008-10-01,Norway,66.27325675,88.34375942,79.0184051,74.27105864,83.87319003
2008-10-01,Poland,110.6002881,149.2561449,127.5249833,124.4013003,86.72704982
2008-10-01,Portugal,105.4762671,106.1387915,120.3941267,111.8457352,87.61259548
2008-10-01,Romania,,,,,91.51115438
2008-10-01,Russian Federation,100.7026558,201.9722475,162.6290518,169.7171471,61.90789031
2008-10-01,Slovakia,110.7551624,128.671847,118.6744826,120.194678,93.32707056
2008-10-01,Slovenia,126.8368746,126.2471559,121.3388371,136.8422808,104.5210621
2008-10-01,South Africa,72.39081902,115.130072,100.5448167,102.425539,72.00047876
2008-10-01,Spain,142.2581499,140.6869488,146.311486,150.9498312,97.2277668
2008-10-01,Sweden,64.50959472,78.75679893,74.27635984,69.03834207,86.86076986
2008-10-01,Switzerland,81.63377297,83.16053123,87.31972993,78.82923376,93.48816158
2008-10-01,Türkiye,,,,,69.01715557
2008-10-01,United Kingdom,82.892,97.90936412,96.46593101,91.49282329,85.93760451
2008-10-01,United States,90.64578341,107.052449,104.2638641,99.34334224,86.94258415
2009-01-01,Australia,67.96373701,83.24711308,84.69739103,77.15856136,80.24802996
2009-01-01,Austria,69.96688874,75.82046603,89.57527683,79.80536621,78.12699589
2009-01-01,Belgium,89.29222479,95.15392958,97.61703423,97.92682256,91.47395823
2009-01-01,Brazil,94.48002942,,,152.827904,
2009-01-01,Bulgaria,130.9698468,157.1935861,143.1160121,144.7806875,91.5138937
2009-01-01,Canada,71.10859729,86.32563996,77.35669761,78.10058384,91.92641012
2009-01-01,Chile,51.04152677,84.98943925,64.84703972,63.37584942,78.73844463
2009-01-01,Colombia,58.76339787,90.92646307,73.52616862,74.27244806,79.93122955
2009-01-01,Costa Rica,,,,,74.25851587
2009-01-01,Croatia,121.2287553,124.5538977,131.9732399,131.7851363,91.85870322
2009-01-01,Czech Republic,100.1551502,110.702067,124.9133464,106.2608042,80.18136958
2009-01-01,Denmark,88.05612798,106.2508387,102.5498944,96.90717284,85.87025056
2009-01-01,Estonia,66.85863692,87.20151472,99.75822255,78.25872473,67.00015298
2009-01-01,Finland,86.11416128,101.6458084,98.48837798,97.32178596,87.43265936
2009-01-01,France,96.9,102.2225717,105.5107937,101.9072941,91.83867433
2009-01-01,Germany,82.06193602,93.60889138,88.86300126,89.15102751,92.3492682
2009-01-01,Greece,160.469997,109.4419629,135.2391623,156.8961953,118.6629896
2009-01-01,Hungary,99.18515531,128.2843067,116.2640935,118.6894654,85.35199529
2009-01-01,Iceland,77.880164,91.63604849,107.0745626,99.15084233,72.74148334
2009-01-01,India,34.74437933,,,55.55712676,
2009-01-01,Ireland,132.7139434,124.8883953,127.8580174,135.6209396,103.8010373
2009-01-01,Israel,56.50072179,73.72522921,68.46837076,62.28466807,82.5262062
2009-01-01,Italy,120.2933151,119.6815223,130.0863085,131.7149582,92.47188427
2009-01-01,Japan,94.513,95.30877837,92.09781546,93.58264687,102.6221937
2009-01-01,"Korea, Republic of",88.3330148,118.0232682,105.4938425,99.375956,83.73487662
2009-01-01,Latvia,99.37841426,112.2884055,95.84799933,104.3898427,103.6750339
2009-01-01,Lithuania,98.69457032,127.8662307,111.4748485,107.0604892,88.30926769
2009-01-01,Luxembourg,76.12755989,85.38936292,83.94230338,84.6957209,90.6930685
2009-01-01,Mexico,74.47560519,,85.11362895,93.8518253,87.5135022
2009-01-01,Netherlands,116.3216064,126.5960818,140.1498751,125.5430418,83.00115918
2009-01-01,New Zealand,69.33577003,83.163855,78.58153251,74.80193103,88.25052837
2009-01-01,Norway,67.53952836,90.84620832,79.61970213,75.70121633,84.83021801
2009-01-01,Poland,111.4639352,147.0494156,127.2871105,123.9984288,87.56761755
2009-01-01,Portugal,105.5973557,106.71872,119.8477965,113.1821369,88.11301968
2009-01-01,Romania,131.4817239,178.9402272,138.4267995,166.4534324,94.98355374
2009-01-01,Russian Federation,97.30766614,194.7445942,153.9300218,161.3202775,63.20143448
2009-01-01,Slovakia,103.3731565,120.2563784,108.2402991,113.4357666,95.50361184
2009-01-01,Slovenia,119.7755337,119.5620056,115.2354371,127.7457778,103.9298193
2009-01-01,South Africa,72.35081912,114.2782155,98.62131812,101.7063934,73.36420748
2009-01-01,Spain,139.2639127,138.5389033,142.0621795,149.3900683,98.02835048
2009-01-01,Sweden,66.07568357,80.2930037,75.22404269,70.60753744,87.84862483
2009-01-01,Switzerland,81.12926049,83.00454316,86.21912733,78.84583522,94.0964044
2009-01-01,Türkiye,,,,,70.39718469
2009-01-01,United Kingdom,79.817,95.46555787,92.74462001,87.84591534,86.06989233
2009-01-01,United States,90.09876688,107.4774288,103.3567609,99.41603362,87.17635575
2009-04-01,Australia,70.42649094,83.67960687,86.56525787,79.60041083,81.36161946
2009-04-01,Austria,70.22527808,76.1134385,88.77624466,80.12123749,79.12130098
2009-04-01,Belgium,88.33627648,94.30824215,96.07688601,97.03140453,91.94531558
2009-04-01,Brazil,94.69629174,,,150.2916432,
2009-04-01,Bulgaria,118.8261675,142.5845,126.2504271,132.3070222,94.12027218
2009-04-01,Canada,71.0953997,85.63780808,77.09419961,78.11036395,92.22229088
2009-04-01,Chile,51.2605761,85.60671932,64.69783467,64.57837725,79.25872235
2009-04-01,Colombia,59.79376437,91.50068337,74.26122433,75.12714903,80.52770462
2009-04-01,Costa Rica,,,,,75.24686424
2009-04-01,Croatia,118.6320402,121.8646359,128.6204709,128.5569323,92.23429798
2009-04-01,Czech Republic,96.53159821,106.4342502,117.7140983,102.3087553,82.00683352
2009-04-01,Denmark,87.4461818,104.08175,100.8330685,95.95241083,86.72738077
2009-04-01,Estonia,61.60802672,84.08828266,109.5225193,72.76025192,56.23424287
2009-04-01,Finland,87.0133402,99.50974576,101.7178647,97.74816276,85.54068084
2009-04-01,France,94.8,99.74050881,102.49306,100.1590749,92.49379468
2009-04-01,Germany,82.60498462,93.86077864,89.23483979,89.25646442,92.5730309
2009-04-01,Greece,162.1064302,110.9618602,135.3028391,158.8049509,119.8166701
2009-04-01,Hungary,96.66819178,125.0490499,111.8544169,113.9074039,86.46554178
2009-04-01,Iceland,73.85287703,89.39192356,100.5130581,90.90821416,73.48294215
2009-04-01,India,35.93650328,,,56.73366641,
2009-04-01,Ireland,124.0873558,119.9521613,142.0237474,128.5841454,87.37348699
2009-04-01,Israel,58.87907511,75.80145144,69.88785111,64.48342424,84.25334861
2009-04-01,Italy,118.9658446,119.1507322,127.6702279,129.7427161,93.18209311
2009-04-01,Japan,93.396,95.35425534,91.1515771,92.95653785,102.4620791
2009-04-01,"Korea, Republic of",88.47514237,117.4379069,105.4574689,99.02497287,83.89853348
2009-04-01,Latvia,89.59978831,107.3530281,96.8536826,96.38440091,92.50304329
2009-04-01,Lithuania,92.77579506,121.4946885,113.6759005,101.0926836,81.40595869
2009-04-01,Luxembourg,75.71955755,84.85258255,83.17503832,84.12993023,91.0391358
2009-04-01,Mexico,75.01649857,,85.15674049,94.95495152,88.10445937
2009-04-01,Netherlands,113.4382179,123.5383513,135.9063613,123.7943744,83.47109143
2009-04-01,New Zealand,70.77468602,84.02743025,79.99025945,76.14251087,88.49552527
2009-04-01,Norway,69.39489753,91.63974739,81.12537275,77.5077052,85.54289456
2009-04-01,Poland,110.2026546,142.5598638,124.6905047,122.0661147,88.37964721
2009-04-01,Portugal,106.4942864,107.7207725,120.0629484,114.5641115,88.7022016
2009-04-01,Romania,125.9481551,170.8463826,134.6965438,153.9614071,93.50580225
2009-04-01,Russian Federation,95.05003076,186.9897231,150.0977821,152.422641,63.31129497
2009-04-01,Slovakia,98.33817162,113.6304751,102.1030236,107.9772588,96.31291532
2009-04-01,Slovenia,116.583898,118.6658138,112.7489307,125.689444,103.3913607
2009-04-01,South Africa,72.05881985,111.4626672,97.04679588,99.54818663,74.25360182
2009-04-01,Spain,136.954428,136.6719263,138.9326017,147.7426085,98.57425086
2009-04-01,Sweden,67.27875223,81.13848253,75.88696274,71.43249409,88.66673762
2009-04-01,Switzerland,80.57493009,82.25859156,85.22522879,78.24225625,94.54333016
2009-04-01,Türkiye,,,,,71.47330036
2009-04-01,United Kingdom,79.683,92.60500869,92.74978818,87.49304864,85.92060682
2009-04-01,United States,88.83642102,105.0227108,101.5370735,97.63545062,87.49538878
2009-07-01,Australia,73.84137272,90.3130097,89.75646565,82.9635518,82.27372872
2009-07-01,Austria,69.80424373,75.58171451,87.16537873,79.08333944,80.10037084
2009-07-01,Belgium,89.64131032,95.71841221,97.03824346,98.52701195,92.37930844
2009-07-01,Brazil,94.91269283,,,147.7157803,
2009-07-01,Bulgaria,112.2454204,134.3553001,118.0726776,125.6028142,95.06554877
2009-07-01,Canada,73.69155354,87.73368619,79.63830647,80.63364695,92.53623091
2009-07-01,Chile,53.41474218,88.43784034,67.06476479,67.88699282,79.67463103
2009-07-01,Colombia,61.4152161,93.10439556,75.44086081,76.83894603,81.41808409
2009-07-01,Costa Rica,,,,,76.35704773
2009-07-01,Croatia,116.6502891,119.8456265,125.8253223,125.912897,92.70823454
2009-07-01,Czech Republic,95.80357621,105.4107875,113.9234028,101.2885625,84.09647637
2009-07-01,Denmark,88.06635544,103.2613746,100.487138,95.90908488,87.64313612
2009-07-01,Estonia,56.57270575,79.48645353,103.9377432,66.79889565,54.41274634
2009-07-01,Finland,88.85414037,99.56018325,104.8740675,99.6551556,84.7215035
2009-07-01,France,95.0,99.55837113,102.1254472,100.4623301,93.02257412
2009-07-01,Germany,83.13880985,94.90026796,89.57591401,89.54501022,92.81650937
2009-07-01,Greece,159.1242436,110.4067496,131.7614212,156.2785106,120.7735952
2009-07-01,Hungary,94.74639007,123.6409718,107.0502927,109.2175892,88.54976702
2009-07-01,Iceland,71.88166868,90.26006574,97.47573541,86.3235686,73.75020544
2009-07-01,India,38.03496081,,,58.61768589,
2009-07-01,Ireland,118.010041,115.435155,143.3986961,123.4154576,82.29754212
2009-07-01,Israel,61.85010218,78.59186327,73.06028416,67.27497192,84.66169182
2009-07-01,Italy,117.8763953,118.5107804,125.7267515,128.1975629,93.75597509
2009-07-01,Japan,94.025,96.1276132,91.85082142,94.25990205,102.3668577
2009-07-01,"Korea, Republic of",89.55802695,117.8818186,106.3853631,99.4738891,84.18468275
2009-07-01,Latvia,86.14287901,109.2242251,102.4314052,94.07048244,84.0913699
2009-07-01,Lithuania,87.75536678,116.0137724,117.2713536,96.25428485,74.64000528
2009-07-01,Luxembourg,75.51547359,84.35266688,82.40951463,83.34198052,91.63716874
2009-07-01,Mexico,75.22658704,,84.8885277,94.57112801,88.63035492
2009-07-01,Netherlands,111.8637659,121.629957,132.5174226,121.394608,84.41758759
2009-07-01,New Zealand,72.32126765,85.13415128,81.59453596,77.51738382,88.65136325
2009-07-01,Norway,71.95348381,92.76895199,83.47637453,80.07949356,86.19882689
2009-07-01,Poland,110.7166676,140.6004502,124.3868371,120.7939957,89.00864117
2009-07-01,Portugal,106.7295398,107.5614803,119.4919644,115.0595176,89.32294459
2009-07-01,Romania,127.71463,170.9716924,137.8079192,158.4553211,92.67651129
2009-07-01,Russian Federation,91.99620641,177.2680818,145.3362513,143.6012989,63.28476546
2009-07-01,Slovakia,103.3131943,118.2514533,106.3815869,113.1794409,97.11589743
2009-07-01,Slovenia,115.059617,117.9725545,111.4345547,121.0090109,103.2431278
2009-07-01,South Africa,72.38981903,109.4658009,96.47172737,98.13525589,75.03934195
2009-07-01,Spain,135.9007944,135.7456624,137.3445731,146.7604921,98.94687145
2009-07-01,Sweden,69.00180446,82.50203498,77.39481218,73.03081469,89.16585325
2009-07-01,Switzerland,80.32174031,81.74424713,84.69001319,77.87146514,94.84185576
2009-07-01,Türkiye,,,,,72.22320864
2009-07-01,United Kingdom,81.742,95.60938096,94.49675517,89.76666893,86.51132208
2009-07-01,United States,88.41096371,105.3135237,100.9937955,96.50343399,87.54476561
2009-10-01,Australia,77.45339933,93.27217451,93.21160878,86.3443841,83.09935274
2009-10-01,Austria,70.85461793,76.59459523,87.12660983,79.8325262,81.341854
2009-10-01,Belgium,89.46218841,95.41256765,96.58314532,98.13227924,92.62913539
2009-10-01,Brazil,95.1291784,,,145.9265894,
2009-10-01,Bulgaria,109.0985653,129.7587361,114.1929116,120.6597725,95.53969134
2009-10-01,Canada,77.07390649,91.04381484,82.99186553,83.57815137,92.87267504
2009-10-01,Chile,56.24868486,91.06610628,70.49670175,71.16520335,79.81727642
2009-10-01,Colombia,62.40862166,93.67402985,75.86355139,77.78006245,82.27406415
2009-10-01,Costa Rica,,,,,77.52330908
2009-10-01,Croatia,115.1989154,118.3910592,123.4817895,124.4678174,93.29234681
2009-10-01,Czech Republic,95.20967541,104.5717201,111.3821127,101.1341652,85.48199712
2009-10-01,Denmark,89.22021675,103.0756458,101.7413141,96.82015047,87.69691064
2009-10-01,Estonia,56.82702594,82.83659503,111.4007274,66.47781851,50.99573781
2009-10-01,Finland,91.26835815,102.3946923,108.0574692,101.9532047,84.4597017
2009-10-01,France,96.1,100.400832,102.9219815,101.5329917,93.37142097
2009-10-01,Germany,84.27809972,96.09037912,90.59124406,90.32073938,93.03389154
2009-10-01,Greece,159.6753292,113.266071,131.3915642,157.1372712,121.533009
2009-10-01,Hungary,93.21026285,119.834466,103.8986829,107.4288076,89.75658089
2009-10-01,Iceland,73.48003303,95.95544612,99.24281766,86.63271358,74.04774907
2009-10-01,India,39.72115657,,,59.31771277,
2009-10-01,Ireland,114.8366598,113.6814905,138.9501628,120.1374823,82.64842806
2009-10-01,Israel,65.53010092,82.21468994,76.87890028,71.04193269,85.24355495
2009-10-01,Italy,117.4505863,118.1469873,124.6642271,127.3025007,94.21350117
2009-10-01,Japan,93.979,95.40724887,91.87288603,94.60177388,102.2922037
2009-10-01,"Korea, Republic of",90.50579857,117.7744319,107.0649497,100.1834157,84.53557874
2009-10-01,Latvia,85.83891843,116.5508189,108.2159526,95.64866136,79.31551086
2009-10-01,Lithuania,84.46426783,112.7977794,122.679686,92.25181818,68.67367357
2009-10-01,Luxembourg,76.71816917,85.14523563,83.32762683,84.39589258,92.07087813
2009-10-01,Mexico,75.62755834,,84.85501661,93.82124512,89.13795934
2009-10-01,Netherlands,111.8894098,121.2440415,131.8099222,121.1045615,84.8901618
2009-10-01,New Zealand,73.6095612,85.89033758,82.69974331,79.02576378,89.02470285
2009-10-01,Norway,73.8120903,92.65362514,85.44311018,81.47508643,86.39001787
2009-10-01,Poland,106.6967426,133.2058323,119.2194542,116.3047936,89.49476293
2009-10-01,Portugal,107.3288182,107.1338338,119.4382613,115.1204869,89.86487413
2009-10-01,Romania,131.965491,173.6692131,140.6683126,158.4219373,93.81392422
2009-10-01,Russian Federation,91.46609669,171.6366244,143.4284746,141.5498047,63.75701508
2009-10-01,Slovakia,98.24446935,111.3664669,100.2191278,107.9215576,98.02988542
2009-10-01,Slovenia,116.8009513,119.8533251,113.70547,122.8122146,102.7124605
2009-10-01,South Africa,73.58081605,108.7478032,96.99704696,98.414011,75.86084368
2009-10-01,Spain,135.7814952,135.4711314,136.9008776,145.5879639,99.18041695
2009-10-01,Sweden,71.90375974,85.16629034,80.26780553,75.68281653,89.59013318
2009-10-01,Switzerland,79.61706911,80.78343041,83.74676322,77.05615221,95.06864183
2009-10-01,Türkiye,,,,,72.84060197
2009-10-01,United Kingdom,84.41,98.51662602,97.24325168,93.0657101,86.81185036
2009-10-01,United States,88.3595348,104.4758633,101.3127005,95.70945812,87.21843359
2010-01-01,Australia,80.24158477,95.20731367,95.54765029,88.82553785,83.98595168
2010-01-01,Austria,73.97446019,79.83657663,90.26224677,83.11675871,81.97329401
2010-01-01,Belgium,90.60688393,97.05932224,97.60423733,98.51954336,92.83290901
2010-01-01,Brazil,95.3455299,,,144.2217967,
2010-01-01,Bulgaria,107.4912074,129.7439958,112.7202543,119.5271012,95.3619058
2010-01-01,Canada,78.89517345,91.3208983,84.7376221,85.50392905,93.10870209
2010-01-01,Chile,55.68852633,87.00290723,69.24340527,68.61823477,80.45270268
2010-01-01,China,83.90345937,,,96.45645781,
2010-01-01,Colombia,63.30694374,94.08923956,76.18201019,78.47703977,83.1094578
2010-01-01,Costa Rica,,,,,78.89276507
2010-01-01,Croatia,111.3556563,114.4472846,117.3960724,119.4616119,94.8547879
2010-01-01,Czech Republic,95.41111419,104.5247984,107.9531299,101.7103736,88.38381749
2010-01-01,Denmark,90.07241041,102.039684,101.9492141,96.86165446,88.35401011
2010-01-01,Estonia,63.13162504,89.35597558,125.6350045,71.65092792,50.23463921
2010-01-01,Finland,92.68232336,102.4862523,109.004184,103.3020733,85.02327728
2010-01-01,France,98.0,101.5589108,104.5626374,102.9256761,93.72344985
2010-01-01,Germany,83.32964942,93.97886071,89.27526023,89.01584432,93.34286066
2010-01-01,Greece,157.5622284,115.7679724,128.8466638,155.0497444,122.2933522
2010-01-01,Hungary,94.20973857,119.7427146,104.7037757,108.1792989,90.0214628
2010-01-01,Iceland,71.92104815,98.54383749,96.08110693,84.39284133,74.86168786
2010-01-01,India,45.07822447,,,62.87663078,
2010-01-01,Ireland,111.831854,110.1408201,130.7054643,117.4428323,85.56278001
2010-01-01,Israel,68.0169436,84.53747643,78.94416732,73.36352119,86.16381961
2010-01-01,Italy,117.0815278,119.4808761,123.6372053,126.3558146,94.69760695
2010-01-01,Japan,94.882,96.42595151,92.97124364,95.67510051,102.0549947
2010-01-01,"Korea, Republic of",91.02493592,116.5781243,107.1257442,100.0957133,84.97222156
2010-01-01,Latvia,79.04138653,102.7995747,104.2968026,87.94199417,75.77897574
2010-01-01,Lithuania,83.28564325,107.2785557,132.4044698,89.98543402,62.74186317
2010-01-01,Luxembourg,80.65366694,89.94659736,87.07243745,88.41548372,92.63102804
2010-01-01,Mexico,76.03973489,,84.83861873,91.69963309,89.64109148
2010-01-01,Netherlands,111.4867087,121.1556173,130.6235451,119.7788601,85.35286627
2010-01-01,New Zealand,73.68909561,85.81516922,82.5099862,78.87051792,89.32585409
2010-01-01,Norway,74.75329063,94.413395,85.42521729,81.33649634,87.50992888
2010-01-01,Poland,105.0813226,128.2599227,116.7528295,114.6187656,90.00190588
2010-01-01,Portugal,107.5860586,107.1314172,119.1397529,114.3373848,90.30595678
2010-01-01,Romania,122.7245904,158.5645224,131.3794245,143.3359467,93.41302557
2010-01-01,Russian Federation,93.09229699,165.3961473,144.8473987,145.1990744,64.25490061
2010-01-01,Slovakia,97.56533541,108.8359149,99.75517494,106.9939263,97.80501179
2010-01-01,Slovenia,117.7158291,120.5224116,115.2227006,124.8005381,102.153894
2010-01-01,South Africa,75.05181237,108.421992,97.71798996,100.7847832,76.80654683
2010-01-01,Spain,135.3086892,135.6639833,136.2253343,144.4389381,99.32518432
2010-01-01,Sweden,72.71218988,85.62170523,81.06015412,76.31708391,89.71184156
2010-01-01,Switzerland,81.16387647,81.80430502,85.13054688,78.40812557,95.34029513
2010-01-01,Türkiye,57.36249261,,77.76996716,82.98987839,73.78645478
2010-01-01,United Kingdom,85.956,100.4275202,98.72303463,94.75309607,87.07676499
2010-01-01,United States,87.54602303,102.6584133,100.6177656,94.46364886,87.01227165
2010-04-01,Australia,81.42606981,96.12023891,96.00061371,89.7266075,84.82358536
2010-04-01,Austria,76.31907715,82.26731923,92.58984745,85.43001187,82.4454065
2010-04-01,Belgium,91.43063511,97.63116985,98.29291295,98.59264466,93.02056391
2010-04-01,Brazil,95.56180533,,,141.6787716,
2010-04-01,Bulgaria,106.923794,126.7121806,111.3218587,117.7308056,96.05010682
2010-04-01,Canada,80.06033183,93.7783278,85.77069327,86.73719842,93.34575559
2010-04-01,Chile,57.20134773,86.24845499,70.82773038,69.69091717,80.78975039
2010-04-01,China,86.34813126,,,97.3069576,
2010-04-01,Colombia,64.35273777,94.02971997,76.80045116,79.28503482,83.80207767
2010-04-01,Costa Rica,,,,,80.28945207
2010-04-01,Croatia,110.6552939,113.7549026,114.8584834,118.4618978,96.34066966
2010-04-01,Czech Republic,95.21591542,104.1709229,106.4421029,100.7417436,89.45510462
2010-04-01,Denmark,90.10787288,100.9977407,101.0612498,96.4289124,89.16541511
2010-04-01,Estonia,63.17372438,89.03777271,126.378829,71.78219042,49.97227633
2010-04-01,Finland,93.05897174,103.044552,109.2095374,103.3453344,85.20827616
2010-04-01,France,99.7,102.6015756,106.0031108,104.1682302,94.0535662
2010-04-01,Germany,83.84505236,93.61963219,89.48275116,89.15892228,93.702416
2010-04-01,Greece,154.4817684,116.9968025,125.5999793,152.8555012,123.0018314
2010-04-01,Hungary,94.15008196,120.2442659,104.1694676,106.3321671,90.42590581
2010-04-01,Iceland,71.92539735,100.6235079,94.99644455,83.91555742,75.72103179
2010-04-01,India,42.94450325,,,61.1527907,
2010-04-01,Ireland,108.477448,107.8144041,120.2667268,114.2436195,90.20011146
2010-04-01,Israel,70.22237817,86.03692185,80.5938066,75.15493674,87.1368273
2010-04-01,Italy,117.7280129,119.3339032,123.8885019,126.5234568,95.02734938
2010-04-01,Japan,95.33,96.90347194,93.49564884,96.35358599,101.9617469
2010-04-01,"Korea, Republic of",91.04040957,114.6791509,106.6445644,99.4053544,85.3701257
2010-04-01,Latvia,79.20939982,103.2249057,102.9472419,87.83525922,76.93557118
2010-04-01,Lithuania,84.36987329,108.3942488,134.8350816,91.37108211,62.41290659
2010-04-01,Luxembourg,78.635898,86.63671024,84.6504258,85.60890923,92.89765946
2010-04-01,Mexico,76.59352663,,84.94352952,90.39062819,90.18242199
2010-04-01,Netherlands,111.9430619,120.9527993,130.4413733,120.0214073,85.82193477
2010-04-01,New Zealand,73.04174234,83.85326902,81.43135668,78.22915445,89.71393778
2010-04-01,Norway,75.79848912,95.84297356,86.24470738,83.68974328,87.89035204
2010-04-01,Poland,105.5684416,127.1454751,116.2130591,113.8603099,90.83908845
2010-04-01,Portugal,108.0586254,106.5109232,119.0611018,114.3470162,90.76253914
2010-04-01,Romania,120.998534,154.9076799,129.5723813,137.2948282,93.38365557
2010-04-01,Russian Federation,92.62371219,159.1471055,141.5639802,141.3594909,65.41428943
2010-04-01,Slovakia,96.87931842,107.6986224,98.49748312,105.8320278,98.35737825
2010-04-01,Slovenia,117.3365838,118.9630493,115.021132,123.3479487,102.0032274
2010-04-01,South Africa,75.79481051,107.3581018,97.62913786,100.1928689,77.63751001
2010-04-01,Spain,135.6008565,135.3558947,136.1621279,143.7459095,99.58586003
2010-04-01,Sweden,73.00447054,85.08243962,81.21464187,76.5954444,89.90111838
2010-04-01,Switzerland,81.59270518,82.23758507,85.35639847,78.76809049,95.59042316
2010-04-01,Türkiye,57.94334199,,77.73286401,83.34427993,74.56918838
2010-04-01,United Kingdom,86.302,99.84804448,98.83137207,94.30608912,87.33143998
2010-04-01,United States,87.12524107,100.4317672,100.1320185,93.86472435,87.01412862
2010-07-01,Australia,80.97923421,93.72752391,94.45196504,89.17339865,85.74125371
2010-07-01,Austria,77.78099639,83.72554637,93.50229619,86.8146522,83.20471705
2010-07-01,Belgium,92.30633748,98.17983996,98.93013517,99.24238208,93.30659779
2010-07-01,Brazil,95.77820938,,,140.2585099,
2010-07-01,Bulgaria,104.9813141,121.7952241,108.7445876,114.0306095,96.54022232
2010-07-01,Canada,79.33257919,91.90959731,84.70317989,85.57287649,93.66297956
2010-07-01,Chile,57.6325642,83.62849354,71.14382735,70.0617007,81.03712924
2010-07-01,China,83.90346383,,,96.45930515,
2010-07-01,Colombia,65.11777089,93.18755047,77.130385,79.7030747,84.43559257
2010-07-01,Costa Rica,,,,,81.43416428
2010-07-01,Croatia,109.6221142,112.7113087,112.0250623,117.0342075,97.85511284
2010-07-01,Czech Republic,95.02367923,103.8063045,104.9341622,99.50574737,90.55740511
2010-07-01,Denmark,90.88407373,101.0164692,101.1994786,96.45136947,89.81065701
2010-07-01,Estonia,64.97919954,89.61960586,127.1311295,73.1667133,51.09629731
2010-07-01,Finland,94.60599495,103.7171586,110.6583776,104.8382834,85.49061787
2010-07-01,France,101.2,103.3225598,107.2989339,105.5307093,94.31566362
2010-07-01,Germany,84.49624304,93.45646231,89.97865298,89.46990338,93.90972929
2010-07-01,Greece,150.7969814,117.6521302,122.1140414,148.8964474,123.4954499
2010-07-01,Hungary,93.52061944,116.4469438,103.3563883,105.6068272,90.52794459
2010-07-01,Iceland,71.79350476,100.7139585,94.30339219,84.74365873,76.13764583
2010-07-01,India,46.14852061,,,64.33814205,
2010-07-01,Ireland,104.2945971,105.6690591,111.5248653,110.0417726,93.51972247
2010-07-01,Israel,72.25987819,87.30389958,81.93850837,76.63442825,88.19359581
2010-07-01,Italy,118.6218617,119.3058643,124.3044263,126.9080922,95.4284666
2010-07-01,Japan,95.219,96.90407093,93.41062386,96.99815658,101.9357255
2010-07-01,"Korea, Republic of",90.8531077,112.5487246,105.8074146,98.44824772,85.86854962
2010-07-01,Latvia,79.56780257,103.5985902,103.1342772,88.56465167,77.1435305
2010-07-01,Lithuania,83.43378432,105.8416279,130.2265662,89.79750171,63.90462147
2010-07-01,Luxembourg,80.48185201,87.68314859,86.39478202,87.00038398,93.15872089
2010-07-01,Mexico,77.59087965,,85.51315027,90.09706447,90.74817514
2010-07-01,Netherlands,111.4018995,119.6418801,129.8340824,118.407952,85.806535
2010-07-01,New Zealand,72.43775142,81.86599941,80.38830878,76.92848856,90.12650586
2010-07-01,Norway,76.80050555,96.28129022,86.90381342,84.05957374,88.37681637
2010-07-01,Poland,105.7693401,125.8410615,115.7180821,113.2704321,91.40125481
2010-07-01,Portugal,107.3948773,106.6377586,117.9645477,112.9216748,91.04354402
2010-07-01,Romania,118.6964112,151.2755207,127.0461429,130.1832017,93.42848493
2010-07-01,Russian Federation,92.08161117,152.8379529,138.5666305,134.9758919,66.43813963
2010-07-01,Slovakia,96.17375859,106.8128632,97.57126147,104.3052337,98.56793808
2010-07-01,Slovenia,116.9004914,117.5738739,114.9614504,121.3672685,101.6768804
2010-07-01,South Africa,75.85781036,105.5169374,96.40243266,99.09053846,78.69078726
2010-07-01,Spain,133.6610223,132.9161571,133.7274589,140.2525599,99.94838055
2010-07-01,Sweden,74.03581713,85.37357699,81.83055545,77.65385542,90.48494929
2010-07-01,Switzerland,82.74360222,83.49973529,86.45094884,80.22150816,95.71142751
2010-07-01,Türkiye,58.5904504,,77.94825705,84.15933711,75.19361649
2010-07-01,United Kingdom,86.4,99.98873359,98.74059113,93.79843982,87.51099163
2010-07-01,United States,85.67120566,98.17576765,98.31009978,92.12098768,87.14761289
2010-10-01,Australia,80.8611112,91.26841161,93.32232708,88.90010679,86.6525419
2010-10-01,Austria,79.11546626,84.92674734,94.64332408,87.36615729,83.61190696
2010-10-01,Belgium,93.56614347,99.06040757,99.95549551,100.0830207,93.60983725
2010-10-01,Brazil,95.99470153,,,138.2886715,
2010-10-01,Bulgaria,103.8336846,118.0657807,106.4416641,110.6067086,97.55073596
2010-10-01,Canada,80.10558069,91.25427121,85.24911645,85.87732044,93.96995017
2010-10-01,Chile,58.13313337,81.91243859,71.21624364,70.4412683,81.657861
2010-10-01,China,86.34813479,,,97.30435953,
2010-10-01,Colombia,68.0315476,95.14600766,79.97852134,82.16745029,85.0723656
2010-10-01,Costa Rica,,,,,82.88882196
2010-10-01,Croatia,110.2469356,113.3689166,112.2684261,116.7085517,98.19953585
2010-10-01,Czech Republic,95.24929116,103.8472364,104.3998155,99.96101112,91.23701076
2010-10-01,Denmark,91.62754971,101.1664709,101.504289,97.10578881,90.27345046
2010-10-01,Estonia,64.31981202,86.67759996,119.9077621,71.45424642,53.62464715
2010-10-01,Finland,95.18270995,102.8132699,110.8417595,104.2862001,85.86946389
2010-10-01,France,103.4,105.3427705,109.3438287,107.4265618,94.56381425
2010-10-01,Germany,83.8138939,91.71155657,88.9826045,88.42810605,94.19407405
2010-10-01,Greece,148.6790217,119.2633629,120.1515423,145.2533364,123.7497295
2010-10-01,Hungary,92.75956003,114.4752646,101.7745673,104.026863,91.18681058
2010-10-01,Iceland,72.43976995,100.1186961,94.26838498,85.48245874,76.85154452
2010-10-01,India,46.14164954,,,63.13895959,
2010-10-01,Ireland,99.30010089,102.739894,104.0479966,103.3817691,95.43970166
2010-10-01,Israel,74.98280004,89.3653194,84.61603058,79.08242576,88.62104853
2010-10-01,Italy,118.9685976,118.9508789,124.2498937,126.7417821,95.7494129
2010-10-01,Japan,95.932,98.39425814,94.18037033,97.53587454,101.85965
2010-10-01,"Korea, Republic of",91.79940825,112.043781,106.1866652,98.56626934,86.45305456
2010-10-01,Latvia,83.58141109,108.7332054,104.9016198,92.09168478,79.66960804
2010-10-01,Lithuania,85.72069914,107.1555991,134.8842391,90.80718003,63.3890746
2010-10-01,Luxembourg,80.78938445,87.34596553,86.37807051,86.68462729,93.53278566
2010-10-01,Mexico,78.90208601,,86.55807479,91.15097676,91.16770617
2010-10-01,Netherlands,110.8803299,118.4064486,128.5488702,117.3415477,86.25866396
2010-10-01,New Zealand,72.42668164,80.66538725,80.09839511,75.66199652,90.43889318
2010-10-01,Norway,78.54771471,97.52712204,88.30579579,84.62706055,88.95235562
2010-10-01,Poland,106.4458956,125.1461763,115.8285827,112.5118055,91.89814997
2010-10-01,Portugal,106.3904387,106.2089708,116.4896679,111.5256519,91.33396006
2010-10-01,Romania,115.7504645,147.1574479,122.8635348,127.8697017,94.21128756
2010-10-01,Russian Federation,92.31237964,148.0498431,136.935123,131.3914163,67.39820033
2010-10-01,Slovakia,96.51861973,107.1359649,97.82552557,103.4681158,98.66427188
2010-10-01,Slovenia,116.8670957,117.0659108,114.9333122,121.1584571,101.6727193
2010-10-01,South Africa,76.12380969,104.0737926,95.13733072,98.62649481,80.01679157
2010-10-01,Spain,133.6500864,132.7999043,133.305545,139.4183721,100.2565151
2010-10-01,Sweden,76.10752245,86.81268755,83.68013638,79.29582138,90.9609898
2010-10-01,Switzerland,84.92681613,85.82991429,88.34993655,82.18162004,96.12530592
2010-10-01,Türkiye,59.95971499,,79.13378277,84.26546123,75.79807539
2010-10-01,United Kingdom,85.654,99.23539455,97.24098607,92.19233734,88.09330027
2010-10-01,United States,84.82964175,96.37714088,96.86685198,90.63524841,87.57722916
2011-01-01,Australia,80.53368209,89.06773935,91.81227197,87.56128662,87.72108266
2011-01-01,Austria,79.02296014,84.42327972,93.98026123,86.41575271,84.10336417
2011-01-01,Belgium,94.43140753,99.79090543,100.6334215,99.84819952,93.83906272
2011-01-01,Brazil,96.21103393,,,135.9863474,
2011-01-01,Bulgaria,102.3219606,112.2238392,104.57062,109.0546464,97.85051387
2011-01-01,Canada,81.74962293,92.30029839,86.77797778,87.13899946,94.20898893
2011-01-01,Chile,60.98750954,83.99734183,74.23504162,73.12950448,82.18362113
2011-01-01,China,89.03623939,,,98.92801334,
2011-01-01,Colombia,67.25656824,91.69170457,78.43025147,79.54364695,85.76352556
2011-01-01,Costa Rica,,,,,83.57340222
2011-01-01,Croatia,108.5307751,111.6308541,110.9525605,113.7624792,97.81740076
2011-01-01,Czech Republic,95.5746552,104.2738016,105.5431277,100.1234563,90.55695411
2011-01-01,Denmark,90.8133713,99.05795543,99.81558903,94.57735061,90.9849975
2011-01-01,Estonia,67.16738028,88.15057272,118.5083331,73.17626905,56.65999069
2011-01-01,Finland,95.78996216,102.6247861,109.7024622,103.6821227,87.31477188
2011-01-01,France,104.9,106.3633938,110.5934512,108.193493,94.8516296
2011-01-01,Germany,86.37931551,94.09759911,91.4132053,90.53956459,94.49601575
2011-01-01,Greece,148.9707381,122.4117098,120.1220243,144.9118365,124.0230023
2011-01-01,Hungary,91.28189605,106.940404,100.6224441,101.6880333,90.76165375
2011-01-01,Iceland,72.77147072,96.64612581,94.06637514,84.63208776,77.36924304
2011-01-01,India,49.226102,,,65.63213755,
2011-01-01,Ireland,95.87662323,102.0542085,96.69211827,99.987355,99.15959885
2011-01-01,Israel,77.54603111,90.47488958,86.52122496,80.19677677,89.63235227
2011-01-01,Italy,118.6980183,115.9942441,123.4604127,125.1700104,96.14253012
2011-01-01,Japan,95.651,97.93274784,93.97077628,97.19764307,101.787811
2011-01-01,"Korea, Republic of",93.58684403,112.8449515,107.1709587,99.60147418,87.3269172
2011-01-01,Latvia,87.70209363,116.9392184,108.9960221,92.08708784,80.45712106
2011-01-01,Lithuania,89.66297033,109.3808212,139.1025907,93.55102484,64.29361081
2011-01-01,Luxembourg,81.49774007,87.06263126,86.52417747,86.55781169,94.19354781
2011-01-01,Mexico,80.25097218,,87.60490748,92.48426657,91.61825124
2011-01-01,Netherlands,110.9442026,117.354846,127.8417884,116.8590973,86.78571729
2011-01-01,New Zealand,72.64332492,78.88930151,79.94655565,75.46309021,90.88169569
2011-01-01,Norway,81.01569623,99.22132216,90.52489275,88.02662293,89.49819111
2011-01-01,Poland,106.3763003,123.6368307,114.6609593,110.6652258,92.77327774
2011-01-01,Portugal,105.2976422,106.6718017,115.4369821,109.4217157,91.22014917
2011-01-01,Romania,109.0062223,138.4434774,115.7222361,116.9298798,94.19713082
2011-01-01,Russian Federation,80.08342293,123.0214606,115.6932079,112.7333914,69.20507986
2011-01-01,Slovakia,96.52366464,107.5865886,97.62834528,102.7052603,98.86871191
2011-01-01,Slovenia,122.4251662,121.0502983,120.3687207,127.2063604,101.6986454
2011-01-01,South Africa,76.79780801,103.2953196,94.75069485,98.39310714,81.05466249
2011-01-01,Spain,130.5366197,127.1199959,129.887711,135.4188481,100.4976425
2011-01-01,Sweden,76.4830408,86.39857088,83.58578716,79.23375693,91.51297664
2011-01-01,Switzerland,85.85865884,87.087988,88.81380766,83.02567079,96.67245432
2011-01-01,Türkiye,61.18606437,,79.74696416,84.42822126,76.75362663
2011-01-01,United Kingdom,85.24,100.0096947,96.11382006,90.10342883,88.69562285
2011-01-01,United States,82.95949974,92.62520795,94.33357557,87.89795237,87.94650437
2011-04-01,Australia,79.63404245,87.73197644,89.82978064,85.98065443,88.65547986
2011-04-01,Austria,80.81381772,85.61112029,95.08385361,87.60485241,85.01108732
2011-04-01,Belgium,95.30480893,100.1293574,101.2345481,99.89279616,94.14461926
2011-04-01,Brazil,96.42731548,,,133.700104,
2011-04-01,Bulgaria,100.3663926,109.2345546,103.025361,104.3797032,97.4199966
2011-04-01,Canada,83.31447964,93.48264752,88.20223068,88.20842947,94.46197629
2011-04-01,Chile,63.58587826,85.59895492,76.75977163,75.44713279,82.86675462
2011-04-01,China,90.94099095,,,99.58723263,
2011-04-01,Colombia,69.51301919,92.71798617,80.36421366,81.32833505,86.50774305
2011-04-01,Costa Rica,,,,,84.35028988
2011-04-01,Croatia,110.6809382,113.8637037,113.0943096,116.042352,97.86617636
2011-04-01,Czech Republic,95.70031576,104.0150751,104.4097819,99.43545689,91.66028619
2011-04-01,Denmark,90.86296267,98.65148644,99.08690884,94.72418952,91.70414711
2011-04-01,Estonia,68.77939063,87.80853554,114.8296638,74.02688712,59.87854089
2011-04-01,Finland,97.08343489,103.0245214,110.4115038,104.3806363,87.92551197
2011-04-01,France,106.7,107.9307241,112.1968848,109.5084852,95.10039917
2011-04-01,Germany,86.67251135,93.36211192,91.42976259,90.37719518,94.79959131
2011-04-01,Greece,146.5644706,123.5677345,117.9344889,139.9409223,124.2830171
2011-04-01,Hungary,90.84943179,105.8506676,98.68639973,100.321016,92.10379396
2011-04-01,Iceland,74.76053416,95.99191483,94.46645235,85.39326339,79.14735289
2011-04-01,India,52.94112249,,,68.79891571,
2011-04-01,Ireland,91.24271069,96.34066408,88.06234575,94.36693896,103.6146192
2011-04-01,Israel,79.32343079,91.83456709,87.56618986,81.93625642,90.59263976
2011-04-01,Italy,120.4805234,118.3785405,124.6898055,125.9514501,96.62415327
2011-04-01,Japan,95.493,97.67704264,93.95862128,97.23866968,101.6328201
2011-04-01,"Korea, Republic of",95.09178944,113.6476985,107.4310442,100.2934888,88.51638434
2011-04-01,Latvia,88.71752798,114.1212492,109.9164321,92.98876456,80.7071451
2011-04-01,Lithuania,89.51051319,107.2392041,136.0960755,92.50627492,65.60219319
2011-04-01,Luxembourg,82.53697449,88.27467232,87.16711933,87.20313936,94.69104727
2011-04-01,Mexico,81.33976138,,88.33639544,93.16367752,92.09230667
2011-04-01,Netherlands,109.9916064,115.9744804,126.0211266,115.057598,87.28360372
2011-04-01,New Zealand,73.15176899,78.93738777,80.08979509,75.32888459,91.35411524
2011-04-01,Norway,81.47064679,99.55517199,90.66575654,87.53213265,89.86094521
2011-04-01,Poland,106.2136265,121.820172,113.6380858,109.5862858,93.46519534
2011-04-01,Portugal,103.1007128,104.2065375,112.6332875,107.1213077,91.54023079
2011-04-01,Romania,107.2004752,135.3856603,114.6171123,116.3419917,93.52989589
2011-04-01,Russian Federation,81.3440916,123.2209523,114.9691789,112.9320147,70.73718841
2011-04-01,Slovakia,95.04276669,105.363592,95.92193554,99.70870722,99.08368251
2011-04-01,Slovenia,120.756301,119.4260059,118.765466,124.2419962,101.6664678
2011-04-01,South Africa,77.75580561,102.7818147,94.5964806,97.84903115,82.19954757
2011-04-01,Spain,127.2121639,125.2502278,126.2974511,131.085839,100.7222989
2011-04-01,Sweden,76.10798512,85.01025943,82.59414425,78.77074038,92.15755395
2011-04-01,Switzerland,87.68486621,88.89303063,90.56442934,84.93209624,96.82023286
2011-04-01,Türkiye,61.85755877,,79.63028511,83.06855359,77.70966751
2011-04-01,United Kingdom,84.787,97.6037743,94.90323285,89.33961004,89.34964836
2011-04-01,United States,82.25819648,91.29435636,93.19504436,86.30598089,88.2683722
2011-07-01,Australia,78.80422866,85.78862868,87.80584106,84.66786831,89.7538893
2011-07-01,Austria,82.27446109,86.21969973,95.54330712,88.58698737,86.13139843
2011-07-01,Belgium,96.1965035,100.4724625,101.9025681,100.4962375,94.4025216
2011-07-01,Brazil,96.643729,,,131.1439839,
2011-07-01,Bulgaria,99.21192438,107.7164466,101.5770206,104.3644777,97.67250902
2011-07-01,Canada,84.64177979,94.49485079,89.40376652,89.29022037,94.67712929
2011-07-01,Chile,65.20309424,85.48634464,78.08563944,76.58004615,83.53151631
2011-07-01,China,91.78596715,,,99.19712654,
2011-07-01,Colombia,71.71136659,93.71344299,82.18927904,82.71430293,87.26183821
2011-07-01,Costa Rica,,,,,85.37230185
2011-07-01,Croatia,111.2134061,114.427777,113.4532253,116.3670674,98.02589994
2011-07-01,Czech Republic,95.24278515,103.0984858,102.3442539,98.30085731,93.06312876
2011-07-01,Denmark,88.20417547,95.35694185,95.15726248,92.13137466,92.69697627
2011-07-01,Estonia,69.37683036,87.19868797,107.9798059,74.31032687,64.23014324
2011-07-01,Finland,97.27246711,103.6994219,109.9380547,103.9890876,88.47610186
2011-07-01,France,107.4,108.7102297,112.5702715,109.948321,95.40679071
2011-07-01,Germany,86.8189388,92.75927944,91.29595017,90.5095756,95.09893137
2011-07-01,Greece,143.5787054,124.3495392,115.5348066,136.5741934,124.27996
2011-07-01,Hungary,89.57943304,104.4392393,96.58838166,98.20613371,92.7889008
2011-07-01,Iceland,76.13971236,94.58846776,94.54849327,85.38230675,80.53751476
2011-07-01,India,55.25259731,,,70.3907006,
2011-07-01,Ireland,84.72011852,89.46006231,79.92532181,87.70092493,106.0022947
2011-07-01,Israel,79.61632331,91.47594633,86.81451462,82.5817399,91.71442655
2011-07-01,Italy,120.0732642,119.13337,124.0161531,124.6521565,96.82062116
2011-07-01,Japan,95.515,97.78538885,94.09560552,97.41286927,101.5082436
2011-07-01,"Korea, Republic of",96.48570337,114.5062504,107.6671607,100.7382229,89.616948
2011-07-01,Latvia,90.17076852,114.4097847,110.012354,94.15723966,81.95764845
2011-07-01,Lithuania,89.32322599,104.8817159,139.2701303,92.08910527,63.97294315
2011-07-01,Luxembourg,83.21253831,89.13153648,87.57332913,87.55029034,95.02327152
2011-07-01,Mexico,82.25017393,,88.96483189,93.23853956,92.46525965
2011-07-01,Netherlands,108.8361601,114.5265455,124.6816258,113.3529227,87.29457117
2011-07-01,New Zealand,73.90562506,79.49802767,80.54782544,76.08773453,91.77072013
2011-07-01,Norway,83.18775733,99.27037182,92.0166931,89.75047133,90.40780033
2011-07-01,Poland,105.2135581,119.1314768,111.7202171,107.8932398,94.1745442
2011-07-01,Portugal,101.5906415,103.2994406,110.5559629,105.5085705,91.8943112
2011-07-01,Romania,103.4507657,129.510006,109.9235292,112.28342,94.11227
2011-07-01,Russian Federation,82.18614361,121.2478081,114.3741663,113.2376431,71.84124853
2011-07-01,Slovakia,95.43024675,105.0215361,96.21025346,99.25120337,99.18949758
2011-07-01,Slovenia,119.5618906,119.1041787,117.7610483,123.261095,101.5194419
2011-07-01,South Africa,78.6018035,102.0908525,94.65957558,97.12811491,83.03850828
2011-07-01,Spain,122.7081638,122.6259603,121.5722692,126.1440494,100.932379
2011-07-01,Sweden,75.84165144,83.79969763,81.86689401,78.24853485,92.65085677
2011-07-01,Switzerland,88.6348373,89.7059329,91.36964232,86.2692779,97.0066844
2011-07-01,Türkiye,62.8370723,,80.08060467,84.08732874,78.49629227
2011-07-01,United Kingdom,84.68,97.00900545,94.0168762,88.53347233,90.07818306
2011-07-01,United States,82.49663959,90.7960382,92.84812837,86.15754157,88.85499737
2011-10-01,Australia,77.5670468,83.45112587,85.47679865,83.12949134,90.7519928
2011-10-01,Austria,84.27876105,87.31862798,96.91595421,90.39117497,86.98003709
2011-10-01,Belgium,96.77028004,100.5239083,102.1464671,100.7116245,94.7388447
2011-10-01,Brazil,96.86022149,,,128.9205501,
2011-10-01,Bulgaria,97.99972246,106.3947796,100.2631352,102.9918458,97.74341434
2011-10-01,Canada,85.50339367,94.55702727,90.09859029,89.69800906,94.90333332
2011-10-01,Chile,66.84515951,84.83506702,79.53902905,77.98720639,84.07037973
2011-10-01,China,91.30686996,,,98.31257522,
2011-10-01,Colombia,73.10904598,93.6708246,83.07887099,83.16934953,88.01000794
2011-10-01,Costa Rica,,,,,86.46408659
2011-10-01,Croatia,112.2148805,115.4571279,114.2634711,116.2494606,98.20725697
2011-10-01,Czech Republic,94.48224389,101.9267607,100.4228864,97.39462455,94.08632941
2011-10-01,Denmark,86.60838179,93.23928665,93.18147029,90.07895646,92.94985752
2011-10-01,Estonia,71.96870551,89.78233967,105.2304521,76.15887215,68.37057518
2011-10-01,Finland,97.31413585,101.8009741,108.9781903,103.1753984,89.29362127
2011-10-01,France,107.2,108.3534362,111.9488778,109.320117,95.7577119
2011-10-01,Germany,87.31810231,92.76522757,91.51932759,90.64899987,95.41225158
2011-10-01,Greece,138.9770859,123.8783289,112.0233204,131.3801441,124.0676834
2011-10-01,Hungary,90.07923913,104.9137081,96.68703009,96.0691228,93.2114146
2011-10-01,Iceland,77.75403632,93.89129958,95.46602269,86.31334754,81.45461931
2011-10-01,India,58.1911782,,,72.55226941,
2011-10-01,Ireland,79.68654756,83.0763551,74.16238668,83.04722436,107.4519792
2011-10-01,Israel,79.03221479,90.1311047,85.41912874,81.50246892,92.52879231
2011-10-01,Italy,119.5481941,119.8983176,122.6621347,123.0504078,97.46132346
2011-10-01,Japan,95.021,97.49913314,93.68417023,96.85025908,101.4267376
2011-10-01,"Korea, Republic of",97.4002645,114.7929748,107.3103908,100.9470514,90.76717156
2011-10-01,Latvia,88.30960987,109.5916756,105.4555215,91.28555624,83.73438173
2011-10-01,Lithuania,90.56329049,104.2274246,140.2572012,91.66091861,64.40460765
2011-10-01,Luxembourg,85.102578,91.00084639,89.20039348,88.83926524,95.40892765
2011-10-01,Mexico,83.21727487,,89.60188754,92.51062385,92.88732631
2011-10-01,Netherlands,107.097031,112.5611404,122.0440356,111.1803047,87.75610782
2011-10-01,New Zealand,74.08154656,79.51339729,80.30912692,76.27935588,92.26258135
2011-10-01,Norway,84.72589966,100.3225017,93.21419356,91.16958748,90.89651875
2011-10-01,Poland,105.1385151,117.7617992,110.7665491,106.0194276,94.9176121
2011-10-01,Portugal,98.3810035,100.3036555,106.7102512,101.6107629,92.19814884
2011-10-01,Romania,99.65253682,123.2737067,104.8056822,108.3176432,95.08384432
2011-10-01,Russian Federation,83.87734186,119.5695498,114.8502838,114.029565,73.0156232
2011-10-01,Slovakia,94.32036863,103.0441291,95.05970598,97.25321446,99.222468
2011-10-01,Slovenia,118.7966422,118.9212375,117.5290882,120.4847311,101.0687534
2011-10-01,South Africa,79.42380144,101.3656374,94.76445844,96.37161717,83.81403817
2011-10-01,Spain,116.62381,118.3048698,115.3479907,119.7572911,101.1040998
2011-10-01,Sweden,75.05732264,82.12985974,80.61596419,77.30475694,93.11550189
2011-10-01,Switzerland,89.30863766,90.15911963,91.78556885,87.1959889,97.30119964
2011-10-01,Türkiye,64.31830456,,81.07968204,81.30496078,79.35660797
2011-10-01,United Kingdom,84.623,97.16555714,93.42600063,87.80007102,90.58686814
2011-10-01,United States,82.66027701,90.64845021,92.22953486,86.04409403,89.62838926
2012-01-01,Australia,78.43673606,85.08142578,85.59982468,83.68983797,91.6376197
2012-01-01,Austria,85.6361265,87.57181292,97.63724713,91.33868395,87.72799645
2012-01-01,Belgium,97.78327652,100.6558823,102.7435576,100.7719214,95.17424127
2012-01-01,Brazil,97.07733042,,,125.4717324,
2012-01-01,Bulgaria,98.41683613,106.7175838,100.6088481,101.1819473,97.82214084
2012-01-01,Canada,86.59313725,94.93025436,90.88596228,90.64123098,95.28022513
2012-01-01,Chile,68.5671116,84.22393428,80.94479631,79.05510973,84.73839831
2012-01-01,China,90.25120186,,,96.56343078,
2012-01-01,Colombia,74.7745849,93.99143332,84.15989812,84.51617923,88.85877854
2012-01-01,Costa Rica,,,,,87.62397677
2012-01-01,Croatia,111.3345717,114.6100377,113.8188092,115.1574059,97.81749741
2012-01-01,Czech Republic,94.03936417,100.6229018,98.88131958,95.95310341,95.10524252
2012-01-01,Denmark,86.44937293,92.71008533,92.4355265,88.4334384,93.52792326
2012-01-01,Estonia,71.99984834,89.57429934,102.5897704,75.4546541,70.16079515
2012-01-01,Finland,98.38927394,104.5338835,109.1795952,103.6539138,90.11360687
2012-01-01,France,106.8,107.4580741,111.1222662,108.2098591,96.11006746
2012-01-01,Germany,88.31205738,92.47496444,92.29768709,91.17300707,95.68455933
2012-01-01,Greece,133.1997422,122.7648131,108.0142198,125.3906765,123.3236485
2012-01-01,Hungary,89.8526978,103.6709581,95.04466559,94.42826079,94.58363145
2012-01-01,Iceland,79.15455572,93.51511803,96.1768002,86.26202947,82.30897551
2012-01-01,India,61.84699965,,,75.80484015,
2012-01-01,Ireland,77.25872804,79.9441125,74.52363101,79.5479403,103.6732356
2012-01-01,Israel,79.15172653,90.47686061,84.74687847,80.93932182,93.40380327
2012-01-01,Italy,119.4949084,122.1059152,121.7651226,122.088946,98.13553479
2012-01-01,Japan,95.104,96.44985973,93.86403642,96.83757192,101.320805
2012-01-01,"Korea, Republic of",97.61134854,114.2234251,106.4645469,100.8649997,91.68657408
2012-01-01,Latvia,90.00262075,107.7451092,104.7175273,92.28567898,85.94110886
2012-01-01,Lithuania,90.39002974,102.9721754,130.9359322,91.24968883,68.85755512
2012-01-01,Luxembourg,85.16634236,90.5202888,89.14068717,88.38516219,95.54436684
2012-01-01,Mexico,83.47148068,,89.46849503,91.72853742,93.3099843
2012-01-01,Netherlands,104.9449895,110.0030002,118.7635654,109.0035433,88.36798718
2012-01-01,New Zealand,74.92260769,80.38918561,80.64120999,77.02255719,92.92580126
2012-01-01,Norway,86.08995926,100.2124021,94.45270078,92.44268611,91.14885757
2012-01-01,Poland,104.0257157,113.9166665,108.9956056,104.2003569,95.43887557
2012-01-01,Portugal,96.74627713,100.0166841,104.4937946,98.68875615,92.58931207
2012-01-01,Romania,100.5870665,124.5901365,105.1245984,108.8449391,95.68436869
2012-01-01,Russian Federation,86.51766061,117.4342251,117.1106522,114.0171337,73.8603869
2012-01-01,Slovakia,93.52968082,100.8383044,94.03907401,95.30316819,99.45854709
2012-01-01,Slovenia,113.6078465,115.5931974,112.9745945,119.128081,100.5508271
2012-01-01,South Africa,80.42779893,101.011378,94.78400581,96.44105117,84.85602919
2012-01-01,Spain,111.9454771,116.9676676,110.5431716,114.3320423,101.2665947
2012-01-01,Sweden,75.62014262,81.42874703,80.5295818,77.90839404,93.91436377
2012-01-01,Switzerland,90.76698551,91.64827222,93.01275984,88.818367,97.58532559
2012-01-01,Türkiye,65.85861266,,82.02466874,82.9085199,80.32091327
2012-01-01,United Kingdom,84.825,95.37886639,92.89568747,87.93925632,91.32147148
2012-01-01,United States,83.01092864,89.18634015,92.09593225,85.84021865,90.13917473
2012-04-01,Australia,78.39985869,83.65349975,84.68341654,82.9069422,92.58573323
2012-04-01,Austria,86.44252839,87.85603815,96.89097172,91.65233995,89.23615964
2012-04-01,Belgium,97.83932465,100.4010768,102.3771241,100.6510515,95.56964168
2012-04-01,Brazil,97.29519616,,,124.4669656,
2012-04-01,Bulgaria,98.59544007,106.5680737,100.6138973,100.1516035,97.99474754
2012-04-01,Canada,87.72624434,95.93440036,91.67839139,91.62806042,95.69266788
2012-04-01,Chile,69.7021838,83.56342063,81.40646063,80.39858438,85.65265751
2012-04-01,China,89.27233108,,,95.03243026,
2012-04-01,Colombia,76.81195132,94.58542125,85.58603976,86.44629153,89.7588741
2012-04-01,Costa Rica,,,,,89.17309815
2012-04-01,Croatia,109.9639228,113.1382884,112.3169205,111.7438585,97.90515951
2012-04-01,Czech Republic,93.80363064,100.3841539,97.57175916,95.35283368,96.14009339
2012-04-01,Denmark,85.84033898,91.61094572,91.17738703,87.5395466,94.15050308
2012-04-01,Estonia,74.07554801,91.7531906,99.9083165,76.75930493,74.12081922
2012-04-01,Finland,98.97676515,101.7939022,108.4484809,103.3140019,91.26281908
2012-04-01,France,106.3,106.4473696,109.9567951,107.4620668,96.67404954
2012-04-01,Germany,88.65572523,93.64798311,92.42183388,91.47595306,95.92788772
2012-04-01,Greece,130.7086059,124.0916091,106.9404062,123.8917351,122.2323795
2012-04-01,Hungary,86.93871578,99.30938519,90.96335318,90.4825281,95.62234049
2012-04-01,Iceland,80.2843391,93.45219398,95.98607734,86.0461809,83.64966333
2012-04-01,India,65.20781781,,,77.93529443,
2012-04-01,Ireland,75.73435181,78.63370252,74.40384062,77.61755191,101.7913009
2012-04-01,Israel,80.1662637,90.38805807,85.14093973,81.50363235,94.1631725
2012-04-01,Italy,117.8445018,120.847526,119.4180881,119.6711476,98.68224344
2012-04-01,Japan,94.31,96.34855539,93.18613232,96.43085282,101.2058304
2012-04-01,"Korea, Republic of",97.17140585,112.5116817,105.0032782,100.0442023,92.54353202
2012-04-01,Latvia,90.15973928,106.7627428,101.537739,91.31295774,88.78719466
2012-04-01,Lithuania,88.60295998,100.1111978,126.3666976,88.96904378,69.93675994
2012-04-01,Luxembourg,85.98565825,90.29385167,89.62586167,88.96599585,95.94133223
2012-04-01,Mexico,83.87187233,,89.48626932,91.12348368,93.73894609
2012-04-01,Netherlands,103.7523938,108.6661906,116.6604489,107.3112747,88.93873833
2012-04-01,New Zealand,75.94133015,80.99657626,81.30239511,77.68436309,93.42331855
2012-04-01,Norway,87.10683787,101.2341109,95.09480979,93.72165124,91.60275644
2012-04-01,Poland,102.3781856,111.7802189,106.6054685,101.7115778,96.03322981
2012-04-01,Portugal,94.55247244,98.25573952,101.35803,96.69670781,93.28929789
2012-04-01,Romania,100.2509641,121.9353092,103.9559636,102.7882136,96.43670257
2012-04-01,Russian Federation,89.27027645,116.9286072,118.6531436,116.2330031,75.21956903
2012-04-01,Slovakia,92.65749553,99.67113034,92.94334094,93.99129077,99.69268209
2012-04-01,Slovenia,113.6079054,116.1824507,113.4758573,113.8091639,100.1067105
2012-04-01,South Africa,81.48779628,100.6249055,94.8533366,96.54891044,85.91154742
2012-04-01,Spain,107.0020006,112.2829475,105.5764485,108.3358109,101.3482898
2012-04-01,Sweden,76.51658818,81.91478473,80.99801921,78.45215444,94.47810436
2012-04-01,Switzerland,91.68746507,92.25911095,93.89748057,89.80123831,97.64615802
2012-04-01,Türkiye,67.63600172,,83.19392361,83.47450038,81.32926819
2012-04-01,United Kingdom,85.282,94.5554134,92.35164512,87.94017184,92.35434361
2012-04-01,United States,84.32937876,89.94173884,92.99675554,86.99357097,90.6838307
2012-07-01,Australia,78.78376375,85.7291322,84.4367648,82.62432928,93.31088346
2012-07-01,Austria,88.32266823,89.59045795,98.43981069,93.04070291,89.74249361
2012-07-01,Belgium,97.8331518,100.185243,101.9392238,100.3750592,95.97412462
2012-07-01,Brazil,97.5116113,,,121.9867867,
2012-07-01,Bulgaria,98.38655673,105.8018218,99.26728347,100.3531224,99.11367171
2012-07-01,Canada,87.9638009,95.25718474,91.54906908,91.76352816,96.08733857
2012-07-01,Chile,71.48656398,84.05426924,82.76367124,82.37848901,86.40482729
2012-07-01,China,89.81276246,,,95.33729238,
2012-07-01,Colombia,78.0765535,94.20814651,86.17473817,87.21994542,90.61335091
2012-07-01,Costa Rica,,,,,90.25095401
2012-07-01,Croatia,108.8728571,111.9683585,111.1350202,109.1686964,97.96461363
2012-07-01,Czech Republic,93.75246193,100.4267013,96.86441257,94.9062583,96.78932449
2012-07-01,Denmark,86.71597208,92.10043091,91.41702131,88.0437008,94.86158865
2012-07-01,Estonia,75.36206416,93.00596935,100.5425152,77.69687601,74.93246483
2012-07-01,Finland,99.29068094,102.3475209,107.8240724,103.042686,92.08244781
2012-07-01,France,105.7,106.0294895,109.0182922,106.8188466,96.95592007
2012-07-01,Germany,90.43960835,95.34086681,93.99274435,92.98519413,96.2225849
2012-07-01,Greece,125.4396644,122.3180044,103.6149654,119.0206077,121.0699353
2012-07-01,Hungary,86.2023549,97.33822681,89.72186977,88.69308774,96.12435193
2012-07-01,Iceland,81.2717183,93.57610261,95.77969672,86.90476049,84.8608913
2012-07-01,India,68.10281329,,,79.91762952,
2012-07-01,Ireland,75.35578557,77.45878818,76.06210636,77.35255299,99.07437917
2012-07-01,Israel,81.79342757,90.99830806,86.28348584,82.80467662,94.80224109
2012-07-01,Italy,115.6275915,118.5116642,116.656705,117.2178028,99.11778249
2012-07-01,Japan,94.173,95.95466993,93.19629115,97.02231193,101.0477973
2012-07-01,"Korea, Republic of",96.53151997,110.4074284,103.562914,99.29317488,93.21275101
2012-07-01,Latvia,91.52665968,107.2580231,100.2937531,91.78664675,91.25126741
2012-07-01,Lithuania,89.63124503,99.98271067,124.0793983,88.87370046,72.05260117
2012-07-01,Luxembourg,86.75635063,89.81225394,90.05639293,89.53349826,96.33848132
2012-07-01,Mexico,84.61450849,,89.8458337,91.00093442,94.19048304
2012-07-01,Netherlands,99.09504384,103.6581544,110.5088648,102.263556,89.67498202
2012-07-01,New Zealand,77.16510025,81.70979363,82.11540032,78.89782726,93.98894521
2012-07-01,Norway,89.04385669,103.543432,96.70097028,94.93012638,92.08443724
2012-07-01,Poland,101.0790352,110.2613405,104.7129514,100.5030266,96.52821546
2012-07-01,Portugal,93.77395679,97.36811255,99.80920294,95.42001852,93.95691524
2012-07-01,Romania,98.53941296,117.5995464,101.854486,99.95913312,96.74599867
2012-07-01,Russian Federation,91.04921285,115.4748073,117.898735,115.9064726,77.20941472
2012-07-01,Slovakia,93.17525314,100.2237528,93.364054,93.84451512,99.79801029
2012-07-01,Slovenia,112.6985993,115.4278006,113.0848153,112.3763837,99.64886035
2012-07-01,South Africa,82.69779326,100.4493585,95.15305902,96.86793441,86.91260096
2012-07-01,Spain,102.8770422,107.840595,101.4836329,103.4917254,101.3710719
2012-07-01,Sweden,77.2485922,82.33890063,81.26552176,79.35212946,95.06796941
2012-07-01,Switzerland,92.8682206,93.12548877,95.12985564,91.00087837,97.62238658
2012-07-01,Türkiye,69.2553969,,84.04116406,85.61769694,82.43698663
2012-07-01,United Kingdom,85.128,95.12926069,91.38757783,87.92813624,93.16007916
2012-07-01,United States,85.37198293,91.68340262,93.54049008,87.81412235,91.27135154
2012-10-01,Australia,79.9006415,85.76103343,84.90143441,83.41774278,94.11577008
2012-10-01,Austria,89.87867687,91.29263859,99.22949262,94.09206258,90.59675069
2012-10-01,Belgium,97.79824703,99.99670766,101.6386742,100.01387,96.22358115
2012-10-01,Brazil,97.72812,,,120.2263909,
2012-10-01,Bulgaria,96.89116707,103.6250127,97.66756577,99.54784611,99.20595999
2012-10-01,Canada,88.21455505,95.12693067,91.43578481,91.75164732,96.48063677
2012-10-01,Chile,73.85284964,85.37605176,84.62624424,84.57620048,87.30025667
2012-10-01,China,90.68925733,,,95.76664318,
2012-10-01,Colombia,80.96191028,95.89632761,88.50166094,89.70382724,91.49152253
2012-10-01,Costa Rica,,,,,91.0400184
2012-10-01,Croatia,105.5386484,108.5581494,107.6822324,105.2497447,98.00946531
2012-10-01,Czech Republic,93.80454326,100.506092,96.51004942,95.01744613,97.19867887
2012-10-01,Denmark,87.98218348,93.05337983,92.3298554,89.26102435,95.2951819
2012-10-01,Estonia,76.04679578,91.26792327,101.0127596,77.36630919,75.2612908
2012-10-01,Finland,100.16328,103.7976991,108.2261347,103.5343012,92.54660397
2012-10-01,France,105.1,106.69753,107.9053535,106.042394,97.3998849
2012-10-01,Germany,91.68350676,96.3172108,95.007229,93.74118603,96.50442805
2012-10-01,Greece,121.3349874,120.9200867,101.3736876,115.3677023,119.6974003
2012-10-01,Hungary,85.39623152,96.07656847,88.3554768,87.48223525,96.69807783
2012-10-01,Iceland,81.53319248,92.96636599,94.71300674,85.94584437,86.09271986
2012-10-01,India,72.70836925,,,83.86374885,
2012-10-01,Ireland,75.80213458,78.53028604,76.80301128,78.24985894,98.6998047
2012-10-01,Israel,84.61758219,92.92236379,88.65160584,85.34985005,95.45570369
2012-10-01,Italy,113.6329983,116.1450908,114.1387331,114.728426,99.55686707
2012-10-01,Japan,94.762,96.8048317,93.86015579,97.35280155,100.960623
2012-10-01,"Korea, Republic of",95.95947528,108.377232,102.2961838,97.86942287,93.8077836
2012-10-01,Latvia,93.76098029,108.8927732,101.7716794,94.12090264,92.12136697
2012-10-01,Lithuania,89.60576526,98.36690949,121.0675465,88.6699089,73.82409395
2012-10-01,Luxembourg,88.39351452,90.30244613,91.54920104,90.30257078,96.55592121
2012-10-01,Mexico,85.51229482,,90.30918606,91.63433283,94.70147958
2012-10-01,Netherlands,99.74957286,104.1163516,110.5688833,101.8191913,90.21829247
2012-10-01,New Zealand,78.87996344,82.982631,83.49763791,80.69299847,94.48719932
2012-10-01,Norway,90.55934618,103.3985682,97.66425296,95.6194263,92.72797035
2012-10-01,Poland,100.2320635,109.1483928,103.3904882,99.43883928,96.94371879
2012-10-01,Portugal,94.41729363,97.57943346,100.0529035,95.87129425,94.3710848
2012-10-01,Romania,98.66255645,115.7040242,101.6908102,102.0482561,97.02281248
2012-10-01,Russian Federation,92.63885009,114.2133911,118.3118796,116.1171889,78.28309936
2012-10-01,Slovakia,91.65464296,98.66454102,91.6438751,91.87521997,100.0119805
2012-10-01,Slovenia,108.4456488,111.5114521,109.5008332,107.9908186,99.0268166
2012-10-01,South Africa,83.97979005,100.3844778,95.46423934,96.21395565,87.97223972
2012-10-01,Spain,101.796421,106.3366141,100.3027797,101.8178438,101.4871638
2012-10-01,Sweden,77.914677,82.74153118,81.58923337,79.97673016,95.50726192
2012-10-01,Switzerland,93.15132882,93.1160659,95.54355292,91.52409971,97.49600077
2012-10-01,Türkiye,70.56098872,,84.42167508,85.20106414,83.61250552
2012-10-01,United Kingdom,85.429,95.04290471,91.01573475,87.44616003,93.87142892
2012-10-01,United States,86.65303021,90.14080481,94.1790531,88.63500935,92.01278765
2013-01-01,Australia,80.91264214,85.72057111,85.32854928,84.11842918,94.8307494
2013-01-01,Austria,90.56483964,92.62655604,99.21560784,94.43304984,91.30117086
2013-01-01,Belgium,98.90643333,100.8819463,102.5788021,100.941475,96.42204871
2013-01-01,Brazil,97.94442418,,,118.7960874,
2013-01-01,Bulgaria,96.10582454,102.0041473,96.95791026,98.49544373,99.12207917
2013-01-01,Canada,88.79901961,94.32848071,91.65623515,91.81116358,96.88627676
2013-01-01,Chile,76.03469356,87.33596375,86.28037323,86.02542653,88.15625148
2013-01-01,China,92.55660253,,,96.74098545,
2013-01-01,Colombia,82.47257484,95.87002859,89.31833019,91.2742946,92.34651016
2013-01-01,Costa Rica,,,,,92.16381008
2013-01-01,Croatia,105.3070366,108.0111027,107.7420621,104.5664152,97.7400712
2013-01-01,Czech Republic,93.71750351,101.3584121,95.98783111,94.85488962,97.63680496
2013-01-01,Denmark,88.61899536,93.00338657,92.61983194,89.63411218,95.68441294
2013-01-01,Estonia,77.56554478,90.72452537,97.47648994,78.64495792,79.54922328
2013-01-01,Finland,100.3181741,101.7065188,107.5537988,102.8471239,93.26913775
2013-01-01,France,104.7,106.3922016,106.9599429,105.2052615,97.88682421
2013-01-01,Germany,91.70791064,96.45281772,94.69995901,93.34327625,96.84332338
2013-01-01,Greece,117.8697667,119.3144052,100.0875495,112.2548755,117.7731472
2013-01-01,Hungary,84.66863381,94.29953049,87.39489215,86.98385709,96.92796873
2013-01-01,Iceland,82.40943867,93.21463376,93.82035587,85.57105785,87.84589755
2013-01-01,India,74.10511502,,,83.78774568,
2013-01-01,Ireland,75.00756056,78.34773944,74.70111974,76.44673284,100.4132527
2013-01-01,Israel,86.74888167,93.67944342,90.50384458,86.90846669,95.85719908
2013-01-01,Italy,110.9975067,113.587457,111.1734771,111.7097739,99.84167028
2013-01-01,Japan,94.512,96.35931392,93.7121707,97.11070461,100.8532807
2013-01-01,"Korea, Republic of",95.46160229,106.4212715,101.1110714,97.35997035,94.41488104
2013-01-01,Latvia,94.39443077,109.8864688,101.5340613,95.0615149,92.96078654
2013-01-01,Lithuania,90.29751965,97.20413431,123.3255387,89.33476728,73.03191916
2013-01-01,Luxembourg,89.75959303,90.94621449,92.69930719,91.54627092,96.83167735
2013-01-01,Mexico,86.65172092,,91.02722931,92.84493367,95.20636839
2013-01-01,Netherlands,96.93492797,101.5067211,106.6226968,98.12016571,90.91742163
2013-01-01,New Zealand,80.75141495,83.72281299,85.0334597,82.57254428,94.98187132
2013-01-01,Norway,91.54226393,102.9013977,97.78197893,96.49690031,93.62157316
2013-01-01,Poland,98.13951356,108.0429664,100.9347427,98.02036459,97.22922205
2013-01-01,Portugal,92.44990942,94.61929937,97.91423316,93.74624235,94.42299218
2013-01-01,Romania,99.75491394,113.7635348,103.4311451,104.3584893,96.44643255
2013-01-01,Russian Federation,94.70623426,114.4328561,119.2501819,117.8730505,79.40040695
2013-01-01,Slovakia,93.56579675,101.0749422,93.55394116,93.44588657,100.0129033
2013-01-01,Slovenia,108.6492434,110.9683033,109.4207996,107.7856048,99.28529554
2013-01-01,South Africa,85.29678676,100.4472458,95.80459601,96.32910252,89.03441469
2013-01-01,Spain,97.56578322,101.7883626,96.25602232,97.37876546,101.3587392
2013-01-01,Sweden,78.70857688,83.29700167,81.84998488,80.52807037,96.17305876
2013-01-01,Switzerland,93.8858615,93.29514762,96.32723688,92.31749919,97.46534557
2013-01-01,Türkiye,72.45308585,,85.41402919,86.92168343,84.85710735
2013-01-01,United Kingdom,85.917,95.6697754,91.10471618,87.13632061,94.3154476
2013-01-01,United States,88.43434048,95.73837888,95.47422468,90.14133557,92.63040326
2013-04-01,Australia,82.548731,87.35911488,86.18518721,85.48051661,95.78663875
2013-04-01,Austria,91.3739157,93.60738675,99.56472608,94.85726653,91.79382248
2013-04-01,Belgium,99.04364996,100.8551997,102.3056218,100.7402055,96.81364563
2013-04-01,Brazil,98.1607002,,,116.5314481,
2013-04-01,Bulgaria,96.26816481,101.9393627,97.16967558,99.1309252,99.07312928
2013-04-01,Canada,89.37971342,94.83785383,91.92420999,92.28581337,97.23556941
2013-04-01,Chile,77.5086679,87.96516915,87.25468593,87.53212486,88.86174628
2013-04-01,China,95.13129494,,,98.96713803,
2013-04-01,Colombia,84.28786362,96.8513551,90.47095033,92.76616763,93.17672108
2013-04-01,Costa Rica,,,,,93.37862738
2013-04-01,Croatia,104.7701967,107.728853,106.9251204,104.103464,97.98476471
2013-04-01,Czech Republic,93.92776909,101.0244223,95.7919561,94.87900878,98.05595921
2013-04-01,Denmark,89.89436547,94.19459392,93.46428557,90.98252975,96.18451148
2013-04-01,Estonia,80.20150338,90.77061947,97.12231038,80.96193077,82.55254809
2013-04-01,Finland,100.2019762,101.8930193,106.8067513,102.1552185,93.81270926
2013-04-01,France,104.0,105.3828056,105.9262737,104.5056821,98.18120631
2013-04-01,Germany,92.66550815,96.27468436,95.38883686,94.24830056,97.14785929
2013-04-01,Greece,115.0835751,117.5797207,100.2744522,110.1703457,114.7749098
2013-04-01,Hungary,84.92420009,93.12976448,87.14654953,86.58886432,97.49758953
2013-04-01,Iceland,84.12832034,93.86861882,93.96331474,87.17953011,89.54173261
2013-04-01,India,74.37894104,,,82.93026877,
2013-04-01,Ireland,75.16688345,78.64316499,75.03534562,76.70820616,100.1783242
2013-04-01,Israel,87.70781752,93.78905792,90.9794107,87.99254673,96.41021767
2013-04-01,Italy,109.978636,112.2980787,109.7180368,110.4899117,100.2374718
2013-04-01,Japan,95.907,97.07320485,95.19689467,98.63670665,100.7457186
2013-04-01,"Korea, Republic of",95.7224489,105.7225787,100.8072248,97.68350859,94.95822427
2013-04-01,Latvia,96.85526775,110.3972932,103.0341954,97.88254221,93.99549465
2013-04-01,Lithuania,90.71339453,96.60567397,121.6545804,89.93930882,74.37600845
2013-04-01,Luxembourg,90.01806194,90.64061153,92.57813477,91.74574626,97.23761552
2013-04-01,Mexico,88.1516016,,92.12152387,93.95475397,95.7038094
2013-04-01,Netherlands,95.39279053,99.37550473,104.2083756,96.42298529,91.54389972
2013-04-01,New Zealand,82.54879517,85.58036029,86.53978582,84.17805899,95.40593419
2013-04-01,Norway,92.1305015,101.9014408,97.57953267,96.67580972,94.41865495
2013-04-01,Poland,97.06533087,105.6839828,99.63704177,96.55120878,97.41748305
2013-04-01,Portugal,92.08637132,95.50688084,97.3963241,93.25330819,94.55181924
2013-04-01,Romania,99.54010808,112.5018145,102.7003065,102.7563915,96.92360768
2013-04-01,Russian Federation,94.80453817,111.8658492,117.5501959,116.4188551,80.63238511
2013-04-01,Slovakia,93.60971037,100.9570782,93.60654767,93.30673163,100.0036095
2013-04-01,Slovenia,108.3157817,111.0292686,109.3962965,107.4618578,99.00274342
2013-04-01,South Africa,86.56578359,100.4014788,96.14519982,96.62261145,90.03891211
2013-04-01,Spain,95.6723614,99.76999366,94.47704128,96.08532828,101.263232
2013-04-01,Sweden,80.04479302,84.31837436,82.76023789,81.92563115,96.73003122
2013-04-01,Switzerland,94.86463328,94.11031849,96.99986637,93.3952786,97.79853075
2013-04-01,Türkiye,74.79454497,,86.73648127,87.38144485,86.26381678
2013-04-01,United Kingdom,86.63,93.81566155,91.50780537,87.36018382,94.67923933
2013-04-01,United States,90.21565075,97.04329317,96.7371206,91.9099958,93.26259244
2013-07-01,Australia,85.10894457,89.35799331,88.36410861,87.45928818,96.32221607
2013-07-01,Austria,93.53250332,95.7126713,101.3663658,96.57226906,92.29228607
2013-07-01,Belgium,99.0404967,100.664325,101.9216448,100.4482961,97.17528504
2013-07-01,Brazil,98.37712595,,,115.0892338,
2013-07-01,Bulgaria,95.49209929,100.9708433,96.46203549,101.5928937,98.99538741
2013-07-01,Canada,90.21493213,95.0978003,92.42861341,92.72234903,97.60860341
2013-07-01,Chile,78.08567407,87.24463657,86.91702544,87.56943121,89.87105479
2013-07-01,China,97.61140625,,,100.9071712,
2013-07-01,Colombia,86.21823645,98.15036707,91.67432936,94.03158947,94.05955574
2013-07-01,Costa Rica,,,,,94.42183147
2013-07-01,Croatia,104.6474884,107.8883867,106.8092523,103.833468,97.9761743
2013-07-01,Czech Republic,93.9513942,100.2171704,95.36357328,94.63143738,98.52121074
2013-07-01,Denmark,90.6900848,94.92270877,93.77562569,91.54633696,96.71374497
2013-07-01,Estonia,83.78603198,92.95191547,99.33961786,83.19226943,84.31718849
2013-07-01,Finland,100.448516,102.633529,106.3943472,101.9661058,94.40805878
2013-07-01,France,103.3,104.8629957,104.8371631,103.6067134,98.5334707
2013-07-01,Germany,92.88740341,95.93194369,95.23556458,94.12780781,97.53721223
2013-07-01,Greece,112.6288223,115.493909,100.779664,109.2915285,111.7636432
2013-07-01,Hungary,85.00712211,92.39324234,86.7660399,86.20164986,98.02077849
2013-07-01,Iceland,86.3065971,94.77118888,95.18334092,89.26850319,90.6827441
2013-07-01,India,78.38397025,,,85.57574943,
2013-07-01,Ireland,77.85540435,81.51775709,78.2085981,79.14075887,99.55139942
2013-07-01,Israel,89.62324621,94.92397963,92.58937185,89.2514471,96.80268669
2013-07-01,Italy,108.3139704,110.4408696,107.7128507,108.5039493,100.5580305
2013-07-01,Japan,96.561,98.20457549,95.96650005,99.12588646,100.6192725
2013-07-01,"Korea, Republic of",95.68644831,104.906857,100.103231,97.48305914,95.5900706
2013-07-01,Latvia,97.72438537,109.3275768,103.0651028,98.52722137,94.81050993
2013-07-01,Lithuania,89.15626847,93.53466658,115.1857111,88.27954926,77.20460213
2013-07-01,Luxembourg,91.54753056,91.86826127,93.71488831,92.9604886,97.69022514
2013-07-01,Mexico,89.42019878,,92.8770445,94.36020798,96.29137204
2013-07-01,Netherlands,95.37710355,98.75234945,101.7453038,96.23846985,93.74459528
2013-07-01,New Zealand,84.84110842,88.12877087,88.49185011,86.06300241,95.89224555
2013-07-01,Norway,91.8024208,100.7992197,96.54275787,95.86594427,95.09277928
2013-07-01,Poland,97.11954184,104.2192697,99.39440605,95.89956606,97.70983328
2013-07-01,Portugal,92.79685279,96.83842418,97.82189097,93.57988136,94.86680825
2013-07-01,Romania,99.19993685,111.3689723,101.9700546,102.0060663,97.28411821
2013-07-01,Russian Federation,95.93595121,110.6003753,116.6873614,116.3432733,82.19791023
2013-07-01,Slovakia,93.49894274,100.4408814,93.51486562,93.20789152,99.98320367
2013-07-01,Slovenia,104.0758896,106.7909607,105.2283107,102.8617545,98.89529817
2013-07-01,South Africa,87.97778006,100.4683773,96.46878649,96.92187647,91.20061451
2013-07-01,Spain,96.15020648,100.3523758,95.07530206,96.04729436,101.1286204
2013-07-01,Sweden,81.18327763,85.05942606,83.60736167,82.8255403,97.11180685
2013-07-01,Switzerland,94.79791347,93.97591549,96.48007296,93.26748572,98.2562736
2013-07-01,Türkiye,77.03730741,,88.04013968,89.46622334,87.53483494
2013-07-01,United Kingdom,87.624,93.09223198,92.00119344,88.17984593,95.25202101
2013-07-01,United States,91.62760797,97.98171354,97.55169982,92.96656664,93.93128452
2013-10-01,Australia,87.85568229,90.8475598,90.64813242,89.80989808,96.92552376
2013-10-01,Austria,92.92874134,94.69976473,99.92724605,95.43312296,93.01711349
2013-10-01,Belgium,98.85742002,100.2823766,101.3204393,100.1166181,97.57119972
2013-10-01,Brazil,98.59364216,,,112.5142794,
2013-10-01,Bulgaria,95.79391136,101.0606295,96.82502401,98.86603109,98.93597397
2013-10-01,Canada,91.58936652,95.8707164,93.46182353,93.91847523,98.0001894
2013-10-01,Chile,80.51774483,88.4382205,88.50930162,89.16947905,91.00306482
2013-10-01,China,100.6653899,,,103.307979,
2013-10-01,Colombia,87.72032509,98.90503167,92.50387798,95.11057746,94.84006046
2013-10-01,Costa Rica,,,,,95.39220539
2013-10-01,Croatia,103.7852782,107.1477278,105.9874098,103.3141124,97.92239293
2013-10-01,Czech Republic,93.9033332,99.1842688,95.02720013,94.32235154,98.81937474
2013-10-01,Denmark,91.18745535,95.25781571,93.80035505,91.80796074,97.21851372
2013-10-01,Estonia,87.62009692,95.651092,97.85228271,87.075384,89.51581014
2013-10-01,Finland,100.4413337,102.5410804,105.5117956,101.4538053,95.1909265
2013-10-01,France,103.2,105.1270641,104.5146966,103.5261423,98.74180287
2013-10-01,Germany,93.13210378,96.5844826,95.15675572,94.08126886,97.8751551
2013-10-01,Greece,109.6828359,112.3829937,100.6296271,106.9652547,109.0025658
2013-10-01,Hungary,84.880044,91.81364704,86.30672319,86.05664798,98.39512416
2013-10-01,Iceland,87.98549596,94.95648265,93.90222928,89.98913196,93.70802573
2013-10-01,India,79.87697369,,,85.33640443,
2013-10-01,Ireland,79.98815164,82.88472961,80.13306324,81.38857573,99.82217362
2013-10-01,Israel,91.2110546,95.70922885,93.80489604,90.16626015,97.2410969
2013-10-01,Italy,107.1098869,109.0727696,107.0443893,107.4436874,100.061142
2013-10-01,Japan,97.612,99.2325575,97.09795302,99.74973327,100.5291965
2013-10-01,"Korea, Republic of",96.20777185,104.7784333,100.0435494,97.63688591,96.16820456
2013-10-01,Latvia,101.5159161,112.000305,105.1157506,101.591604,96.56761781
2013-10-01,Lithuania,92.41281736,97.55463896,117.3113456,91.44343274,78.57458719
2013-10-01,Luxembourg,92.25372341,92.38438269,94.16119357,93.02072457,97.97719845
2013-10-01,Mexico,90.53059181,,93.56548692,94.40486017,96.76979218
2013-10-01,Netherlands,95.38117795,98.14591708,101.0495514,96.32159459,94.39408338
2013-10-01,New Zealand,85.99336508,89.46554965,89.18129707,86.95500309,96.44319504
2013-10-01,Norway,91.52481377,99.56670642,95.47518992,95.0337576,95.86529896
2013-10-01,Poland,97.34161373,102.9078337,99.39942361,96.0494931,97.92831138
2013-10-01,Portugal,95.00686647,100.1020428,99.98475781,95.89340591,95.02509033
2013-10-01,Romania,98.54504112,109.7972306,101.2188826,97.50288626,97.359075
2013-10-01,Russian Federation,96.85022411,109.0830937,115.8964933,115.7923218,83.54761771
2013-10-01,Slovakia,93.67261427,99.97230436,93.70992699,93.61509407,99.96041347
2013-10-01,Slovenia,103.7990853,106.781258,105.9938706,102.4006608,97.91988296
2013-10-01,South Africa,89.96977508,101.0593526,97.4425099,97.43802397,92.33359683
2013-10-01,Spain,95.56868651,99.74217774,94.64974417,95.60528156,100.9689286
2013-10-01,Sweden,83.20335247,86.66457515,85.33433602,84.47463323,97.51400286
2013-10-01,Switzerland,95.91959175,95.11398699,97.25856252,94.41249082,98.62309087
2013-10-01,Türkiye,79.49906177,,89.43201005,90.2742551,88.92616354
2013-10-01,United Kingdom,89.231,94.22820763,93.2905418,89.71961229,95.65831581
2013-10-01,United States,92.53867471,98.65464117,97.8532542,93.54632461,94.57288594
2014-01-01,Australia,89.68015112,91.92091234,91.92082657,91.19903027,97.56848738
2014-01-01,Austria,94.54022922,95.44954239,100.4824026,96.47214311,94.10731061
2014-01-01,Belgium,97.64538067,98.90482083,99.14330499,98.45121965,98.49127233
2014-01-01,Brazil,98.80993784,,,110.6106858,
2014-01-01,Bulgaria,96.73376899,102.8275845,97.67720086,100.7725585,99.03503156
2014-01-01,Canada,93.50678733,97.66745167,95.10614932,95.10673056,98.32198725
2014-01-01,Chile,83.32918953,89.64377544,90.10026124,90.41453962,92.51761698
2014-01-01,China,102.460698,,,104.7093411,
2014-01-01,Colombia,90.08155246,100.7488324,94.18339096,97.34023406,95.65618781
2014-01-01,Costa Rica,,,,,96.11742064
2014-01-01,Croatia,102.9505905,107.6467256,104.3155277,102.5295877,98.69165345
2014-01-01,Czech Republic,95.09817314,99.78163164,96.37881466,95.38986663,98.67329258
2014-01-01,Denmark,91.72634356,96.44924405,94.07002452,91.95138775,97.51270132
2014-01-01,Estonia,91.25529912,98.62764533,100.7948209,90.72313617,90.50797624
2014-01-01,Finland,100.1863918,102.713523,104.5097878,100.9387797,95.85965617
2014-01-01,France,102.7,103.7605028,103.6945121,102.8169083,99.04062909
2014-01-01,Germany,94.22335573,97.0064658,95.90117913,94.84440264,98.25333422
2014-01-01,Greece,107.1616168,108.9874351,100.3878723,105.1938337,106.7534504
2014-01-01,Hungary,85.48917718,91.10847487,86.84061276,85.96412266,98.49197995
2014-01-01,Iceland,90.12788451,95.1247307,95.06996543,91.67421861,94.81072026
2014-01-01,India,83.20663584,,,87.67936855,
2014-01-01,Ireland,82.89329303,86.88391425,83.17492869,84.06344,99.66440114
2014-01-01,Israel,93.37574628,96.75795273,95.53127916,92.64249549,97.74991115
2014-01-01,Italy,106.2137286,108.1919827,106.3623901,106.3660662,99.86018596
2014-01-01,Japan,97.323,98.63162249,96.88378661,99.20635394,100.4531264
2014-01-01,"Korea, Republic of",96.90748879,105.0022774,100.2073282,97.77683396,96.70931328
2014-01-01,Latvia,104.5757142,112.5752565,105.8626842,103.5063247,98.77638169
2014-01-01,Lithuania,93.91432604,98.07038021,115.8869264,92.80598272,80.83274276
2014-01-01,Luxembourg,91.94834559,91.893311,93.67670276,92.8734996,98.15793016
2014-01-01,Mexico,91.63649322,,94.26594711,93.61601487,97.22406085
2014-01-01,Netherlands,95.72304481,97.70168688,100.6151085,95.82291058,95.1414545
2014-01-01,New Zealand,86.92788515,91.56304801,89.73999403,87.91761101,96.88432274
2014-01-01,Norway,91.83826377,100.2515485,95.4617172,94.49503452,96.20719006
2014-01-01,Poland,97.62026099,101.0688048,99.369122,96.15606316,98.23858583
2014-01-01,Portugal,96.26338902,101.5551056,97.75759835,97.12104837,98.47539225
2014-01-01,Romania,97.1819191,109.0996507,98.46010231,97.60757172,98.70255413
2014-01-01,Russian Federation,95.5507514,104.8063857,112.1404661,112.8315067,85.18732083
2014-01-01,Saudi Arabia,99.27901455,,,101.9599366,
2014-01-01,Slovakia,93.46356032,100.3079309,93.4841446,93.40460203,99.97821176
2014-01-01,Slovenia,101.3862754,103.0904912,103.9737474,100.8649392,97.50201308
2014-01-01,South Africa,92.12576969,102.6216959,98.62964545,98.37039508,93.40825054
2014-01-01,Spain,95.92564984,101.21988,95.20037641,95.90664925,100.7598842
2014-01-01,Sweden,85.19069154,88.41010717,87.06669794,86.52563675,97.85658196
2014-01-01,Switzerland,96.19568097,95.01827024,97.30896435,94.71943467,98.85573215
2014-01-01,Türkiye,81.55289767,,90.19153471,90.16013465,90.4553305
2014-01-01,United Kingdom,91.428,96.62442228,95.07819829,91.50962792,96.17071873
2014-01-01,United States,93.65652881,98.47967552,98.27814224,94.243745,95.30150492
2014-04-01,Australia,90.89356847,91.96797782,92.68284757,92.12708524,98.07559403
2014-04-01,Austria,95.34363254,95.68632173,100.239593,96.92853205,95.13692753
2014-04-01,Belgium,98.1711032,99.25406871,99.33880729,99.06319412,98.82667122
2014-04-01,Brazil,99.02621113,,,108.2102309,
2014-04-01,Bulgaria,96.68402484,101.9049525,97.56901027,101.3016857,99.09386375
2014-04-01,Canada,93.86312217,97.19247937,95.13534471,94.89213126,98.66638352
2014-04-01,Chile,86.12612232,91.10576633,92.00418239,91.48965912,93.6441505
2014-04-01,China,102.5699429,,,104.3478503,
2014-04-01,Colombia,90.5281118,99.51382485,93.99459202,96.51448289,96.3234711
2014-04-01,Costa Rica,,,,,96.65498844
2014-04-01,Croatia,104.0126976,108.2062599,105.2912328,103.9496642,98.78583886
2014-04-01,Czech Republic,95.66435994,99.39041365,96.7621823,95.74700856,98.86749769
2014-04-01,Denmark,93.28292325,97.39339332,95.34185425,93.7895783,97.8446122
2014-04-01,Estonia,91.9587431,97.9902674,99.88673067,91.94731958,92.03482832
2014-04-01,Finland,99.95217303,101.666098,103.3396907,100.6174947,96.71841711
2014-04-01,France,102.6,103.4445989,103.3525781,102.8868734,99.2715415
2014-04-01,Germany,95.27777173,97.38850848,96.58895832,95.94520875,98.64538813
2014-04-01,Greece,105.6145315,106.8074662,100.3795478,104.0849836,105.2209831
2014-04-01,Hungary,87.26826907,91.64294713,89.21074826,87.7529599,97.87049618
2014-04-01,Iceland,91.83308762,95.62040665,95.97177315,92.97012522,95.69676837
2014-04-01,India,86.34165677,,,89.85951478,
2014-04-01,Ireland,87.65297188,91.66674526,88.11404796,88.51855106,99.47973008
2014-04-01,Israel,94.54223758,97.30581715,96.18977176,94.03765938,98.29351391
2014-04-01,Italy,104.4758013,106.1321004,104.6906802,104.6265304,99.7947036
2014-04-01,Japan,97.225,98.58113048,96.88577782,97.35419606,100.349912
2014-04-01,"Korea, Republic of",96.9644776,103.9724379,99.68005911,97.91357359,97.27804143
2014-04-01,Latvia,103.8679217,111.6091111,104.9814521,103.6141614,98.93137424
2014-04-01,Lithuania,96.58214107,100.4356653,115.106227,95.65049132,83.69276645
2014-04-01,Luxembourg,94.4506101,94.18108502,96.18202351,95.32987465,98.20281258
2014-04-01,Mexico,91.83978603,,94.03703857,92.60898272,97.67694107
2014-04-01,Netherlands,96.6024607,98.19524266,100.8528244,96.80984777,95.78921315
2014-04-01,New Zealand,87.8069223,91.95161986,90.11346266,88.52471877,97.45845954
2014-04-01,Norway,93.39133949,100.3310402,96.36764035,95.89542283,96.9144393
2014-04-01,Poland,98.97164305,101.6340459,100.4612689,98.05604282,98.51575974
2014-04-01,Portugal,97.4079694,102.100565,98.73403263,98.41131166,98.66081763
2014-04-01,Romania,96.08171858,105.9487103,97.25990255,96.86193235,98.78935165
2014-04-01,Russian Federation,97.68060903,104.8110565,111.2952598,112.6031245,87.74763656
2014-04-01,Saudi Arabia,100.1210973,,,102.1731788,
2014-04-01,Slovakia,94.55592227,100.2368676,94.58670005,94.599026,99.96769152
2014-04-01,Slovenia,97.65771245,99.48685448,99.42754581,96.81198532,98.2105036
2014-04-01,South Africa,93.61976595,102.1863281,98.96835786,98.51032505,94.59817709
2014-04-01,Spain,96.3553789,100.9063536,95.83160942,96.07962824,100.5446015
2014-04-01,Sweden,87.02384577,89.73929962,88.44413211,87.93559922,98.40546538
2014-04-01,Switzerland,97.39378762,96.42500616,98.40744122,95.98676661,98.96974478
2014-04-01,Türkiye,84.23055752,,91.57718735,91.67671635,92.01167137
2014-04-01,United Kingdom,93.692,98.29318873,96.69228759,92.99177951,96.90702477
2014-04-01,United States,94.48907286,97.86941887,98.27919121,94.65821435,96.14764547
2014-07-01,Australia,92.52831436,93.64582522,93.75643498,93.71112847,98.69626706
2014-07-01,Austria,94.17649199,94.12414461,97.89163779,95.31159999,96.22626667
2014-07-01,Belgium,98.08317472,98.96410036,98.85024487,98.92083959,99.22616399
2014-07-01,Brazil,99.2426392,,,107.0980653,
2014-07-01,Bulgaria,97.29330058,101.3860158,97.99456612,97.28487931,99.2852841
2014-07-01,Canada,95.20173454,97.80557901,96.15211846,95.97075503,99.01525585
2014-07-01,Chile,91.7603459,95.88896927,96.25223214,96.42091155,95.36687734
2014-07-01,China,100.5164087,,,101.7999592,
2014-07-01,Colombia,92.90588609,99.97301331,95.76813186,98.25062213,97.02278651
2014-07-01,Costa Rica,,,,,97.48539113
2014-07-01,Croatia,102.6897484,105.9606454,103.0812582,102.2808071,99.6203175
2014-07-01,Czech Republic,96.53311063,99.38325266,97.08489337,96.26139364,99.43371593
2014-07-01,Denmark,93.70140805,96.91553345,95.32135694,94.30481679,98.30469588
2014-07-01,Estonia,94.98281631,99.61460758,99.69588339,94.52532405,95.24337913
2014-07-01,Finland,99.92003959,100.6760591,102.5013102,100.2829774,97.47814986
2014-07-01,France,101.8,102.2629756,102.3635491,102.1745943,99.44916988
2014-07-01,Germany,96.17399852,97.42937364,97.17028795,96.59612937,98.97758647
2014-07-01,Greece,104.9216937,105.4823343,100.5424637,103.4717679,104.3613486
2014-07-01,Hungary,88.82873417,92.19236645,91.04072533,89.28023711,97.61810537
2014-07-01,Iceland,92.89496186,96.04266133,95.99478873,93.01987825,96.78010928
2014-07-01,India,89.34543204,,,91.95390724,
2014-07-01,Ireland,92.69793187,97.07683904,93.50506075,93.29252214,99.13979902
2014-07-01,Israel,94.28981904,96.40861598,95.64060659,93.7439434,98.59397101
2014-07-01,Italy,103.1945834,104.4686724,103.32419,103.3709644,99.87451794
2014-07-01,Japan,97.607,99.07862146,97.38895342,97.66008769,100.223679
2014-07-01,"Korea, Republic of",97.39744318,103.0196418,99.62521263,98.35483768,97.76620055
2014-07-01,Latvia,108.4280223,115.2588904,108.8277813,107.8289354,99.62467934
2014-07-01,Lithuania,98.02054338,102.4638303,114.0158044,97.00678763,85.75154697
2014-07-01,Luxembourg,95.99685167,95.54376867,97.60609503,96.58336099,98.35424761
2014-07-01,Mexico,92.37086935,,94.09911975,92.71239117,98.17696471
2014-07-01,Netherlands,96.56246444,97.82798337,98.76198744,96.61830205,97.77661591
2014-07-01,New Zealand,88.91067284,92.21851028,90.70766763,89.5824808,98.03707084
2014-07-01,Norway,94.91229096,100.5469448,97.14979784,97.05339944,97.69979742
2014-07-01,Poland,98.42755112,100.5305003,99.58514005,98.52489445,98.83612994
2014-07-01,Portugal,97.30966259,99.47503329,98.21628151,98.2309493,99.08081602
2014-07-01,Romania,97.11836906,104.7332349,97.91698371,98.94439372,99.18512763
2014-07-01,Russian Federation,98.32615694,103.3941265,108.4743073,111.3477098,90.62445124
2014-07-01,Saudi Arabia,102.1363598,,,103.6988785,
2014-07-01,Slovakia,94.69183411,99.00451669,94.67171387,94.66781906,100.0214835
2014-07-01,Slovenia,98.59902744,100.1201908,100.3372465,97.72112472,98.25814552
2014-07-01,South Africa,94.76776308,101.2849619,98.81701016,98.4068198,95.90483462
2014-07-01,Spain,96.47346048,99.96254563,96.10781019,96.40248359,100.3785112
2014-07-01,Sweden,89.55304303,91.73887279,90.66844409,90.12912349,98.78116802
2014-07-01,Switzerland,97.09193934,96.38624455,97.73771253,95.82197803,99.33908133
2014-07-01,Türkiye,87.77109045,,93.62512251,94.29038861,93.78203235
2014-07-01,United Kingdom,95.458,100.5256831,97.83335915,95.00303283,97.58205302
2014-07-01,United States,95.52273711,97.96839782,98.51405773,95.43283969,96.96772131
2014-10-01,Australia,93.77896604,94.20119268,94.5530744,94.66666165,99.18750072
2014-10-01,Austria,97.25964624,97.05487455,99.70457796,98.15267478,97.56955137
2014-10-01,Belgium,99.76834141,100.4081546,100.2050363,100.6149239,99.56636217
2014-10-01,Brazil,99.45915807,,,105.845673,
2014-10-01,Bulgaria,98.4489056,101.2661587,98.79980006,99.05561307,99.64574708
2014-10-01,Canada,96.74019608,98.86308438,97.37273182,97.26427193,99.35408291
2014-10-01,Chile,92.56622671,95.4884153,95.5919659,95.42720954,96.86892896
2014-10-01,China,98.98077015,,,99.95733909,
2014-10-01,Colombia,94.16944964,99.01612848,96.31893944,98.33825307,97.77996326
2014-10-01,Costa Rica,,,,,98.28188179
2014-10-01,Croatia,102.2469635,104.4362242,101.7361619,101.8398829,100.5022102
2014-10-01,Czech Republic,97.40435629,99.45681799,97.77251583,97.30807016,99.62552363
2014-10-01,Denmark,95.28426012,97.50684588,96.40796587,95.40232431,98.83860549
2014-10-01,Estonia,96.12120567,100.8789652,101.2880737,95.63621041,94.86977632
2014-10-01,Finland,99.9213956,100.0989406,101.6259524,99.98802434,98.31911476
2014-10-01,France,100.6,101.3400389,100.9307583,100.9681785,99.67199798
2014-10-01,Germany,96.32082901,97.37669673,96.96207651,96.71813375,99.34156118
2014-10-01,Greece,103.583158,103.649738,101.3426163,103.1724445,102.2164865
2014-10-01,Hungary,92.12381957,94.58210461,93.96524557,92.62072471,98.0883193
2014-10-01,Iceland,94.68598987,97.78864879,96.98635185,94.6208478,97.63751209
2014-10-01,India,93.23427535,,,95.59295863,
2014-10-01,Ireland,95.64880322,97.6184353,96.85658623,96.08863105,98.75599939
2014-10-01,Israel,95.6591971,97.18104201,96.57975105,95.35266116,99.05320408
2014-10-01,Italy,101.9158866,102.7815572,101.9862565,102.0746114,99.93095533
2014-10-01,Japan,98.437,100.0764504,98.27459726,98.57555929,100.1650406
2014-10-01,"Korea, Republic of",97.81687585,101.8130092,99.49017032,98.50404898,98.320495
2014-10-01,Latvia,97.0283418,102.3187979,97.29728055,96.43011882,99.71559457
2014-10-01,Lithuania,97.36298951,100.3127096,109.9355482,96.61533184,88.33761456
2014-10-01,Luxembourg,97.11514141,96.61565444,98.34240243,98.00489422,98.75502466
2014-10-01,Mexico,94.01492675,,95.23309625,94.02735249,98.73452439
2014-10-01,Netherlands,97.33803005,98.28313626,98.81132881,97.62098057,98.51271644
2014-10-01,New Zealand,92.19026421,94.48020608,93.62273248,92.60369218,98.48819482
2014-10-01,Norway,96.85810578,100.890198,98.42492838,98.34298057,98.41107413
2014-10-01,Poland,98.79554484,100.4140939,99.646026,99.23704041,99.14503436
2014-10-01,Portugal,97.16897899,100.3161547,97.73597428,97.81808149,99.4237841
2014-10-01,Romania,98.49799327,103.7007044,99.16018418,100.0579659,99.33293334
2014-10-01,Russian Federation,100.0801051,103.3900437,106.0147429,109.0151984,94.38114137
2014-10-01,Saudi Arabia,103.2195283,,,104.2361337,
2014-10-01,Slovakia,96.91573423,99.94961654,96.88436084,96.60194131,100.0326132
2014-10-01,Slovenia,99.16698474,100.5059541,100.9346736,99.03211822,98.23920431
2014-10-01,South Africa,96.07075982,100.6133399,99.06716427,98.80881847,96.97796679
2014-10-01,Spain,97.40254539,99.76498965,97.153475,97.43029587,100.2544232
2014-10-01,Sweden,91.84241966,93.42850264,92.6544543,92.51507963,99.1349945
2014-10-01,Switzerland,99.11759208,98.62975672,99.43839946,98.0068503,99.67718205
2014-10-01,Türkiye,91.06345436,,95.35571269,96.71088538,95.5339972
2014-10-01,United Kingdom,96.777,100.9327213,98.61827444,96.53549014,98.14300278
2014-10-01,United States,96.7611478,98.21733603,98.9613415,96.798488,97.78093623
2015-01-01,Australia,95.90709157,96.35981462,96.32900281,96.46689673,99.56823716
2015-01-01,Austria,94.07280499,94.19774993,95.16505678,94.73015382,98.87427331
2015-01-01,Belgium,98.20173983,98.99099373,98.50422255,98.84960396,99.69509044
2015-01-01,Brazil,99.67545195,,,103.4365282,
2015-01-01,Bulgaria,98.89015293,100.8344526,98.8915543,98.92022573,99.99949027
2015-01-01,Canada,98.07126697,98.7006619,98.42816273,98.68643521,99.64110093
2015-01-01,Chile,94.39442421,96.53976229,96.09788684,96.09372295,98.26205311
2015-01-01,China,98.66637458,,,99.44617134,
2015-01-01,Colombia,96.62022652,99.0283086,98.04083479,99.31186787,98.56269735
2015-01-01,Costa Rica,,,,,98.88249598
2015-01-01,Croatia,101.0412863,102.727087,101.0085241,100.8524471,100.03256
2015-01-01,Czech Republic,98.3792627,99.40020443,98.67278641,98.4745806,99.70460054
2015-01-01,Denmark,98.1448641,99.63875831,98.92154925,98.12257556,99.21904248
2015-01-01,Estonia,98.59497985,100.6848624,101.7832296,98.24821632,96.83794268
2015-01-01,Finland,99.66727352,100.4654304,100.6751458,99.8411598,98.99526159
2015-01-01,France,100.2,100.6735154,100.4190858,100.5291073,99.78153424
2015-01-01,Germany,98.25401605,99.53091732,98.67670135,98.61878302,99.57455274
2015-01-01,Greece,102.7848289,102.5479043,101.2611396,102.7121737,101.510302
2015-01-01,Hungary,93.2407556,95.0447177,95.17592131,93.46971936,98.01472029
2015-01-01,Iceland,97.34716253,,98.92782903,98.00248955,98.41162955
2015-01-01,India,97.92550917,,,99.60446433,
2015-01-01,Ireland,97.37383001,98.00871388,97.62714795,98.02033131,99.74353507
2015-01-01,Israel,97.26429442,98.3202903,97.73631428,97.41551715,99.52343607
2015-01-01,Italy,100.1835368,100.7172726,100.2215109,100.4597049,99.96206459
2015-01-01,Japan,99.431,100.8052999,99.37561169,99.65601823,100.0555231
2015-01-01,"Korea, Republic of",98.54857852,100.4086504,99.32715892,99.05464678,99.21853123
2015-01-01,Latvia,97.81201365,100.9548211,98.62217628,98.40850832,99.1705664
2015-01-01,Lithuania,98.21414762,101.2906926,106.5834021,98.53875302,91.91245935
2015-01-01,Luxembourg,98.3619191,97.77900085,99.10657208,98.87871867,99.25162066
2015-01-01,Mexico,95.64755625,,96.3894998,96.74883502,99.24400522
2015-01-01,Netherlands,98.23657495,99.11099989,98.99713636,99.34043097,99.23549992
2015-01-01,New Zealand,95.08250548,96.98452768,95.95315554,95.58294569,99.11098346
2015-01-01,Norway,98.39284084,98.45464291,99.24330286,99.04192836,99.14604592
2015-01-01,Poland,99.51409459,101.2440711,100.1288459,99.37561249,99.38457295
2015-01-01,Portugal,97.10411507,98.35117038,97.43742434,97.64926384,99.66184783
2015-01-01,Romania,99.96599082,103.2385175,100.3263248,100.5447607,99.64157287
2015-01-01,Russian Federation,100.3732806,102.1691657,102.39817,102.557736,98.00080889
2015-01-01,Saudi Arabia,101.5372848,,,100.8320117,
2015-01-01,Slovakia,98.47429533,99.71874644,98.49406801,98.43356344,99.98015578
2015-01-01,Slovenia,99.96591325,100.7206458,100.6527343,99.17128076,99.30805391
2015-01-01,South Africa,97.81575546,99.90816018,99.61833377,100.0606721,98.19313387
2015-01-01,Spain,97.28605551,98.31312002,97.11554814,97.41864423,100.1736284
2015-01-01,Sweden,95.26091395,96.45735613,95.71527208,95.59308133,99.53675497
2015-01-01,Switzerland,99.73477384,99.83406662,99.85238678,99.24674262,99.88201404
2015-01-01,Türkiye,94.81112265,,97.58206642,97.96405278,97.1963203
2015-01-01,United Kingdom,97.594,100.4309211,98.79695185,97.87717291,98.79254154
2015-01-01,United States,98.09362398,98.86644837,99.449108,98.57272262,98.64126679
2015-04-01,Australia,99.80494752,99.30017384,99.89570357,99.91303097,99.9153979
2015-04-01,Austria,99.33421646,99.52757206,99.50351604,99.08694319,99.85209132
2015-04-01,Belgium,99.76527717,100.1116841,99.92396914,99.78154822,99.84335684
2015-04-01,Brazil,99.89172597,,,101.0728475,
2015-04-01,Bulgaria,99.40887275,100.0653899,99.52014919,98.00914732,99.88909337
2015-04-01,Canada,98.48227753,98.40749755,98.55850372,98.76671772,99.92636562
2015-04-01,Chile,97.97713094,98.97570669,98.47825648,98.73878122,99.52626292
2015-04-01,China,98.87624578,,,99.05465517,
2015-04-01,Colombia,99.5384932,100.1329474,100.1161977,100.5827683,99.43476335
2015-04-01,Costa Rica,,,,,99.60348685
2015-04-01,Croatia,99.34581232,99.87831956,99.46373955,99.022119,99.88156175
2015-04-01,Czech Republic,99.29716497,99.68721033,99.26729753,99.05152983,100.032167
2015-04-01,Denmark,99.51829184,99.98078655,99.71888213,99.41847597,99.80306404
2015-04-01,Estonia,101.7063919,104.4360765,101.8173884,101.4594022,99.86039351
2015-04-01,Finland,99.88094333,99.73246163,100.2036514,99.91884699,99.67429788
2015-04-01,France,99.8,99.9969764,99.86389484,99.67350768,99.93572337
2015-04-01,Germany,99.54825416,99.5494816,99.66760682,99.48241323,99.88316475
2015-04-01,Greece,100.3035269,100.1094629,99.56607101,100.1487433,100.746217
2015-04-01,Hungary,98.32549201,98.81792163,99.50596007,98.56748455,98.86205737
2015-04-01,Iceland,99.27487281,,99.83314135,99.41864807,99.45032505
2015-04-01,India,98.96735827,,,99.28518231,
2015-04-01,Ireland,99.69377902,100.1340635,99.91585424,100.0307761,99.78074884
2015-04-01,Israel,99.160093,99.51891221,99.38183504,98.92602927,99.78328384
2015-04-01,Italy,99.57942634,99.75793743,99.61750953,99.531013,99.96172528
2015-04-01,Japan,99.575,99.23923017,99.55725726,99.44738391,100.0176085
2015-04-01,"Korea, Republic of",99.66245088,100.0486558,99.95890038,99.83328581,99.70582606
2015-04-01,Latvia,98.7335085,100.3280897,98.34189707,98.78943086,100.390164
2015-04-01,Lithuania,99.8848531,101.0627894,101.9431572,99.78560177,97.73080347
2015-04-01,Luxembourg,99.55349041,99.36476877,99.68103858,99.37994219,99.87504901
2015-04-01,Mexico,98.84488987,,99.10430029,99.49364506,99.75205542
2015-04-01,Netherlands,99.44995611,99.78480341,99.61220115,99.46871542,99.84091229
2015-04-01,New Zealand,98.36244252,99.00776473,98.70463422,98.56491877,99.67177471
2015-04-01,Norway,99.62663919,100.6297432,99.85108608,100.4595178,99.77822988
2015-04-01,Poland,100.1829601,100.9166373,100.4066524,100.4737706,99.775741
2015-04-01,Portugal,100.1223711,100.3365134,100.4410696,100.1558494,99.68662504
2015-04-01,Romania,98.9826411,100.0634294,99.1202493,99.05742401,99.86190688
2015-04-01,Russian Federation,100.0078651,100.5137195,100.546453,101.0694207,99.44229493
2015-04-01,Saudi Arabia,100.9862404,,,100.8806902,
2015-04-01,Slovakia,99.67597569,99.98414848,99.69143648,99.55339847,99.98472214
2015-04-01,Slovenia,101.3310416,101.7550696,101.9245131,101.1337011,99.40814558
2015-04-01,South Africa,99.47575131,100.065542,100.0620105,100.2189428,99.41675516
2015-04-01,Spain,100.1545166,100.4107379,100.1508911,99.90968926,100.0016801
2015-04-01,Sweden,98.35991085,98.7937422,98.56819823,98.44660818,99.80016995
2015-04-01,Switzerland,99.5120285,99.58835398,99.45668409,99.48859426,100.0554472
2015-04-01,Türkiye,98.36663588,,99.39544551,98.37382756,99.00152383
2015-04-01,United Kingdom,98.643,99.10181863,99.00055261,98.78707674,99.6490674
2015-04-01,United States,99.33726842,99.5666153,99.83521888,99.32626955,99.50552441
2015-07-01,Australia,102.3844441,101.8592822,102.2273853,102.2066097,100.1599007
2015-07-01,Austria,103.2170764,103.2905448,102.6769671,103.0111518,100.5484184
2015-07-01,Belgium,100.737392,100.5135344,100.6404947,100.5679511,100.0984558
2015-07-01,Brazil,100.1081583,,,98.68987888,
2015-07-01,Bulgaria,99.36834896,98.75363622,99.39210101,100.9015825,99.97700981
2015-07-01,Canada,100.5618401,100.2458613,100.4234161,100.2156692,100.141555
2015-07-01,Chile,102.6758357,102.1363979,102.1396811,101.9595727,100.5604201
2015-07-01,China,100.5249757,,,100.0638142,
2015-07-01,Colombia,101.2381667,100.3478871,100.7806798,100.7343454,100.4658627
2015-07-01,Costa Rica,,,,,100.3174608
2015-07-01,Croatia,99.59445963,99.02636858,99.5022325,99.52376054,100.0928136
2015-07-01,Czech Republic,100.5132251,100.2330989,100.6159575,100.4507662,99.89997296
2015-07-01,Denmark,100.2335968,99.71935822,99.82506706,100.4141725,100.4134913
2015-07-01,Estonia,98.92288021,98.48800804,97.10599018,99.44740836,101.8398404
2015-07-01,Finland,100.1562875,99.69371007,99.78710665,100.2252139,100.3662932
2015-07-01,France,99.9,99.72566692,99.80010012,99.7960468,100.0998048
2015-07-01,Germany,100.3396434,99.8495256,100.1583907,100.2868492,100.1838903
2015-07-01,Greece,98.62904404,98.68568154,99.26825335,98.89139769,99.36154973
2015-07-01,Hungary,102.5957889,102.4386151,102.1055605,102.3871054,100.5293216
2015-07-01,Iceland,100.481237,,99.97474313,100.0810982,100.5162506
2015-07-01,India,100.9284033,,,100.5311209,
2015-07-01,Ireland,100.6292344,100.4125187,100.3909062,100.2045178,100.2404251
2015-07-01,Israel,100.6668383,100.3191294,100.5189639,100.7490959,100.1535398
2015-07-01,Italy,100.410481,100.2414108,100.4176007,100.3866963,99.99286458
2015-07-01,Japan,100.463,100.1080495,100.4699167,100.3067917,99.99290255
2015-07-01,"Korea, Republic of",100.5653528,99.81164428,100.2760346,100.1264545,100.2909333
2015-07-01,Latvia,100.0688021,98.70513262,98.98834078,100.3674763,101.0833978
2015-07-01,Lithuania,101.2632588,100.0745356,96.28634892,101.2143876,104.9003879
2015-07-01,Luxembourg,101.18591,101.4469633,100.8268552,101.156876,100.3591302
2015-07-01,Mexico,101.849092,,101.6099183,101.3832576,100.2492634
2015-07-01,Netherlands,100.7929279,100.5019287,100.6090993,100.1636306,100.1865178
2015-07-01,New Zealand,102.7342001,102.0881225,102.4677882,102.3338165,100.2785735
2015-07-01,Norway,100.6834795,100.1704385,100.3530579,100.6077153,100.3322874
2015-07-01,Poland,100.4145722,99.88049201,100.2009115,99.849125,100.2117533
2015-07-01,Portugal,100.6126922,100.2630979,100.409105,100.3899437,100.2067021
2015-07-01,Romania,99.95634075,98.93783054,99.92884155,98.07905298,100.0282564
2015-07-01,Russian Federation,99.63917536,99.02804106,98.53191116,98.80270795,101.10135
2015-07-01,Saudi Arabia,99.01094297,,,99.13388503,
2015-07-01,Slovakia,100.2674937,99.82452739,100.2704821,100.1869821,99.99725049
2015-07-01,Slovenia,99.54962383,99.4714291,99.36680772,100.2973899,100.1743184
2015-07-01,South Africa,100.6647483,99.93838243,100.1363673,99.91133858,100.5303422
2015-07-01,Spain,100.8227474,100.4618933,100.8727108,100.8831789,99.94852998
2015-07-01,Sweden,101.6163536,101.2242189,101.4488556,101.510472,100.1766321
2015-07-01,Switzerland,100.0539427,100.0202384,99.91871519,100.2773807,100.1351379
2015-07-01,Türkiye,101.5503701,,100.6816689,101.1255053,100.9001124
2015-07-01,United Kingdom,100.692,98.96009051,100.2789978,100.5483811,100.4221622
2015-07-01,United States,100.5668868,100.2053534,100.1022453,100.2958597,100.4685053
2015-10-01,Australia,101.9035168,102.4807294,101.5479083,101.4134626,100.3564642
2015-10-01,Austria,103.3759022,102.9841332,102.6544601,103.1717511,100.725217
2015-10-01,Belgium,101.295591,100.3837878,100.9313136,100.8008967,100.3630969
2015-10-01,Brazil,100.3246638,,,96.80074537,
2015-10-01,Bulgaria,102.3326254,100.3465214,102.1961955,102.1690444,100.1344066
2015-10-01,Canada,102.8846154,102.6459793,102.5899174,102.3311779,100.2909784
2015-10-01,Chile,104.9526092,102.3481331,103.2841755,103.2079231,101.6512639
2015-10-01,China,101.9324039,,,101.4353593,
2015-10-01,Colombia,102.6031136,100.4908569,101.0622878,99.37101839,101.5366766
2015-10-01,Costa Rica,,,,,101.1965564
2015-10-01,Croatia,100.0184418,98.36822487,100.0255039,100.6016734,99.99306464
2015-10-01,Czech Republic,101.8103472,100.6794863,101.4439586,102.0231234,100.3632594
2015-10-01,Denmark,102.1032472,100.6610969,101.5345016,102.0447759,100.5644022
2015-10-01,Estonia,100.775748,96.39105313,99.29339181,100.8449731,101.4618234
2015-10-01,Finland,100.2954956,100.1083979,99.33409611,100.0147793,100.9641473
2015-10-01,France,100.1,99.60384129,99.9169192,100.0013383,100.1829376
2015-10-01,Germany,101.8580864,101.0700755,101.4973012,101.6119545,100.3583922
2015-10-01,Greece,98.28260022,98.65695128,99.90453608,98.24768529,98.38193127
2015-10-01,Hungary,105.8379635,103.6987456,103.2125581,105.5756907,102.5939007
2015-10-01,Iceland,102.8967277,,101.2642865,102.4977642,101.6217948
2015-10-01,India,102.1787292,,,100.5792324,
2015-10-01,Ireland,102.3031566,101.444704,102.0660916,101.7443748,100.235291
2015-10-01,Israel,102.9087743,101.8416681,102.3628868,102.9093577,100.5397403
2015-10-01,Italy,99.82655578,99.28337914,99.74337885,99.62258575,100.0833456
2015-10-01,Japan,100.531,99.84742044,100.5972143,100.5898061,99.93396582
2015-10-01,"Korea, Republic of",101.2236178,99.73104957,100.4379061,100.9856129,100.7847094
2015-10-01,Latvia,103.3856757,100.0119566,104.0475859,102.4345845,99.35587176
2015-10-01,Lithuania,100.6377405,97.57198236,95.18709181,100.4612576,105.4563493
2015-10-01,Luxembourg,100.8986805,101.4092671,100.3855341,100.5844632,100.5142001
2015-10-01,Mexico,103.6584619,,102.8962816,102.3742624,100.754676
2015-10-01,Netherlands,101.520541,100.602268,100.7815632,101.027223,100.7370699
2015-10-01,New Zealand,103.8210474,101.9198178,102.8746333,103.5185234,100.9386684
2015-10-01,Norway,101.2970405,100.7451754,100.5525532,99.89083847,100.7434368
2015-10-01,Poland,99.88837307,97.95879964,99.26359019,100.3014919,100.6279328
2015-10-01,Portugal,102.1608216,101.0492183,101.712401,101.8049431,100.444825
2015-10-01,Romania,101.0950273,97.76022251,100.6245844,102.3187623,100.4682638
2015-10-01,Russian Federation,99.9796789,98.28907381,98.52346582,97.57013534,101.4555462
2015-10-01,Saudi Arabia,98.46553179,,,99.15341307,
2015-10-01,Slovakia,101.5822353,100.4725777,101.5440134,101.826056,100.0378716
2015-10-01,Slovenia,99.15342131,98.05285552,98.05594493,99.39762827,101.1094821
2015-10-01,South Africa,102.0437449,100.0879154,100.1832885,99.80904655,101.8597688
2015-10-01,Spain,101.7366806,100.8142488,101.86085,101.7884876,99.87616154
2015-10-01,Sweden,104.7628215,103.5246828,104.2676741,104.4498385,100.486443
2015-10-01,Switzerland,100.6992549,100.557341,100.7722139,100.9872824,99.92740082
2015-10-01,Türkiye,105.2718714,,102.3408192,102.5366143,102.9020435
2015-10-01,United Kingdom,103.071,101.5071698,101.9234978,102.7873692,101.1362289
2015-10-01,United States,102.0022208,101.3615829,100.6134279,101.8051481,101.3847035
2016-01-01,Australia,102.4239958,102.7911355,101.9541229,102.0581261,100.4671502
2016-01-01,Austria,106.7409474,105.3024633,105.2161671,105.8482101,101.4717846
2016-01-01,Belgium,101.2131148,100.1078536,100.6327616,100.4255329,100.5788895
2016-01-01,Brazil,100.541755,,,93.44489176,
2016-01-01,Bulgaria,103.3598832,100.7289101,103.1527221,102.186345,100.2017386
2016-01-01,Canada,105.1263198,108.1084117,104.6668638,104.5446463,100.4426957
2016-01-01,Chile,105.8125393,100.303867,103.0894575,103.052144,102.6777192
2016-01-01,China,104.3183845,,,102.8495236,
2016-01-01,Colombia,107.0015766,103.882136,104.4253819,101.888382,102.4791782
2016-01-01,Costa Rica,,,,,101.7954829
2016-01-01,Croatia,101.1515719,98.4217853,101.5605858,102.318219,99.59739548
2016-01-01,Czech Republic,103.0737441,102.341865,102.4512662,103.1773847,100.6096755
2016-01-01,Denmark,103.2974328,100.6469161,102.3685889,103.6350215,100.9116191
2016-01-01,Estonia,100.5487621,96.71182096,96.54364419,99.74675777,104.1166099
2016-01-01,Finland,100.7685572,99.43906493,99.3265135,101.012605,101.4481066
2016-01-01,France,100.4,99.48922143,100.2002949,100.4919836,100.1990104
2016-01-01,Germany,104.4254194,102.9350768,103.6921603,104.5110785,100.7100896
2016-01-01,Greece,98.32796949,99.09849483,100.8606002,99.15389785,97.49434722
2016-01-01,Hungary,108.8237757,105.8557783,104.7054913,108.7344252,103.984101
2016-01-01,Iceland,105.0025203,,102.3875994,104.0916834,102.5637679
2016-01-01,India,101.3896356,,,98.88858231,
2016-01-01,Ireland,104.6503514,103.1822927,103.2501736,104.147057,101.3591608
2016-01-01,Israel,104.693076,102.9035334,103.8586004,105.3784244,100.8099438
2016-01-01,Italy,100.296084,99.62037417,100.0350074,100.4018095,100.2609397
2016-01-01,Japan,100.893,99.49443984,101.036759,101.2848066,99.85750336
2016-01-01,"Korea, Republic of",101.3816489,99.86045099,100.1553616,100.8156997,101.226819
2016-01-01,Latvia,104.7571923,101.1494692,105.451136,105.3067706,99.33396314
2016-01-01,Lithuania,101.4722348,94.84857984,92.23407609,100.5649081,109.7351439
2016-01-01,Luxembourg,103.1581934,104.7803717,102.5038341,102.9005008,100.6414038
2016-01-01,Mexico,104.7738261,,103.3990794,101.9260034,101.3435848
2016-01-01,Netherlands,102.7403305,100.998091,101.333695,102.6464879,101.39197
2016-01-01,New Zealand,107.5033899,104.0634185,106.0067081,107.2453366,101.4306575
2016-01-01,Norway,102.7917375,102.7963781,101.6874657,100.7395136,101.0889979
2016-01-01,Poland,100.4239647,97.50457947,99.66705924,101.6590076,100.7579468
2016-01-01,Portugal,103.8059024,101.1077254,102.8269902,103.3977695,100.9559732
2016-01-01,Romania,102.8642221,99.15781132,102.1745357,105.0526996,100.6757505
2016-01-01,Russian Federation,102.2429642,99.56811319,100.1768979,97.35178355,102.0397978
2016-01-01,Saudi Arabia,98.21107317,,,94.692596,
2016-01-01,Slovakia,103.4454656,101.8177043,103.2818958,103.8784809,100.1586035
2016-01-01,Slovenia,100.8068086,98.05856398,99.97616898,101.9966848,100.8211126
2016-01-01,South Africa,103.9157402,100.6857056,100.7535079,99.90443962,103.1413331
2016-01-01,Spain,103.207763,101.7978302,103.3349047,103.2743272,99.875024
2016-01-01,Sweden,105.7960722,103.5381497,105.2375565,105.5059003,100.5422872
2016-01-01,Switzerland,101.67714,101.1637213,101.6805142,102.0437748,99.99648218
2016-01-01,Türkiye,108.9230949,,103.8091683,104.0806112,104.9650715
2016-01-01,United Kingdom,105.288,104.3124205,103.7393211,104.8777294,101.5032762
2016-01-01,United States,103.2785927,101.897287,100.976552,103.0295664,102.2841942
2016-04-01,Australia,103.8932326,103.4321589,103.2167868,103.1936868,100.6616595
2016-04-01,Austria,108.2310314,105.6993287,105.4777133,106.5778823,102.6331866
2016-04-01,Belgium,102.3203805,100.3034208,101.5001095,100.6971511,100.8103385
2016-04-01,Brazil,100.7596129,,,92.65153694,
2016-04-01,Bulgaria,105.9795937,101.5784767,105.4630451,105.687091,100.4907029
2016-04-01,Canada,108.5991704,109.7776839,107.9928058,107.861715,100.5652166
2016-04-01,Chile,105.4347003,98.55512979,101.7425135,101.9818032,103.6655451
2016-04-01,China,108.9937447,,,106.8451917,
2016-04-01,Colombia,108.9190587,104.4392207,105.2009258,102.5585099,103.546601
2016-04-01,Costa Rica,,,,,102.2716716
2016-04-01,Croatia,100.4684641,96.72291864,101.3600655,101.8113964,99.12048604
2016-04-01,Czech Republic,105.0050068,102.6747641,104.089826,104.821782,100.881319
2016-04-01,Denmark,103.6168528,100.1890041,102.4175144,103.4299464,101.1753064
2016-04-01,Estonia,103.6521812,98.47531958,97.72183929,102.5236125,106.0361111
2016-04-01,Finland,100.9739011,99.57036714,98.98184685,100.8676697,102.0088096
2016-04-01,France,100.5,99.43292622,100.2343525,100.293949,100.2647307
2016-04-01,Germany,106.624595,103.7133445,105.6330874,106.0192278,100.9415799
2016-04-01,Greece,97.68316769,98.46852486,100.4168266,98.54020754,97.28304911
2016-04-01,Hungary,111.4810714,107.2471496,106.102447,110.7830014,105.1207241
2016-04-01,Iceland,106.5737733,,102.7528831,104.9136663,103.7284601
2016-04-01,India,106.2163416,,,102.4676826,
2016-04-01,Ireland,105.844985,103.0317084,103.7235698,105.3546012,102.0483381
2016-04-01,Israel,106.4381529,103.914011,105.2489095,107.2728314,101.1364262
2016-04-01,Italy,100.1977919,99.00103129,99.89445451,100.2642435,100.3036124
2016-04-01,Japan,102.465,101.7831114,102.7198288,102.8044124,99.75170607
2016-04-01,"Korea, Republic of",101.4954217,99.73675449,99.89283436,100.7199969,101.6067497
2016-04-01,Latvia,107.9145284,101.9246961,108.5807959,107.6439021,99.37841645
2016-04-01,Lithuania,103.2411447,95.53472431,93.40386667,102.9155897,110.2498151
2016-04-01,Luxembourg,105.0385565,105.8962642,104.2611322,104.2877307,100.7486827
2016-04-01,Mexico,106.5088204,,104.5094021,102.1218256,101.9272584
2016-04-01,Netherlands,103.929674,101.7549932,101.9206376,103.3396007,101.975048
2016-04-01,New Zealand,113.3411781,108.5976172,111.1905203,112.588131,101.9530894
2016-04-01,Norway,105.1291735,104.8936336,103.4172695,102.1508346,101.6584049
2016-04-01,Poland,100.5837288,96.27426903,99.57846941,101.2618683,101.008024
2016-04-01,Portugal,106.3371145,102.7807916,104.793666,105.523043,101.4768397
2016-04-01,Romania,105.7199972,98.49513484,104.7428355,105.7742029,100.9336594
2016-04-01,Russian Federation,102.559627,98.55588779,100.16099,96.5097361,102.3720879
2016-04-01,Saudi Arabia,96.33864317,,,92.63269327,
2016-04-01,Slovakia,105.5375488,103.093424,105.2785774,105.9046311,100.2462182
2016-04-01,Slovenia,101.9516524,98.12986173,100.6383314,102.4530126,101.2952201
2016-04-01,South Africa,105.4457364,100.8799934,100.9128068,99.75703095,104.4947133
2016-04-01,Spain,104.0509209,101.8731499,104.1348762,104.4920401,99.91744008
2016-04-01,Sweden,106.9027584,103.9492822,106.1952495,106.362143,100.6778179
2016-04-01,Switzerland,101.7042652,101.3264157,101.4936219,101.8653304,100.2073436
2016-04-01,Türkiye,111.7875677,,104.000647,105.7073686,107.5271192
2016-04-01,United Kingdom,106.564,105.1690057,105.0096371,105.6879993,101.4906285
2016-04-01,United States,104.7747063,103.1036831,101.4666531,103.8630928,103.2646959
2016-07-01,Australia,105.9946236,105.1002255,105.0556461,104.9452739,100.9001009
2016-07-01,Austria,108.8389952,105.1898559,105.1225337,107.4085152,103.5584224
2016-07-01,Belgium,103.1294541,100.1591335,102.041895,101.3620668,101.0679928
2016-07-01,Brazil,100.976037,,,91.4028114,
2016-07-01,Bulgaria,108.1296089,101.7189092,107.3994862,105.6213045,100.6807331
2016-07-01,Canada,112.8280543,113.2437571,112.013249,111.9335259,100.7311552
2016-07-01,Chile,106.276062,98.08221157,101.5483042,102.0843355,104.6926296
2016-07-01,China,114.8350673,,,112.2527342,
2016-07-01,Colombia,111.1699343,105.0744528,106.3428234,103.5104801,104.551602
2016-07-01,Costa Rica,,,,,102.9441969
2016-07-01,Croatia,101.1571695,96.33567066,102.749071,102.5064401,98.45081312
2016-07-01,Czech Republic,107.5938655,103.3436924,106.1162535,107.0343041,101.394554
2016-07-01,Denmark,105.5488653,101.3421312,104.256695,105.4551277,101.2436931
2016-07-01,Estonia,106.5187807,100.128387,99.80210512,105.2442701,106.6973082
2016-07-01,Finland,101.7942444,101.1788541,99.217952,101.6459443,102.5928422
2016-07-01,France,101.2,99.31257309,100.8061544,100.8787039,100.3904
2016-07-01,Germany,108.7114142,105.6390044,107.3630206,107.6336497,101.2588755
2016-07-01,Greece,97.1735455,97.78313178,99.83368478,97.98768872,97.34078879
2016-07-01,Hungary,114.7115615,107.7371473,108.4987706,113.2501854,105.7779106
2016-07-01,Iceland,110.6914918,,105.6296567,109.2058765,104.8020981
2016-07-01,India,108.5610712,,,103.8054,
2016-07-01,Ireland,108.2297695,103.2570147,105.1908287,107.4406289,102.8920838
2016-07-01,Israel,108.8334759,105.5489749,107.2434914,109.6928242,101.4891077
2016-07-01,Italy,100.4130478,98.637967,100.0875539,100.3003937,100.3251637
2016-07-01,Japan,102.289,101.3708519,102.6356994,102.7457775,99.66199155
2016-07-01,"Korea, Republic of",101.6754515,99.62652448,99.59048673,100.216936,102.095993
2016-07-01,Latvia,109.8471907,101.8853023,112.2485872,107.9468793,97.85279763
2016-07-01,Lithuania,106.6752397,97.31227682,96.18817861,105.5334763,110.6195379
2016-07-01,Luxembourg,106.9202638,106.5084276,106.0063229,106.1917778,100.8651921
2016-07-01,Mexico,108.0528254,,105.4207166,101.3514844,102.5109585
2016-07-01,Netherlands,105.8819147,103.2978224,103.6479685,105.2511648,102.1591977
2016-07-01,New Zealand,117.2849747,111.2897128,114.519276,116.6491401,102.4340196
2016-07-01,Norway,108.6464333,107.8483305,106.2975452,104.8846135,102.2128143
2016-07-01,Poland,102.5641386,96.81684616,101.0507027,103.356538,101.4962015
2016-07-01,Portugal,108.2229154,103.7119785,106.2739645,106.8664407,101.8379018
2016-07-01,Romania,106.8336999,95.86211201,105.8500755,105.3931274,100.9300062
2016-07-01,Russian Federation,103.0433025,97.57899059,100.1588116,95.5761108,102.857116
2016-07-01,Saudi Arabia,94.51741321,,,90.81872656,
2016-07-01,Slovakia,107.822713,104.3097013,107.5438394,108.2770632,100.259543
2016-07-01,Slovenia,104.4295725,99.36919904,102.4128621,104.2980886,101.9593615
2016-07-01,South Africa,106.1237347,100.2141797,100.4503266,98.97777126,105.650791
2016-07-01,Spain,104.9323604,101.9094283,105.013434,104.7212907,99.92085857
2016-07-01,Sweden,108.7669496,105.1404693,107.6992771,107.6968454,101.0029674
2016-07-01,Switzerland,101.9378286,101.7738748,101.5987209,102.0593691,100.3335716
2016-07-01,Türkiye,115.3273459,,105.0347023,110.4366059,109.839876
2016-07-01,United Kingdom,107.465,106.2041859,105.6131088,105.7471779,101.7639139
2016-07-01,United States,106.3362749,103.9125495,102.0297883,105.0494595,104.2253136
2016-10-01,Australia,109.6881481,108.6970208,108.6311405,108.3350764,100.9793397
2016-10-01,Austria,110.3190261,105.6598785,105.4224775,108.1388863,104.6679993
2016-10-01,Belgium,103.8990506,99.99857787,102.5615373,101.9259172,101.3063094
2016-10-01,Brazil,101.1925531,,,90.75796343,
2016-10-01,Bulgaria,110.6109142,101.9016789,109.4984444,107.4685858,101.0168851
2016-10-01,Canada,115.8031674,115.1149714,114.7680403,114.3581906,100.9056728
2016-10-01,Chile,108.7687641,99.89101983,102.9027823,104.2105617,105.7378332
2016-10-01,China,120.7707075,,,117.563398,
2016-10-01,Colombia,112.8894304,105.034921,107.0187624,104.8092564,105.4981604
2016-10-01,Costa Rica,,,,,103.4100768
2016-10-01,Croatia,100.7727946,94.87975124,102.2957551,101.4370328,98.51134136
2016-10-01,Czech Republic,112.9273836,106.4500877,110.91717,111.8013124,101.8144718
2016-10-01,Denmark,106.4428964,101.5388605,104.2897451,105.8836561,102.0689015
2016-10-01,Estonia,108.2582286,100.5799902,99.21008221,106.0206314,109.0867707
2016-10-01,Finland,101.6032974,99.02711905,98.52803389,100.7930953,103.1174306
2016-10-01,France,101.6,99.59635376,101.1486484,101.0436808,100.4459298
2016-10-01,Germany,110.3476466,106.6167146,108.5887385,108.920543,101.6227549
2016-10-01,Greece,97.3090407,97.68669401,99.87685376,98.34023317,97.43438567
2016-10-01,Hungary,118.4935914,108.5515275,111.7838594,116.278442,106.0543222
2016-10-01,Iceland,116.7993122,,109.9850767,116.5419623,106.2057739
2016-10-01,India,110.5759516,,,105.0254809,
2016-10-01,Ireland,111.2128941,105.2845493,106.6086576,110.1400614,104.3219686
2016-10-01,Israel,109.8692952,105.8621512,107.9295027,110.9554485,101.8038122
2016-10-01,Italy,100.0930764,97.73636691,99.78197185,99.60088562,100.3117388
2016-10-01,Japan,103.207,101.4749309,103.6520616,103.4022569,99.57040747
2016-10-01,"Korea, Republic of",101.9337015,99.36828718,99.42640349,100.3022368,102.524228
2016-10-01,Latvia,111.4310886,101.4090122,113.7981887,108.125238,97.9120625
2016-10-01,Lithuania,110.2113807,98.99050194,99.03854058,108.6402805,110.9972259
2016-10-01,Luxembourg,108.9080464,106.9380189,107.675188,107.4950152,101.1480227
2016-10-01,Mexico,109.7944553,,106.4959853,101.1651627,103.1115472
2016-10-01,Netherlands,107.6522089,104.5865183,104.7099813,106.5480263,102.8137844
2016-10-01,New Zealand,118.5833155,111.4270821,115.1672759,117.2650471,102.9852255
2016-10-01,Norway,111.5326557,110.1023853,108.5609888,107.5323865,102.7404258
2016-10-01,Poland,103.8641679,96.71434168,101.8745153,103.9610926,101.9515378
2016-10-01,Portugal,110.0940677,104.7222407,107.3629177,108.4580862,102.5478852
2016-10-01,Romania,108.3820808,93.5955594,107.3587353,104.6527721,100.9539464
2016-10-01,Russian Federation,103.5761063,96.61066822,100.2097542,95.39288366,103.3363983
2016-10-01,Saudi Arabia,91.29687045,,,88.41484219,
2016-10-01,Slovakia,110.0052055,105.0538831,109.6533238,109.8798071,100.3211354
2016-10-01,Slovenia,105.8219665,99.77581284,103.3240087,105.7749556,102.4077186
2016-10-01,South Africa,106.9787326,99.72973867,100.1523155,98.94095569,106.8188835
2016-10-01,Spain,106.2999095,102.4359142,106.366148,105.3126226,99.93578732
2016-10-01,Sweden,111.5042198,107.1599226,110.1002396,109.7789614,101.2868376
2016-10-01,Switzerland,101.1887662,101.2143668,100.4558769,101.2935618,100.7293625
2016-10-01,Türkiye,118.4239915,,105.459166,106.8522777,112.3352116
2016-10-01,United Kingdom,108.583,107.8062984,106.3184474,106.3202947,102.1404568
2016-10-01,United States,108.0007013,104.579009,102.5525842,106.2076164,105.3170585
2017-01-01,Australia,112.8134499,111.1753261,111.6072179,111.0174083,101.0871051
2017-01-01,Austria,111.8288523,106.4087341,105.8944501,109.0828253,105.6275948
2017-01-01,Belgium,105.6492829,100.5297918,103.9808785,102.5969593,101.6067379
2017-01-01,Brazil,101.4088489,,,90.59930223,
2017-01-01,Bulgaria,112.5261632,101.595296,111.1953761,108.5636507,101.197719
2017-01-01,Canada,119.1892911,118.6249727,118.0269064,117.2159409,100.9885933
2017-01-01,Chile,111.9927096,103.509997,104.9706108,105.720824,106.7272596
2017-01-01,China,123.5656771,,,120.0949925,
2017-01-01,Colombia,113.2264717,103.3553058,106.1929564,103.8661967,106.6359868
2017-01-01,Costa Rica,,,,,104.1362354
2017-01-01,Croatia,100.718112,94.21395524,102.5432132,100.8721416,98.22028662
2017-01-01,Czech Republic,116.2869338,107.7183176,113.4399309,113.9645279,102.5118315
2017-01-01,Denmark,106.9477992,101.2322138,104.3534608,105.6935425,102.4904401
2017-01-01,Estonia,108.1958962,98.51385352,97.05907521,104.2080217,111.4401321
2017-01-01,Finland,101.9822692,98.55180926,98.38254931,100.9760359,103.6551052
2017-01-01,France,102.9,100.0060764,102.5432412,102.0130707,100.3476146
2017-01-01,Germany,111.4892599,105.9645336,109.3307567,109.6464628,101.9772638
2017-01-01,Greece,96.50105836,96.64829003,99.29129198,97.01611313,97.19520646
2017-01-01,Hungary,121.3180608,109.7292363,114.0859958,117.4922506,106.3912061
2017-01-01,Iceland,122.1940909,,113.9105811,121.8613982,107.2822175
2017-01-01,India,112.2259625,,,105.5573938,
2017-01-01,Ireland,114.2418356,105.6636089,108.9349556,112.2792148,104.8747692
2017-01-01,Israel,110.2013543,,107.7904723,110.5844914,102.2432004
2017-01-01,Italy,99.56852311,96.61023209,99.21379906,98.46895843,100.3574895
2017-01-01,Japan,104.675,103.2033037,105.1715894,104.7713915,99.52761728
2017-01-01,"Korea, Republic of",102.1231675,98.72213231,99.16733195,99.81960068,102.9831308
2017-01-01,Latvia,114.3954041,101.8364603,116.596426,110.3745152,98.10440632
2017-01-01,Lithuania,111.6163944,99.55410134,100.7832121,108.9726683,110.4662743
2017-01-01,Luxembourg,110.289205,106.9973952,108.6341845,107.7576095,101.5265354
2017-01-01,Mexico,112.4201466,,108.3181975,101.5396844,103.8013147
2017-01-01,Netherlands,109.6616035,106.851171,106.051468,108.0164157,103.4080597
2017-01-01,New Zealand,120.2986945,112.3116233,115.9730681,117.9722143,103.7490665
2017-01-01,Norway,113.1902412,110.7096625,109.4565387,108.6650084,103.4142491
2017-01-01,Poland,103.6394351,95.28262954,100.5027378,103.0541138,103.1194849
2017-01-01,Portugal,111.8958988,105.5101384,109.2355971,109.6144876,102.4394122
2017-01-01,Romania,108.3844008,89.98538562,106.8546579,105.6923769,101.4323589
2017-01-01,Russian Federation,107.3370176,98.44512642,103.5112067,98.66382161,103.6730533
2017-01-01,Saudi Arabia,88.8408219,,,86.09534345,
2017-01-01,Slovakia,107.3737855,103.0552585,106.9478149,107.0480924,100.3985294
2017-01-01,Slovenia,107.6243874,100.7492827,103.0049665,106.600637,104.474581
2017-01-01,South Africa,108.6227284,99.96248016,100.3416524,99.11177574,108.2557665
2017-01-01,Spain,108.555543,103.5280016,108.5472056,107.0077177,100.0057409
2017-01-01,Sweden,114.2562389,109.422682,112.6711417,112.0051123,101.4185043
2017-01-01,Switzerland,102.0964351,102.7765605,101.036979,101.8841409,101.048381
2017-01-01,Türkiye,121.69849,,106.0643291,105.4301838,114.7826866
2017-01-01,United Kingdom,109.907,109.3034669,106.9871172,107.6086717,102.739738
2017-01-01,United States,109.4033078,104.3825663,102.936983,106.9629301,106.2864182
2017-04-01,Australia,114.4760089,113.0005648,112.9972982,112.2307763,101.314961
2017-04-01,Austria,113.6417646,107.6032757,106.5475478,110.4126438,106.6820204
2017-04-01,Belgium,105.2871247,99.50488014,103.3293863,101.8821662,101.8968722
2017-04-01,Brazil,101.6251223,,,90.38201806,
2017-04-01,Bulgaria,115.2253797,102.0618757,113.6290924,109.8858423,101.4057429
2017-04-01,Canada,123.9894419,121.6401566,122.5285128,121.8461666,101.1960714
2017-04-01,Chile,114.018275,104.8946567,105.8280403,107.4157356,107.7772362
2017-04-01,China,126.3160171,,,122.0322325,
2017-04-01,Colombia,116.326665,104.7466003,107.7982808,105.7372587,107.9242333
2017-04-01,Costa Rica,,,,,104.8834987
2017-04-01,Croatia,104.6750961,96.59011422,106.5023873,105.2418223,98.28439487
2017-04-01,Czech Republic,118.9949164,108.4220791,115.4888401,116.1236087,103.0379988
2017-04-01,Denmark,109.0942309,102.6765455,106.1348799,108.0947163,102.7926388
2017-04-01,Estonia,108.5723469,95.41485098,97.56532265,102.9313278,111.2476176
2017-04-01,Finland,102.5123837,99.24544613,98.44116589,101.3954285,104.1318732
2017-04-01,France,103.6,100.2449686,103.1343805,102.7042033,100.4511725
2017-04-01,Germany,112.9971897,107.4052762,110.3859813,110.6839184,102.3685134
2017-04-01,Greece,96.57005981,96.81930468,100.5667167,97.05323524,96.03115692
2017-04-01,Hungary,124.8625276,108.735652,115.7912264,120.127299,107.8869905
2017-04-01,Iceland,130.1468364,,120.8017127,131.4443005,107.7462412
2017-04-01,India,115.3755836,,,108.1133302,
2017-04-01,Ireland,116.8605746,107.1773738,110.4521881,114.580353,105.8051481
2017-04-01,Israel,111.4602633,,108.5526981,112.1705284,102.685074
2017-04-01,Italy,99.1887898,95.73440098,98.71214972,98.07042997,100.482813
2017-04-01,Japan,104.504,102.6356079,105.1125727,104.576184,99.4208158
2017-04-01,"Korea, Republic of",102.6691783,98.20854651,99.2582138,100.2164919,103.4389428
2017-04-01,Latvia,117.8715241,102.4715426,119.8421387,112.9801971,98.34777155
2017-04-01,Lithuania,113.8193495,99.04878031,103.8971622,109.3878231,109.2703482
2017-04-01,Luxembourg,111.728767,107.046015,109.6550861,108.7647026,101.8941602
2017-04-01,Mexico,114.4535273,,109.6436997,103.1381269,104.4012338
2017-04-01,Netherlands,111.6892089,107.9151409,107.3877008,109.7917735,104.0095353
2017-04-01,New Zealand,121.0319088,111.7169819,116.320094,118.5569963,104.0700033
2017-04-01,Norway,112.4084128,108.6035792,108.2435503,107.0191938,103.8508117
2017-04-01,Poland,105.2058074,95.40369991,101.2078882,104.5847739,103.9486709
2017-04-01,Portugal,114.8484442,107.9279806,112.0583366,112.0829238,102.4939051
2017-04-01,Romania,113.240867,90.96055558,111.1029935,109.4443705,101.9249783
2017-04-01,Russian Federation,108.1733775,97.97735297,103.8181816,98.75576991,104.1719296
2017-04-01,Saudi Arabia,88.69288072,,,85.89160399,
2017-04-01,Slovakia,112.584522,105.6803619,112.0703126,111.8100391,100.4590593
2017-04-01,Slovenia,110.5731089,101.9321731,104.5293136,109.7463053,105.7717118
2017-04-01,South Africa,109.9377252,100.0280189,100.3363034,99.60082228,109.5721619
2017-04-01,Spain,110.0350501,104.4291672,109.8535798,108.1567856,100.1632499
2017-04-01,Sweden,115.9429005,110.2575886,114.2744859,113.0173736,101.4716814
2017-04-01,Switzerland,103.2306168,103.7736794,101.9151621,102.8164174,101.2905331
2017-04-01,Türkiye,124.2142463,,106.0322357,106.1634452,117.1909392
2017-04-01,United Kingdom,111.221,107.5518468,108.3979616,108.1199449,102.6148621
2017-04-01,United States,111.2921512,105.0415295,103.7933515,108.5912637,107.2293703
2017-07-01,Australia,114.8157112,113.3112844,113.1647488,112.4725787,101.4652473
2017-07-01,Austria,114.3580317,107.8248768,106.0092921,110.8334411,107.8995067
2017-07-01,Belgium,106.9021713,100.4103868,104.6244625,103.2233009,102.1792531
2017-07-01,Brazil,101.8415518,,,90.27166703,
2017-07-01,Bulgaria,117.7751898,102.3757768,115.8480173,109.8445882,101.6644576
2017-07-01,Canada,125.6221719,121.0715932,123.9076115,123.5409384,101.3875019
2017-07-01,Chile,115.6158771,105.422848,106.3589865,108.8769523,108.7418252
2017-07-01,China,128.196334,,,123.4217794,
2017-07-01,Colombia,118.7596736,105.724798,109.0917604,107.2380727,108.875102
2017-07-01,Costa Rica,,,,,105.4304759
2017-07-01,Croatia,105.1123618,95.5626069,106.4036011,105.6933525,98.78659378
2017-07-01,Czech Republic,121.0602591,108.6073206,116.8878518,117.5789226,103.5717343
2017-07-01,Denmark,110.2412015,103.1578969,107.0365856,109.0648113,102.9982993
2017-07-01,Estonia,111.9074981,96.5688011,96.73934126,105.4594633,115.6439825
2017-07-01,Finland,102.3968067,98.04278143,97.86537163,101.1820151,104.6264429
2017-07-01,France,104.5,100.779622,103.9048203,103.4847497,100.5725159
2017-07-01,Germany,114.8564418,108.4884861,111.8403579,111.9819952,102.6997737
2017-07-01,Greece,96.47931117,96.99311727,102.0228986,97.0588362,94.57154151
2017-07-01,Hungary,128.7975392,109.1242293,118.0100579,123.1785733,109.1945975
2017-07-01,Iceland,135.5172469,,124.6748677,135.4490362,108.7069369
2017-07-01,India,116.666912,,,108.1386331,
2017-07-01,Ireland,121.1422752,110.2493888,112.8529753,118.6256676,107.34846
2017-07-01,Israel,112.8520213,,109.5262129,113.7756614,103.0431555
2017-07-01,Italy,98.96248202,95.04556386,98.44356949,97.94529889,100.5270712
2017-07-01,Japan,104.92,101.8018803,105.5575991,104.8772562,99.39575867
2017-07-01,"Korea, Republic of",103.1748664,97.55154042,99.48169809,99.78996612,103.7149037
2017-07-01,Latvia,119.5933745,103.1611862,121.5806249,114.2948379,98.35760037
2017-07-01,Lithuania,115.9858102,99.84046714,104.7890197,109.7193138,110.4025226
2017-07-01,Luxembourg,112.2458299,106.536279,109.8927238,108.900369,102.1443492
2017-07-01,Mexico,116.6638154,,111.0885737,104.7141321,105.033277
2017-07-01,Netherlands,113.6603038,108.6823572,109.4682946,111.2317023,103.833369
2017-07-01,New Zealand,121.7536931,111.0317517,116.2545691,119.1825843,104.7496408
2017-07-01,Norway,111.4232323,106.5978322,106.816127,105.7217616,104.3162662
2017-07-01,Poland,106.3615303,95.11805668,101.5839767,105.0928739,104.7015129
2017-07-01,Portugal,119.5284155,111.8213449,116.2431548,116.4241001,102.8302449
2017-07-01,Romania,113.3785517,88.51120435,110.2987156,110.0116314,102.7930264
2017-07-01,Russian Federation,108.9522587,97.65600402,104.3017341,98.81604169,104.435571
2017-07-01,Saudi Arabia,89.03361827,,,86.04285407,
2017-07-01,Slovakia,115.6565259,105.9307291,114.9324131,114.1566787,100.6302659
2017-07-01,Slovenia,112.7532181,101.9361357,104.8370301,111.4591814,107.5405733
2017-07-01,South Africa,110.5357237,99.45088106,99.45544559,99.26651583,111.1439103
2017-07-01,Spain,111.8668555,105.691102,111.4089258,110.1610031,100.4090873
2017-07-01,Sweden,116.9563599,110.3391253,114.9332883,113.977956,101.7719236
2017-07-01,Switzerland,103.7858919,104.0396686,102.1743129,103.0529719,101.5770814
2017-07-01,Türkiye,126.237447,,105.5263748,106.3881303,119.6706718
2017-07-01,United Kingdom,112.6,108.3427355,109.6530308,108.942075,102.6980827
2017-07-01,United States,112.9986558,105.7163398,104.4401262,109.867899,108.1993479
2017-10-01,Australia,115.1278301,111.7604965,113.2178702,112.2055611,101.6933373
2017-10-01,Austria,117.2113514,109.9609329,107.4067598,112.4716717,109.1527748
2017-10-01,Belgium,107.6524211,100.4728714,105.0916102,103.5374206,102.4389675
2017-10-01,Brazil,102.0580696,,,88.84051294,
2017-10-01,Bulgaria,119.6532673,102.1005097,117.1486518,109.1177357,102.1389074
2017-10-01,Canada,126.2009804,120.7052976,124.1778697,123.2499491,101.6329739
2017-10-01,Chile,119.471291,107.8034951,108.8504819,112.0610842,109.7960032
2017-10-01,China,129.8791554,,,124.408129,
2017-10-01,Colombia,121.0161897,106.6506565,110.0953092,108.179296,109.9325212
2017-10-01,Costa Rica,,,,,105.9439164
2017-10-01,Croatia,108.47443,97.04876099,109.2772762,108.2119908,99.26543675
2017-10-01,Czech Republic,122.4578908,108.1730649,117.3983867,118.3512903,104.311856
2017-10-01,Denmark,111.2278622,103.4268478,107.4181409,109.685864,103.5510058
2017-10-01,Estonia,113.3691536,95.08701643,95.41022382,105.9969708,118.7864678
2017-10-01,Finland,102.6585404,99.8200655,97.64483265,101.0085494,105.1307873
2017-10-01,France,104.9,100.4225812,104.1856292,103.3459902,100.6853743
2017-10-01,Germany,117.0722496,109.926075,113.5688327,114.1667041,103.0878491
2017-10-01,Greece,96.98657066,97.69216366,104.1817069,97.47810893,93.09879654
2017-10-01,Hungary,133.9818724,110.4733754,121.5556189,126.957873,110.2766625
2017-10-01,Iceland,136.9251377,,124.9749025,135.8404922,109.5726043
2017-10-01,India,118.3635419,,,108.2546186,
2017-10-01,Ireland,124.4023146,112.7697685,114.9093021,120.9706874,108.2645761
2017-10-01,Israel,112.0833611,,108.373602,112.7820325,103.4297598
2017-10-01,Italy,98.98020507,94.60495418,98.35656244,97.59024316,100.6340174
2017-10-01,Japan,105.12,101.9403916,105.7842119,104.8211157,99.37189507
2017-10-01,"Korea, Republic of",103.4470013,96.72912408,99.57290419,100.1959757,103.8932123
2017-10-01,Latvia,120.1896973,101.5661777,122.2780066,114.2604394,98.28428141
2017-10-01,Lithuania,117.7684459,99.32386306,103.8921399,111.3538788,113.0670773
2017-10-01,Luxembourg,113.5753177,107.1507092,110.7494019,109.4817809,102.5547168
2017-10-01,Mexico,119.2093538,,112.7938773,105.4667128,105.7024221
2017-10-01,Netherlands,116.9007286,110.4856752,111.9255567,114.1381419,104.449036
2017-10-01,New Zealand,123.3004876,111.053269,117.049047,120.0618313,105.3603834
2017-10-01,Norway,112.3781137,107.1432044,107.2477287,106.175596,104.7868397
2017-10-01,Poland,107.8662272,95.10524038,102.1685915,105.4467718,105.5751417
2017-10-01,Portugal,121.7872415,112.2203548,118.1278999,118.16338,103.1018377
2017-10-01,Romania,114.4161805,87.27433531,110.4947723,109.6752945,103.5497172
2017-10-01,Russian Federation,110.6653462,98.30165491,105.6632901,99.87225772,104.7107461
2017-10-01,Saudi Arabia,89.30277978,,,86.63410764,
2017-10-01,Slovakia,116.3460366,104.0219722,115.5113369,114.2329768,100.7228454
2017-10-01,Slovenia,116.1892855,103.5303787,105.5525083,114.1250762,110.0666209
2017-10-01,South Africa,111.1597221,98.82870779,98.75309283,98.71083735,112.5662834
2017-10-01,Spain,113.9634403,107.0442845,113.1566384,111.6592907,100.711042
2017-10-01,Sweden,114.5545008,107.1135539,112.2355395,110.7413422,102.0779009
2017-10-01,Switzerland,105.2490562,105.1541133,103.5714407,104.059114,101.6195639
2017-10-01,Türkiye,129.4168168,,105.5128504,105.595854,122.7003787
2017-10-01,United Kingdom,113.606,108.8448564,110.5825939,109.2489789,102.7446179
2017-10-01,United States,114.686459,106.2211932,105.0202747,110.8448086,109.2088283
2018-01-01,Australia,114.9802133,110.916419,112.8521731,111.4630767,101.8920607
2018-01-01,Austria,117.8618677,109.8150094,107.2137037,112.9045183,109.9562049
2018-01-01,Belgium,108.2327763,100.7116618,105.4225391,103.5000468,102.6679201
2018-01-01,Brazil,102.274363,,,88.43332959,
2018-01-01,Bulgaria,120.3471017,99.99913209,117.3982106,111.5805957,102.5128007
2018-01-01,Canada,127.5056561,122.4908563,125.2293749,123.9427577,101.8214665
2018-01-01,Chile,121.2256675,107.4757949,109.2615102,113.266923,110.9891986
2018-01-01,China,131.8436511,,,125.6552804,
2018-01-01,Colombia,121.0921288,105.530282,109.1820713,107.3661525,110.9215972
2018-01-01,Costa Rica,,,,,106.5073821
2018-01-01,Croatia,109.2869821,96.56866419,109.2518481,108.629715,100.0322838
2018-01-01,Czech Republic,125.1096906,109.1073909,119.3104214,120.0772178,104.8628356
2018-01-01,Denmark,113.1445206,104.8780939,109.0192058,111.5514732,103.7884141
2018-01-01,Estonia,115.0011864,94.726374,96.56582932,105.6884093,119.0545025
2018-01-01,Finland,103.0551344,96.96540576,97.54453778,101.214811,105.6454448
2018-01-01,France,105.9,101.0331026,105.1260923,103.6975781,100.7358738
2018-01-01,Germany,119.0135304,108.5792654,114.9783109,115.6555969,103.5125698
2018-01-01,Greece,96.99057794,97.86493467,105.1716661,97.66307034,92.22628714
2018-01-01,Hungary,137.2572476,108.8928329,122.9881402,129.2143617,111.6566675
2018-01-01,Iceland,139.1211917,,124.6195029,136.9187866,111.6474682
2018-01-01,India,119.8791576,,,108.3846112,
2018-01-01,Ireland,128.1374606,115.5640987,117.2438864,123.879781,109.2946775
2018-01-01,Israel,110.5978861,,106.5654277,111.2207071,103.7906836
2018-01-01,Italy,99.04549102,94.08480542,98.33128614,97.26615114,100.7262795
2018-01-01,Japan,106.218,103.2404936,106.9340749,105.3566543,99.33014692
2018-01-01,"Korea, Republic of",104.0073388,96.25251158,99.98852614,100.3331215,104.021775
2018-01-01,Latvia,127.3978376,105.0774613,127.3619793,118.8955769,100.0201341
2018-01-01,Lithuania,120.0798224,100.5595635,104.0633062,112.8122063,115.0965566
2018-01-01,Luxembourg,117.152499,109.7965335,113.8810253,112.7327349,102.8758074
2018-01-01,Mexico,121.8231452,,114.5763726,106.4802325,106.3395628
2018-01-01,Netherlands,119.8943942,112.3817429,114.1562398,116.1010218,105.0305656
2018-01-01,New Zealand,124.2476388,110.7337046,117.2963013,120.8870142,105.9459249
2018-01-01,Norway,112.0979908,106.1838942,106.5522163,105.5646807,105.2079235
2018-01-01,Poland,109.6687063,95.68677889,103.1419101,107.5130565,106.3264076
2018-01-01,Portugal,125.4116873,114.6326534,121.2055592,121.3208057,103.4743167
2018-01-01,Romania,115.621005,86.17506065,111.1495646,108.6739479,104.0236712
2018-01-01,Russian Federation,112.2399391,99.01529075,106.6379457,100.7461431,105.229956
2018-01-01,Saudi Arabia,88.57973965,,,83.67592832,
2018-01-01,Slovakia,119.9837533,103.8416809,119.0350774,117.0218804,100.7972044
2018-01-01,Slovenia,118.1048732,103.1633314,106.7695791,115.563359,110.6059264
2018-01-01,South Africa,112.4227189,99.10098204,98.88249368,98.61729236,113.6962799
2018-01-01,Spain,115.2801786,108.6284351,114.1086123,112.2873666,101.0247518
2018-01-01,Sweden,113.5257362,105.5516881,111.01381,108.6888104,102.2744827
2018-01-01,Switzerland,104.8560786,104.4538912,103.1836818,103.2914752,101.6205932
2018-01-01,Türkiye,132.0596069,,105.4111384,104.7280276,125.3268263
2018-01-01,United Kingdom,114.507,107.9931449,111.1599406,109.5211329,103.0216061
2018-01-01,United States,116.8511484,106.5219045,106.0481678,112.1519239,110.1916202
2018-04-01,Australia,113.7917196,109.1726142,111.6140842,110.0065064,101.9574164
2018-04-01,Austria,117.9885069,108.9815614,106.5822317,112.7630405,110.7265116
2018-04-01,Belgium,109.4154509,100.9032726,106.2981613,104.0256926,102.934827
2018-04-01,Brazil,102.4906369,,,87.63242241,
2018-04-01,Bulgaria,124.0636973,100.6317062,120.4576528,113.2350577,102.9945546
2018-04-01,Canada,127.709276,123.3527693,124.7944589,123.5295969,102.3394906
2018-04-01,Chile,124.9422882,109.2421326,110.8998434,115.6881999,112.7020596
2018-04-01,China,133.5590345,,,126.9960467,
2018-04-01,Colombia,124.661887,107.269681,111.5192064,109.7500279,111.7983916
2018-04-01,Costa Rica,,,,,106.9416678
2018-04-01,Croatia,109.1703268,94.74301837,108.2874063,107.7830633,100.8154751
2018-04-01,Czech Republic,128.5676285,110.1486288,121.2884888,122.3424353,106.0037124
2018-04-01,Denmark,114.2452815,105.0114528,109.8394624,112.3808592,104.015542
2018-04-01,Estonia,116.5356373,94.48541374,95.29884636,107.6131193,122.2469664
2018-04-01,Finland,103.1719445,97.44612725,97.26009306,100.9393529,106.0745095
2018-04-01,France,106.6,100.8452146,106.0332419,103.7621887,100.5342133
2018-04-01,Germany,120.6411979,110.0798858,116.157388,116.5133492,103.8631476
2018-04-01,Greece,97.73023257,97.68447988,106.1283402,98.29546544,92.09191247
2018-04-01,Hungary,141.6570747,110.5209259,125.6235319,132.2050747,112.8183854
2018-04-01,Iceland,140.5323372,,124.5284255,137.8925232,112.8624247
2018-04-01,India,121.4811163,,,108.6194733,
2018-04-01,Ireland,131.4390743,117.2965607,118.730575,126.8207203,110.7069858
2018-04-01,Israel,111.0970876,,106.5903725,111.0814286,104.2347604
2018-04-01,Italy,98.64795052,93.23632853,97.84084983,96.79595548,100.8248661
2018-04-01,Japan,106.494,102.7099902,107.255894,106.0151994,99.28943677
2018-04-01,"Korea, Republic of",104.1298768,95.65258495,100.0041724,100.2351895,104.1280361
2018-04-01,Latvia,128.2494283,103.334071,127.1769908,118.8876294,100.8351779
2018-04-01,Lithuania,122.2918677,99.8825042,104.8561629,114.7619454,116.3304828
2018-04-01,Luxembourg,117.4263873,109.8779753,114.0953708,112.4799062,102.9225989
2018-04-01,Mexico,124.3488639,,116.2513741,106.78274,106.9803114
2018-04-01,Netherlands,121.9432829,112.9262354,115.3984034,117.6031935,105.6755624
2018-04-01,New Zealand,125.6595808,110.6389808,117.8577704,121.6981443,106.6394301
2018-04-01,Norway,114.2001223,106.8369256,108.0180581,106.6933345,105.7263676
2018-04-01,Poland,111.7805976,96.07440545,103.7495116,109.2089598,107.7392521
2018-04-01,Portugal,127.7974006,115.3174501,122.5550336,122.8403754,104.2816665
2018-04-01,Romania,118.5636965,86.29700712,113.6942161,111.1694463,104.2837314
2018-04-01,Russian Federation,114.6884662,100.1347288,108.2634669,101.8258169,105.9111177
2018-04-01,Saudi Arabia,87.52076614,,,82.66687185,
2018-04-01,Slovakia,120.6083775,102.6875647,119.6314806,116.9306836,100.8168212
2018-04-01,Slovenia,119.1708427,102.9771005,105.3360149,115.5708011,113.1230842
2018-04-01,South Africa,113.9417151,98.9393954,99.12264092,99.65211141,114.9533068
2018-04-01,Spain,117.693834,109.4972913,116.0899217,114.5550124,101.3796453
2018-04-01,Sweden,113.9037248,104.7751328,111.2046451,108.6059556,102.4389152
2018-04-01,Switzerland,105.9666245,105.3315716,104.2302408,104.0730432,101.6657089
2018-04-01,Türkiye,134.8498608,,105.0633961,102.9043609,128.3984003
2018-04-01,United Kingdom,115.16,108.9512826,111.7966334,109.8158132,103.0190441
2018-04-01,United States,118.2116767,106.4151413,106.3995609,112.864559,111.1064561
2018-07-01,Australia,112.6874011,107.5371969,110.3582672,108.4849768,102.1169069
2018-07-01,Austria,120.0414501,109.829817,107.4233688,113.5227473,111.771013
2018-07-01,Belgium,109.6050124,100.1104705,106.1002119,103.5846487,103.3055375
2018-07-01,Brazil,102.7070651,,,86.95755201,
2018-07-01,Bulgaria,125.0652925,98.42001899,120.383022,114.8532365,103.8904201
2018-07-01,Canada,128.6236802,123.8050172,125.2878261,123.9470486,102.6663608
2018-07-01,Chile,129.4538834,112.1944069,113.6596641,118.7958475,113.9362824
2018-07-01,China,135.0201725,,,127.3607041,
2018-07-01,Colombia,124.193365,105.281682,110.2330892,108.4666721,112.6776927
2018-07-01,Costa Rica,,,,,107.14832
2018-07-01,Croatia,112.5098563,95.99509575,110.8384465,110.9874675,101.5080962
2018-07-01,Czech Republic,131.7220702,110.8919701,123.0807278,124.2407512,107.023098
2018-07-01,Denmark,115.2369408,105.0148041,110.4989313,112.9822259,104.2922425
2018-07-01,Estonia,116.904704,91.23273503,95.12800378,107.1946494,122.8543623
2018-07-01,Finland,103.4028382,96.97229207,97.00434813,100.5631454,106.5921826
2018-07-01,France,107.7,101.2685749,107.9339297,104.5299591,99.78297157
2018-07-01,Germany,122.8613862,112.3987811,117.8736357,117.98202,104.2344811
2018-07-01,Greece,98.57777679,96.90524188,107.0044835,98.59447445,92.12997986
2018-07-01,Hungary,148.054943,112.3490795,129.2911159,136.3906932,114.5689249
2018-07-01,Iceland,143.2190492,,125.121408,138.4904993,114.4750305
2018-07-01,India,123.3052403,,,109.1688284,
2018-07-01,Ireland,132.3598256,116.9031502,118.4342179,126.9163792,111.7614675
2018-07-01,Israel,110.8100821,,105.8677512,110.311239,104.6751199
2018-07-01,Italy,98.18684584,92.42089023,97.28901637,95.97246059,100.922802
2018-07-01,Japan,106.844,103.1349949,107.603134,105.8994824,99.29429405
2018-07-01,"Korea, Republic of",104.3563544,95.28584867,100.1434928,99.87111863,104.2093308
2018-07-01,Latvia,128.1480641,101.7965996,123.5309848,118.6348951,103.72927
2018-07-01,Lithuania,123.9525843,98.3822059,105.2114191,114.9938239,117.5121092
2018-07-01,Luxembourg,120.8332244,112.8072299,116.6547212,114.7841673,103.5850579
2018-07-01,Mexico,127.3315636,,118.238747,108.6966023,107.7051288
2018-07-01,Netherlands,125.2025139,114.61067,117.8711686,119.6412577,106.2238272
2018-07-01,New Zealand,126.7237969,110.2446678,118.2368495,121.8941292,107.1977717
2018-07-01,Norway,114.6657708,107.7126234,108.0694113,105.8961967,106.1070199
2018-07-01,Poland,113.4079567,95.92497131,104.0565658,110.0183677,108.9852255
2018-07-01,Portugal,129.6829141,116.0838943,123.4246326,124.2065464,105.0746648
2018-07-01,Romania,119.8150017,85.21136818,113.8594004,111.5818245,105.2314389
2018-07-01,Russian Federation,117.3332031,101.1385898,110.1009396,102.6986068,106.5451385
2018-07-01,Saudi Arabia,85.82320512,,,80.33780008,
2018-07-01,Slovakia,120.5507103,101.3802062,119.6125462,116.1322054,100.7845685
2018-07-01,Slovenia,123.1988378,105.5525501,107.9437489,119.1486449,114.1214351
2018-07-01,South Africa,114.9667126,98.44874228,99.35377395,99.0870314,115.7175754
2018-07-01,Spain,119.7756794,109.9281305,117.7042181,115.7773335,101.7579131
2018-07-01,Sweden,114.5577063,104.3174409,111.5130611,108.4939663,102.7421251
2018-07-01,Switzerland,107.1761948,106.3248208,105.2804114,105.0030735,101.8004962
2018-07-01,Türkiye,135.8213439,,103.1675933,99.83463343,131.6998466
2018-07-01,United Kingdom,115.947,108.8407325,112.3585311,109.9182421,103.2043609
2018-07-01,United States,119.7545439,106.5173044,106.8260382,113.9548114,112.1072326
2018-10-01,Australia,109.1956659,103.0743568,106.8122854,104.6963047,102.2377671
2018-10-01,Austria,122.6681752,111.2722848,108.7029588,115.3512305,112.8722706
2018-10-01,Belgium,110.4077604,99.92843254,106.7657674,103.5994297,103.4134463
2018-10-01,Brazil,102.9235814,,,85.89101958,
2018-10-01,Bulgaria,126.3439085,96.53413052,120.6896466,115.4646744,104.6859101
2018-10-01,Canada,129.6719457,123.5222477,125.9096364,124.6599706,102.9919232
2018-10-01,Chile,131.624429,113.1566576,114.3122697,121.7720112,115.1852801
2018-10-01,China,136.6488609,,,128.2490567,
2018-10-01,Colombia,125.3516192,104.6498522,110.3189222,108.4579846,113.6400634
2018-10-01,Costa Rica,,,,,107.5695551
2018-10-01,Croatia,113.5928348,95.57208,111.023769,111.9785656,102.314106
2018-10-01,Czech Republic,134.6006107,111.5890881,124.8519988,126.9567958,107.8103753
2018-10-01,Denmark,115.4884024,104.439878,110.3413651,113.2056788,104.6690744
2018-10-01,Estonia,119.8223017,91.15049601,96.97553609,108.1257929,123.5214688
2018-10-01,Finland,103.7100829,96.47675462,96.82605268,100.3908989,107.1057659
2018-10-01,France,108.4,100.683101,108.4607658,105.1072653,99.94367964
2018-10-01,Germany,124.2071023,112.5679558,118.7220854,119.0561465,104.6231015
2018-10-01,Greece,100.2174127,96.50836698,108.6922898,100.6387162,92.20795288
2018-10-01,Hungary,155.0107348,114.7206907,133.0171326,141.8885394,116.5914767
2018-10-01,Iceland,145.152842,,124.5631587,137.5999285,116.5406767
2018-10-01,India,124.3274857,,,109.3919491,
2018-10-01,Ireland,133.5176394,117.2061697,117.9198941,127.5244997,113.2308248
2018-10-01,Israel,110.3909443,,105.2048805,109.5615464,104.9362257
2018-10-01,Italy,98.61971262,92.65318318,97.58466361,96.19248545,101.0606219
2018-10-01,Japan,107.84,103.2665342,108.6662005,106.9468197,99.23947807
2018-10-01,"Korea, Republic of",104.6074872,94.97271378,100.3633794,100.1972553,104.2312477
2018-10-01,Latvia,133.4046699,103.3927265,127.1691593,124.1798049,104.8949084
2018-10-01,Lithuania,126.3957255,98.27149314,105.2097836,116.8180076,119.8301695
2018-10-01,Luxembourg,124.0350879,115.2059367,119.3984544,117.0556991,103.8864539
2018-10-01,Mexico,130.3021677,,120.1749858,110.5500019,108.4420434
2018-10-01,Netherlands,127.5825397,115.5486204,119.3632045,121.2872694,106.8900448
2018-10-01,New Zealand,127.2317238,109.3597169,117.9643359,122.0637317,107.8760695
2018-10-01,Norway,114.9361162,107.3729112,107.8966761,105.5957501,106.527457
2018-10-01,Poland,116.2027394,96.57913256,105.237273,112.4232467,110.4181257
2018-10-01,Portugal,133.237998,117.6909358,125.9423021,127.0821749,105.797052
2018-10-01,Romania,120.4702968,83.75426428,113.4259339,110.6555281,106.2113231
2018-10-01,Russian Federation,120.3283916,102.1457432,112.4021161,103.9102543,107.0279879
2018-10-01,Saudi Arabia,83.92615751,,,78.10138702,
2018-10-01,Slovakia,124.1379456,103.4279607,122.9286074,119.1711693,100.9840059
2018-10-01,Slovenia,125.7154463,106.1372316,107.7519918,120.9472325,116.6598586
2018-10-01,South Africa,115.6507109,98.08615658,98.72092433,98.79629071,117.1522609
2018-10-01,Spain,121.5711222,110.3715997,118.9533251,117.1568285,102.1987102
2018-10-01,Sweden,115.4128327,104.2650712,111.9210947,109.0673087,103.1316873
2018-10-01,Switzerland,108.912102,107.7552977,106.8552829,106.756781,101.924661
2018-10-01,Türkiye,136.8311883,,101.562052,92.04528303,134.7765008
2018-10-01,United Kingdom,116.37,107.5013682,112.4987007,109.7127932,103.4518147
2018-10-01,United States,121.1057215,106.3996455,107.0788485,114.805273,113.104458
2019-01-01,Australia,106.3758972,99.84728588,103.9598419,101.6356392,102.3304273
2019-01-01,Austria,122.798566,110.4708107,108.1874401,115.7338551,113.5306626
2019-01-01,Belgium,112.09704,100.0179607,108.1071659,105.0197436,103.6929189
2019-01-01,Brazil,103.1398779,,,85.96278551,
2019-01-01,Bulgaria,128.9324496,97.22891719,122.1350773,115.097452,105.5664124
2019-01-01,Canada,129.5550528,122.8983886,124.2466941,124.0647389,104.2763026
2019-01-01,Chile,133.1407001,115.0570788,114.3694366,123.4265255,116.4539395
2019-01-01,China,137.941646,,,129.148492,
2019-01-01,Colombia,127.8108349,104.8403622,111.7298962,109.2323366,114.4062646
2019-01-01,Costa Rica,,,,,107.5901067
2019-01-01,Croatia,117.3701786,95.77431209,111.8945279,115.8616769,104.8937132
2019-01-01,Czech Republic,137.3615911,110.7180033,126.3069101,127.3520181,108.7544981
2019-01-01,Denmark,116.3280721,103.5701693,111.039477,113.9210268,104.7672359
2019-01-01,Estonia,121.5125028,90.96866711,95.51468978,108.9218004,127.1796939
2019-01-01,Finland,103.4178198,95.90096389,96.04476208,100.3874701,107.6727462
2019-01-01,France,109.0,100.619089,108.7526739,105.6998767,100.2271251
2019-01-01,Germany,125.447022,112.5638038,119.4974156,120.6080747,104.9819221
2019-01-01,Greece,102.3788919,95.71748626,111.051556,102.9807126,92.19549671
2019-01-01,Hungary,163.0934442,117.425092,136.0163756,146.9551853,119.9659275
2019-01-01,Iceland,146.7585208,,124.008663,137.8879601,118.3567156
2019-01-01,India,124.2108247,,,108.3536404,
2019-01-01,Ireland,133.6173284,118.3833832,116.7769916,126.1270952,114.4243903
2019-01-01,Israel,111.468179,,105.8314687,110.5075854,105.3328807
2019-01-01,Italy,98.09845629,90.89481089,97.06557569,95.55006912,101.0640602
2019-01-01,Japan,108.595,104.7703758,109.4355454,107.501649,99.23171506
2019-01-01,"Korea, Republic of",104.2383347,94.10177265,100.0848867,100.1560373,104.1524297
2019-01-01,Latvia,135.4927785,105.1120122,127.8751845,124.8753336,105.9485582
2019-01-01,Lithuania,129.3023772,99.4936652,104.8803654,118.7038619,122.970866
2019-01-01,Luxembourg,125.1459025,115.5362653,120.1005799,118.5946694,104.20405
2019-01-01,Mexico,132.7761876,,121.6521213,112.274411,109.1592741
2019-01-01,Netherlands,129.7575875,115.8246532,120.7248451,122.4690248,107.4861706
2019-01-01,New Zealand,127.0815573,108.2900648,117.2194108,121.9647483,108.433487
2019-01-01,Norway,115.615017,106.8089438,108.0263085,105.5646066,107.028101
2019-01-01,Poland,118.4728851,97.53002209,106.1579613,114.7241219,111.5989184
2019-01-01,Portugal,136.8065537,118.8165937,128.3967597,130.6731641,106.5540434
2019-01-01,Romania,119.475002,77.2899635,111.6700113,105.7240374,106.9901237
2019-01-01,Russian Federation,115.9298467,96.33443446,107.9737041,98.90289162,107.3447967
2019-01-01,Saudi Arabia,83.31023402,,,79.89043961,
2019-01-01,Slovakia,127.0282289,103.9034177,125.4777045,121.0197722,101.2359308
2019-01-01,Slovenia,127.0969739,106.2493529,107.9327469,123.2052885,117.7443539
2019-01-01,South Africa,116.5067087,95.52940787,98.57307321,98.66755327,118.1963915
2019-01-01,Spain,123.2229336,108.3252186,120.0846249,118.691186,102.6114237
2019-01-01,Sweden,115.2434509,102.0130166,111.2001913,107.9770812,103.6479442
2019-01-01,Switzerland,109.4109823,108.5325679,107.2801552,107.6177253,101.9860233
2019-01-01,Türkiye,136.5702958,,99.01537321,92.07730562,137.9793728
2019-01-01,United Kingdom,116.258,107.7387866,112.0832396,109.5335615,103.7353455
2019-01-01,United States,122.5644322,106.2843247,107.41295,115.9223353,114.110752
2019-04-01,Australia,105.3682072,99.28994146,102.8841102,100.0467272,102.4208666
2019-04-01,Austria,126.0285568,113.131126,110.2363495,117.7883724,114.3512357
2019-04-01,Belgium,112.6662196,100.0089989,108.3755207,105.1745605,103.9613624
2019-04-01,Brazil,103.3561564,,,84.92493129,
2019-04-01,Bulgaria,130.5117679,95.92478115,122.3110124,115.4179741,106.7058065
2019-04-01,Canada,128.071267,119.4108446,122.3804052,121.7098163,104.6540234
2019-04-01,Chile,134.4136249,115.1676645,114.1488687,122.8223212,117.7944997
2019-04-01,China,138.9329032,,,128.6716532,
2019-04-01,Colombia,128.9487811,105.1376672,111.9504078,109.0006922,115.1975097
2019-04-01,Costa Rica,,,,,107.8257042
2019-04-01,Croatia,120.2881032,97.84111407,113.9279923,117.5202614,105.5827027
2019-04-01,Czech Republic,140.4248987,112.4678447,128.0100709,129.8930018,109.7006012
2019-04-01,Denmark,117.3730211,104.2097818,111.8662204,114.0256934,104.9271028
2019-04-01,Estonia,123.0314827,91.01849589,93.45147728,109.5940471,131.6124778
2019-04-01,Finland,103.8467213,95.04668207,95.94836553,100.5093528,108.2279184
2019-04-01,France,110.0,101.3807155,109.3603557,106.2700141,100.5845994
2019-04-01,Germany,127.950417,114.6077219,121.4443053,121.6624155,105.3603555
2019-04-01,Greece,105.1236414,97.1832601,114.1198293,105.6153193,92.12196956
2019-04-01,Hungary,169.3364736,119.4541573,137.1992747,151.0266986,123.4841754
2019-04-01,Iceland,147.0693408,,122.5773021,136.9046247,119.9923868
2019-04-01,India,125.6616601,,,108.6983618,
2019-04-01,Ireland,134.6264209,115.724821,116.3324091,127.6464627,115.7291288
2019-04-01,Israel,112.4695646,,106.3116104,111.1781616,105.7991541
2019-04-01,Italy,98.41975773,91.70064663,97.41549922,95.85199091,101.0308564
2019-04-01,Japan,108.547,103.8959124,109.3226825,107.3854376,99.29025361
2019-04-01,"Korea, Republic of",103.8257352,92.99355516,99.79301304,99.01297492,104.0435884
2019-04-01,Latvia,138.6898573,105.631824,129.8978585,126.5269878,106.7598329
2019-04-01,Lithuania,130.3763723,96.435105,103.1848026,118.7508403,126.0297482
2019-04-01,Luxembourg,131.0156145,119.3003117,125.2370671,123.3923712,104.6172351
2019-04-01,Mexico,135.7458807,,123.4089467,113.0584676,110.0120214
2019-04-01,Netherlands,131.9498055,116.8358844,121.9792215,124.0694613,108.1781082
2019-04-01,New Zealand,128.4157004,108.0292423,117.4798104,122.2969288,109.3289855
2019-04-01,Norway,116.3680528,106.9575879,108.1299412,106.1911791,107.6219628
2019-04-01,Poland,120.9080972,97.38699095,107.2671865,115.1792276,112.7150965
2019-04-01,Portugal,139.9756553,120.4733779,130.1754216,133.3791477,107.5327153
2019-04-01,Romania,120.6262832,76.03642254,112.009043,108.1947571,107.6941375
2019-04-01,Russian Federation,117.7330675,96.34473727,109.0706828,100.0246993,107.9180686
2019-04-01,Saudi Arabia,83.27897195,,,79.17600121,
2019-04-01,Slovakia,130.84779,106.3857763,129.2390861,123.5286505,101.244984
2019-04-01,Slovenia,128.1332314,105.2529317,107.8044906,122.8097791,118.8455809
2019-04-01,South Africa,117.9057052,97.30418044,98.98265188,98.91797262,119.1207218
2019-04-01,Spain,124.1444691,109.5250965,120.5534925,119.1632369,102.9767436
2019-04-01,Sweden,116.2096443,102.8857414,111.6827407,108.2802857,104.0653337
2019-04-01,Switzerland,110.7128294,109.1085168,108.4336125,108.9587689,102.1017433
2019-04-01,Türkiye,136.9313536,,96.85529288,90.4963505,141.4295266
2019-04-01,United Kingdom,116.266,105.6415663,112.0072986,108.964655,103.8128213
2019-04-01,United States,123.9857402,107.2557582,107.5471841,116.6500344,115.2899495
2019-07-01,Australia,108.6165426,99.83584539,105.9941735,102.831787,102.4804782
2019-07-01,Austria,127.4302634,114.5997947,110.7726629,118.3566968,115.0632686
2019-07-01,Belgium,114.6154584,101.3716501,109.7164536,107.0867716,104.4674206
2019-07-01,Brazil,103.5725838,,,84.68882557,
2019-07-01,Bulgaria,131.8969552,96.10372647,122.8459033,120.6806994,107.3687835
2019-07-01,Canada,129.7058824,120.2037434,122.8641549,123.0528806,105.5724462
2019-07-01,Chile,140.0341854,117.9576277,117.6258026,126.4132004,119.0926064
2019-07-01,China,140.0252909,,,128.35948,
2019-07-01,Colombia,132.1725582,107.9482349,113.8820201,110.814633,116.0747249
2019-07-01,Costa Rica,,,,,108.3358469
2019-07-01,Croatia,121.7629169,98.99926082,114.2036862,118.2072183,106.6192109
2019-07-01,Czech Republic,143.1362142,114.2139641,128.7006974,131.5352948,111.2186587
2019-07-01,Denmark,117.9803835,104.6929894,112.1315478,115.0589318,105.2204972
2019-07-01,Estonia,126.7276968,94.78710976,95.78555705,112.4397223,132.2630372
2019-07-01,Finland,103.9373255,93.87672468,95.53860888,100.036278,108.7869301
2019-07-01,France,111.2,101.7669704,110.2767708,107.1465493,100.8368955
2019-07-01,Germany,129.2408077,115.5224825,122.2388176,122.4345957,105.7312094
2019-07-01,Greece,106.5509647,98.49084428,115.6352103,107.4005745,92.14912668
2019-07-01,Hungary,172.8509358,120.0299535,137.0082033,152.6120915,126.2227897
2019-07-01,Iceland,147.8138407,,121.8439641,135.93674,121.3256666
2019-07-01,India,127.379589,,,108.9298216,
2019-07-01,Ireland,134.8794077,113.4615462,115.0645666,127.4838974,117.2241655
2019-07-01,Israel,113.0088181,,106.5396407,112.6550678,106.0788942
2019-07-01,Italy,98.6496098,92.58146632,97.46441143,96.05971262,101.2159861
2019-07-01,Japan,108.185,102.2641204,108.955358,106.993452,99.29274835
2019-07-01,"Korea, Republic of",103.5393488,91.89170265,99.57578291,98.92188153,103.982952
2019-07-01,Latvia,144.2343794,109.3474838,133.7651671,128.9833728,107.8179151
2019-07-01,Lithuania,132.2316514,94.59201043,103.3474504,120.9263719,127.6220064
2019-07-01,Luxembourg,134.5581657,120.5345927,128.515579,126.384921,104.7049827
2019-07-01,Mexico,138.1640966,,124.698439,113.8786999,110.813917
2019-07-01,Netherlands,132.9113428,116.8258515,122.0182911,123.8064278,108.9315272
2019-07-01,New Zealand,130.9777707,108.6811133,118.7372308,124.3010062,110.3293623
2019-07-01,Norway,117.272167,105.7213373,108.5021488,106.489044,108.0860682
2019-07-01,Poland,123.6743875,97.47025341,108.1756483,117.0216508,114.3256954
2019-07-01,Portugal,143.6864458,123.0736639,132.4869669,136.8192714,108.4575377
2019-07-01,Romania,124.6309541,77.1594623,115.5609978,111.2710234,107.8494264
2019-07-01,Russian Federation,120.9746703,97.86771564,111.6600345,101.7913212,108.3179485
2019-07-01,Saudi Arabia,82.90709113,,,78.26200304,
2019-07-01,Slovakia,134.2509651,108.5474412,132.2617977,126.0747295,101.5041965
2019-07-01,Slovenia,131.7511942,107.3169137,109.7373134,125.2531491,120.0489449
2019-07-01,South Africa,119.206702,99.40239648,99.17451408,99.16868663,120.2021325
2019-07-01,Spain,125.4304641,111.6224982,121.3695728,120.4840521,103.3438844
2019-07-01,Sweden,118.0025069,104.7170053,113.010687,109.6941041,104.4291375
2019-07-01,Switzerland,110.6387069,108.2412284,108.1745891,108.9875166,102.2777043
2019-07-01,Türkiye,142.4017778,,98.21678473,92.39555171,145.040819
2019-07-01,United Kingdom,116.841,105.9116035,112.4673866,109.0594702,103.8994496
2019-07-01,United States,125.6361405,107.8517619,107.9706361,117.9165086,116.3664218
2019-10-01,Australia,111.974353,103.5243988,109.3236129,105.6659855,102.4310791
2019-10-01,Austria,130.1426139,117.630038,112.5936629,120.783785,115.6118363
2019-10-01,Belgium,115.7362821,102.0377445,110.61074,107.9574957,104.6361294
2019-10-01,Brazil,103.789082,,,83.80228417,
2019-10-01,Bulgaria,134.3288273,95.80915551,124.4184328,121.9534043,107.9663544
2019-10-01,Canada,132.5037707,121.248233,124.4046325,125.0215506,106.5142699
2019-10-01,Chile,142.4108646,117.2400892,118.6246337,127.3751061,120.0940716
2019-10-01,China,141.1126558,,,127.0872293,
2019-10-01,Colombia,133.4708258,109.8627759,114.3158425,111.3502097,116.7700471
2019-10-01,Costa Rica,,,,,108.7478665
2019-10-01,Croatia,124.9888014,101.471318,116.5208041,121.8725497,107.2675035
2019-10-01,Czech Republic,146.677296,116.5824837,131.0508717,135.2560581,111.9262641
2019-10-01,Denmark,118.4376986,105.1930746,112.2146489,114.8209576,105.5501289
2019-10-01,Estonia,129.797065,96.04498805,98.54871859,115.0498002,131.6681911
2019-10-01,Finland,103.8781333,93.95756096,95.04977851,99.90394255,109.2841364
2019-10-01,France,112.5,102.0147327,111.358508,108.1054591,101.0247625
2019-10-01,Germany,132.1910403,117.9430847,124.5244271,125.1966304,106.1598129
2019-10-01,Greece,107.872502,100.8112507,117.0180991,107.5686039,92.18953939
2019-10-01,Hungary,175.3891464,119.6480762,136.2834971,153.1467602,128.7573575
2019-10-01,Iceland,151.5227806,,124.3904179,140.5931973,121.823931
2019-10-01,India,127.9859262,,,108.0913269,
2019-10-01,Ireland,134.599843,109.1731096,114.0145108,126.3590564,118.0585735
2019-10-01,Israel,114.3024383,,107.3192566,113.1992875,106.5137605
2019-10-01,Italy,98.93217618,93.3840781,97.63979106,96.10301175,101.3235795
2019-10-01,Japan,108.885,100.6157786,109.6462166,107.1450409,99.30554047
2019-10-01,"Korea, Republic of",104.2696936,91.64607194,100.2769471,99.19521185,103.9842196
2019-10-01,Latvia,145.0829848,107.1796801,134.3825437,126.3894858,107.9540152
2019-10-01,Lithuania,134.5295991,93.53730902,104.7736092,121.730074,128.0724912
2019-10-01,Luxembourg,137.2276372,120.9175976,130.2995647,128.3579537,105.3202034
2019-10-01,Mexico,140.2684073,,125.7554826,116.105152,111.5560322
2019-10-01,Netherlands,136.0132642,118.6685209,124.0996556,125.9522199,109.6041939
2019-10-01,New Zealand,133.1246726,108.8110813,119.7034436,125.3628645,111.232664
2019-10-01,Norway,117.9447632,103.8134876,108.6081479,106.2501636,108.5998845
2019-10-01,Poland,127.1456301,98.28639225,109.4730505,119.8739326,116.141601
2019-10-01,Portugal,147.0613452,125.9565117,134.5085995,139.3585275,109.3366036
2019-10-01,Romania,126.0277606,75.34411354,116.413083,108.6686294,108.2599024
2019-10-01,Russian Federation,124.6504155,100.3112582,115.0733297,104.2029718,108.2985862
2019-10-01,Saudi Arabia,84.5127029,,,79.05803539,
2019-10-01,Slovakia,137.4536921,110.4967652,135.1545058,127.7810217,101.7013887
2019-10-01,Slovenia,131.7786006,106.9893357,112.4810375,124.9966634,117.1449816
2019-10-01,South Africa,119.4727013,100.4226207,98.77682908,98.51380731,120.9553782
2019-10-01,Spain,126.0628861,113.2624393,121.5746181,120.1862203,103.689769
2019-10-01,Sweden,119.294398,106.0345966,113.7950999,110.5202295,104.8446951
2019-10-01,Switzerland,111.5254814,108.4196611,108.5599565,110.0073983,102.7314882
2019-10-01,Türkiye,148.1935727,,99.95200397,89.90198512,148.3195529
2019-10-01,United Kingdom,117.004,105.4325014,112.2472341,108.9970323,104.2484595
2019-10-01,United States,127.7540763,108.7441842,108.9233235,119.4396868,117.2931462
2020-01-01,Australia,114.1207713,103.7607879,111.3325784,107.1143278,102.5107929
2020-01-01,Austria,132.418636,121.0575504,113.481073,122.4024859,116.7138509
2020-01-01,Belgium,116.0148328,102.2597698,109.1679683,107.4956855,106.2741715
2020-01-01,Brazil,104.0061817,,,81.4121317,
2020-01-01,Bulgaria,134.8257992,94.40015579,123.9317493,121.4274093,108.7913496
2020-01-01,Canada,134.7794118,122.9952199,126.0676718,127.0704829,106.9143339
2020-01-01,Chile,145.1525557,113.6721057,120.089102,127.4756848,120.9133962
2020-01-01,China,142.2164431,,,126.8235886,
2020-01-01,Colombia,134.83149,113.7248207,114.8216262,112.3047488,117.4408457
2020-01-01,Costa Rica,,,,,108.9101252
2020-01-01,Croatia,128.0933662,106.0799723,118.4542039,124.5822477,108.1375942
2020-01-01,Czech Republic,149.236986,119.6203388,131.6609317,133.0388347,113.3518394
2020-01-01,Denmark,118.6759669,105.3390428,112.2672615,114.664342,105.7129062
2020-01-01,Estonia,135.2999657,96.6521159,99.74814027,120.8568094,135.6000525
2020-01-01,Finland,104.6354142,94.59673184,95.44767566,101.0777954,109.6219284
2020-01-01,France,114.5,104.9501427,113.421569,109.7046178,100.9505188
2020-01-01,Germany,134.8437194,117.4086512,126.5823363,127.6232363,106.5295991
2020-01-01,Greece,109.2871214,105.5509597,118.5874292,109.2070128,92.16250375
2020-01-01,Hungary,176.4808918,122.3556664,134.240094,153.5331384,131.5309789
2020-01-01,Iceland,153.9886362,,125.9750544,140.2492441,122.2491147
2020-01-01,India,128.9215391,,,107.509219,
2020-01-01,Ireland,134.7894028,103.0753879,113.7190034,124.0639352,118.532054
2020-01-01,Israel,115.2958618,,107.7776256,113.6356249,106.9825602
2020-01-01,Italy,99.79846559,96.57998907,98.41684402,96.85991964,101.4038007
2020-01-01,Japan,108.118,96.20749578,108.8448236,105.9500057,99.33202706
2020-01-01,"Korea, Republic of",105.580579,91.82674436,101.47881,100.1523164,104.0444974
2020-01-01,Latvia,147.5002916,109.4254758,133.2903089,130.6702442,110.6520541
2020-01-01,Lithuania,137.2413589,91.24553787,106.3740342,123.7898393,128.6883679
2020-01-01,Luxembourg,142.7253428,123.3320755,135.2042134,132.1111912,105.5659688
2020-01-01,Mexico,142.1739913,,126.594182,115.0939086,112.3224403
2020-01-01,Netherlands,137.9314818,119.9831839,125.1571919,128.4475128,110.2107801
2020-01-01,New Zealand,136.3281872,110.259819,121.2334592,127.5298338,112.4717863
2020-01-01,Norway,117.8748145,104.5177128,108.1664835,105.62037,108.978649
2020-01-01,Poland,131.7197877,98.49986163,111.0068673,122.4123437,118.657383
2020-01-01,Portugal,151.2799378,130.6231268,137.3948492,143.4648921,110.110309
2020-01-01,Romania,129.1458305,76.41018158,118.2668092,112.832618,109.1995156
2020-01-01,Russian Federation,136.7960215,,125.7768181,113.6235599,108.7368129
2020-01-01,Saudi Arabia,84.94307954,,,80.26737222,
2020-01-01,Slovakia,143.9430435,115.6162395,141.2216979,133.2314546,101.9272377
2020-01-01,Slovenia,133.1430866,107.2573691,111.4191777,133.4917595,119.485934
2020-01-01,South Africa,118.7437031,104.1237066,97.63374616,97.0194825,121.6248216
2020-01-01,Spain,127.3049636,116.9280382,122.3891347,121.3534508,104.0145389
2020-01-01,Sweden,120.433445,108.7526771,114.5188643,111.2626532,105.1768233
2020-01-01,Switzerland,113.2296732,108.4026841,109.8838839,111.6706697,103.0446353
2020-01-01,Türkiye,155.3461278,,102.4092719,92.8950871,151.747554
2020-01-01,United Kingdom,118.098,108.4302352,112.9513976,110.4216091,104.5672097
2020-01-01,United States,130.2320145,109.7820006,110.0345902,121.3679231,118.3606337
2020-04-01,Australia,111.8556602,98.84485649,110.5018017,105.5690318,101.2315224
2020-04-01,Austria,134.7339432,123.9049351,113.9891095,124.8566962,118.2252882
2020-04-01,Belgium,117.7019957,103.1906884,110.2200747,109.1379972,106.790486
2020-04-01,Brazil,104.2240517,,,82.97318029,
2020-04-01,Bulgaria,134.5166241,95.69199436,123.1959852,122.5379426,109.1901205
2020-04-01,Canada,135.1923077,113.5455064,126.9234055,128.5213185,106.518827
2020-04-01,Chile,146.7843064,111.5888347,120.4535681,127.2019026,121.9026891
2020-04-01,China,143.4308162,,,129.2799126,
2020-04-01,Colombia,130.4656566,110.3552169,110.786541,107.7424727,117.7770659
2020-04-01,Costa Rica,,,,,109.2254864
2020-04-01,Croatia,129.982086,106.0977469,119.5802785,127.0925766,108.6987337
2020-04-01,Czech Republic,151.2627075,119.7800874,132.9221047,135.603004,113.8003734
2020-04-01,Denmark,118.963811,105.725542,112.3249854,116.3828451,105.9148512
2020-04-01,Estonia,127.6542921,101.6347934,104.6665855,116.2515849,121.9254434
2020-04-01,Finland,104.4512101,96.02940529,95.05848732,100.711462,109.8769697
2020-04-01,France,116.3,108.7690868,115.2269664,110.9043356,100.9309371
2020-04-01,Germany,136.3356087,122.5011219,127.5478148,127.9886688,106.8929237
2020-04-01,Greece,109.653522,107.7074131,119.0063993,112.2465028,92.14593947
2020-04-01,Hungary,173.4951489,123.1876047,134.0479206,151.5305124,129.4910834
2020-04-01,Iceland,155.9840865,,125.641851,142.5713428,124.1616778
2020-04-01,India,129.278183,,,109.0061319,
2020-04-01,Ireland,135.0770679,114.7058111,115.5457658,129.8004333,116.9070483
2020-04-01,Israel,115.0624637,,107.6884328,114.116921,106.8544199
2020-04-01,Italy,101.582257,97.71882228,100.1810838,98.70197863,101.3985946
2020-04-01,Japan,107.815,99.19044502,108.5131322,106.1195246,99.35642635
2020-04-01,"Korea, Republic of",106.4839814,91.84755679,102.2518262,100.9455661,104.1414573
2020-04-01,Latvia,140.9047792,110.6935359,139.1966061,128.0097132,101.2190491
2020-04-01,Lithuania,139.5062547,95.80317137,108.1223179,125.2186119,128.6969473
2020-04-01,Luxembourg,148.5779416,127.1608359,140.5749134,138.9909933,105.6962504
2020-04-01,Mexico,143.5307513,,126.9209855,113.4192817,113.1023565
2020-04-01,Netherlands,141.147265,121.5871041,127.2230636,130.9841959,110.9489262
2020-04-01,New Zealand,137.4141518,109.365015,121.5483447,129.1070824,113.0740227
2020-04-01,Norway,119.3094156,109.3027444,109.297362,106.9111651,109.1636747
2020-04-01,Poland,134.1187957,99.41061231,112.4811463,124.3535767,119.2349302
2020-04-01,Portugal,153.6943905,138.7868586,139.1458662,145.3866566,110.4599403
2020-04-01,Romania,128.5989787,78.18397199,117.2667359,111.895332,109.6644552
2020-04-01,Russian Federation,140.0949747,,128.8715513,115.2554457,108.6849068
2020-04-01,Saudi Arabia,84.79874491,,,78.92181524,
2020-04-01,Slovakia,143.6726049,114.4604266,139.761573,132.6214774,102.7985972
2020-04-01,Slovenia,134.8409336,108.5687927,115.5019344,127.3590262,116.7321821
2020-04-01,South Africa,119.6287009,103.3884062,97.95870135,97.27789452,122.1248233
2020-04-01,Spain,126.860614,116.4458563,121.7669576,122.2012795,104.1810978
2020-04-01,Sweden,119.7793726,107.3226001,113.4383329,110.9225272,105.6020066
2020-04-01,Switzerland,114.4088403,109.5393522,110.9000228,113.250729,103.1637409
2020-04-01,Türkiye,166.6631544,,107.5104097,97.06561343,155.077798
2020-04-01,United Kingdom,117.754,110.1318992,111.926395,109.2912948,105.2174417
2020-04-01,United States,130.9987727,100.3649671,109.906947,122.6202295,119.1957681
2020-07-01,Australia,113.623467,96.70991569,112.4976431,107.0764042,101.0070704
2020-07-01,Austria,138.1340397,127.4004758,114.8409059,126.9914014,120.3097502
2020-07-01,Belgium,118.2753763,102.952904,110.4777283,109.4768786,107.060444
2020-07-01,Brazil,104.4404651,,,82.12630599,
2020-07-01,Bulgaria,138.6086375,94.71797663,126.1103127,118.3695297,109.911626
2020-07-01,Canada,138.5859729,120.6360882,129.5091528,130.6121162,107.0126017
2020-07-01,Chile,145.6067763,105.2768437,118.8661721,125.3083567,122.5396512
2020-07-01,China,145.5656955,,,130.5136584,
2020-07-01,Colombia,133.8188251,112.0890378,113.4262206,110.705653,117.9927384
2020-07-01,Costa Rica,,,,,109.4154683
2020-07-01,Croatia,130.3690951,104.0800707,120.3098336,126.1574374,108.3612653
2020-07-01,Czech Republic,155.0532407,120.73689,136.0687024,139.1303656,113.9545397
2020-07-01,Denmark,125.2173435,111.2524508,117.8813067,121.3608389,106.2277316
2020-07-01,Estonia,131.9906055,98.48931741,110.4142351,117.7614768,119.504685
2020-07-01,Finland,105.681038,96.43536152,95.96912346,101.4652813,110.1158002
2020-07-01,France,116.9,105.8944756,115.6642986,111.7128573,101.0680535
2020-07-01,Germany,139.8303429,123.3384999,130.433844,132.9638096,107.2071635
2020-07-01,Greece,110.5081103,109.3105677,119.8896898,112.3819897,92.17990331
2020-07-01,Hungary,181.2922959,122.3085456,140.056777,154.2324073,129.5053861
2020-07-01,Iceland,158.7400214,,126.5584017,140.5026559,125.4402923
2020-07-01,India,128.8515156,,,104.8058192,
2020-07-01,Ireland,133.9607617,108.4117517,114.2435182,125.1548197,117.2624991
2020-07-01,Israel,116.213153,,108.5820462,117.156143,107.0348343
2020-07-01,Italy,99.67498846,94.75293988,98.29683086,97.11217551,101.4019907
2020-07-01,Japan,108.012,97.76368991,108.7820415,106.4761296,99.2919128
2020-07-01,"Korea, Republic of",107.8360943,92.33574332,103.3689984,101.7939543,104.324013
2020-07-01,Latvia,146.4420634,107.0554537,142.0468471,132.698263,103.0859356
2020-07-01,Lithuania,140.8829855,94.27697877,108.4869706,127.2293162,129.5301528
2020-07-01,Luxembourg,153.1454778,130.3817123,144.5855851,141.5610001,105.923482
2020-07-01,Mexico,145.150458,,127.9913313,113.6599349,113.4221762
2020-07-01,Netherlands,143.9887274,122.6274245,128.524352,132.7595114,112.0365059
2020-07-01,New Zealand,144.3700566,112.994285,126.9094745,135.2543087,113.7793664
2020-07-01,Norway,122.8918666,108.9523445,112.1630769,109.5816889,109.5686559
2020-07-01,Poland,137.0685002,100.9732614,113.9727801,125.6884035,120.2624672
2020-07-01,Portugal,153.6177976,135.3285827,138.5016887,145.2385268,110.9183912
2020-07-01,Romania,127.5804427,73.04056343,115.3641776,110.0711714,110.5901209
2020-07-01,Russian Federation,146.3315941,,134.5918587,117.8896825,108.6983745
2020-07-01,Saudi Arabia,84.71769369,,,74.40870428,
2020-07-01,Slovakia,145.3307611,114.6172539,140.4432774,133.8969121,103.48028
2020-07-01,Slovenia,135.9913404,108.0166589,119.0637651,130.2247081,114.2062189
2020-07-01,South Africa,122.4966938,103.2866273,100.1880487,99.20249733,122.270033
2020-07-01,Spain,127.6756067,116.4273873,122.2041754,122.5280576,104.4752601
2020-07-01,Sweden,122.499006,108.3927009,115.5015912,112.9439188,106.0704887
2020-07-01,Switzerland,116.2123409,111.5239688,112.6983005,114.9428526,103.1178897
2020-07-01,Türkiye,179.8138804,,113.9251442,102.5698828,157.8934707
2020-07-01,United Kingdom,119.791,108.4490766,113.2704642,111.3240672,105.767465
2020-07-01,United States,135.9499737,107.1461289,113.501433,126.2195567,119.7833726
2020-10-01,Australia,116.0661014,101.393184,114.8277493,108.986629,101.084765
2020-10-01,Austria,139.9583811,128.805034,114.6229108,128.5576642,122.1305181
2020-10-01,Belgium,122.3887952,105.5751387,113.5286892,113.3735407,107.8066307
2020-10-01,Brazil,104.6569596,,,79.83638016,
2020-10-01,Bulgaria,141.6989391,93.12386405,128.1877049,136.3046741,110.5411981
2020-10-01,Canada,145.2582956,128.1962429,134.9967991,136.0302218,107.6052803
2020-10-01,Chile,149.0908282,102.6604912,120.0859452,126.7990127,124.1972778
2020-10-01,China,147.0952673,,,132.3720189,
2020-10-01,Colombia,136.2220283,111.3073947,115.1586371,111.4947788,118.3047972
2020-10-01,Costa Rica,,,,,109.5800436
2020-10-01,Croatia,133.0754527,103.2404047,122.7573027,129.1252939,108.4054602
2020-10-01,Czech Republic,159.8470659,121.9675469,140.0232744,144.5141021,114.1598702
2020-10-01,Denmark,131.268114,116.2667558,123.1739369,127.1033827,106.5758453
2020-10-01,Estonia,136.2218088,98.97441987,109.9496115,122.257355,123.856819
2020-10-01,Finland,107.6123378,95.5636193,97.47372718,103.2245006,110.3973352
2020-10-01,France,119.6,105.9975077,118.0914005,114.0069131,101.277186
2020-10-01,Germany,143.7297159,126.502405,133.6570844,136.2348021,107.5393137
2020-10-01,Greece,111.4442463,109.2757558,120.9211946,113.5952528,92.16778582
2020-10-01,Hungary,183.0416634,118.7035049,141.7232917,153.7897814,129.2174997
2020-10-01,Iceland,162.4408338,,128.3545088,143.8150704,126.5685153
2020-10-01,India,130.8077623,,,104.9804609,
2020-10-01,Ireland,135.5617676,106.0052111,116.1268535,126.2066803,116.7394573
2020-10-01,Israel,118.4745215,,110.4793611,118.1300887,107.243675
2020-10-01,Italy,100.5442889,94.10727374,99.15926657,97.72531485,101.3967195
2020-10-01,Japan,110.575,99.50263199,111.3852769,109.4165596,99.27233421
2020-10-01,"Korea, Republic of",109.9023372,93.43551239,105.1115546,103.3270403,104.5603219
2020-10-01,Latvia,148.2228658,105.7192792,142.1295663,133.6279243,104.2787822
2020-10-01,Lithuania,147.0794009,95.65269859,111.8082115,132.595111,131.2103413
2020-10-01,Luxembourg,160.0097489,135.9568236,150.6624461,147.4493738,106.2073317
2020-10-01,Mexico,147.8924297,,129.9096711,117.308398,113.8582704
2020-10-01,Netherlands,147.9745257,124.3805458,131.1487858,135.0650426,112.8337878
2020-10-01,New Zealand,154.3251733,118.7450289,134.8341807,143.6648425,114.4767268
2020-10-01,Norway,127.0239032,109.4241898,115.4179871,113.6432757,110.0588742
2020-10-01,Poland,138.4329164,101.2404637,114.1265592,126.2352766,121.2959317
2020-10-01,Portugal,158.717874,138.1811908,142.2793858,150.0373602,111.5580596
2020-10-01,Romania,128.4147481,70.93758037,115.6312229,108.9684147,111.0562458
2020-10-01,Russian Federation,153.8154098,,140.7115963,121.4071537,109.2883058
2020-10-01,Saudi Arabia,84.87248186,,,74.18868459,
2020-10-01,Slovakia,147.2981399,114.7347395,142.0433242,134.4697004,103.6996851
2020-10-01,Slovenia,138.6546393,107.0003315,123.211778,130.4057959,112.522738
2020-10-01,South Africa,124.0446899,101.5381311,101.171794,100.3155153,122.6112465
2020-10-01,Spain,128.1795406,115.6720841,122.4716814,122.8470384,104.6585241
2020-10-01,Sweden,125.7281764,109.5389058,118.0236697,115.724984,106.540192
2020-10-01,Switzerland,117.5691455,113.1117727,113.8785704,116.4140196,103.2405928
2020-10-01,Türkiye,193.0148374,,119.4840019,103.70472,161.600046
2020-10-01,United Kingdom,123.975,111.9303796,116.9226921,115.2440439,106.042485
2020-10-01,United States,142.0793642,113.6860902,118.2212442,131.261523,120.1860973
2021-01-01,Australia,122.5705886,105.3854379,121.297762,114.4352812,101.0556606
2021-01-01,Austria,145.3879855,132.7748542,118.2163847,133.1580476,123.0120248
2021-01-01,Belgium,124.0367681,107.1840514,114.6521148,114.2071344,108.1876803
2021-01-01,Brazil,104.8732744,,,78.40924679,
2021-01-01,Bulgaria,144.8531854,93.24763907,131.0744561,125.5757326,110.5131419
2021-01-01,Canada,149.5757919,126.3625072,139.0867651,139.2151882,107.5453443
2021-01-01,Chile,156.6243682,103.9099845,125.6690346,132.6095521,124.6764373
2021-01-01,China,148.6732184,,,132.7040564,
2021-01-01,Colombia,137.4698088,106.8682835,115.7403401,109.8899421,118.7884194
2021-01-01,Costa Rica,,,,,109.7905781
2021-01-01,Croatia,134.0328586,104.1084472,123.789425,129.8020157,108.2750211
2021-01-01,Czech Republic,169.2270343,128.4435206,147.4647016,149.3054081,114.7600408
2021-01-01,Denmark,135.3083187,122.1353226,126.5143676,129.6403705,106.9554727
2021-01-01,Estonia,144.2260405,102.6678252,116.3499294,128.9278852,123.9208933
2021-01-01,Finland,108.941689,97.02043133,98.51624021,104.4971004,110.578418
2021-01-01,France,121.3,108.302174,119.3765314,114.9982309,101.6109623
2021-01-01,Germany,147.5599673,128.5977979,136.7743191,137.2464171,107.8888752
2021-01-01,Greece,114.2368648,108.3467502,124.0164769,115.75148,92.11934001
2021-01-01,Hungary,193.2485576,121.5657449,149.0060164,161.3958101,129.7552883
2021-01-01,Iceland,167.5980826,,131.7306054,147.0838454,127.2400885
2021-01-01,India,132.1934029,,,105.1633832,
2021-01-01,Ireland,138.7659126,110.5705527,117.8720404,127.3100824,117.7294461
2021-01-01,Israel,120.5765987,,112.2642086,118.6571648,107.4112048
2021-01-01,Italy,101.4918604,94.33973073,100.1488998,98.04928776,101.3409179
2021-01-01,Japan,111.734,103.1202082,112.5964455,109.7383937,99.23382698
2021-01-01,"Korea, Republic of",112.7399148,95.27437171,107.4634906,105.3255209,104.9124917
2021-01-01,Latvia,152.0130491,114.4896291,144.1607404,135.6732392,105.438457
2021-01-01,Lithuania,153.6601021,99.01193108,116.9806845,136.5956826,131.0197821
2021-01-01,Luxembourg,167.1558609,143.6159143,156.8314351,154.8493451,106.5863427
2021-01-01,Mexico,151.3987762,,132.3541047,117.1297397,114.4050199
2021-01-01,Netherlands,153.5137484,128.6754291,135.3354446,139.4106394,113.4363404
2021-01-01,New Zealand,166.979782,127.8282406,144.6347165,154.6593751,115.4706928
2021-01-01,Norway,131.0163348,109.2827655,118.9672539,114.9753036,110.1313891
2021-01-01,Poland,141.1150825,105.1560671,115.7409288,127.1407242,121.9214336
2021-01-01,Portugal,161.3468377,138.9409516,144.1540792,151.5400623,111.9310601
2021-01-01,Romania,130.9333692,72.02668942,117.3406088,109.9940243,111.5848436
2021-01-01,Russian Federation,159.172922,,144.4413225,123.0941531,110.1745967
2021-01-01,Saudi Arabia,85.4122206,,,75.61934896,
2021-01-01,Slovakia,146.9364419,114.7058661,141.6910738,135.8192601,103.7022144
2021-01-01,Slovenia,142.7650294,108.6666187,125.4542908,139.0761027,113.7874671
2021-01-01,South Africa,124.2676893,99.3981732,101.140739,98.8730119,122.8693841
2021-01-01,Spain,128.5938325,116.0357415,122.7406735,121.5622367,104.7666877
2021-01-01,Sweden,129.0657409,111.6250014,121.18132,117.6634333,106.5185565
2021-01-01,Switzerland,119.5342802,116.4230431,115.4801657,118.4423558,103.5104523
2021-01-01,Türkiye,203.4748649,,122.8764058,104.5621713,165.6543384
2021-01-01,United Kingdom,127.844,113.5718671,120.0468387,117.5216031,106.5060328
2021-01-01,United States,147.22693,103.9355131,122.0402915,134.4492635,120.6431793
2021-04-01,Australia,130.4589028,113.3233397,128.8854205,120.9141205,101.2271689
2021-04-01,Austria,150.7686019,135.6073541,122.8336382,136.8371088,122.7694511
2021-04-01,Belgium,126.3522488,107.7564266,116.2225273,115.4732744,108.718161
2021-04-01,Brazil,105.0895736,,,76.90517803,
2021-04-01,Bulgaria,146.8341363,92.25362287,132.5612572,125.6157163,110.7680115
2021-04-01,Canada,156.5629713,131.7586056,144.3628796,144.4820144,108.4550125
2021-04-01,Chile,161.2736316,104.6136774,128.8413297,134.5989863,125.2164819
2021-04-01,China,149.791271,,,133.4962497,
2021-04-01,Colombia,141.0215944,105.4656833,118.4123225,109.7231499,119.1078131
2021-04-01,Costa Rica,,,,,110.0675196
2021-04-01,Croatia,138.2835389,103.3063772,127.5866923,132.4806723,108.3841185
2021-04-01,Czech Republic,177.2799641,131.2790084,152.9856524,156.1735064,115.8825328
2021-04-01,Denmark,137.2180692,122.2773033,127.8977461,131.6260445,107.2918604
2021-04-01,Estonia,147.6361168,102.7934112,117.7024844,130.4587262,125.3931934
2021-04-01,Finland,110.1918422,96.68143309,99.44243012,104.5307584,110.8056261
2021-04-01,France,123.5,109.2122169,121.2426747,116.679088,101.8615237
2021-04-01,Germany,151.9111065,131.3851251,140.294246,140.2645405,108.2835149
2021-04-01,Greece,117.2707181,107.4556551,127.1774801,118.451755,92.21536737
2021-04-01,Hungary,202.4779374,122.2383443,154.4486859,166.3210776,131.1614172
2021-04-01,Iceland,174.4463361,,136.3652804,154.2461844,127.9380264
2021-04-01,India,131.8781841,,,105.6771898,
2021-04-01,Ireland,142.6767207,110.9227836,119.6333343,130.9229789,119.2652761
2021-04-01,Israel,123.9942992,,114.9412016,122.9277018,107.8832109
2021-04-01,Italy,101.8785595,93.11876736,100.5077666,98.10344386,101.3638217
2021-04-01,Japan,113.718,106.6412209,114.608153,111.4749007,99.22309603
2021-04-01,"Korea, Republic of",115.5903184,96.64185999,109.6308836,106.5530467,105.4384441
2021-04-01,Latvia,158.0307937,109.1813772,149.7295974,139.8567697,105.5356624
2021-04-01,Lithuania,158.0239833,99.26584328,120.3233513,138.0473733,130.9974974
2021-04-01,Luxembourg,168.7850835,144.7658595,157.5289804,155.6545134,107.1486416
2021-04-01,Mexico,154.7508638,,134.5550886,117.4996199,115.0252212
2021-04-01,Netherlands,159.4355743,131.4047415,139.6193974,143.0902527,114.1973317
2021-04-01,New Zealand,176.7172763,133.6928244,151.8105262,161.4804488,116.4280312
2021-04-01,Norway,133.9035197,112.5142037,121.0893755,117.1932102,110.5857229
2021-04-01,Poland,145.3843863,106.1234859,117.9181926,129.351576,123.290764
2021-04-01,Portugal,165.7483512,140.3381688,147.4837686,154.7984404,112.3885546
2021-04-01,Romania,132.3644858,70.67602924,117.6973551,112.7573828,112.4625629
2021-04-01,Russian Federation,169.6209191,,151.804062,128.3699134,111.7119818
2021-04-01,Saudi Arabia,85.53466669,,,74.62761949,
2021-04-01,Slovakia,150.7036251,115.5086103,145.5907232,136.3052393,103.5120712
2021-04-01,Slovenia,148.4329232,110.4953604,129.4474409,136.3557514,114.6554972
2021-04-01,South Africa,125.3606866,97.65619711,101.9597726,98.44158618,122.9544028
2021-04-01,Spain,130.9257852,116.6593799,124.8755126,124.588902,104.8430095
2021-04-01,Sweden,132.645907,112.8093989,124.105437,120.977377,106.8939234
2021-04-01,Switzerland,121.6405251,118.1173449,117.0742788,120.4168135,103.9000913
2021-04-01,Türkiye,216.6450254,,127.2629427,107.2894232,170.2971207
2021-04-01,United Kingdom,129.407,114.4359927,121.1523261,118.9276072,106.8244333
2021-04-01,United States,153.8098299,116.3391773,126.702403,138.3487065,121.3998064
2021-07-01,Australia,138.4264714,115.4319277,136.585945,127.9983936,101.3538612
2021-07-01,Austria,155.3771069,136.8543739,128.5716163,139.4286875,120.8756017
2021-07-01,Belgium,128.0209085,107.5099031,116.9304089,115.5149041,109.48708
2021-07-01,Brazil,105.3059813,,,75.22636346,
2021-07-01,Bulgaria,150.5438923,89.20843591,134.8497623,129.167228,111.6392463
2021-07-01,Canada,162.5810709,136.5911132,148.7813523,148.4409076,109.2792204
2021-07-01,Chile,165.3029999,105.4563444,131.397335,136.1726671,125.8483449
2021-07-01,China,150.7821237,,,134.3768918,
2021-07-01,Colombia,143.0994517,103.656057,119.5222134,109.2494242,119.7404462
2021-07-01,Costa Rica,,,,,110.6658915
2021-07-01,Croatia,142.2607471,101.8495098,130.4344361,134.2109977,109.0669988
2021-07-01,Czech Republic,189.2811607,136.579678,161.6764781,164.5678385,117.0764586
2021-07-01,Denmark,139.4070259,121.8642793,129.5278386,132.3600057,107.6316273
2021-07-01,Estonia,154.9913827,105.0455582,117.6580992,132.7689558,131.6899714
2021-07-01,Finland,110.7781495,96.16991185,99.74084706,104.3685932,111.0619134
2021-07-01,France,125.7,110.239559,123.1497265,118.1132712,102.0705713
2021-07-01,Germany,157.621865,136.5806673,144.9684142,144.4927298,108.7315928
2021-07-01,Greece,120.106346,106.1478024,130.1184981,121.0586315,92.31044502
2021-07-01,Hungary,211.4655926,124.3182039,159.1248228,169.1749609,132.9579747
2021-07-01,Iceland,180.3456767,,140.0993391,153.9194878,128.7393327
2021-07-01,India,131.9840431,,,101.8108213,
2021-07-01,Ireland,148.2854552,111.8814751,122.4156735,132.8950755,121.136392
2021-07-01,Israel,127.3912631,,117.984761,124.8183388,107.9795728
2021-07-01,Italy,103.8049403,93.41478024,102.3144748,99.2812958,101.4567034
2021-07-01,Japan,116.754,109.2069136,117.7042127,114.2215457,99.19250002
2021-07-01,"Korea, Republic of",118.3636871,97.60214583,111.7199045,109.0255081,105.9493685
2021-07-01,Latvia,164.3862705,106.7650792,154.6662047,143.0254012,106.2760219
2021-07-01,Lithuania,167.5721809,102.4663591,126.5172971,144.2760294,132.1118975
2021-07-01,Luxembourg,173.4213269,147.979517,161.1870006,158.017717,107.5933821
2021-07-01,Mexico,157.7036654,,136.2080729,117.9341026,115.7974672
2021-07-01,Netherlands,167.9876724,135.8782992,148.7435456,150.9161347,112.9420757
2021-07-01,New Zealand,185.9865788,138.9735196,158.4118921,168.0987827,117.4287004
2021-07-01,Norway,135.740441,113.4721618,122.276873,117.7187544,111.0140738
2021-07-01,Poland,149.3476592,105.6987083,119.2957355,129.8996843,125.1892654
2021-07-01,Portugal,171.2669084,142.313479,151.5485792,158.209086,113.0156754
2021-07-01,Romania,135.2047818,71.50667378,119.3960914,111.7244474,113.2413777
2021-07-01,Russian Federation,179.5495843,,157.0347097,131.5977101,114.3121741
2021-07-01,Saudi Arabia,85.71468057,,,74.74785802,
2021-07-01,Slovakia,156.7475856,117.5803545,151.4185599,138.4487026,103.5196395
2021-07-01,Slovenia,153.4585454,112.7043788,126.0366239,143.4233136,121.7453624
2021-07-01,South Africa,127.0936823,96.94588759,103.0778548,98.58547389,123.3020144
2021-07-01,Spain,133.0070589,117.087694,126.6815906,124.5805962,104.9911658
2021-07-01,Sweden,136.539935,114.2749062,127.1886805,123.9918757,107.3646227
2021-07-01,Switzerland,124.8313363,120.2584601,119.6487537,123.0164155,104.3312893
2021-07-01,Türkiye,239.3594607,,137.5027228,115.8419794,174.1405231
2021-07-01,United Kingdom,130.585,114.8426926,121.7842723,118.5677424,107.2374982
2021-07-01,United States,160.9958506,121.8575137,131.5636631,142.8332736,122.3763454
2021-10-01,Australia,143.5990372,120.7781849,141.5299903,131.6288051,101.4682599
2021-10-01,Austria,161.5163057,138.8127031,134.4565536,144.2641331,120.1520319
2021-10-01,Belgium,129.8200747,107.0916692,117.7852315,114.3942224,110.2200114
2021-10-01,Brazil,105.5224634,,,72.4847111,
2021-10-01,Bulgaria,155.098786,87.57361968,137.5399102,129.7073324,112.7674091
2021-10-01,Canada,168.1693062,143.6508679,152.8838479,151.4412097,110.0021663
2021-10-01,Chile,172.9156406,109.4294548,136.338843,140.2837118,126.872648
2021-10-01,China,151.1584911,,,133.6808218,
2021-10-01,Colombia,146.0441451,104.0146664,121.0332815,109.9289179,120.6787692
2021-10-01,Costa Rica,,,,,111.4900671
2021-10-01,Croatia,145.0728554,99.21929153,132.0523672,135.2067064,109.8602318
2021-10-01,Czech Republic,201.1118409,141.2415706,169.8410042,172.5256184,118.4142911
2021-10-01,Denmark,140.1059663,119.2980326,129.7109908,131.3994679,108.0185184
2021-10-01,Estonia,164.2569322,107.786592,118.5498365,135.6370782,138.5127419
2021-10-01,Finland,111.8783193,98.05578196,100.5885322,104.4030314,111.2196592
2021-10-01,France,128.0,109.9138516,125.3419139,119.4903459,102.1203671
2021-10-01,Germany,161.8646086,138.574674,148.3451277,146.8572235,109.1167171
2021-10-01,Greece,122.8090712,105.2937574,132.8503874,121.1164657,92.44672991
2021-10-01,Hungary,224.9579124,127.2072049,165.8406298,175.002377,135.7134669
2021-10-01,Iceland,187.8616803,,144.5055415,159.0857196,130.0155524
2021-10-01,India,134.9383699,,,101.8931496,
2021-10-01,Ireland,154.2699116,114.8452735,124.3937602,135.493522,124.0211461
2021-10-01,Israel,132.3428391,,122.1970071,129.0405446,108.3098006
2021-10-01,Italy,104.6246398,92.87825457,102.9705262,98.79813837,101.6063492
2021-10-01,Japan,118.203,109.3722453,119.1487678,115.4213211,99.20601809
2021-10-01,"Korea, Republic of",120.8653366,98.03022765,113.4604284,110.1600615,106.5289852
2021-10-01,Latvia,172.1498867,114.1770613,158.5127377,144.45717,108.5944801
2021-10-01,Lithuania,176.1037337,105.2170999,131.6866097,145.4751045,133.3880306
2021-10-01,Luxembourg,179.2424502,151.3650277,166.1270969,161.5918635,107.8980174
2021-10-01,Mexico,160.4426574,,137.4753703,118.0333084,116.722634
2021-10-01,Netherlands,176.0278507,139.4519136,154.8451339,155.1780519,113.6842522
2021-10-01,New Zealand,194.2405531,144.1562008,163.4665487,173.0219861,118.8478809
2021-10-01,Norway,137.4397045,114.6380832,123.1880069,118.1081927,111.57243
2021-10-01,Poland,155.190872,105.2733774,121.2445373,130.0890116,127.9963494
2021-10-01,Portugal,176.9979028,144.3945794,155.6777778,162.0991808,113.6995099
2021-10-01,Romania,137.8473632,71.04886904,120.4810591,108.5736233,114.4149801
2021-10-01,Russian Federation,192.7285746,,164.1415642,137.399493,117.3900475
2021-10-01,Saudi Arabia,86.24343214,,,74.51715983,
2021-10-01,Slovakia,162.946804,119.2262744,155.49289,140.3869372,104.7939749
2021-10-01,Slovenia,160.6135019,115.9595131,123.998987,144.7552851,129.515583
2021-10-01,South Africa,128.3546791,96.51392083,103.6679906,97.89419283,123.8165234
2021-10-01,Spain,136.2540014,118.6064784,129.4932874,124.8495444,105.2188581
2021-10-01,Sweden,139.5984171,115.1153322,129.4214926,125.1603931,107.8758081
2021-10-01,Switzerland,127.3298585,120.988474,121.6647416,124.7741181,104.6561254
2021-10-01,Türkiye,290.656649,,161.1513782,121.6181457,180.4291833
2021-10-01,United Kingdom,134.223,117.6320927,124.2646796,120.2362881,108.0248875
2021-10-01,United States,167.3262813,126.5222748,135.1334469,146.0336596,123.8283421
2022-01-01,Australia,145.9925311,121.4165071,143.0393261,131.8277719,102.070994
2022-01-01,Austria,166.8044627,138.8003149,138.6161679,145.6237695,120.3623059
2022-01-01,Belgium,132.0103563,107.0491331,119.1389079,112.5813231,110.8061398
2022-01-01,Brazil,105.7387846,,,71.01233052,
2022-01-01,Bulgaria,161.5002113,87.24783241,140.2647559,125.639793,115.1405965
2022-01-01,Canada,177.3095777,145.710514,158.679461,157.101275,111.7448685
2022-01-01,Chile,169.0914994,106.8398191,132.1732579,133.964188,127.9768778
2022-01-01,China,151.4675353,,,133.8276412,
2022-01-01,Colombia,149.0749622,,122.7992058,108.1125141,121.4117389
2022-01-01,Costa Rica,,,,,112.4546295
2022-01-01,Croatia,152.1871612,99.70194948,137.6272976,136.7887651,110.5793356
2022-01-01,Czech Republic,210.4641266,144.0283358,175.7697553,167.2283566,119.7410218
2022-01-01,Denmark,140.9981101,117.1194809,129.8357188,128.6327868,108.6019111
2022-01-01,Estonia,174.6126029,112.9713522,121.5563669,138.2962762,143.6034433
2022-01-01,Finland,112.6384752,96.82053497,101.0472752,103.5117104,111.4669845
2022-01-01,France,130.2,112.3734972,127.4885486,120.1446831,102.1265184
2022-01-01,Germany,164.7710846,138.2691492,150.3860449,146.457118,109.5686068
2022-01-01,Greece,125.6529123,105.28805,135.4961802,121.2009272,92.74050124
2022-01-01,Hungary,238.0674746,122.674402,171.6082839,176.9094536,138.7951936
2022-01-01,Iceland,197.9871806,,150.4175461,165.1620474,131.6376669
2022-01-01,India,134.4485932,,,99.30267785,
2022-01-01,Ireland,159.3758418,117.4354901,126.4378608,137.134452,126.0545302
2022-01-01,Israel,138.8932374,,127.6601483,132.589685,108.8061979
2022-01-01,Italy,106.1091893,92.96181694,104.1187952,97.80254093,101.9116106
2022-01-01,Japan,121.893,110.0846645,122.8323065,117.1101445,99.23508214
2022-01-01,"Korea, Republic of",121.2423298,96.17342586,113.233683,109.4393826,107.0752465
2022-01-01,Latvia,178.7223873,115.7165427,164.3179992,146.4736115,108.7574446
2022-01-01,Lithuania,183.1579132,104.9485779,128.2684478,143.7445322,142.4281263
2022-01-01,Luxembourg,184.2736072,153.7037741,169.8744814,163.2710515,108.4795967
2022-01-01,Mexico,163.1013432,,138.812607,116.7815662,117.5137671
2022-01-01,Netherlands,183.2980018,142.3484129,160.383156,161.1793823,114.2919021
2022-01-01,New Zealand,189.4573126,141.857529,157.8451802,166.1700721,120.0495337
2022-01-01,Norway,140.4744133,118.1900315,125.3012923,120.0509672,112.112693
2022-01-01,Poland,160.2260811,104.4336907,120.9170075,131.2889499,132.5071796
2022-01-01,Portugal,182.3766184,146.7220225,159.5045522,164.2015549,114.3439451
2022-01-01,Romania,139.2297835,70.84412165,120.4593728,106.6564279,115.5832104
2022-01-01,Russian Federation,209.0638617,,174.1328935,142.5134072,120.0333393
2022-01-01,Saudi Arabia,86.67018983,,,75.59444878,
2022-01-01,Slovakia,167.9004723,119.9810535,159.9288489,140.6603823,104.9847236
2022-01-01,Slovenia,167.0401714,118.8723174,123.9736966,150.1697162,134.7254015
2022-01-01,South Africa,129.2416769,95.83279177,103.7545526,97.07377384,124.5681467
2022-01-01,Spain,139.6193232,120.2208039,132.2300263,124.6229326,105.5861658
2022-01-01,Sweden,142.3464028,115.7108607,131.4012245,125.3429914,108.342052
2022-01-01,Switzerland,129.9377821,121.8570769,123.7541652,126.572728,104.9964846
2022-01-01,Türkiye,396.2249109,,207.4375174,128.8653737,191.0799044
2022-01-01,United Kingdom,139.053,120.3334796,127.5255072,122.1326509,109.0505572
2022-01-01,United States,174.7741219,133.3453297,139.1694764,149.7313136,125.589083
2022-04-01,Australia,144.0416001,119.9793301,140.0468256,127.9338157,102.8588891
2022-04-01,Austria,169.2704535,137.745951,139.1530432,144.1457717,121.6704659
2022-04-01,Belgium,133.8525267,106.8243447,119.4598169,111.9940967,112.0505948
2022-04-01,Brazil,105.9550994,,,68.7763701,
2022-04-01,Bulgaria,168.3256124,83.75886908,143.1786743,128.4321456,117.5643933
2022-04-01,Canada,182.5339367,150.3613775,161.2382272,158.6667771,113.2118053
2022-04-01,Chile,174.9181561,109.6453484,135.2116451,133.5888721,129.4118734
2022-04-01,China,151.56379,,,132.2969443,
2022-04-01,Colombia,151.6544193,,123.8390098,107.0688461,122.475474
2022-04-01,Costa Rica,,,,,113.0537643
2022-04-01,Croatia,156.9352905,98.74451761,140.6570444,135.8941174,111.573144
2022-04-01,Czech Republic,216.7696288,144.7020333,178.7533421,166.5843507,121.2699756
2022-04-01,Denmark,140.7205891,114.3729875,128.7140747,125.7004923,109.3326737
2022-04-01,Estonia,187.5876143,116.8771249,115.6980519,139.9234495,162.0858461
2022-04-01,Finland,112.7602161,96.74054985,100.8194812,101.4180043,111.8395828
2022-04-01,France,132.0,112.793183,128.9177865,119.6645579,102.3905346
2022-04-01,Germany,166.4016085,136.5368588,151.1882562,144.3387206,110.0657351
2022-04-01,Greece,130.0127533,107.816334,139.7495275,123.1260663,93.03782293
2022-04-01,Hungary,252.7977502,132.0458874,176.6495486,179.5455151,143.177008
2022-04-01,Iceland,210.341255,,157.9625121,173.5447764,133.1717276
2022-04-01,India,136.4594115,,,99.15503728,
2022-04-01,Ireland,163.1412744,119.4607895,126.1441472,140.2645981,129.3331488
2022-04-01,Israel,145.747007,,132.9404969,138.6153151,109.6403027
2022-04-01,Italy,107.0867616,92.5320784,104.6520094,97.36595229,102.3264758
2022-04-01,Japan,124.139,113.1935094,125.0708976,118.560876,99.25469301
2022-04-01,"Korea, Republic of",121.1769812,94.54885257,112.7046761,107.2495822,107.5198468
2022-04-01,Latvia,183.7097393,114.4783154,164.9345749,141.8567274,111.3744702
2022-04-01,Lithuania,192.8994051,107.2350462,128.510584,141.6749229,149.7207192
2022-04-01,Luxembourg,188.5895155,155.1093954,173.3401299,164.4664769,108.8006514
2022-04-01,Mexico,167.1472489,,141.3556033,116.8169577,118.2623013
2022-04-01,Netherlands,188.162584,143.4150521,163.5381902,160.9039318,115.0616417
2022-04-01,New Zealand,185.9200237,140.2736865,153.1109718,160.5492234,121.450773
2022-04-01,Norway,142.260227,117.7214125,126.23186,119.0711441,112.7009622
2022-04-01,Poland,163.3206388,102.8149277,116.578159,127.4632129,140.0933329
2022-04-01,Portugal,187.5769371,147.2077566,162.7647371,163.4545779,115.2487476
2022-04-01,Romania,143.5961289,72.189752,122.6497676,102.8564493,117.0790543
2022-04-01,Russian Federation,221.5187732,,,145.6912968,
2022-04-01,Saudi Arabia,87.15306565,,,74.66452135,
2022-04-01,Slovakia,175.9296902,122.9987543,163.5550296,141.7666661,107.5663015
2022-04-01,Slovenia,171.4963579,118.3317606,120.3180946,144.506846,142.5220519
2022-04-01,South Africa,130.1126747,94.94864077,103.6527681,96.23633235,125.5307955
2022-04-01,Spain,141.4043998,120.4160479,133.2368224,125.1412862,106.1280615
2022-04-01,Sweden,141.8654083,113.6575225,130.5855566,121.9133115,108.6504026
2022-04-01,Switzerland,132.3341768,122.754535,125.5791352,127.8211511,105.3789013
2022-04-01,Türkiye,529.8251676,,258.3893913,140.8906756,205.1249322
2022-04-01,United Kingdom,142.299,121.4267428,129.2213538,121.1326846,110.1316503
2022-04-01,United States,180.4780551,136.0571034,141.2043844,151.9499659,127.81887
2022-07-01,Australia,140.9384909,115.6585504,135.3139355,122.7194726,104.1631855
2022-07-01,Austria,173.7997672,139.0862303,141.0755493,144.0467821,123.2236765
2022-07-01,Belgium,134.8915029,105.9817983,118.7176268,110.0185329,113.6262894
2022-07-01,Brazil,106.1714963,,,68.62234791,
2022-07-01,Bulgaria,173.9441566,82.27550517,145.4167239,123.8653833,119.6187964
2022-07-01,Canada,176.9155354,145.8112013,154.503082,152.6792634,114.5104007
2022-07-01,Chile,178.5697109,110.6026246,135.6612523,131.4559177,131.6755994
2022-07-01,China,151.2893056,,,131.4781441,
2022-07-01,Colombia,153.8351399,,124.4717443,105.8912735,123.6050756
2022-07-01,Costa Rica,,,,,114.3080269
2022-07-01,Croatia,163.4979693,98.9341648,144.5988154,136.316418,113.0702027
2022-07-01,Czech Republic,218.7616321,142.5315068,177.8893901,162.66836,122.9787673
2022-07-01,Denmark,136.6160044,108.7073409,124.1588439,119.2533878,110.0378971
2022-07-01,Estonia,192.6679045,119.4967524,115.707937,139.1221242,166.4612693
2022-07-01,Finland,112.2732984,94.51127161,100.1019484,99.17006907,112.1548472
2022-07-01,France,133.8,111.8048752,130.2478485,119.3073452,102.7269218
2022-07-01,Germany,164.5285522,132.793234,148.7443858,140.4428762,110.6148335
2022-07-01,Greece,135.0978781,111.6631151,144.9947138,124.6679688,93.17948177
2022-07-01,Hungary,262.5482043,131.3468952,176.4857229,178.6740232,148.8374033
2022-07-01,Iceland,223.6752576,,165.0521011,176.8897255,135.5309534
2022-07-01,India,138.049887,,,99.00241635,
2022-07-01,Ireland,165.9056382,120.9621669,124.6082339,139.901454,133.1458121
2022-07-01,Israel,152.3403761,,136.9444521,143.6923702,111.2496003
2022-07-01,Italy,106.8101002,91.04285338,104.0582186,95.27710721,102.644513
2022-07-01,Japan,125.873,114.2063984,126.7698317,119.7419602,99.29233954
2022-07-01,"Korea, Republic of",119.619834,92.14628217,110.8504819,104.8625497,107.9135682
2022-07-01,Latvia,186.52582,115.0159951,166.9645547,138.1355956,111.7068614
2022-07-01,Lithuania,199.8868443,109.7918362,126.7706362,141.671469,157.2734651
2022-07-01,Luxembourg,192.5189765,155.8510573,175.9621385,166.1468859,109.4126108
2022-07-01,Mexico,172.5213543,,144.6645644,118.544613,119.2726358
2022-07-01,Netherlands,188.3667374,140.9677331,161.9752984,156.5826147,116.2979106
2022-07-01,New Zealand,179.4144953,133.7663666,146.0937291,152.3405406,122.8305462
2022-07-01,Norway,142.3323821,117.9352611,125.3069039,116.32713,113.5904517
2022-07-01,Poland,167.3863449,101.879347,114.6901606,126.3150462,145.9444067
2022-07-01,Portugal,193.7126065,149.4045306,166.6956066,164.8105925,116.2119602
2022-07-01,Romania,144.8237886,69.5657845,121.5685217,103.6908906,119.1302276
2022-07-01,Russian Federation,232.9068026,,,152.222606,
2022-07-01,Saudi Arabia,87.91239406,,,74.5760148,
2022-07-01,Slovakia,179.3043361,122.7147823,164.1984876,140.378616,109.2000009
2022-07-01,Slovenia,176.7830858,117.677715,121.8744936,147.3331858,145.0394008
2022-07-01,South Africa,131.2766718,94.31033475,103.8251393,94.14773379,126.4435312
2022-07-01,Spain,143.1775152,120.6008712,134.3216118,124.5724312,106.5909915
2022-07-01,Sweden,138.2336373,109.1793789,126.7746427,115.2707972,109.051417
2022-07-01,Switzerland,133.7826864,122.7686671,126.5506115,127.8670313,105.7145581
2022-07-01,Türkiye,676.1032387,,295.9050025,170.065335,228.5710662
2022-07-01,United Kingdom,145.214,121.671891,130.2511608,121.0606383,111.4991282
2022-07-01,United States,180.7071474,133.8987245,138.3272771,150.4068766,130.6430335
2022-10-01,Australia,139.6274732,116.015168,132.3662754,119.683814,105.4922832
2022-10-01,Austria,173.1853165,137.3604718,137.9049648,140.8794732,125.6110621
2022-10-01,Belgium,136.0196141,105.2400592,117.8041468,107.4996149,115.4650099
2022-10-01,Brazil,106.3879661,,,68.03691282,
2022-10-01,Bulgaria,175.9000197,78.00269169,144.6622054,122.4221172,121.5947284
2022-10-01,Canada,172.1794872,138.7310495,148.3079004,147.0391906,116.100271
2022-10-01,Chile,181.0443927,110.8442811,134.8420498,130.7559087,134.3114578
2022-10-01,China,151.2199496,,,131.3321684,
2022-10-01,Colombia,155.6024786,,124.6217136,104.3799237,124.8746607
2022-10-01,Costa Rica,,,,,116.0146291
2022-10-01,Croatia,170.1195789,99.120721,148.9662304,139.7444784,114.2002392
2022-10-01,Czech Republic,215.1046125,136.8667867,171.7981515,156.8618535,125.2103597
2022-10-01,Denmark,131.10367,102.1866073,118.2325643,112.9713792,110.8909498
2022-10-01,Estonia,192.1700107,116.8978206,118.4890227,135.167169,162.1341412
2022-10-01,Finland,109.3080103,90.95453706,97.05471032,94.66468655,112.6210231
2022-10-01,France,134.0,108.4156592,129.8788443,117.4447254,103.1727727
2022-10-01,Germany,156.0633842,122.8226907,140.4026228,130.7515896,111.1574246
2022-10-01,Greece,139.7494563,115.4784207,147.2988963,127.9879609,94.87997602
2022-10-01,Hungary,263.9665711,127.2668845,170.8222209,171.5088743,154.6027367
2022-10-01,Iceland,227.3884552,,164.5971017,178.131754,138.1617521
2022-10-01,India,138.7421083,,,98.67502761,
2022-10-01,Ireland,167.4862456,121.4154464,120.4105603,135.8686161,139.1001749
2022-10-01,Israel,154.4293794,,136.6349549,142.9561868,113.030588
2022-10-01,Italy,107.4939489,90.3992464,103.874068,91.52057165,103.4848276
2022-10-01,Japan,127.114,114.6339433,128.0032951,119.8937425,99.30504446
2022-10-01,"Korea, Republic of",115.2423553,88.15512191,106.5455463,100.1642414,108.1651278
2022-10-01,Latvia,187.0620534,110.2013551,175.618594,132.1108583,106.5075457
2022-10-01,Lithuania,204.2458375,108.7838832,124.7871217,139.5752679,163.2575822
2022-10-01,Luxembourg,189.0187868,150.4532159,171.8298689,161.046888,110.0067619
2022-10-01,Mexico,177.1213539,,147.352477,121.237795,120.2191364
2022-10-01,Netherlands,185.4586769,136.3315791,158.4519618,147.0246893,117.0485456
2022-10-01,New Zealand,173.2953483,127.6995832,139.72323,144.1811061,124.050557
2022-10-01,Norway,141.2329776,115.9036286,123.4227628,113.4843046,114.4337051
2022-10-01,Poland,169.7889351,100.0098169,112.1487211,121.7374015,151.393995
2022-10-01,Portugal,197.0138381,149.2794721,167.902803,164.5058707,117.3426471
2022-10-01,Romania,147.140299,67.56991996,120.4778749,102.4643026,122.1314571
2022-10-01,Russian Federation,238.5325626,,,152.5455221,
2022-10-01,Saudi Arabia,88.48735047,,,74.11692464,
2022-10-01,Slovakia,178.7507466,119.8204309,161.2163442,135.7095994,110.876574
2022-10-01,Slovenia,179.2703849,115.2878414,121.1705876,146.0434783,147.9344931
2022-10-01,South Africa,132.409669,93.67715599,104.0822655,93.68393028,127.2197518
2022-10-01,Spain,143.712342,119.7537267,134.1165932,125.1565307,107.1527025
2022-10-01,Sweden,134.5545516,104.7944122,122.7525945,110.7492954,109.6270393
2022-10-01,Switzerland,134.3573546,121.9947591,126.5914438,128.3743668,106.1344138
2022-10-01,Türkiye,804.7016829,,309.4652845,181.7382676,260.125853
2022-10-01,United Kingdom,146.29,118.2240777,129.5792335,119.3135816,112.9077671
2022-10-01,United States,181.4178014,132.7339634,135.7422665,149.4694064,133.6544912
2023-01-01,Australia,139.1893356,115.6471418,129.9807355,117.9176527,107.0912859
2023-01-01,Austria,169.7560859,131.9341101,132.7098116,135.0937955,127.9437403
2023-01-01,Belgium,137.7644494,103.0508906,117.2263858,108.1310045,117.5225544
2023-01-01,Brazil,106.6042922,,,67.35644657,
2023-01-01,Bulgaria,176.802151,74.7636576,140.3297254,120.4920984,125.9916634
2023-01-01,Canada,168.8914027,137.1932515,143.2817701,143.206494,117.877988
2023-01-01,Chile,182.7791626,110.8486192,133.1357651,131.6078457,137.3362786
2023-01-01,China,151.3803399,,,131.9105772,
2023-01-01,Colombia,163.7073932,,129.4262832,104.2831118,126.5019858
2023-01-01,Costa Rica,,,,,118.1160251
2023-01-01,Croatia,173.5391198,110.1992051,148.905052,140.4012018,116.5436191
2023-01-01,Czech Republic,212.2927495,133.0604155,166.5730608,147.9604283,127.4498775
2023-01-01,Denmark,129.8742805,102.7166783,116.2561453,110.863944,111.7186293
2023-01-01,Estonia,190.6532059,125.553997,118.0045109,129.7281958,161.5148587
2023-01-01,Finland,106.9100057,87.70060333,94.1938389,91.70539686,113.4958425
2023-01-01,France,133.7,106.6979984,128.5782774,114.9964053,103.9830432
2023-01-01,Germany,153.5795022,119.3889595,137.4410987,126.3244706,111.7453124
2023-01-01,Greece,144.5629991,116.3664444,149.9791186,132.639703,96.39406264
2023-01-01,Hungary,263.2718371,121.129102,166.1634783,154.8592666,158.5190421
2023-01-01,Iceland,229.4178264,,162.6427915,174.2720213,141.0697659
2023-01-01,India,140.5378207,,,99.08921953,
2023-01-01,Ireland,167.445795,118.6790719,115.4267225,134.5215728,145.0711279
2023-01-01,Israel,154.5261038,,134.5966694,140.835176,114.8141513
2023-01-01,Italy,107.1938664,89.49697635,103.091219,91.16774907,103.9795812
2023-01-01,Japan,127.661,114.5944969,128.5586419,119.0252193,99.301553
2023-01-01,"Korea, Republic of",111.5405415,83.59552204,103.0113735,96.42336558,108.282435
2023-01-01,Latvia,189.2739136,107.878058,174.1479523,133.4646579,108.676981
2023-01-01,Lithuania,207.3079514,104.8859062,124.4018843,139.8537263,166.2183302
2023-01-01,Luxembourg,181.0396431,136.4842635,164.0402504,153.6917567,110.366261
2023-01-01,Mexico,182.1481303,,150.2551423,123.7594508,121.2426709
2023-01-01,Netherlands,182.9919762,133.2210064,155.5054289,143.1280161,117.680086
2023-01-01,New Zealand,167.2312576,122.1308288,133.5307275,137.4839395,125.2612296
2023-01-01,Norway,140.3617803,111.7362661,121.1467474,111.6960848,115.8644535
2023-01-01,Poland,169.5350132,95.53272296,108.8753566,118.8575427,155.7124737
2023-01-01,Portugal,198.3364492,146.70948,167.0143378,165.4422645,118.75882
2023-01-01,Romania,145.6713783,64.00463178,116.5095841,96.18072084,125.0304459
2023-01-01,Russian Federation,244.5662344,,,154.5648286,
2023-01-01,Saudi Arabia,88.02344873,,,74.45807694,
2023-01-01,Slovakia,180.844635,117.3587444,160.7099968,132.848945,112.5288134
2023-01-01,Slovenia,181.7601264,115.5538287,119.4182365,146.8176545,152.1899848
2023-01-01,South Africa,132.5906685,,103.7829659,92.77313956,127.7610473
2023-01-01,Spain,144.6148717,117.7995976,134.2331883,123.1875145,107.7319762
2023-01-01,Sweden,132.4880969,101.862648,118.9554317,107.1169692,111.3890646
2023-01-01,Switzerland,134.5838564,120.8515855,126.3461727,127.261987,106.5197189
2023-01-01,Türkiye,958.3829072,,315.0823942,189.6279224,304.2814434
2023-01-01,United Kingdom,144.678,115.2341503,126.7154684,116.2093145,114.1872066
2023-01-01,United States,182.8391093,129.2091911,133.9420259,149.1111335,136.5120497
2023-04-01,Australia,142.6591663,117.9790338,129.9526243,119.3763258,109.7846923
2023-04-01,Austria,168.8463485,129.7287283,129.3485144,132.3802366,130.5650532
2023-04-01,Belgium,136.1707378,100.6749939,114.4749854,106.7005393,118.9549808
2023-04-01,Brazil,106.8206255,,,66.17456819,
2023-04-01,Bulgaria,186.3354695,76.77708755,146.1920149,121.7459738,127.4605596
2023-04-01,Canada,169.4570136,134.990899,141.5514868,142.3351738,119.718488
2023-04-01,Chile,188.4900851,113.5384519,134.2038111,133.573081,140.500216
2023-04-01,China,151.3786308,,,131.8511459,
2023-04-01,Colombia,163.6089042,,126.635155,103.397053,129.2123958
2023-04-01,Costa Rica,,,,,120.1046274
2023-04-01,Croatia,178.4752544,99.68973561,150.5965239,143.0513685,118.5123486
2023-04-01,Czech Republic,210.5499076,131.0801813,162.4311499,147.1325451,129.626789
2023-04-01,Denmark,129.9268179,102.7212374,115.6152728,112.0643131,112.3833456
2023-04-01,Estonia,196.656368,116.7067352,124.0069426,131.7791475,158.5364001
2023-04-01,Finland,106.4493678,86.50514582,93.39233694,90.64076607,113.9766639
2023-04-01,France,132.7,104.3430062,126.8305869,112.6362617,104.6274498
2023-04-01,Germany,149.8528243,116.2902529,133.4285908,121.5440709,112.3126592
2023-04-01,Greece,148.1669044,116.4047144,152.9082373,134.9564385,96.90456976
2023-04-01,Hungary,259.8683012,115.8049388,158.7151268,151.7880024,163.8127107
2023-04-01,Iceland,231.474971,,160.2397627,173.3273032,144.4692272
2023-04-01,Ireland,167.6572026,115.7758138,110.7614248,133.4639374,151.3724317
2023-04-01,Israel,153.2868411,,131.6424119,139.2786289,116.4493107
2023-04-01,Italy,107.8673285,89.31712391,103.0030472,91.73005483,104.7224161
2023-04-01,Japan,128.525,114.4977422,129.4469168,119.3138691,99.28759161
2023-04-01,"Korea, Republic of",110.5285541,80.99516227,102.159909,94.85827921,108.1943131
2023-04-01,Latvia,193.7824876,109.8676507,172.7695588,135.5303465,112.1534088
2023-04-01,Lithuania,210.9311643,102.0223033,125.358341,139.3919711,167.833027
2023-04-01,Luxembourg,176.7178024,130.3998152,159.3275104,148.7836777,110.9181457
2023-04-01,Mexico,186.4679154,,152.4071928,126.7299585,122.3654392
2023-04-01,Netherlands,,,,,118.4476837
2023-04-01,New Zealand,,,,,126.5690823
2023-04-01,Norway,141.9797904,112.179203,121.1466152,110.7872069,117.2002004
2023-04-01,Poland,174.8352924,94.9805026,111.0305867,121.6334311,157.4635577
2023-04-01,Portugal,203.9422777,147.9912583,169.3848545,169.0141629,120.4064593
2023-04-01,Romania,143.7635224,60.99641063,111.5830829,95.22504857,128.8408412
2023-04-01,Saudi Arabia,88.14929817,,,73.55962305,
2023-04-01,Slovakia,172.5943991,109.5847617,152.4488875,124.0084746,113.2148619
2023-04-01,Slovenia,184.1103518,114.2265127,115.6003265,144.9487689,159.2491994
2023-04-01,South Africa,132.7786681,,103.1192897,91.56676213,128.7656355
2023-04-01,Spain,146.5963123,119.3925358,135.341501,124.7104383,108.31376
2023-04-01,Sweden,132.1420068,100.5751592,117.0130405,105.4874009,112.9422944
2023-04-01,Switzerland,133.9987522,119.514115,125.3812276,126.7254815,106.872845
2023-04-01,Türkiye,1091.827313,,310.4113037,196.9948147,351.8657308
2023-04-01,United Kingdom,144.425,112.1396236,124.2697841,114.2497805,116.2308511
2023-04-01,United States,185.9201683,129.9156727,133.9360375,150.69522,138.8186483
2023-07-01,Australia,,,,,112.0786403
2023-07-01,Austria,,,,,133.6106436
2023-07-01,Belgium,,,,,120.3027657
2023-07-01,Brazil,107.0370127,,,65.9406578,
2023-07-01,Bulgaria,,,,,129.1429022
2023-07-01,Canada,178.2051282,141.7718179,146.3909494,148.0247433,121.7368557
2023-07-01,Chile,,,,,143.2738783
2023-07-01,China,151.0786627,,,131.2825673,
2023-07-01,Colombia,,,,,131.7404815
2023-07-01,Costa Rica,,,,,120.9257779
2023-07-01,Croatia,,,,,120.3485202
2023-07-01,Czech Republic,,,,,132.403985
2023-07-01,Denmark,,,,,113.0433879
2023-07-01,Estonia,,,,,158.5539662
2023-07-01,Finland,,,,,114.632267
2023-07-01,France,,,,,105.0436281
2023-07-01,Germany,,,,,112.8942035
2023-07-01,Greece,,,,,98.72363821
2023-07-01,Hungary,,,,,169.4851217
2023-07-01,Iceland,229.5753247,,155.6224697,169.5171723,147.5348123
2023-07-01,Ireland,168.2506823,114.0341679,106.8790523,132.1994387,157.4263209
2023-07-01,Israel,,,,,117.98994
2023-07-01,Italy,,,,,105.4732422
2023-07-01,Japan,,,,,99.35922266
2023-07-01,"Korea, Republic of",110.4777532,79.05453616,102.1875813,93.90119895,108.1152997
2023-07-01,Latvia,,,,,114.2264348
2023-07-01,Lithuania,,,,,169.0729253
2023-07-01,Luxembourg,,,,,111.259069
2023-07-01,Mexico,,,,,123.3588624
2023-07-01,Netherlands,,,,,118.6183149
2023-07-01,New Zealand,,,,,128.2254714
2023-07-01,Norway,140.5709281,115.0289516,118.7800667,109.0816549,118.3491261
2023-07-01,Poland,,,,,159.3890906
2023-07-01,Portugal,,,,,121.7947535
2023-07-01,Romania,,,,,131.99011
2023-07-01,Slovakia,,,,,114.451822
2023-07-01,Slovenia,,,,,164.2766399
2023-07-01,South Africa,,,,,129.9231714
2023-07-01,Spain,,,,,108.789847
2023-07-01,Sweden,,,,,113.8670059
2023-07-01,Switzerland,134.5736353,119.4153023,125.383555,126.9235303,107.3293599
2023-07-01,Türkiye,1293.979468,,300.667742,187.4650117,430.5276953
2023-07-01,United Kingdom,145.744,113.7213327,122.8279048,114.4885995,118.6692579
2023-07-01,United States,,,,,140.7439211
2023-10-01,Austria,,,,,136.3084497
2023-10-01,Belgium,,,,,121.6510011
2023-10-01,Bulgaria,,,,,130.5377031
2023-10-01,Canada,,,,,124.3412507
2023-10-01,Chile,,,,,144.6936616
2023-10-01,Colombia,,,,,133.4393553
2023-10-01,Costa Rica,,,,,121.3274244
2023-10-01,Croatia,,,,,121.9648674
2023-10-01,Czech Republic,,,,,134.3526409
2023-10-01,Denmark,,,,,113.5836802
2023-10-01,Estonia,,,,,161.4249079
2023-10-01,Finland,,,,,115.184692
2023-10-01,France,,,,,105.4359993
2023-10-01,Germany,,,,,113.3032249
2023-10-01,Greece,,,,,99.55592003
2023-10-01,Hungary,,,,,173.6144589
2023-10-01,Iceland,,,,,149.2015946
2023-10-01,Ireland,,,,,159.5377962
2023-10-01,Israel,,,,,119.0427863
2023-10-01,Italy,,,,,105.9246816
2023-10-01,Japan,,,,,99.40367114
2023-10-01,"Korea, Republic of",,,,,108.0628747
2023-10-01,Latvia,,,,,116.8186645
2023-10-01,Lithuania,,,,,169.9753663
2023-10-01,Luxembourg,,,,,111.6195157
2023-10-01,Mexico,,,,,124.2040996
2023-10-01,Netherlands,,,,,119.3539154
2023-10-01,Norway,,,,,119.3920987
2023-10-01,Poland,,,,,162.2517264
2023-10-01,Portugal,,,,,122.8388008
2023-10-01,Romania,,,,,134.3496047
2023-10-01,Slovakia,,,,,115.1114693
2023-10-01,Slovenia,,,,,168.3326904
2023-10-01,South Africa,,,,,130.5363381
2023-10-01,Spain,,,,,109.1883052
2023-10-01,Sweden,,,,,114.5093466
2023-10-01,Switzerland,,,,,107.5733668
2023-10-01,Türkiye,,,,,505.338751
2023-10-01,United Kingdom,,,,,119.6290724
2023-10-01,United States,,,,,142.097732
