country,date,Import_Merchandise_Price,Equity_index_USD
Argentina,2005-01-01,0.87668609492,57.17976041698
Argentina,2005-02-01,0.87502081599,63.70289252417
Argentina,2005-03-01,0.8835970025,62.35406018137
Argentina,2005-04-01,0.90299750208,58.18144683323
Argentina,2005-05-01,0.90482930891,61.27725083893
Argentina,2005-06-01,0.90241465445,61.98360542693
Argentina,2005-07-01,0.89700249792,61.55084617962
Argentina,2005-08-01,0.90099916736,65.00600861984
Argentina,2005-09-01,0.89725228976,69.80710655882
Argentina,2005-10-01,0.89616985845,69.00607036107
Argentina,2005-11-01,0.90241465445,68.58139581287
Argentina,2005-12-01,0.92164862614,65.22593265758
Argentina,2006-01-01,0.92039966694,71.07578795836
Argentina,2006-02-01,0.92589508743,72.90555052281
Argentina,2006-03-01,0.93139050791,76.5370167457
Argentina,2006-04-01,0.93438800999,80.13719867807
Argentina,2006-05-01,0.93022481266,74.7092219151
Argentina,2006-06-01,0.95054121565,68.47003740474
Argentina,2006-07-01,0.95620316403,71.60825803291
Argentina,2006-08-01,0.96436303081,70.70146237317
Argentina,2006-09-01,0.95961698585,70.1152254253
Argentina,2006-10-01,0.96752706078,72.17086740033
Argentina,2006-11-01,0.96278101582,80.86538116876
Argentina,2006-12-01,0.94979184013,86.1481432975
Argentina,2007-01-01,0.96736053289,87.80981312827
Argentina,2007-02-01,0.96378018318,90.89657008282
Argentina,2007-03-01,0.97152373022,86.94954684867
Argentina,2007-04-01,0.98517901749,92.98582269425
Argentina,2007-05-01,0.99392173189,92.55416720005
Argentina,2007-06-01,1.01590341382,94.08694913964
Argentina,2007-07-01,1.04338051624,95.64265799499
Argentina,2007-08-01,1.05520399667,87.50349209277
Argentina,2007-09-01,1.03880099917,89.08444177485
Argentina,2007-10-01,1.03646960866,96.93968507187
Argentina,2007-11-01,1.02056619484,96.35648830954
Argentina,2007-12-01,1.03288925895,93.19535634004
Argentina,2008-01-01,1.03755203997,87.11663986398
Argentina,2008-02-01,1.05203996669,88.48129792102
Argentina,2008-03-01,1.07768526228,90.02858033241
Argentina,2008-04-01,1.12689425479,91.19574938018
Argentina,2008-05-01,1.17618651124,92.36014365543
Argentina,2008-06-01,1.24146544546,89.7899167461
Argentina,2008-07-01,1.23896752706,82.93956656533
Argentina,2008-08-01,1.20807660283,75.51839313645
Argentina,2008-09-01,1.21240632806,70.08052091601
Argentina,2008-10-01,1.16178184846,50.29886992518
Argentina,2008-11-01,1.08834304746,42.42378812844
Argentina,2008-12-01,1.04462947544,45.01843939759
Argentina,2009-01-01,1.00291423813,47.43951845189
Argentina,2009-02-01,1.00982514571,45.8713161948
Argentina,2009-03-01,1.00224812656,44.7481377719
Argentina,2009-04-01,1.02181515404,51.97973932051
Argentina,2009-05-01,1.02298084929,63.91870024191
Argentina,2009-06-01,1.02522897585,68.17872784241
Argentina,2009-07-01,1.02939217319,68.99126618788
Argentina,2009-08-01,1.02914238135,75.81368839865
Argentina,2009-09-01,0.98143213988,82.47231888088
Argentina,2009-10-01,0.98001665279,93.05546748384
Argentina,2009-11-01,0.98909242298,95.2297145017
Argentina,2009-12-01,1.01090757702,94.84459103954
Argentina,2010-01-01,1.0,100.0
Argentina,2010-02-01,1.01831806828,97.1302991411
Argentina,2010-03-01,1.04654454621,100.45631304928
Argentina,2010-04-01,1.04629475437,103.92699611726
Argentina,2010-05-01,1.1114071607,94.55683544104
Argentina,2010-06-01,1.0821815154,96.39646719508
Argentina,2010-07-01,1.07485428809,98.61759087825
Argentina,2010-08-01,1.06494587843,101.98237883897
Argentina,2010-09-01,1.04746044963,106.40404487261
Argentina,2010-10-01,1.04163197336,118.14763036487
Argentina,2010-11-01,1.04329725229,138.73335534813
Argentina,2010-12-01,1.07252289759,146.28023742217
Argentina,2011-01-01,1.06977518734,153.50821475191
Argentina,2011-02-01,1.09159034138,150.09802292527
Argentina,2011-03-01,1.13513738551,143.30619484748
Argentina,2011-04-01,1.13105745212,145.80600425093
Argentina,2011-05-01,1.17943380516,142.62735568041
Argentina,2011-06-01,1.22064945878,138.45967874954
Argentina,2011-07-01,1.19342214821,143.49258977238
Argentina,2011-08-01,1.15836802664,127.11223498417
Argentina,2011-09-01,1.1190674438,114.61087736554
Argentina,2011-10-01,1.09017485429,113.1841741022
Argentina,2011-11-01,1.08193172356,111.52977549895
Argentina,2011-12-01,1.10591174022,106.19715487864
Argentina,2012-01-01,1.06353039134,119.71360369644
Argentina,2012-02-01,1.10491257286,117.92468738402
Argentina,2012-03-01,1.08967527061,115.22898772368
Argentina,2012-04-01,1.20024979184,103.08430523649
Argentina,2012-05-01,1.20591174022,96.18663898941
Argentina,2012-06-01,1.20224812656,95.94050069227
Argentina,2012-07-01,1.15528726062,102.68270002807
Argentina,2012-08-01,1.07835137386,103.73443484545
Argentina,2012-09-01,1.07177352206,104.75581352023
Argentina,2012-10-01,1.03189009159,102.967284576
Argentina,2012-11-01,1.06661115737,100.19937336144
Argentina,2012-12-01,1.09450457952,113.56676201502
Argentina,2013-01-01,1.12797668609,135.48767115059
Argentina,2013-02-01,1.14796003331,138.89030497704
Argentina,2013-03-01,1.16527893422,143.67426425495
Argentina,2013-04-01,1.21482098251,149.58334657583
Argentina,2013-05-01,1.23530391341,156.93695175452
Argentina,2013-06-01,1.2454621149,137.05102569694
Argentina,2013-07-01,1.17960033306,140.04333792081
Argentina,2013-08-01,1.20682764363,159.73712013825
Argentina,2013-09-01,1.09783513739,193.30075562024
Argentina,2013-10-01,1.12231473772,222.97121165938
Argentina,2013-11-01,1.1379683597,231.61660527181
Argentina,2013-12-01,1.18676103247,227.38678208714
Argentina,2014-01-01,1.15653621982,240.21768514258
Argentina,2014-02-01,1.15070774355,251.40087142391
Argentina,2014-03-01,1.20832639467,253.26320627811
Argentina,2014-04-01,1.19583680266,279.12784771756
Argentina,2014-05-01,1.16727726894,305.69224064985
Argentina,2014-06-01,1.22331390508,334.42269498947
Argentina,2014-07-01,1.20549542048,356.5872373397
Argentina,2014-08-01,1.15537052456,375.15025524782
Argentina,2014-09-01,1.13930058285,481.70112363024
Argentina,2014-10-01,1.14479600333,450.70747322299
Argentina,2014-11-01,1.13347210658,433.6606073025
Argentina,2014-12-01,1.12830974188,365.75175048048
Argentina,2015-01-01,1.05820149875,363.42509310301
Argentina,2015-02-01,1.0810990841,395.44172719051
Argentina,2015-03-01,1.08126561199,445.48105889076
Argentina,2015-04-01,1.06153205662,502.93012931006
Argentina,2015-05-01,1.08442964197,504.45853342696
Argentina,2015-06-01,1.07826810991,483.897843166
Argentina,2015-07-01,1.06802664446,498.18892074996
Argentina,2015-08-01,1.03180682764,468.4017858495
Argentina,2015-09-01,0.98509575354,445.06943648467
Argentina,2015-10-01,0.96694421316,475.84634899481
Argentina,2015-11-01,0.96094920899,564.73661791366
Argentina,2015-12-01,0.98351373855,522.38851955651
Argentina,2016-01-01,0.9443796836,453.78710201317
Argentina,2016-02-01,0.92414654455,506.21194306755
Argentina,2016-03-01,0.92239800167,553.06591176455
Argentina,2016-04-01,0.90574521232,561.49083214374
Argentina,2016-05-01,0.92048293089,555.74630508406
Argentina,2016-06-01,0.93363863447,575.77516606093
Argentina,2016-07-01,0.93363863447,658.42179144228
Argentina,2016-08-01,0.9303080766,662.59671620825
Argentina,2016-09-01,0.92173189009,689.94098302622
Argentina,2016-10-01,0.91223980017,752.23368767769
Argentina,2016-11-01,0.93730224813,716.68047593848
Argentina,2016-12-01,0.97535387177,712.43483526256
Argentina,2017-01-01,0.93463780183,799.30063710005
Argentina,2017-02-01,0.99000832639,831.56955110432
Argentina,2017-03-01,0.9823480433,831.57941255044
Argentina,2017-04-01,0.98975853455,888.82383178475
Argentina,2017-05-01,1.00607826811,919.93739607178
Argentina,2017-06-01,0.99442131557,920.65315626141
Argentina,2017-07-01,0.98168193172,927.42559572374
Argentina,2017-08-01,0.9809325562,958.14090182022
Argentina,2017-09-01,0.94929225645,1039.83809607708
Argentina,2017-10-01,0.93105745212,1156.31174425775
Argentina,2017-11-01,0.9456286428,1163.34047112862
Argentina,2017-12-01,0.98276436303,1185.86834860293
Argentina,2018-01-01,0.97368859284,1420.71672994722
Argentina,2018-02-01,1.00932556203,1380.61368449286
Argentina,2018-03-01,1.01681931724,1376.26904546724
Argentina,2018-04-01,1.00416319734,1332.19647119714
Argentina,2018-05-01,1.03580349709,1263.00307919692
Argentina,2018-06-01,1.04054954205,1251.50048344894
Argentina,2018-07-01,1.03222314738,1179.13221217546
Argentina,2018-08-01,1.03064113239,1151.60221104179
Argentina,2018-09-01,1.03022481266,1337.45049527653
Argentina,2018-10-01,1.00582847627,1263.01063064107
Argentina,2018-11-01,1.02098251457,1304.88868942784
Argentina,2018-12-01,0.99925062448,1302.85101086534
Argentina,2019-01-01,0.97693588676,1453.53539210208
Argentina,2019-02-01,0.99592006661,1561.33997584142
Argentina,2019-03-01,1.00424646128,1429.57304655997
Argentina,2019-04-01,0.98251457119,1335.73571237939
Argentina,2019-05-01,0.96619483764,1434.45399802471
Argentina,2019-06-01,0.98026644463,1649.75058717888
Argentina,2019-07-01,0.96228143214,1764.2335421448
Argentina,2019-08-01,0.93888426311,1371.02356987903
Argentina,2019-09-01,0.94787676936,1207.70748627689
Argentina,2019-10-01,0.89200666112,1367.78380735077
Argentina,2019-11-01,0.95012489592,1447.17584977909
Argentina,2019-12-01,0.9518734388,1584.45700349044
Argentina,2020-01-01,0.91315570358,1761.60166440699
Argentina,2020-02-01,0.967194005,1667.83916395483
Argentina,2020-03-01,0.98526228143,1242.40944974477
Argentina,2020-04-01,0.96086594505,1260.84249163163
Argentina,2020-05-01,0.92805995004,1631.05771591232
Argentina,2020-06-01,0.90341382182,1804.49364095501
Argentina,2020-07-01,0.89950041632,1939.64713900237
Argentina,2020-08-01,0.91973355537,2080.04681551874
Argentina,2020-09-01,0.92664446295,1854.7796484857
Argentina,2020-10-01,0.92472939217,2001.12609225723
Argentina,2020-11-01,0.92214820983,2178.44129150936
Argentina,2020-12-01,0.91182348043,2250.8894396346
Armenia,2005-01-01,0.84706803373,
Armenia,2005-02-01,0.84784816062,
Armenia,2005-03-01,0.85062861911,
Armenia,2005-04-01,0.84987711123,
Armenia,2005-05-01,0.85064224737,
Armenia,2005-06-01,0.8507397587,
Armenia,2005-07-01,0.84969957412,
Armenia,2005-08-01,0.84975722732,
Armenia,2005-09-01,0.85059820748,
Armenia,2005-10-01,0.85128952764,
Armenia,2005-11-01,0.84935490055,
Armenia,2005-12-01,0.85081069873,
Armenia,2006-01-01,0.8718008132,
Armenia,2006-02-01,0.87558159383,
Armenia,2006-03-01,0.87418205682,
Armenia,2006-04-01,0.8774264309,
Armenia,2006-05-01,0.87803299748,
Armenia,2006-06-01,0.87742211166,
Armenia,2006-07-01,0.88224863084,
Armenia,2006-08-01,0.88036023325,
Armenia,2006-09-01,0.87985987899,
Armenia,2006-10-01,0.88181530062,
Armenia,2006-11-01,0.88376932046,
Armenia,2006-12-01,0.88333172879,
Armenia,2007-01-01,0.92684920791,
Armenia,2007-02-01,0.92935588639,
Armenia,2007-03-01,0.9295086973,
Armenia,2007-04-01,0.92944868682,
Armenia,2007-05-01,0.92922094488,
Armenia,2007-06-01,0.93547795948,
Armenia,2007-07-01,0.93870765835,
Armenia,2007-08-01,0.94282559703,
Armenia,2007-09-01,0.95616776902,
Armenia,2007-10-01,0.96253044117,
Armenia,2007-11-01,0.96496851179,
Armenia,2007-12-01,0.97482713712,
Armenia,2008-01-01,1.04312174137,
Armenia,2008-02-01,1.07132746407,
Armenia,2008-03-01,1.07717416317,
Armenia,2008-04-01,1.06732030245,
Armenia,2008-05-01,1.07089571161,
Armenia,2008-06-01,1.0987494279,
Armenia,2008-07-01,1.10645719604,
Armenia,2008-08-01,1.09883118578,
Armenia,2008-09-01,1.08828324743,
Armenia,2008-10-01,1.06024481143,
Armenia,2008-11-01,1.04217852992,
Armenia,2008-12-01,1.02972653399,
Armenia,2009-01-01,0.98250353035,
Armenia,2009-02-01,0.97853526238,
Armenia,2009-03-01,0.96975103304,
Armenia,2009-04-01,0.96179436201,
Armenia,2009-05-01,0.96794924782,
Armenia,2009-06-01,0.96965603587,
Armenia,2009-07-01,0.96297599939,
Armenia,2009-08-01,0.96145171042,
Armenia,2009-09-01,0.95825464782,
Armenia,2009-10-01,0.96122914108,
Armenia,2009-11-01,0.96663609896,
Armenia,2009-12-01,0.96678490782,
Armenia,2010-01-01,1.0,
Armenia,2010-02-01,0.99931291984,
Armenia,2010-03-01,1.00256363284,
Armenia,2010-04-01,1.0099833955,
Armenia,2010-05-01,1.01163599404,
Armenia,2010-06-01,1.00415997578,
Armenia,2010-07-01,1.00766124963,
Armenia,2010-08-01,1.01687010074,
Armenia,2010-09-01,1.0259997518,
Armenia,2010-10-01,1.02990363093,
Armenia,2010-11-01,1.03408895631,
Armenia,2010-12-01,1.04583903224,
Armenia,2011-01-01,1.13136998043,
Armenia,2011-02-01,1.13633053768,
Armenia,2011-03-01,1.13706174547,
Armenia,2011-04-01,1.14459655014,
Armenia,2011-05-01,1.14468832152,
Armenia,2011-06-01,1.13975223394,
Armenia,2011-07-01,1.137610942,
Armenia,2011-08-01,1.14491659807,
Armenia,2011-09-01,1.14239018097,
Armenia,2011-10-01,1.1336861879,
Armenia,2011-11-01,1.13248028414,
Armenia,2011-12-01,1.12698550741,
Armenia,2012-01-01,1.11762595991,
Armenia,2012-02-01,1.12015154898,
Armenia,2012-03-01,1.11818212931,
Armenia,2012-04-01,1.11337266752,
Armenia,2012-05-01,1.10879326437,
Armenia,2012-06-01,1.10785945096,
Armenia,2012-07-01,1.12235362045,
Armenia,2012-08-01,1.12453907416,
Armenia,2012-09-01,1.12565693295,
Armenia,2012-10-01,1.12470714232,
Armenia,2012-11-01,1.12708282999,
Armenia,2012-12-01,1.12599594972,
Armenia,2013-01-01,1.11068564187,
Armenia,2013-02-01,1.10699938386,
Armenia,2013-03-01,1.10357087346,
Armenia,2013-04-01,1.09981293406,
Armenia,2013-05-01,1.1003876761,
Armenia,2013-06-01,1.09421728572,
Armenia,2013-07-01,1.08997264378,
Armenia,2013-08-01,1.08930451341,
Armenia,2013-09-01,1.08859294398,
Armenia,2013-10-01,1.09172881408,
Armenia,2013-11-01,1.08912621993,
Armenia,2013-12-01,1.08659423453,
Armenia,2014-01-01,1.08252130901,
Armenia,2014-02-01,1.08680944054,
Armenia,2014-03-01,1.09422348359,
Armenia,2014-04-01,1.09241699391,
Armenia,2014-05-01,1.09417541254,
Armenia,2014-06-01,1.08910827473,
Armenia,2014-07-01,1.08885022848,
Armenia,2014-08-01,1.09160620831,
Armenia,2014-09-01,1.08803098256,
Armenia,2014-10-01,1.08693043044,
Armenia,2014-11-01,1.08662953416,
Armenia,2014-12-01,1.08502669858,
Armenia,2015-01-01,1.07756651494,
Armenia,2015-02-01,1.07034543601,
Armenia,2015-03-01,1.06681744208,
Armenia,2015-04-01,1.06663832151,
Armenia,2015-05-01,1.06280255485,
Armenia,2015-06-01,1.06046141153,
Armenia,2015-07-01,1.05985277214,
Armenia,2015-08-01,1.05727481467,
Armenia,2015-09-01,1.05348068455,
Armenia,2015-10-01,1.05086392184,
Armenia,2015-11-01,1.04815087033,
Armenia,2015-12-01,1.04561366956,
Armenia,2016-01-01,1.05908796873,
Armenia,2016-02-01,,
Armenia,2016-03-01,,
Armenia,2016-04-01,,
Armenia,2016-05-01,,
Armenia,2016-06-01,,
Armenia,2016-07-01,,
Armenia,2016-08-01,,
Armenia,2016-09-01,,
Armenia,2016-10-01,,
Armenia,2016-11-01,,
Armenia,2016-12-01,,
Armenia,2017-01-01,,
Armenia,2017-02-01,,
Armenia,2017-03-01,,
Armenia,2017-04-01,,
Armenia,2017-05-01,,
Armenia,2017-06-01,,
Armenia,2017-07-01,,
Armenia,2017-08-01,,
Armenia,2017-09-01,,
Armenia,2017-10-01,,
Armenia,2017-11-01,,
Armenia,2017-12-01,,
Armenia,2018-01-01,,
Armenia,2018-02-01,,
Armenia,2018-03-01,,
Armenia,2018-04-01,,
Armenia,2018-05-01,,
Armenia,2018-06-01,,
Armenia,2018-07-01,,
Armenia,2018-08-01,,
Armenia,2018-09-01,,
Armenia,2018-10-01,,
Armenia,2018-11-01,,
Armenia,2018-12-01,,
Armenia,2019-01-01,,
Armenia,2019-02-01,,
Armenia,2019-03-01,,
Armenia,2019-04-01,,
Armenia,2019-05-01,,
Armenia,2019-06-01,,
Armenia,2019-07-01,,
Armenia,2019-08-01,,
Armenia,2019-09-01,,
Armenia,2019-10-01,,
Armenia,2019-11-01,,
Armenia,2019-12-01,,
Armenia,2020-01-01,,
Armenia,2020-02-01,,
Armenia,2020-03-01,,
Armenia,2020-04-01,,
Armenia,2020-05-01,,
Armenia,2020-06-01,,
Armenia,2020-07-01,,
Armenia,2020-08-01,,
Armenia,2020-09-01,,
Armenia,2020-10-01,,
Armenia,2020-11-01,,
Armenia,2020-12-01,,
Australia,2005-01-01,0.81538165229,69.97099759198
Australia,2005-02-01,0.81626049761,72.97343013132
Australia,2005-03-01,0.81754415134,74.10465369274
Australia,2005-04-01,0.8187395723,70.47996390731
Australia,2005-05-01,0.82120262369,68.71702610306
Australia,2005-06-01,0.82444026435,72.48386509062
Australia,2005-07-01,0.83338103119,72.31588831445
Australia,2005-08-01,0.83447144771,75.42018546462
Australia,2005-09-01,0.83264005082,77.45007720749
Australia,2005-10-01,0.82113935624,74.81380353662
Australia,2005-11-01,0.81852494576,75.11328668482
Australia,2005-12-01,0.81804933508,76.99977325747
Australia,2006-01-01,0.81918828327,80.96567654009
Australia,2006-02-01,0.82338345292,80.54202049448
Australia,2006-03-01,0.8301106031,80.77952753743
Australia,2006-04-01,0.84548912989,86.09690750561
Australia,2006-05-01,0.85269069405,88.37340089094
Australia,2006-06-01,0.85783469166,82.1506298066
Australia,2006-07-01,0.86139804804,84.57373084904
Australia,2006-08-01,0.86206921858,85.50243454222
Australia,2006-09-01,0.86032512858,85.45979565789
Australia,2006-10-01,0.85078639914,89.18539738499
Australia,2006-11-01,0.84824632226,93.99419031381
Australia,2006-12-01,0.84732551903,97.56726317646
Australia,2007-01-01,0.8431161532,99.5005557748
Australia,2007-02-01,0.84911477446,104.24663138369
Australia,2007-03-01,0.86041354656,104.437990386
Australia,2007-04-01,0.88996978418,114.3514871097
Australia,2007-05-01,0.90215087197,117.09201948257
Australia,2007-06-01,0.9099141246,120.17517484558
Australia,2007-07-01,0.90205606071,124.08481558527
Australia,2007-08-01,0.90938625404,112.57133152963
Australia,2007-09-01,0.92070122322,121.20742893608
Australia,2007-10-01,0.94144601163,135.72262468343
Australia,2007-11-01,0.95664675001,132.4587746147
Australia,2007-12-01,0.97174848171,127.64268693267
Australia,2008-01-01,0.98471633096,117.70665413604
Australia,2008-02-01,1.00114620617,117.50450571595
Australia,2008-03-01,1.01900323156,111.29742642388
Australia,2008-04-01,1.05160957705,117.24160126226
Australia,2008-05-01,1.06232927532,125.21913858011
Australia,2008-06-01,1.06448449631,118.1296403857
Australia,2008-07-01,1.06846177853,109.50257840898
Australia,2008-08-01,1.04569814106,99.84325896119
Australia,2008-09-01,1.00658012242,91.26165311801
Australia,2008-10-01,0.90938929339,64.93188375095
Australia,2008-11-01,0.8688513343,55.51218559999
Australia,2008-12-01,0.84324781594,53.27903959508
Australia,2009-01-01,0.83897863809,53.90068570492
Australia,2009-02-01,0.83844407636,49.54248313223
Australia,2009-03-01,0.84804403054,50.22871435129
Australia,2009-04-01,0.88149687469,59.01055458721
Australia,2009-05-01,0.90107708012,65.63493150491
Australia,2009-06-01,0.9205030209,71.03805784059
Australia,2009-07-01,0.94181555967,71.9472402866
Australia,2009-08-01,0.95940232415,82.43156079414
Australia,2009-09-01,0.97530417699,89.41458452694
Australia,2009-10-01,0.99404873574,96.95222448797
Australia,2009-11-01,1.00318505214,97.16607572928
Australia,2009-12-01,1.00724074372,96.0407805632
Australia,2010-01-01,1.0,100.0
Australia,2010-02-01,0.99855629985,92.23358364053
Australia,2010-03-01,0.99669383277,99.37471301706
Australia,2010-04-01,0.9878408764,103.2945659365
Australia,2010-05-01,0.99006966724,88.52134180646
Australia,2010-06-01,0.99680848291,85.87042089912
Australia,2010-07-01,1.01114594164,87.22144460861
Australia,2010-08-01,1.02458834334,91.07597111096
Australia,2010-09-01,1.04022430623,98.19652258527
Australia,2010-10-01,1.06396236773,104.40025445056
Australia,2010-11-01,1.07955404991,105.9068015272
Australia,2010-12-01,1.09290789021,108.14577006683
Australia,2011-01-01,1.09516962028,109.08399293884
Australia,2011-02-01,1.11068847806,112.77319454989
Australia,2011-03-01,1.13061019521,109.48609149251
Australia,2011-04-01,1.17387285917,118.41590868334
Australia,2011-05-01,1.18839672948,115.02828727625
Australia,2011-06-01,1.19311989358,110.06709382805
Australia,2011-07-01,1.17469788433,111.91287019973
Australia,2011-08-01,1.16982798637,101.41664222637
Australia,2011-09-01,1.16516573256,95.57508704102
Australia,2011-10-01,1.153821126,97.04732264118
Australia,2011-11-01,1.15474165816,96.94218099444
Australia,2011-12-01,1.16103733214,96.41443909446
Australia,2012-01-01,1.18865040853,99.8019815333
Australia,2012-02-01,1.19373967074,104.85249071722
Australia,2012-03-01,1.19224737933,103.17711373799
Australia,2012-04-01,1.17099231187,102.8633475301
Australia,2012-05-01,1.16622283007,95.75316907665
Australia,2012-06-01,1.1647577115,92.53942636597
Australia,2012-07-01,1.17135742101,97.03793789186
Australia,2012-08-01,1.17293068022,102.35307640576
Australia,2012-09-01,1.174237954,102.61437031896
Australia,2012-10-01,1.17540008254,104.63278731158
Australia,2012-11-01,1.1760847553,104.30186611074
Australia,2012-12-01,1.17641281249,108.37628519401
Australia,2013-01-01,1.18481560606,113.30276533299
Australia,2013-02-01,1.17810691812,116.4767751062
Australia,2013-03-01,1.16471810063,117.74133041529
Australia,2013-04-01,1.12949777127,116.6445489227
Australia,2013-05-01,1.11411223144,113.59934708605
Australia,2013-06-01,1.10341009881,101.09080868854
Australia,2013-07-01,1.1000771905,101.63463203107
Australia,2013-08-01,1.09672750942,103.56539131822
Australia,2013-09-01,1.09604687271,109.28739836529
Australia,2013-10-01,1.10253326912,113.25945735749
Australia,2013-11-01,1.10381722955,112.48733129874
Australia,2013-12-01,1.10439674275,105.34428444135
Australia,2014-01-01,1.10172575701,105.53501304142
Australia,2014-02-01,1.10280591458,107.61922569076
Australia,2014-03-01,1.10509116373,110.25847001101
Australia,2014-04-01,1.1144988292,114.14368439675
Australia,2014-05-01,1.11475626796,114.26864604008
Australia,2014-06-01,1.11178080475,114.36945552509
Australia,2014-07-01,1.10951671244,116.604215078
Australia,2014-08-01,1.09711724062,116.66132622373
Australia,2014-09-01,1.07852666216,111.7659612073
Australia,2014-10-01,1.04684971058,105.16444659074
Australia,2014-11-01,1.02104836872,105.27380826572
Australia,2014-12-01,0.99422737008,98.09485357066
Australia,2015-01-01,0.95217941963,97.99276357007
Australia,2015-02-01,0.93397457873,101.82047479334
Australia,2015-03-01,0.92540555233,101.95489660245
Australia,2015-04-01,0.94750432508,102.44232952024
Australia,2015-05-01,0.94243293921,101.24625500429
Australia,2015-06-01,0.93122337935,96.65102612966
Australia,2015-07-01,0.89903747497,92.90724222585
Australia,2015-08-01,0.88668019505,88.10290743006
Australia,2015-09-01,0.87931336906,81.06869921209
Australia,2015-10-01,0.88612243462,85.51729730637
Australia,2015-11-01,0.88184743825,84.25090427587
Australia,2015-12-01,0.87567381758,84.6758374021
Australia,2016-01-01,0.85863198729,79.64178922416
Australia,2016-02-01,0.85538830701,79.76614065111
Australia,2016-03-01,0.85697319143,87.33221438077
Australia,2016-04-01,0.87177800308,89.10832960098
Australia,2016-05-01,0.87672649497,88.9526539948
Australia,2016-06-01,0.88021002965,88.81663184228
Australia,2016-07-01,0.88243889868,92.86823776882
Australia,2016-08-01,0.88283480027,96.32397013321
Australia,2016-09-01,0.88160802597,93.24093343883
Australia,2016-10-01,0.87224887924,94.55749298296
Australia,2016-11-01,0.8726590256,91.76672275515
Australia,2016-12-01,0.8763287685,92.86748014201
Australia,2017-01-01,0.89209121646,96.8161359059
Australia,2017-02-01,0.89565532106,99.71614859581
Australia,2017-03-01,0.89585419082,99.81990131162
Australia,2017-04-01,0.88229290507,100.24792238213
Australia,2017-05-01,0.88355749564,97.88868317948
Australia,2017-06-01,0.88925304188,98.27254503022
Australia,2017-07-01,0.9102950988,101.57455124193
Australia,2017-08-01,0.91666589008,103.18113304
Australia,2017-09-01,0.91928097075,103.34621468567
Australia,2017-10-01,0.90670011873,103.23412643828
Australia,2017-11-01,0.91038394473,103.94764720109
Australia,2017-12-01,0.91889222668,105.16065758385
Australia,2018-01-01,0.94557055478,110.65714365858
Australia,2018-02-01,0.95371855595,107.18089510804
Australia,2018-03-01,0.9566818204,105.17939331847
Australia,2018-04-01,0.94878905378,102.91373734449
Australia,2018-05-01,0.94563631555,104.59656574813
Australia,2018-06-01,0.94155231135,104.72549572352
Australia,2018-07-01,0.9349419347,105.57799706141
Australia,2018-08-01,0.93019172843,105.28948046208
Australia,2018-09-01,0.92570658607,102.13023058349
Australia,2018-10-01,0.92156750776,96.65589701039
Australia,2018-11-01,0.91755174308,95.6997696073
Australia,2018-12-01,0.91374029218,91.87034930168
Australia,2019-01-01,0.90997872574,94.32013205924
Australia,2019-02-01,0.90669172438,98.8663469558
Australia,2019-03-01,0.9037248588,99.95739737286
Australia,2019-04-01,0.90268158246,101.81443568085
Australia,2019-05-01,0.89915239831,101.01672389061
Australia,2019-06-01,0.89474075983,103.64424218376
Australia,2019-07-01,0.88522747433,106.99993760495
Australia,2019-08-01,0.8822153217,100.94994890969
Australia,2019-09-01,0.88148510924,103.79680612994
Australia,2019-10-01,0.89313967248,103.41995414306
Australia,2019-11-01,0.88939621374,105.42857595205
Australia,2019-12-01,0.88035756855,106.46122522503
Australia,2020-01-01,0.85540413061,109.24044221022
Australia,2020-02-01,0.84373981722,106.17453371947
Australia,2020-03-01,0.83474502211,77.34080744203
Australia,2020-04-01,0.82276192578,76.20282445708
Australia,2020-05-01,0.82334953181,82.05636969139
Australia,2020-06-01,0.83085002072,93.67015242406
Australia,2020-07-01,0.85943447912,96.93246651289
Australia,2020-08-01,0.87013241885,101.14628063046
Australia,2020-09-01,0.87711492651,99.4355896488
Australia,2020-10-01,0.86912367426,101.03078910935
Australia,2020-11-01,0.87711906368,108.2117290315
Australia,2020-12-01,0.88984276691,116.84063684354
Austria,2005-01-01,0.86234693229,86.63391340204
Austria,2005-02-01,0.899652396,91.21380389288
Austria,2005-03-01,0.92870609637,95.43833187125
Austria,2005-04-01,0.94843232027,92.48558642695
Austria,2005-05-01,0.9499354745,89.97083041625
Austria,2005-06-01,0.93905405085,96.21593260245
Austria,2005-07-01,0.92491154739,99.86203184277
Austria,2005-08-01,0.91447314239,106.40652632572
Austria,2005-09-01,0.89040051946,111.49939661801
Austria,2005-10-01,0.830123306,106.17210068613
Austria,2005-11-01,0.80552256754,107.71807144807
Austria,2005-12-01,0.7886323428,114.82548705517
Austria,2006-01-01,0.89585356781,125.08270088451
Austria,2006-02-01,0.93143072963,130.28593317137
Austria,2006-03-01,0.95725450592,130.71989640627
Austria,2006-04-01,0.98263776616,138.51131836066
Austria,2006-05-01,0.98589847093,138.02466007211
Austria,2006-06-01,0.9697235256,121.66099733141
Austria,2006-07-01,0.96032242277,126.52695591805
Austria,2006-08-01,0.94702101116,128.53761742302
Austria,2006-09-01,0.91675001809,128.14320101209
Austria,2006-10-01,0.85384406993,134.76838623496
Austria,2006-11-01,0.83128374834,142.63367031839
Austria,2006-12-01,0.81376537763,154.7225951548
Austria,2007-01-01,0.94499593743,155.10621250109
Austria,2007-02-01,0.98658852086,160.11958078217
Austria,2007-03-01,1.01502894419,160.33847246181
Austria,2007-04-01,1.03957221426,171.94615131156
Austria,2007-05-01,1.04344146659,173.62872440516
Austria,2007-06-01,1.03072285847,175.77139260501
Austria,2007-07-01,1.0191694408,178.80953173743
Austria,2007-08-01,1.00494381833,165.31365163219
Austria,2007-09-01,0.98574556758,169.90073003648
Austria,2007-10-01,0.92675855775,183.09845251889
Austria,2007-11-01,0.90832913567,175.92012979791
Austria,2007-12-01,0.88711069338,174.89893886336
Austria,2008-01-01,1.05182885445,159.89480952362
Austria,2008-02-01,1.10495536758,154.73475764421
Austria,2008-03-01,1.14472906386,154.78461033154
Austria,2008-04-01,1.17114994328,169.65752792751
Austria,2008-05-01,1.18421800585,183.34087983278
Austria,2008-06-01,1.18393325157,174.47395950093
Austria,2008-07-01,1.17203118411,155.04738005498
Austria,2008-08-01,1.14373916836,143.71897518535
Austria,2008-09-01,1.10079270802,124.19328370906
Austria,2008-10-01,1.00643899517,77.70221058281
Austria,2008-11-01,0.96174825154,63.48407252125
Austria,2008-12-01,0.92996766922,62.64140362884
Austria,2009-01-01,0.915126766,61.23706972335
Austria,2009-02-01,0.90614436798,55.0609140445
Austria,2009-03-01,0.90704999294,54.71611600201
Austria,2009-04-01,0.92780293742,64.75510340084
Austria,2009-05-01,0.94101513595,74.85948903811
Austria,2009-06-01,0.95664588506,78.80180378293
Austria,2009-07-01,0.98080741638,80.02664149829
Austria,2009-08-01,0.99669109294,92.39625473726
Austria,2009-09-01,1.01040914637,99.61663176148
Austria,2009-10-01,1.03109467403,105.05292293269
Austria,2009-11-01,1.03363165815,103.44599733088
Austria,2009-12-01,1.02715319612,98.06002935029
Austria,2010-01-01,1.0,100.0
Austria,2010-02-01,0.98423511158,91.71182178365
Austria,2010-03-01,0.96819924293,93.12143819966
Austria,2010-04-01,0.9406101354,98.44554505893
Austria,2010-05-01,0.9324940003,82.7749826746
Austria,2010-06-01,0.93256857897,77.59599952117
Austria,2010-07-01,0.94607124182,81.32379892656
Austria,2010-08-01,0.95859922022,85.47206463339
Austria,2010-09-01,0.97538988456,88.32115164666
Austria,2010-10-01,1.00983169695,99.54163985985
Austria,2010-11-01,1.02510638664,98.71241778131
Austria,2010-12-01,1.03460241572,101.00120652881
Austria,2011-01-01,1.02237279952,103.90676991998
Austria,2011-02-01,1.03227174589,108.38465033702
Austria,2011-03-01,1.04835227017,106.86197105911
Austria,2011-04-01,1.0924705471,111.60532400845
Austria,2011-05-01,1.10452209611,107.71827663397
Austria,2011-06-01,1.10636309194,105.28187454327
Austria,2011-07-01,1.08730844939,103.38323653009
Austria,2011-08-01,1.07674215278,85.61661999829
Austria,2011-09-01,1.06397911692,75.22686912257
Austria,2011-10-01,1.04149442335,72.66237997841
Austria,2011-11-01,1.02998159778,67.07642599211
Austria,2011-12-01,1.02191572178,65.13719643938
Austria,2012-01-01,1.0234541752,69.06599216889
Austria,2012-02-01,1.01766416345,78.42276837327
Austria,2012-03-01,1.01070306637,77.75073055431
Austria,2012-04-01,1.00068482352,73.59138000905
Austria,2012-05-01,0.99279610114,68.23758195099
Austria,2012-06-01,0.98515083878,64.30755086469
Austria,2012-07-01,0.97018866277,65.17018760896
Austria,2012-08-01,0.96870060071,68.24945067415
Austria,2012-09-01,0.97312627891,73.5265491002
Austria,2012-10-01,0.99372253495,75.53440835186
Austria,2012-11-01,1.00228306553,76.5327010467
Austria,2012-12-01,1.00906470823,83.47072852408
Austria,2013-01-01,1.01704413197,88.22378402509
Austria,2013-02-01,1.01803549717,86.60024519726
Austria,2013-03-01,1.01501547277,85.99047966283
Austria,2013-04-01,0.99778822773,83.72764595784
Austria,2013-05-01,0.99439229742,85.57435016859
Austria,2013-06-01,0.99463185079,82.90397059054
Austria,2013-07-01,1.00178639879,80.80495819601
Austria,2013-08-01,1.00683728634,88.30252969922
Austria,2013-09-01,1.01306402436,90.19571688667
Austria,2013-10-01,1.02471578303,93.35107457463
Austria,2013-11-01,1.03010734438,95.87560527062
Austria,2013-12-01,1.03348787859,92.84617731189
Austria,2014-01-01,1.03355169912,97.21607889824
Austria,2014-02-01,1.03388944393,96.46815624617
Austria,2014-03-01,1.03319542649,92.39541660758
Austria,2014-04-01,1.03498747016,93.4622276477
Austria,2014-05-01,1.02959156069,91.24782289788
Austria,2014-06-01,1.02052552144,92.93520018896
Austria,2014-07-01,1.0062774832,87.3838055603
Austria,2014-08-01,0.9910050863,81.69973882097
Austria,2014-09-01,0.97319646153,79.42171340325
Austria,2014-10-01,0.95551015787,72.80258735118
Austria,2014-11-01,0.93063516563,74.95082430401
Austria,2014-12-01,0.90123003381,72.53023987874
Austria,2015-01-01,0.84713895765,67.86735250429
Austria,2015-02-01,0.82379040019,72.55935006799
Austria,2015-03-01,0.81102855669,73.06327651841
Austria,2015-04-01,0.8226867693,75.94975349065
Austria,2015-05-01,0.8207233471,78.77955937505
Austria,2015-06-01,0.81897163223,75.50494175507
Austria,2015-07-01,0.82030940532,73.23013560745
Austria,2015-08-01,0.81682276966,72.52446796044
Austria,2015-09-01,0.81138950587,68.22883776119
Austria,2015-10-01,0.80302609462,71.50086967928
Austria,2015-11-01,0.79443721407,70.90097787688
Austria,2015-12-01,0.78463934489,70.18636774401
Austria,2016-01-01,0.76325132556,63.52500922745
Austria,2016-02-01,0.75882135026,62.67246902177
Austria,2016-03-01,0.76096825746,67.75052321937
Austria,2016-04-01,0.78308828887,70.00727086274
Austria,2016-05-01,0.78834177982,67.96138095633
Austria,2016-06-01,0.79012497201,65.44604038194
Austria,2016-07-01,0.78607363716,64.46903824728
Austria,2016-08-01,0.78268940304,68.22619183048
Austria,2016-09-01,0.77760804138,71.69804644022
Austria,2016-10-01,0.76420969647,72.4252662736
Austria,2016-11-01,0.76069897148,71.8828334257
Austria,2016-12-01,0.76045601072,73.88337024127
Austria,2017-01-01,0.76631248217,76.81757740165
Austria,2017-02-01,0.77048129884,79.18857764033
Austria,2017-03-01,0.77579412874,81.13000429509
Austria,2017-04-01,0.779409256,83.66634352192
Austria,2017-05-01,0.78914139923,92.65293661068
Austria,2017-06-01,0.80214884257,94.76214476348
Austria,2017-07-01,0.82780261852,98.79804338406
Austria,2017-08-01,0.84033238771,102.30372303094
Austria,2017-09-01,0.84910918263,104.98303667406
Austria,2017-10-01,0.84507965914,106.52861077445
Austria,2017-11-01,0.85314051363,106.10293141489
Austria,2017-12-01,0.86423840196,107.50866895555
Austria,2018-01-01,0.89153365746,119.05884857025
Austria,2018-02-01,0.89883536347,114.13643697295
Austria,2018-03-01,0.89930385331,114.41905313429
Austria,2018-04-01,0.88351649584,113.68059521962
Austria,2018-05-01,0.87738552672,110.25179643708
Austria,2018-06-01,0.87148831478,103.85300825724
Austria,2018-07-01,0.86591102306,104.0905009889
Austria,2018-08-01,0.86041670325,103.70302765562
Austria,2018-09-01,0.85509151836,104.4932496451
Austria,2018-10-01,0.84915354305,100.23441903986
Austria,2018-11-01,0.84475307202,95.23465410345
Austria,2018-12-01,0.84110817991,88.21375002083
Austria,2019-01-01,0.83898568249,89.80809908249
Austria,2019-02-01,0.83627683643,92.08295872522
Austria,2019-03-01,0.83374845749,92.10501543025
Austria,2019-04-01,0.8332551835,96.6593262663
Austria,2019-05-01,0.8296967604,91.1530547798
Austria,2019-06-01,0.82492782604,89.51291396083
Austria,2019-07-01,0.81475690635,90.6526191289
Austria,2019-08-01,0.810710555,86.74254118673
Austria,2019-09-01,0.80859729793,88.77170315931
Austria,2019-10-01,0.81245886643,90.56106961308
Austria,2019-11-01,0.81118049946,95.05541546331
Austria,2019-12-01,0.80880392831,94.65174150276
Austria,2020-01-01,0.80596659048,94.74280889427
Austria,2020-02-01,0.80091553283,91.0394991425
Austria,2020-03-01,0.79428819288,64.5332372534
Austria,2020-04-01,0.77243107168,61.09745040245
Austria,2020-05-01,0.77289129129,64.0235442943
Austria,2020-06-01,0.78201535279,70.53449443258
Austria,2020-07-01,0.81595848421,70.23096772378
Austria,2020-08-01,0.83029380846,70.91478666773
Austria,2020-09-01,0.84117655358,69.45321838965
Austria,2020-10-01,0.84226207494,68.35206186239
Austria,2020-11-01,0.85099814525,76.69264267583
Austria,2020-12-01,0.86104011987,87.83106081278
Azerbaijan,2005-01-01,0.8498609642,
Azerbaijan,2005-02-01,0.85280046843,
Azerbaijan,2005-03-01,0.85427087548,
Azerbaijan,2005-04-01,0.85255284002,
Azerbaijan,2005-05-01,0.8531174486,
Azerbaijan,2005-06-01,0.85302697645,
Azerbaijan,2005-07-01,0.85100179573,
Azerbaijan,2005-08-01,0.85259920909,
Azerbaijan,2005-09-01,0.85612956321,
Azerbaijan,2005-10-01,0.85906578794,
Azerbaijan,2005-11-01,0.85760243671,
Azerbaijan,2005-12-01,0.860997868,
Azerbaijan,2006-01-01,0.88313220676,
Azerbaijan,2006-02-01,0.8898309801,
Azerbaijan,2006-03-01,0.88735017948,
Azerbaijan,2006-04-01,0.88907977314,
Azerbaijan,2006-05-01,0.88892451188,
Azerbaijan,2006-06-01,0.88787648928,
Azerbaijan,2006-07-01,0.89254262102,
Azerbaijan,2006-08-01,0.88689792228,
Azerbaijan,2006-09-01,0.88677128024,
Azerbaijan,2006-10-01,0.88963052036,
Azerbaijan,2006-11-01,0.88893431594,
Azerbaijan,2006-12-01,0.88717053413,
Azerbaijan,2007-01-01,0.92976943501,
Azerbaijan,2007-02-01,0.93107647271,
Azerbaijan,2007-03-01,0.93108794969,
Azerbaijan,2007-04-01,0.93055547156,
Azerbaijan,2007-05-01,0.93017333806,
Azerbaijan,2007-06-01,0.93717696545,
Azerbaijan,2007-07-01,0.94142858076,
Azerbaijan,2007-08-01,0.94575877077,
Azerbaijan,2007-09-01,0.96300572528,
Azerbaijan,2007-10-01,0.96882174287,
Azerbaijan,2007-11-01,0.96678117085,
Azerbaijan,2007-12-01,0.97839874492,
Azerbaijan,2008-01-01,1.04703442529,
Azerbaijan,2008-02-01,1.07290508384,
Azerbaijan,2008-03-01,1.08310034244,
Azerbaijan,2008-04-01,1.06592500412,
Azerbaijan,2008-05-01,1.06297227046,
Azerbaijan,2008-06-01,1.08885546236,
Azerbaijan,2008-07-01,1.09012240731,
Azerbaijan,2008-08-01,1.0922602119,
Azerbaijan,2008-09-01,1.08104920061,
Azerbaijan,2008-10-01,1.06167364837,
Azerbaijan,2008-11-01,1.04948833384,
Azerbaijan,2008-12-01,1.03571030862,
Azerbaijan,2009-01-01,0.98860888429,
Azerbaijan,2009-02-01,0.98629095853,
Azerbaijan,2009-03-01,0.97830016855,
Azerbaijan,2009-04-01,0.96732854788,
Azerbaijan,2009-05-01,0.97511005862,
Azerbaijan,2009-06-01,0.97482605438,
Azerbaijan,2009-07-01,0.96803594514,
Azerbaijan,2009-08-01,0.96913107356,
Azerbaijan,2009-09-01,0.96556147486,
Azerbaijan,2009-10-01,0.96710064119,
Azerbaijan,2009-11-01,0.96882903575,
Azerbaijan,2009-12-01,0.96832742571,
Azerbaijan,2010-01-01,1.0,
Azerbaijan,2010-02-01,0.99750009272,
Azerbaijan,2010-03-01,0.99361547014,
Azerbaijan,2010-04-01,0.99694870488,
Azerbaijan,2010-05-01,0.99746671466,
Azerbaijan,2010-06-01,0.9910964608,
Azerbaijan,2010-07-01,0.99865386197,
Azerbaijan,2010-08-01,1.01130324046,
Azerbaijan,2010-09-01,1.02389517948,
Azerbaijan,2010-10-01,1.02704220562,
Azerbaijan,2010-11-01,1.0295486074,
Azerbaijan,2010-12-01,1.03955251723,
Azerbaijan,2011-01-01,1.12314168756,
Azerbaijan,2011-02-01,1.13061471379,
Azerbaijan,2011-03-01,1.12667397687,
Azerbaijan,2011-04-01,1.13290568164,
Azerbaijan,2011-05-01,1.13439956424,
Azerbaijan,2011-06-01,1.1310632696,
Azerbaijan,2011-07-01,1.12890556894,
Azerbaijan,2011-08-01,1.13400938696,
Azerbaijan,2011-09-01,1.13013185247,
Azerbaijan,2011-10-01,1.12152476563,
Azerbaijan,2011-11-01,1.11518631749,
Azerbaijan,2011-12-01,1.10996964348,
Azerbaijan,2012-01-01,1.09914211427,
Azerbaijan,2012-02-01,1.10035042713,
Azerbaijan,2012-03-01,1.10209730448,
Azerbaijan,2012-04-01,1.0960710621,
Azerbaijan,2012-05-01,1.0928528329,
Azerbaijan,2012-06-01,1.09507031083,
Azerbaijan,2012-07-01,1.11515089624,
Azerbaijan,2012-08-01,1.11386710243,
Azerbaijan,2012-09-01,1.11384323288,
Azerbaijan,2012-10-01,1.11487141317,
Azerbaijan,2012-11-01,1.11428300658,
Azerbaijan,2012-12-01,1.11132342819,
Azerbaijan,2013-01-01,1.09507065108,
Azerbaijan,2013-02-01,1.09010005844,
Azerbaijan,2013-03-01,1.08787850009,
Azerbaijan,2013-04-01,1.08589051473,
Azerbaijan,2013-05-01,1.088323246,
Azerbaijan,2013-06-01,1.08611949344,
Azerbaijan,2013-07-01,1.08316411404,
Azerbaijan,2013-08-01,1.08319702747,
Azerbaijan,2013-09-01,1.08342366749,
Azerbaijan,2013-10-01,1.0889007378,
Azerbaijan,2013-11-01,1.08299731221,
Azerbaijan,2013-12-01,1.07810632232,
Azerbaijan,2014-01-01,1.07182935803,
Azerbaijan,2014-02-01,1.07713778726,
Azerbaijan,2014-03-01,1.08600794291,
Azerbaijan,2014-04-01,1.08608818223,
Azerbaijan,2014-05-01,1.08898351939,
Azerbaijan,2014-06-01,1.08217391461,
Azerbaijan,2014-07-01,1.07651684681,
Azerbaijan,2014-08-01,1.07178369829,
Azerbaijan,2014-09-01,1.06520893149,
Azerbaijan,2014-10-01,1.06606007424,
Azerbaijan,2014-11-01,1.06817479916,
Azerbaijan,2014-12-01,1.06925549737,
Azerbaijan,2015-01-01,1.06202644529,
Azerbaijan,2015-02-01,1.05816889843,
Azerbaijan,2015-03-01,1.05489281356,
Azerbaijan,2015-04-01,1.05340084144,
Azerbaijan,2015-05-01,1.05115164821,
Azerbaijan,2015-06-01,1.04871018263,
Azerbaijan,2015-07-01,1.04667439163,
Azerbaijan,2015-08-01,1.04084523418,
Azerbaijan,2015-09-01,1.03921682247,
Azerbaijan,2015-10-01,1.04134132134,
Azerbaijan,2015-11-01,1.04261626743,
Azerbaijan,2015-12-01,1.0418680777,
Azerbaijan,2016-01-01,1.05756453327,
Azerbaijan,2016-02-01,,
Azerbaijan,2016-03-01,,
Azerbaijan,2016-04-01,,
Azerbaijan,2016-05-01,,
Azerbaijan,2016-06-01,,
Azerbaijan,2016-07-01,,
Azerbaijan,2016-08-01,,
Azerbaijan,2016-09-01,,
Azerbaijan,2016-10-01,,
Azerbaijan,2016-11-01,,
Azerbaijan,2016-12-01,,
Azerbaijan,2017-01-01,,
Azerbaijan,2017-02-01,,
Azerbaijan,2017-03-01,,
Azerbaijan,2017-04-01,,
Azerbaijan,2017-05-01,,
Azerbaijan,2017-06-01,,
Azerbaijan,2017-07-01,,
Azerbaijan,2017-08-01,,
Azerbaijan,2017-09-01,,
Azerbaijan,2017-10-01,,
Azerbaijan,2017-11-01,,
Azerbaijan,2017-12-01,,
Azerbaijan,2018-01-01,,
Azerbaijan,2018-02-01,,
Azerbaijan,2018-03-01,,
Azerbaijan,2018-04-01,,
Azerbaijan,2018-05-01,,
Azerbaijan,2018-06-01,,
Azerbaijan,2018-07-01,,
Azerbaijan,2018-08-01,,
Azerbaijan,2018-09-01,,
Azerbaijan,2018-10-01,,
Azerbaijan,2018-11-01,,
Azerbaijan,2018-12-01,,
Azerbaijan,2019-01-01,,
Azerbaijan,2019-02-01,,
Azerbaijan,2019-03-01,,
Azerbaijan,2019-04-01,,
Azerbaijan,2019-05-01,,
Azerbaijan,2019-06-01,,
Azerbaijan,2019-07-01,,
Azerbaijan,2019-08-01,,
Azerbaijan,2019-09-01,,
Azerbaijan,2019-10-01,,
Azerbaijan,2019-11-01,,
Azerbaijan,2019-12-01,,
Azerbaijan,2020-01-01,,
Azerbaijan,2020-02-01,,
Azerbaijan,2020-03-01,,
Azerbaijan,2020-04-01,,
Azerbaijan,2020-05-01,,
Azerbaijan,2020-06-01,,
Azerbaijan,2020-07-01,,
Azerbaijan,2020-08-01,,
Azerbaijan,2020-09-01,,
Azerbaijan,2020-10-01,,
Azerbaijan,2020-11-01,,
Azerbaijan,2020-12-01,,
Belgium,2005-01-01,0.80687887056,108.78540384565
Belgium,2005-02-01,0.84204183377,111.61253697346
Belgium,2005-03-01,0.96997031218,114.1287338218
Belgium,2005-04-01,0.8696034866,112.34609446724
Belgium,2005-05-01,0.84030743416,108.07365412762
Belgium,2005-06-01,0.89484884803,104.78045844848
Belgium,2005-07-01,0.74243580254,106.00250255962
Belgium,2005-08-01,0.78886421926,111.49630570688
Belgium,2005-09-01,0.88016984323,111.65972267493
Belgium,2005-10-01,0.79788407142,110.31403854352
Belgium,2005-11-01,0.90709204493,110.42098481325
Belgium,2005-12-01,0.93146700666,115.32435666256
Belgium,2006-01-01,0.90256169347,123.68632024826
Belgium,2006-02-01,0.87812521208,126.71475482708
Belgium,2006-03-01,1.04116021175,131.19784567094
Belgium,2006-04-01,0.86457499762,133.27956158039
Belgium,2006-05-01,0.98187699725,135.13690986466
Belgium,2006-06-01,0.98668721684,125.83204210812
Belgium,2006-07-01,0.85180572907,130.75865073492
Belgium,2006-08-01,0.88346726289,137.63531984634
Belgium,2006-09-01,0.96198256256,140.6400818442
Belgium,2006-10-01,0.98336265117,145.34853980544
Belgium,2006-11-01,1.01348511568,150.66345378377
Belgium,2006-12-01,0.94159440765,157.70498177108
Belgium,2007-01-01,0.9984681182,160.62191233685
Belgium,2007-02-01,0.97158760727,163.98918884155
Belgium,2007-03-01,1.12045461303,160.65002515579
Belgium,2007-04-01,1.00204601852,172.85863218608
Belgium,2007-05-01,1.07998925356,176.50362715388
Belgium,2007-06-01,1.09418026487,172.62326169979
Belgium,2007-07-01,1.06904153658,174.21674281904
Belgium,2007-08-01,0.981095591,159.2893641213
Belgium,2007-09-01,1.09848124306,166.41576719308
Belgium,2007-10-01,1.26504867855,175.67487823773
Belgium,2007-11-01,1.250645024,167.66570076148
Belgium,2007-12-01,1.14173442563,166.84719217175
Belgium,2008-01-01,1.27669804122,157.51041109048
Belgium,2008-02-01,1.21321828455,152.83442695225
Belgium,2008-03-01,1.35075016261,158.8910176292
Belgium,2008-04-01,1.45388106255,169.19555118401
Belgium,2008-05-01,1.32556132041,164.31652646534
Belgium,2008-06-01,1.41193036558,151.81336715874
Belgium,2008-07-01,1.38631013128,133.03597943827
Belgium,2008-08-01,1.19158662927,126.78330151479
Belgium,2008-09-01,1.33374340546,118.40667808692
Belgium,2008-10-01,1.18765749479,81.49135157193
Belgium,2008-11-01,0.96022324121,71.31647344606
Belgium,2008-12-01,0.94475381832,69.94431245589
Belgium,2009-01-01,0.87143673912,70.30664819419
Belgium,2009-02-01,0.81303735818,64.54277599157
Belgium,2009-03-01,0.91032078756,60.82682621039
Belgium,2009-04-01,0.82624290172,68.47348046668
Belgium,2009-05-01,0.82950423051,78.20333119161
Belgium,2009-06-01,0.94915515516,79.15494514376
Belgium,2009-07-01,0.8779378842,81.18649233608
Belgium,2009-08-01,0.84779397763,91.03637938986
Belgium,2009-09-01,1.03651003135,99.04542618338
Belgium,2009-10-01,1.08955902804,103.65511407529
Belgium,2009-11-01,1.05083954656,102.48063996092
Belgium,2009-12-01,1.07093699309,101.36223746318
Belgium,2010-01-01,1.0,100.0
Belgium,2010-02-01,0.95343243776,94.56096877773
Belgium,2010-03-01,1.10963773675,99.02758442811
Belgium,2010-04-01,1.0271046413,99.21741296632
Belgium,2010-05-01,0.93413871567,85.36597254531
Belgium,2010-06-01,1.00770886242,83.85279552818
Belgium,2010-07-01,0.93924606825,87.7518774384
Belgium,2010-08-01,0.92888320524,89.91986012265
Belgium,2010-09-01,1.06978200659,93.99193654568
Belgium,2010-10-01,1.15921535826,102.48040319846
Belgium,2010-11-01,1.16365497254,100.1335620132
Belgium,2010-12-01,1.09678471928,96.20804104925
Belgium,2011-01-01,1.16921882342,98.03311422233
Belgium,2011-02-01,1.20020249262,103.09014282028
Belgium,2011-03-01,1.41613208365,103.24268936149
Belgium,2011-04-01,1.26455698173,109.38689473792
Belgium,2011-05-01,1.39527987481,107.71340092456
Belgium,2011-06-01,1.31476874137,103.11964147856
Belgium,2011-07-01,1.20207430254,99.0237124346
Belgium,2011-08-01,1.2541190677,87.97666873456
Belgium,2011-09-01,1.26402546298,81.31692621626
Belgium,2011-10-01,1.19933261395,82.11999704359
Belgium,2011-11-01,1.24483405941,76.84640336092
Belgium,2011-12-01,1.17357149386,74.97993761695
Belgium,2012-01-01,1.17971448096,77.60696867694
Belgium,2012-02-01,1.2396529205,83.53512827204
Belgium,2012-03-01,1.34197688773,85.07171619936
Belgium,2012-04-01,1.18657980699,82.37301248343
Belgium,2012-05-01,1.18121786925,75.85459983899
Belgium,2012-06-01,1.15054892034,73.8190672331
Belgium,2012-07-01,1.06348827541,76.52096973347
Belgium,2012-08-01,1.06354505732,80.96238302903
Belgium,2012-09-01,1.11279447282,86.79875561952
Belgium,2012-10-01,1.25230377465,86.11886879349
Belgium,2012-11-01,1.23241674371,84.96540102515
Belgium,2012-12-01,1.11210232118,89.70501739194
Belgium,2013-01-01,1.23520239721,93.60111964231
Belgium,2013-02-01,1.20198984728,93.90141034289
Belgium,2013-03-01,1.28345936052,93.97505680425
Belgium,2013-04-01,1.20964893598,94.1857544172
Belgium,2013-05-01,1.16964973274,97.91184924639
Belgium,2013-06-01,1.17830644667,94.59027832436
Belgium,2013-07-01,1.16878889404,95.18715825263
Belgium,2013-08-01,1.07533338611,102.61336613144
Belgium,2013-09-01,1.22503834157,103.58544412536
Belgium,2013-10-01,1.30182805932,108.52500557536
Belgium,2013-11-01,1.21658482956,108.19507879246
Belgium,2013-12-01,1.20927103077,107.71461226867
Belgium,2014-01-01,1.26411161422,110.80030226383
Belgium,2014-02-01,1.21283949374,113.03006764526
Belgium,2014-03-01,1.32180371254,118.52217056192
Belgium,2014-04-01,1.28160018002,119.57515542494
Belgium,2014-05-01,1.21088481347,119.55560295622
Belgium,2014-06-01,1.23434649205,119.33580085481
Belgium,2014-07-01,1.2063543701,118.4378757484
Belgium,2014-08-01,1.12171263198,115.69087105683
Belgium,2014-09-01,1.24895688497,114.6959981124
Belgium,2014-10-01,1.21353314607,108.36772780934
Belgium,2014-11-01,1.08632998405,110.85317066436
Belgium,2014-12-01,1.07538616599,111.81499153869
Belgium,2015-01-01,0.95201374392,108.8326635696
Belgium,2015-02-01,0.9380615472,113.60693406648
Belgium,2015-03-01,1.0468753853,112.30079800286
Belgium,2015-04-01,0.94063840013,114.72498654805
Belgium,2015-05-01,0.92566270321,114.58889096804
Belgium,2015-06-01,1.04296862163,114.10232427041
Belgium,2015-07-01,0.93150210421,113.43342226605
Belgium,2015-08-01,0.85573425012,112.34937008268
Belgium,2015-09-01,0.97624605443,106.79189093278
Belgium,2015-10-01,0.99590293746,107.78480061386
Belgium,2015-11-01,0.89807910936,109.39852657416
Belgium,2015-12-01,0.9043679263,110.56806106991
Belgium,2016-01-01,0.87245603016,104.7710298226
Belgium,2016-02-01,0.97497036414,102.41479646747
Belgium,2016-03-01,1.02979841606,105.57838828853
Belgium,2016-04-01,1.06694498158,108.0332307221
Belgium,2016-05-01,1.03408564052,106.83774807949
Belgium,2016-06-01,1.12690003418,106.39227695313
Belgium,2016-07-01,0.97967381373,104.29080579171
Belgium,2016-08-01,1.08644956046,109.24606410764
Belgium,2016-09-01,1.09281232671,111.42692147856
Belgium,2016-10-01,1.04312166244,109.24668118939
Belgium,2016-11-01,1.07731611613,103.95429258057
Belgium,2016-12-01,1.00776744603,104.35340097086
Belgium,2017-01-01,1.05316990731,106.76276861541
Belgium,2017-02-01,1.03284321879,106.68682572643
Belgium,2017-03-01,1.21426821169,111.43286093308
Belgium,2017-04-01,1.00373087881,114.04118500575
Belgium,2017-05-01,1.16403248305,121.65955309868
Belgium,2017-06-01,1.14485966832,121.50508978227
Belgium,2017-07-01,1.0492390699,124.67524599405
Belgium,2017-08-01,1.08416342731,128.86705081027
Belgium,2017-09-01,1.15606432275,131.12120605112
Belgium,2017-10-01,1.21341583551,133.05633820645
Belgium,2017-11-01,1.19980404749,131.29215787842
Belgium,2017-12-01,1.1692736351,131.81852628053
Belgium,2018-01-01,1.30408445787,141.0532151779
Belgium,2018-02-01,1.24639865502,135.971312839
Belgium,2018-03-01,1.38641447838,134.38444415642
Belgium,2018-04-01,1.22739994729,132.83164764179
Belgium,2018-05-01,1.22556510083,127.20663209112
Belgium,2018-06-01,1.26313989246,122.50223108731
Belgium,2018-07-01,1.24823035936,123.9906251204
Belgium,2018-08-01,1.14612409085,122.68706455821
Belgium,2018-09-01,1.21635657639,120.4666869127
Belgium,2018-10-01,1.28933497956,113.27715127438
Belgium,2018-11-01,1.28181003301,110.79481706446
Belgium,2018-12-01,1.15856800668,105.3398951339
Belgium,2019-01-01,1.23524900787,108.55179498826
Belgium,2019-02-01,1.1500342978,112.32993798132
Belgium,2019-03-01,1.25781369008,113.71275322528
Belgium,2019-04-01,1.25171826244,118.33142509158
Belgium,2019-05-01,1.2564568161,109.5933857709
Belgium,2019-06-01,1.16725561628,109.68849199849
Belgium,2019-07-01,1.17198952315,113.93073135918
Belgium,2019-08-01,0.99523836284,109.14370133719
Belgium,2019-09-01,1.13972356433,112.34891361037
Belgium,2019-10-01,1.20815461577,114.10611138849
Belgium,2019-11-01,1.13758768339,119.38735188971
Belgium,2019-12-01,1.08155980368,122.00971853237
Belgium,2020-01-01,1.19039475755,123.09668206261
Belgium,2020-02-01,1.13046330339,122.23024416242
Belgium,2020-03-01,1.11722100611,92.1068985847
Belgium,2020-04-01,0.82873914013,90.68121118527
Belgium,2020-05-01,0.87890484386,92.12747524834
Belgium,2020-06-01,1.03831933657,105.97400739663
Belgium,2020-07-01,1.03163449343,109.67727441607
Belgium,2020-08-01,0.99805342308,111.03114465646
Belgium,2020-09-01,1.18063871534,108.35167482238
Belgium,2020-10-01,1.15535539427,106.34051802161
Belgium,2020-11-01,1.18208834523,115.07026523097
Belgium,2020-12-01,1.24402088576,124.25982576804
Bulgaria,2005-01-01,-3.18126668693,140.1507370578
Bulgaria,2005-02-01,-2.7522186902,163.94592291326
Bulgaria,2005-03-01,-2.51921944894,185.36095210675
Bulgaria,2005-04-01,-2.54224124649,169.25319977522
Bulgaria,2005-05-01,-2.65636030366,164.57025157509
Bulgaria,2005-06-01,-2.92154890378,147.7056207966
Bulgaria,2005-07-01,-3.4863724202,147.00548840006
Bulgaria,2005-08-01,-3.94227607624,162.77943187996
Bulgaria,2005-09-01,-4.43782524522,170.94869855822
Bulgaria,2005-10-01,-5.53651154017,167.58395255764
Bulgaria,2005-11-01,-5.6887330253,160.70879739749
Bulgaria,2005-12-01,-5.45798131362,156.87146615009
Bulgaria,2006-01-01,-3.99403018591,166.43681227069
Bulgaria,2006-02-01,-3.63500174501,168.97985837621
Bulgaria,2006-03-01,-3.5306697717,170.56967739616
Bulgaria,2006-04-01,-3.86500112027,174.69809911352
Bulgaria,2006-05-01,-4.13208694143,182.09673644937
Bulgaria,2006-06-01,-4.51589408946,180.69561080747
Bulgaria,2006-07-01,-5.53562725414,185.69429041317
Bulgaria,2006-08-01,-5.7634735386,195.81259350352
Bulgaria,2006-09-01,-5.71863763261,195.08355498536
Bulgaria,2006-10-01,-5.30997243632,213.60919457166
Bulgaria,2006-11-01,-4.78813247433,232.30420546311
Bulgaria,2006-12-01,-4.0619706468,256.68746210421
Bulgaria,2007-01-01,-2.33930750677,285.11767180706
Bulgaria,2007-02-01,-1.79863653335,280.78560432375
Bulgaria,2007-03-01,-1.64777827958,273.54153481089
Bulgaria,2007-04-01,-2.25922505989,280.72951697901
Bulgaria,2007-05-01,-2.60862300964,281.87075055953
Bulgaria,2007-06-01,-3.06846444325,296.75702951553
Bulgaria,2007-07-01,-3.79456707603,337.1851822796
Bulgaria,2007-08-01,-4.35843219084,348.20025670071
Bulgaria,2007-09-01,-4.915877503,383.56890754274
Bulgaria,2007-10-01,-6.00719768215,442.62022689514
Bulgaria,2007-11-01,-6.1465823868,417.77506537636
Bulgaria,2007-12-01,-5.87432628658,407.00007006498
Bulgaria,2008-01-01,-4.35623533544,364.12707383304
Bulgaria,2008-02-01,-3.88634316003,338.75024665902
Bulgaria,2008-03-01,-3.63045571428,327.65216907347
Bulgaria,2008-04-01,-3.6763765228,299.66591371106
Bulgaria,2008-05-01,-3.78264589295,307.36271345824
Bulgaria,2008-06-01,-4.03706734932,301.24419243258
Bulgaria,2008-07-01,-5.16528965206,271.48226779285
Bulgaria,2008-08-01,-5.17177871077,247.74430873867
Bulgaria,2008-09-01,-4.78218328559,213.66001601897
Bulgaria,2008-10-01,-3.92456649356,133.50257355358
Bulgaria,2008-11-01,-2.79675476283,82.79631112846
Bulgaria,2008-12-01,-1.32681121043,78.53396183146
Bulgaria,2009-01-01,1.52340140864,69.67537955542
Bulgaria,2009-02-01,2.89900567063,55.53965436573
Bulgaria,2009-03-01,3.83813882054,58.20339510109
Bulgaria,2009-04-01,3.75818058503,69.19296550089
Bulgaria,2009-05-01,4.26133671578,83.83581648871
Bulgaria,2009-06-01,4.76498693947,83.06735676729
Bulgaria,2009-07-01,5.52384992682,80.13557965215
Bulgaria,2009-08-01,5.8374493333,99.81824858942
Bulgaria,2009-09-01,5.96050382966,113.22518475245
Bulgaria,2009-10-01,6.48075101987,113.39727556578
Bulgaria,2009-11-01,5.78191249299,109.70903763834
Bulgaria,2009-12-01,4.45172585299,102.23536912931
Bulgaria,2010-01-01,1.0,100.0
Bulgaria,2010-02-01,-0.4752395413,96.37244949969
Bulgaria,2010-03-01,-1.46418387079,92.66836267286
Bulgaria,2010-04-01,-1.39982489871,91.84358965476
Bulgaria,2010-05-01,-1.84143487193,80.06046645643
Bulgaria,2010-06-01,-2.22200570067,73.88384489983
Bulgaria,2010-07-01,-2.44464851701,75.38006747669
Bulgaria,2010-08-01,-2.77580770775,81.21581203874
Bulgaria,2010-09-01,-3.11859440498,83.06636036854
Bulgaria,2010-10-01,-3.58844196604,81.7810896513
Bulgaria,2010-11-01,-3.8679086582,77.40778097866
Bulgaria,2010-12-01,-4.07242783883,77.48596606868
Bulgaria,2011-01-01,-4.13472772292,81.98364133784
Bulgaria,2011-02-01,-4.23980571923,96.06047409568
Bulgaria,2011-03-01,-4.32039004275,99.84007553477
Bulgaria,2011-04-01,-4.31022620472,103.90014435563
Bulgaria,2011-05-01,-4.39151404926,102.0232923187
Bulgaria,2011-06-01,-4.49799908758,96.45195636417
Bulgaria,2011-07-01,-4.79972973035,96.53343330999
Bulgaria,2011-08-01,-4.82907284828,89.32600687492
Bulgaria,2011-09-01,-4.75607685201,80.68914964177
Bulgaria,2011-10-01,-4.73482195823,75.58790795337
Bulgaria,2011-11-01,-4.34158757107,72.15963535836
Bulgaria,2011-12-01,-3.73045390721,65.84941928816
Bulgaria,2012-01-01,-2.28413812111,66.18589584555
Bulgaria,2012-02-01,-1.70016803799,66.68492818834
Bulgaria,2012-03-01,-1.3612608123,66.54470520567
Bulgaria,2012-04-01,-1.72575395158,64.96316154915
Bulgaria,2012-05-01,-1.53321931014,62.71482645716
Bulgaria,2012-06-01,-1.24199439551,59.32158844058
Bulgaria,2012-07-01,-0.4873675731,59.50531828215
Bulgaria,2012-08-01,-0.27229583801,64.09266532949
Bulgaria,2012-09-01,-0.23206755565,66.85922395098
Bulgaria,2012-10-01,-1.02658683867,68.07807852883
Bulgaria,2012-11-01,-0.8411173773,68.35863214231
Bulgaria,2012-12-01,-0.33556328419,70.41863765209
Bulgaria,2013-01-01,1.25710670301,79.36566946142
Bulgaria,2013-02-01,1.82755661285,85.05316670432
Bulgaria,2013-03-01,2.14281770769,80.21407879159
Bulgaria,2013-04-01,1.86296488716,81.91279330359
Bulgaria,2013-05-01,1.92279217723,86.9618983959
Bulgaria,2013-06-01,1.98237447756,94.11671301017
Bulgaria,2013-07-01,2.04417630443,94.51426818589
Bulgaria,2013-08-01,2.10142023804,96.93485569721
Bulgaria,2013-09-01,2.15657079466,98.62387601277
Bulgaria,2013-10-01,2.33539762464,100.63990501061
Bulgaria,2013-11-01,2.29203418958,101.13798107261
Bulgaria,2013-12-01,2.15225013982,106.19190173637
Bulgaria,2014-01-01,1.46771224,116.78776388921
Bulgaria,2014-02-01,1.47133688733,127.80223968034
Bulgaria,2014-03-01,1.71479084646,135.024449471
Bulgaria,2014-04-01,2.81455067027,135.50748228027
Bulgaria,2014-05-01,3.07530583834,132.46456739147
Bulgaria,2014-06-01,3.11353290355,124.97092847525
Bulgaria,2014-07-01,2.59928686579,119.37104313169
Bulgaria,2014-08-01,2.43991647536,117.63179204636
Bulgaria,2014-09-01,2.30547673217,115.06440719876
Bulgaria,2014-10-01,2.48827394902,107.58082873181
Bulgaria,2014-11-01,2.18446576566,105.64573197287
Bulgaria,2014-12-01,1.68635849491,105.88600092592
Bulgaria,2015-01-01,0.42726072083,94.33487347228
Bulgaria,2015-02-01,-0.03442616274,90.87117957798
Bulgaria,2015-03-01,-0.26539357175,86.82513274501
Bulgaria,2015-04-01,-0.08280895227,88.59530319937
Bulgaria,2015-05-01,0.01053817243,88.25536865133
Bulgaria,2015-06-01,0.19748035626,88.47974421334
Bulgaria,2015-07-01,0.55255090671,84.99989838129
Bulgaria,2015-08-01,0.87078322818,84.76419350184
Bulgaria,2015-09-01,1.22671062816,82.22471023047
Bulgaria,2015-10-01,1.76298871299,80.61459268247
Bulgaria,2015-11-01,2.08731456524,76.99396852389
Bulgaria,2015-12-01,2.34234379124,77.82350496067
Bulgaria,2016-01-01,2.54683796005,79.05547273877
Bulgaria,2016-02-01,2.64920275678,80.512270134
Bulgaria,2016-03-01,2.66819975048,80.53142225467
Bulgaria,2016-04-01,2.39956913222,80.64614283881
Bulgaria,2016-05-01,2.40502537657,80.69039482772
Bulgaria,2016-06-01,2.48030867459,82.34095204577
Bulgaria,2016-07-01,3.01476742756,81.35369509816
Bulgaria,2016-08-01,2.93769353198,84.2961654625
Bulgaria,2016-09-01,2.63843538913,87.5553959064
Bulgaria,2016-10-01,2.09713944681,91.38031409132
Bulgaria,2016-11-01,1.36840297356,94.57873691015
Bulgaria,2016-12-01,0.43237241716,98.61886258723
Bulgaria,2017-01-01,-1.46691387936,104.08558605137
Bulgaria,2017-02-01,-2.25056135927,104.21789400962
Bulgaria,2017-03-01,-2.67453167955,108.94362168637
Bulgaria,2017-04-01,-2.27087069862,113.32365848958
Bulgaria,2017-05-01,-2.32645230585,118.13998221021
Bulgaria,2017-06-01,-2.37332235965,124.83571622447
Bulgaria,2017-07-01,-2.27085086314,132.95531238027
Bulgaria,2017-08-01,-2.40577030774,138.04925711028
Bulgaria,2017-09-01,-2.63745069656,133.12460841991
Bulgaria,2017-10-01,-3.40377290861,127.80984564109
Bulgaria,2017-11-01,-3.50056452665,127.52237049344
Bulgaria,2017-12-01,-3.36570642969,128.07589146373
Bulgaria,2018-01-01,-2.56527163929,140.03242632249
Bulgaria,2018-02-01,-2.29255934611,139.43509245895
Bulgaria,2018-03-01,-2.11364257171,134.66550146249
Bulgaria,2018-04-01,-2.12967515924,131.31448659569
Bulgaria,2018-05-01,-2.06248404009,123.72163816326
Bulgaria,2018-06-01,-2.0132230574,119.80836117719
Bulgaria,2018-07-01,-1.79968984068,119.37404521445
Bulgaria,2018-08-01,-1.92294090876,118.90611926964
Bulgaria,2018-09-01,-2.20077389115,118.69232530875
Bulgaria,2018-10-01,-3.40188983061,113.66565374673
Bulgaria,2018-11-01,-3.41236085956,109.14655709276
Bulgaria,2018-12-01,-3.00088802076,109.39045275438
Bulgaria,2019-01-01,-1.35504344135,106.07193830521
Bulgaria,2019-02-01,-0.70900377166,106.67086192059
Bulgaria,2019-03-01,-0.25034113885,106.89735831703
Bulgaria,2019-04-01,-0.18902159472,105.14284632029
Bulgaria,2019-05-01,0.05236150318,103.56892061899
Bulgaria,2019-06-01,0.26384210306,106.08766468017
Bulgaria,2019-07-01,0.59180732884,105.67380155817
Bulgaria,2019-08-01,0.63369258971,104.21884665726
Bulgaria,2019-09-01,0.53588500959,102.61728035751
Bulgaria,2019-10-01,-0.15997833239,100.69456986868
Bulgaria,2019-11-01,-0.19339940381,99.19211988808
Bulgaria,2019-12-01,-0.02274112555,98.95894534986
Bulgaria,2020-01-01,0.55727099207,104.14257311868
Bulgaria,2020-02-01,0.98213210244,99.03629316023
Bulgaria,2020-03-01,1.45711669522,81.67608286397
Bulgaria,2020-04-01,2.41556285465,77.48701570326
Bulgaria,2020-05-01,2.6657908491,79.59402263717
Bulgaria,2020-06-01,2.6411387628,83.65975282557
Bulgaria,2020-07-01,1.96362644066,82.31208072933
Bulgaria,2020-08-01,1.67269930915,83.3456461781
Bulgaria,2020-09-01,1.39037721319,82.06036326833
Bulgaria,2020-10-01,1.59148962431,81.25584858652
Bulgaria,2020-11-01,0.97025549582,81.66673360951
Bulgaria,2020-12-01,0.00150429925,86.22683722882
Bosnia and Herzegovina,2005-01-01,,
Bosnia and Herzegovina,2005-02-01,,
Bosnia and Herzegovina,2005-03-01,,
Bosnia and Herzegovina,2005-04-01,,
Bosnia and Herzegovina,2005-05-01,,
Bosnia and Herzegovina,2005-06-01,,
Bosnia and Herzegovina,2005-07-01,,
Bosnia and Herzegovina,2005-08-01,,
Bosnia and Herzegovina,2005-09-01,,
Bosnia and Herzegovina,2005-10-01,,
Bosnia and Herzegovina,2005-11-01,,
Bosnia and Herzegovina,2005-12-01,,
Bosnia and Herzegovina,2006-01-01,,
Bosnia and Herzegovina,2006-02-01,,
Bosnia and Herzegovina,2006-03-01,,
Bosnia and Herzegovina,2006-04-01,,
Bosnia and Herzegovina,2006-05-01,,
Bosnia and Herzegovina,2006-06-01,,
Bosnia and Herzegovina,2006-07-01,,
Bosnia and Herzegovina,2006-08-01,,
Bosnia and Herzegovina,2006-09-01,,
Bosnia and Herzegovina,2006-10-01,,
Bosnia and Herzegovina,2006-11-01,,
Bosnia and Herzegovina,2006-12-01,,
Bosnia and Herzegovina,2007-01-01,,
Bosnia and Herzegovina,2007-02-01,,
Bosnia and Herzegovina,2007-03-01,,
Bosnia and Herzegovina,2007-04-01,,
Bosnia and Herzegovina,2007-05-01,,
Bosnia and Herzegovina,2007-06-01,,
Bosnia and Herzegovina,2007-07-01,,
Bosnia and Herzegovina,2007-08-01,,
Bosnia and Herzegovina,2007-09-01,,
Bosnia and Herzegovina,2007-10-01,,
Bosnia and Herzegovina,2007-11-01,,
Bosnia and Herzegovina,2007-12-01,,
Bosnia and Herzegovina,2008-01-01,,
Bosnia and Herzegovina,2008-02-01,,
Bosnia and Herzegovina,2008-03-01,,
Bosnia and Herzegovina,2008-04-01,,
Bosnia and Herzegovina,2008-05-01,,
Bosnia and Herzegovina,2008-06-01,,
Bosnia and Herzegovina,2008-07-01,,
Bosnia and Herzegovina,2008-08-01,,
Bosnia and Herzegovina,2008-09-01,,
Bosnia and Herzegovina,2008-10-01,,
Bosnia and Herzegovina,2008-11-01,,
Bosnia and Herzegovina,2008-12-01,,
Bosnia and Herzegovina,2009-01-01,,
Bosnia and Herzegovina,2009-02-01,,
Bosnia and Herzegovina,2009-03-01,,
Bosnia and Herzegovina,2009-04-01,,
Bosnia and Herzegovina,2009-05-01,,
Bosnia and Herzegovina,2009-06-01,,
Bosnia and Herzegovina,2009-07-01,,
Bosnia and Herzegovina,2009-08-01,,
Bosnia and Herzegovina,2009-09-01,,115.15089055322
Bosnia and Herzegovina,2009-10-01,,116.7725312793
Bosnia and Herzegovina,2009-11-01,,112.95905680379
Bosnia and Herzegovina,2009-12-01,,103.50435858358
Bosnia and Herzegovina,2010-01-01,,100.0
Bosnia and Herzegovina,2010-02-01,,92.46249667463
Bosnia and Herzegovina,2010-03-01,,88.460482459
Bosnia and Herzegovina,2010-04-01,,85.72630711811
Bosnia and Herzegovina,2010-05-01,,80.47486489679
Bosnia and Herzegovina,2010-06-01,,76.01427771992
Bosnia and Herzegovina,2010-07-01,,76.21408817325
Bosnia and Herzegovina,2010-08-01,,73.86469772269
Bosnia and Herzegovina,2010-09-01,,74.25482137757
Bosnia and Herzegovina,2010-10-01,,79.60292785155
Bosnia and Herzegovina,2010-11-01,,78.10479356356
Bosnia and Herzegovina,2010-12-01,,74.23323589493
Bosnia and Herzegovina,2011-01-01,,81.84094106484
Bosnia and Herzegovina,2011-02-01,,87.5488243256
Bosnia and Herzegovina,2011-03-01,,95.54138522836
Bosnia and Herzegovina,2011-04-01,,99.56634069174
Bosnia and Herzegovina,2011-05-01,,98.34010741032
Bosnia and Herzegovina,2011-06-01,,100.079497426
Bosnia and Herzegovina,2011-07-01,,98.96228749116
Bosnia and Herzegovina,2011-08-01,,90.199508715
Bosnia and Herzegovina,2011-09-01,,85.10143956123
Bosnia and Herzegovina,2011-10-01,,83.80911777655
Bosnia and Herzegovina,2011-11-01,,82.75591457083
Bosnia and Herzegovina,2011-12-01,,77.38432868784
Bosnia and Herzegovina,2012-01-01,,75.82799829289
Bosnia and Herzegovina,2012-02-01,,76.31693057589
Bosnia and Herzegovina,2012-03-01,,76.81207362941
Bosnia and Herzegovina,2012-04-01,,76.16772506274
Bosnia and Herzegovina,2012-05-01,,73.04594757557
Bosnia and Herzegovina,2012-06-01,,71.13998076566
Bosnia and Herzegovina,2012-07-01,,68.72634762412
Bosnia and Herzegovina,2012-08-01,,69.28701819314
Bosnia and Herzegovina,2012-09-01,,70.99996266494
Bosnia and Herzegovina,2012-10-01,,80.59946376716
Bosnia and Herzegovina,2012-11-01,,78.22033069665
Bosnia and Herzegovina,2012-12-01,,81.05639636809
Bosnia and Herzegovina,2013-01-01,,82.17770931684
Bosnia and Herzegovina,2013-02-01,,82.85183281165
Bosnia and Herzegovina,2013-03-01,,80.14466274394
Bosnia and Herzegovina,2013-04-01,,79.85013800233
Bosnia and Herzegovina,2013-05-01,,78.31030394684
Bosnia and Herzegovina,2013-06-01,,77.8090526309
Bosnia and Herzegovina,2013-07-01,,77.11694698762
Bosnia and Herzegovina,2013-08-01,,80.05995523484
Bosnia and Herzegovina,2013-09-01,,78.72507610065
Bosnia and Herzegovina,2013-10-01,,81.00892015711
Bosnia and Herzegovina,2013-11-01,,81.19546176641
Bosnia and Herzegovina,2013-12-01,,82.76918322247
Bosnia and Herzegovina,2014-01-01,,82.74498308063
Bosnia and Herzegovina,2014-02-01,,81.21992822311
Bosnia and Herzegovina,2014-03-01,,79.55650788275
Bosnia and Herzegovina,2014-04-01,,77.26154780297
Bosnia and Herzegovina,2014-05-01,,77.62637306237
Bosnia and Herzegovina,2014-06-01,,76.7732288216
Bosnia and Herzegovina,2014-07-01,,75.76113568053
Bosnia and Herzegovina,2014-08-01,,74.09954362175
Bosnia and Herzegovina,2014-09-01,,71.90448700594
Bosnia and Herzegovina,2014-10-01,,71.13946511974
Bosnia and Herzegovina,2014-11-01,,70.09851519265
Bosnia and Herzegovina,2014-12-01,,69.81736928647
Bosnia and Herzegovina,2015-01-01,,67.63009206335
Bosnia and Herzegovina,2015-02-01,,67.89786324042
Bosnia and Herzegovina,2015-03-01,,63.72880896102
Bosnia and Herzegovina,2015-04-01,,61.78851374114
Bosnia and Herzegovina,2015-05-01,,62.59340938305
Bosnia and Herzegovina,2015-06-01,,65.03325828863
Bosnia and Herzegovina,2015-07-01,,62.16319442198
Bosnia and Herzegovina,2015-08-01,,62.02050962742
Bosnia and Herzegovina,2015-09-01,,62.06292219569
Bosnia and Herzegovina,2015-10-01,,60.20799065119
Bosnia and Herzegovina,2015-11-01,,56.38321711097
Bosnia and Herzegovina,2015-12-01,,58.79418543691
Bosnia and Herzegovina,2016-01-01,,60.11248556118
Bosnia and Herzegovina,2016-02-01,,58.31291547438
Bosnia and Herzegovina,2016-03-01,,55.18110333805
Bosnia and Herzegovina,2016-04-01,,54.30566457101
Bosnia and Herzegovina,2016-05-01,,52.43762064235
Bosnia and Herzegovina,2016-06-01,,53.52656628717
Bosnia and Herzegovina,2016-07-01,,49.5820036864
Bosnia and Herzegovina,2016-08-01,,48.76639732724
Bosnia and Herzegovina,2016-09-01,,47.72290087647
Bosnia and Herzegovina,2016-10-01,,45.5203798138
Bosnia and Herzegovina,2016-11-01,,42.16018962435
Bosnia and Herzegovina,2016-12-01,,39.82026286954
Bosnia and Herzegovina,2017-01-01,,42.25559257899
Bosnia and Herzegovina,2017-02-01,,42.87972117638
Bosnia and Herzegovina,2017-03-01,,43.32249395371
Bosnia and Herzegovina,2017-04-01,,41.79364365471
Bosnia and Herzegovina,2017-05-01,,42.61712347356
Bosnia and Herzegovina,2017-06-01,,40.93099345994
Bosnia and Herzegovina,2017-07-01,,42.73814855556
Bosnia and Herzegovina,2017-08-01,,43.71195022885
Bosnia and Herzegovina,2017-09-01,,40.39751712544
Bosnia and Herzegovina,2017-10-01,,38.90772510476
Bosnia and Herzegovina,2017-11-01,,39.18521619905
Bosnia and Herzegovina,2017-12-01,,37.8067018286
Bosnia and Herzegovina,2018-01-01,,37.71205872318
Bosnia and Herzegovina,2018-02-01,,37.91464157656
Bosnia and Herzegovina,2018-03-01,,37.63403172878
Bosnia and Herzegovina,2018-04-01,,34.46909921116
Bosnia and Herzegovina,2018-05-01,,33.35209520066
Bosnia and Herzegovina,2018-06-01,,32.87857104662
Bosnia and Herzegovina,2018-07-01,,32.21724350019
Bosnia and Herzegovina,2018-08-01,,32.76005863083
Bosnia and Herzegovina,2018-09-01,,32.02176012386
Bosnia and Herzegovina,2018-10-01,,32.72568427818
Bosnia and Herzegovina,2018-11-01,,32.08180150091
Bosnia and Herzegovina,2018-12-01,,31.74830494578
Bosnia and Herzegovina,2019-01-01,,31.05413811454
Bosnia and Herzegovina,2019-02-01,,30.88718093666
Bosnia and Herzegovina,2019-03-01,,32.76043735818
Bosnia and Herzegovina,2019-04-01,,34.03975555539
Bosnia and Herzegovina,2019-05-01,,33.75404405773
Bosnia and Herzegovina,2019-06-01,,33.70478886697
Bosnia and Herzegovina,2019-07-01,,32.86170853469
Bosnia and Herzegovina,2019-08-01,,34.12028903481
Bosnia and Herzegovina,2019-09-01,,37.08126652891
Bosnia and Herzegovina,2019-10-01,,39.99369056861
Bosnia and Herzegovina,2019-11-01,,40.0065271428
Bosnia and Herzegovina,2019-12-01,,39.6924663561
Bosnia and Herzegovina,2020-01-01,,38.87795641496
Bosnia and Herzegovina,2020-02-01,,36.96813485516
Bosnia and Herzegovina,2020-03-01,,38.43162216238
Bosnia and Herzegovina,2020-04-01,,40.79337585452
Bosnia and Herzegovina,2020-05-01,,41.25505657041
Bosnia and Herzegovina,2020-06-01,,42.35614422142
Bosnia and Herzegovina,2020-07-01,,42.8948254993
Bosnia and Herzegovina,2020-08-01,,43.88562929455
Bosnia and Herzegovina,2020-09-01,,43.70896467715
Bosnia and Herzegovina,2020-10-01,,43.3494738535
Bosnia and Herzegovina,2020-11-01,,43.39917823149
Bosnia and Herzegovina,2020-12-01,,43.90186178042
Belarus,2005-01-01,0.78095546141,
Belarus,2005-02-01,0.7898876137,
Belarus,2005-03-01,0.81281020719,
Belarus,2005-04-01,0.81356689149,
Belarus,2005-05-01,0.80424903043,
Belarus,2005-06-01,0.82457441703,
Belarus,2005-07-01,0.83022685434,
Belarus,2005-08-01,0.84833760294,
Belarus,2005-09-01,0.84812232408,
Belarus,2005-10-01,0.8374467795,
Belarus,2005-11-01,0.82706212421,
Belarus,2005-12-01,0.83238003718,
Belarus,2006-01-01,0.86757870399,
Belarus,2006-02-01,0.85990886669,
Belarus,2006-03-01,0.86334859417,
Belarus,2006-04-01,0.88700008945,
Belarus,2006-05-01,0.88598109435,
Belarus,2006-06-01,0.88523721046,
Belarus,2006-07-01,0.90183558464,
Belarus,2006-08-01,0.89906293805,
Belarus,2006-09-01,0.86620765972,
Belarus,2006-10-01,0.85180967828,
Belarus,2006-11-01,0.85194029283,
Belarus,2006-12-01,0.86087523366,
Belarus,2007-01-01,0.87028973639,
Belarus,2007-02-01,0.88456436678,
Belarus,2007-03-01,0.89476242325,
Belarus,2007-04-01,0.90987568113,
Belarus,2007-05-01,0.91063413319,
Belarus,2007-06-01,0.92135270928,
Belarus,2007-07-01,0.93965601759,
Belarus,2007-08-01,0.92823120728,
Belarus,2007-09-01,0.95239417603,
Belarus,2007-10-01,0.97408683926,
Belarus,2007-11-01,1.00684660158,
Belarus,2007-12-01,1.00124614122,
Belarus,2008-01-01,1.05871508894,
Belarus,2008-02-01,1.08098914064,
Belarus,2008-03-01,1.11628150469,
Belarus,2008-04-01,1.1407861474,
Belarus,2008-05-01,1.19328776333,
Belarus,2008-06-01,1.2466789025,
Belarus,2008-07-01,1.25737520722,
Belarus,2008-08-01,1.19794347514,
Belarus,2008-09-01,1.14549247823,
Belarus,2008-10-01,1.05031287604,
Belarus,2008-11-01,0.97651928714,
Belarus,2008-12-01,0.92128322898,
Belarus,2009-01-01,0.89043779158,
Belarus,2009-02-01,0.88212539343,
Belarus,2009-03-01,0.88755662236,
Belarus,2009-04-01,0.88589372901,
Belarus,2009-05-01,0.91146098796,
Belarus,2009-06-01,0.94809606297,
Belarus,2009-07-01,0.93147823639,
Belarus,2009-08-01,0.95639740044,
Belarus,2009-09-01,0.94631894279,
Belarus,2009-10-01,0.9660441343,
Belarus,2009-11-01,0.9770173985,
Belarus,2009-12-01,0.96821730583,
Belarus,2010-01-01,1.0,
Belarus,2010-02-01,0.99273524392,
Belarus,2010-03-01,1.01045753555,
Belarus,2010-04-01,1.03175682685,
Belarus,2010-05-01,1.00751247141,
Belarus,2010-06-01,1.00288539587,
Belarus,2010-07-01,0.99938480429,
Belarus,2010-08-01,1.00430099499,
Belarus,2010-09-01,1.00899485474,
Belarus,2010-10-01,1.03004282336,
Belarus,2010-11-01,1.04065183349,
Belarus,2010-12-01,1.06112465925,
Belarus,2011-01-01,1.13178879658,
Belarus,2011-02-01,1.15261196583,
Belarus,2011-03-01,1.19389170485,
Belarus,2011-04-01,1.22298077828,
Belarus,2011-05-01,1.19315313879,
Belarus,2011-06-01,1.18593841395,
Belarus,2011-07-01,1.19349041795,
Belarus,2011-08-01,1.1686468724,
Belarus,2011-09-01,1.16928005125,
Belarus,2011-10-01,1.16413677218,
Belarus,2011-11-01,1.17813797363,
Belarus,2011-12-01,1.17272408263,
Belarus,2012-01-01,1.17230363319,
Belarus,2012-02-01,1.1909340355,
Belarus,2012-03-01,1.20848528895,
Belarus,2012-04-01,1.19382478942,
Belarus,2012-05-01,1.16048613931,
Belarus,2012-06-01,1.11531140304,
Belarus,2012-07-01,1.13681240812,
Belarus,2012-08-01,1.16424004132,
Belarus,2012-09-01,1.16754508748,
Belarus,2012-10-01,1.15781601234,
Belarus,2012-11-01,1.14992505356,
Belarus,2012-12-01,1.1502088298,
Belarus,2013-01-01,1.15366970045,
Belarus,2013-02-01,1.16142094185,
Belarus,2013-03-01,1.1441282355,
Belarus,2013-04-01,1.13188860751,
Belarus,2013-05-01,1.13339454504,
Belarus,2013-06-01,1.13338820447,
Belarus,2013-07-01,1.15064224579,
Belarus,2013-08-01,1.16010709643,
Belarus,2013-09-01,1.16172427221,
Belarus,2013-10-01,1.1508074404,
Belarus,2013-11-01,1.14096876581,
Belarus,2013-12-01,1.15020715692,
Belarus,2014-01-01,1.13731028224,
Belarus,2014-02-01,1.14705729835,
Belarus,2014-03-01,1.14552143355,
Belarus,2014-04-01,1.14777806066,
Belarus,2014-05-01,1.15022063071,
Belarus,2014-06-01,1.15857643529,
Belarus,2014-07-01,1.14847107756,
Belarus,2014-08-01,1.13182288508,
Belarus,2014-09-01,1.11743722535,
Belarus,2014-10-01,1.08523912631,
Belarus,2014-11-01,1.05398840678,
Belarus,2014-12-01,0.99952202239,
Belarus,2015-01-01,0.95205474707,
Belarus,2015-02-01,0.97556609121,
Belarus,2015-03-01,0.96798144624,
Belarus,2015-04-01,0.98344693392,
Belarus,2015-05-01,0.99939029255,
Belarus,2015-06-01,0.99503000942,
Belarus,2015-07-01,0.97210728903,
Belarus,2015-08-01,0.94294304833,
Belarus,2015-09-01,0.94403339234,
Belarus,2015-10-01,0.94619215038,
Belarus,2015-11-01,0.93308761,
Belarus,2015-12-01,0.91129689785,
Belarus,2016-01-01,0.89963212588,
Belarus,2016-02-01,,
Belarus,2016-03-01,,
Belarus,2016-04-01,,
Belarus,2016-05-01,,
Belarus,2016-06-01,,
Belarus,2016-07-01,,
Belarus,2016-08-01,,
Belarus,2016-09-01,,
Belarus,2016-10-01,,
Belarus,2016-11-01,,
Belarus,2016-12-01,,
Belarus,2017-01-01,,
Belarus,2017-02-01,,
Belarus,2017-03-01,,
Belarus,2017-04-01,,
Belarus,2017-05-01,,
Belarus,2017-06-01,,
Belarus,2017-07-01,,
Belarus,2017-08-01,,
Belarus,2017-09-01,,
Belarus,2017-10-01,,
Belarus,2017-11-01,,
Belarus,2017-12-01,,
Belarus,2018-01-01,,
Belarus,2018-02-01,,
Belarus,2018-03-01,,
Belarus,2018-04-01,,
Belarus,2018-05-01,,
Belarus,2018-06-01,,
Belarus,2018-07-01,,
Belarus,2018-08-01,,
Belarus,2018-09-01,,
Belarus,2018-10-01,,
Belarus,2018-11-01,,
Belarus,2018-12-01,,
Belarus,2019-01-01,,
Belarus,2019-02-01,,
Belarus,2019-03-01,,
Belarus,2019-04-01,,
Belarus,2019-05-01,,
Belarus,2019-06-01,,
Belarus,2019-07-01,,
Belarus,2019-08-01,,
Belarus,2019-09-01,,
Belarus,2019-10-01,,
Belarus,2019-11-01,,
Belarus,2019-12-01,,
Belarus,2020-01-01,,
Belarus,2020-02-01,,
Belarus,2020-03-01,,
Belarus,2020-04-01,,
Belarus,2020-05-01,,
Belarus,2020-06-01,,
Belarus,2020-07-01,,
Belarus,2020-08-01,,
Belarus,2020-09-01,,
Belarus,2020-10-01,,
Belarus,2020-11-01,,
Belarus,2020-12-01,,
Brazil,2005-01-01,0.76817702845,23.51690606214
Brazil,2005-02-01,0.77449947313,26.50238097066
Brazil,2005-03-01,0.78503688093,26.50430149107
Brazil,2005-04-01,0.81032665964,25.67275510803
Brazil,2005-05-01,0.81032665964,26.27887060398
Brazil,2005-06-01,0.81875658588,27.32929755978
Brazil,2005-07-01,0.81454162276,27.58193863719
Brazil,2005-08-01,0.83561643836,29.66977809063
Brazil,2005-09-01,0.83561643836,33.8118044307
Brazil,2005-10-01,0.85353003161,34.27615792255
Brazil,2005-11-01,0.84510010537,36.55879998231
Brazil,2005-12-01,0.83772391992,37.642768375
Brazil,2006-01-01,0.83561643836,41.42291236398
Brazil,2006-02-01,0.8387776607,45.06015902956
Brazil,2006-03-01,0.86406743941,45.53609246537
Brazil,2006-04-01,0.86933614331,47.76364679686
Brazil,2006-05-01,0.88303477345,46.56032649857
Brazil,2006-06-01,0.88935721812,40.50700025699
Brazil,2006-07-01,0.87776606955,42.98067597553
Brazil,2006-08-01,0.8904109589,44.39141759457
Brazil,2006-09-01,0.88514225501,43.25789228272
Brazil,2006-10-01,0.87776606955,46.63860939997
Brazil,2006-11-01,0.87671232877,49.4988425953
Brazil,2006-12-01,0.86406743941,52.26047019664
Brazil,2007-01-01,0.85985247629,52.6823218958
Brazil,2007-02-01,0.86933614331,55.85131277073
Brazil,2007-03-01,0.86301369863,54.68928757549
Brazil,2007-04-01,0.9009483667,61.32552478704
Brazil,2007-05-01,0.91570073762,67.1440236926
Brazil,2007-06-01,0.93361433087,71.9555978889
Brazil,2007-07-01,0.93993677555,77.45638056769
Brazil,2007-08-01,0.95679662803,69.0004520517
Brazil,2007-09-01,0.95574288725,77.0647378809
Brazil,2007-10-01,0.96417281349,90.39898316928
Brazil,2007-11-01,0.98735511064,91.47259586715
Brazil,2007-12-01,1.00105374078,92.2128396597
Brazil,2008-01-01,1.01369863014,87.10112126103
Brazil,2008-02-01,1.05479452055,94.02533867275
Brazil,2008-03-01,1.08535300316,93.49068228153
Brazil,2008-04-01,1.12855637513,98.75009959173
Brazil,2008-05-01,1.13066385669,111.32071568027
Brazil,2008-06-01,1.1822971549,107.70071700293
Brazil,2008-07-01,1.22444678609,97.4391933052
Brazil,2008-08-01,1.21707060063,89.2050357319
Brazil,2008-09-01,1.21074815595,73.15109274015
Brazil,2008-10-01,1.16438356164,45.59145326518
Brazil,2008-11-01,1.12644889357,41.26267953497
Brazil,2008-12-01,1.05163329821,40.53269081821
Brazil,2009-01-01,1.07060063224,44.46295817662
Brazil,2009-02-01,0.99789251844,45.02011124684
Brazil,2009-03-01,0.99894625922,44.30070634893
Brazil,2009-04-01,0.98208640674,53.18614321256
Brazil,2009-05-01,0.98208640674,64.04678082942
Brazil,2009-06-01,1.00737618546,68.94233549377
Brazil,2009-07-01,1.01369863014,70.11222374144
Brazil,2009-08-01,1.01264488936,79.62527504528
Brazil,2009-09-01,1.01369863014,84.47094429211
Brazil,2009-10-01,1.02002107482,95.40510610454
Brazil,2009-11-01,1.02212855638,99.16399711665
Brazil,2009-12-01,1.01159114858,100.85965210095
Brazil,2010-01-01,1.0,100.0
Brazil,2010-02-01,1.02739726027,93.01196639355
Brazil,2010-03-01,1.01896733404,100.3049138409
Brazil,2010-04-01,1.04425711275,102.9692478908
Brazil,2010-05-01,1.06006322445,89.5377288438
Brazil,2010-06-01,1.05584826133,90.86708797275
Brazil,2010-07-01,1.03582718651,93.99118676983
Brazil,2010-08-01,1.06322444679,98.14421329725
Brazil,2010-09-01,1.04214963119,102.321585123
Brazil,2010-10-01,1.06006322445,108.7326439307
Brazil,2010-11-01,1.0779768177,106.59174915453
Brazil,2010-12-01,1.08113804004,104.91527470915
Brazil,2011-01-01,1.11380400421,108.0056338615
Brazil,2011-02-01,1.13277133825,103.44901327123
Brazil,2011-03-01,1.17597471022,105.09377119798
Brazil,2011-04-01,1.21812434141,110.37166109385
Brazil,2011-05-01,1.22866174921,102.43205687528
Brazil,2011-06-01,1.22128556375,101.82478979824
Brazil,2011-07-01,1.22655426765,100.31000028538
Brazil,2011-08-01,1.24025289779,87.51087892326
Brazil,2011-09-01,1.21601685985,82.14400942368
Brazil,2011-10-01,1.21074815595,80.25199603698
Brazil,2011-11-01,1.21285563751,82.59943432115
Brazil,2011-12-01,1.22550052687,80.94917119594
Brazil,2012-01-01,1.20126448894,88.00932848027
Brazil,2012-02-01,1.21601685985,98.86464904573
Brazil,2012-03-01,1.23709167545,96.36844960164
Brazil,2012-04-01,1.25079030558,87.45117722022
Brazil,2012-05-01,1.23814541623,74.62857828007
Brazil,2012-06-01,1.20864067439,69.09362399281
Brazil,2012-07-01,1.18967334036,69.8176050428
Brazil,2012-08-01,1.18018967334,74.43762502343
Brazil,2012-09-01,1.19388830348,76.82711919535
Brazil,2012-10-01,1.1875658588,74.84392672767
Brazil,2012-11-01,1.1981032666,71.68113597695
Brazil,2012-12-01,1.19388830348,74.30689202105
Brazil,2013-01-01,1.19915700738,78.64426195926
Brazil,2013-02-01,1.21496311907,76.0189938046
Brazil,2013-03-01,1.21707060063,74.26786563043
Brazil,2013-04-01,1.22760800843,70.94122260946
Brazil,2013-05-01,1.22444678609,70.58250500385
Brazil,2013-06-01,1.20653319283,59.22991469438
Brazil,2013-07-01,1.18967334036,54.23375333291
Brazil,2013-08-01,1.18545837724,55.33501109787
Brazil,2013-09-01,1.1928345627,61.41180913674
Brazil,2013-10-01,1.1822971549,64.12298729905
Brazil,2013-11-01,1.19178082192,59.56310179008
Brazil,2013-12-01,1.19704952582,56.17141382173
Brazil,2014-01-01,1.16965226554,53.49739736706
Brazil,2014-02-01,1.18124341412,51.59352356159
Brazil,2014-03-01,1.19704952582,52.49350587097
Brazil,2014-04-01,1.20021074816,59.82929247653
Brazil,2014-05-01,1.1928345627,62.02967985239
Brazil,2014-06-01,1.20126448894,62.2564049568
Brazil,2014-07-01,1.18861959958,65.03034142777
Brazil,2014-08-01,1.1875658588,66.0725475867
Brazil,2014-09-01,1.16965226554,64.80970269267
Brazil,2014-10-01,1.16438356164,57.55438932116
Brazil,2014-11-01,1.16332982086,54.50726910031
Brazil,2014-12-01,1.12539515279,49.11489141372
Brazil,2015-01-01,1.10642781876,47.62621918059
Brazil,2015-02-01,1.07376185458,46.13259954659
Brazil,2015-03-01,1.03582718651,41.60856142619
Brazil,2015-04-01,1.05900948367,46.5246573783
Brazil,2015-05-01,1.06111696523,47.30106004699
Brazil,2015-06-01,1.04425711275,44.61928753651
Brazil,2015-07-01,1.03793466807,41.50657469783
Brazil,2015-08-01,1.04214963119,35.10297364855
Brazil,2015-09-01,1.01896733404,30.9069987618
Brazil,2015-10-01,1.02002107482,31.5972714092
Brazil,2015-11-01,0.98630136986,32.33474015278
Brazil,2015-12-01,0.99157007376,29.99233441868
Brazil,2016-01-01,0.96311907271,25.12951552834
Brazil,2016-02-01,0.95152792413,26.76772466402
Brazil,2016-03-01,0.93677555321,34.52171634314
Brazil,2016-04-01,0.95890410959,37.8102563393
Brazil,2016-05-01,0.90937829294,37.39594711866
Brazil,2016-06-01,0.93150684932,38.09911738903
Brazil,2016-07-01,0.95047418335,43.516201134
Brazil,2016-08-01,0.95574288725,46.86025711279
Brazil,2016-09-01,0.94942044257,46.58719516995
Brazil,2016-10-01,0.95679662803,51.01355617202
Brazil,2016-11-01,0.95152792413,48.02943131766
Brazil,2016-12-01,0.95363540569,45.72627290021
Brazil,2017-01-01,0.95258166491,51.55849870278
Brazil,2017-02-01,0.97260273973,55.5553157251
Brazil,2017-03-01,0.98840885142,53.95378284488
Brazil,2017-04-01,1.00421496312,53.25554313686
Brazil,2017-05-01,0.9947312961,52.72856779496
Brazil,2017-06-01,0.99157007376,48.7663404266
Brazil,2017-07-01,0.98314014752,52.27054809976
Brazil,2017-08-01,0.9841938883,56.56471986946
Brazil,2017-09-01,0.97365648051,61.47041189413
Brazil,2017-10-01,0.9947312961,61.80266145988
Brazil,2017-11-01,1.0052687039,58.40961795548
Brazil,2017-12-01,1.01791359326,58.19163579766
Brazil,2018-01-01,1.00948366702,65.67726366489
Brazil,2018-02-01,1.03582718651,67.6366765999
Brazil,2018-03-01,1.05163329821,67.446215406
Brazil,2018-04-01,1.07903055848,64.73776949821
Brazil,2018-05-01,1.0727081138,58.74267967331
Brazil,2018-06-01,1.06006322445,49.78846951862
Brazil,2018-07-01,1.05268703899,52.27173040683
Brazil,2018-08-01,1.05584826133,51.37940387929
Brazil,2018-09-01,1.06006322445,48.71012830005
Brazil,2018-10-01,1.05057955743,58.1164953561
Brazil,2018-11-01,1.04952581665,59.65398041198
Brazil,2018-12-01,1.06849315068,58.11249758132
Brazil,2019-01-01,1.02212855638,65.59883157026
Brazil,2019-02-01,1.0210748156,67.3898811231
Brazil,2019-03-01,1.02528977871,65.06644817377
Brazil,2019-04-01,1.02423603793,63.42237567249
Brazil,2019-05-01,1.03477344573,61.04347447257
Brazil,2019-06-01,1.01264488936,66.56321147438
Brazil,2019-07-01,1.03688092729,70.98270145224
Brazil,2019-08-01,1.00210748156,64.81104170417
Brazil,2019-09-01,0.9894625922,65.19027672145
Brazil,2019-10-01,0.99262381454,66.41492889318
Brazil,2019-11-01,0.99789251844,67.20035103392
Brazil,2019-12-01,0.9947312961,71.06909394734
Brazil,2020-01-01,0.96733403583,72.96108550514
Brazil,2020-02-01,0.96733403583,67.59947575673
Brazil,2020-03-01,0.98103266596,43.88287322592
Brazil,2020-04-01,0.94836670179,37.78958320947
Brazil,2020-05-01,0.90727081138,37.5039114211
Brazil,2020-06-01,0.94204425711,47.00965078784
Brazil,2020-07-01,0.94836670179,49.66530957656
Brazil,2020-08-01,0.94415173867,48.43227356297
Brazil,2020-09-01,0.9220231823,47.25253009114
Brazil,2020-10-01,0.91886195996,45.10469723024
Brazil,2020-11-01,0.89462592202,50.40084117798
Brazil,2020-12-01,0.92623814542,58.3873170248
Canada,2005-01-01,0.83507477771,66.34973010506
Canada,2005-02-01,0.83662374481,68.86555061063
Canada,2005-03-01,0.84673458036,71.38163206282
Canada,2005-04-01,0.84680442816,68.57732591034
Canada,2005-05-01,0.84494458116,67.55355901319
Canada,2005-06-01,0.8477828941,71.14449815194
Canada,2005-07-01,0.85095142003,74.97458227736
Canada,2005-08-01,0.86263197104,78.53544289234
Canada,2005-09-01,0.87281650532,82.96337262271
Canada,2005-10-01,0.88070805475,79.68714547246
Canada,2005-11-01,0.87705143858,81.41531029261
Canada,2005-12-01,0.88320575392,85.95162822858
Canada,2006-01-01,0.89254764313,90.22387619191
Canada,2006-02-01,0.90291400011,91.69360757838
Canada,2006-03-01,0.8972966179,92.58484638949
Canada,2006-04-01,0.90585476198,96.21151107673
Canada,2006-05-01,0.9188193709,96.19269160174
Canada,2006-06-01,0.92096529499,91.09300391356
Canada,2006-07-01,0.92481964308,92.37125985762
Canada,2006-08-01,0.93361874085,96.23072255972
Canada,2006-09-01,0.93123354978,94.3271099325
Canada,2006-10-01,0.92325864327,94.9322619594
Canada,2006-11-01,0.91743771101,97.80408927325
Canada,2006-12-01,0.91524702358,99.74730360677
Canada,2007-01-01,0.91621493092,96.99875327064
Canada,2007-02-01,0.91510945824,100.93940287892
Canada,2007-03-01,0.91845293288,99.7243354693
Canada,2007-04-01,0.93115459837,106.78808491537
Canada,2007-05-01,0.94731034926,113.82632668054
Canada,2007-06-01,0.94762153723,117.04851633202
Canada,2007-07-01,0.95062548525,120.85796861894
Canada,2007-08-01,0.95159465271,113.35591883115
Canada,2007-09-01,0.96239200663,121.15771600961
Canada,2007-10-01,0.97727506627,130.53299584576
Canada,2007-11-01,0.98245475896,127.16940590871
Canada,2007-12-01,0.98739263185,121.9769354072
Canada,2008-01-01,0.98580757168,116.97198468539
Canada,2008-02-01,0.99953071459,119.55454854904
Canada,2008-03-01,1.01743808201,118.31206648389
Canada,2008-04-01,1.02941574888,122.72891236952
Canada,2008-05-01,1.04847089742,130.77228592082
Canada,2008-06-01,1.06006476952,129.50658910118
Canada,2008-07-01,1.08353051862,120.3492613191
Canada,2008-08-01,1.07230566907,113.39996823222
Canada,2008-09-01,1.06783391825,105.33238818502
Canada,2008-10-01,1.01615600945,74.53632948315
Canada,2008-11-01,0.98021866553,66.46561269649
Canada,2008-12-01,0.96459328437,61.49618309296
Canada,2009-01-01,0.95491044228,65.03806040613
Canada,2009-02-01,0.94524853174,60.69071223175
Canada,2009-03-01,0.9379828104,58.95056299106
Canada,2009-04-01,0.94121939337,67.45956124437
Canada,2009-05-01,0.95558144961,78.15936616811
Canada,2009-06-01,0.95810271519,82.37595375147
Canada,2009-07-01,0.96140706485,82.28836416042
Canada,2009-08-01,0.97395471198,88.91531687794
Canada,2009-09-01,0.97971404285,93.16428685412
Canada,2009-10-01,0.98881594671,95.79246526401
Canada,2009-11-01,0.99450138047,96.49130494411
Canada,2009-12-01,0.99745315836,98.1168784296
Canada,2010-01-01,1.0,100.0
Canada,2010-02-01,1.00097198496,97.03953377269
Canada,2010-03-01,1.01692935351,104.66724145354
Canada,2010-04-01,1.02293605075,108.24821020181
Canada,2010-05-01,1.01248692793,101.61321997475
Canada,2010-06-01,1.00924559732,100.55662139888
Canada,2010-07-01,1.00899553768,99.23730240068
Canada,2010-08-01,1.01558005646,100.77044094805
Canada,2010-09-01,1.0227707152,105.32828835994
Canada,2010-10-01,1.03196558871,110.48250943667
Canada,2010-11-01,1.03952038136,113.5001096561
Canada,2010-12-01,1.04772999941,117.82643944033
Canada,2011-01-01,1.06467101892,120.60025837827
Canada,2011-02-01,1.08058586447,126.01367278751
Canada,2011-03-01,1.09810252145,127.65451952867
Canada,2011-04-01,1.11700204751,130.5066420965
Canada,2011-05-01,1.11232149649,125.95060900696
Canada,2011-06-01,1.10799294785,120.22871054776
Canada,2011-07-01,1.12572470484,124.51061100535
Canada,2011-08-01,1.11773420025,112.81176692471
Canada,2011-09-01,1.1151060096,108.33786469995
Canada,2011-10-01,1.10273450113,104.73258700603
Canada,2011-11-01,1.10215343198,105.10717930372
Canada,2011-12-01,1.09723936978,103.63614587029
Canada,2012-01-01,1.10776522496,108.95904532585
Canada,2012-02-01,1.11570955654,112.64723869903
Canada,2012-03-01,1.12202226539,112.28099393404
Canada,2012-04-01,1.12158607575,109.41349883656
Canada,2012-05-01,1.10820666419,103.1718750265
Canada,2012-06-01,1.09020144056,100.1280403543
Canada,2012-07-01,1.08857664074,102.65456038191
Canada,2012-08-01,1.10026116682,107.47842118994
Canada,2012-09-01,1.11142837357,112.34903824105
Canada,2012-10-01,1.10568345892,111.80434062827
Canada,2012-11-01,1.10129422943,109.1703163086
Canada,2012-12-01,1.10360005414,111.13555484095
Canada,2013-01-01,1.10151519059,114.30932638343
Canada,2013-02-01,1.09537481097,112.93199321024
Canada,2013-03-01,1.09513501146,111.63926573404
Canada,2013-04-01,1.0844646139,108.05938210341
Canada,2013-05-01,1.07455583151,110.34336892661
Canada,2013-06-01,1.07277248744,106.02483974843
Canada,2013-07-01,1.07024616668,107.40626404073
Canada,2013-08-01,1.07438310972,108.53719123271
Canada,2013-09-01,1.08503222397,110.89524633818
Canada,2013-10-01,1.0817088834,112.71590796451
Canada,2013-11-01,1.07324904543,114.29628774524
Canada,2013-12-01,1.06552254748,112.21891503056
Canada,2014-01-01,1.05983308007,112.23056125938
Canada,2014-02-01,1.06336626252,113.00503719805
Canada,2014-03-01,1.06900050491,115.03848422766
Canada,2014-04-01,1.07047637072,117.58864292985
Canada,2014-05-01,1.07522882922,120.25136464115
Canada,2014-06-01,1.07241679365,123.66921271715
Canada,2014-07-01,1.07545912311,127.2292635967
Canada,2014-08-01,1.06596331206,126.06739349955
Canada,2014-09-01,1.06674364283,124.75208135303
Canada,2014-10-01,1.0570361405,115.39397868959
Canada,2014-11-01,1.04508587501,117.07730802921
Canada,2014-12-01,1.02861981141,111.16243993662
Canada,2015-01-01,1.0049155843,106.73970031207
Canada,2015-02-01,0.99677267936,108.46100598377
Canada,2015-03-01,0.99419854355,105.88155987863
Canada,2015-04-01,0.99824950652,111.04380995728
Canada,2015-05-01,1.00585661651,111.13881784045
Canada,2015-06-01,0.99928140111,107.41021259884
Canada,2015-07-01,0.98305344207,100.41121990213
Canada,2015-08-01,0.96911696273,95.23870261102
Canada,2015-09-01,0.96691140062,90.76822768304
Canada,2015-10-01,0.97224100432,94.16027728033
Canada,2015-11-01,0.96646474118,90.51917692528
Canada,2015-12-01,0.9496648579,85.67281711481
Canada,2016-01-01,0.94114395797,78.1333647053
Canada,2016-02-01,0.94041672433,82.00384713502
Canada,2016-03-01,0.95009578009,90.60886979541
Canada,2016-04-01,0.95741981935,95.32649248853
Canada,2016-05-01,0.95472703184,95.803876161
Canada,2016-06-01,0.95836422164,97.51413253428
Canada,2016-07-01,0.96142922207,99.06740724
Canada,2016-08-01,0.96039239731,101.11392445532
Canada,2016-09-01,0.95975026801,99.91581771506
Canada,2016-10-01,0.95815289088,99.41938690841
Canada,2016-11-01,0.9572952349,98.64800162734
Canada,2016-12-01,0.96034602455,102.3557099411
Canada,2017-01-01,0.96718357899,105.02865057035
Canada,2017-02-01,0.97446069262,106.7923727679
Canada,2017-03-01,0.97596587657,103.7627693939
Canada,2017-04-01,0.97450986924,104.0611087471
Canada,2017-05-01,0.9709131482,101.96756939327
Canada,2017-06-01,0.97348654617,103.08975389431
Canada,2017-07-01,0.98112453662,106.90068812745
Canada,2017-08-01,0.98323412185,107.27266135274
Canada,2017-09-01,0.99543401192,111.26047887008
Canada,2017-10-01,0.9928206852,112.41574158363
Canada,2017-11-01,0.99510240033,112.3679117988
Canada,2017-12-01,0.99567373988,112.55096336804
Canada,2018-01-01,1.00606694998,116.71797572209
Canada,2018-02-01,1.00864894553,109.81439681282
Canada,2018-03-01,1.00740271279,107.18588097755
Canada,2018-04-01,1.01167743358,108.09167429313
Canada,2018-05-01,1.01305291598,111.07915961788
Canada,2018-06-01,1.01008386032,110.81723956887
Canada,2018-07-01,1.0152459716,111.97628622036
Canada,2018-08-01,1.01334980188,112.07289119211
Canada,2018-09-01,1.01610806287,110.71542163367
Canada,2018-10-01,1.01928902739,106.13665139194
Canada,2018-11-01,1.02368501908,102.66965950352
Canada,2018-12-01,1.0174874744,96.91300643786
Canada,2019-01-01,1.01691960993,101.19961475906
Canada,2019-02-01,1.01714678458,107.13001452972
Canada,2019-03-01,1.01717663516,107.87986533662
Canada,2019-04-01,1.01724778581,110.14683102106
Canada,2019-05-01,1.01432880126,108.44052949133
Canada,2019-06-01,1.01413030265,109.99446689949
Canada,2019-07-01,1.01297947319,112.8260612451
Canada,2019-08-01,1.00511425424,109.44060445612
Canada,2019-09-01,1.00663202875,112.72222559858
Canada,2019-10-01,1.0203198358,111.30652292809
Canada,2019-11-01,1.01866548963,114.36934427963
Canada,2019-12-01,1.02349801258,115.60239951218
Canada,2020-01-01,1.02916478144,118.82988184364
Canada,2020-02-01,1.01945968338,118.13774244601
Canada,2020-03-01,1.00308447168,88.66972877279
Canada,2020-04-01,0.98619976733,89.61720307526
Canada,2020-05-01,0.98466410142,95.36270592674
Canada,2020-06-01,0.99878655668,102.15779124326
Canada,2020-07-01,1.00292539907,105.66797062483
Canada,2020-08-01,1.01111438758,112.13094431553
Canada,2020-09-01,1.02325423487,109.89362717644
Canada,2020-10-01,1.03102916344,109.95857993455
Canada,2020-11-01,1.03651117612,114.48617367655
Canada,2020-12-01,1.04327515687,122.3918689574
Switzerland,2005-01-01,0.8076880398,76.78969700125
Switzerland,2005-02-01,0.78416341477,77.93801667152
Switzerland,2005-03-01,0.78591111686,80.12067240348
Switzerland,2005-04-01,0.80445155444,78.5403693615
Switzerland,2005-05-01,0.81874757264,77.92022512218
Switzerland,2005-06-01,0.82154944425,77.79048829042
Switzerland,2005-07-01,0.81296813449,78.39884508433
Switzerland,2005-08-01,0.83391281833,82.4526251743
Switzerland,2005-09-01,0.83884152318,84.04584857253
Switzerland,2005-10-01,0.84574910765,84.98160671133
Switzerland,2005-11-01,0.85927761647,88.31886724687
Switzerland,2005-12-01,0.90174955152,91.29967624963
Switzerland,2006-01-01,0.88625141018,95.67401926274
Switzerland,2006-02-01,0.92182500786,95.45316091035
Switzerland,2006-03-01,0.93089641397,96.59624107981
Switzerland,2006-04-01,1.01155887629,99.25781506481
Switzerland,2006-05-01,1.01436074791,101.21903746388
Switzerland,2006-06-01,0.99592202844,95.09815650489
Switzerland,2006-07-01,1.01191951323,98.24250009778
Switzerland,2006-08-01,1.03083908195,102.49595249008
Switzerland,2006-09-01,0.97553217066,104.75125191321
Switzerland,2006-10-01,0.94675519225,107.66524077901
Switzerland,2006-11-01,0.90830574615,111.16720261085
Switzerland,2006-12-01,0.84163414769,113.14142764945
Switzerland,2007-01-01,0.86545467996,114.56838669959
Switzerland,2007-02-01,0.858685802,117.55772040803
Switzerland,2007-03-01,0.82706071647,114.95347473259
Switzerland,2007-04-01,0.82675556213,120.48483660791
Switzerland,2007-05-01,0.82783747295,121.45468341454
Switzerland,2007-06-01,0.85591167169,118.43362088842
Switzerland,2007-07-01,0.87705054465,119.09824529272
Switzerland,2007-08-01,0.88167409517,114.08421646067
Switzerland,2007-09-01,0.89271513381,117.64428499137
Switzerland,2007-10-01,0.92014203547,121.45047931656
Switzerland,2007-11-01,0.93220950232,119.98236435286
Switzerland,2007-12-01,0.94135488524,119.79873141404
Switzerland,2008-01-01,0.92581975551,112.99622570382
Switzerland,2008-02-01,0.92502450482,109.32147726249
Switzerland,2008-03-01,0.89022766363,111.9939580565
Switzerland,2008-04-01,0.90099128923,115.37450245936
Switzerland,2008-05-01,0.90504151948,114.4323283119
Switzerland,2008-06-01,0.86303193949,110.00478674608
Switzerland,2008-07-01,0.86176508665,105.32431806414
Switzerland,2008-08-01,0.91493591759,104.20997266902
Switzerland,2008-09-01,0.92901000536,98.93392928543
Switzerland,2008-10-01,0.9624197814,83.61482979364
Switzerland,2008-11-01,0.98460357678,76.28734578617
Switzerland,2008-12-01,0.97015035786,76.74631046368
Switzerland,2009-01-01,0.98932884541,76.46460838779
Switzerland,2009-02-01,1.00215457454,67.84357903718
Switzerland,2009-03-01,1.01841097816,64.12845501338
Switzerland,2009-04-01,1.06305598195,70.00681122969
Switzerland,2009-05-01,1.09553180078,76.84253883894
Switzerland,2009-06-01,1.12739731094,78.81157685102
Switzerland,2009-07-01,1.15936453922,81.19087808317
Switzerland,2009-08-01,1.17192210242,89.29316046211
Switzerland,2009-09-01,1.2101866065,94.6919683163
Switzerland,2009-10-01,1.07393057277,97.7570142913
Switzerland,2009-11-01,1.0446912393,98.82127379494
Switzerland,2009-12-01,1.02272012724,99.24408325273
Switzerland,2010-01-01,1.0,100.0
Switzerland,2010-02-01,0.995515156,95.92087423526
Switzerland,2010-03-01,1.03258678404,101.50497479271
Switzerland,2010-04-01,1.03911523737,100.52186019061
Switzerland,2010-05-01,1.03889330695,88.88785852783
Switzerland,2010-06-01,1.00256144699,89.19338504877
Switzerland,2010-07-01,0.97472767287,92.46484748687
Switzerland,2010-08-01,0.94746721903,95.24566614608
Switzerland,2010-09-01,0.96499047549,100.68149510036
Switzerland,2010-10-01,1.00310702595,104.62679324607
Switzerland,2010-11-01,1.00726822141,104.36000726925
Switzerland,2010-12-01,0.99597751105,106.20476641649
Switzerland,2011-01-01,1.01400935807,107.99387446738
Switzerland,2011-02-01,1.00907140611,110.12636508506
Switzerland,2011-03-01,1.01499879788,108.99860417804
Switzerland,2011-04-01,0.98690610494,112.96712070725
Switzerland,2011-05-01,0.99744780011,117.63272222929
Switzerland,2011-06-01,0.97326663091,116.24837022014
Switzerland,2011-07-01,0.99770671894,115.73579767479
Switzerland,2011-08-01,0.98525087385,106.33915576586
Switzerland,2011-09-01,1.00963547928,98.17339402988
Switzerland,2011-10-01,1.01467514934,100.30214159422
Switzerland,2011-11-01,1.02793549222,96.95083819655
Switzerland,2011-12-01,1.01445321892,97.95750708666
Switzerland,2012-01-01,1.0367109911,101.91809368786
Switzerland,2012-02-01,1.02466201846,106.7057492686
Switzerland,2012-03-01,1.02807419874,107.63431948129
Switzerland,2012-04-01,1.04532928927,106.35410503417
Switzerland,2012-05-01,1.03709012225,99.45120179172
Switzerland,2012-06-01,1.03249431303,97.5715631118
Switzerland,2012-07-01,1.02384827357,100.58227839162
Switzerland,2012-08-01,1.02247045551,105.47601303812
Switzerland,2012-09-01,1.0080912134,109.61103674629
Switzerland,2012-10-01,0.97709493074,112.71871907753
Switzerland,2012-11-01,0.95834180984,112.50599978359
Switzerland,2012-12-01,0.94027297442,118.11082051749
Switzerland,2013-01-01,0.9212516876,124.29957225841
Switzerland,2013-02-01,0.93515932755,128.04425159157
Switzerland,2013-03-01,0.91561095597,129.45387507313
Switzerland,2013-04-01,0.87891845906,130.77191407605
Switzerland,2013-05-01,0.86959738122,133.97815572738
Switzerland,2013-06-01,0.88692644856,129.24897519494
Switzerland,2013-07-01,0.88470714431,131.59144632561
Switzerland,2013-08-01,0.86121026058,135.55707796173
Switzerland,2013-09-01,0.84056148397,136.96390567479
Switzerland,2013-10-01,0.83543859,140.73806443962
Switzerland,2013-11-01,0.83871206377,142.79250704755
Switzerland,2013-12-01,0.81020325128,141.6679412496
Switzerland,2014-01-01,0.81564979379,145.39907068451
Switzerland,2014-02-01,0.79860738658,147.72607923158
Switzerland,2014-03-01,0.80347136173,148.95754271927
Switzerland,2014-04-01,0.81239481423,150.33773163288
Switzerland,2014-05-01,0.83068558007,152.52892437559
Switzerland,2014-06-01,0.82186384568,152.47024244228
Switzerland,2014-07-01,0.83551256681,150.54381509708
Switzerland,2014-08-01,0.82320467533,146.67770879924
Switzerland,2014-09-01,0.8282813338,148.30254195827
Switzerland,2014-10-01,0.83149932496,140.84407365055
Switzerland,2014-11-01,0.82265909637,146.42213722756
Switzerland,2014-12-01,0.81466035398,145.97666776228
Switzerland,2015-01-01,0.80018864086,144.43795673896
Switzerland,2015-02-01,0.81527066265,147.29851193577
Switzerland,2015-03-01,0.82138299643,147.47126145532
Switzerland,2015-04-01,0.82096687688,152.66583226209
Switzerland,2015-05-01,0.81822048788,155.17873367136
Switzerland,2015-06-01,0.8291690555,153.19436682186
Switzerland,2015-07-01,0.84426032439,152.13971304817
Switzerland,2015-08-01,0.85102920235,149.56674546234
Switzerland,2015-09-01,0.8559579072,140.65035286441
Switzerland,2015-10-01,0.86519576113,141.97058450809
Switzerland,2015-11-01,0.85702132381,139.40495277912
Switzerland,2015-12-01,0.85708605352,138.12311680567
Switzerland,2016-01-01,0.86428029813,130.01447601399
Switzerland,2016-02-01,0.89244696788,125.21498789975
Switzerland,2016-03-01,0.91880120582,127.23085207578
Switzerland,2016-04-01,0.8998354016,130.0242718498
Switzerland,2016-05-01,0.88814706589,128.80082050307
Switzerland,2016-06-01,0.87361062307,129.11675999644
Switzerland,2016-07-01,0.88215494442,130.38543659656
Switzerland,2016-08-01,0.87790127795,132.87734320179
Switzerland,2016-09-01,0.88393963492,133.30616341262
Switzerland,2016-10-01,0.90192524644,128.77588148986
Switzerland,2016-11-01,0.88269127628,123.40016786573
Switzerland,2016-12-01,0.87318525642,125.3943732201
Switzerland,2017-01-01,,130.84699845299
Switzerland,2017-02-01,,133.2688657662
Switzerland,2017-03-01,,136.18349060825
Switzerland,2017-04-01,,136.61100074052
Switzerland,2017-05-01,,144.29706538745
Switzerland,2017-06-01,,146.14853002193
Switzerland,2017-07-01,,147.58235290638
Switzerland,2017-08-01,,146.87586116639
Switzerland,2017-09-01,,148.06138664907
Switzerland,2017-10-01,,148.5442651612
Switzerland,2017-11-01,,147.18010288732
Switzerland,2017-12-01,,150.05364701991
Switzerland,2018-01-01,,158.32607743786
Switzerland,2018-02-01,,151.1111598096
Switzerland,2018-03-01,,146.29135118644
Switzerland,2018-04-01,,142.67888672937
Switzerland,2018-05-01,,140.18419143424
Switzerland,2018-06-01,,136.44319505681
Switzerland,2018-07-01,,140.85715792072
Switzerland,2018-08-01,,144.85723995708
Switzerland,2018-09-01,,146.10044526597
Switzerland,2018-10-01,,140.74789767797
Switzerland,2018-11-01,,141.00471002812
Switzerland,2018-12-01,,137.72031023246
Switzerland,2019-01-01,,140.89934177411
Switzerland,2019-02-01,,145.16221434174
Switzerland,2019-03-01,,148.39559264935
Switzerland,2019-04-01,,150.2740821118
Switzerland,2019-05-01,,149.83055446091
Switzerland,2019-06-01,,157.08836362323
Switzerland,2019-07-01,,158.84771147862
Switzerland,2019-08-01,,157.21756073313
Switzerland,2019-09-01,,159.38522058899
Switzerland,2019-10-01,,158.87986537539
Switzerland,2019-11-01,,164.71813947156
Switzerland,2019-12-01,,168.35564101609
Switzerland,2020-01-01,,174.844967603
Switzerland,2020-02-01,,175.86586152833
Switzerland,2020-03-01,,149.44944238677
Switzerland,2020-04-01,,155.12405437778
Switzerland,2020-05-01,,157.46002655261
Switzerland,2020-06-01,,166.99584758359
Switzerland,2020-07-01,,173.41785986424
Switzerland,2020-08-01,,176.83528004921
Switzerland,2020-09-01,,178.3204746897
Switzerland,2020-10-01,,174.60809158362
Switzerland,2020-11-01,,180.32949043612
Switzerland,2020-12-01,,185.36194487475
Chile,2005-01-01,0.84656366542,40.78475695371
Chile,2005-02-01,0.84049014385,42.81866769892
Chile,2005-03-01,0.84464571124,43.87501318028
Chile,2005-04-01,0.87238501154,45.46088139532
Chile,2005-05-01,0.88698277393,45.36049509269
Chile,2005-06-01,0.90179364234,46.51208617503
Chile,2005-07-01,0.92122180785,49.00788901429
Chile,2005-08-01,0.93315574498,52.21196629396
Chile,2005-09-01,0.94199964482,52.83647567842
Chile,2005-10-01,0.95286805186,52.96504579262
Chile,2005-11-01,0.95169596874,51.62805765339
Chile,2005-12-01,0.94359793998,51.54837801155
Chile,2006-01-01,0.90683715148,52.33147059404
Chile,2006-02-01,0.90118984195,54.13056675328
Chile,2006-03-01,0.9049191973,54.49745057523
Chile,2006-04-01,0.92967501332,56.38335353976
Chile,2006-05-01,0.94342035162,55.85894428497
Chile,2006-06-01,0.95780500799,51.26899071699
Chile,2006-07-01,0.98391049547,51.90188676936
Chile,2006-08-01,0.99126265317,53.48768172908
Chile,2006-09-01,0.99094299414,55.26361061239
Chile,2006-10-01,0.97698454981,59.21595240136
Chile,2006-11-01,0.96579648375,62.66203316733
Chile,2006-12-01,0.95141182738,66.92174099512
Chile,2007-01-01,0.91394068549,68.74799230092
Chile,2007-02-01,0.90808026993,73.25216358374
Chile,2007-03-01,0.91394068549,71.88492529245
Chile,2007-04-01,0.94643935358,77.36710050916
Chile,2007-05-01,0.9645533653,82.24695221447
Chile,2007-06-01,0.98320014207,85.35140863064
Chile,2007-07-01,1.00507902682,87.07309313484
Chile,2007-08-01,1.0227668265,81.92704244458
Chile,2007-09-01,1.03896288403,83.10136082099
Chile,2007-10-01,1.05778724916,90.93841203147
Chile,2007-11-01,1.06790978512,84.22806221822
Chile,2007-12-01,1.07345054164,83.05765191745
Chile,2008-01-01,1.05522997691,76.21038141096
Chile,2008-02-01,1.06599183094,81.47413957085
Chile,2008-03-01,1.08655656189,85.52032468361
Chile,2008-04-01,1.1396554786,89.09448397895
Chile,2008-05-01,1.1627774818,84.59253234907
Chile,2008-06-01,1.17865388031,81.89158689121
Chile,2008-07-01,1.19566684426,75.94184102969
Chile,2008-08-01,1.19076540579,75.21555668766
Chile,2008-09-01,1.17233173504,69.67724028878
Chile,2008-10-01,1.13184159119,52.11565639391
Chile,2008-11-01,1.09273663648,51.28278615369
Chile,2008-12-01,1.04649263008,48.11676732187
Chile,2009-01-01,0.95943882081,53.5647513804
Chile,2009-02-01,0.92416977446,57.20442784089
Chile,2009-03-01,0.90701473983,55.67718331496
Chile,2009-04-01,0.92757947079,60.20520120759
Chile,2009-05-01,0.9319481442,70.24559723001
Chile,2009-06-01,0.93972651394,76.47791169168
Chile,2009-07-01,0.95290356953,78.4311094337
Chile,2009-08-01,0.96600958977,79.64240035944
Chile,2009-09-01,0.9810335642,79.29026806306
Chile,2009-10-01,1.0109039247,83.64691965169
Chile,2009-11-01,1.02006748357,87.2544921125
Chile,2009-12-01,1.0214526727,91.6944953486
Chile,2010-01-01,1.0,100.0
Chile,2010-02-01,0.99712306873,95.45751906261
Chile,2010-03-01,0.99776238679,96.53617162451
Chile,2010-04-01,1.01001598295,98.33385517025
Chile,2010-05-01,1.0116142781,95.82318894112
Chile,2010-06-01,1.01065530101,99.31842838197
Chile,2010-07-01,0.99634167999,106.41003936299
Chile,2010-08-01,0.99836618718,117.45679551086
Chile,2010-09-01,1.0059314509,128.03821522256
Chile,2010-10-01,1.02827206535,131.90652192832
Chile,2010-11-01,1.03999289647,137.71567298602
Chile,2010-12-01,1.05032853845,139.31691547086
Chile,2011-01-01,1.05416444681,133.12262217479
Chile,2011-02-01,1.0655656189,126.45271717359
Chile,2011-03-01,1.07941751021,124.36701858128
Chile,2011-04-01,1.1097851181,134.09881673952
Chile,2011-05-01,1.11798969988,137.80379694977
Chile,2011-06-01,1.11809625289,134.58635381951
Chile,2011-07-01,1.09334043687,134.74032818217
Chile,2011-08-01,1.08982418753,119.62203949738
Chile,2011-09-01,1.09078316462,111.06157949064
Chile,2011-10-01,1.10360504351,105.30634494327
Chile,2011-11-01,1.10797371692,110.63014820255
Chile,2011-12-01,1.11127686024,107.32805018669
Chile,2012-01-01,1.11308826141,112.81932974472
Chile,2012-02-01,1.11458000355,123.6261672748
Chile,2012-03-01,1.11532587462,125.9679192631
Chile,2012-04-01,1.11916178299,125.85896435806
Chile,2012-05-01,1.11553898064,117.16489063099
Chile,2012-06-01,1.10829337595,114.19041241441
Chile,2012-07-01,1.08335997159,118.38201030001
Chile,2012-08-01,1.07941751021,116.26216835177
Chile,2012-09-01,1.08240099449,117.69224257317
Chile,2012-10-01,1.10765405789,119.64396314421
Chile,2012-11-01,1.1129817084,116.36033785145
Chile,2012-12-01,1.11372757947,118.51183424458
Chile,2013-01-01,1.10506126798,126.42331272953
Chile,2013-02-01,1.10026638253,129.2098761812
Chile,2013-03-01,1.09451251998,126.60772906135
Chile,2013-04-01,1.0852424081,121.93881006093
Chile,2013-05-01,1.07948854555,118.26708738871
Chile,2013-06-01,1.0746936601,105.97562479356
Chile,2013-07-01,1.06844255017,101.06102175677
Chile,2013-08-01,1.06737702007,96.34823474756
Chile,2013-09-01,1.06908186823,101.14605325307
Chile,2013-10-01,1.0775350737,102.7403074803
Chile,2013-11-01,1.0817971941,97.2674127513
Chile,2013-12-01,1.08584620849,93.21370550544
Chile,2014-01-01,1.09209731842,89.70055515842
Chile,2014-02-01,1.09390871959,86.31905883187
Chile,2014-03-01,1.09369561357,87.23484599648
Chile,2014-04-01,1.09032143491,92.54357797198
Chile,2014-05-01,1.08691173859,94.60168653716
Chile,2014-06-01,1.08232995915,93.91328648979
Chile,2014-07-01,1.07700230865,93.74124238808
Chile,2014-08-01,1.06975670396,90.81523783292
Chile,2014-09-01,1.06101935713,90.27596143137
Chile,2014-10-01,1.05562067128,87.1464099671
Chile,2014-11-01,1.04027703783,88.44289406071
Chile,2014-12-01,1.01981885988,83.95848031928
Chile,2015-01-01,0.97932871604,81.51539812235
Chile,2015-02-01,0.95982951518,84.96596660786
Chile,2015-03-01,0.94640383591,82.69376363275
Chile,2015-04-01,0.94714970698,87.69163397089
Chile,2015-05-01,0.93979754928,89.65111049674
Chile,2015-06-01,0.93244539158,83.23059983606
Chile,2015-07-01,0.92736636477,78.87829883833
Chile,2015-08-01,0.91830935891,73.51623055354
Chile,2015-09-01,0.90754750488,72.40416077209
Chile,2015-10-01,0.89195524774,74.58896555564
Chile,2015-11-01,0.88012786361,71.90755691483
Chile,2015-12-01,0.86893979755,68.50405705632
Chile,2016-01-01,0.85199786894,65.63156594198
Chile,2016-02-01,0.84688332445,70.04461436923
Chile,2016-03-01,0.84720298348,75.91684227947
Chile,2016-04-01,0.86219144024,78.87039683652
Chile,2016-05-01,0.86645356065,77.72681804347
Chile,2016-06-01,0.86922393891,78.11636392637
Chile,2016-07-01,0.86609838395,82.89860420702
Chile,2016-08-01,0.86918842124,83.75947161977
Chile,2016-09-01,0.87408985971,81.74761330682
Chile,2016-10-01,0.88378618363,84.14044764075
Chile,2016-11-01,0.89007281122,84.29767603111
Chile,2016-12-01,0.89593322678,83.5336124767
Chile,2017-01-01,0.90435091458,85.60384993291
Chile,2017-02-01,0.90712129284,89.68079361171
Chile,2017-03-01,0.90722784585,93.05639139129
Chile,2017-04-01,0.89927188776,98.66146533433
Chile,2017-05-01,0.89809980465,96.48527203317
Chile,2017-06-01,0.89831291067,96.97251555874
Chile,2017-07-01,0.89849049902,100.88413520848
Chile,2017-08-01,0.90253951341,106.30058574105
Chile,2017-09-01,0.90903924703,111.09014771878
Chile,2017-10-01,0.9213993962,116.48776359533
Chile,2017-11-01,0.93024329604,110.78358599586
Chile,2017-12-01,0.93898064287,111.28145528237
Chile,2018-01-01,0.94988456757,126.85976615131
Chile,2018-02-01,0.95670396022,126.74276466472
Chile,2018-03-01,0.9617119517,122.79928512799
Chile,2018-04-01,0.96618717812,125.18339295394
Chile,2018-05-01,0.96661339016,119.97533039174
Chile,2018-06-01,0.96426922394,113.98729235596
Chile,2018-07-01,0.95105665068,109.71363833201
Chile,2018-08-01,0.94924524951,107.28866938206
Chile,2018-09-01,0.95073699165,104.15375156184
Chile,2018-10-01,0.96505061268,101.95793539887
Chile,2018-11-01,0.96600958977,101.79920288001
Chile,2018-12-01,0.9631326585,99.68870632659
Chile,2019-01-01,0.95045285029,105.89441748864
Chile,2019-02-01,0.94437932872,110.18508406559
Chile,2019-03-01,0.9389451252,104.85429220049
Chile,2019-04-01,0.93642337063,104.78303426759
Chile,2019-05-01,0.93056295507,95.78502060276
Chile,2019-06-01,0.92363700941,97.41454631611
Chile,2019-07-01,0.91251997869,97.89797068203
Chile,2019-08-01,0.90580713905,89.23725799305
Chile,2019-09-01,0.90037293554,91.81441380271
Chile,2019-10-01,0.89763807494,93.12020829975
Chile,2019-11-01,0.89369561357,80.17673089806
Chile,2019-12-01,0.88996625821,82.29363579038
Chile,2020-01-01,0.89284318949,82.19810668056
Chile,2020-02-01,0.88474516072,75.89015820896
Chile,2020-03-01,0.87206535251,57.011268561
Chile,2020-04-01,0.83803942461,59.08678587531
Chile,2020-05-01,0.82876931273,61.37052146582
Chile,2020-06-01,0.82749067661,66.7124708244
Chile,2020-07-01,0.84343811046,69.35214374641
Chile,2020-08-01,0.8512164802,67.25318236757
Chile,2020-09-01,0.86006038004,63.88429832347
Chile,2020-10-01,0.86755460842,62.19001397428
Chile,2020-11-01,0.88034096963,69.22923123648
Chile,2020-12-01,0.89600426212,75.72009831545
China,2005-01-01,0.67668833531,31.6206719844
China,2005-02-01,0.6460665708,
China,2005-03-01,0.66293441065,
China,2005-04-01,0.65804261579,
China,2005-05-01,0.64125704682,
China,2005-06-01,0.61855348346,
China,2005-07-01,0.61700138259,
China,2005-08-01,0.62241698858,
China,2005-09-01,0.63714380136,
China,2005-10-01,0.61769942527,
China,2005-11-01,0.62474147225,
China,2005-12-01,0.64456386256,
China,2006-01-01,0.69393615521,32.40241244758
China,2006-02-01,0.66111490459,33.54071021301
China,2006-03-01,0.67576945182,33.41892424286
China,2006-04-01,0.67818656497,36.48697176906
China,2006-05-01,0.67879299381,42.37541346413
China,2006-06-01,0.64313357483,42.78621719934
China,2006-07-01,0.66780756519,45.98303474548
China,2006-08-01,0.70583220575,43.24741787004
China,2006-09-01,0.67266577594,45.90449220955
China,2006-10-01,0.6664438477,48.72262349347
China,2006-11-01,0.68269560214,53.81834619334
China,2006-12-01,0.70078591281,62.93628394601
China,2007-01-01,0.75252013838,78.76510103782
China,2007-02-01,0.71962858336,78.81145372641
China,2007-03-01,0.73458044654,83.76126609167
China,2007-04-01,0.7549017138,99.10953749554
China,2007-05-01,0.75328651991,114.57802737784
China,2007-06-01,0.71909689704,113.41988199694
China,2007-07-01,0.76644095127,114.66373593716
China,2007-08-01,0.7985733905,138.63528776759
China,2007-09-01,0.72580014217,154.19954679183
China,2007-10-01,0.74974727282,168.24867585032
China,2007-11-01,0.80008476062,153.44217976258
China,2007-12-01,0.80344942589,148.95894326473
China,2008-01-01,0.92891914011,150.82720218583
China,2008-02-01,0.91922910059,134.57509466194
China,2008-03-01,0.94523015865,119.71718287073
China,2008-04-01,1.0147939451,105.12353201089
China,2008-05-01,1.00282001192,110.31010515704
China,2008-06-01,0.9552072351,93.95311177168
China,2008-07-01,1.03515393566,88.72250802646
China,2008-08-01,1.08249189656,78.87046672912
China,2008-09-01,0.93810315973,68.56553652888
China,2008-10-01,0.91143126913,61.31835973972
China,2008-11-01,0.88552723528,59.53224748947
China,2008-12-01,0.7772748965,61.7844731812
China,2009-01-01,0.87969725431,61.07892151509
China,2009-02-01,0.79384186791,69.78744354042
China,2009-03-01,0.79739626221,70.51074285058
China,2009-04-01,0.84040424847,77.91125328887
China,2009-05-01,0.815648235,82.90964289215
China,2009-06-01,0.80704898588,89.27046045776
China,2009-07-01,0.86286906336,101.61226341948
China,2009-08-01,0.86414377406,97.27617530542
China,2009-09-01,0.79589791667,91.3767405434
China,2009-10-01,0.79944651335,95.20406070726
China,2009-11-01,0.87430620418,101.3935307354
China,2009-12-01,0.84742201062,101.79320171712
China,2010-01-01,1.0,100.0
China,2010-02-01,0.91881449888,94.44950892598
China,2010-03-01,0.93907485928,96.59312404169
China,2010-04-01,1.00424221064,96.13890188595
China,2010-05-01,0.97176870449,84.12692548704
China,2010-06-01,0.94956980961,80.44605374045
China,2010-07-01,0.98131987146,79.06600769915
China,2010-08-01,0.96133399571,83.68036652725
China,2010-09-01,0.88257066992,84.44090823676
China,2010-10-01,0.90379737807,95.17943625939
China,2010-11-01,0.97702852362,96.30809996571
China,2010-12-01,0.95833521372,92.09434901142
China,2011-01-01,1.15525515884,90.2832642082
China,2011-02-01,1.11118560014,93.92372412986
China,2011-03-01,1.12748702036,96.47152047207
China,2011-04-01,1.18539297833,98.81557192267
China,2011-05-01,1.19198839494,93.71882954579
China,2011-06-01,1.15692102298,90.13176424963
China,2011-07-01,1.183815909,92.50832882554
China,2011-08-01,1.17792897525,87.20761837729
China,2011-09-01,1.06887794352,82.94004068321
China,2011-10-01,1.07518799771,81.2187935228
China,2011-11-01,1.13000019068,83.26141305759
China,2011-12-01,1.09506825497,76.36044772523
China,2012-01-01,1.27312998303,76.84214531116
China,2012-02-01,1.22395082776,80.97161654159
China,2012-03-01,1.17279103102,81.40292380317
China,2012-04-01,1.22490586141,80.56143178247
China,2012-05-01,1.21137048959,81.4125092524
China,2012-06-01,1.16890654522,77.31854718213
China,2012-07-01,1.15436792105,73.37227758092
China,2012-08-01,1.13634622433,71.68444979452
China,2012-09-01,1.06234782955,70.58594576058
China,2012-10-01,1.07170860731,72.31884705281
China,2012-11-01,1.12251613057,70.6434488711
China,2012-12-01,1.0881024131,73.47912644345
China,2013-01-01,1.22683672757,80.06643746005
China,2013-02-01,1.21598330378,82.29330114868
China,2013-03-01,1.20669457,79.58619824766
China,2013-04-01,1.21679382486,77.00479063563
China,2013-05-01,1.19152882036,79.44681001795
China,2013-06-01,1.19078852407,74.35735333948
China,2013-07-01,1.18844127416,70.59349526106
China,2013-08-01,1.16396394848,72.86002078462
China,2013-09-01,1.08524340451,76.82115633306
China,2013-10-01,1.07978224169,77.11671820863
China,2013-11-01,1.13340407076,76.32061466589
China,2013-12-01,1.10051232428,76.59901207417
China,2014-01-01,1.22889877912,72.36430438617
China,2014-02-01,1.16174762897,73.91929954074
China,2014-03-01,1.14173157225,70.96430443439
China,2014-04-01,1.2027439954,71.68269852023
China,2014-05-01,1.18792559289,70.01152632135
China,2014-06-01,1.12382404322,70.52894325125
China,2014-07-01,1.15252364163,72.3925823198
China,2014-08-01,1.13477154566,77.52491202922
China,2014-09-01,1.07101761759,81.17452060897
China,2014-10-01,1.04848710939,82.72519868985
China,2014-11-01,1.07636991238,87.54485836899
China,2014-12-01,0.97864924234,104.09611190899
China,2015-01-01,1.08143543241,114.03449047381
China,2015-02-01,1.02472597765,109.73651930413
China,2015-03-01,1.01073937166,120.26989336798
China,2015-04-01,1.05264902251,145.33474427314
China,2015-05-01,1.04161429427,154.97979702625
China,2015-06-01,1.0234282647,166.36469923215
China,2015-07-01,1.02084067867,133.42701032977
China,2015-08-01,0.93621332787,122.09704297101
China,2015-09-01,0.89253439124,105.62651016355
China,2015-10-01,0.90835818396,113.32250959147
China,2015-11-01,0.91049767689,120.28079474165
China,2015-12-01,0.82269000026,118.18148466004
China,2016-01-01,0.88957677892,97.63131383262
China,2016-02-01,0.88600915448,92.1227071543
China,2016-03-01,0.8565345756,96.10405084641
China,2016-04-01,0.96846675906,99.74465508809
China,2016-05-01,0.94164256346,94.1008327797
China,2016-06-01,0.93064569381,94.55179900942
China,2016-07-01,0.92142734091,97.14136432298
China,2016-08-01,0.90177013351,98.66377046049
China,2016-09-01,0.8460862079,97.87462555041
China,2016-10-01,0.86461305335,98.30697512838
China,2016-11-01,0.88067195475,100.32068857925
China,2016-12-01,0.82887238428,98.0472182165
China,2017-01-01,0.95589876558,97.85631785481
China,2017-02-01,0.9613085807,100.57061648492
China,2017-03-01,0.91838168959,101.08534143076
China,2017-04-01,1.03348568797,100.3176761086
China,2017-05-01,1.00459432086,96.66867261017
China,2017-06-01,0.9871991492,99.43362617378
China,2017-07-01,0.97001592622,102.39379711658
China,2017-08-01,0.95643580317,106.07886774105
China,2017-09-01,0.93605531491,110.12205081004
China,2017-10-01,0.93759413297,110.08824917374
China,2017-11-01,0.96359140335,110.12609407799
China,2017-12-01,0.91358035214,107.48363449984
China,2018-01-01,1.08101901118,116.21416861708
China,2018-02-01,1.02951780329,112.25723836732
China,2018-03-01,1.01311337313,110.55527282408
China,2018-04-01,1.13636504274,106.78178403879
China,2018-05-01,1.1066636939,106.23224476607
China,2018-06-01,1.08443554903,99.16940657296
China,2018-07-01,1.04499547074,90.32380532621
China,2018-08-01,0.98562301643,86.34915556081
China,2018-09-01,0.99502330217,85.45227204256
China,2018-10-01,0.98980097543,80.70632166313
China,2018-11-01,1.02294878486,81.55653142642
China,2018-12-01,0.98523430448,80.42167166873
China,2019-01-01,1.05854383273,81.09014291796
China,2019-02-01,1.01379164124,88.73802355901
China,2019-03-01,0.97285089282,97.69983583578
China,2019-04-01,1.08261793871,102.36053533046
China,2019-05-01,1.10955207535,90.69350306723
China,2019-06-01,1.07702332813,91.21795089636
China,2019-07-01,1.05123390505,92.20509084362
China,2019-08-01,0.95987797839,86.73017840197
China,2019-09-01,0.94502838828,90.05237825257
China,2019-10-01,0.93192707801,89.82755888011
China,2019-11-01,0.97136274813,89.60492212669
China,2019-12-01,0.94608195103,90.86377304163
China,2020-01-01,,95.78837280978
China,2020-02-01,0.98011868207,90.08116609869
China,2020-03-01,0.90603986199,87.49918324311
China,2020-04-01,0.97046602494,85.67894591373
China,2020-05-01,0.97042709979,86.8432213701
China,2020-06-01,0.96118916035,89.33462417438
China,2020-07-01,0.96271334598,101.05768248714
China,2020-08-01,0.94342597162,104.85907944505
China,2020-09-01,0.9574411448,103.92869240541
China,2020-10-01,0.9395700748,106.13439929191
China,2020-11-01,0.97299118356,109.07012603332
China,2020-12-01,0.96839350147,111.9300196824
Cameroon,2005-01-01,0.75881010932,
Cameroon,2005-02-01,0.76640576234,
Cameroon,2005-03-01,0.78974300628,
Cameroon,2005-04-01,0.7880565812,
Cameroon,2005-05-01,0.77723832859,
Cameroon,2005-06-01,0.79836557452,
Cameroon,2005-07-01,0.80674507825,
Cameroon,2005-08-01,0.82825998463,
Cameroon,2005-09-01,0.82910846147,
Cameroon,2005-10-01,0.81944985128,
Cameroon,2005-11-01,0.807557325,
Cameroon,2005-12-01,0.81509399348,
Cameroon,2006-01-01,0.85288098677,
Cameroon,2006-02-01,0.8470927768,
Cameroon,2006-03-01,0.85035093911,
Cameroon,2006-04-01,0.87761566632,
Cameroon,2006-05-01,0.88199514088,
Cameroon,2006-06-01,0.87889090797,
Cameroon,2006-07-01,0.89667764924,
Cameroon,2006-08-01,0.89127999288,
Cameroon,2006-09-01,0.85683336065,
Cameroon,2006-10-01,0.84430920191,
Cameroon,2006-11-01,0.8447715194,
Cameroon,2006-12-01,0.85519940828,
Cameroon,2007-01-01,0.85974425848,
Cameroon,2007-02-01,0.87510715644,
Cameroon,2007-03-01,0.88552631409,
Cameroon,2007-04-01,0.90106065908,
Cameroon,2007-05-01,0.90109829349,
Cameroon,2007-06-01,0.91560967996,
Cameroon,2007-07-01,0.93810415797,
Cameroon,2007-08-01,0.92737123604,
Cameroon,2007-09-01,0.96041992451,
Cameroon,2007-10-01,0.98303472558,
Cameroon,2007-11-01,1.01690987218,
Cameroon,2007-12-01,1.01795764433,
Cameroon,2008-01-01,1.07142016769,
Cameroon,2008-02-01,1.10298179215,
Cameroon,2008-03-01,1.14908544174,
Cameroon,2008-04-01,1.18778878051,
Cameroon,2008-05-01,1.23419018334,
Cameroon,2008-06-01,1.26752606508,
Cameroon,2008-07-01,1.27216489813,
Cameroon,2008-08-01,1.20322099384,
Cameroon,2008-09-01,1.14209768177,
Cameroon,2008-10-01,1.02810725214,
Cameroon,2008-11-01,0.94954092857,
Cameroon,2008-12-01,0.89454202648,
Cameroon,2009-01-01,0.87151178987,
Cameroon,2009-02-01,0.86032105701,
Cameroon,2009-03-01,0.87386963162,
Cameroon,2009-04-01,0.8777427808,
Cameroon,2009-05-01,0.90891959831,
Cameroon,2009-06-01,0.95131582311,
Cameroon,2009-07-01,0.93023200389,
Cameroon,2009-08-01,0.95300869475,
Cameroon,2009-09-01,0.93785788346,
Cameroon,2009-10-01,0.95807113296,
Cameroon,2009-11-01,0.97601374688,
Cameroon,2009-12-01,0.97135359523,
Cameroon,2010-01-01,1.0,
Cameroon,2010-02-01,0.98691875181,
Cameroon,2010-03-01,1.00010363014,
Cameroon,2010-04-01,1.01565503047,
Cameroon,2010-05-01,0.98205560788,
Cameroon,2010-06-01,0.97373795572,
Cameroon,2010-07-01,0.9785011176,
Cameroon,2010-08-01,0.99259514078,
Cameroon,2010-09-01,1.00180821308,
Cameroon,2010-10-01,1.02490759991,
Cameroon,2010-11-01,1.03873801247,
Cameroon,2010-12-01,1.06546179501,
Cameroon,2011-01-01,1.13244863345,
Cameroon,2011-02-01,1.15553550451,
Cameroon,2011-03-01,1.18880742955,
Cameroon,2011-04-01,1.22008758355,
Cameroon,2011-05-01,1.1917402937,
Cameroon,2011-06-01,1.18336931667,
Cameroon,2011-07-01,1.19103083967,
Cameroon,2011-08-01,1.16874889708,
Cameroon,2011-09-01,1.16972761991,
Cameroon,2011-10-01,1.16145868037,
Cameroon,2011-11-01,1.17910250723,
Cameroon,2011-12-01,1.16992810907,
Cameroon,2012-01-01,1.16983400435,
Cameroon,2012-02-01,1.19003203028,
Cameroon,2012-03-01,1.2105854884,
Cameroon,2012-04-01,1.19164231785,
Cameroon,2012-05-01,1.16000701273,
Cameroon,2012-06-01,1.11290202139,
Cameroon,2012-07-01,1.14317409425,
Cameroon,2012-08-01,1.17263966486,
Cameroon,2012-09-01,1.17726017029,
Cameroon,2012-10-01,1.16690375627,
Cameroon,2012-11-01,1.15900912828,
Cameroon,2012-12-01,1.15800230979,
Cameroon,2013-01-01,1.16134884858,
Cameroon,2013-02-01,1.16769313944,
Cameroon,2013-03-01,1.14705626946,
Cameroon,2013-04-01,1.1336689054,
Cameroon,2013-05-01,1.13528805273,
Cameroon,2013-06-01,1.13338720798,
Cameroon,2013-07-01,1.14968405127,
Cameroon,2013-08-01,1.15787573697,
Cameroon,2013-09-01,1.15699698639,
Cameroon,2013-10-01,1.14806834231,
Cameroon,2013-11-01,1.13473989328,
Cameroon,2013-12-01,1.14340931463,
Cameroon,2014-01-01,1.12745876903,
Cameroon,2014-02-01,1.14039299237,
Cameroon,2014-03-01,1.13952690133,
Cameroon,2014-04-01,1.14092051462,
Cameroon,2014-05-01,1.14402736275,
Cameroon,2014-06-01,1.15024257953,
Cameroon,2014-07-01,1.13758541003,
Cameroon,2014-08-01,1.1187002709,
Cameroon,2014-09-01,1.09939370437,
Cameroon,2014-10-01,1.06495412493,
Cameroon,2014-11-01,1.03336375081,
Cameroon,2014-12-01,0.97626085539,
Cameroon,2015-01-01,0.92250752184,
Cameroon,2015-02-01,0.94677229768,
Cameroon,2015-03-01,0.93715190556,
Cameroon,2015-04-01,0.95163310126,
Cameroon,2015-05-01,0.9665917395,
Cameroon,2015-06-01,0.96019219486,
Cameroon,2015-07-01,0.93452930414,
Cameroon,2015-08-01,0.89866636011,
Cameroon,2015-09-01,0.89863193118,
Cameroon,2015-10-01,0.90238098845,
Cameroon,2015-11-01,0.88851265404,
Cameroon,2015-12-01,0.86453096108,
Cameroon,2016-01-01,0.85114251911,
Cameroon,2016-02-01,,
Cameroon,2016-03-01,,
Cameroon,2016-04-01,,
Cameroon,2016-05-01,,
Cameroon,2016-06-01,,
Cameroon,2016-07-01,,
Cameroon,2016-08-01,,
Cameroon,2016-09-01,,
Cameroon,2016-10-01,,
Cameroon,2016-11-01,,
Cameroon,2016-12-01,,
Cameroon,2017-01-01,,
Cameroon,2017-02-01,,
Cameroon,2017-03-01,,
Cameroon,2017-04-01,,
Cameroon,2017-05-01,,
Cameroon,2017-06-01,,
Cameroon,2017-07-01,,
Cameroon,2017-08-01,,
Cameroon,2017-09-01,,
Cameroon,2017-10-01,,
Cameroon,2017-11-01,,
Cameroon,2017-12-01,,
Cameroon,2018-01-01,,
Cameroon,2018-02-01,,
Cameroon,2018-03-01,,
Cameroon,2018-04-01,,
Cameroon,2018-05-01,,
Cameroon,2018-06-01,,
Cameroon,2018-07-01,,
Cameroon,2018-08-01,,
Cameroon,2018-09-01,,
Cameroon,2018-10-01,,
Cameroon,2018-11-01,,
Cameroon,2018-12-01,,
Cameroon,2019-01-01,,
Cameroon,2019-02-01,,
Cameroon,2019-03-01,,
Cameroon,2019-04-01,,
Cameroon,2019-05-01,,
Cameroon,2019-06-01,,
Cameroon,2019-07-01,,
Cameroon,2019-08-01,,
Cameroon,2019-09-01,,
Cameroon,2019-10-01,,
Cameroon,2019-11-01,,
Cameroon,2019-12-01,,
Cameroon,2020-01-01,,
Cameroon,2020-02-01,,
Cameroon,2020-03-01,,
Cameroon,2020-04-01,,
Cameroon,2020-05-01,,
Cameroon,2020-06-01,,
Cameroon,2020-07-01,,
Cameroon,2020-08-01,,
Cameroon,2020-09-01,,
Cameroon,2020-10-01,,
Cameroon,2020-11-01,,
Cameroon,2020-12-01,,
Colombia,2005-01-01,0.85783360352,31.22457215122
Colombia,2005-02-01,0.85860639473,35.59755339941
Colombia,2005-03-01,0.86184644646,34.92431460384
Colombia,2005-04-01,0.86176759027,34.88373484646
Colombia,2005-05-01,0.8615635478,35.32288161619
Colombia,2005-06-01,0.86242232533,37.75099505248
Colombia,2005-07-01,0.86225502281,43.08497266764
Colombia,2005-08-01,0.86126060782,50.02379818343
Colombia,2005-09-01,0.86080904497,50.6173429339
Colombia,2005-10-01,0.86234726702,51.57098733777
Colombia,2005-11-01,0.86090642132,60.57535582003
Colombia,2005-12-01,0.86224168002,67.45875248661
Colombia,2006-01-01,0.88273459282,78.02813941216
Colombia,2006-02-01,0.88432613907,81.00588476849
Colombia,2006-03-01,0.88342049983,81.57186244571
Colombia,2006-04-01,0.88422314268,80.03065757452
Colombia,2006-05-01,0.88342825645,68.432269046
Colombia,2006-06-01,0.88411191931,51.20598231627
Colombia,2006-07-01,0.88693114115,56.970485344
Colombia,2006-08-01,0.8865581552,67.30983087061
Colombia,2006-09-01,0.8870193348,64.6738656361
Colombia,2006-10-01,0.89035576743,70.3475791389
Colombia,2006-11-01,0.8938855519,77.17385988069
Colombia,2006-12-01,0.89324164308,81.66355067491
Colombia,2007-01-01,0.94248223993,81.75648514635
Colombia,2007-02-01,0.94516620776,81.99489861455
Colombia,2007-03-01,0.94427792445,81.42221441655
Colombia,2007-04-01,0.94231439208,86.03367429437
Colombia,2007-05-01,0.94369719612,88.63183166401
Colombia,2007-06-01,0.94691828999,92.40397315513
Colombia,2007-07-01,0.94628738621,95.80645345192
Colombia,2007-08-01,0.94825560476,87.59317048503
Colombia,2007-09-01,0.95562115201,85.15167450422
Colombia,2007-10-01,0.96039958448,89.12063947388
Colombia,2007-11-01,0.96297140835,91.52738138193
Colombia,2007-12-01,0.96784790533,91.09648507685
Colombia,2008-01-01,1.04197857531,82.62567189762
Colombia,2008-02-01,1.05547638523,83.19750437674
Colombia,2008-03-01,1.06245167274,83.31350964628
Colombia,2008-04-01,1.06020882441,90.11187991177
Colombia,2008-05-01,1.06184091107,96.28145412672
Colombia,2008-06-01,1.08412177126,94.85950456332
Colombia,2008-07-01,1.08293097838,85.36279532709
Colombia,2008-08-01,1.07679587939,82.63586823805
Colombia,2008-09-01,1.07178056786,77.17872640018
Colombia,2008-10-01,1.05447260924,57.80286494401
Colombia,2008-11-01,1.04367379838,51.96753309653
Colombia,2008-12-01,1.03395782249,57.20714291823
Colombia,2009-01-01,0.98271204816,57.38779660877
Colombia,2009-02-01,0.98012371916,52.96781405682
Colombia,2009-03-01,0.97335922668,53.98940589776
Colombia,2009-04-01,0.96818223238,58.71188412785
Colombia,2009-05-01,0.9727942587,68.84920210059
Colombia,2009-06-01,0.97308627436,78.07311577823
Colombia,2009-07-01,0.96599256084,82.93586815127
Colombia,2009-08-01,0.96659556456,88.79190485619
Colombia,2009-09-01,0.96464587857,92.77462216908
Colombia,2009-10-01,0.96786113342,98.6220759167
Colombia,2009-11-01,0.96911972446,95.87642486455
Colombia,2009-12-01,0.96796216489,97.47445814377
Colombia,2010-01-01,1.0,100.0
Colombia,2010-02-01,0.99866465773,100.47478697208
Colombia,2010-03-01,0.99972247274,106.24812109535
Colombia,2010-04-01,1.0029181231,108.87275928322
Colombia,2010-05-01,1.00568201115,104.29195314715
Colombia,2010-06-01,1.00194337426,109.63565975735
Colombia,2010-07-01,1.003785414,117.53729440001
Colombia,2010-08-01,1.00979328933,126.47751435508
Colombia,2010-09-01,1.01824352358,134.46263278016
Colombia,2010-10-01,1.02500445037,144.97351785788
Colombia,2010-11-01,1.02849946817,140.19203581616
Colombia,2010-12-01,1.03408986505,136.87803389315
Colombia,2011-01-01,1.12047373742,137.75316182755
Colombia,2011-02-01,1.12794862097,131.38798407195
Colombia,2011-03-01,1.12973467115,132.84419228491
Colombia,2011-04-01,1.13587498437,134.99222095825
Colombia,2011-05-01,1.13249189097,133.94729449398
Colombia,2011-06-01,1.13065629799,136.11753205771
Colombia,2011-07-01,1.1277509312,132.38644981728
Colombia,2011-08-01,1.12994162883,127.2547195278
Colombia,2011-09-01,1.12678989531,123.49300510158
Colombia,2011-10-01,1.12003424742,118.00166459248
Colombia,2011-11-01,1.11692701509,112.52163967336
Colombia,2011-12-01,1.11264111206,111.90212965712
Colombia,2012-01-01,1.10281864464,122.79711548066
Colombia,2012-02-01,1.104210013,137.36295364225
Colombia,2012-03-01,1.10562973559,144.60096348457
Colombia,2012-04-01,1.10443612115,144.32874777888
Colombia,2012-05-01,1.1023758413,140.19296386638
Colombia,2012-06-01,1.10165404468,130.88446542887
Colombia,2012-07-01,1.11717587648,130.306644693
Colombia,2012-08-01,1.11780639344,131.34408978523
Colombia,2012-09-01,1.11682616065,133.88215534818
Colombia,2012-10-01,1.11475033501,137.35259526542
Colombia,2012-11-01,1.11364105811,132.74599948907
Colombia,2012-12-01,1.11180530149,138.07553493972
Colombia,2013-01-01,1.09654134924,142.54323930799
Colombia,2013-02-01,1.09534346764,141.96758423511
Colombia,2013-03-01,1.09416176444,134.65588082909
Colombia,2013-04-01,1.08900716594,126.29427523094
Colombia,2013-05-01,1.09216438745,122.7564873171
Colombia,2013-06-01,1.09175658565,116.21471841785
Colombia,2013-07-01,1.08801063422,117.34154835462
Colombia,2013-08-01,1.08234682931,122.63435336139
Colombia,2013-09-01,1.07943291228,124.27001585579
Colombia,2013-10-01,1.07930507362,128.30148141944
Colombia,2013-11-01,1.07754619073,118.9618163082
Colombia,2013-12-01,1.07673857594,115.14317705064
Colombia,2014-01-01,1.0740747548,108.07685572002
Colombia,2014-02-01,1.07824917298,102.57180610426
Colombia,2014-03-01,1.08154416135,110.31518116772
Colombia,2014-04-01,1.081343384,120.79531144142
Colombia,2014-05-01,1.08080301694,120.93338601667
Colombia,2014-06-01,1.07640486844,127.44126124748
Colombia,2014-07-01,1.07083243633,128.06572431429
Colombia,2014-08-01,1.06860939953,128.21016111147
Colombia,2014-09-01,1.06463749645,122.41785151902
Colombia,2014-10-01,1.06453803148,109.72015597582
Colombia,2014-11-01,1.067273071,102.59714531103
Colombia,2014-12-01,1.06713141948,82.05705812331
Colombia,2015-01-01,1.06274655248,76.27005570808
Colombia,2015-02-01,1.06108680472,75.15915501601
Colombia,2015-03-01,1.0596172421,64.96853246128
Colombia,2015-04-01,1.05863734349,71.57728067191
Colombia,2015-05-01,1.05759525888,73.65347453454
Colombia,2015-06-01,1.05743635738,68.28282321002
Colombia,2015-07-01,1.05847516096,62.19562566492
Colombia,2015-08-01,1.05421050044,53.37017819012
Colombia,2015-09-01,1.05365641224,52.24309401447
Colombia,2015-10-01,1.05473689475,55.21161093464
Colombia,2015-11-01,1.05358470912,49.59919392933
Colombia,2015-12-01,1.05316274436,43.42852525013
Colombia,2016-01-01,1.06952014997,42.58652255087
Colombia,2016-02-01,,44.89853949684
Colombia,2016-03-01,,52.33715900828
Colombia,2016-04-01,,56.89978144739
Colombia,2016-05-01,,56.63688909907
Colombia,2016-06-01,,
Colombia,2016-07-01,,
Colombia,2016-08-01,,
Colombia,2016-09-01,,
Colombia,2016-10-01,,
Colombia,2016-11-01,,
Colombia,2016-12-01,,
Colombia,2017-01-01,,
Colombia,2017-02-01,,
Colombia,2017-03-01,,
Colombia,2017-04-01,,
Colombia,2017-05-01,,
Colombia,2017-06-01,,
Colombia,2017-07-01,,
Colombia,2017-08-01,,
Colombia,2017-09-01,,
Colombia,2017-10-01,,
Colombia,2017-11-01,,
Colombia,2017-12-01,,
Colombia,2018-01-01,,
Colombia,2018-02-01,,
Colombia,2018-03-01,,
Colombia,2018-04-01,,
Colombia,2018-05-01,,
Colombia,2018-06-01,,
Colombia,2018-07-01,,
Colombia,2018-08-01,,
Colombia,2018-09-01,,
Colombia,2018-10-01,,
Colombia,2018-11-01,,
Colombia,2018-12-01,,
Colombia,2019-01-01,,
Colombia,2019-02-01,,
Colombia,2019-03-01,,
Colombia,2019-04-01,,
Colombia,2019-05-01,,
Colombia,2019-06-01,,
Colombia,2019-07-01,,
Colombia,2019-08-01,,
Colombia,2019-09-01,,
Colombia,2019-10-01,,
Colombia,2019-11-01,,
Colombia,2019-12-01,,
Colombia,2020-01-01,,
Colombia,2020-02-01,,
Colombia,2020-03-01,,
Colombia,2020-04-01,,
Colombia,2020-05-01,,
Colombia,2020-06-01,,
Colombia,2020-07-01,,
Colombia,2020-08-01,,
Colombia,2020-09-01,,
Colombia,2020-10-01,,
Colombia,2020-11-01,,
Colombia,2020-12-01,,
Costa Rica,2005-01-01,0.85780240077,
Costa Rica,2005-02-01,0.85930949201,
Costa Rica,2005-03-01,0.86314433714,
Costa Rica,2005-04-01,0.86337603286,
Costa Rica,2005-05-01,0.86280921124,
Costa Rica,2005-06-01,0.86491397541,
Costa Rica,2005-07-01,0.86483916923,
Costa Rica,2005-08-01,0.86530951117,
Costa Rica,2005-09-01,0.86506480778,
Costa Rica,2005-10-01,0.86510869247,
Costa Rica,2005-11-01,0.86363859498,
Costa Rica,2005-12-01,0.86484406398,
Costa Rica,2006-01-01,0.88675025827,
Costa Rica,2006-02-01,0.88715778805,
Costa Rica,2006-03-01,0.88701857556,
Costa Rica,2006-04-01,0.88939514258,
Costa Rica,2006-05-01,0.88875618093,
Costa Rica,2006-06-01,0.88934681713,
Costa Rica,2006-07-01,0.89227893211,
Costa Rica,2006-08-01,0.89162780805,
Costa Rica,2006-09-01,0.88948049352,
Costa Rica,2006-10-01,0.89052297813,
Costa Rica,2006-11-01,0.89215326274,
Costa Rica,2006-12-01,0.89216684115,
Costa Rica,2007-01-01,0.93998407733,
Costa Rica,2007-02-01,0.94288310687,
Costa Rica,2007-03-01,0.94302106583,
Costa Rica,2007-04-01,0.94296982032,
Costa Rica,2007-05-01,0.94390200141,
Costa Rica,2007-06-01,0.94670361569,
Costa Rica,2007-07-01,0.94746330573,
Costa Rica,2007-08-01,0.94810238876,
Costa Rica,2007-09-01,0.95471860044,
Costa Rica,2007-10-01,0.95948887386,
Costa Rica,2007-11-01,0.96339007647,
Costa Rica,2007-12-01,0.96604255273,
Costa Rica,2008-01-01,1.03852240444,
Costa Rica,2008-02-01,1.04966884475,
Costa Rica,2008-03-01,1.05736944721,
Costa Rica,2008-04-01,1.05952529288,
Costa Rica,2008-05-01,1.06524578152,
Costa Rica,2008-06-01,1.08305691205,
Costa Rica,2008-07-01,1.0845596671,
Costa Rica,2008-08-01,1.07686510048,
Costa Rica,2008-09-01,1.06973485762,
Costa Rica,2008-10-01,1.05238067055,
Costa Rica,2008-11-01,1.0397140533,
Costa Rica,2008-12-01,1.02881376123,
Costa Rica,2009-01-01,0.9755839118,
Costa Rica,2009-02-01,0.97231684301,
Costa Rica,2009-03-01,0.96815325904,
Costa Rica,2009-04-01,0.96257954898,
Costa Rica,2009-05-01,0.96657627913,
Costa Rica,2009-06-01,0.97001478115,
Costa Rica,2009-07-01,0.96368551909,
Costa Rica,2009-08-01,0.96516342101,
Costa Rica,2009-09-01,0.96305850418,
Costa Rica,2009-10-01,0.96610055573,
Costa Rica,2009-11-01,0.96803686826,
Costa Rica,2009-12-01,0.96732241182,
Costa Rica,2010-01-01,1.0,
Costa Rica,2010-02-01,0.99849747235,
Costa Rica,2010-03-01,1.00174978424,
Costa Rica,2010-04-01,1.00579038726,
Costa Rica,2010-05-01,1.00583233991,
Costa Rica,2010-06-01,1.0030381298,
Costa Rica,2010-07-01,1.00364125751,
Costa Rica,2010-08-01,1.00748594798,
Costa Rica,2010-09-01,1.01228797121,
Costa Rica,2010-10-01,1.01688085139,
Costa Rica,2010-11-01,1.01934903584,
Costa Rica,2010-12-01,1.02433697686,
Costa Rica,2011-01-01,1.1102169625,
Costa Rica,2011-02-01,1.11607905692,
Costa Rica,2011-03-01,1.11996393572,
Costa Rica,2011-04-01,1.1271933355,
Costa Rica,2011-05-01,1.12411646303,
Costa Rica,2011-06-01,1.12237908592,
Costa Rica,2011-07-01,1.12153045804,
Costa Rica,2011-08-01,1.12155871982,
Costa Rica,2011-09-01,1.11998533132,
Costa Rica,2011-10-01,1.11546771987,
Costa Rica,2011-11-01,1.11411886178,
Costa Rica,2011-12-01,1.11133735416,
Costa Rica,2012-01-01,1.10067459195,
Costa Rica,2012-02-01,1.10281244994,
Costa Rica,2012-03-01,1.10520163479,
Costa Rica,2012-04-01,1.1033193943,
Costa Rica,2012-05-01,1.10052984224,
Costa Rica,2012-06-01,1.09678430241,
Costa Rica,2012-07-01,1.10727382231,
Costa Rica,2012-08-01,1.10950912631,
Costa Rica,2012-09-01,1.10913251052,
Costa Rica,2012-10-01,1.10761152608,
Costa Rica,2012-11-01,1.10640205948,
Costa Rica,2012-12-01,1.10546863346,
Costa Rica,2013-01-01,1.09174124763,
Costa Rica,2013-02-01,1.09143161719,
Costa Rica,2013-03-01,1.0881265602,
Costa Rica,2013-04-01,1.08492487243,
Costa Rica,2013-05-01,1.08630082113,
Costa Rica,2013-06-01,1.08599065279,
Costa Rica,2013-07-01,1.0846923234,
Costa Rica,2013-08-01,1.08257231071,
Costa Rica,2013-09-01,1.08112224022,
Costa Rica,2013-10-01,1.08015882319,
Costa Rica,2013-11-01,1.0786397735,
Costa Rica,2013-12-01,1.07917164992,
Costa Rica,2014-01-01,1.07604785947,
Costa Rica,2014-02-01,1.07898821814,
Costa Rica,2014-03-01,1.07917778075,
Costa Rica,2014-04-01,1.07932148788,
Costa Rica,2014-05-01,1.07918637279,
Costa Rica,2014-06-01,1.07744180864,
Costa Rica,2014-07-01,1.07401627394,
Costa Rica,2014-08-01,1.0720238314,
Costa Rica,2014-09-01,1.06859973736,
Costa Rica,2014-10-01,1.06634319006,
Costa Rica,2014-11-01,1.06551872227,
Costa Rica,2014-12-01,1.06186379504,
Costa Rica,2015-01-01,1.05462611271,
Costa Rica,2015-02-01,1.05460204743,
Costa Rica,2015-03-01,1.05330607879,
Costa Rica,2015-04-01,1.05352101871,
Costa Rica,2015-05-01,1.05340600554,
Costa Rica,2015-06-01,1.05299436078,
Costa Rica,2015-07-01,1.05186737006,
Costa Rica,2015-08-01,1.0473178941,
Costa Rica,2015-09-01,1.04642984963,
Costa Rica,2015-10-01,1.04689408638,
Costa Rica,2015-11-01,1.04507298012,
Costa Rica,2015-12-01,1.04312729387,
Costa Rica,2016-01-01,1.05831137616,
Costa Rica,2016-02-01,,
Costa Rica,2016-03-01,,
Costa Rica,2016-04-01,,
Costa Rica,2016-05-01,,
Costa Rica,2016-06-01,,
Costa Rica,2016-07-01,,
Costa Rica,2016-08-01,,
Costa Rica,2016-09-01,,
Costa Rica,2016-10-01,,
Costa Rica,2016-11-01,,
Costa Rica,2016-12-01,,
Costa Rica,2017-01-01,,
Costa Rica,2017-02-01,,
Costa Rica,2017-03-01,,
Costa Rica,2017-04-01,,
Costa Rica,2017-05-01,,
Costa Rica,2017-06-01,,
Costa Rica,2017-07-01,,
Costa Rica,2017-08-01,,
Costa Rica,2017-09-01,,
Costa Rica,2017-10-01,,
Costa Rica,2017-11-01,,
Costa Rica,2017-12-01,,
Costa Rica,2018-01-01,,
Costa Rica,2018-02-01,,
Costa Rica,2018-03-01,,
Costa Rica,2018-04-01,,
Costa Rica,2018-05-01,,
Costa Rica,2018-06-01,,
Costa Rica,2018-07-01,,
Costa Rica,2018-08-01,,
Costa Rica,2018-09-01,,
Costa Rica,2018-10-01,,
Costa Rica,2018-11-01,,
Costa Rica,2018-12-01,,
Costa Rica,2019-01-01,,
Costa Rica,2019-02-01,,
Costa Rica,2019-03-01,,
Costa Rica,2019-04-01,,
Costa Rica,2019-05-01,,
Costa Rica,2019-06-01,,
Costa Rica,2019-07-01,,
Costa Rica,2019-08-01,,
Costa Rica,2019-09-01,,
Costa Rica,2019-10-01,,
Costa Rica,2019-11-01,,
Costa Rica,2019-12-01,,
Costa Rica,2020-01-01,,
Costa Rica,2020-02-01,,
Costa Rica,2020-03-01,,
Costa Rica,2020-04-01,,
Costa Rica,2020-05-01,,
Costa Rica,2020-06-01,,
Costa Rica,2020-07-01,,
Costa Rica,2020-08-01,,
Costa Rica,2020-09-01,,
Costa Rica,2020-10-01,,
Costa Rica,2020-11-01,,
Costa Rica,2020-12-01,,
Cyprus,2005-01-01,,
Cyprus,2005-02-01,,
Cyprus,2005-03-01,,
Cyprus,2005-04-01,,
Cyprus,2005-05-01,,
Cyprus,2005-06-01,,
Cyprus,2005-07-01,,
Cyprus,2005-08-01,,
Cyprus,2005-09-01,,
Cyprus,2005-10-01,,
Cyprus,2005-11-01,,
Cyprus,2005-12-01,,
Cyprus,2006-01-01,,
Cyprus,2006-02-01,,
Cyprus,2006-03-01,,
Cyprus,2006-04-01,,
Cyprus,2006-05-01,,
Cyprus,2006-06-01,,
Cyprus,2006-07-01,,
Cyprus,2006-08-01,,
Cyprus,2006-09-01,,
Cyprus,2006-10-01,,
Cyprus,2006-11-01,,
Cyprus,2006-12-01,,
Cyprus,2007-01-01,,
Cyprus,2007-02-01,,
Cyprus,2007-03-01,,
Cyprus,2007-04-01,,
Cyprus,2007-05-01,,
Cyprus,2007-06-01,,
Cyprus,2007-07-01,,
Cyprus,2007-08-01,,
Cyprus,2007-09-01,,
Cyprus,2007-10-01,,
Cyprus,2007-11-01,,
Cyprus,2007-12-01,,
Cyprus,2008-01-01,,
Cyprus,2008-02-01,,
Cyprus,2008-03-01,,
Cyprus,2008-04-01,,
Cyprus,2008-05-01,,
Cyprus,2008-06-01,,
Cyprus,2008-07-01,,
Cyprus,2008-08-01,,
Cyprus,2008-09-01,,
Cyprus,2008-10-01,,
Cyprus,2008-11-01,,
Cyprus,2008-12-01,,
Cyprus,2009-01-01,,
Cyprus,2009-02-01,,
Cyprus,2009-03-01,,
Cyprus,2009-04-01,,
Cyprus,2009-05-01,,
Cyprus,2009-06-01,,
Cyprus,2009-07-01,,
Cyprus,2009-08-01,,
Cyprus,2009-09-01,,
Cyprus,2009-10-01,,
Cyprus,2009-11-01,,
Cyprus,2009-12-01,,
Cyprus,2010-01-01,,
Cyprus,2010-02-01,,
Cyprus,2010-03-01,,
Cyprus,2010-04-01,,
Cyprus,2010-05-01,,
Cyprus,2010-06-01,,
Cyprus,2010-07-01,,
Cyprus,2010-08-01,,
Cyprus,2010-09-01,,
Cyprus,2010-10-01,,
Cyprus,2010-11-01,,
Cyprus,2010-12-01,,
Cyprus,2011-01-01,,
Cyprus,2011-02-01,,
Cyprus,2011-03-01,,
Cyprus,2011-04-01,,
Cyprus,2011-05-01,,
Cyprus,2011-06-01,,
Cyprus,2011-07-01,,
Cyprus,2011-08-01,,
Cyprus,2011-09-01,,
Cyprus,2011-10-01,,
Cyprus,2011-11-01,,
Cyprus,2011-12-01,,
Cyprus,2012-01-01,,
Cyprus,2012-02-01,,
Cyprus,2012-03-01,,
Cyprus,2012-04-01,,
Cyprus,2012-05-01,,
Cyprus,2012-06-01,,
Cyprus,2012-07-01,,
Cyprus,2012-08-01,,
Cyprus,2012-09-01,,
Cyprus,2012-10-01,,
Cyprus,2012-11-01,,
Cyprus,2012-12-01,,
Cyprus,2013-01-01,,
Cyprus,2013-02-01,,
Cyprus,2013-03-01,,
Cyprus,2013-04-01,,
Cyprus,2013-05-01,,
Cyprus,2013-06-01,,
Cyprus,2013-07-01,,
Cyprus,2013-08-01,,
Cyprus,2013-09-01,,
Cyprus,2013-10-01,,
Cyprus,2013-11-01,,
Cyprus,2013-12-01,,
Cyprus,2014-01-01,,
Cyprus,2014-02-01,,
Cyprus,2014-03-01,,
Cyprus,2014-04-01,,
Cyprus,2014-05-01,,
Cyprus,2014-06-01,,
Cyprus,2014-07-01,,
Cyprus,2014-08-01,,
Cyprus,2014-09-01,,
Cyprus,2014-10-01,,
Cyprus,2014-11-01,,
Cyprus,2014-12-01,,
Cyprus,2015-01-01,,
Cyprus,2015-02-01,,
Cyprus,2015-03-01,,
Cyprus,2015-04-01,,
Cyprus,2015-05-01,,
Cyprus,2015-06-01,,
Cyprus,2015-07-01,,
Cyprus,2015-08-01,,
Cyprus,2015-09-01,,
Cyprus,2015-10-01,,
Cyprus,2015-11-01,,
Cyprus,2015-12-01,,
Cyprus,2016-01-01,,
Cyprus,2016-02-01,,
Cyprus,2016-03-01,,
Cyprus,2016-04-01,,
Cyprus,2016-05-01,,
Cyprus,2016-06-01,,
Cyprus,2016-07-01,,
Cyprus,2016-08-01,,
Cyprus,2016-09-01,,
Cyprus,2016-10-01,,
Cyprus,2016-11-01,,
Cyprus,2016-12-01,,
Cyprus,2017-01-01,,
Cyprus,2017-02-01,,
Cyprus,2017-03-01,,
Cyprus,2017-04-01,,
Cyprus,2017-05-01,,
Cyprus,2017-06-01,,
Cyprus,2017-07-01,,
Cyprus,2017-08-01,,
Cyprus,2017-09-01,,
Cyprus,2017-10-01,,
Cyprus,2017-11-01,,
Cyprus,2017-12-01,,
Cyprus,2018-01-01,,
Cyprus,2018-02-01,,
Cyprus,2018-03-01,,
Cyprus,2018-04-01,,
Cyprus,2018-05-01,,
Cyprus,2018-06-01,,
Cyprus,2018-07-01,,
Cyprus,2018-08-01,,
Cyprus,2018-09-01,,
Cyprus,2018-10-01,,
Cyprus,2018-11-01,,
Cyprus,2018-12-01,,
Cyprus,2019-01-01,,
Cyprus,2019-02-01,,
Cyprus,2019-03-01,,
Cyprus,2019-04-01,,
Cyprus,2019-05-01,,
Cyprus,2019-06-01,,
Cyprus,2019-07-01,,
Cyprus,2019-08-01,,
Cyprus,2019-09-01,,
Cyprus,2019-10-01,,
Cyprus,2019-11-01,,
Cyprus,2019-12-01,,
Cyprus,2020-01-01,,
Cyprus,2020-02-01,,
Cyprus,2020-03-01,,
Cyprus,2020-04-01,,
Cyprus,2020-05-01,,
Cyprus,2020-06-01,,
Cyprus,2020-07-01,,
Cyprus,2020-08-01,,
Cyprus,2020-09-01,,
Cyprus,2020-10-01,,
Cyprus,2020-11-01,,
Cyprus,2020-12-01,,
Czech Republic,2005-01-01,0.84498131686,71.85413132014
Czech Republic,2005-02-01,0.84612496647,76.81742589394
Czech Republic,2005-03-01,0.86177987061,81.67987381594
Czech Republic,2005-04-01,0.84887328983,77.92752617482
Czech Republic,2005-05-01,0.82891692799,72.84574617771
Czech Republic,2005-06-01,0.80503555863,74.93705712243
Czech Republic,2005-07-01,0.7995622554,76.62418785966
Czech Republic,2005-08-01,0.82655811216,83.28753365748
Czech Republic,2005-09-01,0.82807195666,91.09656865882
Czech Republic,2005-10-01,0.81376466201,86.52256987685
Czech Republic,2005-11-01,0.80132260746,87.37770472296
Czech Republic,2005-12-01,0.8107708383,91.52294115327
Czech Republic,2006-01-01,0.83503758037,98.99135898053
Czech Republic,2006-02-01,0.83068101675,100.19000328129
Czech Republic,2006-03-01,0.83566906478,99.77625803896
Czech Republic,2006-04-01,0.85848117603,102.16799705739
Czech Republic,2006-05-01,0.89566012833,100.7257570276
Czech Republic,2006-06-01,0.89158894834,89.76078564051
Czech Republic,2006-07-01,0.89408091998,95.19422207636
Czech Republic,2006-08-01,0.90669454154,100.29786202261
Czech Republic,2006-09-01,0.89180588001,100.63567964277
Czech Republic,2006-10-01,0.88534542436,103.49955054331
Czech Republic,2006-11-01,0.90342689917,110.58168371871
Czech Republic,2006-12-01,0.92449169999,117.78108650533
Czech Republic,2007-01-01,0.90509717344,117.33430464115
Czech Republic,2007-02-01,0.90420191291,121.26869569829
Czech Republic,2007-03-01,0.92342903762,121.52675193507
Czech Republic,2007-04-01,0.94754142985,133.42139582613
Czech Republic,2007-05-01,0.94870813751,135.06717270658
Czech Republic,2007-06-01,0.94393567215,134.28802293882
Czech Republic,2007-07-01,0.97102617746,139.06304296394
Czech Republic,2007-08-01,0.96971350476,132.74888507521
Czech Republic,2007-09-01,0.99295196781,139.18284856903
Czech Republic,2007-10-01,1.01788589352,151.8728864218
Czech Republic,2007-11-01,1.06118518799,153.9825728207
Czech Republic,2007-12-01,1.06060145652,154.83874688746
Czech Republic,2008-01-01,1.07594708211,140.06444161978
Czech Republic,2008-02-01,1.09678726935,139.68834767767
Czech Republic,2008-03-01,1.1564209099,144.04110857385
Czech Republic,2008-04-01,1.18300620289,152.19020953957
Czech Republic,2008-05-01,1.18839029366,160.26462455635
Czech Republic,2008-06-01,1.21438128132,157.48793859168
Czech Republic,2008-07-01,1.25262515916,149.69792105918
Czech Republic,2008-08-01,1.17744638893,138.12638571821
Czech Republic,2008-09-01,1.13577203079,119.38609948487
Czech Republic,2008-10-01,1.03558539604,80.11943777977
Czech Republic,2008-11-01,0.95772407292,65.37024026095
Czech Republic,2008-12-01,0.97133242274,67.0114574896
Czech Republic,2009-01-01,0.93143255641,62.52210028799
Czech Republic,2009-02-01,0.88512275617,48.50993139005
Czech Republic,2009-03-01,0.90635765265,52.83878769349
Czech Republic,2009-04-01,0.91769801495,63.21914831497
Czech Republic,2009-05-01,0.94029336473,73.1130010595
Czech Republic,2009-06-01,0.96717511824,75.77532191532
Czech Republic,2009-07-01,0.97560305938,79.97749107802
Czech Republic,2009-08-01,0.98854329003,98.46389874236
Czech Republic,2009-09-01,1.00644244661,102.24727028927
Czech Republic,2009-10-01,1.01773450102,102.32643512921
Czech Republic,2009-11-01,1.03383594162,102.01907138508
Czech Republic,2009-12-01,1.01359927447,96.8315923501
Czech Republic,2010-01-01,1.0,100.0
Czech Republic,2010-02-01,0.96784933784,92.83703695076
Czech Republic,2010-03-01,0.97592128048,97.45069465788
Czech Republic,2010-04-01,0.98009552388,104.23065720566
Czech Republic,2010-05-01,0.92710664569,89.81527925138
Czech Republic,2010-06-01,0.90852559502,83.89983426223
Czech Republic,2010-07-01,0.95748997435,91.03181439597
Czech Republic,2010-08-01,0.97235942676,94.80549966855
Czech Republic,2010-09-01,0.98819955222,93.75038748688
Czech Republic,2010-10-01,1.0454387733,100.25987323252
Czech Republic,2010-11-01,1.03195394805,98.36430709731
Czech Republic,2010-12-01,1.01183250152,97.1764270998
Czech Republic,2011-01-01,1.04901853927,105.79196051185
Czech Republic,2011-02-01,1.07847329134,108.36422334858
Czech Republic,2011-03-01,1.11036309465,109.2690118583
Czech Republic,2011-04-01,1.15386076749,115.74939572361
Czech Republic,2011-05-01,1.13738144823,114.24104650444
Czech Republic,2011-06-01,1.14280789327,112.02881779681
Czech Republic,2011-07-01,1.13775701876,109.21200321033
Czech Republic,2011-08-01,1.13759130804,95.07996975439
Czech Republic,2011-09-01,1.09441370343,82.61047164155
Czech Republic,2011-10-01,1.090676707,79.6437672238
Czech Republic,2011-11-01,1.06684618331,72.80578477761
Czech Republic,2011-12-01,1.0423790923,70.32274637112
Czech Republic,2012-01-01,1.03785617486,72.34194440811
Czech Republic,2012-02-01,1.07305144578,82.47159795096
Czech Republic,2012-03-01,1.07895964287,82.40969812512
Czech Republic,2012-04-01,1.07353035017,76.71796863849
Czech Republic,2012-05-01,1.03787347483,69.28579457926
Czech Republic,2012-06-01,1.00603803524,67.03166687787
Czech Republic,2012-07-01,0.98789896073,67.39203997078
Czech Republic,2012-08-01,1.01032846982,71.63567835492
Czech Republic,2012-09-01,1.04526181756,77.29124496209
Czech Republic,2012-10-01,1.04814677192,78.82439442032
Czech Republic,2012-11-01,1.02986869597,76.79971641486
Czech Republic,2012-12-01,1.04846943129,81.51071548039
Czech Republic,2013-01-01,1.0530305261,83.87672668523
Czech Republic,2013-02-01,1.05734030227,81.27749249702
Czech Republic,2013-03-01,1.02847940728,78.23254493121
Czech Republic,2013-04-01,1.02788929809,74.94188569284
Czech Republic,2013-05-01,1.01970236648,75.58243611833
Czech Republic,2013-06-01,1.0321823898,72.88545977563
Czech Republic,2013-07-01,1.02173038926,69.71375084923
Czech Republic,2013-08-01,1.03635592414,76.85987376891
Czech Republic,2013-09-01,1.03856536057,77.16239735249
Czech Republic,2013-10-01,1.05419444853,80.73517445629
Czech Republic,2013-11-01,1.02933356499,79.10060223251
Czech Republic,2013-12-01,1.04091767681,75.65404715664
Czech Republic,2014-01-01,1.03137039562,77.45548820783
Czech Republic,2014-02-01,1.03456187342,78.48047013184
Czech Republic,2014-03-01,1.04095935535,77.41910737526
Czech Republic,2014-04-01,1.03374574907,78.34373595013
Czech Republic,2014-05-01,1.0278355004,77.49830247923
Czech Republic,2014-06-01,1.0208025654,78.82145579305
Czech Republic,2014-07-01,1.01549968546,73.28959765165
Czech Republic,2014-08-01,0.99203026435,72.04521701087
Czech Republic,2014-09-01,0.96877643735,71.67769330895
Czech Republic,2014-10-01,0.95179173639,67.85800386807
Czech Republic,2014-11-01,0.9334400464,68.20924328617
Czech Republic,2014-12-01,0.91297019466,67.487383612
Czech Republic,2015-01-01,0.85337298259,61.46087297203
Czech Republic,2015-02-01,0.83880326538,63.86260314779
Czech Republic,2015-03-01,0.80819784995,63.13636835148
Czech Republic,2015-04-01,0.81357748541,63.81971049317
Czech Republic,2015-05-01,0.83655464778,64.70519745567
Czech Republic,2015-06-01,0.84304181763,63.31426270897
Czech Republic,2015-07-01,0.82534108168,63.52672406776
Czech Republic,2015-08-01,0.8330043518,65.14627385323
Czech Republic,2015-09-01,0.83123634853,63.70613919587
Czech Republic,2015-10-01,0.82486419462,62.56415885652
Czech Republic,2015-11-01,0.79092853896,60.55698730242
Czech Republic,2015-12-01,0.79464666786,58.64296250346
Czech Republic,2016-01-01,0.77890634563,56.06624587921
Czech Republic,2016-02-01,0.78824684416,55.6417048538
Czech Republic,2016-03-01,0.79131855127,57.141248663
Czech Republic,2016-04-01,0.80370336553,58.6575832526
Czech Republic,2016-05-01,0.80445108551,57.02114121934
Czech Republic,2016-06-01,0.80550603978,54.26277479744
Czech Republic,2016-07-01,0.79488160875,54.38590471831
Czech Republic,2016-08-01,0.8048367922,55.08048823085
Czech Republic,2016-09-01,0.80572922761,56.02227679389
Czech Republic,2016-10-01,0.79875551485,57.146390388
Czech Republic,2016-11-01,0.78533111943,55.10940002274
Czech Republic,2016-12-01,0.77923157152,54.81015669303
Czech Republic,2017-01-01,0.79553587267,56.72608974173
Czech Republic,2017-02-01,0.79973645032,58.58132502615
Czech Republic,2017-03-01,0.80114049497,59.92198328215
Czech Republic,2017-04-01,0.80451474528,60.99220516659
Czech Republic,2017-05-01,0.8255065729,65.28220809894
Czech Republic,2017-06-01,0.83469823255,65.98635023863
Czech Republic,2017-07-01,0.85147151571,68.78208388115
Czech Republic,2017-08-01,0.8681560265,72.11302081967
Czech Republic,2017-09-01,0.87883284879,73.39358951467
Czech Republic,2017-10-01,0.87346046653,74.59660414423
Czech Republic,2017-11-01,0.8770010709,75.14627998296
Czech Republic,2017-12-01,0.8863189604,76.41008897486
Czech Republic,2018-01-01,0.91884656808,83.54140866517
Czech Republic,2018-02-01,0.92504872062,84.00575562568
Czech Republic,2018-03-01,0.92586490001,84.08567716057
Czech Republic,2018-04-01,0.92209500927,84.30897173999
Czech Republic,2018-05-01,0.89424530741,78.41752202611
Czech Republic,2018-06-01,0.88842563253,75.06162628855
Czech Republic,2018-07-01,0.89337777417,76.08254987796
Czech Republic,2018-08-01,0.88657140337,74.90991795186
Czech Republic,2018-09-01,0.89716346141,76.75793770014
Czech Republic,2018-10-01,0.88358217342,74.41304515803
Czech Republic,2018-11-01,0.87197991858,72.81379247226
Czech Republic,2018-12-01,0.86496924387,69.81498116359
Czech Republic,2019-01-01,0.86889716961,70.04784006245
Czech Republic,2019-02-01,0.8653939115,72.41860270759
Czech Republic,2019-03-01,0.86228933737,73.10022263634
Czech Republic,2019-04-01,0.86217613933,73.75615242938
Czech Republic,2019-05-01,0.858427404,70.62888218728
Czech Republic,2019-06-01,0.86097495196,71.88206893432
Czech Republic,2019-07-01,0.85227680271,71.99084121647
Czech Republic,2019-08-01,0.84100128647,68.92554240031
Czech Republic,2019-09-01,0.83286233107,68.7105699336
Czech Republic,2019-10-01,0.83844944544,68.64613212404
Czech Republic,2019-11-01,0.84233158635,72.38885108147
Czech Republic,2019-12-01,0.84552363417,74.0026959518
Czech Republic,2020-01-01,0.84663454106,76.57542715909
Czech Republic,2020-02-01,0.8257223126,72.86696333062
Czech Republic,2020-03-01,0.81536200348,54.56478590181
Czech Republic,2020-04-01,0.7923852601,51.53510522951
Czech Republic,2020-05-01,0.78413741606,54.49586563235
Czech Republic,2020-06-01,0.80923464072,60.68053656229
Czech Republic,2020-07-01,0.82666332843,62.32781570862
Czech Republic,2020-08-01,0.85721216341,63.55451537996
Czech Republic,2020-09-01,0.85192740722,60.71763228805
Czech Republic,2020-10-01,0.84910868304,57.95877173807
Czech Republic,2020-11-01,0.86001943255,63.54596338418
Czech Republic,2020-12-01,0.89055451978,70.93604306092
Germany,2005-01-01,0.87016189035,66.52533948887
Germany,2005-02-01,0.86990061691,67.59207417965
Germany,2005-03-01,0.88933054233,68.74869388523
Germany,2005-04-01,0.8706277356,66.40315539649
Germany,2005-05-01,0.85040831905,65.61963451946
Germany,2005-06-01,0.82586399031,66.37446424219
Germany,2005-07-01,0.82287720411,68.04932720318
Germany,2005-08-01,0.84564739871,71.82164340713
Germany,2005-09-01,0.84449674241,72.37340358858
Germany,2005-10-01,0.83507111225,71.17901545764
Germany,2005-11-01,0.81710519846,71.77981919601
Germany,2005-12-01,0.82413310733,75.72453623073
Germany,2006-01-01,0.84851515094,79.56596969379
Germany,2006-02-01,0.8378633955,82.22850220925
Germany,2006-03-01,0.84775452612,84.2867348448
Germany,2006-04-01,0.87530134315,88.29881206487
Germany,2006-05-01,0.91003943571,89.24394957793
Germany,2006-06-01,0.90254951133,83.17072747972
Germany,2006-07-01,0.91405050202,84.85745792679
Germany,2006-08-01,0.92219976996,87.99172147902
Germany,2006-09-01,0.90825162874,89.76353519317
Germany,2006-10-01,0.89857242815,92.91980506171
Germany,2006-11-01,0.91397176867,98.11237928925
Germany,2006-12-01,0.9319093491,102.46660354441
Germany,2007-01-01,0.91382862705,103.87229517259
Germany,2007-02-01,0.9230928203,108.1193765412
Germany,2007-03-01,0.93835054784,106.17225086104
Germany,2007-04-01,0.96405982857,117.01139641892
Germany,2007-05-01,0.96474204437,122.35992895983
Germany,2007-06-01,0.96162667317,126.30355661627
Germany,2007-07-01,0.98500420157,129.33900405365
Germany,2007-08-01,0.97261510634,121.46419234217
Germany,2007-09-01,0.99701218644,127.06212900072
Germany,2007-10-01,1.02816202555,135.23033785539
Germany,2007-11-01,1.06580826258,135.32189366913
Germany,2007-12-01,1.05542519205,138.29033182565
Germany,2008-01-01,1.07710194753,128.83337879691
Germany,2008-02-01,1.09102834324,121.44713595078
Germany,2008-03-01,1.15146885692,120.6749430665
Germany,2008-04-01,1.17824430196,127.35987061941
Germany,2008-05-01,1.18619276033,131.2200857753
Germany,2008-06-01,1.20327159547,124.96121439102
Germany,2008-07-01,1.22644296343,119.4503357456
Germany,2008-08-01,1.1551457621,114.75366860466
Germany,2008-09-01,1.10128408122,105.31947548491
Germany,2008-10-01,0.98606133933,78.67045324768
Germany,2008-11-01,0.91790819366,71.3548516556
Germany,2008-12-01,0.93985587849,74.82747778751
Germany,2009-01-01,0.91790764301,71.88332797077
Germany,2009-02-01,0.88300634148,65.27384354463
Germany,2009-03-01,0.89606066465,62.071962286
Germany,2009-04-01,0.89809344099,71.2681213881
Germany,2009-05-01,0.9295600813,79.96214521432
Germany,2009-06-01,0.95713227344,82.57676210573
Germany,2009-07-01,0.95265749195,83.33491860711
Germany,2009-08-01,0.97854659672,91.84847444324
Germany,2009-09-01,0.98922783208,97.1994684889
Germany,2009-10-01,1.01212937214,100.59472787506
Germany,2009-11-01,1.02402291742,100.64868801444
Germany,2009-12-01,1.0034720237,101.79259288446
Germany,2010-01-01,1.0,100.0
Germany,2010-02-01,0.96589093903,91.32257878478
Germany,2010-03-01,0.97240922992,96.74253553715
Germany,2010-04-01,0.97873444444,99.67204268188
Germany,2010-05-01,0.92095689739,89.3813106303
Germany,2010-06-01,0.90458874977,88.7395846714
Germany,2010-07-01,0.94651212119,92.7691588272
Germany,2010-08-01,0.95432225415,94.39056433665
Germany,2010-09-01,0.97047872032,97.24558552186
Germany,2010-10-01,1.02675088025,106.91128020714
Germany,2010-11-01,1.01614344588,109.91912802778
Germany,2010-12-01,1.00442292022,110.48252179727
Germany,2011-01-01,1.02705477868,112.50315897871
Germany,2011-02-01,1.05869091124,119.05918667185
Germany,2011-03-01,1.09895590264,116.46447938228
Germany,2011-04-01,1.13540578746,124.91382090261
Germany,2011-05-01,1.11856325288,125.51380275143
Germany,2011-06-01,1.11812080429,123.18343779714
Germany,2011-07-01,1.11515182211,124.57961022841
Germany,2011-08-01,1.11332896049,101.46661733104
Germany,2011-09-01,1.07172082207,88.79164668621
Germany,2011-10-01,1.06870040769,96.3869379123
Germany,2011-11-01,1.06137436792,94.39673382743
Germany,2011-12-01,1.03445430494,92.24270235744
Germany,2012-01-01,1.02825673439,96.88419457156
Germany,2012-02-01,1.0621538211,107.39690771346
Germany,2012-03-01,1.06518693516,109.99615360466
Germany,2012-04-01,1.05838125315,105.95847148711
Germany,2012-05-01,1.0229647587,98.04918961575
Germany,2012-06-01,0.99010453315,92.72639954311
Germany,2012-07-01,0.97440467805,96.2023330635
Germany,2012-08-01,0.99255469022,103.01700775051
Germany,2012-09-01,1.02336815524,111.93050035001
Germany,2012-10-01,1.02636600553,112.95850635882
Germany,2012-11-01,1.0158340503,111.04835472438
Germany,2012-12-01,1.03281871087,118.68950869219
Germany,2013-01-01,1.0455637769,123.18899435141
Germany,2013-02-01,1.05135641044,122.18974628094
Germany,2013-03-01,1.02144758869,122.59502910994
Germany,2013-04-01,1.01523972214,120.27678785603
Germany,2013-05-01,1.00767018954,128.87831543216
Germany,2013-06-01,1.01807077004,127.60494026686
Germany,2013-07-01,1.01081849869,127.72678127881
Germany,2013-08-01,1.02930340662,132.61598611371
Germany,2013-09-01,1.03240888217,135.69615294484
Germany,2013-10-01,1.0468428689,143.4353199025
Germany,2013-11-01,1.03709384126,147.91724989781
Germany,2013-12-01,1.05281173049,151.22061909453
Germany,2014-01-01,1.04567962944,154.84256503206
Germany,2014-02-01,1.04829903537,155.33020309246
Germany,2014-03-01,1.05398794791,154.2722736499
Germany,2014-04-01,1.05092759789,156.62367495127
Germany,2014-05-01,1.04496809201,159.24621112153
Germany,2014-06-01,1.03589400949,161.33213988148
Germany,2014-07-01,1.02807269145,157.75843256464
Germany,2014-08-01,1.0100344802,147.50069108482
Germany,2014-09-01,0.98110690976,148.51931817409
Germany,2014-10-01,0.96215999926,136.0243296945
Germany,2014-11-01,0.93910520704,141.47041714247
Germany,2014-12-01,0.91079789623,144.60116231221
Germany,2015-01-01,0.85337114712,140.47722457416
Germany,2015-02-01,0.84548092488,148.93306360261
Germany,2015-03-01,0.81406149427,152.4478372572
Germany,2015-04-01,0.81789969043,154.27101888429
Germany,2015-05-01,0.84194923182,154.69618496915
Germany,2015-06-01,0.84369840045,150.78161563595
Germany,2015-07-01,0.82024914627,148.27504155118
Germany,2015-08-01,0.82207081875,144.4887667131
Germany,2015-09-01,0.82260338052,134.082524942
Germany,2015-10-01,0.81595121411,136.96211218048
Germany,2015-11-01,0.77895219883,140.83886033415
Germany,2015-12-01,0.78137045756,138.87768064332
Germany,2016-01-01,0.7659515164,127.37832987641
Germany,2016-02-01,0.77923448754,123.29478318947
Germany,2016-03-01,0.78702123302,131.16973856268
Germany,2016-04-01,0.80032380081,135.75094630759
Germany,2016-05-01,0.80511257665,135.1146251113
Germany,2016-06-01,0.80545962513,132.48434925357
Germany,2016-07-01,0.7932984316,131.65016752139
Germany,2016-08-01,0.80206111935,141.02104186836
Germany,2016-09-01,0.80369924063,140.81144599896
Germany,2016-10-01,0.79671777427,139.76064597755
Germany,2016-11-01,0.78277311616,136.08664627167
Germany,2016-12-01,0.78183376723,141.16106986329
Germany,2017-01-01,0.79638031471,147.63321600592
Germany,2017-02-01,0.80292554619,149.40186732225
Germany,2017-03-01,0.80208233698,153.8580227883
Germany,2017-04-01,0.80357883159,156.79783251928
Germany,2017-05-01,0.81987065843,167.20506350992
Germany,2017-06-01,0.82572479374,170.78442402949
Germany,2017-07-01,0.84321139616,170.82228806934
Germany,2017-08-01,0.8638439241,171.55842920389
Germany,2017-09-01,0.87680049998,177.53655950091
Germany,2017-10-01,0.87106580084,182.88143468774
Germany,2017-11-01,0.87596956779,184.6095836049
Germany,2017-12-01,0.88592584416,185.08354970991
Germany,2018-01-01,0.92222126224,194.66537959861
Germany,2018-02-01,0.92403079982,183.84994875196
Germany,2018-03-01,0.92298723061,179.50249798962
Germany,2018-04-01,0.92304821085,182.01626000661
Germany,2018-05-01,0.90210066292,182.26677643667
Germany,2018-06-01,0.8950662338,176.68911041185
Germany,2018-07-01,0.89530687465,175.6920208393
Germany,2018-08-01,0.88430877801,171.86966144995
Germany,2018-09-01,0.89686415296,169.80753341701
Germany,2018-10-01,0.89156810241,159.99609204087
Germany,2018-11-01,0.874240975,154.29851340447
Germany,2018-12-01,0.86430965142,147.21639773505
Germany,2019-01-01,0.86577084699,149.68999576152
Germany,2019-02-01,0.86276319189,152.99067524102
Germany,2019-03-01,0.85928519966,155.90887155428
Germany,2019-04-01,0.85641847988,161.96660370411
Germany,2019-05-01,0.85223641228,161.50219335422
Germany,2019-06-01,0.84902767903,164.26398244227
Germany,2019-07-01,0.84122134177,166.33364750784
Germany,2019-08-01,0.82950363366,155.8493588324
Germany,2019-09-01,0.82486346052,161.49679404342
Germany,2019-10-01,0.82784627653,165.68441405213
Germany,2019-11-01,0.83223655004,174.3887408358
Germany,2019-12-01,0.83876658803,175.25688335316
Germany,2020-01-01,0.83484448081,177.48532599839
Germany,2020-02-01,0.81249662276,173.79223335628
Germany,2020-03-01,0.79542855801,132.93332449715
Germany,2020-04-01,0.76795042546,134.75378235543
Germany,2020-05-01,0.77179015017,143.12832641066
Germany,2020-06-01,0.80155209086,165.50019671148
Germany,2020-07-01,0.81902333402,174.45796305821
Germany,2020-08-01,0.84694776317,182.17066527368
Germany,2020-09-01,0.84627801765,182.58707490237
Germany,2020-10-01,0.84795925006,177.33291324697
Germany,2020-11-01,0.8563283171,183.26405441815
Germany,2020-12-01,0.88590511541,195.0636013536
Denmark,2005-01-01,0.88003509282,77.48008968981
Denmark,2005-02-01,0.88694475143,80.9771708171
Denmark,2005-03-01,0.9124623466,85.1125732371
Denmark,2005-04-01,0.90530787532,84.88998512359
Denmark,2005-05-01,0.87949323521,82.47347319145
Denmark,2005-06-01,0.84273346215,84.07547028843
Denmark,2005-07-01,0.83876312827,86.39399574355
Denmark,2005-08-01,0.86894644819,92.04539119071
Denmark,2005-09-01,0.86577915586,93.32265658811
Denmark,2005-10-01,0.86108817999,88.5915027492
Denmark,2005-11-01,0.83540736399,88.84445358204
Denmark,2005-12-01,0.83890781651,93.8665460576
Denmark,2006-01-01,0.85882928553,98.62699944045
Denmark,2006-02-01,0.83798752694,98.36847961002
Denmark,2006-03-01,0.86283492008,102.04054155403
Denmark,2006-04-01,0.88067116924,102.80790721775
Denmark,2006-05-01,0.91555690311,104.26490094511
Denmark,2006-06-01,0.9155754468,95.79226434918
Denmark,2006-07-01,0.91802816267,97.75112778774
Denmark,2006-08-01,0.9239684456,101.86963867213
Denmark,2006-09-01,0.91314028291,104.6927768515
Denmark,2006-10-01,0.90588867638,109.07099174673
Denmark,2006-11-01,0.92582347605,115.11411182474
Denmark,2006-12-01,0.94340071898,121.35061610403
Denmark,2007-01-01,0.91949744351,124.72190688809
Denmark,2007-02-01,0.93288488444,131.4167940121
Denmark,2007-03-01,0.94393881429,127.87602320567
Denmark,2007-04-01,0.96116420809,137.07827352993
Denmark,2007-05-01,0.96004115055,141.31616347211
Denmark,2007-06-01,0.96320753364,140.78126616289
Denmark,2007-07-01,0.99559801917,149.63087959097
Denmark,2007-08-01,0.97946328469,144.14639197696
Denmark,2007-09-01,1.01915209841,147.85910611811
Denmark,2007-10-01,1.03866243933,155.09774932248
Denmark,2007-11-01,1.06100006434,150.26058990775
Denmark,2007-12-01,1.06314760499,145.35799051812
Denmark,2008-01-01,1.06186069891,131.40330467174
Denmark,2008-02-01,1.06656151514,133.01640887422
Denmark,2008-03-01,1.12415863137,136.87551392571
Denmark,2008-04-01,1.14424085982,141.5170763068
Denmark,2008-05-01,1.13073913439,145.39676425106
Denmark,2008-06-01,1.15572157677,141.26019792737
Denmark,2008-07-01,1.17971911319,130.87653007829
Denmark,2008-08-01,1.11063993213,126.44142824445
Denmark,2008-09-01,1.07717199284,113.86935426754
Denmark,2008-10-01,0.9632161744,80.72161451409
Denmark,2008-11-01,0.91324353679,69.70168474644
Denmark,2008-12-01,0.96265785798,69.09176676418
Denmark,2009-01-01,0.91721303313,69.43705360326
Denmark,2009-02-01,0.88740719771,65.93448324273
Denmark,2009-03-01,0.90630054235,59.36743777741
Denmark,2009-04-01,0.90123984933,66.51394615991
Denmark,2009-05-01,0.94044852883,80.18085962439
Denmark,2009-06-01,0.96759931947,81.24813048422
Denmark,2009-07-01,0.97256054176,81.60714257107
Denmark,2009-08-01,0.98304080848,91.429680094
Denmark,2009-09-01,0.99918136649,95.43357951135
Denmark,2009-10-01,1.02452537292,97.41583217634
Denmark,2009-11-01,1.01751783006,97.5948916445
Denmark,2009-12-01,0.99381984282,97.02609998433
Denmark,2010-01-01,1.0,100.0
Denmark,2010-02-01,0.95748854572,96.81509975636
Denmark,2010-03-01,0.96797839186,100.73922581883
Denmark,2010-04-01,0.97496665504,105.30893282889
Denmark,2010-05-01,0.90620954587,95.47063042712
Denmark,2010-06-01,0.89255225085,95.32430635549
Denmark,2010-07-01,0.94901792868,100.39556533419
Denmark,2010-08-01,0.95139716371,101.20816024983
Denmark,2010-09-01,0.97578152778,104.0484984655
Denmark,2010-10-01,1.03099624082,112.01887199027
Denmark,2010-11-01,1.01470843026,113.40169747958
Denmark,2010-12-01,0.99277085231,113.87931759552
Denmark,2011-01-01,1.00871221093,119.00071098659
Denmark,2011-02-01,1.04812519941,121.19767439945
Denmark,2011-03-01,1.08596197245,122.02721654012
Denmark,2011-04-01,1.10988643436,126.08531459178
Denmark,2011-05-01,1.10521112655,124.31631298547
Denmark,2011-06-01,1.10988511637,116.71024152491
Denmark,2011-07-01,1.10746986531,115.90959641036
Denmark,2011-08-01,1.12629235396,98.96382575093
Denmark,2011-09-01,1.07198555023,90.25903234577
Denmark,2011-10-01,1.07453471133,91.55849046048
Denmark,2011-11-01,1.06477403167,93.0164157506
Denmark,2011-12-01,1.03793020248,92.99417419001
Denmark,2012-01-01,1.04590170652,96.88619742221
Denmark,2012-02-01,1.06438011398,108.63042999648
Denmark,2012-03-01,1.07046901692,110.10561444206
Denmark,2012-04-01,1.06797511111,110.08418918016
Denmark,2012-05-01,1.03197714964,104.68189755572
Denmark,2012-06-01,1.00922388034,99.17294949382
Denmark,2012-07-01,0.99159405339,103.87492304735
Denmark,2012-08-01,1.01298854351,109.22205163985
Denmark,2012-09-01,1.06891410156,114.32886855344
Denmark,2012-10-01,1.06348226519,116.10559508384
Denmark,2012-11-01,1.0269378652,112.08179236846
Denmark,2012-12-01,1.06595116361,117.2512096006
Denmark,2013-01-01,1.06866558351,125.95817994837
Denmark,2013-02-01,1.07598276714,128.87911467875
Denmark,2013-03-01,1.04878908277,128.38014774024
Denmark,2013-04-01,1.04335983315,126.11966142766
Denmark,2013-05-01,1.0368052947,128.52089191643
Denmark,2013-06-01,1.04677613329,125.46352068752
Denmark,2013-07-01,1.0303854364,128.49257538726
Denmark,2013-08-01,1.05830878827,136.92477894204
Denmark,2013-09-01,1.06264899544,139.44992828972
Denmark,2013-10-01,1.07519734426,145.91448192054
Denmark,2013-11-01,1.05065458712,147.12599135975
Denmark,2013-12-01,1.08114807987,151.49893929181
Denmark,2014-01-01,1.06000666435,161.79286526121
Denmark,2014-02-01,1.07718610752,171.68828292705
Denmark,2014-03-01,1.08606043835,176.35540400929
Denmark,2014-04-01,1.07515516385,175.66690340657
Denmark,2014-05-01,1.07764784832,179.07871073806
Denmark,2014-06-01,1.07020644746,183.38117532236
Denmark,2014-07-01,1.066561078,182.11124987228
Denmark,2014-08-01,1.05942279493,176.82908776503
Denmark,2014-09-01,1.02541557029,177.18640172794
Denmark,2014-10-01,1.00561202244,166.82051749756
Denmark,2014-11-01,0.97333155185,168.47537735871
Denmark,2014-12-01,0.95831059272,166.73925174145
Denmark,2015-01-01,0.88193588493,162.62810213279
Denmark,2015-02-01,0.87874849544,167.982051938
Denmark,2015-03-01,0.84435131873,174.96798684855
Denmark,2015-04-01,0.84653368968,184.65117872834
Denmark,2015-05-01,0.87983371218,187.9600902309
Denmark,2015-06-01,0.86974206579,186.6381250591
Denmark,2015-07-01,0.85379273339,187.1661060589
Denmark,2015-08-01,0.8538351445,188.48066464829
Denmark,2015-09-01,0.86680156915,183.17739858245
Denmark,2015-10-01,0.84093431086,181.75213793062
Denmark,2015-11-01,0.80939238668,181.03184630849
Denmark,2015-12-01,0.81599387684,186.3491611315
Denmark,2016-01-01,0.78828685317,177.95090518485
Denmark,2016-02-01,0.81127413772,174.22892101309
Denmark,2016-03-01,0.80619414326,184.19442088454
Denmark,2016-04-01,0.82585977067,186.92450077313
Denmark,2016-05-01,0.82515098126,188.63013346552
Denmark,2016-06-01,0.82820674172,185.03033340034
Denmark,2016-07-01,0.81388751266,185.7621278519
Denmark,2016-08-01,0.82607371259,185.92232193471
Denmark,2016-09-01,0.83136371154,184.48288329291
Denmark,2016-10-01,0.81478975446,176.88389354835
Denmark,2016-11-01,0.79874615446,160.5314164896
Denmark,2016-12-01,0.79972900608,164.06052006735
Denmark,2017-01-01,0.8179361154,173.42843257159
Denmark,2017-02-01,0.8115999266,176.38049040729
Denmark,2017-03-01,0.80818063891,177.5459519835
Denmark,2017-04-01,0.82081817197,183.53673379693
Denmark,2017-05-01,0.85249168674,196.93650217168
Denmark,2017-06-01,0.85365273931,205.70817194425
Denmark,2017-07-01,0.87626133055,210.44216724102
Denmark,2017-08-01,0.89850666147,216.651833715
Denmark,2017-09-01,0.91253432679,221.06686407915
Denmark,2017-10-01,0.90252706836,222.92450527745
Denmark,2017-11-01,0.91322330867,216.20619289339
Denmark,2017-12-01,0.92090673793,217.06481275411
Denmark,2018-01-01,0.94228024983,230.87419390851
Denmark,2018-02-01,0.93711782248,223.69106031895
Denmark,2018-03-01,0.94805671373,223.71721134398
Denmark,2018-04-01,0.9425589284,220.44645043738
Denmark,2018-05-01,0.91501330548,219.65417575534
Denmark,2018-06-01,0.90436252028,215.21004099256
Denmark,2018-07-01,0.90959528457,220.19207768229
Denmark,2018-08-01,0.91126561556,219.62059842564
Denmark,2018-09-01,0.90959033214,217.2752815369
Denmark,2018-10-01,0.90254361217,198.73552878908
Denmark,2018-11-01,0.89412600826,196.21025958989
Denmark,2018-12-01,0.88343723924,193.92836373302
Denmark,2019-01-01,0.88394126753,197.18763717973
Denmark,2019-02-01,0.88911443779,204.05515668248
Denmark,2019-03-01,0.89171508026,209.8002022829
Denmark,2019-04-01,0.88205694344,211.53198240436
Denmark,2019-05-01,0.88374744791,207.57243618607
Denmark,2019-06-01,0.88228945492,211.70899464291
Denmark,2019-07-01,0.88283992285,211.96543610321
Denmark,2019-08-01,0.87477136914,208.60912607066
Denmark,2019-09-01,0.8710041663,210.53629421488
Denmark,2019-10-01,0.87010289663,208.64263922642
Denmark,2019-11-01,0.86419948178,220.50425410639
Denmark,2019-12-01,0.88544928529,229.16822476319
Denmark,2020-01-01,0.87109474048,235.23806303784
Denmark,2020-02-01,0.85212168292,240.19591377038
Denmark,2020-03-01,0.83813903399,204.42768270543
Denmark,2020-04-01,0.81458828757,215.29430260817
Denmark,2020-05-01,0.80811380631,228.2723894854
Denmark,2020-06-01,0.85510642852,247.66929975794
Denmark,2020-07-01,0.87283639418,264.13743212996
Denmark,2020-08-01,0.89456579235,277.43810181253
Denmark,2020-09-01,0.90152405035,278.27436370944
Denmark,2020-10-01,0.89320632712,291.30247241524
Denmark,2020-11-01,0.90782829604,298.01116367645
Denmark,2020-12-01,0.93405255022,315.25114033969
Dominican Republic,2005-01-01,0.81736182059,
Dominican Republic,2005-02-01,0.81988180815,
Dominican Republic,2005-03-01,0.82837157994,
Dominican Republic,2005-04-01,0.83001284916,
Dominican Republic,2005-05-01,0.82755765035,
Dominican Republic,2005-06-01,0.83387296141,
Dominican Republic,2005-07-01,0.83894526666,
Dominican Republic,2005-08-01,0.84419130395,
Dominican Republic,2005-09-01,0.84372984528,
Dominican Republic,2005-10-01,0.84520031043,
Dominican Republic,2005-11-01,0.84207876959,
Dominican Republic,2005-12-01,0.84540013412,
Dominican Republic,2006-01-01,0.87144266936,
Dominican Republic,2006-02-01,0.87070563204,
Dominican Republic,2006-03-01,0.87107060413,
Dominican Republic,2006-04-01,0.88058686783,
Dominican Republic,2006-05-01,0.88072992284,
Dominican Republic,2006-06-01,0.88054698464,
Dominican Republic,2006-07-01,0.88919412694,
Dominican Republic,2006-08-01,0.88913403454,
Dominican Republic,2006-09-01,0.88115617326,
Dominican Republic,2006-10-01,0.88115296831,
Dominican Republic,2006-11-01,0.88429874515,
Dominican Republic,2006-12-01,0.88567978248,
Dominican Republic,2007-01-01,0.91839764986,
Dominican Republic,2007-02-01,0.9249092697,
Dominican Republic,2007-03-01,0.9262423277,
Dominican Republic,2007-04-01,0.92642396363,
Dominican Republic,2007-05-01,0.92730670581,
Dominican Republic,2007-06-01,0.93346199767,
Dominican Republic,2007-07-01,0.93853709769,
Dominican Republic,2007-08-01,0.93840349958,
Dominican Republic,2007-09-01,0.95311778646,
Dominican Republic,2007-10-01,0.96652417914,
Dominican Republic,2007-11-01,0.97914522571,
Dominican Republic,2007-12-01,0.98339424433,
Dominican Republic,2008-01-01,1.05386348794,
Dominican Republic,2008-02-01,1.07279137617,
Dominican Republic,2008-03-01,1.0869387791,
Dominican Republic,2008-04-01,1.09929695937,
Dominican Republic,2008-05-01,1.11582399698,
Dominican Republic,2008-06-01,1.14806326155,
Dominican Republic,2008-07-01,1.16125711308,
Dominican Republic,2008-08-01,1.13942744177,
Dominican Republic,2008-09-01,1.12186828728,
Dominican Republic,2008-10-01,1.08607174189,
Dominican Republic,2008-11-01,1.05638576147,
Dominican Republic,2008-12-01,1.03348858438,
Dominican Republic,2009-01-01,0.98383998254,
Dominican Republic,2009-02-01,0.96424898885,
Dominican Republic,2009-03-01,0.96062822727,
Dominican Republic,2009-04-01,0.94413679859,
Dominican Republic,2009-05-01,0.95304520129,
Dominican Republic,2009-06-01,0.96335606789,
Dominican Republic,2009-07-01,0.94564243018,
Dominican Republic,2009-08-01,0.95328518143,
Dominican Republic,2009-09-01,0.94997504957,
Dominican Republic,2009-10-01,0.96055406487,
Dominican Republic,2009-11-01,0.96734425163,
Dominican Republic,2009-12-01,0.96479629081,
Dominican Republic,2010-01-01,1.0,
Dominican Republic,2010-02-01,0.99609829387,
Dominican Republic,2010-03-01,1.00126152272,
Dominican Republic,2010-04-01,1.00165970463,
Dominican Republic,2010-05-01,0.99548829895,
Dominican Republic,2010-06-01,0.99303253145,
Dominican Republic,2010-07-01,0.99625071064,
Dominican Republic,2010-08-01,1.00463568844,
Dominican Republic,2010-09-01,1.01172297374,
Dominican Republic,2010-10-01,1.02190789793,
Dominican Republic,2010-11-01,1.02862329358,
Dominican Republic,2010-12-01,1.04014752573,
Dominican Republic,2011-01-01,1.12181699393,
Dominican Republic,2011-02-01,1.13025082636,
Dominican Republic,2011-03-01,1.14279105053,
Dominican Republic,2011-04-01,1.1622233612,
Dominican Republic,2011-05-01,1.15247388464,
Dominican Republic,2011-06-01,1.14844683844,
Dominican Republic,2011-07-01,1.15319236356,
Dominican Republic,2011-08-01,1.14917317816,
Dominican Republic,2011-09-01,1.14710604227,
Dominican Republic,2011-10-01,1.14344509979,
Dominican Republic,2011-11-01,1.14575740875,
Dominican Republic,2011-12-01,1.14131072375,
Dominican Republic,2012-01-01,1.13532687897,
Dominican Republic,2012-02-01,1.14048906329,
Dominican Republic,2012-03-01,1.15041032152,
Dominican Republic,2012-04-01,1.14167594237,
Dominican Republic,2012-05-01,1.1327563608,
Dominican Republic,2012-06-01,1.11896256518,
Dominican Republic,2012-07-01,1.13669015134,
Dominican Republic,2012-08-01,1.14659911055,
Dominican Republic,2012-09-01,1.1463919717,
Dominican Republic,2012-10-01,1.14533086952,
Dominican Republic,2012-11-01,1.14503632756,
Dominican Republic,2012-12-01,1.14322927915,
Dominican Republic,2013-01-01,1.13335240242,
Dominican Republic,2013-02-01,1.13361728088,
Dominican Republic,2013-03-01,1.12847408233,
Dominican Republic,2013-04-01,1.12537390328,
Dominican Republic,2013-05-01,1.12560630287,
Dominican Republic,2013-06-01,1.12279034938,
Dominican Republic,2013-07-01,1.12287231254,
Dominican Republic,2013-08-01,1.12056192008,
Dominican Republic,2013-09-01,1.1164240522,
Dominican Republic,2013-10-01,1.11512281858,
Dominican Republic,2013-11-01,1.1117542555,
Dominican Republic,2013-12-01,1.11338364317,
Dominican Republic,2014-01-01,1.10848022918,
Dominican Republic,2014-02-01,1.11291054008,
Dominican Republic,2014-03-01,1.11326808276,
Dominican Republic,2014-04-01,1.1120787743,
Dominican Republic,2014-05-01,1.11024975756,
Dominican Republic,2014-06-01,1.10585654407,
Dominican Republic,2014-07-01,1.09614539907,
Dominican Republic,2014-08-01,1.09018045519,
Dominican Republic,2014-09-01,1.08276765999,
Dominican Republic,2014-10-01,1.07626348974,
Dominican Republic,2014-11-01,1.06498623545,
Dominican Republic,2014-12-01,1.05461017389,
Dominican Republic,2015-01-01,1.03439655401,
Dominican Republic,2015-02-01,1.03321872625,
Dominican Republic,2015-03-01,1.02959557193,
Dominican Republic,2015-04-01,1.02816411502,
Dominican Republic,2015-05-01,1.03021103954,
Dominican Republic,2015-06-01,1.02818089899,
Dominican Republic,2015-07-01,1.02108186281,
Dominican Republic,2015-08-01,1.009749876,
Dominican Republic,2015-09-01,1.00776210636,
Dominican Republic,2015-10-01,1.00665994307,
Dominican Republic,2015-11-01,0.99993352156,
Dominican Republic,2015-12-01,0.99200726482,
Dominican Republic,2016-01-01,0.99506815571,
Dominican Republic,2016-02-01,,
Dominican Republic,2016-03-01,,
Dominican Republic,2016-04-01,,
Dominican Republic,2016-05-01,,
Dominican Republic,2016-06-01,,
Dominican Republic,2016-07-01,,
Dominican Republic,2016-08-01,,
Dominican Republic,2016-09-01,,
Dominican Republic,2016-10-01,,
Dominican Republic,2016-11-01,,
Dominican Republic,2016-12-01,,
Dominican Republic,2017-01-01,,
Dominican Republic,2017-02-01,,
Dominican Republic,2017-03-01,,
Dominican Republic,2017-04-01,,
Dominican Republic,2017-05-01,,
Dominican Republic,2017-06-01,,
Dominican Republic,2017-07-01,,
Dominican Republic,2017-08-01,,
Dominican Republic,2017-09-01,,
Dominican Republic,2017-10-01,,
Dominican Republic,2017-11-01,,
Dominican Republic,2017-12-01,,
Dominican Republic,2018-01-01,,
Dominican Republic,2018-02-01,,
Dominican Republic,2018-03-01,,
Dominican Republic,2018-04-01,,
Dominican Republic,2018-05-01,,
Dominican Republic,2018-06-01,,
Dominican Republic,2018-07-01,,
Dominican Republic,2018-08-01,,
Dominican Republic,2018-09-01,,
Dominican Republic,2018-10-01,,
Dominican Republic,2018-11-01,,
Dominican Republic,2018-12-01,,
Dominican Republic,2019-01-01,,
Dominican Republic,2019-02-01,,
Dominican Republic,2019-03-01,,
Dominican Republic,2019-04-01,,
Dominican Republic,2019-05-01,,
Dominican Republic,2019-06-01,,
Dominican Republic,2019-07-01,,
Dominican Republic,2019-08-01,,
Dominican Republic,2019-09-01,,
Dominican Republic,2019-10-01,,
Dominican Republic,2019-11-01,,
Dominican Republic,2019-12-01,,
Dominican Republic,2020-01-01,,
Dominican Republic,2020-02-01,,
Dominican Republic,2020-03-01,,
Dominican Republic,2020-04-01,,
Dominican Republic,2020-05-01,,
Dominican Republic,2020-06-01,,
Dominican Republic,2020-07-01,,
Dominican Republic,2020-08-01,,
Dominican Republic,2020-09-01,,
Dominican Republic,2020-10-01,,
Dominican Republic,2020-11-01,,
Dominican Republic,2020-12-01,,
Spain,2005-01-01,0.88738758723,72.39073665808
Spain,2005-02-01,0.902936943,75.2836564244
Spain,2005-03-01,0.93118389084,75.80752352375
Spain,2005-04-01,0.91555514834,73.36159826841
Spain,2005-05-01,0.89633985726,72.86923340043
Spain,2005-06-01,0.88023428433,72.52084856401
Spain,2005-07-01,0.89326636022,74.2567019144
Spain,2005-08-01,0.91650472612,76.81101000763
Spain,2005-09-01,0.92030009657,79.63903253721
Spain,2005-10-01,0.89808546666,78.8242137729
Spain,2005-11-01,0.88321304851,76.5937156827
Spain,2005-12-01,0.89914294864,77.80031010228
Spain,2006-01-01,0.88634504529,81.65906200539
Spain,2006-02-01,0.89502895348,84.82894528919
Spain,2006-03-01,0.9148765092,88.33657771652
Spain,2006-04-01,0.93379204956,90.65520624388
Spain,2006-05-01,0.96807230838,92.25889907102
Spain,2006-06-01,0.94999838851,88.06684028021
Spain,2006-07-01,0.96692979494,91.05207978927
Spain,2006-08-01,0.98484146839,95.46224386689
Spain,2006-09-01,0.96147174248,98.23817288377
Spain,2006-10-01,0.9568697562,105.52714954239
Spain,2006-11-01,0.95582958071,113.38945974218
Spain,2006-12-01,0.99975112397,117.71863267725
Spain,2007-01-01,0.95997269779,118.49733490546
Spain,2007-02-01,0.9818385436,123.05946441068
Spain,2007-03-01,1.00926618223,119.62909364878
Spain,2007-04-01,1.00878582577,127.51311789943
Spain,2007-05-01,0.99767106986,127.31413002354
Spain,2007-06-01,1.02641896454,126.99677276303
Spain,2007-07-01,1.05616748122,129.16555370827
Spain,2007-08-01,1.0354537093,124.14742572452
Spain,2007-09-01,1.07832400936,125.10179070075
Spain,2007-10-01,1.10288070145,135.58809244627
Spain,2007-11-01,1.15020388065,142.84706498149
Spain,2007-12-01,1.11060346296,140.65634000024
Spain,2008-01-01,1.1465648457,125.93309660546
Spain,2008-02-01,1.14331739078,120.97147780356
Spain,2008-03-01,1.21204613156,125.82999959808
Spain,2008-04-01,1.23153058348,133.13978096285
Spain,2008-05-01,1.21345954113,133.24965198872
Spain,2008-06-01,1.22681888656,122.13651746425
Spain,2008-07-01,1.29471141371,113.81862976094
Spain,2008-08-01,1.23848244835,107.07048411309
Spain,2008-09-01,1.1648642277,99.57079304583
Spain,2008-10-01,1.07148490368,78.96625872568
Spain,2008-11-01,1.01700405119,68.93381268731
Spain,2008-12-01,1.02528544082,74.04534222787
Spain,2009-01-01,0.95383433234,71.14564702311
Spain,2009-02-01,0.9111808075,62.59882609197
Spain,2009-03-01,0.92206853588,59.39906324431
Spain,2009-04-01,0.92551614148,68.43281401924
Spain,2009-05-01,0.94505201476,75.31003074297
Spain,2009-06-01,0.97292407487,79.61496448283
Spain,2009-07-01,0.98304116196,84.15799677102
Spain,2009-08-01,0.97590187619,93.95168468679
Spain,2009-09-01,1.02371557856,100.84749653357
Spain,2009-10-01,1.01807801524,103.89049059507
Spain,2009-11-01,1.02450424429,105.06011336132
Spain,2009-12-01,1.01758459651,103.16211918566
Spain,2010-01-01,1.0,100.0
Spain,2010-02-01,0.95978133476,85.22520213279
Spain,2010-03-01,0.95225465029,88.25165491621
Spain,2010-04-01,0.96330170396,87.94451172466
Spain,2010-05-01,0.91275463134,71.00885576615
Spain,2010-06-01,0.89378187281,68.39229357481
Spain,2010-07-01,0.94079532172,76.76408307923
Spain,2010-08-01,0.98315480983,79.51503601122
Spain,2010-09-01,0.97976156026,82.38343012844
Spain,2010-10-01,1.0346841309,88.29626197529
Spain,2010-11-01,1.01878106676,81.16144462185
Spain,2010-12-01,1.01425306131,77.30437110686
Spain,2011-01-01,1.04545969686,80.58031310664
Spain,2011-02-01,1.056488517,87.17259291113
Spain,2011-03-01,1.09642447528,86.68822216905
Spain,2011-04-01,1.15376619584,90.57515609165
Spain,2011-05-01,1.08593329548,87.13126966393
Spain,2011-06-01,1.13246818723,84.6920528131
Spain,2011-07-01,1.15001759965,81.81794541666
Spain,2011-08-01,1.15258049852,70.97423019183
Spain,2011-09-01,1.10328766215,65.41901108637
Spain,2011-10-01,1.11018722476,69.99286878916
Spain,2011-11-01,1.12187637766,64.54455309071
Spain,2011-12-01,1.07300842494,63.86980762852
Spain,2012-01-01,1.06584542482,63.18279705114
Spain,2012-02-01,1.10436510974,66.5229784575
Spain,2012-03-01,1.12159697884,63.48107514208
Spain,2012-04-01,1.09172629062,55.63482535405
Spain,2012-05-01,1.03782468518,49.24724930451
Spain,2012-06-01,1.03321324433,48.06431941757
Spain,2012-07-01,0.99869841327,47.3003243045
Spain,2012-08-01,1.05556673497,51.68997755636
Spain,2012-09-01,1.08983976867,59.01143979732
Spain,2012-10-01,1.09815432909,58.65619428679
Spain,2012-11-01,1.04963171552,57.66863194099
Spain,2012-12-01,1.09892791164,61.09197182531
Spain,2013-01-01,1.08844990393,66.39807042708
Spain,2013-02-01,1.07010529158,63.14452416253
Spain,2013-03-01,1.04530322995,62.69496457248
Spain,2013-04-01,1.00923387759,60.78450343165
Spain,2013-05-01,0.99235490822,63.46676774937
Spain,2013-06-01,1.05626970466,61.17526200646
Spain,2013-07-01,1.03918879611,60.8182992948
Spain,2013-08-01,1.0610423375,66.50205620228
Spain,2013-09-01,1.09041349537,69.34223807912
Spain,2013-10-01,1.07751595863,77.41423912647
Spain,2013-11-01,1.07330594785,76.73453290498
Spain,2013-12-01,1.10846123421,76.668661033
Spain,2014-01-01,1.04073785426,80.88372459392
Spain,2014-02-01,1.06121433339,80.44767462647
Spain,2014-03-01,1.06116490864,81.83932396521
Spain,2014-04-01,1.07417466146,84.25516722502
Spain,2014-05-01,1.05811986433,85.05596255747
Spain,2014-06-01,1.06567141233,87.90564118105
Spain,2014-07-01,1.06072377727,85.26924157852
Spain,2014-08-01,1.04216550185,81.289684689
Spain,2014-09-01,1.01497043963,82.17207488546
Spain,2014-10-01,0.98264714957,76.03537978207
Spain,2014-11-01,0.97028132764,75.19207916825
Spain,2014-12-01,0.97759794233,74.70299365094
Spain,2015-01-01,0.86349017258,68.58261408184
Spain,2015-02-01,0.86334835478,70.75868754166
Spain,2015-03-01,0.83563297199,70.61164849144
Spain,2015-04-01,0.82835876575,72.7008369299
Spain,2015-05-01,0.85762745276,73.6383947996
Spain,2015-06-01,0.85305914712,72.42230208179
Spain,2015-07-01,0.83751344457,71.13328180898
Spain,2015-08-01,0.8455863794,69.81591800927
Spain,2015-09-01,0.85051781124,63.79913843463
Spain,2015-10-01,0.84784719296,66.03719351818
Spain,2015-11-01,0.81027702967,64.07282000409
Spain,2015-12-01,0.8165551396,61.66287330843
Spain,2016-01-01,0.7886544089,55.2604902945
Spain,2016-02-01,0.81628376033,53.09728304529
Spain,2016-03-01,0.78283819667,57.25494877554
Spain,2016-04-01,0.81993348839,57.96122598597
Spain,2016-05-01,0.81957349566,57.63333448902
Spain,2016-06-01,0.82628672724,54.92862191718
Spain,2016-07-01,0.81457456642,53.64206305415
Spain,2016-08-01,0.82283990482,55.41118872757
Spain,2016-09-01,0.83180592485,57.11828113839
Spain,2016-10-01,0.82576200082,56.71293735847
Spain,2016-11-01,0.79928739004,54.28507987146
Spain,2016-12-01,0.81068177945,55.88567750297
Spain,2017-01-01,0.82689165694,58.08509592131
Spain,2017-02-01,0.82099832205,58.33157290876
Spain,2017-03-01,0.83736899762,62.4436511196
Spain,2017-04-01,0.8148793209,64.87370319331
Spain,2017-05-01,0.84691716693,69.50690892319
Spain,2017-06-01,0.84367533274,70.0054702913
Spain,2017-07-01,0.86587377141,70.26168470376
Spain,2017-08-01,0.90077384227,71.24509783898
Spain,2017-09-01,0.92165979261,70.77658818231
Spain,2017-10-01,0.91269135027,69.58992027641
Spain,2017-11-01,0.91399841345,69.09940958474
Spain,2017-12-01,0.93029091943,70.05127435084
Spain,2018-01-01,0.97601947969,74.37834146093
Spain,2018-02-01,0.95321658757,70.98790099913
Spain,2018-03-01,0.97099976512,69.17523884973
Spain,2018-04-01,0.96353694765,69.99605269593
Spain,2018-05-01,0.93308929008,68.77305381819
Spain,2018-06-01,0.93488542795,66.11405647132
Spain,2018-07-01,0.95130359235,66.33094204517
Spain,2018-08-01,0.93626782738,64.22432326663
Spain,2018-09-01,0.96281944726,63.62140986156
Spain,2018-10-01,0.95132437986,60.05636595046
Spain,2018-11-01,0.94100672638,59.36648418178
Spain,2018-12-01,0.93056776434,57.36058352162
Spain,2019-01-01,0.90744615173,59.10251278778
Spain,2019-02-01,0.88682541029,59.69579229544
Spain,2019-03-01,0.92917615917,60.53907898445
Spain,2019-04-01,0.92255873298,61.55798922445
Spain,2019-05-01,0.88809954228,59.53810860009
Spain,2019-06-01,0.89124402163,60.02191102785
Spain,2019-07-01,0.90514591541,59.86486705688
Spain,2019-08-01,0.86476157526,55.86981760079
Spain,2019-09-01,0.87876532386,57.12720153498
Spain,2019-10-01,0.90045655584,58.401968708
Spain,2019-11-01,0.89595995262,58.98580659739
Spain,2019-12-01,0.93268004595,60.26945987201
Spain,2020-01-01,0.90699175589,60.61323656321
Spain,2020-02-01,0.87479201816,60.21076685358
Spain,2020-03-01,0.88493970009,45.36866429749
Spain,2020-04-01,0.81044092329,41.90640167933
Spain,2020-05-01,0.82616507653,41.81962637862
Spain,2020-06-01,0.87061764563,47.34249689035
Spain,2020-07-01,0.87851445252,47.64103484987
Spain,2020-08-01,0.90151569745,47.34047157566
Spain,2020-09-01,0.90485304573,45.83519662615
Spain,2020-10-01,0.90982955848,45.240605595
Spain,2020-11-01,0.92268536929,51.39274881109
Spain,2020-12-01,0.95578202868,56.50512514225
Estonia,2005-01-01,0.80747222921,88.55743804931
Estonia,2005-02-01,0.80521810547,97.44507510979
Estonia,2005-03-01,0.82157988319,109.28816255621
Estonia,2005-04-01,0.80925552254,115.60564016697
Estonia,2005-05-01,0.78943244539,112.96277740857
Estonia,2005-06-01,0.76207940497,107.56870554018
Estonia,2005-07-01,0.75831397052,106.14737401235
Estonia,2005-08-01,0.7749800973,110.99655083644
Estonia,2005-09-01,0.78037814581,116.95377645842
Estonia,2005-10-01,0.7697412057,119.91459969499
Estonia,2005-11-01,0.75157135735,116.66281388274
Estonia,2005-12-01,0.75219391688,115.88973501682
Estonia,2006-01-01,0.77273141462,117.55015930412
Estonia,2006-02-01,0.77173347205,114.03381928678
Estonia,2006-03-01,0.77409167186,114.28681600065
Estonia,2006-04-01,0.79725932578,119.42340371986
Estonia,2006-05-01,0.83370784159,120.022472967
Estonia,2006-06-01,0.82880949027,112.12753487514
Estonia,2006-07-01,0.83916020316,115.31645514826
Estonia,2006-08-01,0.84597997427,121.11250559168
Estonia,2006-09-01,0.84107349865,125.96937322529
Estonia,2006-10-01,0.83235293858,126.69753007225
Estonia,2006-11-01,0.85082596571,141.93819052759
Estonia,2006-12-01,0.87175398591,156.29660737759
Estonia,2007-01-01,0.85729580242,175.29871709941
Estonia,2007-02-01,0.86683021381,186.01470366952
Estonia,2007-03-01,0.88235784383,168.54409501008
Estonia,2007-04-01,0.90322870742,181.91257974919
Estonia,2007-05-01,0.91060826792,178.76301421835
Estonia,2007-06-01,0.90891181393,180.51773855462
Estonia,2007-07-01,0.93273089874,194.56178757898
Estonia,2007-08-01,0.92467525896,183.45114494193
Estonia,2007-09-01,0.94595354935,183.39806262845
Estonia,2007-10-01,0.97432613746,178.04957606613
Estonia,2007-11-01,1.00993641173,165.61897221838
Estonia,2007-12-01,1.00864018801,155.38218604928
Estonia,2008-01-01,1.02540155618,147.93828849101
Estonia,2008-02-01,1.02235912903,142.22820137655
Estonia,2008-03-01,1.08756494324,146.64145222037
Estonia,2008-04-01,1.1114692641,142.44555461241
Estonia,2008-05-01,1.11385299685,136.05831283237
Estonia,2008-06-01,1.14586196195,135.05292064766
Estonia,2008-07-01,1.16630263663,122.47485789088
Estonia,2008-08-01,1.09981156117,115.78245572292
Estonia,2008-09-01,1.06014121513,108.82094094197
Estonia,2008-10-01,0.97601090055,75.51347773762
Estonia,2008-11-01,0.89384133502,57.4469195206
Estonia,2008-12-01,0.92313065793,53.65270933164
Estonia,2009-01-01,0.88316078908,58.91844471748
Estonia,2009-02-01,0.85367611518,54.41041370389
Estonia,2009-03-01,0.85728607386,49.52517962537
Estonia,2009-04-01,0.8792062113,53.08547377588
Estonia,2009-05-01,0.90415828645,60.09235409835
Estonia,2009-06-01,0.9500035806,61.92226385126
Estonia,2009-07-01,0.96144438102,61.16394883197
Estonia,2009-08-01,0.97927429187,72.08216096174
Estonia,2009-09-01,1.00205529846,91.51274502267
Estonia,2009-10-01,1.00721658638,92.44402356009
Estonia,2009-11-01,1.03646602575,89.82576827087
Estonia,2009-12-01,1.00989440614,86.9832327337
Estonia,2010-01-01,1.0,100.0
Estonia,2010-02-01,0.96505077234,110.79211347826
Estonia,2010-03-01,0.96710268552,111.70708713551
Estonia,2010-04-01,0.98074359601,119.13239656814
Estonia,2010-05-01,0.93584257426,104.58721085844
Estonia,2010-06-01,0.90617005005,96.69263255103
Estonia,2010-07-01,0.95035226471,98.67703006543
Estonia,2010-08-01,0.95713877991,107.52390047106
Estonia,2010-09-01,0.97535718283,111.56233094968
Estonia,2010-10-01,1.03985339893,128.07265624611
Estonia,2010-11-01,1.03750857793,134.13284175023
Estonia,2010-12-01,1.03385329938,132.342821371
Estonia,2011-01-01,1.05871957919,147.39670814237
Estonia,2011-02-01,1.09544611725,153.67737327962
Estonia,2011-03-01,1.13775783348,151.04007921914
Estonia,2011-04-01,1.18773740357,150.89692302728
Estonia,2011-05-01,1.19470883292,142.09972028633
Estonia,2011-06-01,1.18364533602,140.20128175273
Estonia,2011-07-01,1.17679102338,140.83616009148
Estonia,2011-08-01,1.19487411517,125.99815609112
Estonia,2011-09-01,1.14381060398,111.4160249807
Estonia,2011-10-01,1.13123733769,112.96089274555
Estonia,2011-11-01,1.13200717382,111.9728326913
Estonia,2011-12-01,1.08314961486,104.82043885684
Estonia,2012-01-01,1.07611334262,103.85867204524
Estonia,2012-02-01,1.12623602943,113.36630353938
Estonia,2012-03-01,1.13771868386,115.02631516888
Estonia,2012-04-01,1.14009015712,118.45309141006
Estonia,2012-05-01,1.10732887816,115.70076938968
Estonia,2012-06-01,1.070194025,112.7711407226
Estonia,2012-07-01,1.03777237033,114.15761487691
Estonia,2012-08-01,1.06461271185,121.81306400735
Estonia,2012-09-01,1.10863200748,126.37116741553
Estonia,2012-10-01,1.11488754801,126.95999201353
Estonia,2012-11-01,1.09036850193,127.74600175775
Estonia,2012-12-01,1.11050791562,136.12504153489
Estonia,2013-01-01,1.12036268494,148.65840983238
Estonia,2013-02-01,1.13077456126,147.83646465762
Estonia,2013-03-01,1.10491974495,153.0737701813
Estonia,2013-04-01,1.1010313878,157.75141235805
Estonia,2013-05-01,1.08636261553,154.03274916238
Estonia,2013-06-01,1.10428080386,156.95058586114
Estonia,2013-07-01,1.08917488288,158.30708713115
Estonia,2013-08-01,1.11402668938,163.98252988212
Estonia,2013-09-01,1.12320699492,161.95338159957
Estonia,2013-10-01,1.1315102816,166.84151828895
Estonia,2013-11-01,1.16015020847,166.63104071805
Estonia,2013-12-01,1.13281698132,163.85904485474
Estonia,2014-01-01,1.13075583176,166.03434028516
Estonia,2014-02-01,1.12832647518,165.32211703212
Estonia,2014-03-01,1.14147923689,161.70739479028
Estonia,2014-04-01,1.13783435237,160.79120328887
Estonia,2014-05-01,1.13401809593,156.91053233568
Estonia,2014-06-01,1.12468266899,158.73388679144
Estonia,2014-07-01,1.12225946281,158.07428351965
Estonia,2014-08-01,1.0964716302,150.77787266691
Estonia,2014-09-01,1.06738015343,144.47515759855
Estonia,2014-10-01,1.03832076094,138.97555259563
Estonia,2014-11-01,1.01157367207,138.96405532756
Estonia,2014-12-01,0.97916974164,137.85728146375
Estonia,2015-01-01,0.90854202532,133.95780015977
Estonia,2015-02-01,0.89169757975,139.04898122034
Estonia,2015-03-01,0.8641592607,136.46948973944
Estonia,2015-04-01,0.87302446012,139.49551947975
Estonia,2015-05-01,0.90737635314,140.81664082363
Estonia,2015-06-01,0.90678498475,140.16322057243
Estonia,2015-07-01,0.88252196231,137.67041483303
Estonia,2015-08-01,0.88663905732,145.13249854745
Estonia,2015-09-01,0.87663142138,144.53826534026
Estonia,2015-10-01,0.87129071033,141.81910470361
Estonia,2015-11-01,0.83158065752,137.84787078195
Estonia,2015-12-01,0.84065284768,142.65675951682
Estonia,2016-01-01,0.82543484385,140.0439352951
Estonia,2016-02-01,0.83523566081,145.46489688527
Estonia,2016-03-01,0.84470235869,155.89572088903
Estonia,2016-04-01,0.8682508501,161.1385376075
Estonia,2016-05-01,0.8726051586,163.24892870874
Estonia,2016-06-01,0.87892117,162.58754611919
Estonia,2016-07-01,0.85789572948,162.68072890015
Estonia,2016-08-01,0.86362612383,164.51446330031
Estonia,2016-09-01,0.86987755416,163.52387818102
Estonia,2016-10-01,0.86347191526,163.92686546956
Estonia,2016-11-01,0.84302567878,161.36394058214
Estonia,2016-12-01,0.83668369394,162.75424832172
Estonia,2017-01-01,0.85540990316,169.46168897673
Estonia,2017-02-01,0.86381324405,172.4578564714
Estonia,2017-03-01,0.8618043888,174.72071836106
Estonia,2017-04-01,0.86877636991,175.07319906255
Estonia,2017-05-01,0.8879885223,180.92878992414
Estonia,2017-06-01,0.90434905874,185.87186635309
Estonia,2017-07-01,0.92367165896,201.64188677247
Estonia,2017-08-01,0.94609853975,216.57714370943
Estonia,2017-09-01,0.95940860194,216.61218772093
Estonia,2017-10-01,0.95226981342,210.13534472456
Estonia,2017-11-01,0.95781502068,210.90412542204
Estonia,2017-12-01,0.96660454344,210.41466136249
Estonia,2018-01-01,1.00450663583,228.7867258628
Estonia,2018-02-01,1.01210327874,231.24369425314
Estonia,2018-03-01,1.01424196595,234.89018907759
Estonia,2018-04-01,1.01220372354,225.73239453991
Estonia,2018-05-01,0.98205604601,215.91053103684
Estonia,2018-06-01,0.97899285564,215.0272348934
Estonia,2018-07-01,0.97968636551,215.00254492364
Estonia,2018-08-01,0.96858913664,208.3589297166
Estonia,2018-09-01,0.98251230941,207.53782057933
Estonia,2018-10-01,0.96958583144,203.31355321271
Estonia,2018-11-01,0.95655375648,198.46474299861
Estonia,2018-12-01,0.94231696833,197.11020576564
Estonia,2019-01-01,0.94213104886,201.08209881494
Estonia,2019-02-01,0.94348382978,203.02685125048
Estonia,2019-03-01,0.94201711766,204.80621532174
Estonia,2019-04-01,0.94061280325,204.69854312684
Estonia,2019-05-01,0.9399048686,204.27473981985
Estonia,2019-06-01,0.94630334245,206.78821550289
Estonia,2019-07-01,0.93755232288,207.66436211587
Estonia,2019-08-01,0.92820453817,204.52623883082
Estonia,2019-09-01,0.91932124765,198.13824872014
Estonia,2019-10-01,0.92094814756,200.0794368626
Estonia,2019-11-01,0.92086330201,203.56026034363
Estonia,2019-12-01,0.92839821483,206.10986855087
Estonia,2020-01-01,0.93262816657,212.84953679278
Estonia,2020-02-01,0.91016000966,214.95606273962
Estonia,2020-03-01,0.88947585429,179.61971729034
Estonia,2020-04-01,0.83891152211,170.54251418751
Estonia,2020-05-01,0.83088404011,183.16137937659
Estonia,2020-06-01,0.8774643805,196.536094961
Estonia,2020-07-01,0.89912834063,206.87801109747
Estonia,2020-08-01,0.93187834348,205.40703728537
Estonia,2020-09-01,0.92834269743,202.08036473419
Estonia,2020-10-01,0.92287948003,201.82850299563
Estonia,2020-11-01,0.92677674978,208.8081616947
Estonia,2020-12-01,0.96011306342,233.61795021538
Finland,2005-01-01,0.85025225459,86.76241580031
Finland,2005-02-01,0.85296206112,91.22201478753
Finland,2005-03-01,0.87309034335,93.90197111518
Finland,2005-04-01,0.86422606107,90.25377480654
Finland,2005-05-01,0.84415531671,91.99090177246
Finland,2005-06-01,0.82426630519,92.7353688079
Finland,2005-07-01,0.81948730952,94.24745035671
Finland,2005-08-01,0.84305153648,95.97777606038
Finland,2005-09-01,0.84099135983,99.56534948157
Finland,2005-10-01,0.82715966364,96.71218801861
Finland,2005-11-01,0.811097072,96.71327915398
Finland,2005-12-01,0.81807330507,101.89399471111
Finland,2006-01-01,0.85119848494,107.77200533808
Finland,2006-02-01,0.83961523959,110.582935656
Finland,2006-03-01,0.85215077637,118.18611516439
Finland,2006-04-01,0.88242719726,124.46430669193
Finland,2006-05-01,0.91932811025,123.25845993345
Finland,2006-06-01,0.90989719359,113.33178526293
Finland,2006-07-01,0.92134596175,114.63432161539
Finland,2006-08-01,0.93427406724,119.09627527046
Finland,2006-09-01,0.92125422215,117.63380432679
Finland,2006-10-01,0.91705180139,121.52805464272
Finland,2006-11-01,0.93667062759,127.61986176831
Finland,2006-12-01,0.96198162157,133.28018826024
Finland,2007-01-01,0.93198782399,133.75676753853
Finland,2007-02-01,0.94521090536,142.71140825868
Finland,2007-03-01,0.96753853839,142.41103346797
Finland,2007-04-01,1.00372546127,152.54469960798
Finland,2007-05-01,1.01035381777,158.49870049996
Finland,2007-06-01,1.00198723732,162.74772165629
Finland,2007-07-01,1.01513463971,167.67998264042
Finland,2007-08-01,0.98551468822,160.99102848486
Finland,2007-09-01,1.00709796463,174.91403380276
Finland,2007-10-01,1.03422400874,184.32043192161
Finland,2007-11-01,1.08066541074,185.84798052181
Finland,2007-12-01,1.06694688532,180.00643538529
Finland,2008-01-01,1.08434778354,164.15925055146
Finland,2008-02-01,1.09604125446,168.42507294835
Finland,2008-03-01,1.16471921545,162.04201806145
Finland,2008-04-01,1.19394700636,162.60768457121
Finland,2008-05-01,1.20266954521,161.52539790701
Finland,2008-06-01,1.21620333477,149.73342742284
Finland,2008-07-01,1.23483336558,140.51580726268
Finland,2008-08-01,1.16535941824,134.63167677135
Finland,2008-09-01,1.11750292959,116.14883995348
Finland,2008-10-01,1.00811660352,87.33406489757
Finland,2008-11-01,0.93644282498,77.62794272381
Finland,2008-12-01,0.95582122786,76.58129283609
Finland,2009-01-01,0.93266635116,74.59992062069
Finland,2009-02-01,0.89347842808,66.87987804161
Finland,2009-03-01,0.90678062729,62.78044186575
Finland,2009-04-01,0.91093342917,72.46882805852
Finland,2009-05-01,0.93379375669,84.16139417446
Finland,2009-06-01,0.96453679836,85.53131310199
Finland,2009-07-01,0.96431685464,83.32561341459
Finland,2009-08-01,0.99235359361,90.4920209858
Finland,2009-09-01,1.00017813696,99.18328328135
Finland,2009-10-01,1.02541369136,97.84265645593
Finland,2009-11-01,1.03187810117,98.39306848078
Finland,2009-12-01,1.01003242935,97.05813324639
Finland,2010-01-01,1.0,100.0
Finland,2010-02-01,0.96684584851,96.02699733209
Finland,2010-03-01,0.97325302675,103.01289080794
Finland,2010-04-01,0.98438628298,103.01897886779
Finland,2010-05-01,0.91787510567,86.90313630304
Finland,2010-06-01,0.90333037909,84.49812109534
Finland,2010-07-01,0.94049485285,87.8077909327
Finland,2010-08-01,0.95015278951,91.42352784935
Finland,2010-09-01,0.97104959016,96.59564311449
Finland,2010-10-01,1.02738759678,107.5245031924
Finland,2010-11-01,1.01870833825,105.01191162675
Finland,2010-12-01,1.01261616784,105.5752012126
Finland,2011-01-01,1.03623220008,110.72808341165
Finland,2011-02-01,1.07403641699,111.16136850975
Finland,2011-03-01,1.1177086075,109.80228340092
Finland,2011-04-01,1.16434171695,115.02538769366
Finland,2011-05-01,1.13459093146,111.64692192471
Finland,2011-06-01,1.13746129773,102.00489580312
Finland,2011-07-01,1.13957148954,98.07068658463
Finland,2011-08-01,1.13364210055,83.40292943284
Finland,2011-09-01,1.09724369719,78.49701225142
Finland,2011-10-01,1.09014177091,80.87594248941
Finland,2011-11-01,1.08449881365,78.80741814125
Finland,2011-12-01,1.05297893434,73.72271238686
Finland,2012-01-01,1.0492070852,78.31587967648
Finland,2012-02-01,1.08747481983,85.58964534829
Finland,2012-03-01,1.09042740971,85.55264020526
Finland,2012-04-01,1.08161303179,79.33923717571
Finland,2012-05-01,1.04367584943,71.72863901606
Finland,2012-06-01,1.00222220183,65.99716748425
Finland,2012-07-01,0.99800341568,66.89265968621
Finland,2012-08-01,1.02817313458,70.7067375169
Finland,2012-09-01,1.0613289143,75.64075502611
Finland,2012-10-01,1.05796782559,75.87053810077
Finland,2012-11-01,1.04144131197,75.7583177925
Finland,2012-12-01,1.05807801973,81.22997363061
Finland,2013-01-01,1.07704093278,85.93294716207
Finland,2013-02-01,1.0858421341,88.12026463378
Finland,2013-03-01,1.051136889,86.075479402
Finland,2013-04-01,1.04133525258,83.56856665493
Finland,2013-05-01,1.03656449107,87.32424038635
Finland,2013-06-01,1.04945360769,84.31826066768
Finland,2013-07-01,1.0438684424,85.36165056182
Finland,2013-08-01,1.06193762395,89.78055184264
Finland,2013-09-01,1.06415804885,97.01679258965
Finland,2013-10-01,1.07328167537,100.74118635389
Finland,2013-11-01,1.05927900505,104.60672887804
Finland,2013-12-01,1.07634188138,103.76780366716
Finland,2014-01-01,1.07008327809,106.08565312221
Finland,2014-02-01,1.0727949296,107.27839131887
Finland,2014-03-01,1.07880575751,107.49897135237
Finland,2014-04-01,1.08183723312,107.75701010786
Finland,2014-05-01,1.08480143452,109.39433782007
Finland,2014-06-01,1.08034180718,111.4118088172
Finland,2014-07-01,1.07133968108,109.80629658916
Finland,2014-08-01,1.04867086902,106.14279577808
Finland,2014-09-01,1.01281063536,105.22875489054
Finland,2014-10-01,0.98496088418,99.35762140432
Finland,2014-11-01,0.95607903703,102.01048589402
Finland,2014-12-01,0.91678363037,102.00659817807
Finland,2015-01-01,0.84880766505,99.22249039676
Finland,2015-02-01,0.84511559667,104.85552717035
Finland,2015-03-01,0.81046650464,104.31535954207
Finland,2015-04-01,0.81745748688,104.24027537832
Finland,2015-05-01,0.84478921717,102.05817719675
Finland,2015-06-01,0.84245521789,101.04847104229
Finland,2015-07-01,0.81907407294,98.9354868737
Finland,2015-08-01,0.81355586904,99.02151172383
Finland,2015-09-01,0.81738465839,93.97139447362
Finland,2015-10-01,0.81160285024,96.51068511407
Finland,2015-11-01,0.77401441976,98.33402745704
Finland,2015-12-01,0.76840623879,98.78667164272
Finland,2016-01-01,0.75472893525,94.63306000365
Finland,2016-02-01,0.76614589682,91.49231036542
Finland,2016-03-01,0.77795525946,95.1503387828
Finland,2016-04-01,0.79277007735,95.44974998591
Finland,2016-05-01,0.80002425728,93.1580860559
Finland,2016-06-01,0.80284784063,94.19620817686
Finland,2016-07-01,0.78827969342,96.04568433175
Finland,2016-08-01,0.79698865113,100.08249183452
Finland,2016-09-01,0.80274490284,101.22759878065
Finland,2016-10-01,0.80140434941,100.30596771122
Finland,2016-11-01,0.78493003261,95.12016731353
Finland,2016-12-01,0.78693932505,97.93947362266
Finland,2017-01-01,0.80304773872,100.79833706727
Finland,2017-02-01,0.81739785074,101.3309674521
Finland,2017-03-01,0.81900024142,103.62668088244
Finland,2017-04-01,0.82370687529,105.33009657489
Finland,2017-05-01,0.8374200436,113.18651162698
Finland,2017-06-01,0.84697506417,117.29243216663
Finland,2017-07-01,0.87096714654,118.85524201571
Finland,2017-08-01,0.89314849702,119.16127994011
Finland,2017-09-01,0.90804245844,120.89105507622
Finland,2017-10-01,0.90101301538,122.43556733146
Finland,2017-11-01,0.9101527154,119.60724389586
Finland,2017-12-01,0.9221608626,118.9461965414
Finland,2018-01-01,0.96238587604,127.34202970042
Finland,2018-02-01,0.9663254236,128.70674519793
Finland,2018-03-01,0.96982737828,127.57834198007
Finland,2018-04-01,0.97589938755,126.15457419934
Finland,2018-05-01,0.95986465452,127.6347305956
Finland,2018-06-01,0.95035228246,125.77592743671
Finland,2018-07-01,0.95324869249,125.13852874065
Finland,2018-08-01,0.93983930047,124.41556422988
Finland,2018-09-01,0.9555159347,125.47860393651
Finland,2018-10-01,0.94080120532,115.87899807682
Finland,2018-11-01,0.91132889656,111.59936135008
Finland,2018-12-01,0.89900889358,107.61096069135
Finland,2019-01-01,0.90565465853,112.71200077315
Finland,2019-02-01,0.90571567792,116.13855226679
Finland,2019-03-01,0.90372886028,117.19441243139
Finland,2019-04-01,0.90635498886,116.51752779868
Finland,2019-05-01,0.90198355894,109.52736743101
Finland,2019-06-01,0.8968628283,110.74941728258
Finland,2019-07-01,0.89698217342,111.78395698755
Finland,2019-08-01,0.88157519627,106.78573106232
Finland,2019-09-01,0.87792022177,109.3573104872
Finland,2019-10-01,0.87627190868,110.63811763439
Finland,2019-11-01,0.8822768526,112.76688893648
Finland,2019-12-01,0.88990689861,113.71884141314
Finland,2020-01-01,0.88269860415,119.34221289114
Finland,2020-02-01,0.85472093167,120.09978510648
Finland,2020-03-01,0.82298825263,93.51196057586
Finland,2020-04-01,0.78232221149,93.11733843861
Finland,2020-05-01,0.79579717363,100.63780069346
Finland,2020-06-01,0.83374394772,111.7389817703
Finland,2020-07-01,0.85348248637,114.5256556902
Finland,2020-08-01,0.88166720058,124.30221565731
Finland,2020-09-01,0.87216494018,125.66456268694
Finland,2020-10-01,0.87206447076,126.95745833371
Finland,2020-11-01,0.87615981154,131.0598005934
Finland,2020-12-01,0.91521151891,139.016813104
France,2005-01-01,0.85283354819,87.67708938393
France,2005-02-01,0.84515375083,90.28350782218
France,2005-03-01,0.87050959784,92.98884619185
France,2005-04-01,0.85588939318,90.49285570601
France,2005-05-01,0.83113036869,89.06255405003
France,2005-06-01,0.81613621979,88.70604793184
France,2005-07-01,0.81927343723,91.52843408226
France,2005-08-01,0.83484454487,95.38280170635
France,2005-09-01,0.84087318794,96.4163139688
France,2005-10-01,0.82938512933,94.27406174753
France,2005-11-01,0.80615917173,93.57057803857
France,2005-12-01,0.81367115809,98.27766068747
France,2006-01-01,0.84047280172,103.44422600068
France,2006-02-01,0.82896834878,105.0088729777
France,2006-03-01,0.83845078846,108.87967025133
France,2006-04-01,0.86814113768,113.20472183565
France,2006-05-01,0.89831330285,114.65562016028
France,2006-06-01,0.89261849639,107.21387926084
France,2006-07-01,0.90404697306,110.00056223154
France,2006-08-01,0.91382476971,114.41547457728
France,2006-09-01,0.89476278789,115.85490239307
France,2006-10-01,0.88368579163,119.03536961489
France,2006-11-01,0.90345535711,124.02927692382
France,2006-12-01,0.92505707448,128.17812070898
France,2007-01-01,0.90047624644,129.58711209263
France,2007-02-01,0.91112450592,133.26191823419
France,2007-03-01,0.92852488765,130.75305576689
France,2007-04-01,0.95246088336,141.64786802933
France,2007-05-01,0.95576890368,146.16799638235
France,2007-06-01,0.95692556503,144.4800268334
France,2007-07-01,0.98368477347,146.23844211006
France,2007-08-01,0.97544209654,134.54535371569
France,2007-09-01,1.0061381561,139.11518520267
France,2007-10-01,1.03859688572,147.38163117041
France,2007-11-01,1.07900253038,145.01579127991
France,2007-12-01,1.06567985899,144.72363118939
France,2008-01-01,1.08258449842,133.36575603844
France,2008-02-01,1.09349970651,126.73422961931
France,2008-03-01,1.15686257946,127.96005405478
France,2008-04-01,1.18916702127,136.84703106479
France,2008-05-01,1.20311455212,138.92095953734
France,2008-06-01,1.2228364033,129.30212378582
France,2008-07-01,1.2444110205,119.66207648562
France,2008-08-01,1.16390305463,116.78012192445
France,2008-09-01,1.10377094708,107.50025332806
France,2008-10-01,0.98247340161,81.36214189937
France,2008-11-01,0.91538047841,73.37904686264
France,2008-12-01,0.93599658312,75.53832362282
France,2009-01-01,0.9102265258,72.50009296819
France,2009-02-01,0.87492449613,65.90965952942
France,2009-03-01,0.89265857735,63.01999812205
France,2009-04-01,0.89274667044,70.42061242585
France,2009-05-01,0.92677605242,78.83990869521
France,2009-06-01,0.9585792418,80.74036835192
France,2009-07-01,0.95784540891,80.52568972245
France,2009-08-01,0.97961460826,89.94671243397
France,2009-09-01,0.99613120009,97.19641113178
France,2009-10-01,1.01763461895,100.44858324702
France,2009-11-01,1.03114724601,99.97276384415
France,2009-12-01,1.00707946017,99.80666109018
France,2010-01-01,1.0,100.0
France,2010-02-01,0.96612880972,90.57275483391
France,2010-03-01,0.97038632743,95.60889597018
France,2010-04-01,0.97871538873,96.22558539241
France,2010-05-01,0.9151853262,81.2521762769
France,2010-06-01,0.89990964076,79.02418022197
France,2010-07-01,0.94264654449,82.50132556637
France,2010-08-01,0.95206663827,84.78949110303
France,2010-09-01,0.96800376742,88.8019770622
France,2010-10-01,1.02638094926,96.60348390998
France,2010-11-01,1.01490982176,95.4176649663
France,2010-12-01,1.00410378166,93.70349516897
France,2011-01-01,1.02649031692,97.44469377114
France,2011-02-01,1.06182231542,102.32770769308
France,2011-03-01,1.10191579528,101.67489644609
France,2011-04-01,1.15000387654,107.14736818821
France,2011-05-01,1.13063950932,105.99611429317
France,2011-06-01,1.13377182829,103.061049954
France,2011-07-01,1.13784864203,101.51826119675
France,2011-08-01,1.13660567269,86.04154950569
France,2011-09-01,1.09918482995,77.46214926701
France,2011-10-01,1.09436967107,80.83782837208
France,2011-11-01,1.08523682449,76.81404397076
France,2011-12-01,1.05096366365,75.6860364164
France,2012-01-01,1.04241172138,78.31109863559
France,2012-02-01,1.07857897703,84.7844313653
France,2012-03-01,1.08643131525,86.57952116075
France,2012-04-01,1.07894567994,80.90188679411
France,2012-05-01,1.03567067677,74.61585460364
France,2012-06-01,1.00222838934,72.35227884588
France,2012-07-01,0.99491148268,74.16341803261
France,2012-08-01,1.01985631517,79.72046766925
France,2012-09-01,1.05061406258,84.39173204521
France,2012-10-01,1.05167041982,83.95502358329
France,2012-11-01,1.04001786385,83.71707239571
France,2012-12-01,1.05458368765,89.59880615603
France,2013-01-01,1.06949649295,93.55149676989
France,2013-02-01,1.07685866638,93.1102416223
France,2013-03-01,1.0410106178,93.00508873906
France,2013-04-01,1.03164743143,92.01680066034
France,2013-05-01,1.0278675246,96.93666646925
France,2013-06-01,1.04015488708,94.69580827463
France,2013-07-01,1.03789984313,96.1385536013
France,2013-08-01,1.05765228407,102.03532500719
France,2013-09-01,1.05905132502,104.29167229698
France,2013-10-01,1.08020594931,109.2325295922
France,2013-11-01,1.06368169255,109.66119318652
France,2013-12-01,1.08255948209,108.75686982861
France,2014-01-01,1.07443745075,110.61931322594
France,2014-02-01,1.03599726516,112.6307675501
France,2014-03-01,1.04120873895,115.41383148172
France,2014-04-01,1.04020924792,117.77413746145
France,2014-05-01,1.0343105227,118.18166953713
France,2014-06-01,1.02797916402,118.19911286632
France,2014-07-01,1.01685120423,113.69604447704
France,2014-08-01,0.9964150505,108.57166556937
France,2014-09-01,0.96591222959,109.10280555231
France,2014-10-01,0.94238191343,100.13074037511
France,2014-11-01,0.91952050185,101.96708565805
France,2014-12-01,0.88883817478,101.15014155522
France,2015-01-01,0.82705361153,98.34494537089
France,2015-02-01,0.82092669797,104.60270558062
France,2015-03-01,0.78698065692,104.55190361465
France,2015-04-01,0.79039082102,107.76295824791
France,2015-05-01,0.81747373338,109.14920728237
France,2015-06-01,0.81794315755,107.10289722641
France,2015-07-01,0.79042034409,105.27960064947
France,2015-08-01,0.79066352928,105.39846416038
France,2015-09-01,0.7907561788,98.63253280147
France,2015-10-01,0.78074292459,101.92839304802
France,2015-11-01,0.74614355193,101.45672949907
France,2015-12-01,0.74313374744,98.66354826976
France,2016-01-01,0.72612333102,91.67760134658
France,2016-02-01,0.73595200303,90.44518455553
France,2016-03-01,0.74232733178,95.86105774504
France,2016-04-01,0.7556673996,98.17770372171
France,2016-05-01,0.75761530795,96.60671289943
France,2016-06-01,0.75854290055,94.18349891386
France,2016-07-01,0.74335002637,93.07114064575
France,2016-08-01,0.74936055186,97.00200641261
France,2016-09-01,0.74860897648,97.92697378521
France,2016-10-01,0.74116745584,96.83355789952
France,2016-11-01,0.7201209076,94.29150705116
France,2016-12-01,0.71619917955,97.50731629828
France,2017-01-01,0.72801512601,100.71280908847
France,2017-02-01,0.73180219256,100.91711801659
France,2017-03-01,0.73034513759,104.54115137602
France,2017-04-01,0.73099398462,107.72984705453
France,2017-05-01,0.74363615648,115.91695728409
France,2017-06-01,0.75500482337,116.68562310715
France,2017-07-01,0.77180148863,117.54979406477
France,2017-08-01,0.7875176036,119.36215718387
France,2017-09-01,0.79449311701,122.43250365307
France,2017-10-01,0.78455622693,124.81290137116
France,2017-11-01,0.78899504794,124.45952167981
France,2017-12-01,0.79796909169,125.27889548843
France,2018-01-01,0.8265683194,132.89046198601
France,2018-02-01,0.82732526565,128.45513283498
France,2018-03-01,0.82969486101,127.26858865196
France,2018-04-01,0.82813269028,129.54563761865
France,2018-05-01,0.80943296471,128.98266062962
France,2018-06-01,0.80158597459,124.83963244992
France,2018-07-01,0.80414520485,124.73246448857
France,2018-08-01,0.79581523178,124.05598204724
France,2018-09-01,0.81025773005,124.11297630491
France,2018-10-01,0.80471046493,117.04934795472
France,2018-11-01,0.78295781432,112.59386130363
France,2018-12-01,0.77167793007,106.72322865146
France,2019-01-01,0.77526127755,107.98405566901
France,2019-02-01,0.77563508409,113.40243875298
France,2019-03-01,0.77250832484,117.04116142439
France,2019-04-01,0.77295781797,120.51550685335
France,2019-05-01,0.76918184599,116.62777394177
France,2019-06-01,0.76778101118,118.83295724491
France,2019-07-01,0.76297902624,121.34147813346
France,2019-08-01,0.7523644755,115.73421387121
France,2019-09-01,0.74888041093,119.52759668425
France,2019-10-01,0.75233260911,120.39575596147
France,2019-11-01,0.75407963793,125.94521228188
France,2019-12-01,0.76073931133,127.16814501404
France,2020-01-01,0.75719085658,128.9813050596
France,2020-02-01,0.7369412052,125.570390609
France,2020-03-01,0.72376493069,96.25939434507
France,2020-04-01,0.69738025549,93.03349026999
France,2020-05-01,0.70012709823,95.23088802635
France,2020-06-01,0.73012839559,107.99948549771
France,2020-07-01,0.81440536211,110.92185764945
France,2020-08-01,0.84050594613,114.22670612521
France,2020-09-01,0.83644788725,113.25865451941
France,2020-10-01,0.83630988553,111.30743629471
France,2020-11-01,0.84420444375,122.76587864873
France,2020-12-01,0.87618440911,131.39279355058
United Kingdom,2005-01-01,0.92715165791,101.72994423493
United Kingdom,2005-02-01,0.91236637072,105.91694742382
United Kingdom,2005-03-01,0.9158271426,105.97789628716
United Kingdom,2005-04-01,0.93184453705,103.94513468032
United Kingdom,2005-05-01,0.94994564233,101.8191255155
United Kingdom,2005-06-01,0.95506432325,102.82454735543
United Kingdom,2005-07-01,0.94790722957,102.44594447714
United Kingdom,2005-08-01,0.9741891647,106.81309980343
United Kingdom,2005-09-01,0.96157818445,109.34525742895
United Kingdom,2005-10-01,0.97684363109,104.67990899281
United Kingdom,2005-11-01,0.99693785106,106.48653893488
United Kingdom,2005-12-01,1.02371806487,109.61027173942
United Kingdom,2006-01-01,1.01812828411,114.56093548343
United Kingdom,2006-02-01,1.01757564776,115.61883767812
United Kingdom,2006-03-01,1.02829316905,118.14596481831
United Kingdom,2006-04-01,1.06909766262,122.22788044812
United Kingdom,2006-05-01,1.07913571299,124.83926530765
United Kingdom,2006-06-01,1.0913480703,118.84617448408
United Kingdom,2006-07-01,1.10892371806,122.1502282013
United Kingdom,2006-08-01,1.1287733285,126.37771885335
United Kingdom,2006-09-01,1.10086066316,126.95618059329
United Kingdom,2006-10-01,1.01539228121,131.05729719549
United Kingdom,2006-11-01,0.9367639065,135.5003445704
United Kingdom,2006-12-01,0.85304402972,140.03453395067
United Kingdom,2007-01-01,0.83273237905,141.42092221252
United Kingdom,2007-02-01,0.81518391013,144.41136230855
United Kingdom,2007-03-01,0.80982967929,140.45097257522
United Kingdom,2007-04-01,0.80511868092,148.9657048693
United Kingdom,2007-05-01,0.81946004711,151.40455021718
United Kingdom,2007-06-01,0.85714803406,151.53849962932
United Kingdom,2007-07-01,0.89482696141,154.16429684406
United Kingdom,2007-08-01,0.891565501,143.58635422675
United Kingdom,2007-09-01,0.94315093314,147.59730815216
United Kingdom,2007-10-01,0.90808117413,155.05309693841
United Kingdom,2007-11-01,0.91259286103,150.12193349251
United Kingdom,2007-12-01,0.92976082624,147.44621222094
United Kingdom,2008-01-01,0.91609893097,135.07108980492
United Kingdom,2008-02-01,0.91693241529,132.76569125736
United Kingdom,2008-03-01,0.89283384671,130.28424981682
United Kingdom,2008-04-01,0.88489762638,135.44344660501
United Kingdom,2008-05-01,0.89944736365,138.4035376454
United Kingdom,2008-06-01,0.86387026635,129.35149564241
United Kingdom,2008-07-01,0.85409494474,121.29564274948
United Kingdom,2008-08-01,0.8901612611,117.50131455645
United Kingdom,2008-09-01,0.91992208733,107.2551320359
United Kingdom,2008-10-01,0.90940387751,81.86689529166
United Kingdom,2008-11-01,0.94466388839,72.23007330896
United Kingdom,2008-12-01,0.95028990759,70.81488828029
United Kingdom,2009-01-01,0.94501721326,69.5035927794
United Kingdom,2009-02-01,0.95164884943,65.97543666429
United Kingdom,2009-03-01,0.99167421634,60.41036352225
United Kingdom,2009-04-01,1.01514767168,68.03726830838
United Kingdom,2009-05-01,1.04240804494,77.55392912668
United Kingdom,2009-06-01,1.03715346983,81.31443251871
United Kingdom,2009-07-01,1.04891284653,81.84808802144
United Kingdom,2009-08-01,1.04169233557,90.20973066548
United Kingdom,2009-09-01,1.05108715347,94.32089388633
United Kingdom,2009-10-01,1.02701576373,96.01932587864
United Kingdom,2009-11-01,1.02003080268,99.57777302114
United Kingdom,2009-12-01,1.02220510962,98.34576124934
United Kingdom,2010-01-01,1.0,100.0
United Kingdom,2010-02-01,0.99635803588,93.59293937296
United Kingdom,2010-03-01,1.02352781301,96.8344926454
United Kingdom,2010-04-01,1.03206196775,100.86597466627
United Kingdom,2010-05-01,1.02990578003,88.18510781536
United Kingdom,2010-06-01,1.01068128284,87.54506814399
United Kingdom,2010-07-01,0.97908135532,91.18692213577
United Kingdom,2010-08-01,0.97794890379,95.37737912006
United Kingdom,2010-09-01,0.99123029534,99.13825652757
United Kingdom,2010-10-01,1.00923174488,104.23779375319
United Kingdom,2010-11-01,1.01460409494,105.65838146887
United Kingdom,2010-12-01,1.00814459141,106.13816842112
United Kingdom,2011-01-01,0.97663526001,109.48892740068
United Kingdom,2011-02-01,1.02025729299,112.64715820039
United Kingdom,2011-03-01,1.01182279398,109.91807336155
United Kingdom,2011-04-01,0.98443558616,113.97278947542
United Kingdom,2011-05-01,0.98378329408,112.86315123178
United Kingdom,2011-06-01,0.97803949991,109.64790718932
United Kingdom,2011-07-01,0.98336655191,111.15382279309
United Kingdom,2011-08-01,0.97782206922,100.12523014459
United Kingdom,2011-09-01,0.98911940569,95.64050320179
United Kingdom,2011-10-01,1.00382315637,98.45021150941
United Kingdom,2011-11-01,1.01561877152,98.3867340144
United Kingdom,2011-12-01,1.00679470919,98.05594853061
United Kingdom,2012-01-01,1.02343721689,101.70941639698
United Kingdom,2012-02-01,1.02187896358,107.70092609595
United Kingdom,2012-03-01,1.00817177025,107.99109914208
United Kingdom,2012-04-01,1.02822975177,106.65023912019
United Kingdom,2012-05-01,1.02649936583,100.90233685141
United Kingdom,2012-06-01,1.03142779489,99.03587001354
United Kingdom,2012-07-01,1.04064142055,102.02306305262
United Kingdom,2012-08-01,1.0284743613,105.77820717636
United Kingdom,2012-09-01,1.01646131546,109.1405306402
United Kingdom,2012-10-01,0.99178293169,109.47424195979
United Kingdom,2012-11-01,0.97490487407,107.95279565521
United Kingdom,2012-12-01,0.96724950172,111.88570176512
United Kingdom,2013-01-01,0.93390106903,115.26596935655
United Kingdom,2013-02-01,0.8917195144,114.8515779263
United Kingdom,2013-03-01,0.88870266353,114.35118339983
United Kingdom,2013-04-01,0.87018481609,114.79643566505
United Kingdom,2013-05-01,0.87178836746,119.70417967439
United Kingdom,2013-06-01,0.901775684,115.31429903746
United Kingdom,2013-07-01,0.8963761551,117.27903796311
United Kingdom,2013-08-01,0.88754303316,120.21661658131
United Kingdom,2013-09-01,0.88293169052,123.83565858065
United Kingdom,2013-10-01,0.87608262366,126.03973346679
United Kingdom,2013-11-01,0.85455698496,128.40900504322
United Kingdom,2013-12-01,0.84646675122,128.73846998346
United Kingdom,2014-01-01,0.84198224316,132.48829999901
United Kingdom,2014-02-01,0.81399710092,133.1654546718
United Kingdom,2014-03-01,0.81034607719,132.75576875336
United Kingdom,2014-04-01,0.81409675666,133.67192592053
United Kingdom,2014-05-01,0.82647218699,137.16284870617
United Kingdom,2014-06-01,0.83881137887,137.35867044623
United Kingdom,2014-07-01,0.83087515854,137.83689197685
United Kingdom,2014-08-01,0.79413843088,133.78786467271
United Kingdom,2014-09-01,0.79047834753,131.75945685278
United Kingdom,2014-10-01,0.78807755028,123.03042026128
United Kingdom,2014-11-01,0.76763000544,125.22048674404
United Kingdom,2014-12-01,0.76098025005,122.77177701645
United Kingdom,2015-01-01,0.77014857764,120.37598333796
United Kingdom,2015-02-01,0.77168871172,126.84537468803
United Kingdom,2015-03-01,0.78102917195,124.41293289109
United Kingdom,2015-04-01,0.77510418554,126.7627343195
United Kingdom,2015-05-01,0.78889291538,131.04067448622
United Kingdom,2015-06-01,0.80507338286,128.87264234671
United Kingdom,2015-07-01,0.80381409676,126.16606002321
United Kingdom,2015-08-01,0.81262909947,123.4818400224
United Kingdom,2015-09-01,0.82144410219,115.38008521217
United Kingdom,2015-10-01,0.83670954883,119.0232928774
United Kingdom,2015-11-01,0.83686356224,117.54681698302
United Kingdom,2015-12-01,0.84243522377,113.97226650624
United Kingdom,2016-01-01,0.8550280848,105.14808301061
United Kingdom,2016-02-01,0.88246059069,103.24811189638
United Kingdom,2016-03-01,0.89172857402,107.72212031096
United Kingdom,2016-04-01,0.89103098387,110.05356036601
United Kingdom,2016-05-01,0.91631864862,109.9941871675
United Kingdom,2016-06-01,0.90642331081,107.48612747991
United Kingdom,2016-07-01,0.86693518257,105.81203121949
United Kingdom,2016-08-01,0.86246968687,108.73870865942
United Kingdom,2016-09-01,0.86140745371,109.2837277471
United Kingdom,2016-10-01,0.8378143578,105.0767440667
United Kingdom,2016-11-01,0.83066854031,102.83455061115
United Kingdom,2016-12-01,0.83844288971,105.47500393554
United Kingdom,2017-01-01,0.84660973759,107.97830152561
United Kingdom,2017-02-01,0.85335402217,109.98532874799
United Kingdom,2017-03-01,0.84736980768,110.53550644012
United Kingdom,2017-04-01,0.86174411946,112.54411232455
United Kingdom,2017-05-01,0.8781863441,117.55747951195
United Kingdom,2017-06-01,0.87837139395,116.89013417699
United Kingdom,2017-07-01,0.88724809022,117.58256488379
United Kingdom,2017-08-01,0.89657212608,117.66654062236
United Kingdom,2017-09-01,0.91379781309,119.87394207259
United Kingdom,2017-10-01,0.91358493846,121.63051931398
United Kingdom,2017-11-01,0.92180110789,120.98400470257
United Kingdom,2017-12-01,0.93672520053,123.53932344482
United Kingdom,2018-01-01,0.97204009581,131.89900836883
United Kingdom,2018-02-01,0.97553059509,124.6699202315
United Kingdom,2018-03-01,0.97499420654,122.49132926204
United Kingdom,2018-04-01,0.98084334884,126.26689077735
United Kingdom,2018-05-01,,127.33340100484
United Kingdom,2018-06-01,,125.33437587482
United Kingdom,2018-07-01,,123.88107463262
United Kingdom,2018-08-01,,120.35903157796
United Kingdom,2018-09-01,,118.99656471722
United Kingdom,2018-10-01,,114.017903238
United Kingdom,2018-11-01,,111.42236405367
United Kingdom,2018-12-01,,105.08936084032
United Kingdom,2019-01-01,,108.7413473569
United Kingdom,2019-02-01,,114.01129517645
United Kingdom,2019-03-01,,116.25141838112
United Kingdom,2019-04-01,,118.56773580479
United Kingdom,2019-05-01,,114.47641377486
United Kingdom,2019-06-01,,113.96022873219
United Kingdom,2019-07-01,,114.8505148376
United Kingdom,2019-08-01,,107.06150094789
United Kingdom,2019-09-01,,111.00196922119
United Kingdom,2019-10-01,,112.4582561008
United Kingdom,2019-11-01,,116.7848293282
United Kingdom,2019-12-01,,120.51152876405
United Kingdom,2020-01-01,,122.83209850239
United Kingdom,2020-02-01,,118.00232786617
United Kingdom,2020-03-01,,88.23372944808
United Kingdom,2020-04-01,,87.51658834148
United Kingdom,2020-05-01,,90.27058289704
United Kingdom,2020-06-01,,96.7421520865
United Kingdom,2020-07-01,,96.6675521835
United Kingdom,2020-08-01,,99.46886284709
United Kingdom,2020-09-01,,96.15052256137
United Kingdom,2020-10-01,,95.65890951001
United Kingdom,2020-11-01,,103.58914267104
United Kingdom,2020-12-01,,110.76845686238
Georgia,2005-01-01,0.85036177198,
Georgia,2005-02-01,0.85354951419,
Georgia,2005-03-01,0.85729097777,
Georgia,2005-04-01,0.8556338237,
Georgia,2005-05-01,0.85553084287,
Georgia,2005-06-01,0.85510704693,
Georgia,2005-07-01,0.85397387676,
Georgia,2005-08-01,0.85526422479,
Georgia,2005-09-01,0.85693854332,
Georgia,2005-10-01,0.85936496107,
Georgia,2005-11-01,0.85972668507,
Georgia,2005-12-01,0.86337949841,
Georgia,2006-01-01,0.8856249079,
Georgia,2006-02-01,0.89095980995,
Georgia,2006-03-01,0.88798465859,
Georgia,2006-04-01,0.89152850814,
Georgia,2006-05-01,0.89243117522,
Georgia,2006-06-01,0.88873964482,
Georgia,2006-07-01,0.89424276379,
Georgia,2006-08-01,0.8906717928,
Georgia,2006-09-01,0.89058002328,
Georgia,2006-10-01,0.89421155038,
Georgia,2006-11-01,0.89508096973,
Georgia,2006-12-01,0.89456853377,
Georgia,2007-01-01,0.93545209811,
Georgia,2007-02-01,0.93661001297,
Georgia,2007-03-01,0.93583632554,
Georgia,2007-04-01,0.93550828446,
Georgia,2007-05-01,0.93493304177,
Georgia,2007-06-01,0.9397019222,
Georgia,2007-07-01,0.94335484119,
Georgia,2007-08-01,0.94534479966,
Georgia,2007-09-01,0.95723585116,
Georgia,2007-10-01,0.96220093916,
Georgia,2007-11-01,0.96212537737,
Georgia,2007-12-01,0.97024891164,
Georgia,2008-01-01,1.03716398833,
Georgia,2008-02-01,1.06286865542,
Georgia,2008-03-01,1.07428632517,
Georgia,2008-04-01,1.06482998059,
Georgia,2008-05-01,1.06700591485,
Georgia,2008-06-01,1.08995952066,
Georgia,2008-07-01,1.09673711369,
Georgia,2008-08-01,1.09379265511,
Georgia,2008-09-01,1.08130053652,
Georgia,2008-10-01,1.05687013813,
Georgia,2008-11-01,1.03884365423,
Georgia,2008-12-01,1.02362628131,
Georgia,2009-01-01,0.97642712587,
Georgia,2009-02-01,0.97104958163,
Georgia,2009-03-01,0.96538614249,
Georgia,2009-04-01,0.95655486428,
Georgia,2009-05-01,0.9637832302,
Georgia,2009-06-01,0.96512071585,
Georgia,2009-07-01,0.96038053225,
Georgia,2009-08-01,0.96378540999,
Georgia,2009-09-01,0.96054328094,
Georgia,2009-10-01,0.96154741949,
Georgia,2009-11-01,0.96466590034,
Georgia,2009-12-01,0.96727207228,
Georgia,2010-01-01,1.0,
Georgia,2010-02-01,0.99831190708,
Georgia,2010-03-01,0.99875721574,
Georgia,2010-04-01,1.00446572385,
Georgia,2010-05-01,1.00181678883,
Georgia,2010-06-01,0.99375087169,
Georgia,2010-07-01,1.00025624075,
Georgia,2010-08-01,1.0127351244,
Georgia,2010-09-01,1.02296905645,
Georgia,2010-10-01,1.02746581404,
Georgia,2010-11-01,1.03046134047,
Georgia,2010-12-01,1.041991679,
Georgia,2011-01-01,1.12626627679,
Georgia,2011-02-01,1.13263442995,
Georgia,2011-03-01,1.13162601931,
Georgia,2011-04-01,1.13897851962,
Georgia,2011-05-01,1.13656660462,
Georgia,2011-06-01,1.1324907075,
Georgia,2011-07-01,1.13168486138,
Georgia,2011-08-01,1.13477135782,
Georgia,2011-09-01,1.13063804863,
Georgia,2011-10-01,1.12228096639,
Georgia,2011-11-01,1.11932299044,
Georgia,2011-12-01,1.11490226183,
Georgia,2012-01-01,1.10491539788,
Georgia,2012-02-01,1.10635563887,
Georgia,2012-03-01,1.10697022051,
Georgia,2012-04-01,1.10067819354,
Georgia,2012-05-01,1.09679862319,
Georgia,2012-06-01,1.09621439737,
Georgia,2012-07-01,1.11073525095,
Georgia,2012-08-01,1.10945293475,
Georgia,2012-09-01,1.1104129744,
Georgia,2012-10-01,1.11073912189,
Georgia,2012-11-01,1.11207945613,
Georgia,2012-12-01,1.11139192067,
Georgia,2013-01-01,1.09631853567,
Georgia,2013-02-01,1.09217922942,
Georgia,2013-03-01,1.08891592254,
Georgia,2013-04-01,1.08789401509,
Georgia,2013-05-01,1.08828589666,
Georgia,2013-06-01,1.08250639675,
Georgia,2013-07-01,1.08006285202,
Georgia,2013-08-01,1.08000504967,
Georgia,2013-09-01,1.07908995333,
Georgia,2013-10-01,1.08396312224,
Georgia,2013-11-01,1.07986453078,
Georgia,2013-12-01,1.07712050472,
Georgia,2014-01-01,1.07253756124,
Georgia,2014-02-01,1.0783070109,
Georgia,2014-03-01,1.0878370267,
Georgia,2014-04-01,1.08725733487,
Georgia,2014-05-01,1.08889894066,
Georgia,2014-06-01,1.08533393706,
Georgia,2014-07-01,1.08836284107,
Georgia,2014-08-01,1.09354738683,
Georgia,2014-09-01,1.09126657653,
Georgia,2014-10-01,1.09121888174,
Georgia,2014-11-01,1.09097427868,
Georgia,2014-12-01,1.08620835438,
Georgia,2015-01-01,1.07632641675,
Georgia,2015-02-01,1.06735827522,
Georgia,2015-03-01,1.06283788139,
Georgia,2015-04-01,1.06345461683,
Georgia,2015-05-01,1.05780648917,
Georgia,2015-06-01,1.05410280798,
Georgia,2015-07-01,1.05413860818,
Georgia,2015-08-01,1.05103811455,
Georgia,2015-09-01,1.04737784491,
Georgia,2015-10-01,1.04476423803,
Georgia,2015-11-01,1.04299548435,
Georgia,2015-12-01,1.04081052824,
Georgia,2016-01-01,1.05271058826,
Georgia,2016-02-01,,
Georgia,2016-03-01,,
Georgia,2016-04-01,,
Georgia,2016-05-01,,
Georgia,2016-06-01,,
Georgia,2016-07-01,,
Georgia,2016-08-01,,
Georgia,2016-09-01,,
Georgia,2016-10-01,,
Georgia,2016-11-01,,
Georgia,2016-12-01,,
Georgia,2017-01-01,,
Georgia,2017-02-01,,
Georgia,2017-03-01,,
Georgia,2017-04-01,,
Georgia,2017-05-01,,
Georgia,2017-06-01,,
Georgia,2017-07-01,,
Georgia,2017-08-01,,
Georgia,2017-09-01,,
Georgia,2017-10-01,,
Georgia,2017-11-01,,
Georgia,2017-12-01,,
Georgia,2018-01-01,,
Georgia,2018-02-01,,
Georgia,2018-03-01,,
Georgia,2018-04-01,,
Georgia,2018-05-01,,
Georgia,2018-06-01,,
Georgia,2018-07-01,,
Georgia,2018-08-01,,
Georgia,2018-09-01,,
Georgia,2018-10-01,,
Georgia,2018-11-01,,
Georgia,2018-12-01,,
Georgia,2019-01-01,,
Georgia,2019-02-01,,
Georgia,2019-03-01,,
Georgia,2019-04-01,,
Georgia,2019-05-01,,
Georgia,2019-06-01,,
Georgia,2019-07-01,,
Georgia,2019-08-01,,
Georgia,2019-09-01,,
Georgia,2019-10-01,,
Georgia,2019-11-01,,
Georgia,2019-12-01,,
Georgia,2020-01-01,,
Georgia,2020-02-01,,
Georgia,2020-03-01,,
Georgia,2020-04-01,,
Georgia,2020-05-01,,
Georgia,2020-06-01,,
Georgia,2020-07-01,,
Georgia,2020-08-01,,
Georgia,2020-09-01,,
Georgia,2020-10-01,,
Georgia,2020-11-01,,
Georgia,2020-12-01,,
Greece,2005-01-01,0.8007196768,124.07834605546
Greece,2005-02-01,0.80749245226,127.85467763794
Greece,2005-03-01,0.82543431701,130.56013920517
Greece,2005-04-01,0.82410135298,124.88359429856
Greece,2005-05-01,0.81715106892,120.36116906818
Greece,2005-06-01,0.83333380231,121.63643438672
Greece,2005-07-01,0.83951422105,125.55284158018
Greece,2005-08-01,0.85385539378,132.2516609971
Greece,2005-09-01,0.85378144724,131.76793420196
Greece,2005-10-01,0.84441789105,131.38802878351
Greece,2005-11-01,0.83578406592,133.33033838889
Greece,2005-12-01,0.8399058281,139.21403700916
Greece,2006-01-01,0.87282404286,155.02802610649
Greece,2006-02-01,0.86670674922,161.95709598802
Greece,2006-03-01,0.86897290365,161.16951232889
Greece,2006-04-01,0.88854278327,169.39918605214
Greece,2006-05-01,0.89030058988,168.10432561536
Greece,2006-06-01,0.88842789675,148.06870845644
Greece,2006-07-01,0.90151483446,151.66835205563
Greece,2006-08-01,0.89976197183,162.37017597009
Greece,2006-09-01,0.87339960378,163.84094999958
Greece,2006-10-01,0.86256489635,167.97605752791
Greece,2006-11-01,0.86454412224,179.9260513034
Greece,2006-12-01,0.87221607368,186.99851298996
Greece,2007-01-01,0.8903994346,196.99123778596
Greece,2007-02-01,0.90197002477,202.32263683693
Greece,2007-03-01,0.91003965922,197.26897585821
Greece,2007-04-01,0.9218746297,212.13274987121
Greece,2007-05-01,0.92239676986,215.01944290975
Greece,2007-06-01,0.9322822903,214.19068401394
Greece,2007-07-01,0.94711983828,225.23990286084
Greece,2007-08-01,0.93845000909,213.34577727466
Greece,2007-09-01,0.9588991928,225.2263524686
Greece,2007-10-01,0.97457185398,244.04058515295
Greece,2007-11-01,1.00123657971,244.68763404589
Greece,2007-12-01,0.9982253848,243.91272534747
Greece,2008-01-01,1.05777043075,226.63722520515
Greece,2008-02-01,1.07298723815,210.27558099525
Greece,2008-03-01,1.09968835952,200.43925294619
Greece,2008-04-01,1.11778514021,210.5048903087
Greece,2008-05-01,1.15937136734,213.82742265562
Greece,2008-06-01,1.19310467369,193.31970218559
Greece,2008-07-01,1.20061542865,173.23290797934
Greece,2008-08-01,1.14920799938,163.60069579699
Greece,2008-09-01,1.10539737686,146.67099857263
Greece,2008-10-01,1.0229657929,101.16158123585
Greece,2008-11-01,0.96438387078,83.2164357423
Greece,2008-12-01,0.92511472657,79.15255547413
Greece,2009-01-01,0.88770010722,76.71335648999
Greece,2009-02-01,0.88002352466,69.824631848
Greece,2009-03-01,0.89062262962,68.21757705909
Greece,2009-04-01,0.89722767658,81.15684066235
Greece,2009-05-01,0.92040583838,99.4542499784
Greece,2009-06-01,0.95086746097,105.05976630671
Greece,2009-07-01,0.93701960631,103.48318225723
Greece,2009-08-01,0.95656828968,112.78944027245
Greece,2009-09-01,0.94702966204,121.6714071834
Greece,2009-10-01,0.96266458137,134.59955842141
Greece,2009-11-01,0.97337678551,123.47127227659
Greece,2009-12-01,0.96668668391,107.01446085704
Greece,2010-01-01,1.0,100.0
Greece,2010-02-01,0.99440540211,86.48800119601
Greece,2010-03-01,1.0089391338,92.69221095508
Greece,2010-04-01,1.0251660737,85.09349925218
Greece,2010-05-01,1.00195611263,68.21116441882
Greece,2010-06-01,0.99694809419,60.03640871703
Greece,2010-07-01,0.9973096216,66.28344195432
Greece,2010-08-01,1.003695481,69.54693892659
Greece,2010-09-01,1.00687560159,66.62951422979
Greece,2010-10-01,1.02398419742,71.06331004722
Greece,2010-11-01,1.03330904562,66.4969293076
Greece,2010-12-01,1.052654756,63.96181153345
Greece,2011-01-01,1.12932207254,64.97677175896
Greece,2011-02-01,1.14498681307,73.71676926933
Greece,2011-03-01,1.17561137789,73.01124986391
Greece,2011-04-01,1.1990606168,69.86841976961
Greece,2011-05-01,1.17458710679,62.83277732787
Greece,2011-06-01,1.16714116406,59.78253255188
Greece,2011-07-01,1.17310185083,57.81730642213
Greece,2011-08-01,1.15402196718,46.79258470141
Greece,2011-09-01,1.15338889505,38.35848122149
Greece,2011-10-01,1.14851033794,34.1163556391
Greece,2011-11-01,1.1644370122,32.14874958754
Greece,2011-12-01,1.16017088176,28.88994685686
Greece,2012-01-01,1.15838754093,29.18151834619
Greece,2012-02-01,1.17456237929,34.19613744613
Greece,2012-03-01,1.1886286816,32.70235310782
Greece,2012-04-01,1.17608397746,30.71957482389
Greece,2012-05-01,1.14805107419,24.1739179928
Greece,2012-06-01,1.11088454209,22.57531784148
Greece,2012-07-01,1.13021258329,24.73514334047
Greece,2012-08-01,1.15343461939,25.4767794459
Greece,2012-09-01,1.15561558246,30.83510255294
Greece,2012-10-01,1.14750006549,35.43207915593
Greece,2012-11-01,1.14284882649,34.24793861376
Greece,2012-12-01,1.14323950903,37.07540406701
Greece,2013-01-01,1.14245650415,42.81121812287
Greece,2013-02-01,1.14831914396,44.50155735794
Greece,2013-03-01,1.13321401097,39.91258539977
Greece,2013-04-01,1.12290153329,39.0444745308
Greece,2013-05-01,1.12376877888,45.06728401041
Greece,2013-06-01,1.12157892051,39.4054938226
Greece,2013-07-01,1.13585884115,36.05392273672
Greece,2013-08-01,1.14324355969,40.32775576498
Greece,2013-09-01,1.14460862845,43.17015707485
Greece,2013-10-01,1.13635444188,50.46997390378
Greece,2013-11-01,1.12917373332,51.31892665405
Greece,2013-12-01,1.13697284336,52.74369427022
Greece,2014-01-01,1.1262444914,54.76679045782
Greece,2014-02-01,1.13567529481,56.55965112767
Greece,2014-03-01,1.13605708287,60.84622454813
Greece,2014-04-01,1.13710815394,57.13507391971
Greece,2014-05-01,1.1396573867,53.12658664311
Greece,2014-06-01,1.14660747143,56.50012523369
Greece,2014-07-01,1.14180814873,52.96276857885
Greece,2014-08-01,1.1329382503,49.17665742871
Greece,2014-09-01,1.12265405927,48.13154454628
Greece,2014-10-01,1.09573538219,40.72502182063
Greece,2014-11-01,1.06989103913,38.30525417285
Greece,2014-12-01,1.02275232174,36.26573869642
Greece,2015-01-01,0.98122421228,30.07169712166
Greece,2015-02-01,0.99720956977,31.58208220013
Greece,2015-03-01,0.99058739427,28.19053920563
Greece,2015-04-01,1.00420899687,27.09404208432
Greece,2015-05-01,1.01435225461,30.36745888351
Greece,2015-06-01,1.0100715737,28.28160989135
Greece,2015-07-01,0.99252963803,
Greece,2015-08-01,0.96970080078,24.08289399958
Greece,2015-09-01,0.96905136206,24.6684667789
Greece,2015-10-01,0.96825310336,25.34179475463
Greece,2015-11-01,0.95599989758,23.51754353003
Greece,2015-12-01,0.93702016128,21.71401363619
Greece,2016-01-01,0.93053377985,20.10125922403
Greece,2016-02-01,,17.91498675845
Greece,2016-03-01,,20.38455216218
Greece,2016-04-01,,21.31344740021
Greece,2016-05-01,,23.22968459336
Greece,2016-06-01,,22.09054685202
Greece,2016-07-01,,20.15338477613
Greece,2016-08-01,,20.81156567963
Greece,2016-09-01,,20.85682376667
Greece,2016-10-01,,21.19383287095
Greece,2016-11-01,,21.11119515359
Greece,2016-12-01,,21.84757793557
Greece,2017-01-01,,22.61974313865
Greece,2017-02-01,,22.09328620693
Greece,2017-03-01,,22.75782276329
Greece,2017-04-01,,24.05804230475
Greece,2017-05-01,,28.12516007719
Greece,2017-06-01,,29.68877484275
Greece,2017-07-01,,31.82385070887
Greece,2017-08-01,,32.17219915989
Greece,2017-09-01,,30.55469932303
Greece,2017-10-01,,28.91488270758
Greece,2017-11-01,,28.23736551567
Greece,2017-12-01,,29.77165544701
Greece,2018-01-01,,34.33055445527
Greece,2018-02-01,,34.16934263235
Greece,2018-03-01,,32.68322082907
Greece,2018-04-01,,33.18468745486
Greece,2018-05-01,,30.91033574433
Greece,2018-06-01,,29.52386206458
Greece,2018-07-01,,28.96438137214
Greece,2018-08-01,,27.92579113708
Greece,2018-09-01,,26.58646338706
Greece,2018-10-01,,24.19352536225
Greece,2018-11-01,,23.16236154222
Greece,2018-12-01,,23.65820524473
Greece,2019-01-01,,23.47972957031
Greece,2019-02-01,,24.79636033766
Greece,2019-03-01,,26.41742039802
Greece,2019-04-01,,28.12877711377
Greece,2019-05-01,,27.64966746032
Greece,2019-06-01,,31.22789902652
Greece,2019-07-01,,32.21451179699
Greece,2019-08-01,,30.68972302394
Greece,2019-09-01,,31.19586306668
Greece,2019-10-01,,31.02778585003
Greece,2019-11-01,,32.02822688072
Greece,2019-12-01,,32.56337752417
Greece,2020-01-01,,33.89768752164
Greece,2020-02-01,,31.63438832961
Greece,2020-03-01,,21.33234522674
Greece,2020-04-01,,21.42835474349
Greece,2020-05-01,,21.93255486068
Greece,2020-06-01,,24.43264875792
Greece,2020-07-01,,24.02759785159
Greece,2020-08-01,,24.61312961739
Greece,2020-09-01,,24.70439660836
Greece,2020-10-01,,23.99150008797
Greece,2020-11-01,,25.91119815814
Greece,2020-12-01,,31.43400686578
"Hong Kong, China",2005-01-01,0.88858633085,63.46556580898
"Hong Kong, China",2005-02-01,0.89193328514,64.67947895723
"Hong Kong, China",2005-03-01,0.89195093557,64.02949774719
"Hong Kong, China",2005-04-01,0.89337597002,63.51705717879
"Hong Kong, China",2005-05-01,0.89300897573,64.3505936248
"Hong Kong, China",2005-06-01,0.89469510981,65.26133562149
"Hong Kong, China",2005-07-01,0.89874032336,67.45234152067
"Hong Kong, China",2005-08-01,0.89908103799,70.58118965124
"Hong Kong, China",2005-09-01,0.90144984412,70.96220903733
"Hong Kong, China",2005-10-01,0.89826305109,68.45963971515
"Hong Kong, China",2005-11-01,0.90629097394,69.02329489818
"Hong Kong, China",2005-12-01,0.89985166794,70.44887910396
"Hong Kong, China",2006-01-01,0.90367296218,72.60162114907
"Hong Kong, China",2006-02-01,0.90432726157,72.80484634634
"Hong Kong, China",2006-03-01,0.90566658277,73.49863579957
"Hong Kong, China",2006-04-01,0.90731387576,77.40115169677
"Hong Kong, China",2006-05-01,0.91666821684,77.0286882475
"Hong Kong, China",2006-06-01,0.91940933922,73.43846200566
"Hong Kong, China",2006-07-01,0.9208683849,76.76040572724
"Hong Kong, China",2006-08-01,0.92308625865,79.90882247994
"Hong Kong, China",2006-09-01,0.92366186584,80.85353275999
"Hong Kong, China",2006-10-01,0.92209150994,83.7927836894
"Hong Kong, China",2006-11-01,0.92246314729,88.30556991062
"Hong Kong, China",2006-12-01,0.92465194808,89.2140216867
"Hong Kong, China",2007-01-01,0.92162419398,93.87704438052
"Hong Kong, China",2007-02-01,0.92274190479,95.07564460966
"Hong Kong, China",2007-03-01,0.92130520856,89.74088613129
"Hong Kong, China",2007-04-01,0.92102761047,94.82306267808
"Hong Kong, China",2007-05-01,0.92580744059,96.12230366535
"Hong Kong, China",2007-06-01,0.9263382406,98.43343046892
"Hong Kong, China",2007-07-01,0.93085538719,106.07705342531
"Hong Kong, China",2007-08-01,0.93523170203,103.55521215923
"Hong Kong, China",2007-09-01,0.94297796133,116.46540021586
"Hong Kong, China",2007-10-01,0.94644113013,136.31674972533
"Hong Kong, China",2007-11-01,0.95130965916,131.86042250049
"Hong Kong, China",2007-12-01,0.94881969296,130.43235527249
"Hong Kong, China",2008-01-01,0.9532828563,118.00253948907
"Hong Kong, China",2008-02-01,0.95685143065,110.90733077876
"Hong Kong, China",2008-03-01,0.96000137785,105.11476635455
"Hong Kong, China",2008-04-01,0.96526754082,114.39527092175
"Hong Kong, China",2008-05-01,0.96947480943,117.32211639578
"Hong Kong, China",2008-06-01,0.98136475419,107.67054254375
"Hong Kong, China",2008-07-01,0.98741046089,102.63018519332
"Hong Kong, China",2008-08-01,0.99034343857,99.54062580841
"Hong Kong, China",2008-09-01,0.99167256613,90.18427867787
"Hong Kong, China",2008-10-01,0.99139711475,69.7518292285
"Hong Kong, China",2008-11-01,0.98330245156,63.49367425058
"Hong Kong, China",2008-12-01,0.97944159901,68.26768406558
"Hong Kong, China",2009-01-01,0.97611907278,64.48305941667
"Hong Kong, China",2009-02-01,0.97385801962,61.57136759976
"Hong Kong, China",2009-03-01,0.96353402954,59.83826008473
"Hong Kong, China",2009-04-01,0.96652214193,70.31476168451
"Hong Kong, China",2009-05-01,0.96765475259,80.10227089434
"Hong Kong, China",2009-06-01,0.97682318644,85.80709725973
"Hong Kong, China",2009-07-01,0.97559934461,88.43961977241
"Hong Kong, China",2009-08-01,0.97939869253,95.78363509283
"Hong Kong, China",2009-09-01,0.98725545115,97.87145513591
"Hong Kong, China",2009-10-01,0.98990574214,101.30948495246
"Hong Kong, China",2009-11-01,0.98860665324,103.71400852262
"Hong Kong, China",2009-12-01,0.99730862559,101.70997469028
"Hong Kong, China",2010-01-01,1.0,100.0
"Hong Kong, China",2010-02-01,1.00321007889,94.50184293625
"Hong Kong, China",2010-03-01,1.0092077848,98.52187753302
"Hong Kong, China",2010-04-01,1.02327668159,101.0064505089
"Hong Kong, China",2010-05-01,1.02927464521,92.89401000738
"Hong Kong, China",2010-06-01,1.03806027812,93.60081052511
"Hong Kong, China",2010-07-01,1.03970473726,95.35060502302
"Hong Kong, China",2010-08-01,1.04950436739,98.49937761527
"Hong Kong, China",2010-09-01,1.05801497721,101.12912718603
"Hong Kong, China",2010-10-01,1.06676301067,108.90264465288
"Hong Kong, China",2010-11-01,1.07621249525,111.29724864718
"Hong Kong, China",2010-12-01,1.07492103008,107.54696799131
"Hong Kong, China",2011-01-01,1.07399400464,111.21167406696
"Hong Kong, China",2011-02-01,1.09859085743,107.96703476878
"Hong Kong, China",2011-03-01,1.09954731153,107.53797389816
"Hong Kong, China",2011-04-01,1.10361630531,112.00084850101
"Hong Kong, China",2011-05-01,1.1136762051,107.87797773958
"Hong Kong, China",2011-06-01,1.12243477419,104.0463568066
"Hong Kong, China",2011-07-01,1.12709904125,103.70873537722
"Hong Kong, China",2011-08-01,1.14027623142,94.56580501394
"Hong Kong, China",2011-09-01,1.13797648244,88.4247718415
"Hong Kong, China",2011-10-01,1.14168564039,85.55916355196
"Hong Kong, China",2011-11-01,1.14632677879,87.90723764784
"Hong Kong, China",2011-12-01,1.14955905904,86.6505429737
"Hong Kong, China",2012-01-01,1.14779527064,90.87392539594
"Hong Kong, China",2012-02-01,1.15681295849,98.79195629834
"Hong Kong, China",2012-03-01,1.14394462886,98.15093789481
"Hong Kong, China",2012-04-01,1.15049630286,96.54044964149
"Hong Kong, China",2012-05-01,1.16318151258,91.60187874238
"Hong Kong, China",2012-06-01,1.16261209399,88.50771375855
"Hong Kong, China",2012-07-01,1.16304912266,90.56165314195
"Hong Kong, China",2012-08-01,1.16693166433,93.24241643878
"Hong Kong, China",2012-09-01,1.16851659453,94.57767764822
"Hong Kong, China",2012-10-01,1.17411947591,99.60252070545
"Hong Kong, China",2012-11-01,1.17555824382,101.28048915845
"Hong Kong, China",2012-12-01,1.17303403161,104.82454601054
"Hong Kong, China",2013-01-01,1.16094910342,109.76514622392
"Hong Kong, China",2013-02-01,1.16837345582,108.22500193439
"Hong Kong, China",2013-03-01,1.16121476411,105.22060219665
"Hong Kong, China",2013-04-01,1.16202763175,103.00798545838
"Hong Kong, China",2013-05-01,1.15962895628,107.13009989024
"Hong Kong, China",2013-06-01,1.16111892812,98.41628287997
"Hong Kong, China",2013-07-01,1.16427033471,99.5579577407
"Hong Kong, China",2013-08-01,1.17350226168,102.89492193198
"Hong Kong, China",2013-09-01,1.18410699587,107.22986857728
"Hong Kong, China",2013-10-01,1.19325352099,108.02914575362
"Hong Kong, China",2013-11-01,1.19605667997,108.99345595122
"Hong Kong, China",2013-12-01,1.18547021632,109.28672030371
"Hong Kong, China",2014-01-01,1.18360041705,106.21818427292
"Hong Kong, China",2014-02-01,1.19903533728,103.69998758762
"Hong Kong, China",2014-03-01,1.18169834838,102.68346814969
"Hong Kong, China",2014-04-01,1.18284561232,105.67103501537
"Hong Kong, China",2014-05-01,1.18306060077,105.62675264609
"Hong Kong, China",2014-06-01,1.19097180974,108.25837997786
"Hong Kong, China",2014-07-01,1.1977129312,111.15685439773
"Hong Kong, China",2014-08-01,1.19767165862,116.07486357295
"Hong Kong, China",2014-09-01,1.21162356632,113.843498771
"Hong Kong, China",2014-10-01,1.20956334562,108.91602779934
"Hong Kong, China",2014-11-01,1.20744379106,111.18550034626
"Hong Kong, China",2014-12-01,1.20351271002,109.35191078316
"Hong Kong, China",2015-01-01,1.19077564021,113.22113985355
"Hong Kong, China",2015-02-01,1.20986882182,115.34100394768
"Hong Kong, China",2015-03-01,1.1989798446,113.58964726917
"Hong Kong, China",2015-04-01,1.18460232966,128.41760325204
"Hong Kong, China",2015-05-01,1.19607504665,129.34723586166
"Hong Kong, China",2015-06-01,1.19733861538,126.31725573774
"Hong Kong, China",2015-07-01,1.19619580166,117.08751837927
"Hong Kong, China",2015-08-01,1.1946552986,108.6032796787
"Hong Kong, China",2015-09-01,1.18856177835,99.94853347192
"Hong Kong, China",2015-10-01,1.1886593723,105.96419105423
"Hong Kong, China",2015-11-01,1.18077749341,105.30240739613
"Hong Kong, China",2015-12-01,1.17683589834,102.49483919731
"Hong Kong, China",2016-01-01,1.15482081786,92.00011143085
"Hong Kong, China",2016-02-01,1.16806053783,89.15640309183
"Hong Kong, China",2016-03-01,1.16368981066,94.84057697677
"Hong Kong, China",2016-04-01,1.16302607879,98.10415963913
"Hong Kong, China",2016-05-01,1.1592166201,94.20519654964
"Hong Kong, China",2016-06-01,1.15956961139,96.4427676
"Hong Kong, China",2016-07-01,1.17978807277,100.48658811017
"Hong Kong, China",2016-08-01,1.17605085729,105.95278624796
"Hong Kong, China",2016-09-01,1.17335441216,110.0518200696
"Hong Kong, China",2016-10-01,1.17711213649,109.39907771549
"Hong Kong, China",2016-11-01,1.17599230336,105.73428449262
"Hong Kong, China",2016-12-01,1.18462993504,103.87677790488
"Hong Kong, China",2017-01-01,1.17077564718,106.64968985512
"Hong Kong, China",2017-02-01,1.18978688316,110.86091006867
"Hong Kong, China",2017-03-01,1.18363449406,112.19187575186
"Hong Kong, China",2017-04-01,1.17720727817,113.15650886325
"Hong Kong, China",2017-05-01,1.17667206166,117.2958046868
"Hong Kong, China",2017-06-01,1.17871244737,120.08817144458
"Hong Kong, China",2017-07-01,1.1887068044,122.23552459667
"Hong Kong, China",2017-08-01,1.19069879603,127.6385939035
"Hong Kong, China",2017-09-01,1.19182967272,128.95637882004
"Hong Kong, China",2017-10-01,1.19572752409,131.91129978839
"Hong Kong, China",2017-11-01,1.19433678274,135.69629764736
"Hong Kong, China",2017-12-01,1.20200396583,135.06728984499
"Hong Kong, China",2018-01-01,1.18984885348,147.62197098891
"Hong Kong, China",2018-02-01,1.20603484419,143.55395130488
"Hong Kong, China",2018-03-01,1.20184346613,142.88657122052
"Hong Kong, China",2018-04-01,1.19816733872,140.33725912231
"Hong Kong, China",2018-05-01,1.20064030981,141.81699560054
"Hong Kong, China",2018-06-01,1.20473623387,138.94436046258
"Hong Kong, China",2018-07-01,1.21359906182,131.51518133792
"Hong Kong, China",2018-08-01,1.21847036099,128.99251854255
"Hong Kong, China",2018-09-01,1.2228981053,126.16277879432
"Hong Kong, China",2018-10-01,1.22669410435,118.90759453914
"Hong Kong, China",2018-11-01,1.22040583728,120.7903575281
"Hong Kong, China",2018-12-01,1.22564347795,120.91903484383
"Hong Kong, China",2019-01-01,1.20948575781,123.50486441642
"Hong Kong, China",2019-02-01,1.22897860505,131.17109236976
"Hong Kong, China",2019-03-01,1.22745779054,133.49368769569
"Hong Kong, China",2019-04-01,1.22304670994,138.11279089803
"Hong Kong, China",2019-05-01,1.22520910538,129.98105242175
"Hong Kong, China",2019-06-01,1.22730715991,128.43832404009
"Hong Kong, China",2019-07-01,1.23203469616,132.11079439759
"Hong Kong, China",2019-08-01,1.23130694403,120.16513741654
"Hong Kong, China",2019-09-01,1.23228812242,122.51555793446
"Hong Kong, China",2019-10-01,1.22606500429,122.33069866011
"Hong Kong, China",2019-11-01,1.22164403652,124.94376074169
"Hong Kong, China",2019-12-01,1.23074208401,126.65276286987
"Hong Kong, China",2020-01-01,1.22915880829,131.62225162269
"Hong Kong, China",2020-02-01,1.2273632426,126.89455102798
"Hong Kong, China",2020-03-01,1.23065195177,112.57880642234
"Hong Kong, China",2020-04-01,1.22088578408,112.30338626303
"Hong Kong, China",2020-05-01,1.22996890057,111.36001095428
"Hong Kong, China",2020-06-01,1.22888764696,114.51736509072
"Hong Kong, China",2020-07-01,1.23135666879,118.42443739324
"Hong Kong, China",2020-08-01,1.23021451196,117.42915945395
"Hong Kong, China",2020-09-01,1.22893089201,113.46788929898
"Hong Kong, China",2020-10-01,1.23409826486,114.34035879438
"Hong Kong, China",2020-11-01,1.23242645083,122.16102022046
"Hong Kong, China",2020-12-01,1.24415025715,124.06015458016
Croatia,2005-01-01,0.83018073463,73.66898049795
Croatia,2005-02-01,0.8353353439,85.70634132502
Croatia,2005-03-01,0.84683887093,84.67057505511
Croatia,2005-04-01,0.84677796816,77.17959970094
Croatia,2005-05-01,0.84261630746,73.69146201135
Croatia,2005-06-01,0.85169022439,69.66757926819
Croatia,2005-07-01,0.85329688473,71.26895724777
Croatia,2005-08-01,0.86150558422,75.93570406331
Croatia,2005-09-01,0.86124529651,78.88939585513
Croatia,2005-10-01,0.85574100242,82.17413190171
Croatia,2005-11-01,0.85058227649,79.00955143074
Croatia,2005-12-01,0.85295685424,77.48698421085
Croatia,2006-01-01,0.88098364313,80.90334439173
Croatia,2006-02-01,0.87772257577,82.60013213786
Croatia,2006-03-01,0.87928181842,88.83592367678
Croatia,2006-04-01,0.89057321215,99.01124798815
Croatia,2006-05-01,0.89003482505,105.74356039204
Croatia,2006-06-01,0.8890178136,105.12312416721
Croatia,2006-07-01,0.89737147493,115.39778258745
Croatia,2006-08-01,0.89655411417,124.91435944007
Croatia,2006-09-01,0.88107803456,133.78248470632
Croatia,2006-10-01,0.87412137905,133.50439759865
Croatia,2006-11-01,0.87492733335,135.1893357349
Croatia,2006-12-01,0.87951857659,139.40688978368
Croatia,2007-01-01,0.91133232724,144.54016990109
Croatia,2007-02-01,0.91829685734,163.75977192209
Croatia,2007-03-01,0.9232857432,172.86228272866
Croatia,2007-04-01,0.93057272148,201.80533196289
Croatia,2007-05-01,0.93109656954,218.8826388538
Croatia,2007-06-01,0.93705073828,214.21947315162
Croatia,2007-07-01,0.94590678967,218.17895870586
Croatia,2007-08-01,0.94072410883,218.73255178272
Croatia,2007-09-01,0.95228711805,217.93368594319
Croatia,2007-10-01,0.96322944094,246.26697580593
Croatia,2007-11-01,0.9796234447,231.40784728309
Croatia,2007-12-01,0.97751841448,237.92816122247
Croatia,2008-01-01,1.04243787921,234.73546968204
Croatia,2008-02-01,1.05835698099,203.22007330564
Croatia,2008-03-01,1.07570288778,204.2208083003
Croatia,2008-04-01,1.08734338375,188.18350361756
Croatia,2008-05-01,1.11435660206,202.57676003812
Croatia,2008-06-01,1.14474218711,192.88492779671
Croatia,2008-07-01,1.15183202212,185.7251451423
Croatia,2008-08-01,1.12188217142,175.35828746793
Croatia,2008-09-01,1.09566296265,153.84743835217
Croatia,2008-10-01,1.04558787011,109.23880355127
Croatia,2008-11-01,1.00730900798,82.00567106492
Croatia,2008-12-01,0.97844993002,74.04912120415
Croatia,2009-01-01,0.93232929168,76.58830947335
Croatia,2009-02-01,0.9285392754,65.30151581415
Croatia,2009-03-01,0.92885234556,58.19179966782
Croatia,2009-04-01,0.92716465191,66.71359213524
Croatia,2009-05-01,0.93932559322,84.40943412933
Croatia,2009-06-01,0.95731103309,91.53803499353
Croatia,2009-07-01,0.94922992497,84.18393501689
Croatia,2009-08-01,0.96057514164,90.98596305576
Croatia,2009-09-01,0.95521730797,102.26255820068
Croatia,2009-10-01,0.96462431339,108.00482454548
Croatia,2009-11-01,0.97045085468,102.77440605528
Croatia,2009-12-01,0.96646300018,97.4109819686
Croatia,2010-01-01,1.0,100.0
Croatia,2010-02-01,0.99670954606,97.16976454316
Croatia,2010-03-01,1.00717988969,95.64541986358
Croatia,2010-04-01,1.01935291566,96.1956543648
Croatia,2010-05-01,1.00853875756,84.38094763725
Croatia,2010-06-01,1.00575612235,77.49364619073
Croatia,2010-07-01,1.00377409503,77.15746501963
Croatia,2010-08-01,1.00581811643,78.70959791961
Croatia,2010-09-01,1.00836260282,81.73411165942
Croatia,2010-10-01,1.01842727249,86.53570880465
Croatia,2010-11-01,1.02400457267,82.36879806506
Croatia,2010-12-01,1.03519425502,85.92104859607
Croatia,2011-01-01,1.11520879137,99.10363388083
Croatia,2011-02-01,1.12521042116,102.63189127124
Croatia,2011-03-01,1.14644611525,104.10222184673
Croatia,2011-04-01,1.16076432834,105.61052440299
Croatia,2011-05-01,1.14654882661,104.59559980495
Croatia,2011-06-01,1.14243909032,106.58959431131
Croatia,2011-07-01,1.14578360747,102.61307888102
Croatia,2011-08-01,1.13444112464,95.66564941569
Croatia,2011-09-01,1.13488894957,87.28769022116
Croatia,2011-10-01,1.13146000754,81.90688264705
Croatia,2011-11-01,1.13837871838,80.13754248124
Croatia,2011-12-01,1.13544128542,75.80443341382
Croatia,2012-01-01,1.12851110462,73.62938576881
Croatia,2012-02-01,1.1375073306,76.38408156081
Croatia,2012-03-01,1.14476275772,78.52090464437
Croatia,2012-04-01,1.13726293589,79.00601446857
Croatia,2012-05-01,1.12043196246,73.42074694302
Croatia,2012-06-01,1.09840796378,67.37436299845
Croatia,2012-07-01,1.10891245802,67.93152783856
Croatia,2012-08-01,1.12217391999,69.01326909278
Croatia,2012-09-01,1.12369674485,71.63487495348
Croatia,2012-10-01,1.11818842427,74.94729460465
Croatia,2012-11-01,1.11508754469,73.98711798591
Croatia,2012-12-01,1.11577291657,74.74406080319
Croatia,2013-01-01,1.10967236641,81.33295165749
Croatia,2013-02-01,1.11329173453,84.52846388679
Croatia,2013-03-01,1.10449468674,85.13282621597
Croatia,2013-04-01,1.09821351339,84.17113357712
Croatia,2013-05-01,1.09859608811,81.0481164183
Croatia,2013-06-01,1.09746762876,78.71149680146
Croatia,2013-07-01,1.10531240648,78.66907527806
Croatia,2013-08-01,1.10980147248,80.54751310221
Croatia,2013-09-01,1.11055053293,80.18655557073
Croatia,2013-10-01,1.10538455101,79.75278933994
Croatia,2013-11-01,1.10109364375,77.97856000852
Croatia,2013-12-01,1.10579476779,79.7604829396
Croatia,2014-01-01,1.09893194818,80.80173348285
Croatia,2014-02-01,1.1043049761,80.60070551118
Croatia,2014-03-01,1.10432987003,80.28433724033
Croatia,2014-04-01,1.10514946424,79.16823937402
Croatia,2014-05-01,1.10633224489,76.25078589482
Croatia,2014-06-01,1.11029600951,79.01593120181
Croatia,2014-07-01,1.10702955549,80.51671782684
Croatia,2014-08-01,1.10155748091,80.14386333276
Croatia,2014-09-01,1.09523656413,79.66687147088
Croatia,2014-10-01,1.07962516765,77.51880146138
Croatia,2014-11-01,1.06435837661,74.38793797415
Croatia,2014-12-01,1.03733465173,71.06480479331
Croatia,2015-01-01,1.01311429025,67.6654116333
Croatia,2015-02-01,1.02302623376,65.35243791819
Croatia,2015-03-01,1.01899561068,61.79716437445
Croatia,2015-04-01,1.02670484693,61.40803724286
Croatia,2015-05-01,1.03310389991,63.30196975507
Croatia,2015-06-01,1.03070571507,64.46509798897
Croatia,2015-07-01,1.02042835928,63.98006049446
Croatia,2015-08-01,1.00739412589,65.61940182657
Croatia,2015-09-01,1.00699066389,63.56571605615
Croatia,2015-10-01,1.00685185988,62.76829042955
Croatia,2015-11-01,1.00001663331,59.95394274941
Croatia,2015-12-01,0.98937301425,59.72335578423
Croatia,2016-01-01,0.99346130436,57.55487473871
Croatia,2016-02-01,,58.7034159209
Croatia,2016-03-01,,59.45467699764
Croatia,2016-04-01,,62.40380529057
Croatia,2016-05-01,,62.99220243053
Croatia,2016-06-01,,62.26887437624
Croatia,2016-07-01,,62.82828205082
Croatia,2016-08-01,,65.93595301897
Croatia,2016-09-01,,69.32166691047
Croatia,2016-10-01,,71.38481791765
Croatia,2016-11-01,,69.43956608998
Croatia,2016-12-01,,68.65941643927
Croatia,2017-01-01,,72.48907292088
Croatia,2017-02-01,,76.67921110449
Croatia,2017-03-01,,75.36192511162
Croatia,2017-04-01,,68.4611738875
Croatia,2017-05-01,,68.04395200453
Croatia,2017-06-01,,68.52574505138
Croatia,2017-07-01,,70.84798966602
Croatia,2017-08-01,,73.56370040153
Croatia,2017-09-01,,72.20633008175
Croatia,2017-10-01,,71.36981690749
Croatia,2017-11-01,,71.43143225874
Croatia,2017-12-01,,72.01440602986
Croatia,2018-01-01,,75.21740768471
Croatia,2018-02-01,,75.18137016759
Croatia,2018-03-01,,74.66226387728
Croatia,2018-04-01,,72.33038248451
Croatia,2018-05-01,,71.60359365708
Croatia,2018-06-01,,70.05192493046
Croatia,2018-07-01,,69.45352055391
Croatia,2018-08-01,,69.27625664335
Croatia,2018-09-01,,69.04957892992
Croatia,2018-10-01,,67.11307443627
Croatia,2018-11-01,,65.37688942349
Croatia,2018-12-01,,64.63645255363
Croatia,2019-01-01,,65.5843641936
Croatia,2019-02-01,,65.92530323559
Croatia,2019-03-01,,66.04522244979
Croatia,2019-04-01,,66.72138135186
Croatia,2019-05-01,,68.04408537221
Croatia,2019-06-01,,70.08220377697
Croatia,2019-07-01,,70.05081037005
Croatia,2019-08-01,,68.91392167214
Croatia,2019-09-01,,68.65018720939
Croatia,2019-10-01,,71.99258421966
Croatia,2019-11-01,,72.10979171887
Croatia,2019-12-01,,73.11945798028
Croatia,2020-01-01,,74.42050754931
Croatia,2020-02-01,,71.4935819188
Croatia,2020-03-01,,56.54667782192
Croatia,2020-04-01,,55.6032993266
Croatia,2020-05-01,,56.08926741485
Croatia,2020-06-01,,60.58722357631
Croatia,2020-07-01,,60.37486675356
Croatia,2020-08-01,,62.21782245736
Croatia,2020-09-01,,62.56167663405
Croatia,2020-10-01,,61.95762062241
Croatia,2020-11-01,,64.15182725644
Croatia,2020-12-01,,69.37937514567
Hungary,2005-01-01,0.95235338722,68.2944254516
Hungary,2005-02-01,0.95937567278,76.73850310829
Hungary,2005-03-01,0.97003065888,79.89590926974
Hungary,2005-04-01,0.95524921322,75.69354981683
Hungary,2005-05-01,0.92922129236,70.50815171311
Hungary,2005-06-01,0.90020589525,75.73036379369
Hungary,2005-07-01,0.89769757418,82.35309520832
Hungary,2005-08-01,0.92543326583,89.44105440204
Hungary,2005-09-01,0.92231888683,96.17907007162
Hungary,2005-10-01,0.89655141785,86.72338336961
Hungary,2005-11-01,0.88747924035,84.22287979795
Hungary,2005-12-01,0.89085779663,83.73143933855
Hungary,2006-01-01,0.91554701642,91.22527550193
Hungary,2006-02-01,0.90908115166,91.92036375403
Hungary,2006-03-01,0.90167862022,89.13826397914
Hungary,2006-04-01,0.92098792959,94.64440937777
Hungary,2006-05-01,0.96543871771,96.65305374393
Hungary,2006-06-01,0.94456821857,78.4990940788
Hungary,2006-07-01,0.94956125608,84.64012866159
Hungary,2006-08-01,0.96632619815,87.23366676376
Hungary,2006-09-01,0.95471565988,87.86991338594
Hungary,2006-10-01,0.95024493009,89.88593190232
Hungary,2006-11-01,0.97285927208,97.8763289703
Hungary,2006-12-01,1.00070944093,105.9268132186
Hungary,2007-01-01,0.98452394327,104.69330398728
Hungary,2007-02-01,0.98576469459,105.40765151873
Hungary,2007-03-01,1.00418568511,104.46144870681
Hungary,2007-04-01,1.0286579444,115.91609822558
Hungary,2007-05-01,1.02019119198,119.72458436855
Hungary,2007-06-01,1.01190375873,124.1651940458
Hungary,2007-07-01,1.04638778567,138.79825559632
Hungary,2007-08-01,1.01858298946,124.25482826445
Hungary,2007-09-01,1.05505494598,127.49777010606
Hungary,2007-10-01,1.07899226346,134.19623159825
Hungary,2007-11-01,1.10694304291,127.69261979046
Hungary,2007-12-01,1.09907235233,127.9244547768
Hungary,2008-01-01,1.10841420688,119.58381600893
Hungary,2008-02-01,1.10676191582,113.43640023005
Hungary,2008-03-01,1.16865775286,111.84071837995
Hungary,2008-04-01,1.19910199882,117.25759249539
Hungary,2008-05-01,1.19600222207,122.77620745797
Hungary,2008-06-01,1.21692785183,116.42902179981
Hungary,2008-07-01,1.25524399378,120.85279056676
Hungary,2008-08-01,1.19342869987,112.35317369291
Hungary,2008-09-01,1.14356406771,98.08812635895
Hungary,2008-10-01,1.02323128604,65.49085919245
Hungary,2008-11-01,0.97615961107,50.56096288979
Hungary,2008-12-01,1.01501630833,53.82882246731
Hungary,2009-01-01,0.96671258891,48.99607360596
Hungary,2009-02-01,0.89904483089,40.77516926826
Hungary,2009-03-01,0.92224088252,37.94526433088
Hungary,2009-04-01,0.92383805058,47.12575763903
Hungary,2009-05-01,0.9605069987,60.67169426045
Hungary,2009-06-01,0.97220154096,66.00715829826
Hungary,2009-07-01,0.99112339447,69.49787911331
Hungary,2009-08-01,0.99459559636,82.94652168312
Hungary,2009-09-01,1.01007147992,90.38968219026
Hungary,2009-10-01,1.02627353708,97.35545463558
Hungary,2009-11-01,1.02794928724,97.31532646068
Hungary,2009-12-01,0.9923236608,94.71586998303
Hungary,2010-01-01,1.0,100.0
Hungary,2010-02-01,0.96996518734,90.3305252873
Hungary,2010-03-01,0.983301201,101.38418534429
Hungary,2010-04-01,0.96993532562,106.25245528092
Hungary,2010-05-01,0.90874253845,87.44666242691
Hungary,2010-06-01,0.89258205797,78.80747606554
Hungary,2010-07-01,0.93373475501,85.15931282569
Hungary,2010-08-01,0.94431814966,87.39202721561
Hungary,2010-09-01,0.95054606619,91.23279435819
Hungary,2010-10-01,1.01276898636,100.8218050114
Hungary,2010-11-01,0.99450200308,93.33787146521
Hungary,2010-12-01,0.97328404188,86.80390652424
Hungary,2011-01-01,0.9947554561,93.2574738706
Hungary,2011-02-01,1.02611394854,97.46383425004
Hungary,2011-03-01,1.05166370339,99.66338313607
Hungary,2011-04-01,1.09990672499,111.30405405368
Hungary,2011-05-01,1.0858567712,106.17470411582
Hungary,2011-06-01,1.09269560458,104.8521794554
Hungary,2011-07-01,1.08476061119,99.69886757938
Hungary,2011-08-01,1.08525763132,83.70099191873
Hungary,2011-09-01,1.02418103744,68.40895554141
Hungary,2011-10-01,1.02362243975,67.30019340598
Hungary,2011-11-01,0.98981845413,62.62523291367
Hungary,2011-12-01,0.98225455077,63.28813168798
Hungary,2012-01-01,0.961190539,63.87195482864
Hungary,2012-02-01,1.00212568714,74.74386997478
Hungary,2012-03-01,0.99622690399,72.90807209603
Hungary,2012-04-01,0.98977047003,67.78897344065
Hungary,2012-05-01,0.96755185546,62.64071308495
Hungary,2012-06-01,0.94614750729,62.05379992238
Hungary,2012-07-01,0.92311699639,63.10367822983
Hungary,2012-08-01,0.95213359903,66.72597012162
Hungary,2012-09-01,0.97703369285,71.32522024848
Hungary,2012-10-01,0.98249081789,74.43391590838
Hungary,2012-11-01,0.96993250262,71.26339256194
Hungary,2012-12-01,0.98610970443,69.97477945184
Hungary,2013-01-01,0.98707921573,73.74510852357
Hungary,2013-02-01,0.99474100172,73.6250510577
Hungary,2013-03-01,0.94845142241,67.1159778306
Hungary,2013-04-01,0.95912891986,67.03444823712
Hungary,2013-05-01,0.95773662442,70.97372481005
Hungary,2013-06-01,0.96172118611,72.36200004406
Hungary,2013-07-01,0.95856165198,71.25126374506
Hungary,2013-08-01,0.96931050863,69.44264801701
Hungary,2013-09-01,0.97095829442,69.72343109899
Hungary,2013-10-01,0.99222349959,73.35693011556
Hungary,2013-11-01,0.97157152674,72.22368995743
Hungary,2013-12-01,0.98565094841,71.77595396526
Hungary,2014-01-01,0.97700016941,72.91226579404
Hungary,2014-02-01,0.96876179742,67.93916528267
Hungary,2014-03-01,0.97590854574,63.97525722769
Hungary,2014-04-01,0.97790566032,68.0378216158
Hungary,2014-05-01,0.97051903305,71.10227668652
Hungary,2014-06-01,0.96071165747,71.5406845785
Hungary,2014-07-01,0.95095208739,67.21026163167
Hungary,2014-08-01,0.92354489168,63.47560174449
Hungary,2014-09-01,0.89796708338,64.31981548009
Hungary,2014-10-01,0.89118243643,61.52141790488
Hungary,2014-11-01,0.87515284037,60.15291643465
Hungary,2014-12-01,0.85351662046,57.47336354352
Hungary,2015-01-01,0.79578612436,51.06462491697
Hungary,2015-02-01,0.79421214361,56.28749789431
Hungary,2015-03-01,0.76006822341,57.36876917042
Hungary,2015-04-01,0.7694150301,66.3727992373
Hungary,2015-05-01,0.78193820168,69.51427548006
Hungary,2015-06-01,0.78406229379,67.0993625529
Hungary,2015-07-01,0.76905353071,66.53729591881
Hungary,2015-08-01,0.77192025942,67.22843309798
Hungary,2015-09-01,0.77327779053,64.39646861775
Hungary,2015-10-01,0.76908275848,66.52712723408
Hungary,2015-11-01,0.73028245906,66.60496718386
Hungary,2015-12-01,0.73725679403,69.36046172711
Hungary,2016-01-01,0.72730731374,69.47777397984
Hungary,2016-02-01,0.74560673297,70.58593153629
Hungary,2016-03-01,0.74358524822,77.24160338294
Hungary,2016-04-01,0.7571394592,82.64697859637
Hungary,2016-05-01,0.74916423392,81.05268905016
Hungary,2016-06-01,0.75412187571,80.89022709211
Hungary,2016-07-01,0.74021462776,81.60639987017
Hungary,2016-08-01,0.75461055949,84.93646927001
Hungary,2016-09-01,0.75629783946,86.99008206809
Hungary,2016-10-01,0.74786918467,88.40645762358
Hungary,2016-11-01,0.73175656116,89.04839198666
Hungary,2016-12-01,0.72607330297,89.47463559117
Hungary,2017-01-01,0.74456060312,95.91985746465
Hungary,2017-02-01,0.74175858157,97.46643456305
Hungary,2017-03-01,0.74239420901,95.41511581612
Hungary,2017-04-01,0.7401340446,95.61847184296
Hungary,2017-05-01,0.76572194531,103.03559752748
Hungary,2017-06-01,0.77454893399,110.02278452204
Hungary,2017-07-01,0.79416461789,114.00709255846
Hungary,2017-08-01,0.81121217267,122.54959485649
Hungary,2017-09-01,0.8152967966,124.27070605569
Hungary,2017-10-01,0.80764257875,125.19125103614
Hungary,2017-11-01,0.80825892933,126.57937567829
Hungary,2017-12-01,0.81604086045,123.68992872571
Hungary,2018-01-01,0.84840797575,134.81393515454
Hungary,2018-02-01,0.85408172998,130.87081755074
Hungary,2018-03-01,0.85398737738,127.14424642016
Hungary,2018-04-01,0.85045832084,127.91178715624
Hungary,2018-05-01,0.8186866311,116.55013782036
Hungary,2018-06-01,0.81380579333,110.79779354594
Hungary,2018-07-01,0.81385161741,108.80145482739
Hungary,2018-08-01,0.81057544767,111.19107695709
Hungary,2018-09-01,0.81753738083,111.37888877076
Hungary,2018-10-01,0.80801274081,111.02311739495
Hungary,2018-11-01,0.79845187757,116.96642146428
Hungary,2018-12-01,0.79350866986,119.31285932945
Hungary,2019-01-01,0.7991913509,123.88594970888
Hungary,2019-02-01,0.7925252689,122.90476743292
Hungary,2019-03-01,0.79182223815,125.48913620637
Hungary,2019-04-01,0.78137691603,126.52399543999
Hungary,2019-05-01,0.77220573876,118.99640165736
Hungary,2019-06-01,0.78190634917,121.33512515643
Hungary,2019-07-01,0.77298926679,120.1291986986
Hungary,2019-08-01,0.76770991884,115.71261060364
Hungary,2019-09-01,0.7517936342,113.83444244548
Hungary,2019-10-01,0.75667811009,115.6450651895
Hungary,2019-11-01,0.7553987785,122.71819710685
Hungary,2019-12-01,0.76363679532,128.40112741422
Hungary,2020-01-01,0.76182323637,126.05535782346
Hungary,2020-02-01,0.7400962829,121.6291479922
Hungary,2020-03-01,0.73602890221,96.16773776669
Hungary,2020-04-01,0.69944254448,85.6607788623
Hungary,2020-05-01,0.70792958945,92.82348871071
Hungary,2020-06-01,0.73744437051,102.4820864157
Hungary,2020-07-01,0.74577431235,98.23919566963
Hungary,2020-08-01,0.77690464621,103.39420305131
Hungary,2020-09-01,0.7610870529,94.18755190392
Hungary,2020-10-01,0.76524435306,91.92408805603
Hungary,2020-11-01,0.77388178932,104.07119187675
Hungary,2020-12-01,0.80011461335,117.67956195392
India,2005-01-01,0.70023223274,38.35015150518
India,2005-02-01,0.70701095489,40.15256149201
India,2005-03-01,0.73173512074,40.66265580655
India,2005-04-01,0.73152832155,38.79997367418
India,2005-05-01,0.72039017669,39.65363969672
India,2005-06-01,0.74394572169,42.34733576438
India,2005-07-01,0.75230095718,44.85770795316
India,2005-08-01,0.77363475033,47.10517121756
India,2005-09-01,0.77396976997,50.10748376467
India,2005-10-01,0.76404188571,48.78240348565
India,2005-11-01,0.75304410203,49.63092718999
India,2005-12-01,0.76296873722,53.4485296287
India,2006-01-01,0.80323081848,57.16606816081
India,2006-02-01,0.79630250046,60.5473372908
India,2006-03-01,0.80190520876,64.9026516788
India,2006-04-01,0.8377259575,69.35845245932
India,2006-05-01,0.84945250228,68.0369707767
India,2006-06-01,0.8374136001,57.25864091035
India,2006-07-01,0.85900035148,60.48585292346
India,2006-08-01,0.85627393993,64.72705738788
India,2006-09-01,0.81613352334,69.55019783992
India,2006-10-01,0.7987000823,73.99923852538
India,2006-11-01,0.80389372642,79.60254554284
India,2006-12-01,0.81480437717,81.25545975471
India,2007-01-01,0.81318275653,83.9622873568
India,2007-02-01,0.83242639398,85.19388058765
India,2007-03-01,0.84396293556,77.7603322435
India,2007-04-01,0.86510257813,85.15791730165
India,2007-05-01,0.86394012859,92.31167797286
India,2007-06-01,0.87500077366,93.48932020808
India,2007-07-01,0.89845485096,100.41220864875
India,2007-08-01,0.8858828389,96.30041419854
India,2007-09-01,0.91662526704,105.88550755964
India,2007-10-01,0.94586343631,124.58192645803
India,2007-11-01,0.9872765968,129.87482092276
India,2007-12-01,0.98185694673,133.70860252454
India,2008-01-01,1.0379839824,130.61163125775
India,2008-02-01,1.0708524489,118.63133892898
India,2008-03-01,1.10657509125,104.47741382218
India,2008-04-01,1.12897274334,108.19316903199
India,2008-05-01,1.18126000064,107.04966453118
India,2008-06-01,1.23052094812,93.12122242412
India,2008-07-01,1.25250197526,85.20395058419
India,2008-08-01,1.16764823947,91.08756738276
India,2008-09-01,1.10782492651,81.3453778181
India,2008-10-01,0.99081092567,57.74446679362
India,2008-11-01,0.90714552577,51.42972482427
India,2008-12-01,0.856671671,52.04829929114
India,2009-01-01,0.83760344253,50.90144518282
India,2009-02-01,0.83375789921,49.59448354149
India,2009-03-01,0.84069870156,46.50355850635
India,2009-04-01,0.84276201941,57.9166781518
India,2009-05-01,0.87575797214,71.67487365453
India,2009-06-01,0.91981025941,82.32382903447
India,2009-07-01,0.90016093639,80.38010548321
India,2009-08-01,0.92980220353,84.81787083411
India,2009-09-01,0.92274509038,89.78452147474
India,2009-10-01,0.95079693673,95.8705915202
India,2009-11-01,0.97573392821,95.33331909923
India,2009-12-01,0.96913056687,97.5412330887
India,2010-01-01,1.0,100.0
India,2010-02-01,0.98660063264,92.98141836014
India,2010-03-01,1.00747729513,101.21238889279
India,2010-04-01,1.03137897134,105.70951467277
India,2010-05-01,1.00630153208,97.76757747434
India,2010-06-01,1.00473301059,98.82318951955
India,2010-07-01,0.99883439054,101.37436619118
India,2010-08-01,1.00648555493,103.7680895179
India,2010-09-01,1.01765507367,112.04394771323
India,2010-10-01,1.04906472364,121.26636837336
India,2010-11-01,1.06782516162,119.07865904583
India,2010-12-01,1.09624742816,117.48700936126
India,2011-01-01,1.1553111805,113.021473755
India,2011-02-01,1.17673872072,105.60207276861
India,2011-03-01,1.22244624154,109.17213905567
India,2011-04-01,1.25998645679,116.59039985661
India,2011-05-01,1.22929019227,108.49726593099
India,2011-06-01,1.22291109494,108.14107850679
India,2011-07-01,1.2382231113,111.49943943975
India,2011-08-01,1.23038989568,99.16298246089
India,2011-09-01,1.231494267,93.1098277409
India,2011-10-01,1.21197188315,90.878296207
India,2011-11-01,1.23617111747,87.24485376468
India,2011-12-01,1.219463015,80.75523536445
India,2012-01-01,1.22659966221,85.13891490528
India,2012-02-01,1.2580394884,96.45192398982
India,2012-03-01,1.26766606011,91.90256790181
India,2012-04-01,1.24710090298,88.78384699795
India,2012-05-01,1.20260412541,80.11132691401
India,2012-06-01,1.15100287254,79.48896502973
India,2012-07-01,1.17302616603,82.60477478448
India,2012-08-01,1.20846531347,84.23962281135
India,2012-09-01,1.22638474385,88.60095662188
India,2012-10-01,1.21453809765,93.85383746035
India,2012-11-01,1.20427087258,90.67938809633
India,2012-12-01,1.20282516708,94.23743906774
India,2013-01-01,1.20770784104,97.47311317372
India,2013-02-01,1.21201665079,96.21265697621
India,2013-03-01,1.187237653,93.60553900297
India,2013-04-01,1.16143687451,92.05956863779
India,2013-05-01,1.15406961072,96.47204814864
India,2013-06-01,1.14449286874,87.23631925977
India,2013-07-01,1.15492370515,87.77182226498
India,2013-08-01,1.17349344574,78.80956184845
India,2013-09-01,1.17537059986,82.00937866055
India,2013-10-01,1.16099369294,88.56633630361
India,2013-11-01,1.1466307975,87.7967745291
India,2013-12-01,1.15182605158,90.21939098722
India,2014-01-01,1.14044963909,89.75222969539
India,2014-02-01,1.15436088426,87.76358903513
India,2014-03-01,1.153036835,95.23815300257
India,2014-04-01,1.15108181352,99.51999381054
India,2014-05-01,1.15265638217,106.53330332191
India,2014-06-01,1.15938898129,112.30877423963
India,2014-07-01,1.15013492658,113.93293389155
India,2014-08-01,1.12873617282,113.92320812645
India,2014-09-01,1.1051152034,117.60985253138
India,2014-10-01,1.0682059322,115.46206414318
India,2014-11-01,1.02821378158,121.2868284413
India,2014-12-01,0.97347490107,117.3107797417
India,2015-01-01,0.92657967894,120.67624347195
India,2015-02-01,0.94904326397,124.04573734236
India,2015-03-01,0.93598377119,121.52651271643
India,2015-04-01,0.95281284459,119.22624564824
India,2015-05-01,0.97198627123,114.40224974228
India,2015-06-01,0.96417218219,113.09836367455
India,2015-07-01,0.93189168519,117.09288320525
India,2015-08-01,0.89838550441,112.00803865681
India,2015-09-01,0.89951883144,103.3466093773
India,2015-10-01,0.90488255238,110.51190437988
India,2015-11-01,0.88152427952,104.64100318721
India,2015-12-01,0.8550982225,102.55767039673
India,2016-01-01,0.84089361365,97.99667247746
India,2016-02-01,,92.38163996172
India,2016-03-01,,98.56238848124
India,2016-04-01,,101.79987217278
India,2016-05-01,,102.12230634898
India,2016-06-01,,105.62829496001
India,2016-07-01,,109.76265786766
India,2016-08-01,,111.3486195184
India,2016-09-01,,113.61725806401
India,2016-10-01,,111.65285434447
India,2016-11-01,,105.18289991176
India,2016-12-01,,103.39840132819
India,2017-01-01,,106.18213671894
India,2017-02-01,,112.95597426537
India,2017-03-01,,118.34280218256
India,2017-04-01,,122.48553465325
India,2017-05-01,,125.51597052508
India,2017-06-01,,128.57026700075
India,2017-07-01,,131.61639176436
India,2017-08-01,,132.14649066435
India,2017-09-01,,131.60982543412
India,2017-10-01,,132.48446118944
India,2017-11-01,,136.99911151808
India,2017-12-01,,138.48498256187
India,2018-01-01,,146.08160306883
India,2018-02-01,,141.53022171611
India,2018-03-01,,136.28858843808
India,2018-04-01,,138.27471174146
India,2018-05-01,,138.20682885467
India,2018-06-01,,138.94442628746
India,2018-07-01,,140.89852739372
India,2018-08-01,,145.52549506899
India,2018-09-01,,137.7571474753
India,2018-10-01,,124.74766875597
India,2018-11-01,,130.78985585928
India,2018-12-01,,134.91244223328
India,2019-01-01,,135.51568377519
India,2019-02-01,,134.94148157849
India,2019-03-01,,144.05345101229
India,2019-04-01,,149.1034407211
India,2019-05-01,,146.95741155868
India,2019-06-01,,151.49669300175
India,2019-07-01,,149.52638587996
India,2019-08-01,,138.84742285562
India,2019-09-01,,140.03156729013
India,2019-10-01,,145.11525699661
India,2019-11-01,,150.84762022101
India,2019-12-01,,153.36545512697
India,2020-01-01,,154.30430205413
India,2020-02-01,,151.43992599468
India,2020-03-01,,115.36482248729
India,2020-04-01,,108.07616072157
India,2020-05-01,,109.99924700712
India,2020-06-01,,120.35327273156
India,2020-07-01,,131.28761533862
India,2020-08-01,,136.6164184261
India,2020-09-01,,138.9490737217
India,2020-10-01,,145.22962522975
India,2020-11-01,,153.95366937655
India,2020-12-01,,167.03420246136
Ireland,2005-01-01,0.89634136863,193.16160919064
Ireland,2005-02-01,0.92303603107,198.58879782125
Ireland,2005-03-01,0.95588871986,185.7094809154
Ireland,2005-04-01,0.91962228864,178.68919142644
Ireland,2005-05-01,0.90502084529,177.40163881406
Ireland,2005-06-01,0.85743715679,178.12960164935
Ireland,2005-07-01,0.8461128703,183.58797189344
Ireland,2005-08-01,0.85657685925,189.271735021
Ireland,2005-09-01,0.8708709986,189.09303665123
Ireland,2005-10-01,0.86100086812,183.22404037293
Ireland,2005-11-01,0.85744558147,183.4766659014
Ireland,2005-12-01,0.86028686412,194.85753579747
Ireland,2006-01-01,0.88908939035,208.28062299703
Ireland,2006-02-01,0.87784922755,211.30678872193
Ireland,2006-03-01,0.92028116208,218.79518206973
Ireland,2006-04-01,0.90732810047,222.64972891894
Ireland,2006-05-01,0.96138699509,226.19951360107
Ireland,2006-06-01,0.91767206258,212.64410969551
Ireland,2006-07-01,0.92640496659,217.14843636154
Ireland,2006-08-01,0.92704224581,227.70437821552
Ireland,2006-09-01,0.91114414985,236.21476998009
Ireland,2006-10-01,0.92584796464,244.28723491565
Ireland,2006-11-01,0.95332762735,257.86001798281
Ireland,2006-12-01,0.97710381009,274.87564250685
Ireland,2007-01-01,0.94671665845,278.27321629331
Ireland,2007-02-01,0.98737861497,291.86317219109
Ireland,2007-03-01,0.89106846968,283.92352651538
Ireland,2007-04-01,1.00935405731,296.15752037823
Ireland,2007-05-01,0.94369448444,301.18993218666
Ireland,2007-06-01,0.96269189241,291.87788460035
Ireland,2007-07-01,0.96160017612,284.38923494212
Ireland,2007-08-01,0.94227697218,262.26743386841
Ireland,2007-09-01,0.96912566447,254.23143869153
Ireland,2007-10-01,1.00178527705,261.97941618294
Ireland,2007-11-01,1.03643843313,235.46977937195
Ireland,2007-12-01,1.00790404487,234.43207068478
Ireland,2008-01-01,1.04768928424,225.35682611507
Ireland,2008-02-01,1.06925363987,222.40099426026
Ireland,2008-03-01,1.09275861361,218.45176030271
Ireland,2008-04-01,1.09639572287,225.0392006444
Ireland,2008-05-01,1.10662621083,224.82323103277
Ireland,2008-06-01,1.10747707208,198.37116286268
Ireland,2008-07-01,1.10836953951,171.26272748426
Ireland,2008-08-01,1.04761299922,150.96313233602
Ireland,2008-09-01,1.0844905471,135.31695580009
Ireland,2008-10-01,0.97932938999,91.35552049232
Ireland,2008-11-01,0.90001102386,77.3910500112
Ireland,2008-12-01,0.93983354139,76.40697768521
Ireland,2009-01-01,0.85463384349,74.02996901932
Ireland,2009-02-01,0.85152871661,66.12544951944
Ireland,2009-03-01,0.88919636794,62.01929979903
Ireland,2009-04-01,0.89211110028,72.41918943197
Ireland,2009-05-01,0.91116503325,83.78841334571
Ireland,2009-06-01,0.98103128983,90.50782203425
Ireland,2009-07-01,0.96721841301,87.31464593416
Ireland,2009-08-01,1.00288813282,96.0978765145
Ireland,2009-09-01,1.00754559219,108.59251253046
Ireland,2009-10-01,0.99881602493,108.99819644651
Ireland,2009-11-01,1.01839951734,99.44453849653
Ireland,2009-12-01,0.95140400813,98.32245623218
Ireland,2010-01-01,1.0,100.0
Ireland,2010-02-01,0.98932347492,91.90606630083
Ireland,2010-03-01,0.96641750869,95.46286025782
Ireland,2010-04-01,0.99084091724,102.85860247963
Ireland,2010-05-01,0.97143618178,87.11664898391
Ireland,2010-06-01,0.94743823694,84.58591751211
Ireland,2010-07-01,0.98952660397,84.77004070237
Ireland,2010-08-01,0.98038421836,83.52879631759
Ireland,2010-09-01,0.9803844028,82.22017598978
Ireland,2010-10-01,1.02588415785,86.04690332188
Ireland,2010-11-01,0.99300756269,84.48516023695
Ireland,2010-12-01,0.99876566906,85.82625529883
Ireland,2011-01-01,1.0124242428,88.61946127607
Ireland,2011-02-01,1.00514818223,92.57610192544
Ireland,2011-03-01,1.04091849639,91.91473988535
Ireland,2011-04-01,1.06150796337,97.84060960393
Ireland,2011-05-01,1.03580820575,97.25475985869
Ireland,2011-06-01,1.06061593275,96.01265268814
Ireland,2011-07-01,1.03575758198,95.15297862727
Ireland,2011-08-01,1.045403154,82.44132646062
Ireland,2011-09-01,0.98613617855,77.90925303536
Ireland,2011-10-01,1.00879872879,82.11393762764
Ireland,2011-11-01,0.98913276969,81.70429301141
Ireland,2011-12-01,0.97221701501,83.40787912179
Ireland,2012-01-01,0.8941860039,87.71240229619
Ireland,2012-02-01,0.93160582888,95.35859725564
Ireland,2012-03-01,0.93488396226,98.77186307334
Ireland,2012-04-01,0.93148159711,96.8096267845
Ireland,2012-05-01,0.94252697384,91.18929870308
Ireland,2012-06-01,0.92417777724,87.66345707401
Ireland,2012-07-01,0.85863414137,89.46016183339
Ireland,2012-08-01,0.87390431948,90.38223847351
Ireland,2012-09-01,0.92607144491,96.31634288463
Ireland,2012-10-01,0.95147122911,96.88225368902
Ireland,2012-11-01,0.91783082676,96.26729229603
Ireland,2012-12-01,0.9374774974,100.6193661562
Ireland,2013-01-01,0.91728713698,106.75970684581
Ireland,2013-02-01,0.92373476613,111.30050372268
Ireland,2013-03-01,0.88492488876,115.37880942884
Ireland,2013-04-01,0.90993921838,115.61846812771
Ireland,2013-05-01,0.88826072956,119.00705909186
Ireland,2013-06-01,0.9211457938,118.74241762749
Ireland,2013-07-01,0.90591261217,121.69223671642
Ireland,2013-08-01,0.91564803578,128.34104983651
Ireland,2013-09-01,0.92338036002,130.07088540895
Ireland,2013-10-01,0.92232915741,134.91562082074
Ireland,2013-11-01,0.92691712637,137.70557297807
Ireland,2013-12-01,0.94300413758,139.12981729987
Ireland,2014-01-01,0.98211643956,147.67915735088
Ireland,2014-02-01,0.99366528364,154.45072925767
Ireland,2014-03-01,0.97506097117,158.01979821151
Ireland,2014-04-01,0.95254625974,157.110709365
Ireland,2014-05-01,0.96247061106,152.56475236949
Ireland,2014-06-01,0.99062315605,151.51961164337
Ireland,2014-07-01,0.98199525204,146.49098061631
Ireland,2014-08-01,0.98650845153,142.22444273815
Ireland,2014-09-01,0.95545275657,143.79544061602
Ireland,2014-10-01,0.93408793846,134.42764333625
Ireland,2014-11-01,0.92353252021,139.70863109851
Ireland,2014-12-01,0.91369852647,145.59377951933
Ireland,2015-01-01,0.86905993341,141.27798588195
Ireland,2015-02-01,0.82620888588,148.90481352111
Ireland,2015-03-01,0.8166540468,150.14713117811
Ireland,2015-04-01,0.8478546154,153.99030537462
Ireland,2015-05-01,0.88611540228,158.5674230543
Ireland,2015-06-01,0.82299067913,160.12701815426
Ireland,2015-07-01,0.84003843203,160.20692512409
Ireland,2015-08-01,0.87212305233,164.767649453
Ireland,2015-09-01,0.8277390607,164.43548296273
Ireland,2015-10-01,0.79101447099,161.50817301967
Ireland,2015-11-01,0.77105640287,162.54491645273
Ireland,2015-12-01,0.76926793659,168.38149378547
Ireland,2016-01-01,0.70220592608,160.17956881873
Ireland,2016-02-01,0.75692597405,154.48597398438
Ireland,2016-03-01,0.74313359921,159.86514202267
Ireland,2016-04-01,0.78769223839,161.40673468389
Ireland,2016-05-01,0.79170799681,161.09925703284
Ireland,2016-06-01,0.80886124775,156.73969735208
Ireland,2016-07-01,0.79170994318,145.52865420829
Ireland,2016-08-01,0.77626630859,154.21409720207
Ireland,2016-09-01,0.77955042656,157.81206572633
Ireland,2016-10-01,0.78613911102,150.26502462371
Ireland,2016-11-01,0.75487894788,151.94570632854
Ireland,2016-12-01,0.7341771145,154.68078502094
Ireland,2017-01-01,0.7823054214,160.0725205888
Ireland,2017-02-01,0.77855401096,158.89101237569
Ireland,2017-03-01,0.77998877597,162.78949321892
Ireland,2017-04-01,0.78141962398,166.01890580119
Ireland,2017-05-01,0.77811206871,177.46922527226
Ireland,2017-06-01,0.78651840516,180.01964181192
Ireland,2017-07-01,0.81587002071,180.18408880559
Ireland,2017-08-01,0.8226500387,180.57680665561
Ireland,2017-09-01,0.85124746908,183.18276891306
Ireland,2017-10-01,0.80911101458,184.30096328632
Ireland,2017-11-01,0.83857744394,185.42931717537
Ireland,2017-12-01,0.8614147589,189.75086292815
Ireland,2018-01-01,0.87041517958,199.66748831041
Ireland,2018-02-01,0.88838795357,191.0683900787
Ireland,2018-03-01,0.87724204342,187.86365560436
Ireland,2018-04-01,0.92324824579,188.65641080059
Ireland,2018-05-01,0.82406244751,190.51611610649
Ireland,2018-06-01,0.85189201615,189.67576503027
Ireland,2018-07-01,0.91989481541,186.27263417729
Ireland,2018-08-01,0.86651420468,178.5464742304
Ireland,2018-09-01,0.91273468607,177.81705804064
Ireland,2018-10-01,0.86109145291,162.72700383396
Ireland,2018-11-01,0.84235012652,156.84178946077
Ireland,2018-12-01,0.85182090166,143.42761738702
Ireland,2019-01-01,0.81838800397,149.95953364262
Ireland,2019-02-01,0.81569119671,155.23421288627
Ireland,2019-03-01,0.802311,159.31301808586
Ireland,2019-04-01,0.79228632203,163.5653341425
Ireland,2019-05-01,0.79750985225,160.1856167406
Ireland,2019-06-01,0.81221393368,159.26579486538
Ireland,2019-07-01,0.80299918475,161.71480497589
Ireland,2019-08-01,0.79488512476,148.47496152276
Ireland,2019-09-01,0.79065849667,153.81622556926
Ireland,2019-10-01,0.79759232451,162.25298736626
Ireland,2019-11-01,0.80198503477,173.81618810605
Ireland,2019-12-01,0.80172393983,181.33369648392
Ireland,2020-01-01,0.78128385392,182.79567174216
Ireland,2020-02-01,0.73958336511,176.47014600006
Ireland,2020-03-01,0.76996311138,135.31371774501
Ireland,2020-04-01,0.7525928556,129.56641651632
Ireland,2020-05-01,0.75073688233,138.754052888
Ireland,2020-06-01,0.79322721612,156.82476040686
Ireland,2020-07-01,0.79435760764,161.61852625626
Ireland,2020-08-01,0.79153461045,173.033445916
Ireland,2020-09-01,0.82529313379,172.07269316944
Ireland,2020-10-01,0.78145056998,176.19961229717
Ireland,2020-11-01,0.7719176779,191.21962021011
Ireland,2020-12-01,0.78736459091,206.3998930115
Iceland,2005-01-01,0.88347568679,
Iceland,2005-02-01,0.88309849471,
Iceland,2005-03-01,0.87967437819,
Iceland,2005-04-01,0.86499216778,
Iceland,2005-05-01,0.86163257947,
Iceland,2005-06-01,0.86138444379,
Iceland,2005-07-01,0.86804548668,
Iceland,2005-08-01,0.87117196185,
Iceland,2005-09-01,0.8745615952,
Iceland,2005-10-01,0.88183612108,
Iceland,2005-11-01,0.88303577008,
Iceland,2005-12-01,0.88178227652,
Iceland,2006-01-01,0.86488450231,
Iceland,2006-02-01,0.86861807721,
Iceland,2006-03-01,0.87979186313,
Iceland,2006-04-01,0.90929180885,
Iceland,2006-05-01,0.92718155524,
Iceland,2006-06-01,0.94434705106,
Iceland,2006-07-01,0.97023122603,
Iceland,2006-08-01,0.97886602344,
Iceland,2006-09-01,0.979694373,
Iceland,2006-10-01,0.95153295303,
Iceland,2006-11-01,0.95263589815,
Iceland,2006-12-01,0.96181988667,
Iceland,2007-01-01,0.99224532904,
Iceland,2007-02-01,1.00772109654,
Iceland,2007-03-01,1.02140759962,
Iceland,2007-04-01,1.03710048873,
Iceland,2007-05-01,1.04436172512,
Iceland,2007-06-01,1.04698695923,
Iceland,2007-07-01,1.0241823956,
Iceland,2007-08-01,1.03313097176,
Iceland,2007-09-01,1.05303889226,
Iceland,2007-10-01,1.1081171122,
Iceland,2007-11-01,1.13178550501,
Iceland,2007-12-01,1.1482550258,
Iceland,2008-01-01,1.13997519103,
Iceland,2008-02-01,1.15520983044,
Iceland,2008-03-01,1.17640846051,
Iceland,2008-04-01,1.22297280351,
Iceland,2008-05-01,1.24154812314,
Iceland,2008-06-01,1.2515361417,
Iceland,2008-07-01,1.2696688489,
Iceland,2008-08-01,1.24993327302,
Iceland,2008-09-01,1.20906140379,
Iceland,2008-10-01,1.10904510741,
Iceland,2008-11-01,1.05440675181,
Iceland,2008-12-01,1.00713820321,
Iceland,2009-01-01,0.96427202933,112.92589580769
Iceland,2009-02-01,0.93396866892,119.3471720636
Iceland,2009-03-01,0.91326068969,87.22900581759
Iceland,2009-04-01,0.89991915413,77.95359142469
Iceland,2009-05-01,0.90007364044,83.58833617951
Iceland,2009-06-01,0.9114952111,88.41826265873
Iceland,2009-07-01,0.95609322866,89.84815366132
Iceland,2009-08-01,0.97361694608,92.93019000887
Iceland,2009-09-01,0.98597572592,99.25043449474
Iceland,2009-10-01,0.98848995768,99.49541166083
Iceland,2009-11-01,0.99402857024,98.98584342292
Iceland,2009-12-01,0.99791195308,97.5759196488
Iceland,2010-01-01,1.0,100.0
Iceland,2010-02-01,1.0006780031,99.76236329438
Iceland,2010-03-01,0.99980585616,110.19523026386
Iceland,2010-04-01,0.99123460996,116.69487668081
Iceland,2010-05-01,0.99187387486,108.51985042125
Iceland,2010-06-01,0.99557470163,107.34571304199
Iceland,2010-07-01,1.00032760708,113.57001043317
Iceland,2010-08-01,1.01165867001,120.18645876489
Iceland,2010-09-01,1.02755840722,124.7898876294
Iceland,2010-10-01,1.05085116485,129.44882730523
Iceland,2010-11-01,1.07376999101,127.17277258981
Iceland,2010-12-01,1.09913923184,123.66842556723
Iceland,2011-01-01,1.131283807,126.54878341627
Iceland,2011-02-01,1.15831018743,129.98571524146
Iceland,2011-03-01,1.1845432928,132.09375220239
Iceland,2011-04-01,1.2197300867,134.11737462765
Iceland,2011-05-01,1.23706641922,132.76539131828
Iceland,2011-06-01,1.24629925397,129.4233089939
Iceland,2011-07-01,1.24495518915,129.6301242907
Iceland,2011-08-01,1.2398360797,126.69194527431
Iceland,2011-09-01,1.22846852383,117.44783667277
Iceland,2011-10-01,1.19473451199,115.99988382918
Iceland,2011-11-01,1.18295857041,117.16010621049
Iceland,2011-12-01,1.17702268955,115.17370419654
Iceland,2012-01-01,1.1859470355,116.94650511819
Iceland,2012-02-01,1.18492615154,119.40837052541
Iceland,2012-03-01,1.18298020375,122.38997607081
Iceland,2012-04-01,1.18184821733,126.97110461657
Iceland,2012-05-01,1.17674787298,129.30966848019
Iceland,2012-06-01,1.16941819588,126.97037144805
Iceland,2012-07-01,1.14789975787,127.4126859155
Iceland,2012-08-01,1.14508098644,127.73936794687
Iceland,2012-09-01,1.1490024534,124.30614973428
Iceland,2012-10-01,1.17066356936,122.1405677974
Iceland,2012-11-01,1.17981595518,118.44334905096
Iceland,2012-12-01,1.18745902146,123.18376554219
Iceland,2013-01-01,1.19863173682,135.2202546777
Iceland,2013-02-01,1.19947693753,144.67021905202
Iceland,2013-03-01,1.19503359224,149.41287296683
Iceland,2013-04-01,1.17316722704,153.10577121449
Iceland,2013-05-01,1.16724764513,145.89087199951
Iceland,2013-06-01,1.16514037261,141.45995223102
Iceland,2013-07-01,1.17032725654,144.92911251404
Iceland,2013-08-01,1.17323321754,152.67036118857
Iceland,2013-09-01,1.17734010266,144.53546498088
Iceland,2013-10-01,1.18426269227,145.74090655118
Iceland,2013-11-01,1.18956034033,148.54040462823
Iceland,2013-12-01,1.19484782722,162.41030542918
Iceland,2014-01-01,1.20235672221,170.38821358945
Iceland,2014-02-01,1.2059502098,166.97468175648
Iceland,2014-03-01,1.20785985927,160.77698096207
Iceland,2014-04-01,1.21102740523,160.95502753725
Iceland,2014-05-01,1.20736307747,157.30095130756
Iceland,2014-06-01,1.19980861062,155.56292312664
Iceland,2014-07-01,1.18460223986,150.29215026137
Iceland,2014-08-01,1.17208881845,150.97237295231
Iceland,2014-09-01,1.15850658157,147.69568284273
Iceland,2014-10-01,1.15424470181,148.28954362489
Iceland,2014-11-01,1.13073295455,151.23677329729
Iceland,2014-12-01,1.09836051238,160.3595948278
Iceland,2015-01-01,1.02561943892,159.46558888526
Iceland,2015-02-01,0.99915655921,159.46859480914
Iceland,2015-03-01,0.98746393687,153.41176937211
Iceland,2015-04-01,1.01584933141,152.92009166947
Iceland,2015-05-01,1.01471640418,162.62311371998
Iceland,2015-06-01,1.00937291468,168.28957414421
Iceland,2015-07-01,0.99650491105,171.77626216954
Iceland,2015-08-01,0.98522576092,182.20144509694
Iceland,2015-09-01,0.97222151241,196.79554769399
Iceland,2015-10-01,0.95407627622,213.09020788242
Iceland,2015-11-01,0.94018374796,211.91768522264
Iceland,2015-12-01,0.92712803833,218.25169201499
Iceland,2016-01-01,0.90503620588,213.76166220615
Iceland,2016-02-01,0.90105883957,216.38587919637
Iceland,2016-03-01,0.90532299795,227.95704059045
Iceland,2016-04-01,0.93369231295,234.53162063388
Iceland,2016-05-01,0.94254179679,227.04087547331
Iceland,2016-06-01,0.94773508139,222.08302584839
Iceland,2016-07-01,0.9474207604,224.01138330543
Iceland,2016-08-01,0.94669020127,222.32685620557
Iceland,2016-09-01,0.94369199765,231.69790118096
Iceland,2016-10-01,0.92548383218,231.90655039743
Iceland,2016-11-01,0.92765707762,231.55523904955
Iceland,2016-12-01,0.9372694166,232.69255352374
Iceland,2017-01-01,0.96809075927,229.24435716371
Iceland,2017-02-01,0.98225385272,234.97245338954
Iceland,2017-03-01,0.99352860709,241.62778372144
Iceland,2017-04-01,0.99893287439,245.71915974393
Iceland,2017-05-01,1.00666756161,279.25151046172
Iceland,2017-06-01,1.01375052075,273.4609915122
Iceland,2017-07-01,1.01111713205,259.11934158868
Iceland,2017-08-01,1.02369509988,254.39689125345
Iceland,2017-09-01,1.04241980446,238.15589651993
Iceland,2017-10-01,1.07674858703,246.95568133342
Iceland,2017-11-01,1.1006737592,247.3767680848
Iceland,2017-12-01,1.12365266219,238.03133312325
Iceland,2018-01-01,1.15415309543,258.13191783656
Iceland,2018-02-01,1.16888861054,267.16265121757
Iceland,2018-03-01,1.17632700691,273.04605480434
Iceland,2018-04-01,1.16562369629,273.46051410087
Iceland,2018-05-01,1.16660129642,257.36347022833
Iceland,2018-06-01,1.16841521903,248.7426663789
Iceland,2018-07-01,1.17462214428,237.40179507789
Iceland,2018-08-01,1.17544120174,228.98592771739
Iceland,2018-09-01,1.17442907155,223.1097477847
Iceland,2018-10-01,1.17498276951,211.1507152393
Iceland,2018-11-01,1.16776050222,205.84424381659
Iceland,2018-12-01,1.15615928548,205.01055375106
Iceland,2019-01-01,1.12847464706,210.31325950926
Iceland,2019-02-01,1.11689388554,224.69657367129
Iceland,2019-03-01,1.10971252871,239.88962363013
Iceland,2019-04-01,1.11656709456,246.86727518978
Iceland,2019-05-01,1.11095715861,262.67364934212
Iceland,2019-06-01,1.10251923887,254.06994233434
Iceland,2019-07-01,1.08447013482,254.99723675071
Iceland,2019-08-01,1.07546364785,251.2851242972
Iceland,2019-09-01,1.06871657746,243.72351692752
Iceland,2019-10-01,1.0632820349,236.21024460984
Iceland,2019-11-01,1.06176396421,255.15326690686
Iceland,2019-12-01,1.06321547665,267.63854140785
Iceland,2020-01-01,1.08481352611,262.70479987689
Iceland,2020-02-01,1.07932148939,251.7941775023
Iceland,2020-03-01,1.0639163204,199.05954122299
Iceland,2020-04-01,1.0057375087,193.75433774679
Iceland,2020-05-01,0.99515145795,206.38236663985
Iceland,2020-06-01,0.99929765774,231.26300139359
Iceland,2020-07-01,1.03940300767,229.81031625841
Iceland,2020-08-01,1.05709353382,234.87171911667
Iceland,2020-09-01,1.07359613581,236.37622775593
Iceland,2020-10-01,1.08527321265,241.64159797105
Iceland,2020-11-01,1.10212816702,259.01651415682
Iceland,2020-12-01,1.12052339796,292.98281298329
Israel,2005-01-01,0.85814381239,50.73637015509
Israel,2005-02-01,0.8636939874,52.15124859607
Israel,2005-03-01,0.86613171311,53.41785221263
Israel,2005-04-01,0.8613443125,52.7364279525
Israel,2005-05-01,0.86064164743,54.20644140514
Israel,2005-06-01,0.85991104085,51.92495079079
Israel,2005-07-01,0.86497678505,50.86542382458
Israel,2005-08-01,0.85982207625,53.84070809664
Israel,2005-09-01,0.85027120674,55.58819422969
Israel,2005-10-01,0.82230081012,56.05063240311
Israel,2005-11-01,0.81447514397,56.22583506973
Israel,2005-12-01,0.8127708419,60.40980486484
Israel,2006-01-01,0.8168374414,62.90606594633
Israel,2006-02-01,0.82763871438,60.00445303219
Israel,2006-03-01,0.84482419833,61.83116471601
Israel,2006-04-01,0.88024784143,65.01039438578
Israel,2006-05-01,0.90131128617,68.41221606291
Israel,2006-06-01,0.91986848074,63.36496055124
Israel,2006-07-01,0.93902762412,62.32679212895
Israel,2006-08-01,0.9502411691,64.14885392232
Israel,2006-09-01,0.95661731466,64.63629703374
Israel,2006-10-01,0.94863545593,70.94460131821
Israel,2006-11-01,0.95247725632,73.7622275385
Israel,2006-12-01,0.95862211097,76.49930557307
Israel,2007-01-01,0.98893796035,76.48647069936
Israel,2007-02-01,0.98328796811,80.05604935082
Israel,2007-03-01,0.96354007475,78.8754149505
Israel,2007-04-01,0.89544970662,87.58810745717
Israel,2007-05-01,0.87318944121,93.9599120773
Israel,2007-06-01,0.8625147049,90.65986140878
Israel,2007-07-01,0.86382160356,91.13963144232
Israel,2007-08-01,0.87602084604,84.85215702313
Israel,2007-09-01,0.89950853821,87.87399604891
Israel,2007-10-01,0.94384792026,98.43052455253
Israel,2007-11-01,0.98274008169,100.09020765909
Israel,2007-12-01,1.02574826269,101.15288198413
Israel,2008-01-01,1.07588685504,97.7062195141
Israel,2008-02-01,1.12486628132,96.65721461595
Israel,2008-03-01,1.17570093332,93.11533230104
Israel,2008-04-01,1.25822569943,96.71588520707
Israel,2008-05-01,1.29039463657,103.40394517693
Israel,2008-06-01,1.30204263314,104.23366994953
Israel,2008-07-01,1.30214114254,94.40363058535
Israel,2008-08-01,1.26601866791,89.53123828256
Israel,2008-09-01,1.20264666266,81.77113576764
Israel,2008-10-01,1.05837250384,62.87520831569
Israel,2008-11-01,0.98074090455,54.46915884388
Israel,2008-12-01,0.91609924185,51.53462453715
Israel,2009-01-01,0.85676455475,52.22202925015
Israel,2009-02-01,0.82386498595,51.32789200469
Israel,2009-03-01,0.80971757447,50.52058255593
Israel,2009-04-01,0.82696953267,57.6919965912
Israel,2009-05-01,0.84084102656,64.79749015733
Israel,2009-06-01,0.8639792685,69.53105829517
Israel,2009-07-01,0.916306648,72.28918608454
Israel,2009-08-01,0.9430365939,80.11807190663
Israel,2009-09-01,0.96409149573,82.36987490205
Israel,2009-10-01,0.97684563305,88.73240963462
Israel,2009-11-01,0.98851973704,89.33055928903
Israel,2009-12-01,0.99648808727,94.20389560104
Israel,2010-01-01,1.0,100.0
Israel,2010-02-01,1.00111985553,98.9642685935
Israel,2010-03-01,0.99909697011,104.40808175857
Israel,2010-04-01,0.98613818739,105.06477102375
Israel,2010-05-01,0.98367468734,95.30753682489
Israel,2010-06-01,0.98391331359,90.59718569056
Israel,2010-07-01,0.97738138135,90.76630532871
Israel,2010-08-01,0.99012877383,95.48664421759
Israel,2010-09-01,1.01268280623,100.50759718301
Israel,2010-10-01,1.06297861951,109.24105206453
Israel,2010-11-01,1.09169457601,109.10034461397
Israel,2010-12-01,1.1167658167,114.14823467072
Israel,2011-01-01,1.12379360815,118.41306092745
Israel,2011-02-01,1.15237446729,113.65832006501
Israel,2011-03-01,1.18810966069,112.78850431548
Israel,2011-04-01,1.26482671426,120.77570090732
Israel,2011-05-01,1.28949993176,114.26908291404
Israel,2011-06-01,1.29595683908,110.82525543074
Israel,2011-07-01,1.26621071985,113.90435926058
Israel,2011-08-01,1.24972504414,97.01309196605
Israel,2011-09-01,1.22851309556,88.28755074723
Israel,2011-10-01,1.19000604734,92.77338379282
Israel,2011-11-01,1.16876817309,90.38291432567
Israel,2011-12-01,1.15223064603,89.39169138171
Israel,2012-01-01,1.14512420003,91.44095120925
Israel,2012-02-01,1.13443931697,92.18829658714
Israel,2012-03-01,1.12490673073,92.52776336606
Israel,2012-04-01,1.12427969159,96.05490757515
Israel,2012-05-01,1.11123676123,90.19966972525
Israel,2012-06-01,1.09353118995,86.44936200939
Israel,2012-07-01,1.04742515556,84.13060793681
Israel,2012-08-01,1.03819766907,84.25993013057
Israel,2012-09-01,1.04211090831,87.41874892324
Israel,2012-10-01,1.07677773508,95.50393076616
Israel,2012-11-01,1.09376277939,94.22249067166
Israel,2012-12-01,1.11067890304,97.30443181908
Israel,2013-01-01,1.13568489925,97.94309786579
Israel,2013-02-01,1.14634408672,100.58865257318
Israel,2013-03-01,1.15081525863,102.25811167595
Israel,2013-04-01,1.13789467888,102.88795148012
Israel,2013-05-01,1.13839262179,103.07225887512
Israel,2013-06-01,1.14110535124,103.25027678095
Israel,2013-07-01,1.14633271142,104.15894022695
Israel,2013-08-01,1.1532501308,104.64136469433
Israel,2013-09-01,1.16215745359,106.40694334616
Israel,2013-10-01,1.17894735941,112.68098219682
Israel,2013-11-01,1.18741497926,116.00412066328
Israel,2013-12-01,1.19345299278,117.98218979479
Israel,2014-01-01,1.19367995118,119.58443756441
Israel,2014-02-01,1.19739483862,118.6492220543
Israel,2014-03-01,1.20121620631,125.34785404035
Israel,2014-04-01,1.21239912041,125.81847668031
Israel,2014-05-01,1.21099214901,123.55333516334
Israel,2014-06-01,1.20425035827,125.00241378005
Israel,2014-07-01,1.20276705488,125.08271967395
Israel,2014-08-01,1.1774106454,121.27183764565
Israel,2014-09-01,1.13877443653,121.70851757726
Israel,2014-10-01,1.06256388392,118.49181828999
Israel,2014-11-01,1.01558898456,115.65100214568
Israel,2014-12-01,0.97355519408,113.50225040225
Israel,2015-01-01,0.92361101596,111.23193117558
Israel,2015-02-01,0.90109806567,114.31836997196
Israel,2015-03-01,0.89316484666,119.0455107085
Israel,2015-04-01,0.92304396796,126.67543790702
Israel,2015-05-01,0.92684575478,128.32137577415
Israel,2015-06-01,0.92780281614,130.40802929387
Israel,2015-07-01,0.92651002045,131.22667868537
Israel,2015-08-01,0.92133147957,130.27837355509
Israel,2015-09-01,0.91286206192,120.71031951345
Israel,2015-10-01,0.89722812332,118.58708962386
Israel,2015-11-01,0.88508218525,119.38978308383
Israel,2015-12-01,0.87255060355,116.24056469372
Israel,2016-01-01,0.84738461719,110.01230159731
Israel,2016-02-01,0.84326831896,107.47383650194
Israel,2016-03-01,0.84795294786,111.93228753782
Israel,2016-04-01,0.87742583896,114.91084416615
Israel,2016-05-01,0.88772182078,110.1518480364
Israel,2016-06-01,0.89482822841,109.62136351849
Israel,2016-07-01,0.89714523557,111.55603290811
Israel,2016-08-01,0.89907236452,115.65597818643
Israel,2016-09-01,0.899009789,115.30601022594
Israel,2016-10-01,0.88675389374,112.10407425516
Israel,2016-11-01,0.8903646207,111.06384600082
Israel,2016-12-01,0.89963835462,113.89768544789
Israel,2017-01-01,0.92222747843,113.29304615919
Israel,2017-02-01,0.93708793907,116.77684939276
Israel,2017-03-01,0.95187211947,119.09324458636
Israel,2017-04-01,0.9695250292,118.06792775559
Israel,2017-05-01,0.98194789195,123.05595140321
Israel,2017-06-01,0.99208571728,125.30259071445
Israel,2017-07-01,0.99021445108,125.55466810131
Israel,2017-08-01,1.00307524218,120.00208069397
Israel,2017-09-01,1.02094403645,124.02499762521
Israel,2017-10-01,1.05720760743,127.95653880409
Israel,2017-11-01,1.0750523279,127.0177789584
Israel,2017-12-01,1.0878649714,130.68285731386
Israel,2018-01-01,1.09652207033,139.23411591273
Israel,2018-02-01,1.09861316058,133.10182704024
Israel,2018-03-01,1.09501477456,132.23965365438
Israel,2018-04-01,1.07611460071,127.60993653703
Israel,2018-05-01,1.06834649579,128.72919444742
Israel,2018-06-01,1.06209814824,131.05716369305
Israel,2018-07-01,1.06344609307,129.89418170934
Israel,2018-08-01,1.05567985904,134.753317496
Israel,2018-09-01,1.04487598114,141.59055713936
Israel,2018-10-01,1.02088918664,136.05558769109
Israel,2018-11-01,1.01161897555,135.79745666422
Israel,2018-12-01,1.00692007513,127.64481338814
Israel,2019-01-01,1.00980108627,127.0154253035
Israel,2019-02-01,1.01198835654,134.38919633616
Israel,2019-03-01,1.01649048681,134.24027738588
Israel,2019-04-01,1.03075178591,138.86319817295
Israel,2019-05-01,1.0343004046,137.67541256073
Israel,2019-06-01,1.03458065169,137.64393527055
Israel,2019-07-01,1.02379262768,143.66568290524
Israel,2019-08-01,1.0233860562,145.13934796944
Israel,2019-09-01,1.02556103776,146.03536576647
Israel,2019-10-01,1.03688636631,151.57531834296
Israel,2019-11-01,1.03929785846,156.50356006075
Israel,2019-12-01,1.03936430816,158.76110028617
Israel,2020-01-01,1.04220365071,162.24542762747
Israel,2020-02-01,1.03374156407,163.49454678015
Israel,2020-03-01,1.01909598354,121.39979449036
Israel,2020-04-01,0.97242652698,126.32859654359
Israel,2020-05-01,0.96479424524,136.41555495204
Israel,2020-06-01,0.97035875619,137.75311111633
Israel,2020-07-01,1.0080703515,136.8990882095
Israel,2020-08-01,1.02581572909,143.77277012511
Israel,2020-09-01,1.04254518062,135.8875058611
Israel,2020-10-01,1.05457740655,140.43231587718
Israel,2020-11-01,1.07203598065,149.47653875172
Israel,2020-12-01,1.09123960336,160.76031961159
Italy,2005-01-01,0.75957557091,123.35722201378
Italy,2005-02-01,0.76049045426,125.76338363841
Italy,2005-03-01,0.7802463535,127.76710962252
Italy,2005-04-01,0.77560976431,124.89105919642
Italy,2005-05-01,0.75507734109,120.80924040681
Italy,2005-06-01,0.73332713239,118.8818474074
Italy,2005-07-01,0.75061314016,121.03956855638
Italy,2005-08-01,0.78689308682,125.03935273808
Italy,2005-09-01,0.76871015535,127.24060825649
Italy,2005-10-01,0.76003183598,120.85778970564
Italy,2005-11-01,0.74901788728,120.65579914646
Italy,2005-12-01,0.76339573516,126.60131474835
Italy,2006-01-01,0.79169617603,133.04818037771
Italy,2006-02-01,0.78579220531,134.6780794599
Italy,2006-03-01,0.79649612526,138.44821128406
Italy,2006-04-01,0.8246614156,141.81386375571
Italy,2006-05-01,0.86448400241,143.90241547758
Italy,2006-06-01,0.84631267292,136.87194968173
Italy,2006-07-01,0.86841903123,138.97389800067
Italy,2006-08-01,0.88835861268,144.26549850459
Italy,2006-09-01,0.85986798287,146.57992596376
Italy,2006-10-01,0.84646629411,150.02106704077
Italy,2006-11-01,0.86559822436,157.79856558763
Italy,2006-12-01,0.88629477351,163.79214811115
Italy,2007-01-01,0.87173450265,165.25226030989
Italy,2007-02-01,0.87675531581,168.63373985532
Italy,2007-03-01,0.8917203904,163.53285996203
Italy,2007-04-01,0.925573294,176.69682310929
Italy,2007-05-01,0.92312215706,178.1618655898
Italy,2007-06-01,0.92900267505,171.82510717283
Italy,2007-07-01,0.95942214628,172.64906863761
Italy,2007-08-01,0.95335448395,162.92420114181
Italy,2007-09-01,0.97533800847,166.67439151476
Italy,2007-10-01,0.99528994347,173.76775716079
Italy,2007-11-01,1.04160969773,170.95072741019
Italy,2007-12-01,1.03367197461,170.99652266622
Italy,2008-01-01,1.06980897514,160.20689882142
Italy,2008-02-01,1.07745665265,151.40026821085
Italy,2008-03-01,1.14482476425,150.00658966027
Italy,2008-04-01,1.15589368808,159.59996076416
Italy,2008-05-01,1.16204482988,158.54023213487
Italy,2008-06-01,1.19259878935,145.4393361479
Italy,2008-07-01,1.25374927278,135.19545566359
Italy,2008-08-01,1.19947535924,129.38562026777
Italy,2008-09-01,1.12047828858,119.6102229299
Italy,2008-10-01,1.01106376945,88.68140063389
Italy,2008-11-01,0.94298413794,79.47349433026
Italy,2008-12-01,0.97260571189,78.29322755257
Italy,2009-01-01,0.93492720751,75.79908740273
Italy,2009-02-01,0.87692565265,65.90078509069
Italy,2009-03-01,0.89781049387,57.85632747519
Italy,2009-04-01,0.89931240022,71.0184786166
Italy,2009-05-01,0.90803939888,82.91177584268
Italy,2009-06-01,0.95204439341,83.28440340967
Italy,2009-07-01,0.94800124147,82.4124579864
Italy,2009-08-01,0.95894631228,93.5595668198
Italy,2009-09-01,0.98818458019,101.13641166214
Italy,2009-10-01,0.99263583533,105.45653994371
Italy,2009-11-01,0.99995739154,102.86026673495
Italy,2009-12-01,0.9745143411,100.57603712806
Italy,2010-01-01,1.0,100.0
Italy,2010-02-01,0.96856127904,88.61326779577
Italy,2010-03-01,0.9825120586,92.54146195054
Italy,2010-04-01,1.00270246633,92.7300978884
Italy,2010-05-01,0.94583911934,75.59427538087
Italy,2010-06-01,0.93127980774,73.1263121746
Italy,2010-07-01,0.9784269663,78.72926149067
Italy,2010-08-01,0.99165222828,80.09809925044
Italy,2010-09-01,0.99292172765,81.75495684296
Italy,2010-10-01,1.05912710703,88.61531336536
Italy,2010-11-01,1.04204470374,85.37563937299
Italy,2010-12-01,1.02351067928,81.55978400081
Italy,2011-01-01,1.08219401781,86.46100046997
Italy,2011-02-01,1.10808964131,93.41016585679
Italy,2011-03-01,1.16276693666,92.73326656395
Italy,2011-04-01,1.20708890156,96.34071070963
Italy,2011-05-01,1.18800856561,93.16861824167
Italy,2011-06-01,1.1954869399,87.60752398178
Italy,2011-07-01,1.180973338,82.47989022414
Italy,2011-08-01,1.20401971224,67.62044741163
Italy,2011-09-01,1.14588057289,59.92325290548
Italy,2011-10-01,1.14156084318,66.0486205039
Italy,2011-11-01,1.13697461737,61.65359651
Italy,2011-12-01,1.11126245123,59.99151739127
Italy,2012-01-01,1.10967765949,60.20809653089
Italy,2012-02-01,1.15249191543,65.98014097015
Italy,2012-03-01,1.15571030682,66.52123296685
Italy,2012-04-01,1.14209997854,58.7048373715
Italy,2012-05-01,1.09885095341,52.11046168251
Italy,2012-06-01,1.0735673296,50.51503128797
Italy,2012-07-01,1.04379818589,50.72395199793
Italy,2012-08-01,1.09670367055,55.29335601444
Italy,2012-09-01,1.13813403052,61.88632148357
Italy,2012-10-01,1.12622786074,61.51633401118
Italy,2012-11-01,1.10244444218,60.0120425984
Italy,2012-12-01,1.13242477512,63.49384429452
Italy,2013-01-01,1.14536921681,70.20330994253
Italy,2013-02-01,1.14846442155,66.39569506301
Italy,2013-03-01,1.11373632492,62.18705109017
Italy,2013-04-01,1.11650518938,62.67030713712
Italy,2013-05-01,1.10520427467,67.7145997894
Italy,2013-06-01,1.11365071106,64.1708264454
Italy,2013-07-01,1.10569458984,63.10672667277
Italy,2013-08-01,1.1364628939,68.70210529746
Italy,2013-09-01,1.13671058357,70.94697541181
Italy,2013-10-01,1.15173849341,77.83066242396
Italy,2013-11-01,1.12919777993,77.4490506171
Italy,2013-12-01,1.14848673364,75.99301654897
Italy,2014-01-01,1.13748359711,80.71575380589
Italy,2014-02-01,1.14686088174,82.98694289462
Italy,2014-03-01,1.1565229252,87.26140922017
Italy,2014-04-01,1.13348839982,90.6146968346
Italy,2014-05-01,1.13578072109,87.97983779982
Italy,2014-06-01,1.12482174075,90.20118755544
Italy,2014-07-01,1.12497184448,85.95397780082
Italy,2014-08-01,1.08940743852,80.19463653078
Italy,2014-09-01,1.06125276538,81.55549965282
Italy,2014-10-01,1.03676420281,74.26659710186
Italy,2014-11-01,1.01593675344,73.33867034367
Italy,2014-12-01,0.98647016803,71.81106159025
Italy,2015-01-01,0.93081855433,68.08792738821
Italy,2015-02-01,0.90124155023,73.2802768066
Italy,2015-03-01,0.87551692635,74.61442351659
Italy,2015-04-01,0.88047765289,76.86666462194
Italy,2015-05-01,0.91080332361,78.89385762541
Italy,2015-06-01,0.91274369566,78.26127907992
Italy,2015-07-01,0.88220612125,76.64349883378
Italy,2015-08-01,0.87535375204,77.3228348577
Italy,2015-09-01,0.87946794382,73.52983728994
Italy,2015-10-01,0.87502368452,75.42297616291
Italy,2015-11-01,0.83194340708,72.37472252739
Italy,2015-12-01,0.83277543341,70.99209179243
Italy,2016-01-01,0.82231612861,63.67540538697
Italy,2016-02-01,0.83130391666,57.50748862789
Italy,2016-03-01,0.84228206705,62.08228315066
Italy,2016-04-01,0.84572222306,62.17093180818
Italy,2016-05-01,0.84460807813,61.16619368273
Italy,2016-06-01,0.85041449662,57.72910563483
Italy,2016-07-01,0.83758636949,55.11698179538
Italy,2016-08-01,0.85126189474,56.52989385999
Italy,2016-09-01,0.85745990922,56.56417126835
Italy,2016-10-01,0.84303970497,56.09676195423
Italy,2016-11-01,0.82408620693,54.00998472792
Italy,2016-12-01,0.8300432067,59.34107591883
Italy,2017-01-01,0.86833163262,62.42014042526
Italy,2017-02-01,0.86944237403,60.98036908517
Italy,2017-03-01,0.87706157361,64.33910824452
Italy,2017-04-01,0.87956709907,65.67637778756
Italy,2017-05-01,0.89935205711,71.24932963071
Italy,2017-06-01,0.90334105408,71.19202171151
Italy,2017-07-01,0.92438317311,74.47584747422
Italy,2017-08-01,0.9516900203,77.76553557733
Italy,2017-09-01,0.95253990192,80.14135957451
Italy,2017-10-01,0.95275738095,80.16476673538
Italy,2017-11-01,0.96916000174,80.01909758435
Italy,2017-12-01,0.98481493365,80.02811250246
Italy,2018-01-01,1.02006903272,86.61963807763
Italy,2018-02-01,1.0241950594,84.66261176029
Italy,2018-03-01,1.01915351058,84.01045050379
Italy,2018-04-01,1.02000949955,87.13956741426
Italy,2018-05-01,0.99827997644,83.71520825664
Italy,2018-06-01,1.00238140307,77.30048981431
Italy,2018-07-01,1.01939006139,77.33646413493
Italy,2018-08-01,1.0068677065,73.45146402511
Italy,2018-09-01,1.01444748223,74.26117372614
Italy,2018-10-01,0.99882522034,67.83907216837
Italy,2018-11-01,1.00148969524,65.68171880169
Italy,2018-12-01,0.97919636617,64.67916456191
Italy,2019-01-01,0.98186464795,66.78845772002
Italy,2019-02-01,0.9755899205,68.86636439207
Italy,2019-03-01,0.97165709838,71.78811971504
Italy,2019-04-01,0.97361366024,74.0714817959
Italy,2019-05-01,0.9698026923,70.29276259426
Italy,2019-06-01,0.96604912552,71.05618749532
Italy,2019-07-01,0.95549837656,74.32025287209
Italy,2019-08-01,0.93368057452,69.91026842086
Italy,2019-09-01,0.93167927452,73.01203079461
Italy,2019-10-01,0.94036014933,74.13467495783
Italy,2019-11-01,0.9406902294,78.40811736642
Italy,2019-12-01,0.95944662229,78.61852332677
Italy,2020-01-01,0.95961302768,80.17999101622
Italy,2020-02-01,0.92151112905,80.09118180953
Italy,2020-03-01,0.91365418204,59.11656817137
Italy,2020-04-01,0.85985788928,56.34920769899
Italy,2020-05-01,0.84760408422,57.42940845666
Italy,2020-06-01,0.89086112924,66.19995653736
Italy,2020-07-01,0.92835929088,69.36433708583
Italy,2020-08-01,0.94304871961,71.21482939832
Italy,2020-09-01,0.9449964597,69.36915907464
Italy,2020-10-01,0.94394834833,68.1544195086
Italy,2020-11-01,0.96903907595,75.25536812423
Italy,2020-12-01,1.01086581083,80.98777854519
Jamaica,2005-01-01,0.79323092357,
Jamaica,2005-02-01,0.79794581096,
Jamaica,2005-03-01,0.81357502567,
Jamaica,2005-04-01,0.81268900878,
Jamaica,2005-05-01,0.80691994189,
Jamaica,2005-06-01,0.82063287265,
Jamaica,2005-07-01,0.82756719705,
Jamaica,2005-08-01,0.8397467626,
Jamaica,2005-09-01,0.83963934864,
Jamaica,2005-10-01,0.83397715932,
Jamaica,2005-11-01,0.82609493554,
Jamaica,2005-12-01,0.83101740857,
Jamaica,2006-01-01,0.8624748626,
Jamaica,2006-02-01,0.85948003447,
Jamaica,2006-03-01,0.86080429959,
Jamaica,2006-04-01,0.87797263253,
Jamaica,2006-05-01,0.88008418662,
Jamaica,2006-06-01,0.87920758647,
Jamaica,2006-07-01,0.89193754654,
Jamaica,2006-08-01,0.88913546814,
Jamaica,2006-09-01,0.86751913307,
Jamaica,2006-10-01,0.86081355634,
Jamaica,2006-11-01,0.86420500595,
Jamaica,2006-12-01,0.86993986537,
Jamaica,2007-01-01,0.89027782399,
Jamaica,2007-02-01,0.90093324355,
Jamaica,2007-03-01,0.90690439531,
Jamaica,2007-04-01,0.9142355334,
Jamaica,2007-05-01,0.91512864906,
Jamaica,2007-06-01,0.92500258602,
Jamaica,2007-07-01,0.93748111558,
Jamaica,2007-08-01,0.93199583363,
Jamaica,2007-09-01,0.95331469268,
Jamaica,2007-10-01,0.96880243654,
Jamaica,2007-11-01,0.99198277507,
Jamaica,2007-12-01,0.99351795579,
Jamaica,2008-01-01,1.05573702966,
Jamaica,2008-02-01,1.07564466907,
Jamaica,2008-03-01,1.10283781163,
Jamaica,2008-04-01,1.12520695345,
Jamaica,2008-05-01,1.1577017315,
Jamaica,2008-06-01,1.1885094765,
Jamaica,2008-07-01,1.19483904604,
Jamaica,2008-08-01,1.14865267329,
Jamaica,2008-09-01,1.11025244415,
Jamaica,2008-10-01,1.0333419272,
Jamaica,2008-11-01,0.98070840502,
Jamaica,2008-12-01,0.94558023936,
Jamaica,2009-01-01,0.90932492697,
Jamaica,2009-02-01,0.89769777444,
Jamaica,2009-03-01,0.90556563948,
Jamaica,2009-04-01,0.9070414075,
Jamaica,2009-05-01,0.92885680319,
Jamaica,2009-06-01,0.95447221194,
Jamaica,2009-07-01,0.93809254195,
Jamaica,2009-08-01,0.95462256835,
Jamaica,2009-09-01,0.94604622593,
Jamaica,2009-10-01,0.96049687747,
Jamaica,2009-11-01,0.97158988592,
Jamaica,2009-12-01,0.96697112036,
Jamaica,2010-01-01,1.0,
Jamaica,2010-02-01,0.99328103332,
Jamaica,2010-03-01,1.00054224672,
Jamaica,2010-04-01,1.0101223342,
Jamaica,2010-05-01,0.99005669435,
Jamaica,2010-06-01,0.98392253371,
Jamaica,2010-07-01,0.98800454334,
Jamaica,2010-08-01,0.9984844267,
Jamaica,2010-09-01,1.00724102171,
Jamaica,2010-10-01,1.02536373494,
Jamaica,2010-11-01,1.03553326081,
Jamaica,2010-12-01,1.05530174411,
Jamaica,2011-01-01,1.13183208576,
Jamaica,2011-02-01,1.14714304576,
Jamaica,2011-03-01,1.16820816594,
Jamaica,2011-04-01,1.19089915308,
Jamaica,2011-05-01,1.16974702307,
Jamaica,2011-06-01,1.16521140365,
Jamaica,2011-07-01,1.17152571229,
Jamaica,2011-08-01,1.15784700366,
Jamaica,2011-09-01,1.15589852065,
Jamaica,2011-10-01,1.1491724446,
Jamaica,2011-11-01,1.16106714277,
Jamaica,2011-12-01,1.15485220565,
Jamaica,2012-01-01,1.15243748282,
Jamaica,2012-02-01,1.16605130922,
Jamaica,2012-03-01,1.17995595693,
Jamaica,2012-04-01,1.16775500899,
Jamaica,2012-05-01,1.14534662539,
Jamaica,2012-06-01,1.11494675374,
Jamaica,2012-07-01,1.13999946299,
Jamaica,2012-08-01,1.15873020384,
Jamaica,2012-09-01,1.15925441546,
Jamaica,2012-10-01,1.15290863679,
Jamaica,2012-11-01,1.1490654305,
Jamaica,2012-12-01,1.14778614519,
Jamaica,2013-01-01,1.14426052265,
Jamaica,2013-02-01,1.14758920976,
Jamaica,2013-03-01,1.13529267206,
Jamaica,2013-04-01,1.12498992229,
Jamaica,2013-05-01,1.12671048782,
Jamaica,2013-06-01,1.1237957271,
Jamaica,2013-07-01,1.1322591527,
Jamaica,2013-08-01,1.13394819462,
Jamaica,2013-09-01,1.13168105888,
Jamaica,2013-10-01,1.12598084807,
Jamaica,2013-11-01,1.11835331771,
Jamaica,2013-12-01,1.1237953217,
Jamaica,2014-01-01,1.11348128657,
Jamaica,2014-02-01,1.12299625991,
Jamaica,2014-03-01,1.12461047922,
Jamaica,2014-04-01,1.12434886433,
Jamaica,2014-05-01,1.12586047682,
Jamaica,2014-06-01,1.12834760386,
Jamaica,2014-07-01,1.12076719083,
Jamaica,2014-08-01,1.11172206138,
Jamaica,2014-09-01,1.10006311883,
Jamaica,2014-10-01,1.0788233658,
Jamaica,2014-11-01,1.05784193902,
Jamaica,2014-12-01,1.02051837101,
Jamaica,2015-01-01,0.98413822211,
Jamaica,2015-02-01,0.99476878626,
Jamaica,2015-03-01,0.98785971217,
Jamaica,2015-04-01,0.99678493033,
Jamaica,2015-05-01,1.0041845577,
Jamaica,2015-06-01,1.00002363894,
Jamaica,2015-07-01,0.98633139426,
Jamaica,2015-08-01,0.96399822033,
Jamaica,2015-09-01,0.96304369004,
Jamaica,2015-10-01,0.96383354767,
Jamaica,2015-11-01,0.95317844345,
Jamaica,2015-12-01,0.93693531999,
Jamaica,2016-01-01,0.93209005923,
Jamaica,2016-02-01,,
Jamaica,2016-03-01,,
Jamaica,2016-04-01,,
Jamaica,2016-05-01,,
Jamaica,2016-06-01,,
Jamaica,2016-07-01,,
Jamaica,2016-08-01,,
Jamaica,2016-09-01,,
Jamaica,2016-10-01,,
Jamaica,2016-11-01,,
Jamaica,2016-12-01,,
Jamaica,2017-01-01,,
Jamaica,2017-02-01,,
Jamaica,2017-03-01,,
Jamaica,2017-04-01,,
Jamaica,2017-05-01,,
Jamaica,2017-06-01,,
Jamaica,2017-07-01,,
Jamaica,2017-08-01,,
Jamaica,2017-09-01,,
Jamaica,2017-10-01,,
Jamaica,2017-11-01,,
Jamaica,2017-12-01,,
Jamaica,2018-01-01,,
Jamaica,2018-02-01,,
Jamaica,2018-03-01,,
Jamaica,2018-04-01,,
Jamaica,2018-05-01,,
Jamaica,2018-06-01,,
Jamaica,2018-07-01,,
Jamaica,2018-08-01,,
Jamaica,2018-09-01,,
Jamaica,2018-10-01,,
Jamaica,2018-11-01,,
Jamaica,2018-12-01,,
Jamaica,2019-01-01,,
Jamaica,2019-02-01,,
Jamaica,2019-03-01,,
Jamaica,2019-04-01,,
Jamaica,2019-05-01,,
Jamaica,2019-06-01,,
Jamaica,2019-07-01,,
Jamaica,2019-08-01,,
Jamaica,2019-09-01,,
Jamaica,2019-10-01,,
Jamaica,2019-11-01,,
Jamaica,2019-12-01,,
Jamaica,2020-01-01,,
Jamaica,2020-02-01,,
Jamaica,2020-03-01,,
Jamaica,2020-04-01,,
Jamaica,2020-05-01,,
Jamaica,2020-06-01,,
Jamaica,2020-07-01,,
Jamaica,2020-08-01,,
Jamaica,2020-09-01,,
Jamaica,2020-10-01,,
Jamaica,2020-11-01,,
Jamaica,2020-12-01,,
Jordan,2005-01-01,0.73481979062,83.40290446155
Jordan,2005-02-01,0.67764361095,85.86092410264
Jordan,2005-03-01,0.67298481112,96.11034447466
Jordan,2005-04-01,0.70056113508,109.27209540453
Jordan,2005-05-01,0.75257039117,115.10542597619
Jordan,2005-06-01,0.72441738106,129.47029448894
Jordan,2005-07-01,0.73544089754,137.87168010755
Jordan,2005-08-01,0.80354971901,143.47009115916
Jordan,2005-09-01,0.82778557239,144.19795228288
Jordan,2005-10-01,0.82153252398,139.90934870102
Jordan,2005-11-01,0.76327710403,162.36040080197
Jordan,2005-12-01,0.78923367305,152.52200643983
Jordan,2006-01-01,0.78828530016,153.36705203703
Jordan,2006-02-01,0.79078115588,148.34629450863
Jordan,2006-03-01,0.74289885177,129.54510329136
Jordan,2006-04-01,0.7721174148,126.88012772303
Jordan,2006-05-01,0.80903628621,126.79328015264
Jordan,2006-06-01,0.86961296143,115.07862199478
Jordan,2006-07-01,0.86320652557,106.66623257366
Jordan,2006-08-01,0.83265458695,107.86387153366
Jordan,2006-09-01,0.82875328709,112.57587421152
Jordan,2006-10-01,0.83917577092,110.20585650597
Jordan,2006-11-01,0.83477684156,104.22727745315
Jordan,2006-12-01,0.88032614348,97.59958872336
Jordan,2007-01-01,0.87257771579,104.07245149447
Jordan,2007-02-01,0.84620166193,113.98899322196
Jordan,2007-03-01,0.94525291544,113.19046482405
Jordan,2007-04-01,0.85171331351,108.36997185245
Jordan,2007-05-01,0.96110122168,105.58360169647
Jordan,2007-06-01,0.87839553069,104.34427442717
Jordan,2007-07-01,0.92642452147,103.38567200254
Jordan,2007-08-01,0.94061452591,102.03929827458
Jordan,2007-09-01,0.94007216549,101.22486951599
Jordan,2007-10-01,1.00046240609,115.00329468454
Jordan,2007-11-01,1.0068738401,123.61819679034
Jordan,2007-12-01,1.02257794494,130.20435233933
Jordan,2008-01-01,1.0871709549,143.54051731979
Jordan,2008-02-01,1.05133601697,142.98571438174
Jordan,2008-03-01,1.16683259454,150.48010915233
Jordan,2008-04-01,1.17531671333,154.76336395832
Jordan,2008-05-01,1.17065612074,164.79819260002
Jordan,2008-06-01,1.32061786836,186.18946409871
Jordan,2008-07-01,1.24982097674,185.32961013667
Jordan,2008-08-01,1.21180794132,171.5735092164
Jordan,2008-09-01,1.16370140716,160.82211381077
Jordan,2008-10-01,1.08362371019,134.12222737655
Jordan,2008-11-01,0.94073577707,117.85438856983
Jordan,2008-12-01,0.86812913432,113.86610015078
Jordan,2009-01-01,1.03549893561,109.18488606664
Jordan,2009-02-01,1.02677489074,105.02757017336
Jordan,2009-03-01,1.03136125349,99.93241349783
Jordan,2009-04-01,0.99563753984,103.17742650083
Jordan,2009-05-01,0.95388312976,109.53899162942
Jordan,2009-06-01,0.92203899575,113.43581504339
Jordan,2009-07-01,0.98293854799,102.06870383326
Jordan,2009-08-01,0.97297776536,100.21651172333
Jordan,2009-09-01,0.9955909051,103.49607149938
Jordan,2009-10-01,0.95009916821,103.45866150734
Jordan,2009-11-01,0.98299058536,100.45698928147
Jordan,2009-12-01,1.02922607994,99.60593825984
Jordan,2010-01-01,1.0,100.0
Jordan,2010-02-01,0.95233735215,95.95072984815
Jordan,2010-03-01,1.01400993578,94.83714393425
Jordan,2010-04-01,1.10816318353,97.95782752272
Jordan,2010-05-01,1.07088465889,95.10955092935
Jordan,2010-06-01,1.22209639404,90.29294253751
Jordan,2010-07-01,1.18525722795,89.71024507036
Jordan,2010-08-01,1.27797205603,87.27318416525
Jordan,2010-09-01,1.37239829967,89.99534348182
Jordan,2010-10-01,1.41140070727,92.2389825531
Jordan,2010-11-01,1.6160708483,92.87705412348
Jordan,2010-12-01,1.51232611177,93.42757205528
Jordan,2011-01-01,1.43192350103,99.11493117854
Jordan,2011-02-01,1.37702996413,94.37482611819
Jordan,2011-03-01,1.4913166962,89.28820887052
Jordan,2011-04-01,1.58304916082,90.11094796817
Jordan,2011-05-01,1.50603213719,89.3755442478
Jordan,2011-06-01,1.47868506673,87.76585801779
Jordan,2011-07-01,1.5425625419,87.21173757938
Jordan,2011-08-01,1.49052638947,85.04350069354
Jordan,2011-09-01,1.53947658038,84.1163673535
Jordan,2011-10-01,1.55083198816,80.91530561136
Jordan,2011-11-01,1.56212295798,82.64063643963
Jordan,2011-12-01,1.51795048696,82.08668757998
Jordan,2012-01-01,1.67687790206,80.2805830613
Jordan,2012-02-01,1.56460839595,80.30123914816
Jordan,2012-03-01,1.58212519181,83.98066362923
Jordan,2012-04-01,1.60519917168,84.71144944973
Jordan,2012-05-01,1.96612796076,81.45756650679
Jordan,2012-06-01,1.49055425314,79.44293635838
Jordan,2012-07-01,1.54441159114,79.24738892077
Jordan,2012-08-01,1.39011794112,80.48860263254
Jordan,2012-09-01,1.38614010173,81.89473513163
Jordan,2012-10-01,1.37993350963,81.62798465859
Jordan,2012-11-01,1.41021715178,82.31539765064
Jordan,2012-12-01,1.33216628761,81.25261419772
Jordan,2013-01-01,1.52023379843,84.62180029527
Jordan,2013-02-01,1.44014395435,85.52104901886
Jordan,2013-03-01,1.50501880389,84.92059878985
Jordan,2013-04-01,1.49569844286,84.60440136985
Jordan,2013-05-01,1.5124839865,82.58132912027
Jordan,2013-06-01,1.05383251538,81.28377036615
Jordan,2013-07-01,1.49268082184,78.47606685635
Jordan,2013-08-01,1.62927509199,76.00247895228
Jordan,2013-09-01,1.58940146368,72.10820229908
Jordan,2013-10-01,1.60289893377,74.53781028782
Jordan,2013-11-01,1.63865053035,76.37180183485
Jordan,2013-12-01,1.68462632387,78.2753794025
Jordan,2014-01-01,1.62345089312,82.40094745253
Jordan,2014-02-01,1.67508786188,82.82653579299
Jordan,2014-03-01,1.68782855533,82.65190236748
Jordan,2014-04-01,1.60205013394,83.12924946461
Jordan,2014-05-01,1.64381070322,81.70971296195
Jordan,2014-06-01,1.64343211254,81.34011301229
Jordan,2014-07-01,1.63711167955,79.99878749321
Jordan,2014-08-01,1.59375163401,78.78734369191
Jordan,2014-09-01,1.55965664006,77.72303348061
Jordan,2014-10-01,1.51528760245,76.45694011756
Jordan,2014-11-01,1.50469458347,75.43745198577
Jordan,2014-12-01,1.48770141857,75.27197913344
Jordan,2015-01-01,1.47919104395,74.98018611616
Jordan,2015-02-01,1.47579156394,75.52254597741
Jordan,2015-03-01,1.45235902795,73.97377742721
Jordan,2015-04-01,1.46356558191,71.64878329405
Jordan,2015-05-01,1.43655057452,74.26843961979
Jordan,2015-06-01,1.46695640862,76.08390483865
Jordan,2015-07-01,1.47147923228,74.74993371645
Jordan,2015-08-01,1.44490726283,75.55436466046
Jordan,2015-09-01,1.42084285535,74.22667790203
Jordan,2015-10-01,1.40986025975,72.98590571574
Jordan,2015-11-01,1.38434003518,72.04415489273
Jordan,2015-12-01,1.37181350352,73.30180204634
Jordan,2016-01-01,1.28775555777,74.10337885522
Jordan,2016-02-01,1.27873403454,73.42719936113
Jordan,2016-03-01,1.52358320621,73.40635470465
Jordan,2016-04-01,1.50903191954,72.69593578009
Jordan,2016-05-01,1.54464810859,71.65464640026
Jordan,2016-06-01,1.52577412895,71.64901261383
Jordan,2016-07-01,1.50297754377,71.3785403835
Jordan,2016-08-01,1.51293816412,71.04258472579
Jordan,2016-09-01,1.531376383,71.02004513441
Jordan,2016-10-01,1.59168522884,70.74305477732
Jordan,2016-11-01,1.63463633472,71.49811984382
Jordan,2016-12-01,1.6295218241,73.27547194428
Jordan,2017-01-01,1.64272153369,72.94134376858
Jordan,2017-02-01,1.66097032235,74.5427424013
Jordan,2017-03-01,1.62392827578,76.43244169849
Jordan,2017-04-01,1.31648494729,75.70737190421
Jordan,2017-05-01,1.31398398195,74.26410842347
Jordan,2017-06-01,1.28387051301,73.72220813863
Jordan,2017-07-01,1.34132895104,73.9593602116
Jordan,2017-08-01,1.42211126332,73.03947557948
Jordan,2017-09-01,1.48919840801,72.77709447069
Jordan,2017-10-01,1.4230712535,71.33099610917
Jordan,2017-11-01,1.42825978393,70.70818854899
Jordan,2017-12-01,1.45629990392,71.7346182863
Jordan,2018-01-01,1.51031076015,72.62411584442
Jordan,2018-02-01,1.52511496336,76.06469584468
Jordan,2018-03-01,1.54620335031,76.70079206249
Jordan,2018-04-01,1.56435534081,75.92052243129
Jordan,2018-05-01,1.51868448922,75.99847746547
Jordan,2018-06-01,1.49719608658,73.81113705007
Jordan,2018-07-01,1.48002416152,72.10060833476
Jordan,2018-08-01,1.45541649608,70.80680691317
Jordan,2018-09-01,1.34618854408,70.90547360217
Jordan,2018-10-01,1.38848382012,69.71362595675
Jordan,2018-11-01,1.3645333224,69.01782786636
Jordan,2018-12-01,1.30293253061,67.02560855036
Jordan,2019-01-01,1.2716412891,68.92396649707
Jordan,2019-02-01,1.26821688388,70.22239260652
Jordan,2019-03-01,1.29562495558,69.85513607468
Jordan,2019-04-01,1.34648756848,66.10054322122
Jordan,2019-05-01,1.30911863166,63.49174995665
Jordan,2019-06-01,1.35062842207,63.97264040999
Jordan,2019-07-01,1.35748810391,65.49741326113
Jordan,2019-08-01,1.31161570267,64.47042439912
Jordan,2019-09-01,1.42400799913,62.93035957151
Jordan,2019-10-01,1.405098407,62.75418377526
Jordan,2019-11-01,1.42870137258,62.71699052982
Jordan,2019-12-01,1.43080812181,62.74403831752
Jordan,2020-01-01,1.45436287119,64.10020458912
Jordan,2020-02-01,1.45660031985,63.35965950435
Jordan,2020-03-01,1.41158738444,59.7533965627
Jordan,2020-04-01,1.34862291949,
Jordan,2020-05-01,1.29528598297,52.72203870398
Jordan,2020-06-01,1.25890440655,54.17196123483
Jordan,2020-07-01,1.46628915772,52.09882023218
Jordan,2020-08-01,1.44751894319,52.0802382716
Jordan,2020-09-01,1.32648736843,52.3584415345
Jordan,2020-10-01,1.23966428077,51.85562929975
Jordan,2020-11-01,1.03594767023,51.67285850367
Jordan,2020-12-01,1.18856325608,53.41923295055
Japan,2005-01-01,0.7474406447,94.29464686649
Japan,2005-02-01,0.75196647319,93.98454110202
Japan,2005-03-01,0.76015921282,95.77321289589
Japan,2005-04-01,0.78551013462,90.69533215519
Japan,2005-05-01,0.78491512505,88.45631938909
Japan,2005-06-01,0.77351181175,89.57594631916
Japan,2005-07-01,0.77878607124,89.40973077473
Japan,2005-08-01,0.79215402558,94.27222870552
Japan,2005-09-01,0.8014241374,99.7706412702
Japan,2005-10-01,0.79866500512,99.56778534944
Japan,2005-11-01,0.78632421474,103.55838671398
Japan,2005-12-01,0.7829646144,112.85091489676
Japan,2006-01-01,0.79554680709,119.02822644014
Japan,2006-02-01,0.80943850706,117.2935838688
Japan,2006-03-01,0.81023547702,118.74162415727
Japan,2006-04-01,0.82175755664,125.85029342253
Japan,2006-05-01,0.85401604988,124.92279933941
Japan,2006-06-01,0.85265623146,111.6761639319
Japan,2006-07-01,0.8572971794,111.92599487484
Japan,2006-08-01,0.8734630985,116.26994061841
Japan,2006-09-01,0.87341043967,116.18887828472
Japan,2006-10-01,0.84955728699,118.98300554647
Japan,2006-11-01,0.84041130298,117.23562465682
Japan,2006-12-01,0.84232921056,122.10074300208
Japan,2007-01-01,0.84433316467,122.35303518689
Japan,2007-02-01,0.826572429,125.92780967953
Japan,2007-03-01,0.84560586243,124.73142202957
Japan,2007-04-01,0.8608977078,125.43462727943
Japan,2007-05-01,0.88037540852,124.32420923244
Japan,2007-06-01,0.88094709105,125.36669253482
Japan,2007-07-01,0.88747841361,126.43076059415
Japan,2007-08-01,0.90271235563,120.38077634246
Japan,2007-09-01,0.90900917267,120.46584397694
Japan,2007-10-01,0.9336789751,124.62342379468
Japan,2007-11-01,0.96392330319,119.54307407045
Japan,2007-12-01,0.98730015428,118.25584450109
Japan,2008-01-01,1.00651766053,109.0852417517
Japan,2008-02-01,1.02688003808,108.05720724912
Japan,2008-03-01,1.06246218386,106.73416445032
Japan,2008-04-01,1.11295126049,111.17747656854
Japan,2008-05-01,1.14092446904,114.65510076494
Japan,2008-06-01,1.19812684831,112.59045364817
Japan,2008-07-01,1.2285717281,105.23731488853
Japan,2008-08-01,1.22563478787,101.40963185261
Japan,2008-09-01,1.17390224941,96.97821693404
Japan,2008-10-01,1.10710750704,77.65673579104
Japan,2008-11-01,0.99756104358,75.38450273495
Japan,2008-12-01,0.93098720027,79.29472030731
Japan,2009-01-01,0.89298045476,78.75559525048
Japan,2009-02-01,0.88140935639,70.81233113735
Japan,2009-03-01,0.8678056867,67.82281085236
Japan,2009-04-01,0.85736672251,75.67099769657
Japan,2009-05-01,0.85886004939,82.68312341378
Japan,2009-06-01,0.88284309878,86.6943274942
Japan,2009-07-01,0.91744742896,87.61912587755
Japan,2009-08-01,0.92131269074,93.88361587353
Japan,2009-09-01,0.94531551851,96.31465498844
Japan,2009-10-01,0.94979780779,95.18111473248
Japan,2009-11-01,0.97048999329,92.47135319091
Japan,2009-12-01,0.98769580114,96.69069999738
Japan,2010-01-01,1.0,100.0
Japan,2010-02-01,1.00978944747,96.38427901641
Japan,2010-03-01,0.99779503506,100.44658645839
Japan,2010-04-01,1.0207369081,101.81565546782
Japan,2010-05-01,1.04148125262,94.33583628243
Japan,2010-06-01,1.02772131468,92.06762572453
Japan,2010-07-01,1.0398341736,92.2244129099
Japan,2010-08-01,1.04179014111,92.73004689306
Japan,2010-09-01,1.0509511875,94.70086760388
Japan,2010-10-01,1.06911491529,98.76721521849
Japan,2010-11-01,1.08554376171,101.27587878798
Japan,2010-12-01,1.10250065893,105.13152054819
Japan,2011-01-01,1.13381124383,107.98839053447
Japan,2011-02-01,1.15251476752,109.94703986763
Japan,2011-03-01,1.18711549483,103.00857395789
Japan,2011-04-01,1.22751985935,98.96167852977
Japan,2011-05-01,1.26358639409,101.48532944462
Japan,2011-06-01,1.25237190226,101.28596660185
Japan,2011-07-01,1.26913188153,107.73613907404
Japan,2011-08-01,1.27964639261,100.59095465351
Japan,2011-09-01,1.26097474088,96.6078996708
Japan,2011-10-01,1.25597363047,97.3015989062
Japan,2011-11-01,1.23983804077,93.72999482095
Japan,2011-12-01,1.24514306292,93.36452692523
Japan,2012-01-01,1.23585574873,95.65670935768
Japan,2012-02-01,1.23526882953,100.41709174199
Japan,2012-03-01,1.24855150833,103.16086844003
Japan,2012-04-01,1.26912327874,101.09277997468
Japan,2012-05-01,1.2571318277,94.83332442486
Japan,2012-06-01,1.22690971333,92.98487257822
Japan,2012-07-01,1.19608148079,94.73979368642
Japan,2012-08-01,1.20169596974,97.16325975209
Japan,2012-09-01,1.22874656161,97.83677472934
Japan,2012-10-01,1.21562880152,95.40186636503
Japan,2012-11-01,1.19900746378,95.54385832579
Japan,2012-12-01,1.19163520308,100.13358034913
Japan,2013-01-01,1.18228379291,102.73294479178
Japan,2013-02-01,1.17824667534,104.06419746656
Japan,2013-03-01,1.17413570563,110.30941172107
Japan,2013-04-01,1.15561434011,115.52354277007
Japan,2013-05-01,1.13253930511,122.6842435888
Japan,2013-06-01,1.13680424325,115.08413585188
Japan,2013-07-01,1.12495736693,122.7553608745
Japan,2013-08-01,1.13185517564,119.90252424331
Japan,2013-09-01,1.14063009473,123.74768432821
Japan,2013-10-01,1.14671759343,125.15968972144
Japan,2013-11-01,1.13811989636,127.28090392088
Japan,2013-12-01,1.136199208,129.21690304798
Japan,2014-01-01,1.14243787278,128.25358312742
Japan,2014-02-01,1.14152521001,122.31116434117
Japan,2014-03-01,1.13539740542,122.62389749739
Japan,2014-04-01,1.12941145744,120.62118002771
Japan,2014-05-01,1.12829972885,120.32298163298
Japan,2014-06-01,1.12832708933,126.64729089742
Japan,2014-07-01,1.1292521546,129.09491400872
Japan,2014-08-01,1.12258889523,127.4025807631
Japan,2014-09-01,1.09937607024,126.94536967166
Japan,2014-10-01,1.08076947257,121.66374630459
Japan,2014-11-01,1.0315439546,126.04277316464
Japan,2014-12-01,0.98845869492,125.53331835286
Japan,2015-01-01,0.9332250687,124.91269580206
Japan,2015-02-01,0.87797755891,129.92099998982
Japan,2015-03-01,0.88318091129,136.25552484801
Japan,2015-04-01,0.87542182559,141.244414115
Japan,2015-05-01,0.87004846473,140.94847531646
Japan,2015-06-01,0.87330100101,140.86174744654
Japan,2015-07-01,0.86370633864,141.09335963955
Japan,2015-08-01,0.84772668607,138.59273604407
Japan,2015-09-01,0.82966298369,127.67302890918
Japan,2015-10-01,0.82000424612,130.77600025513
Japan,2015-11-01,0.80837242819,136.34238132066
Japan,2015-12-01,0.79401426336,134.76777702732
Japan,2016-01-01,0.77285558452,124.95410039282
Japan,2016-02-01,0.76413078443,121.90668463971
Japan,2016-03-01,0.76385182371,127.8491131112
Japan,2016-04-01,0.77891823354,128.79177617949
Japan,2016-05-01,0.78314754601,129.84056897544
Japan,2016-06-01,0.80265754471,130.27687457294
Japan,2016-07-01,0.81149224572,132.77714727532
Japan,2016-08-01,0.81726785612,139.89878056178
Japan,2016-09-01,0.82196487462,140.54010034898
Japan,2016-10-01,0.81522162743,140.34230365177
Japan,2016-11-01,0.82073514413,138.75217376861
Japan,2016-12-01,0.80636499652,140.11960403401
Japan,2017-01-01,0.8296187343,142.89984940606
Japan,2017-02-01,0.84790701174,145.1104332019
Japan,2017-03-01,0.85605113835,146.30484316005
Japan,2017-04-01,0.8602070256,145.47087071736
Japan,2017-05-01,0.85396844059,150.1297692973
Japan,2017-06-01,0.85016515827,154.40316784009
Japan,2017-07-01,0.84113922255,152.49001362989
Japan,2017-08-01,0.85011460215,153.02349742714
Japan,2017-09-01,0.8581186002,153.64670617894
Japan,2017-10-01,0.86521603772,160.85272505263
Japan,2017-11-01,0.87625273418,170.56008764066
Japan,2017-12-01,0.89416877185,172.88162990469
Japan,2018-01-01,0.91196806673,184.90027981467
Japan,2018-02-01,0.92699410902,174.07339421528
Japan,2018-03-01,0.92738700828,172.37386393927
Japan,2018-04-01,0.92500725669,173.7096957758
Japan,2018-05-01,0.93288800116,175.78304968323
Japan,2018-06-01,0.94775554339,175.01386113633
Japan,2018-07-01,0.94593744931,171.04504281033
Japan,2018-08-01,0.94401687957,173.06249647333
Japan,2018-09-01,0.94056292458,176.50944261063
Japan,2018-10-01,0.95052815188,171.90985161913
Japan,2018-11-01,0.95293799811,165.48338390961
Japan,2018-12-01,0.92516273217,160.00849617694
Japan,2019-01-01,0.90155783349,160.33544583026
Japan,2019-02-01,0.89832732372,163.40220239092
Japan,2019-03-01,0.9062740569,164.59230019109
Japan,2019-04-01,0.90417947886,168.00318556349
Japan,2019-05-01,0.91486461038,165.39896556734
Japan,2019-06-01,0.91081321621,166.50985612453
Japan,2019-07-01,0.89286706018,170.54336557196
Japan,2019-08-01,0.90406322278,165.98729494213
Japan,2019-09-01,0.88564786052,171.6513001123
Japan,2019-10-01,0.88397492738,175.34858290241
Japan,2019-11-01,0.88028272263,182.73199652873
Japan,2019-12-01,0.88753781728,185.23765740478
Japan,2020-01-01,0.89021261001,184.72035265853
Japan,2020-02-01,0.88498739867,180.01909217616
Japan,2020-03-01,0.86159812712,150.93725920448
Japan,2020-04-01,0.8092875049,152.2487497757
Japan,2020-05-01,0.76508642968,163.54677933939
Japan,2020-06-01,0.76699070985,178.50565796761
Japan,2020-07-01,0.79167096215,180.16323880228
Japan,2020-08-01,0.80609687224,184.57350808762
Japan,2020-09-01,0.8107373049,188.35709820764
Japan,2020-10-01,0.80973332167,190.46866247909
Japan,2020-11-01,0.81910854172,207.6693320288
Japan,2020-12-01,0.840086494,220.32229727134
Kazakhstan,2005-01-01,0.71417391943,13.16321898303
Kazakhstan,2005-02-01,0.70451886376,13.0257731752
Kazakhstan,2005-03-01,0.71502262768,13.81376160363
Kazakhstan,2005-04-01,0.73450063572,15.27191816153
Kazakhstan,2005-05-01,0.73409897742,17.30002810965
Kazakhstan,2005-06-01,0.72342948781,18.03869894958
Kazakhstan,2005-07-01,0.71767124629,20.06528127232
Kazakhstan,2005-08-01,0.72703725141,23.83141705399
Kazakhstan,2005-09-01,0.74705261174,24.13630784076
Kazakhstan,2005-10-01,0.76858020262,25.41099650189
Kazakhstan,2005-11-01,0.77324005629,27.46395198237
Kazakhstan,2005-12-01,0.78874650103,35.06904166957
Kazakhstan,2006-01-01,0.795422831,41.40191472968
Kazakhstan,2006-02-01,0.81166390598,61.24442829226
Kazakhstan,2006-03-01,0.82989223829,84.85053816968
Kazakhstan,2006-04-01,0.85729355618,131.87668576238
Kazakhstan,2006-05-01,0.89842224559,115.68679070759
Kazakhstan,2006-06-01,0.93676304824,111.37334797759
Kazakhstan,2006-07-01,0.94862613981,114.39916155813
Kazakhstan,2006-08-01,0.92563142134,112.78638344593
Kazakhstan,2006-09-01,0.92362866267,114.9668315057
Kazakhstan,2006-10-01,0.92273287748,111.71254902768
Kazakhstan,2006-11-01,0.90552669658,116.29054371687
Kazakhstan,2006-12-01,0.91615288836,135.27191823178
Kazakhstan,2007-01-01,0.92573678742,151.3033383153
Kazakhstan,2007-02-01,0.9236373697,166.55410623698
Kazakhstan,2007-03-01,0.92939228695,163.18971299688
Kazakhstan,2007-04-01,0.95778341989,165.83269466699
Kazakhstan,2007-05-01,0.98722794586,170.41318165725
Kazakhstan,2007-06-01,0.98516328017,169.97695494364
Kazakhstan,2007-07-01,0.99901544048,178.23130032281
Kazakhstan,2007-08-01,0.97967552339,164.08468504406
Kazakhstan,2007-09-01,1.01849035908,161.76446338769
Kazakhstan,2007-10-01,1.03019514843,168.02018389969
Kazakhstan,2007-11-01,1.07265776055,163.95610598219
Kazakhstan,2007-12-01,1.11391467933,166.98794418336
Kazakhstan,2008-01-01,1.12196437206,172.03073765501
Kazakhstan,2008-02-01,1.15457581763,175.75100049073
Kazakhstan,2008-03-01,1.16363167454,174.11265160449
Kazakhstan,2008-04-01,1.21173057492,171.36804853378
Kazakhstan,2008-05-01,1.25100545072,176.16922419892
Kazakhstan,2008-06-01,1.28566107386,173.55669792114
Kazakhstan,2008-07-01,1.3340766429,158.75817006745
Kazakhstan,2008-08-01,1.38680355114,141.87102453883
Kazakhstan,2008-09-01,1.35122371254,110.92289038079
Kazakhstan,2008-10-01,1.32756866615,68.27605395779
Kazakhstan,2008-11-01,1.29463384945,68.45775999759
Kazakhstan,2008-12-01,1.26707448714,59.51324895523
Kazakhstan,2009-01-01,1.17457933383,52.09248975063
Kazakhstan,2009-02-01,0.94470088089,34.7089294378
Kazakhstan,2009-03-01,0.92014349211,34.2673736783
Kazakhstan,2009-04-01,0.91980474541,42.98069372119
Kazakhstan,2009-05-01,0.93659168054,56.96939978243
Kazakhstan,2009-06-01,0.97318882664,59.45240593513
Kazakhstan,2009-07-01,0.98998349054,55.78125050759
Kazakhstan,2009-08-01,1.00958974535,68.77042739622
Kazakhstan,2009-09-01,1.03824448355,76.64824084998
Kazakhstan,2009-10-01,1.02542275122,84.48296822915
Kazakhstan,2009-11-01,1.04290096505,91.14686423739
Kazakhstan,2009-12-01,1.03778311845,95.05887439208
Kazakhstan,2010-01-01,1.0,100.0
Kazakhstan,2010-02-01,1.01595881294,95.91974565687
Kazakhstan,2010-03-01,1.04543813378,98.52668196465
Kazakhstan,2010-04-01,1.05371457921,100.2530750626
Kazakhstan,2010-05-01,1.07366149204,81.84828049278
Kazakhstan,2010-06-01,1.08225781094,78.72035176542
Kazakhstan,2010-07-01,1.09233434956,75.67005419899
Kazakhstan,2010-08-01,1.0884127572,79.36536910668
Kazakhstan,2010-09-01,1.07152860468,78.57580747564
Kazakhstan,2010-10-01,1.10450198558,82.82580604861
Kazakhstan,2010-11-01,1.12802548132,86.41952488007
Kazakhstan,2010-12-01,1.16275102715,89.76520462797
Kazakhstan,2011-01-01,1.15185552425,95.71551383093
Kazakhstan,2011-02-01,1.15800571634,100.13550281883
Kazakhstan,2011-03-01,1.16900899887,96.04410410734
Kazakhstan,2011-04-01,1.19217264812,94.8290456868
Kazakhstan,2011-05-01,1.23179683936,87.99416310879
Kazakhstan,2011-06-01,1.22361696403,84.79010762397
Kazakhstan,2011-07-01,1.21622438823,83.52496508662
Kazakhstan,2011-08-01,1.20853918496,70.29732484223
Kazakhstan,2011-09-01,1.19659334979,64.69589742321
Kazakhstan,2011-10-01,1.188949728,61.12448442504
Kazakhstan,2011-11-01,1.18631379022,60.2797640042
Kazakhstan,2011-12-01,1.17694006119,58.83945984747
Kazakhstan,2012-01-01,1.16206290828,62.06359270247
Kazakhstan,2012-02-01,1.15894848824,65.30948315787
Kazakhstan,2012-03-01,1.15957669824,66.95472483893
Kazakhstan,2012-04-01,1.15632807083,66.46466547928
Kazakhstan,2012-05-01,1.14042707534,58.99015610761
Kazakhstan,2012-06-01,1.12655687396,52.14317551088
Kazakhstan,2012-07-01,1.11143502468,51.91994636032
Kazakhstan,2012-08-01,1.10442279733,50.60522492676
Kazakhstan,2012-09-01,1.09915063166,51.5158281255
Kazakhstan,2012-10-01,1.09108497599,51.84157136134
Kazakhstan,2012-11-01,1.08399594362,50.05818850682
Kazakhstan,2012-12-01,1.07897232257,49.86440919882
Kazakhstan,2013-01-01,1.0585274332,55.37452848872
Kazakhstan,2013-02-01,1.04990001181,57.48593252473
Kazakhstan,2013-03-01,1.0422010144,53.0312237432
Kazakhstan,2013-04-01,1.03045184545,49.1494606714
Kazakhstan,2013-05-01,1.0149620538,51.51792903921
Kazakhstan,2013-06-01,1.00296946161,47.78389060455
Kazakhstan,2013-07-01,1.01889918726,45.04061825437
Kazakhstan,2013-08-01,1.04577904763,46.80811950469
Kazakhstan,2013-09-01,1.04910712501,46.92995145861
Kazakhstan,2013-10-01,1.08845475414,46.22732470072
Kazakhstan,2013-11-01,1.10125242483,46.83434969731
Kazakhstan,2013-12-01,1.1106646116,46.4887941266
Kazakhstan,2014-01-01,1.12253158763,47.34391790489
Kazakhstan,2014-02-01,1.00451876315,46.31421747043
Kazakhstan,2014-03-01,0.97720711825,45.7325497831
Kazakhstan,2014-04-01,1.00480862262,45.47120532086
Kazakhstan,2014-05-01,1.02713853414,45.98945000395
Kazakhstan,2014-06-01,0.98391686983,47.53406527038
Kazakhstan,2014-07-01,0.96120005693,52.04838115926
Kazakhstan,2014-08-01,0.9680901159,56.0751173518
Kazakhstan,2014-09-01,0.97532040089,55.08075467114
Kazakhstan,2014-10-01,0.96141448148,47.90289636445
Kazakhstan,2014-11-01,0.94862938598,44.59014211261
Kazakhstan,2014-12-01,0.98263996482,40.5885397757
Kazakhstan,2015-01-01,0.9051934206,37.63179918048
Kazakhstan,2015-02-01,0.8943761721,35.42709048348
Kazakhstan,2015-03-01,0.89738924317,34.05853007998
Kazakhstan,2015-04-01,0.91574015193,35.4882442106
Kazakhstan,2015-05-01,0.90716003819,36.40078368032
Kazakhstan,2015-06-01,0.8962005689,39.12262021967
Kazakhstan,2015-07-01,0.88612593959,36.85682549215
Kazakhstan,2015-08-01,0.78031514593,31.81923821709
Kazakhstan,2015-09-01,0.61824514976,25.82278787778
Kazakhstan,2015-10-01,0.59459739988,25.23140797644
Kazakhstan,2015-11-01,0.53349473251,23.75614976024
Kazakhstan,2015-12-01,0.49051270818,21.49846003392
Kazakhstan,2016-01-01,0.45509782822,17.96183972158
Kazakhstan,2016-02-01,0.46950066068,20.18161724698
Kazakhstan,2016-03-01,0.49546257122,23.05309371951
Kazakhstan,2016-04-01,0.51860276782,22.66122797282
Kazakhstan,2016-05-01,0.52918384488,23.33413337583
Kazakhstan,2016-06-01,0.52393231571,23.84418212287
Kazakhstan,2016-07-01,0.52219838708,23.49505567502
Kazakhstan,2016-08-01,0.52234202913,24.97457595621
Kazakhstan,2016-09-01,0.53645611581,26.75426512709
Kazakhstan,2016-10-01,0.55026667543,29.3942291099
Kazakhstan,2016-11-01,0.54174558627,30.90841367192
Kazakhstan,2016-12-01,0.55457918166,32.16351945084
Kazakhstan,2017-01-01,0.56495673414,34.21483099794
Kazakhstan,2017-02-01,0.58894413855,38.82537610339
Kazakhstan,2017-03-01,0.59438986421,38.97102936237
Kazakhstan,2017-04-01,0.60174199021,38.99448075593
Kazakhstan,2017-05-01,0.6013400205,39.31520510045
Kazakhstan,2017-06-01,0.59356973124,38.95993780857
Kazakhstan,2017-07-01,0.58112699123,42.01341191727
Kazakhstan,2017-08-01,0.5752489978,44.28307564556
Kazakhstan,2017-09-01,0.57359637687,46.535700397
Kazakhstan,2017-10-01,0.58408631473,47.9500035418
Kazakhstan,2017-11-01,0.59092732349,49.36816709615
Kazakhstan,2017-12-01,0.59202959217,50.20643368733
Kazakhstan,2018-01-01,0.6130201807,55.90305147849
Kazakhstan,2018-02-01,0.62089245751,57.22631235033
Kazakhstan,2018-03-01,0.62596351338,59.48427218242
Kazakhstan,2018-04-01,0.61400620668,59.03854745836
Kazakhstan,2018-05-01,0.60982499346,59.88805683737
Kazakhstan,2018-06-01,0.59991404827,56.59493055051
Kazakhstan,2018-07-01,0.59261797214,54.74845918131
Kazakhstan,2018-08-01,0.5780472699,49.71795892731
Kazakhstan,2018-09-01,0.56949494947,46.90778825027
Kazakhstan,2018-10-01,0.57742713659,47.61015460024
Kazakhstan,2018-11-01,0.57628423238,47.34231144531
Kazakhstan,2018-12-01,0.57379047995,48.14012216791
Kazakhstan,2019-01-01,0.57343953823,47.96519961122
Kazakhstan,2019-02-01,0.57469443781,48.75938498824
Kazakhstan,2019-03-01,0.57644195208,49.71291955436
Kazakhstan,2019-04-01,0.57985034037,50.3807798723
Kazakhstan,2019-05-01,0.57989259803,47.57016143386
Kazakhstan,2019-06-01,0.58126384854,46.09688823209
Kazakhstan,2019-07-01,0.5835066884,46.75589044064
Kazakhstan,2019-08-01,0.57825887794,44.63940316508
Kazakhstan,2019-09-01,0.583802246,44.43514253092
Kazakhstan,2019-10-01,0.58382579883,44.62648068675
Kazakhstan,2019-11-01,0.58504378623,47.03453495867
Kazakhstan,2019-12-01,0.59274429759,47.81672336102
Kazakhstan,2020-01-01,0.60032715339,48.75020942817
Kazakhstan,2020-02-01,0.5955022099,48.55722319947
Kazakhstan,2020-03-01,0.54348999676,41.35737733772
Kazakhstan,2020-04-01,0.53100897717,41.03167962825
Kazakhstan,2020-05-01,0.54914453102,43.14215803783
Kazakhstan,2020-06-01,0.56944730306,45.66503815617
Kazakhstan,2020-07-01,0.56000702275,46.08531881073
Kazakhstan,2020-08-01,0.55542689742,45.89661929844
Kazakhstan,2020-09-01,0.55436915698,45.80132567948
Kazakhstan,2020-10-01,0.55327505659,44.81170488535
Kazakhstan,2020-11-01,0.55666106934,46.63526006657
Kazakhstan,2020-12-01,0.57086807451,49.35318996771
Kyrgyzstan,2005-01-01,0.86617441224,
Kyrgyzstan,2005-02-01,0.86681880094,
Kyrgyzstan,2005-03-01,0.86781855962,
Kyrgyzstan,2005-04-01,0.86760745895,
Kyrgyzstan,2005-05-01,0.86807986533,
Kyrgyzstan,2005-06-01,0.86812240249,
Kyrgyzstan,2005-07-01,0.86780766254,
Kyrgyzstan,2005-08-01,0.86788129436,
Kyrgyzstan,2005-09-01,0.86839338529,
Kyrgyzstan,2005-10-01,0.86841484236,
Kyrgyzstan,2005-11-01,0.86789468409,
Kyrgyzstan,2005-12-01,0.86855699139,
Kyrgyzstan,2006-01-01,0.89033234465,
Kyrgyzstan,2006-02-01,0.89229133791,
Kyrgyzstan,2006-03-01,0.89134398842,
Kyrgyzstan,2006-04-01,0.8923877573,
Kyrgyzstan,2006-05-01,0.89198481603,
Kyrgyzstan,2006-06-01,0.89199962038,
Kyrgyzstan,2006-07-01,0.89401532405,
Kyrgyzstan,2006-08-01,0.89281541718,
Kyrgyzstan,2006-09-01,0.8924074105,
Kyrgyzstan,2006-10-01,0.89275232814,
Kyrgyzstan,2006-11-01,0.89290975726,
Kyrgyzstan,2006-12-01,0.89260247518,
Kyrgyzstan,2007-01-01,0.94241806605,
Kyrgyzstan,2007-02-01,0.9429091447,
Kyrgyzstan,2007-03-01,0.94317052143,
Kyrgyzstan,2007-04-01,0.94312196949,
Kyrgyzstan,2007-05-01,0.94292679665,
Kyrgyzstan,2007-06-01,0.94520896701,
Kyrgyzstan,2007-07-01,0.94667870115,
Kyrgyzstan,2007-08-01,0.94797343309,
Kyrgyzstan,2007-09-01,0.95239827999,
Kyrgyzstan,2007-10-01,0.95428011831,
Kyrgyzstan,2007-11-01,0.95479317215,
Kyrgyzstan,2007-12-01,0.95833998688,
Kyrgyzstan,2008-01-01,1.02921467312,
Kyrgyzstan,2008-02-01,1.03947560469,
Kyrgyzstan,2008-03-01,1.04207886844,
Kyrgyzstan,2008-04-01,1.03989096828,
Kyrgyzstan,2008-05-01,1.04231845118,
Kyrgyzstan,2008-06-01,1.05200546099,
Kyrgyzstan,2008-07-01,1.05588676315,
Kyrgyzstan,2008-08-01,1.05422163816,
Kyrgyzstan,2008-09-01,1.04969517128,
Kyrgyzstan,2008-10-01,1.03896072429,
Kyrgyzstan,2008-11-01,1.03132405464,
Kyrgyzstan,2008-12-01,1.02613944596,
Kyrgyzstan,2009-01-01,0.96883922086,
Kyrgyzstan,2009-02-01,0.96695010104,
Kyrgyzstan,2009-03-01,0.96436621263,
Kyrgyzstan,2009-04-01,0.96146369775,
Kyrgyzstan,2009-05-01,0.96397545705,
Kyrgyzstan,2009-06-01,0.9648789726,
Kyrgyzstan,2009-07-01,0.96357499201,
Kyrgyzstan,2009-08-01,0.96381456963,
Kyrgyzstan,2009-09-01,0.96267287132,
Kyrgyzstan,2009-10-01,0.96272911637,
Kyrgyzstan,2009-11-01,0.96435071616,
Kyrgyzstan,2009-12-01,0.96483816099,
Kyrgyzstan,2010-01-01,1.0,
Kyrgyzstan,2010-02-01,1.00010953392,
Kyrgyzstan,2010-03-01,1.00009091059,
Kyrgyzstan,2010-04-01,1.00277070761,
Kyrgyzstan,2010-05-01,1.00235285668,
Kyrgyzstan,2010-06-01,0.99890662909,
Kyrgyzstan,2010-07-01,1.00060016951,
Kyrgyzstan,2010-08-01,1.00434348363,
Kyrgyzstan,2010-09-01,1.00781846075,
Kyrgyzstan,2010-10-01,1.00905513434,
Kyrgyzstan,2010-11-01,1.0105524034,
Kyrgyzstan,2010-12-01,1.01551186692,
Kyrgyzstan,2011-01-01,1.10365310428,
Kyrgyzstan,2011-02-01,1.10487501599,
Kyrgyzstan,2011-03-01,1.10461116489,
Kyrgyzstan,2011-04-01,1.106734364,
Kyrgyzstan,2011-05-01,1.10547222303,
Kyrgyzstan,2011-06-01,1.10414038398,
Kyrgyzstan,2011-07-01,1.10423156138,
Kyrgyzstan,2011-08-01,1.1056159123,
Kyrgyzstan,2011-09-01,1.1043846035,
Kyrgyzstan,2011-10-01,1.10200297598,
Kyrgyzstan,2011-11-01,1.1016092811,
Kyrgyzstan,2011-12-01,1.10021963237,
Kyrgyzstan,2012-01-01,1.08792713788,
Kyrgyzstan,2012-02-01,1.08851913043,
Kyrgyzstan,2012-03-01,1.08839534854,
Kyrgyzstan,2012-04-01,1.08664489506,
Kyrgyzstan,2012-05-01,1.08490288231,
Kyrgyzstan,2012-06-01,1.08440219832,
Kyrgyzstan,2012-07-01,1.08897992778,
Kyrgyzstan,2012-08-01,1.08923888335,
Kyrgyzstan,2012-09-01,1.0886731304,
Kyrgyzstan,2012-10-01,1.08870671947,
Kyrgyzstan,2012-11-01,1.09013229392,
Kyrgyzstan,2012-12-01,1.09025919025,
Kyrgyzstan,2013-01-01,1.07516849409,
Kyrgyzstan,2013-02-01,1.07385221606,
Kyrgyzstan,2013-03-01,1.07267899618,
Kyrgyzstan,2013-04-01,1.07229328399,
Kyrgyzstan,2013-05-01,1.07244778656,
Kyrgyzstan,2013-06-01,1.06975417441,
Kyrgyzstan,2013-07-01,1.06900159407,
Kyrgyzstan,2013-08-01,1.06893843619,
Kyrgyzstan,2013-09-01,1.06901123546,
Kyrgyzstan,2013-10-01,1.07084301778,
Kyrgyzstan,2013-11-01,1.07017036656,
Kyrgyzstan,2013-12-01,1.06946869597,
Kyrgyzstan,2014-01-01,1.06658531744,
Kyrgyzstan,2014-02-01,1.06787438133,
Kyrgyzstan,2014-03-01,1.07064912791,
Kyrgyzstan,2014-04-01,1.0698013867,
Kyrgyzstan,2014-05-01,1.07096597581,
Kyrgyzstan,2014-06-01,1.06988267265,
Kyrgyzstan,2014-07-01,1.07171981999,
Kyrgyzstan,2014-08-01,1.07436461764,
Kyrgyzstan,2014-09-01,1.07397944391,
Kyrgyzstan,2014-10-01,1.07344237439,
Kyrgyzstan,2014-11-01,1.07277738985,
Kyrgyzstan,2014-12-01,1.07064268335,
Kyrgyzstan,2015-01-01,1.06544340601,
Kyrgyzstan,2015-02-01,1.06162666185,
Kyrgyzstan,2015-03-01,1.06018610694,
Kyrgyzstan,2015-04-01,1.06063155646,
Kyrgyzstan,2015-05-01,1.05846531089,
Kyrgyzstan,2015-06-01,1.05721967512,
Kyrgyzstan,2015-07-01,1.05780423631,
Kyrgyzstan,2015-08-01,1.05722860338,
Kyrgyzstan,2015-09-01,1.05530959189,
Kyrgyzstan,2015-10-01,1.05368508192,
Kyrgyzstan,2015-11-01,1.05282730802,
Kyrgyzstan,2015-12-01,1.05157069007,
Kyrgyzstan,2016-01-01,1.06805023154,
Kyrgyzstan,2016-02-01,,
Kyrgyzstan,2016-03-01,,
Kyrgyzstan,2016-04-01,,
Kyrgyzstan,2016-05-01,,
Kyrgyzstan,2016-06-01,,
Kyrgyzstan,2016-07-01,,
Kyrgyzstan,2016-08-01,,
Kyrgyzstan,2016-09-01,,
Kyrgyzstan,2016-10-01,,
Kyrgyzstan,2016-11-01,,
Kyrgyzstan,2016-12-01,,
Kyrgyzstan,2017-01-01,,
Kyrgyzstan,2017-02-01,,
Kyrgyzstan,2017-03-01,,
Kyrgyzstan,2017-04-01,,
Kyrgyzstan,2017-05-01,,
Kyrgyzstan,2017-06-01,,
Kyrgyzstan,2017-07-01,,
Kyrgyzstan,2017-08-01,,
Kyrgyzstan,2017-09-01,,
Kyrgyzstan,2017-10-01,,
Kyrgyzstan,2017-11-01,,
Kyrgyzstan,2017-12-01,,
Kyrgyzstan,2018-01-01,,
Kyrgyzstan,2018-02-01,,
Kyrgyzstan,2018-03-01,,
Kyrgyzstan,2018-04-01,,
Kyrgyzstan,2018-05-01,,
Kyrgyzstan,2018-06-01,,
Kyrgyzstan,2018-07-01,,
Kyrgyzstan,2018-08-01,,
Kyrgyzstan,2018-09-01,,
Kyrgyzstan,2018-10-01,,
Kyrgyzstan,2018-11-01,,
Kyrgyzstan,2018-12-01,,
Kyrgyzstan,2019-01-01,,
Kyrgyzstan,2019-02-01,,
Kyrgyzstan,2019-03-01,,
Kyrgyzstan,2019-04-01,,
Kyrgyzstan,2019-05-01,,
Kyrgyzstan,2019-06-01,,
Kyrgyzstan,2019-07-01,,
Kyrgyzstan,2019-08-01,,
Kyrgyzstan,2019-09-01,,
Kyrgyzstan,2019-10-01,,
Kyrgyzstan,2019-11-01,,
Kyrgyzstan,2019-12-01,,
Kyrgyzstan,2020-01-01,,
Kyrgyzstan,2020-02-01,,
Kyrgyzstan,2020-03-01,,
Kyrgyzstan,2020-04-01,,
Kyrgyzstan,2020-05-01,,
Kyrgyzstan,2020-06-01,,
Kyrgyzstan,2020-07-01,,
Kyrgyzstan,2020-08-01,,
Kyrgyzstan,2020-09-01,,
Kyrgyzstan,2020-10-01,,
Kyrgyzstan,2020-11-01,,
Kyrgyzstan,2020-12-01,,
"Korea, Republic of",2005-01-01,0.7710980928,89.52455503463
"Korea, Republic of",2005-02-01,0.78228084268,102.61072098745
"Korea, Republic of",2005-03-01,0.8061004749,100.03176504772
"Korea, Republic of",2005-04-01,0.81443331976,94.44752949671
"Korea, Republic of",2005-05-01,0.80279524682,93.65450304202
"Korea, Republic of",2005-06-01,0.80570579529,102.28466520634
"Korea, Republic of",2005-07-01,0.80858268107,107.72901860561
"Korea, Republic of",2005-08-01,0.82818781159,107.62588829255
"Korea, Republic of",2005-09-01,0.83362665662,111.13258673489
"Korea, Republic of",2005-10-01,0.81652499296,120.31836374159
"Korea, Republic of",2005-11-01,0.80223836709,133.34595610486
"Korea, Republic of",2005-12-01,0.80803001578,149.85246254143
"Korea, Republic of",2006-01-01,0.83272094364,153.10325272735
"Korea, Republic of",2006-02-01,0.83405991242,143.95284739736
"Korea, Republic of",2006-03-01,0.83318163356,143.33755031751
"Korea, Republic of",2006-04-01,0.86502072924,154.77752171208
"Korea, Republic of",2006-05-01,0.89151149215,149.82782763286
"Korea, Republic of",2006-06-01,0.88741708818,128.36313249113
"Korea, Republic of",2006-07-01,0.9037167979,126.04973874577
"Korea, Republic of",2006-08-01,0.91002900867,122.41491718104
"Korea, Republic of",2006-09-01,0.88616472508,133.42903191483
"Korea, Republic of",2006-10-01,0.87459027946,128.69072693188
"Korea, Republic of",2006-11-01,0.87722508332,138.07732001062
"Korea, Republic of",2006-12-01,0.88742766988,139.86008546549
"Korea, Republic of",2007-01-01,0.86171877424,134.61939319539
"Korea, Republic of",2007-02-01,0.87694231723,136.5814434049
"Korea, Republic of",2007-03-01,0.89996831846,141.44650415986
"Korea, Republic of",2007-04-01,0.9222691633,154.8432539032
"Korea, Republic of",2007-05-01,0.93013446067,162.70679531512
"Korea, Republic of",2007-06-01,0.92705181236,178.45761323367
"Korea, Republic of",2007-07-01,0.93661685683,187.96286389659
"Korea, Republic of",2007-08-01,0.92871917254,173.92294710695
"Korea, Republic of",2007-09-01,0.95601340355,177.62257232566
"Korea, Republic of",2007-10-01,0.98024312594,186.28289707787
"Korea, Republic of",2007-11-01,1.01630518443,175.07489329661
"Korea, Republic of",2007-12-01,1.01843037642,165.02746409773
"Korea, Republic of",2008-01-01,1.03760605822,150.49674059645
"Korea, Republic of",2008-02-01,1.06365860329,145.73879168431
"Korea, Republic of",2008-03-01,1.10562901929,135.91854411412
"Korea, Republic of",2008-04-01,1.14280880652,139.51675869345
"Korea, Republic of",2008-05-01,1.20505295984,133.01806541891
"Korea, Republic of",2008-06-01,1.24338104914,127.72280079229
"Korea, Republic of",2008-07-01,1.27216915106,112.1021165623
"Korea, Republic of",2008-08-01,1.18313939423,103.13015288949
"Korea, Republic of",2008-09-01,1.11581659071,83.15028635643
"Korea, Republic of",2008-10-01,0.99730786791,56.37936584292
"Korea, Republic of",2008-11-01,0.87928805582,47.43165924559
"Korea, Republic of",2008-12-01,0.85331576716,50.72446622673
"Korea, Republic of",2009-01-01,0.84272342236,55.74036917189
"Korea, Republic of",2009-02-01,0.82314236133,55.82752702302
"Korea, Republic of",2009-03-01,0.82640072659,57.52737834035
"Korea, Republic of",2009-04-01,0.82891522458,77.06043999842
"Korea, Republic of",2009-05-01,0.85413259715,90.40177787472
"Korea, Republic of",2009-06-01,0.894502371,87.02380686943
"Korea, Republic of",2009-07-01,0.89440333073,83.65469363912
"Korea, Republic of",2009-08-01,0.92919396403,88.42490286088
"Korea, Republic of",2009-09-01,0.9298630426,91.56763493426
"Korea, Republic of",2009-10-01,0.95111840318,90.8325730732
"Korea, Republic of",2009-11-01,0.97909668771,87.21661515029
"Korea, Republic of",2009-12-01,0.98141681218,90.8427655062
"Korea, Republic of",2010-01-01,1.0,100.0
"Korea, Republic of",2010-02-01,0.9882548586,92.87865316294
"Korea, Republic of",2010-03-01,1.01364178139,97.06535609514
"Korea, Republic of",2010-04-01,1.04211062621,97.73333933245
"Korea, Republic of",2010-05-01,1.02222117056,90.83573495825
"Korea, Republic of",2010-06-01,1.0071288301,86.42344520374
"Korea, Republic of",2010-07-01,1.01170037066,86.63540340189
"Korea, Republic of",2010-08-01,1.0316925308,85.65150029578
"Korea, Republic of",2010-09-01,1.04656494621,88.19532113752
"Korea, Republic of",2010-10-01,1.07012270517,96.60382263811
"Korea, Republic of",2010-11-01,1.08522392369,97.08933564313
"Korea, Republic of",2010-12-01,1.11674485043,93.73818216946
"Korea, Republic of",2011-01-01,1.13734591685,100.39444380433
"Korea, Republic of",2011-02-01,1.17177827552,98.30566412079
"Korea, Republic of",2011-03-01,1.21000928231,96.90129706985
"Korea, Republic of",2011-04-01,1.25759504426,103.55681228004
"Korea, Republic of",2011-05-01,1.23186906339,97.04158482224
"Korea, Republic of",2011-06-01,1.22916924307,92.26112893872
"Korea, Republic of",2011-07-01,1.23932949062,102.76000682569
"Korea, Republic of",2011-08-01,1.22444733952,96.67225283969
"Korea, Republic of",2011-09-01,1.21277285462,87.47121061709
"Korea, Republic of",2011-10-01,1.19259010755,87.26157750762
"Korea, Republic of",2011-11-01,1.19495458592,93.35251112789
"Korea, Republic of",2011-12-01,1.18175033035,92.78517250128
"Korea, Republic of",2012-01-01,1.19896537277,95.98673706783
"Korea, Republic of",2012-02-01,1.22652819918,100.87812543912
"Korea, Republic of",2012-03-01,1.24291580243,100.43606698251
"Korea, Republic of",2012-04-01,1.21939929422,92.77755757717
"Korea, Republic of",2012-05-01,1.17487109805,87.30519197536
"Korea, Republic of",2012-06-01,1.12584010909,86.76156801278
"Korea, Republic of",2012-07-01,1.13760093669,89.44849671033
"Korea, Republic of",2012-08-01,1.16698456125,91.14700869911
"Korea, Republic of",2012-09-01,1.18428854047,98.15059658664
"Korea, Republic of",2012-10-01,1.16308755696,100.74914692858
"Korea, Republic of",2012-11-01,1.14865468086,98.53566338682
"Korea, Republic of",2012-12-01,1.14887392808,96.49440043995
"Korea, Republic of",2013-01-01,1.14950337587,101.39878260114
"Korea, Republic of",2013-02-01,1.15919682697,100.92957961139
"Korea, Republic of",2013-03-01,1.13261877965,105.36357316906
"Korea, Republic of",2013-04-01,1.11535182625,104.63952816829
"Korea, Republic of",2013-05-01,1.10427550788,109.33556500454
"Korea, Republic of",2013-06-01,1.10405857753,99.33554203715
"Korea, Republic of",2013-07-01,1.10429568361,100.87999119866
"Korea, Republic of",2013-08-01,1.12127830835,103.02825292479
"Korea, Republic of",2013-09-01,1.12831300772,103.47206354179
"Korea, Republic of",2013-10-01,1.11861343876,105.83218767298
"Korea, Republic of",2013-11-01,1.11746650474,102.78969072065
"Korea, Republic of",2013-12-01,1.12891330605,99.8825534624
"Korea, Republic of",2014-01-01,1.11475757809,102.22632483311
"Korea, Republic of",2014-02-01,1.11982058187,103.49522356378
"Korea, Republic of",2014-03-01,1.11426215813,107.47671581891
"Korea, Republic of",2014-04-01,1.11584876306,114.17325946921
"Korea, Republic of",2014-05-01,1.11614767027,114.38833991328
"Korea, Republic of",2014-06-01,1.12171686443,111.17503011988
"Korea, Republic of",2014-07-01,1.11424197424,115.54320592837
"Korea, Republic of",2014-08-01,1.10135354767,115.53694247166
"Korea, Republic of",2014-09-01,1.07664050677,117.70728471694
"Korea, Republic of",2014-10-01,1.03888379219,111.73337450854
"Korea, Republic of",2014-11-01,0.99597665348,105.08999270057
"Korea, Republic of",2014-12-01,0.93981807255,103.9275409769
"Korea, Republic of",2015-01-01,0.88033658984,112.77649109083
"Korea, Republic of",2015-02-01,0.89558905748,117.2598059899
"Korea, Republic of",2015-03-01,0.88819318897,121.24891907207
"Korea, Republic of",2015-04-01,0.88834318224,134.19191448654
"Korea, Republic of",2015-05-01,0.89380922491,135.5066760143
"Korea, Republic of",2015-06-01,0.88297093586,138.09989725585
"Korea, Republic of",2015-07-01,0.85277704158,139.72421912437
"Korea, Republic of",2015-08-01,0.82467746511,125.69873792017
"Korea, Republic of",2015-09-01,0.8158822678,120.49422255132
"Korea, Republic of",2015-10-01,0.81965911955,126.87659377498
"Korea, Republic of",2015-11-01,0.80070016491,125.58515830796
"Korea, Republic of",2015-12-01,0.77791356633,120.73014034795
"Korea, Republic of",2016-01-01,0.74799428755,120.0369356359
"Korea, Republic of",2016-02-01,0.74951365611,113.46960048681
"Korea, Republic of",2016-03-01,0.77123469607,123.17696974204
"Korea, Republic of",2016-04-01,0.78221389354,129.42381515083
"Korea, Republic of",2016-05-01,0.78925334374,125.41790023125
"Korea, Republic of",2016-06-01,0.80109177041,125.02726938281
"Korea, Republic of",2016-07-01,0.79549223509,130.18705255596
"Korea, Republic of",2016-08-01,0.80399417874,132.44553842515
"Korea, Republic of",2016-09-01,0.80688635107,130.08268873573
"Korea, Republic of",2016-10-01,0.82901721601,124.59223031228
"Korea, Republic of",2016-11-01,0.82068301907,111.68510797469
"Korea, Republic of",2016-12-01,0.84049597075,109.0146430128
"Korea, Republic of",2017-01-01,0.86257179804,113.19712283737
"Korea, Republic of",2017-02-01,0.87113070649,114.24096460338
"Korea, Republic of",2017-03-01,0.85963512219,114.37693462247
"Korea, Republic of",2017-04-01,0.86265053384,117.79963056042
"Korea, Republic of",2017-05-01,0.85631298105,121.37518615743
"Korea, Republic of",2017-06-01,0.84226578554,125.29521634069
"Korea, Republic of",2017-07-01,0.84644912525,124.41307874222
"Korea, Republic of",2017-08-01,0.85986491441,121.27019479952
"Korea, Republic of",2017-09-01,0.87405641328,123.29433071415
"Korea, Republic of",2017-10-01,0.87940464683,127.00911097424
"Korea, Republic of",2017-11-01,0.90229281065,145.05796454787
"Korea, Republic of",2017-12-01,0.90810017348,150.18252945659
"Korea, Republic of",2018-01-01,0.929072937,173.27033861773
"Korea, Republic of",2018-02-01,0.92684450334,170.01525499051
"Korea, Republic of",2018-03-01,0.93763731407,172.26157336785
"Korea, Republic of",2018-04-01,0.95112060483,175.1603608435
"Korea, Republic of",2018-05-01,0.9710336151,170.50713988403
"Korea, Republic of",2018-06-01,0.96798395731,165.15974382487
"Korea, Republic of",2018-07-01,0.95537055553,150.17753454496
"Korea, Republic of",2018-08-01,0.95435119284,149.08440925864
"Korea, Republic of",2018-09-01,0.97138373533,156.50835704403
"Korea, Republic of",2018-10-01,0.97867846591,136.24167643094
"Korea, Republic of",2018-11-01,0.93368681281,129.70584720665
"Korea, Republic of",2018-12-01,0.90304723624,128.11839542776
"Korea, Republic of",2019-01-01,0.90254400122,130.88018276085
"Korea, Republic of",2019-02-01,0.92074290223,139.92112739417
"Korea, Republic of",2019-03-01,0.92924889455,139.40217268354
"Korea, Republic of",2019-04-01,0.93651949725,140.57197575725
"Korea, Republic of",2019-05-01,0.923455933,128.29800231134
"Korea, Republic of",2019-06-01,0.89620774254,129.36781183527
"Korea, Republic of",2019-07-01,0.90195577827,120.64958689734
"Korea, Republic of",2019-08-01,0.88240196263,104.50380221539
"Korea, Republic of",2019-09-01,0.89177601686,112.47017651168
"Korea, Republic of",2019-10-01,0.87935153043,116.04066706749
"Korea, Republic of",2019-11-01,0.88199914165,119.49266694273
"Korea, Republic of",2019-12-01,0.89165317396,115.80300810365
"Korea, Republic of",2020-01-01,0.88941691203,122.17571369723
"Korea, Republic of",2020-02-01,0.85660844903,118.7126409777
"Korea, Republic of",2020-03-01,0.79724640249,96.293220184
"Korea, Republic of",2020-04-01,0.74807264856,106.95235855806
"Korea, Republic of",2020-05-01,0.77371874589,120.14073162777
"Korea, Republic of",2020-06-01,0.80708652603,130.91815037515
"Korea, Republic of",2020-07-01,0.80617594183,138.49546445227
"Korea, Republic of",2020-08-01,0.80602825949,149.68789109673
"Korea, Republic of",2020-09-01,0.80311461192,156.24397585481
"Korea, Republic of",2020-10-01,0.80786315324,154.94195879979
"Korea, Republic of",2020-11-01,0.82888908203,162.20435383564
"Korea, Republic of",2020-12-01,0.86238060729,180.34276162572
Lithuania,2005-01-01,0.74785097752,99.83650312382
Lithuania,2005-02-01,0.74955035871,104.18353334977
Lithuania,2005-03-01,0.75171098032,110.15750995157
Lithuania,2005-04-01,0.75154720353,117.63422163458
Lithuania,2005-05-01,0.75671953506,121.90782327538
Lithuania,2005-06-01,0.76444233611,123.65687136724
Lithuania,2005-07-01,0.78477748332,121.95786024253
Lithuania,2005-08-01,0.79005481589,129.40901307994
Lithuania,2005-09-01,0.79033621047,146.20283966816
Lithuania,2005-10-01,0.77508576162,149.56534151996
Lithuania,2005-11-01,0.77327720931,139.54779184396
Lithuania,2005-12-01,0.77437464811,129.60986870343
Lithuania,2006-01-01,0.79664123568,135.40614164297
Lithuania,2006-02-01,0.7778700469,120.70386587347
Lithuania,2006-03-01,0.78704812008,122.45959040685
Lithuania,2006-04-01,0.83465566717,130.86163896538
Lithuania,2006-05-01,0.85911923126,128.27164507305
Lithuania,2006-06-01,0.83927399878,120.12548382946
Lithuania,2006-07-01,0.86560747945,121.13064642015
Lithuania,2006-08-01,0.86974390759,119.25991858277
Lithuania,2006-09-01,0.83388461903,128.97863444807
Lithuania,2006-10-01,0.85274801786,130.23271081313
Lithuania,2006-11-01,0.83285165305,138.01979897856
Lithuania,2006-12-01,0.86414744894,154.25491418291
Lithuania,2007-01-01,0.85591842196,162.03296438496
Lithuania,2007-02-01,0.87272760135,166.34765526333
Lithuania,2007-03-01,0.88818654096,159.27166653067
Lithuania,2007-04-01,0.91614832178,164.61326303549
Lithuania,2007-05-01,0.92840361553,161.99009179961
Lithuania,2007-06-01,0.93786898656,167.78614359142
Lithuania,2007-07-01,0.97141816755,185.72926370263
Lithuania,2007-08-01,0.9504660541,183.91014233525
Lithuania,2007-09-01,0.98619063114,189.52936730655
Lithuania,2007-10-01,1.01410047785,202.33185037517
Lithuania,2007-11-01,1.08052987903,191.77103095222
Lithuania,2007-12-01,1.07070194875,181.49892515048
Lithuania,2008-01-01,1.08755011346,176.14519088947
Lithuania,2008-02-01,1.09935721027,175.09917617
Lithuania,2008-03-01,1.16415260698,184.38604995909
Lithuania,2008-04-01,1.18951172922,174.12249864007
Lithuania,2008-05-01,1.2016231511,162.92896125313
Lithuania,2008-06-01,1.22791383931,164.65275462789
Lithuania,2008-07-01,1.24388073622,158.61795377499
Lithuania,2008-08-01,1.17874453579,150.72835375212
Lithuania,2008-09-01,1.11932825298,138.28997112555
Lithuania,2008-10-01,1.00035315426,86.7673813294
Lithuania,2008-11-01,0.93816021907,62.70565102457
Lithuania,2008-12-01,0.95738646752,58.15893704384
Lithuania,2009-01-01,0.8809007354,61.8125373824
Lithuania,2009-02-01,0.84104230571,55.95109469748
Lithuania,2009-03-01,0.85734453403,49.72902382773
Lithuania,2009-04-01,0.86075378056,52.35790000465
Lithuania,2009-05-01,0.90450063302,56.31871122367
Lithuania,2009-06-01,0.95105567882,63.6116205937
Lithuania,2009-07-01,0.9432070162,63.763517528
Lithuania,2009-08-01,0.97639675227,80.45439094219
Lithuania,2009-09-01,0.98339089144,108.41329465956
Lithuania,2009-10-01,1.01429628798,105.1533342701
Lithuania,2009-11-01,1.02854282423,99.74188016695
Lithuania,2009-12-01,1.00386084685,93.61857466665
Lithuania,2010-01-01,1.0,100.0
Lithuania,2010-02-01,0.97677810479,104.03715478279
Lithuania,2010-03-01,0.99370720746,104.09747133582
Lithuania,2010-04-01,0.99888506194,105.39532587317
Lithuania,2010-05-01,0.92165053139,94.584678414
Lithuania,2010-06-01,0.92132296182,93.25361245956
Lithuania,2010-07-01,0.9607652122,97.77219488463
Lithuania,2010-08-01,0.96087729804,102.32277478015
Lithuania,2010-09-01,0.98674959398,113.12801030996
Lithuania,2010-10-01,1.04356090049,128.22248062314
Lithuania,2010-11-01,1.03789267641,133.7446986367
Lithuania,2010-12-01,1.04908034734,133.33454104121
Lithuania,2011-01-01,1.07372361758,133.97490212369
Lithuania,2011-02-01,1.1272754251,139.37108181602
Lithuania,2011-03-01,1.19169837803,136.84693983674
Lithuania,2011-04-01,1.25086208461,138.02367956106
Lithuania,2011-05-01,1.21940479512,133.13564518845
Lithuania,2011-06-01,1.22029731747,139.78439237502
Lithuania,2011-07-01,1.23452834555,140.88496112262
Lithuania,2011-08-01,1.20886091052,130.65013251979
Lithuania,2011-09-01,1.19650337577,117.96101133895
Lithuania,2011-10-01,1.17648081813,114.18201057026
Lithuania,2011-11-01,1.16438200699,107.9040890005
Lithuania,2011-12-01,1.14059813884,95.7296522989
Lithuania,2012-01-01,1.13593706654,97.74298608287
Lithuania,2012-02-01,1.18677692342,103.42652827403
Lithuania,2012-03-01,1.19816770416,102.31964974906
Lithuania,2012-04-01,1.17536032252,103.59902908111
Lithuania,2012-05-01,1.12843544946,105.75740288369
Lithuania,2012-06-01,1.08153237381,103.70881555145
Lithuania,2012-07-01,1.084448561,103.41940664742
Lithuania,2012-08-01,1.12747600883,106.30362042837
Lithuania,2012-09-01,1.15173737857,109.49632123936
Lithuania,2012-10-01,1.15661431588,110.88891816417
Lithuania,2012-11-01,1.14165329711,109.04905760795
Lithuania,2012-12-01,1.15765541567,113.23455406188
Lithuania,2013-01-01,1.17692017635,120.46602223384
Lithuania,2013-02-01,1.18492617673,121.98914925505
Lithuania,2013-03-01,1.14365404138,122.09764413431
Lithuania,2013-04-01,1.13354015556,125.52897055753
Lithuania,2013-05-01,1.13122016486,125.61436671135
Lithuania,2013-06-01,1.14604341689,130.13041225599
Lithuania,2013-07-01,1.14643115328,132.14092058006
Lithuania,2013-08-01,1.1675432952,135.55752448501
Lithuania,2013-09-01,1.16721570786,136.38788368279
Lithuania,2013-10-01,1.17286210146,140.10446097861
Lithuania,2013-11-01,1.1561710136,137.175024377
Lithuania,2013-12-01,1.1781476704,137.76619319104
Lithuania,2014-01-01,1.16835614309,148.38208821258
Lithuania,2014-02-01,1.17408309849,152.85315719318
Lithuania,2014-03-01,1.1755103838,151.11023912628
Lithuania,2014-04-01,1.17102081193,153.33926599631
Lithuania,2014-05-01,1.16631110156,153.90600899367
Lithuania,2014-06-01,1.16131060726,157.10933152905
Lithuania,2014-07-01,1.14404548833,157.71053435552
Lithuania,2014-08-01,1.11841599365,150.15066949566
Lithuania,2014-09-01,1.0825875211,144.69696872794
Lithuania,2014-10-01,1.04942142227,141.40875006012
Lithuania,2014-11-01,1.01411009972,138.50468357191
Lithuania,2014-12-01,0.96485026468,137.63451763185
Lithuania,2015-01-01,0.88195304048,131.07838029477
Lithuania,2015-02-01,0.88646469598,132.02834139231
Lithuania,2015-03-01,0.85173199564,129.69175044382
Lithuania,2015-04-01,0.8594821733,131.48739346599
Lithuania,2015-05-01,0.8918524307,135.55098580875
Lithuania,2015-06-01,0.8906592127,137.76076316418
Lithuania,2015-07-01,0.86090847986,134.79836765527
Lithuania,2015-08-01,0.85335241571,135.86815795003
Lithuania,2015-09-01,0.85146305944,134.29241292504
Lithuania,2015-10-01,0.84759962009,132.69861147537
Lithuania,2015-11-01,0.79865961726,127.04252751199
Lithuania,2015-12-01,0.79533641219,129.49499427468
Lithuania,2016-01-01,0.7652451553,129.12489781117
Lithuania,2016-02-01,0.78011625554,132.20350608917
Lithuania,2016-03-01,0.79724295319,136.84150813274
Lithuania,2016-04-01,0.81889948838,138.83653017975
Lithuania,2016-05-01,0.82534122897,141.83776007808
Lithuania,2016-06-01,0.82763215225,140.96412956433
Lithuania,2016-07-01,0.81125774048,143.64966282627
Lithuania,2016-08-01,0.82276582695,147.89756113366
Lithuania,2016-09-01,0.82315752421,148.75521521821
Lithuania,2016-10-01,0.81675109899,148.23220974861
Lithuania,2016-11-01,0.79362850547,146.96666142499
Lithuania,2016-12-01,0.79979597212,144.10297017503
Lithuania,2017-01-01,0.81192933153,147.29887209839
Lithuania,2017-02-01,0.81501956102,146.94821232887
Lithuania,2017-03-01,0.81636136109,147.49567319695
Lithuania,2017-04-01,0.81597354685,150.39471262449
Lithuania,2017-05-01,0.83759071794,158.64781421825
Lithuania,2017-06-01,0.84266499036,163.77152664828
Lithuania,2017-07-01,0.86212499545,173.52826202602
Lithuania,2017-08-01,0.88635736995,187.4901371275
Lithuania,2017-09-01,,188.70490795115
Lithuania,2017-10-01,,188.00465735325
Lithuania,2017-11-01,,190.34230024873
Lithuania,2017-12-01,,190.52349305142
Lithuania,2018-01-01,,201.73787180005
Lithuania,2018-02-01,,204.07937468569
Lithuania,2018-03-01,,208.22307493447
Lithuania,2018-04-01,,212.08839974399
Lithuania,2018-05-01,,205.75609661097
Lithuania,2018-06-01,,204.09688852575
Lithuania,2018-07-01,,204.47803899893
Lithuania,2018-08-01,,201.14914046328
Lithuania,2018-09-01,,197.79914172412
Lithuania,2018-10-01,,188.03089890558
Lithuania,2018-11-01,,179.36750081836
Lithuania,2018-12-01,,175.3609985475
Lithuania,2019-01-01,,178.23602365803
Lithuania,2019-02-01,,179.35954956525
Lithuania,2019-03-01,,181.91532459703
Lithuania,2019-04-01,,185.6430517286
Lithuania,2019-05-01,,187.61607770125
Lithuania,2019-06-01,,186.22580264139
Lithuania,2019-07-01,,188.24158264778
Lithuania,2019-08-01,,188.94897411361
Lithuania,2019-09-01,,186.166837808
Lithuania,2019-10-01,,188.88534415656
Lithuania,2019-11-01,,192.80274256893
Lithuania,2019-12-01,,193.56603419045
Lithuania,2020-01-01,,199.34104266318
Lithuania,2020-02-01,,197.13611054632
Lithuania,2020-03-01,,172.20123921586
Lithuania,2020-04-01,,176.16850169502
Lithuania,2020-05-01,,188.04585697347
Lithuania,2020-06-01,,201.98609967847
Lithuania,2020-07-01,,212.99622251429
Lithuania,2020-08-01,,224.46231943437
Lithuania,2020-09-01,,227.32709710001
Lithuania,2020-10-01,,225.72193163621
Lithuania,2020-11-01,,221.38774419466
Lithuania,2020-12-01,,237.04757131688
Luxembourg,2005-01-01,0.84928729143,65.30078047843
Luxembourg,2005-02-01,0.85224076254,67.9965393319
Luxembourg,2005-03-01,0.85511245798,69.91790988679
Luxembourg,2005-04-01,0.85634191159,67.29858227733
Luxembourg,2005-05-01,0.85670641687,64.45260491723
Luxembourg,2005-06-01,0.85753599425,64.17490512147
Luxembourg,2005-07-01,0.85617766526,65.18822785959
Luxembourg,2005-08-01,0.85551739648,69.09802106787
Luxembourg,2005-09-01,0.85622540061,70.75528174154
Luxembourg,2005-10-01,0.85662863614,69.78985858621
Luxembourg,2005-11-01,0.8561832768,70.7099127234
Luxembourg,2005-12-01,0.85737517757,73.62717908795
Luxembourg,2006-01-01,0.87947839382,82.0227771532
Luxembourg,2006-02-01,0.88090834219,91.32118198695
Luxembourg,2006-03-01,0.8806560868,92.82460951344
Luxembourg,2006-04-01,0.88245687416,94.75725158955
Luxembourg,2006-05-01,0.88210856096,99.50555029627
Luxembourg,2006-06-01,0.88311704116,95.99146841244
Luxembourg,2006-07-01,0.88472618287,102.67480510925
Luxembourg,2006-08-01,0.88307764013,107.47726029887
Luxembourg,2006-09-01,0.87995740858,108.9727410984
Luxembourg,2006-10-01,0.8793043623,110.64730378197
Luxembourg,2006-11-01,0.87855739355,116.56627356631
Luxembourg,2006-12-01,0.87908188012,121.27379353411
Luxembourg,2007-01-01,0.9286753198,121.95471356364
Luxembourg,2007-02-01,0.9313365508,131.37243664457
Luxembourg,2007-03-01,0.93124546482,137.04811939787
Luxembourg,2007-04-01,0.9327367936,145.99160442066
Luxembourg,2007-05-01,0.93348974268,147.83113114977
Luxembourg,2007-06-01,0.9331731792,150.68142648833
Luxembourg,2007-07-01,0.93223411261,153.62882494111
Luxembourg,2007-08-01,0.93333762279,143.63779827271
Luxembourg,2007-09-01,0.93780040888,152.64781595864
Luxembourg,2007-10-01,0.94395513057,164.72899785376
Luxembourg,2007-11-01,0.94773608587,150.01988800892
Luxembourg,2007-12-01,0.94794536481,152.75592511679
Luxembourg,2008-01-01,1.01922178157,142.71698713389
Luxembourg,2008-02-01,1.03254429519,150.09990215994
Luxembourg,2008-03-01,1.03925085236,158.96339248599
Luxembourg,2008-04-01,1.03908498298,172.19249482673
Luxembourg,2008-05-01,1.04597168359,188.03956130908
Luxembourg,2008-06-01,1.06736917679,190.3736321306
Luxembourg,2008-07-01,1.07314958949,166.53154057319
Luxembourg,2008-08-01,1.07094815061,155.89078493453
Luxembourg,2008-09-01,1.06616466553,126.56159988134
Luxembourg,2008-10-01,1.05266428598,73.67101617654
Luxembourg,2008-11-01,1.03890682482,58.59326201276
Luxembourg,2008-12-01,1.02577923923,60.89766794208
Luxembourg,2009-01-01,0.97435805351,61.92233085706
Luxembourg,2009-02-01,0.97518708148,58.21977824835
Luxembourg,2009-03-01,0.96505827224,52.81485287809
Luxembourg,2009-04-01,0.95411630915,61.69347422816
Luxembourg,2009-05-01,0.95470850183,67.63998565206
Luxembourg,2009-06-01,0.95548060045,76.11495985597
Luxembourg,2009-07-01,0.95464015595,75.65794584284
Luxembourg,2009-08-01,0.95775340245,80.4177133152
Luxembourg,2009-09-01,0.95876466592,87.168802652
Luxembourg,2009-10-01,0.96138443878,87.52881722619
Luxembourg,2009-11-01,0.96396526186,86.81252417142
Luxembourg,2009-12-01,0.96592717685,94.19979166258
Luxembourg,2010-01-01,1.0,100.0
Luxembourg,2010-02-01,1.00092753144,89.54963455444
Luxembourg,2010-03-01,1.00759344773,96.89967675742
Luxembourg,2010-04-01,1.01932158048,100.34474861037
Luxembourg,2010-05-01,1.02217181064,81.26626222233
Luxembourg,2010-06-01,1.01949421072,75.63599582102
Luxembourg,2010-07-01,1.01345527337,78.08126710565
Luxembourg,2010-08-01,1.0153410664,79.48536347283
Luxembourg,2010-09-01,1.01980676217,83.21242210141
Luxembourg,2010-10-01,1.02439285937,87.82319217621
Luxembourg,2010-11-01,1.02845909679,87.67851345256
Luxembourg,2010-12-01,1.03387853497,92.03850361541
Luxembourg,2011-01-01,1.1207342403,92.38145494833
Luxembourg,2011-02-01,1.12911602485,94.04290203986
Luxembourg,2011-03-01,1.13057880102,92.54216034338
Luxembourg,2011-04-01,1.13859141779,94.38221839009
Luxembourg,2011-05-01,1.13312573391,90.44268636634
Luxembourg,2011-06-01,1.13064037574,88.4913167972
Luxembourg,2011-07-01,1.12969663399,88.54124014098
Luxembourg,2011-08-01,1.13299148623,70.72924818521
Luxembourg,2011-09-01,1.13212414789,61.92981041103
Luxembourg,2011-10-01,1.12420964481,65.35973500215
Luxembourg,2011-11-01,1.11776396256,63.85768713755
Luxembourg,2011-12-01,1.11489780848,62.17246788139
Luxembourg,2012-01-01,1.10374327743,64.97790280204
Luxembourg,2012-02-01,1.1070973884,68.72243324453
Luxembourg,2012-03-01,1.10490933305,66.84306791607
Luxembourg,2012-04-01,1.10306188433,62.42441035307
Luxembourg,2012-05-01,1.09987694982,57.37375143479
Luxembourg,2012-06-01,1.09536380191,54.82099639866
Luxembourg,2012-07-01,1.09522737905,56.79942329412
Luxembourg,2012-08-01,1.0926718698,58.9617576085
Luxembourg,2012-09-01,1.09602060225,61.00485185328
Luxembourg,2012-10-01,1.09756530161,61.31257961786
Luxembourg,2012-11-01,1.09591931491,61.22744541002
Luxembourg,2012-12-01,1.09656019215,64.0431652067
Luxembourg,2013-01-01,1.08549396905,66.02809281594
Luxembourg,2013-02-01,1.0836008252,63.6915940335
Luxembourg,2013-03-01,1.08064621726,58.64354875767
Luxembourg,2013-04-01,1.07793467747,56.01257844074
Luxembourg,2013-05-01,1.07695802188,57.11631767347
Luxembourg,2013-06-01,1.07251842968,55.9122354631
Luxembourg,2013-07-01,1.07018527936,56.40980180156
Luxembourg,2013-08-01,1.07166059136,59.4369728308
Luxembourg,2013-09-01,1.07169162662,61.55714478323
Luxembourg,2013-10-01,1.07044860021,65.02735240092
Luxembourg,2013-11-01,1.06955300371,69.17538526355
Luxembourg,2013-12-01,1.06928942255,70.88852689311
Luxembourg,2014-01-01,1.06640389147,72.77890443899
Luxembourg,2014-02-01,1.06757899608,72.58833402841
Luxembourg,2014-03-01,1.07074865587,72.02603809877
Luxembourg,2014-04-01,1.0695498148,72.96216685894
Luxembourg,2014-05-01,1.06776388234,71.54570418511
Luxembourg,2014-06-01,1.06680390588,70.98981767512
Luxembourg,2014-07-01,1.06829245072,70.0382107383
Luxembourg,2014-08-01,1.06883100866,66.96062920031
Luxembourg,2014-09-01,1.06628025747,65.61218035141
Luxembourg,2014-10-01,1.06603757162,60.75361079281
Luxembourg,2014-11-01,1.06392732401,61.63079188556
Luxembourg,2014-12-01,1.06253319897,61.05299742786
Luxembourg,2015-01-01,1.06059991192,57.7218967257
Luxembourg,2015-02-01,1.05923171158,59.94087239833
Luxembourg,2015-03-01,1.05667532511,58.88412558399
Luxembourg,2015-04-01,1.0568653077,58.98971785139
Luxembourg,2015-05-01,1.05709501432,59.97935753698
Luxembourg,2015-06-01,1.0565545312,59.43775246524
Luxembourg,2015-07-01,1.05408246626,55.2623726325
Luxembourg,2015-08-01,1.0529668099,53.04842216566
Luxembourg,2015-09-01,1.05124092156,49.05048788757
Luxembourg,2015-10-01,1.05086420172,48.50310428632
Luxembourg,2015-11-01,1.0480849732,46.08135003257
Luxembourg,2015-12-01,1.0473028124,43.79004091757
Luxembourg,2016-01-01,1.06367269249,40.89436930521
Luxembourg,2016-02-01,,40.93284812669
Luxembourg,2016-03-01,,44.81499464244
Luxembourg,2016-04-01,,51.05345743522
Luxembourg,2016-05-01,,47.37661061908
Luxembourg,2016-06-01,,45.93775748346
Luxembourg,2016-07-01,,46.45956366106
Luxembourg,2016-08-01,,50.05511434486
Luxembourg,2016-09-01,,49.76152100555
Luxembourg,2016-10-01,,49.59245871587
Luxembourg,2016-11-01,,49.6361187198
Luxembourg,2016-12-01,,50.8977061274
Luxembourg,2017-01-01,,52.21820915197
Luxembourg,2017-02-01,,54.4559106528
Luxembourg,2017-03-01,,55.28324185335
Luxembourg,2017-04-01,,54.30509211317
Luxembourg,2017-05-01,,53.68790281488
Luxembourg,2017-06-01,,53.27823195941
Luxembourg,2017-07-01,,55.55538269777
Luxembourg,2017-08-01,,57.27403772155
Luxembourg,2017-09-01,,56.7275318368
Luxembourg,2017-10-01,,57.41520336622
Luxembourg,2017-11-01,,55.69894742846
Luxembourg,2017-12-01,,59.09291793465
Luxembourg,2018-01-01,,64.60541476023
Luxembourg,2018-02-01,,62.4005783727
Luxembourg,2018-03-01,,59.93649572656
Luxembourg,2018-04-01,,59.9123893799
Luxembourg,2018-05-01,,60.91869655227
Luxembourg,2018-06-01,,58.94973774992
Luxembourg,2018-07-01,,57.22999708736
Luxembourg,2018-08-01,,58.3708918837
Luxembourg,2018-09-01,,57.93069970686
Luxembourg,2018-10-01,,55.52034428181
Luxembourg,2018-11-01,,49.66099251596
Luxembourg,2018-12-01,,45.45517775779
Luxembourg,2019-01-01,,46.1417859111
Luxembourg,2019-02-01,,47.89110171542
Luxembourg,2019-03-01,,45.7023352224
Luxembourg,2019-04-01,,46.63835009694
Luxembourg,2019-05-01,,40.90497303235
Luxembourg,2019-06-01,,40.26337893369
Luxembourg,2019-07-01,,41.07250316019
Luxembourg,2019-08-01,,37.49645775243
Luxembourg,2019-09-01,,39.70331666568
Luxembourg,2019-10-01,,40.08638284983
Luxembourg,2019-11-01,,41.7551365439
Luxembourg,2019-12-01,,41.72248154052
Luxembourg,2020-01-01,,40.59078067771
Luxembourg,2020-02-01,,40.12160140375
Luxembourg,2020-03-01,,27.71710086868
Luxembourg,2020-04-01,,26.28203318453
Luxembourg,2020-05-01,,26.38598293364
Luxembourg,2020-06-01,,29.32818142178
Luxembourg,2020-07-01,,29.77078251871
Luxembourg,2020-08-01,,31.03680434221
Luxembourg,2020-09-01,,32.01288814921
Luxembourg,2020-10-01,,33.91984249867
Luxembourg,2020-11-01,,38.43218081477
Luxembourg,2020-12-01,,45.66393996785
Latvia,2005-01-01,0.86005764249,123.27322526138
Latvia,2005-02-01,0.86332325598,123.21015583437
Latvia,2005-03-01,0.86683979596,127.27818247732
Latvia,2005-04-01,0.86792802857,132.61558639426
Latvia,2005-05-01,0.86827280626,131.92845837349
Latvia,2005-06-01,0.86801394745,126.56685119833
Latvia,2005-07-01,0.86524920097,131.38468324049
Latvia,2005-08-01,0.86521943753,136.72179423863
Latvia,2005-09-01,0.86581639339,152.25603109436
Latvia,2005-10-01,0.86715963213,154.43706286851
Latvia,2005-11-01,0.8671282564,164.50715654935
Latvia,2005-12-01,0.86772359678,171.06216516084
Latvia,2006-01-01,0.88880653266,188.49882353691
Latvia,2006-02-01,0.89071405837,166.62717096888
Latvia,2006-03-01,0.88958858019,157.18931743425
Latvia,2006-04-01,0.89055340276,171.8641236688
Latvia,2006-05-01,0.88799812309,169.94333621343
Latvia,2006-06-01,0.88784536613,158.19887641309
Latvia,2006-07-01,0.89173217449,165.5608745605
Latvia,2006-08-01,0.89133856131,173.31183964769
Latvia,2006-09-01,0.89102381597,171.48637566892
Latvia,2006-10-01,0.89141956831,169.86049121261
Latvia,2006-11-01,0.89174088066,179.64025709618
Latvia,2006-12-01,0.89120131781,190.9083677363
Latvia,2007-01-01,0.93664642797,195.25381967242
Latvia,2007-02-01,0.93752276037,207.3096412499
Latvia,2007-03-01,0.93740231682,198.49892560061
Latvia,2007-04-01,0.93755215239,198.86673487759
Latvia,2007-05-01,0.93786234096,200.27923319155
Latvia,2007-06-01,0.94051101144,201.27573337611
Latvia,2007-07-01,0.94206310939,218.58229354303
Latvia,2007-08-01,0.94350112802,220.23597343969
Latvia,2007-09-01,0.94867965868,230.96299085366
Latvia,2007-10-01,0.9537361118,234.26144463126
Latvia,2007-11-01,0.95554600892,216.8967860683
Latvia,2007-12-01,0.95825336046,197.65332522184
Latvia,2008-01-01,1.02960925427,191.7756942796
Latvia,2008-02-01,1.04706178119,181.84999841406
Latvia,2008-03-01,1.05528477374,186.287469193
Latvia,2008-04-01,1.05427167333,187.67650954386
Latvia,2008-05-01,1.06069238354,183.73000668886
Latvia,2008-06-01,1.08609495499,179.0458890788
Latvia,2008-07-01,1.09359623706,180.22923205856
Latvia,2008-08-01,1.09299644858,167.65182624278
Latvia,2008-09-01,1.08748377801,149.52892230895
Latvia,2008-10-01,1.07647549819,107.34924386797
Latvia,2008-11-01,1.06269183766,97.73738039917
Latvia,2008-12-01,1.04849766689,81.91387418534
Latvia,2009-01-01,0.99479824333,75.12315069496
Latvia,2009-02-01,0.99039038998,62.72529234436
Latvia,2009-03-01,0.98051238028,60.74963623125
Latvia,2009-04-01,0.9668348388,62.24607682089
Latvia,2009-05-01,0.96830541254,69.7898049604
Latvia,2009-06-01,0.96847741612,73.33012885158
Latvia,2009-07-01,0.96412445877,79.9339676227
Latvia,2009-08-01,0.96565378249,88.04195362219
Latvia,2009-09-01,0.96549154728,106.86012516067
Latvia,2009-10-01,0.96676567416,102.6595605113
Latvia,2009-11-01,0.96727075165,97.62571625236
Latvia,2009-12-01,0.96701388139,92.04729367303
Latvia,2010-01-01,1.0,100.0
Latvia,2010-02-01,1.00038935726,99.45161581831
Latvia,2010-03-01,1.00383347887,96.50792627968
Latvia,2010-04-01,1.00883569601,104.68648027214
Latvia,2010-05-01,1.01210178316,96.78958024134
Latvia,2010-06-01,1.00946819328,94.62196215624
Latvia,2010-07-01,1.00934712774,101.93221503198
Latvia,2010-08-01,1.0130368707,113.90788047136
Latvia,2010-09-01,1.01757378429,115.84107176701
Latvia,2010-10-01,1.01974874638,121.98142299046
Latvia,2010-11-01,1.02145506099,118.14723514592
Latvia,2010-12-01,1.02632832759,113.07691439196
Latvia,2011-01-01,1.11070487021,122.09321523049
Latvia,2011-02-01,1.11427680775,129.42268242305
Latvia,2011-03-01,1.11948997344,132.77250535891
Latvia,2011-04-01,1.12501875054,134.56454461119
Latvia,2011-05-01,1.12337882691,131.28943863473
Latvia,2011-06-01,1.12206321721,137.4161810545
Latvia,2011-07-01,1.12275089271,139.28161046241
Latvia,2011-08-01,1.12375444279,128.62156694266
Latvia,2011-09-01,1.1227964866,118.25596652329
Latvia,2011-10-01,1.11936857656,117.49580167022
Latvia,2011-11-01,1.11578002916,114.49566141774
Latvia,2011-12-01,1.1139147894,108.97929160862
Latvia,2012-01-01,1.10112307201,109.03021979927
Latvia,2012-02-01,1.10105241667,115.17808407249
Latvia,2012-03-01,1.1019531853,115.62328956877
Latvia,2012-04-01,1.09969644107,114.70712723587
Latvia,2012-05-01,1.09739415221,108.09969015761
Latvia,2012-06-01,1.09663959855,102.52234508676
Latvia,2012-07-01,1.10144099205,104.19400464126
Latvia,2012-08-01,1.10115173016,105.1395593642
Latvia,2012-09-01,1.10108931233,110.46793862788
Latvia,2012-10-01,1.1006355984,110.87199362444
Latvia,2012-11-01,1.10084589846,108.82183039264
Latvia,2012-12-01,1.10064592963,113.60344947496
Latvia,2013-01-01,1.08707274104,119.55004718282
Latvia,2013-02-01,1.08542122095,118.44698181649
Latvia,2013-03-01,1.08428967858,119.06572469403
Latvia,2013-04-01,1.08468640648,119.45080610289
Latvia,2013-05-01,1.08416395632,118.35190902073
Latvia,2013-06-01,1.08115917209,125.42814913505
Latvia,2013-07-01,1.07966859907,131.6891536448
Latvia,2013-08-01,1.07983825717,138.59275585975
Latvia,2013-09-01,1.07953318009,134.42369811863
Latvia,2013-10-01,1.08044277792,135.56231266519
Latvia,2013-11-01,1.07906408936,134.08281116367
Latvia,2013-12-01,1.0788059847,137.67196043106
Latvia,2014-01-01,1.07640235086,143.52581513205
Latvia,2014-02-01,1.07900997539,145.36748445526
Latvia,2014-03-01,1.08231717971,131.48990600377
Latvia,2014-04-01,1.08174269786,129.3564286235
Latvia,2014-05-01,1.08161091386,130.66341266432
Latvia,2014-06-01,1.07974040865,134.00922550398
Latvia,2014-07-01,1.08061955427,135.45077439826
Latvia,2014-08-01,1.0830827505,127.05618935002
Latvia,2014-09-01,1.08256089545,122.43773201745
Latvia,2014-10-01,1.08293186414,118.60690830578
Latvia,2014-11-01,1.08088380568,116.48128839385
Latvia,2014-12-01,1.07960716383,113.93695807285
Latvia,2015-01-01,1.07420626444,107.83095435673
Latvia,2015-02-01,1.06936761375,106.41672895314
Latvia,2015-03-01,1.06721488416,102.09518324163
Latvia,2015-04-01,1.06677831714,103.88756405456
Latvia,2015-05-01,1.06456836928,109.41084106897
Latvia,2015-06-01,1.06375906553,110.74386095895
Latvia,2015-07-01,1.06379379468,107.55501429348
Latvia,2015-08-01,1.06326441865,109.43766186794
Latvia,2015-09-01,1.06093453074,128.45724786811
Latvia,2015-10-01,1.05967467836,143.1431696727
Latvia,2015-11-01,1.05855674666,141.68710870814
Latvia,2015-12-01,1.05752571741,140.84775612706
Latvia,2016-01-01,1.07150741369,144.19692742637
Latvia,2016-02-01,,152.03163546969
Latvia,2016-03-01,,154.47131923983
Latvia,2016-04-01,,156.58325615984
Latvia,2016-05-01,,158.94467951973
Latvia,2016-06-01,,158.47974684043
Latvia,2016-07-01,,155.79132927988
Latvia,2016-08-01,,159.01633983737
Latvia,2016-09-01,,173.15757872248
Latvia,2016-10-01,,175.67724334477
Latvia,2016-11-01,,173.44920029522
Latvia,2016-12-01,,172.44133990705
Latvia,2017-01-01,,175.5089510944
Latvia,2017-02-01,,176.4935038367
Latvia,2017-03-01,,182.84264416519
Latvia,2017-04-01,,189.85104350688
Latvia,2017-05-01,,204.38402883704
Latvia,2017-06-01,,225.60786724709
Latvia,2017-07-01,,251.8870701434
Latvia,2017-08-01,,264.59830700367
Latvia,2017-09-01,,263.52758578254
Latvia,2017-10-01,,263.90099749557
Latvia,2017-11-01,,269.89776077535
Latvia,2017-12-01,,266.75243528016
Latvia,2018-01-01,,280.72871660402
Latvia,2018-02-01,,279.6776753635
Latvia,2018-03-01,,284.43170147959
Latvia,2018-04-01,,284.81609182016
Latvia,2018-05-01,,276.08794760279
Latvia,2018-06-01,,272.08111468627
Latvia,2018-07-01,,267.39113403343
Latvia,2018-08-01,,256.35247787554
Latvia,2018-09-01,,252.36381983449
Latvia,2018-10-01,,243.80674361786
Latvia,2018-11-01,,239.7010255872
Latvia,2018-12-01,,240.9548488157
Latvia,2019-01-01,,246.37153300456
Latvia,2019-02-01,,250.25552063954
Latvia,2019-03-01,,246.00962726032
Latvia,2019-04-01,,249.54287794936
Latvia,2019-05-01,,255.50372527209
Latvia,2019-06-01,,263.53524810834
Latvia,2019-07-01,,256.01797119838
Latvia,2019-08-01,,255.38591757154
Latvia,2019-09-01,,250.58543560075
Latvia,2019-10-01,,253.51778640823
Latvia,2019-11-01,,252.2264787907
Latvia,2019-12-01,,255.81813977663
Latvia,2020-01-01,,255.77088630741
Latvia,2020-02-01,,254.38097247054
Latvia,2020-03-01,,229.07644752447
Latvia,2020-04-01,,236.83235930797
Latvia,2020-05-01,,247.72896537765
Latvia,2020-06-01,,259.90678752105
Latvia,2020-07-01,,269.00612650433
Latvia,2020-08-01,,283.47651542965
Latvia,2020-09-01,,291.23727379869
Latvia,2020-10-01,,293.23073451165
Latvia,2020-11-01,,294.21269687553
Latvia,2020-12-01,,304.03782675241
Macao,2005-01-01,,
Macao,2005-02-01,,
Macao,2005-03-01,,
Macao,2005-04-01,,
Macao,2005-05-01,,
Macao,2005-06-01,,
Macao,2005-07-01,,
Macao,2005-08-01,,
Macao,2005-09-01,,
Macao,2005-10-01,,
Macao,2005-11-01,,
Macao,2005-12-01,,
Macao,2006-01-01,,
Macao,2006-02-01,,
Macao,2006-03-01,,
Macao,2006-04-01,,
Macao,2006-05-01,,
Macao,2006-06-01,,
Macao,2006-07-01,,
Macao,2006-08-01,,
Macao,2006-09-01,,
Macao,2006-10-01,,
Macao,2006-11-01,,
Macao,2006-12-01,,
Macao,2007-01-01,,
Macao,2007-02-01,,
Macao,2007-03-01,,
Macao,2007-04-01,,
Macao,2007-05-01,,
Macao,2007-06-01,,
Macao,2007-07-01,,
Macao,2007-08-01,,
Macao,2007-09-01,,
Macao,2007-10-01,,
Macao,2007-11-01,,
Macao,2007-12-01,,
Macao,2008-01-01,,
Macao,2008-02-01,,
Macao,2008-03-01,,
Macao,2008-04-01,,
Macao,2008-05-01,,
Macao,2008-06-01,,
Macao,2008-07-01,,
Macao,2008-08-01,,
Macao,2008-09-01,,
Macao,2008-10-01,,
Macao,2008-11-01,,
Macao,2008-12-01,,
Macao,2009-01-01,,
Macao,2009-02-01,,
Macao,2009-03-01,,
Macao,2009-04-01,,
Macao,2009-05-01,,
Macao,2009-06-01,,
Macao,2009-07-01,,
Macao,2009-08-01,,
Macao,2009-09-01,,
Macao,2009-10-01,,
Macao,2009-11-01,,
Macao,2009-12-01,,
Macao,2010-01-01,,
Macao,2010-02-01,,
Macao,2010-03-01,,
Macao,2010-04-01,,
Macao,2010-05-01,,
Macao,2010-06-01,,
Macao,2010-07-01,,
Macao,2010-08-01,,
Macao,2010-09-01,,
Macao,2010-10-01,,
Macao,2010-11-01,,
Macao,2010-12-01,,
Macao,2011-01-01,,
Macao,2011-02-01,,
Macao,2011-03-01,,
Macao,2011-04-01,,
Macao,2011-05-01,,
Macao,2011-06-01,,
Macao,2011-07-01,,
Macao,2011-08-01,,
Macao,2011-09-01,,
Macao,2011-10-01,,
Macao,2011-11-01,,
Macao,2011-12-01,,
Macao,2012-01-01,,
Macao,2012-02-01,,
Macao,2012-03-01,,
Macao,2012-04-01,,
Macao,2012-05-01,,
Macao,2012-06-01,,
Macao,2012-07-01,,
Macao,2012-08-01,,
Macao,2012-09-01,,
Macao,2012-10-01,,
Macao,2012-11-01,,
Macao,2012-12-01,,
Macao,2013-01-01,,
Macao,2013-02-01,,
Macao,2013-03-01,,
Macao,2013-04-01,,
Macao,2013-05-01,,
Macao,2013-06-01,,
Macao,2013-07-01,,
Macao,2013-08-01,,
Macao,2013-09-01,,
Macao,2013-10-01,,
Macao,2013-11-01,,
Macao,2013-12-01,,
Macao,2014-01-01,,
Macao,2014-02-01,,
Macao,2014-03-01,,
Macao,2014-04-01,,
Macao,2014-05-01,,
Macao,2014-06-01,,
Macao,2014-07-01,,
Macao,2014-08-01,,
Macao,2014-09-01,,
Macao,2014-10-01,,
Macao,2014-11-01,,
Macao,2014-12-01,,
Macao,2015-01-01,,
Macao,2015-02-01,,
Macao,2015-03-01,,
Macao,2015-04-01,,
Macao,2015-05-01,,
Macao,2015-06-01,,
Macao,2015-07-01,,
Macao,2015-08-01,,
Macao,2015-09-01,,
Macao,2015-10-01,,
Macao,2015-11-01,,
Macao,2015-12-01,,
Macao,2016-01-01,,
Macao,2016-02-01,,
Macao,2016-03-01,,
Macao,2016-04-01,,
Macao,2016-05-01,,
Macao,2016-06-01,,
Macao,2016-07-01,,
Macao,2016-08-01,,
Macao,2016-09-01,,
Macao,2016-10-01,,
Macao,2016-11-01,,
Macao,2016-12-01,,
Macao,2017-01-01,,
Macao,2017-02-01,,
Macao,2017-03-01,,
Macao,2017-04-01,,
Macao,2017-05-01,,
Macao,2017-06-01,,
Macao,2017-07-01,,
Macao,2017-08-01,,
Macao,2017-09-01,,
Macao,2017-10-01,,
Macao,2017-11-01,,
Macao,2017-12-01,,
Macao,2018-01-01,,
Macao,2018-02-01,,
Macao,2018-03-01,,
Macao,2018-04-01,,
Macao,2018-05-01,,
Macao,2018-06-01,,
Macao,2018-07-01,,
Macao,2018-08-01,,
Macao,2018-09-01,,
Macao,2018-10-01,,
Macao,2018-11-01,,
Macao,2018-12-01,,
Macao,2019-01-01,,
Macao,2019-02-01,,
Macao,2019-03-01,,
Macao,2019-04-01,,
Macao,2019-05-01,,
Macao,2019-06-01,,
Macao,2019-07-01,,
Macao,2019-08-01,,
Macao,2019-09-01,,
Macao,2019-10-01,,
Macao,2019-11-01,,
Macao,2019-12-01,,
Macao,2020-01-01,,
Macao,2020-02-01,,
Macao,2020-03-01,,
Macao,2020-04-01,,
Macao,2020-05-01,,
Macao,2020-06-01,,
Macao,2020-07-01,,
Macao,2020-08-01,,
Macao,2020-09-01,,
Macao,2020-10-01,,
Macao,2020-11-01,,
Macao,2020-12-01,,
"Moldova, Republic of",2005-01-01,0.86158617293,
"Moldova, Republic of",2005-02-01,0.86360805758,
"Moldova, Republic of",2005-03-01,0.86592214426,
"Moldova, Republic of",2005-04-01,0.86695197603,
"Moldova, Republic of",2005-05-01,0.8671005181,
"Moldova, Republic of",2005-06-01,0.86662196812,
"Moldova, Republic of",2005-07-01,0.86532818083,
"Moldova, Republic of",2005-08-01,0.86521775959,
"Moldova, Republic of",2005-09-01,0.86541804262,
"Moldova, Republic of",2005-10-01,0.86642378886,
"Moldova, Republic of",2005-11-01,0.86661489325,
"Moldova, Republic of",2005-12-01,0.86707866309,
"Moldova, Republic of",2006-01-01,0.88866041857,
"Moldova, Republic of",2006-02-01,0.88995414592,
"Moldova, Republic of",2006-03-01,0.88959229057,
"Moldova, Republic of",2006-04-01,0.89047529058,
"Moldova, Republic of",2006-05-01,0.88977615363,
"Moldova, Republic of",2006-06-01,0.88957608941,
"Moldova, Republic of",2006-07-01,0.89208410903,
"Moldova, Republic of",2006-08-01,0.89253442063,
"Moldova, Republic of",2006-09-01,0.8923981817,
"Moldova, Republic of",2006-10-01,0.8926014888,
"Moldova, Republic of",2006-11-01,0.8928574229,
"Moldova, Republic of",2006-12-01,0.89258928807,
"Moldova, Republic of",2007-01-01,0.94090400641,
"Moldova, Republic of",2007-02-01,0.94170249911,
"Moldova, Republic of",2007-03-01,0.94199059008,
"Moldova, Republic of",2007-04-01,0.94190132687,
"Moldova, Republic of",2007-05-01,0.94235705867,
"Moldova, Republic of",2007-06-01,0.94392525761,
"Moldova, Republic of",2007-07-01,0.94514010165,
"Moldova, Republic of",2007-08-01,0.94575945866,
"Moldova, Republic of",2007-09-01,0.94684333191,
"Moldova, Republic of",2007-10-01,0.95024680128,
"Moldova, Republic of",2007-11-01,0.95288022658,
"Moldova, Republic of",2007-12-01,0.95375086067,
"Moldova, Republic of",2008-01-01,1.02577663768,
"Moldova, Republic of",2008-02-01,1.03634934605,
"Moldova, Republic of",2008-03-01,1.04071640678,
"Moldova, Republic of",2008-04-01,1.04552716333,
"Moldova, Republic of",2008-05-01,1.05081571828,
"Moldova, Republic of",2008-06-01,1.06448499628,
"Moldova, Republic of",2008-07-01,1.07226858792,
"Moldova, Republic of",2008-08-01,1.07000240994,
"Moldova, Republic of",2008-09-01,1.06717644367,
"Moldova, Republic of",2008-10-01,1.06076406285,
"Moldova, Republic of",2008-11-01,1.05222476811,
"Moldova, Republic of",2008-12-01,1.04382714983,
"Moldova, Republic of",2009-01-01,0.98445880807,
"Moldova, Republic of",2009-02-01,0.97897524857,
"Moldova, Republic of",2009-03-01,0.97333189984,
"Moldova, Republic of",2009-04-01,0.96376162326,
"Moldova, Republic of",2009-05-01,0.96325853714,
"Moldova, Republic of",2009-06-01,0.96420125346,
"Moldova, Republic of",2009-07-01,0.96090196734,
"Moldova, Republic of",2009-08-01,0.96180068229,
"Moldova, Republic of",2009-09-01,0.96211856978,
"Moldova, Republic of",2009-10-01,0.96323107588,
"Moldova, Republic of",2009-11-01,0.96464549387,
"Moldova, Republic of",2009-12-01,0.96513441675,
"Moldova, Republic of",2010-01-01,1.0,
"Moldova, Republic of",2010-02-01,0.99962717,
"Moldova, Republic of",2010-03-01,1.00175905614,
"Moldova, Republic of",2010-04-01,1.00294497605,
"Moldova, Republic of",2010-05-01,1.0044757182,
"Moldova, Republic of",2010-06-01,1.00429241956,
"Moldova, Republic of",2010-07-01,1.00390971944,
"Moldova, Republic of",2010-08-01,1.00452711769,
"Moldova, Republic of",2010-09-01,1.00583209325,
"Moldova, Republic of",2010-10-01,1.00723592995,
"Moldova, Republic of",2010-11-01,1.00866345332,
"Moldova, Republic of",2010-12-01,1.01115168015,
"Moldova, Republic of",2011-01-01,1.09671187658,
"Moldova, Republic of",2011-02-01,1.09738837642,
"Moldova, Republic of",2011-03-01,1.10070643622,
"Moldova, Republic of",2011-04-01,1.10453784448,
"Moldova, Republic of",2011-05-01,1.10296078757,
"Moldova, Republic of",2011-06-01,1.10300068294,
"Moldova, Republic of",2011-07-01,1.10502920305,
"Moldova, Republic of",2011-08-01,1.10500573862,
"Moldova, Republic of",2011-09-01,1.1055992283,
"Moldova, Republic of",2011-10-01,1.10494302071,
"Moldova, Republic of",2011-11-01,1.10251289167,
"Moldova, Republic of",2011-12-01,1.10187535012,
"Moldova, Republic of",2012-01-01,1.08907077025,
"Moldova, Republic of",2012-02-01,1.08891857064,
"Moldova, Republic of",2012-03-01,1.09012870539,
"Moldova, Republic of",2012-04-01,1.0888109191,
"Moldova, Republic of",2012-05-01,1.08782065621,
"Moldova, Republic of",2012-06-01,1.0866646509,
"Moldova, Republic of",2012-07-01,1.08708788919,
"Moldova, Republic of",2012-08-01,1.08751081097,
"Moldova, Republic of",2012-09-01,1.08695403838,
"Moldova, Republic of",2012-10-01,1.08661888878,
"Moldova, Republic of",2012-11-01,1.08736773956,
"Moldova, Republic of",2012-12-01,1.08819690376,
"Moldova, Republic of",2013-01-01,1.07449236944,
"Moldova, Republic of",2013-02-01,1.0739289923,
"Moldova, Republic of",2013-03-01,1.07283295003,
"Moldova, Republic of",2013-04-01,1.07409659123,
"Moldova, Republic of",2013-05-01,1.07268401685,
"Moldova, Republic of",2013-06-01,1.0712373922,
"Moldova, Republic of",2013-07-01,1.06991289021,
"Moldova, Republic of",2013-08-01,1.07016452393,
"Moldova, Republic of",2013-09-01,1.06933188023,
"Moldova, Republic of",2013-10-01,1.06961830462,
"Moldova, Republic of",2013-11-01,1.06986941932,
"Moldova, Republic of",2013-12-01,1.07003712195,
"Moldova, Republic of",2014-01-01,1.06835737081,
"Moldova, Republic of",2014-02-01,1.06837676909,
"Moldova, Republic of",2014-03-01,1.0673992674,
"Moldova, Republic of",2014-04-01,1.06678619845,
"Moldova, Republic of",2014-05-01,1.06619856994,
"Moldova, Republic of",2014-06-01,1.06535953552,
"Moldova, Republic of",2014-07-01,1.06592161077,
"Moldova, Republic of",2014-08-01,1.06747086052,
"Moldova, Republic of",2014-09-01,1.06733195827,
"Moldova, Republic of",2014-10-01,1.06755538354,
"Moldova, Republic of",2014-11-01,1.06489614223,
"Moldova, Republic of",2014-12-01,1.06507957682,
"Moldova, Republic of",2015-01-01,1.06069992183,
"Moldova, Republic of",2015-02-01,1.05698149738,
"Moldova, Republic of",2015-03-01,1.05616256714,
"Moldova, Republic of",2015-04-01,1.05509671009,
"Moldova, Republic of",2015-05-01,1.05376835268,
"Moldova, Republic of",2015-06-01,1.0532069505,
"Moldova, Republic of",2015-07-01,1.05333131975,
"Moldova, Republic of",2015-08-01,1.05359058378,
"Moldova, Republic of",2015-09-01,1.05169016513,
"Moldova, Republic of",2015-10-01,1.05021070891,
"Moldova, Republic of",2015-11-01,1.04917418989,
"Moldova, Republic of",2015-12-01,1.04869146678,
"Moldova, Republic of",2016-01-01,1.06398687733,
"Moldova, Republic of",2016-02-01,,
"Moldova, Republic of",2016-03-01,,
"Moldova, Republic of",2016-04-01,,
"Moldova, Republic of",2016-05-01,,
"Moldova, Republic of",2016-06-01,,
"Moldova, Republic of",2016-07-01,,
"Moldova, Republic of",2016-08-01,,
"Moldova, Republic of",2016-09-01,,
"Moldova, Republic of",2016-10-01,,
"Moldova, Republic of",2016-11-01,,
"Moldova, Republic of",2016-12-01,,
"Moldova, Republic of",2017-01-01,,
"Moldova, Republic of",2017-02-01,,
"Moldova, Republic of",2017-03-01,,
"Moldova, Republic of",2017-04-01,,
"Moldova, Republic of",2017-05-01,,
"Moldova, Republic of",2017-06-01,,
"Moldova, Republic of",2017-07-01,,
"Moldova, Republic of",2017-08-01,,
"Moldova, Republic of",2017-09-01,,
"Moldova, Republic of",2017-10-01,,
"Moldova, Republic of",2017-11-01,,
"Moldova, Republic of",2017-12-01,,
"Moldova, Republic of",2018-01-01,,
"Moldova, Republic of",2018-02-01,,
"Moldova, Republic of",2018-03-01,,
"Moldova, Republic of",2018-04-01,,
"Moldova, Republic of",2018-05-01,,
"Moldova, Republic of",2018-06-01,,
"Moldova, Republic of",2018-07-01,,
"Moldova, Republic of",2018-08-01,,
"Moldova, Republic of",2018-09-01,,
"Moldova, Republic of",2018-10-01,,
"Moldova, Republic of",2018-11-01,,
"Moldova, Republic of",2018-12-01,,
"Moldova, Republic of",2019-01-01,,
"Moldova, Republic of",2019-02-01,,
"Moldova, Republic of",2019-03-01,,
"Moldova, Republic of",2019-04-01,,
"Moldova, Republic of",2019-05-01,,
"Moldova, Republic of",2019-06-01,,
"Moldova, Republic of",2019-07-01,,
"Moldova, Republic of",2019-08-01,,
"Moldova, Republic of",2019-09-01,,
"Moldova, Republic of",2019-10-01,,
"Moldova, Republic of",2019-11-01,,
"Moldova, Republic of",2019-12-01,,
"Moldova, Republic of",2020-01-01,,
"Moldova, Republic of",2020-02-01,,
"Moldova, Republic of",2020-03-01,,
"Moldova, Republic of",2020-04-01,,
"Moldova, Republic of",2020-05-01,,
"Moldova, Republic of",2020-06-01,,
"Moldova, Republic of",2020-07-01,,
"Moldova, Republic of",2020-08-01,,
"Moldova, Republic of",2020-09-01,,
"Moldova, Republic of",2020-10-01,,
"Moldova, Republic of",2020-11-01,,
"Moldova, Republic of",2020-12-01,,
Mexico,2005-01-01,0.83793828549,45.37658140289
Mexico,2005-02-01,0.84057900142,48.88476367647
Mexico,2005-03-01,0.84967480072,47.80312762764
Mexico,2005-04-01,0.85094625654,44.27514555501
Mexico,2005-05-01,0.85089735439,46.47186887233
Mexico,2005-06-01,0.85241332094,49.54332785349
Mexico,2005-07-01,0.85515184117,52.52940555272
Mexico,2005-08-01,0.85867279574,54.63413449381
Mexico,2005-09-01,0.86483446623,57.20260916284
Mexico,2005-10-01,0.87006699594,56.79061171275
Mexico,2005-11-01,0.86928456159,61.44023298457
Mexico,2005-12-01,0.87314783119,66.42496751196
Mexico,2006-01-01,0.87823365446,71.11870873201
Mexico,2006-02-01,0.87774463299,71.14246691618
Mexico,2006-03-01,0.87882048022,70.89988527351
Mexico,2006-04-01,0.88361289061,72.2632150076
Mexico,2006-05-01,0.88894322461,73.5579098603
Mexico,2006-06-01,0.89412685217,63.93818866734
Mexico,2006-07-01,0.89911487114,71.59307171908
Mexico,2006-08-01,0.90478752017,76.05411875456
Mexico,2006-09-01,0.90459191158,78.06275756001
Mexico,2006-10-01,0.90869969192,83.51285744218
Mexico,2006-11-01,0.91026456061,88.74996295422
Mexico,2006-12-01,0.91182942931,95.09389581099
Mexico,2007-01-01,0.91314978728,97.110987089
Mexico,2007-02-01,0.92371265099,102.35861101126
Mexico,2007-03-01,0.92879847425,98.45516711793
Mexico,2007-04-01,0.93691623062,107.57222245883
Mexico,2007-05-01,0.94219766248,112.27751803232
Mexico,2007-06-01,0.94434935694,116.93800412518
Mexico,2007-07-01,0.94767470292,117.43904394622
Mexico,2007-08-01,0.94478947626,106.93380613957
Mexico,2007-09-01,0.9495329845,110.43500162996
Mexico,2007-10-01,0.95618367646,118.18544542245
Mexico,2007-11-01,0.966355323,107.92960511389
Mexico,2007-12-01,0.96948506039,110.68775288735
Mexico,2008-01-01,0.98205291212,102.48091748311
Mexico,2008-02-01,0.98943713629,108.43839024123
Mexico,2008-03-01,1.00518362756,109.97217829707
Mexico,2008-04-01,1.01550198054,119.91845035209
Mexico,2008-05-01,1.03071054819,119.91661398754
Mexico,2008-06-01,1.0435718128,117.49483062803
Mexico,2008-07-01,1.0665558218,109.35999618992
Mexico,2008-08-01,1.05897598905,106.05194321468
Mexico,2008-09-01,1.05569954521,95.63733091215
Mexico,2008-10-01,1.03007482028,65.45060890343
Mexico,2008-11-01,1.00865567998,60.08108881522
Mexico,2008-12-01,0.98953494058,64.21205532328
Mexico,2009-01-01,0.99095310284,59.81949356893
Mexico,2009-02-01,0.98782336545,52.24330859597
Mexico,2009-03-01,0.98229742286,51.63894098677
Mexico,2009-04-01,0.97662477383,64.03879145669
Mexico,2009-05-01,0.97828744682,72.79518758487
Mexico,2009-06-01,0.98337327009,73.80690728604
Mexico,2009-07-01,0.9793143919,75.8431359767
Mexico,2009-08-01,0.98107486919,86.16620865655
Mexico,2009-09-01,0.98185730354,86.66456752864
Mexico,2009-10-01,0.98376448726,90.89820815894
Mexico,2009-11-01,0.9892415277,93.68253151751
Mexico,2009-12-01,0.99481637244,99.93672499621
Mexico,2010-01-01,1.0,100.0
Mexico,2010-02-01,1.00337424813,97.04063996133
Mexico,2010-03-01,1.00870458213,104.5237199537
Mexico,2010-04-01,1.01638221918,109.9591977888
Mexico,2010-05-01,1.02185925962,99.32535176264
Mexico,2010-06-01,1.02308181329,100.59660613215
Mexico,2010-07-01,1.02586923566,100.43408131105
Mexico,2010-08-01,1.03075945034,101.00613794479
Mexico,2010-09-01,1.03638319722,103.01055817817
Mexico,2010-10-01,1.04391412783,111.95253061492
Mexico,2010-11-01,1.05149396058,118.16328055411
Mexico,2010-12-01,1.05481930657,122.54700491446
Mexico,2011-01-01,1.06821849479,125.4074894388
Mexico,2011-02-01,1.08288913883,123.26803995578
Mexico,2011-03-01,1.08773045137,121.80719998274
Mexico,2011-04-01,1.09985818377,127.28850460889
Mexico,2011-05-01,1.10690009291,121.97055280083
Mexico,2011-06-01,1.11149689471,119.95874450329
Mexico,2011-07-01,1.11291505697,123.88436344606
Mexico,2011-08-01,1.11276835053,111.06391379104
Mexico,2011-09-01,1.11462663211,104.70620415606
Mexico,2011-10-01,1.10660668003,103.02628153966
Mexico,2011-11-01,1.10572644139,106.2703189862
Mexico,2011-12-01,1.1017653675,106.63759229794
Mexico,2012-01-01,1.10690009291,111.16648488769
Mexico,2012-02-01,1.10592204998,119.00084674956
Mexico,2012-03-01,1.11638710939,120.36929152085
Mexico,2012-04-01,1.11770746736,120.52790664974
Mexico,2012-05-01,1.11213262262,112.14460533633
Mexico,2012-06-01,1.10758472297,109.9792948629
Mexico,2012-07-01,1.11159469901,121.72135859764
Mexico,2012-08-01,1.11492004499,122.83742669715
Mexico,2012-09-01,1.11814758668,124.91389476759
Mexico,2012-10-01,1.11594699007,129.90864653622
Mexico,2012-11-01,1.11071446036,126.8598665359
Mexico,2012-12-01,1.1125238398,134.54138276165
Mexico,2013-01-01,1.11125238398,142.26960276846
Mexico,2013-02-01,1.11105677539,140.17504809421
Mexico,2013-03-01,1.11232823121,139.07087010509
Mexico,2013-04-01,1.10822045088,141.68918951755
Mexico,2013-05-01,1.11115457969,134.74369096448
Mexico,2013-06-01,1.1086605702,122.1579666151
Mexico,2013-07-01,1.11443102352,127.23963967732
Mexico,2013-08-01,1.1056286371,128.4541795995
Mexico,2013-09-01,1.1124260355,125.53874692317
Mexico,2013-10-01,1.10787813585,125.30305355483
Mexico,2013-11-01,1.10851386376,124.8406335728
Mexico,2013-12-01,1.11071446036,130.21678632969
Mexico,2014-01-01,1.11834319527,126.28185152334
Mexico,2014-02-01,1.12083720475,120.53355994009
Mexico,2014-03-01,1.11995696611,118.93957632142
Mexico,2014-04-01,1.12240207345,124.38783071767
Mexico,2014-05-01,1.12450486576,129.49850267247
Mexico,2014-06-01,1.12528730011,131.47796223367
Mexico,2014-07-01,1.12025037899,135.35306054085
Mexico,2014-08-01,1.12034818329,136.84896636407
Mexico,2014-09-01,1.12338011639,138.07913100061
Mexico,2014-10-01,1.11164360115,130.40250664418
Mexico,2014-11-01,1.10870947235,130.43355280717
Mexico,2014-12-01,1.10147195462,117.10409215914
Mexico,2015-01-01,1.090273363,114.13663276388
Mexico,2015-02-01,1.090273363,115.5997635242
Mexico,2015-03-01,1.08812166854,114.94708162217
Mexico,2015-04-01,1.08313364957,118.47112547356
Mexico,2015-05-01,1.08235121522,118.18135077705
Mexico,2015-06-01,1.08210670448,116.11308013059
Mexico,2015-07-01,1.08284023669,112.60272299584
Mexico,2015-08-01,1.07623844687,105.46884680598
Mexico,2015-09-01,1.07482028461,101.63159949128
Mexico,2015-10-01,1.07203286224,107.00995162432
Mexico,2015-11-01,1.0688542227,107.23528116311
Mexico,2015-12-01,1.06323047582,100.94137570803
Mexico,2016-01-01,1.05902489119,91.56836887773
Mexico,2016-02-01,1.06083427062,93.6228462244
Mexico,2016-03-01,1.06181231356,102.29613479873
Mexico,2016-04-01,1.06376839943,104.09969114438
Mexico,2016-05-01,1.07173944936,100.43299899514
Mexico,2016-06-01,1.07706978336,97.70678604441
Mexico,2016-07-01,1.07638515331,100.29435351769
Mexico,2016-08-01,1.07482028461,103.36928224015
Mexico,2016-09-01,1.07208176439,98.53915889555
Mexico,2016-10-01,1.07129933004,101.78490005973
Mexico,2016-11-01,1.07266859015,90.73073746317
Mexico,2016-12-01,1.0811775637,88.58775787
Mexico,2017-01-01,1.08680131058,87.34088644248
Mexico,2017-02-01,1.09178932955,93.31976984286
Mexico,2017-03-01,1.09310968752,99.98429087153
Mexico,2017-04-01,1.09354980684,104.99269506417
Mexico,2017-05-01,1.09213164458,105.27879543425
Mexico,2017-06-01,1.09599491418,108.54261858392
Mexico,2017-07-01,1.10059171598,114.51000587125
Mexico,2017-08-01,1.10225438897,115.21796021541
Mexico,2017-09-01,1.10411267055,113.05376939758
Mexico,2017-10-01,1.10421047484,106.08926294552
Mexico,2017-11-01,1.10430827913,101.82078245439
Mexico,2017-12-01,1.10660668003,101.36278330891
Mexico,2018-01-01,1.11413761064,106.90772211667
Mexico,2018-02-01,1.11873441244,104.5942754854
Mexico,2018-03-01,1.12533620226,102.39405403765
Mexico,2018-04-01,1.13095994914,104.98148591155
Mexico,2018-05-01,1.1361435767,94.17883443251
Mexico,2018-06-01,1.14005574845,91.55482631278
Mexico,2018-07-01,1.1408381828,102.91880417874
Mexico,2018-08-01,1.1461685168,104.80648213373
Mexico,2018-09-01,1.14949386278,103.98322702855
Mexico,2018-10-01,1.15052080786,98.52257004915
Mexico,2018-11-01,1.14631522324,84.54785537006
Mexico,2018-12-01,1.14333219228,82.69327877315
Mexico,2019-01-01,1.14611961465,90.90486725163
Mexico,2019-02-01,1.14817350482,90.44900746682
Mexico,2019-03-01,1.14675534256,88.28983247171
Mexico,2019-04-01,1.14362560516,94.33171859551
Mexico,2019-05-01,1.14049586777,90.50423365102
Mexico,2019-06-01,1.13223140496,90.30838740836
Mexico,2019-07-01,1.13272042643,88.8017168404
Mexico,2019-08-01,1.13037312338,81.54820509645
Mexico,2019-09-01,1.12890605898,87.62534373105
Mexico,2019-10-01,1.12954178688,89.60432676807
Mexico,2019-11-01,1.12724338598,90.09619682603
Mexico,2019-12-01,1.12528730011,91.20844808817
Mexico,2020-01-01,1.12822142892,95.55988882502
Mexico,2020-02-01,1.12665656022,93.88770751753
Mexico,2020-03-01,1.12142403051,67.90999257636
Mexico,2020-04-01,1.11355078488,57.11315775785
Mexico,2020-05-01,1.11536016431,62.26412561493
Mexico,2020-06-01,1.12073940046,68.21296783525
Mexico,2020-07-01,1.12362462712,66.38036456672
Mexico,2020-08-01,1.12406474644,69.04091614508
Mexico,2020-09-01,1.12875935254,67.44168598627
Mexico,2020-10-01,1.13472541445,71.21055136584
Mexico,2020-11-01,1.14166951929,80.14218636267
Mexico,2020-12-01,1.15252579588,87.57389755362
"North Macedonia, Republic of",2005-01-01,0.81273465225,34.83318067822
"North Macedonia, Republic of",2005-02-01,0.82038019713,38.52906747461
"North Macedonia, Republic of",2005-03-01,0.83325468079,58.77443746347
"North Macedonia, Republic of",2005-04-01,0.83358099871,71.38714620443
"North Macedonia, Republic of",2005-05-01,0.83091053113,61.40569397497
"North Macedonia, Republic of",2005-06-01,0.83861578628,57.66097369049
"North Macedonia, Republic of",2005-07-01,0.83724199134,56.6962181591
"North Macedonia, Republic of",2005-08-01,0.84515205187,60.38720859626
"North Macedonia, Republic of",2005-09-01,0.84460861262,71.36592042066
"North Macedonia, Republic of",2005-10-01,0.83874131291,75.80018889793
"North Macedonia, Republic of",2005-11-01,0.83423946632,72.59608097497
"North Macedonia, Republic of",2005-12-01,0.83965084691,67.00882942073
"North Macedonia, Republic of",2006-01-01,0.86781095471,76.13271684502
"North Macedonia, Republic of",2006-02-01,0.86686957751,75.69933181362
"North Macedonia, Republic of",2006-03-01,0.86849010522,77.24288819738
"North Macedonia, Republic of",2006-04-01,0.88587316208,79.89573296996
"North Macedonia, Republic of",2006-05-01,0.88865889258,85.03574815463
"North Macedonia, Republic of",2006-06-01,0.88360073976,90.22571939029
"North Macedonia, Republic of",2006-07-01,0.90085504044,98.73136516487
"North Macedonia, Republic of",2006-08-01,0.90610789019,124.06609219809
"North Macedonia, Republic of",2006-09-01,0.89047853786,136.05390567062
"North Macedonia, Republic of",2006-10-01,0.88750112721,135.8142327075
"North Macedonia, Republic of",2006-11-01,0.88938729454,131.42797954792
"North Macedonia, Republic of",2006-12-01,0.89648325805,125.18841449773
"North Macedonia, Republic of",2007-01-01,0.92561390255,130.69579800999
"North Macedonia, Republic of",2007-02-01,0.93894724287,140.38590871174
"North Macedonia, Republic of",2007-03-01,0.94869642682,167.41414374574
"North Macedonia, Republic of",2007-04-01,0.96045902006,200.08295598162
"North Macedonia, Republic of",2007-05-01,0.96249921357,255.95360877865
"North Macedonia, Republic of",2007-06-01,0.95556481191,240.86759980419
"North Macedonia, Republic of",2007-07-01,0.95331307363,254.43522248202
"North Macedonia, Republic of",2007-08-01,0.94109306175,305.64428005406
"North Macedonia, Republic of",2007-09-01,0.95627137483,336.83321863571
"North Macedonia, Republic of",2007-10-01,0.97088262607,327.65310754336
"North Macedonia, Republic of",2007-11-01,0.98701592131,288.78477323058
"North Macedonia, Republic of",2007-12-01,0.9796619336,269.1202985461
"North Macedonia, Republic of",2008-01-01,1.04518164793,274.11389877135
"North Macedonia, Republic of",2008-02-01,1.06779822592,262.47434196251
"North Macedonia, Republic of",2008-03-01,1.09353333667,257.31624193273
"North Macedonia, Republic of",2008-04-01,1.09867750236,236.49619593986
"North Macedonia, Republic of",2008-05-01,1.12209136721,227.87107039834
"North Macedonia, Republic of",2008-06-01,1.15567950753,205.19952227782
"North Macedonia, Republic of",2008-07-01,1.16471718217,210.28800941046
"North Macedonia, Republic of",2008-08-01,1.13243304549,198.54172498869
"North Macedonia, Republic of",2008-09-01,1.10235143199,171.12427496396
"North Macedonia, Republic of",2008-10-01,1.04437327351,122.67066801274
"North Macedonia, Republic of",2008-11-01,1.00101719681,85.94863545834
"North Macedonia, Republic of",2008-12-01,0.96859538105,77.35173140726
"North Macedonia, Republic of",2009-01-01,0.93084011093,72.7377697924
"North Macedonia, Republic of",2009-02-01,0.92664468402,67.50149845088
"North Macedonia, Republic of",2009-03-01,0.92242633596,57.45190061464
"North Macedonia, Republic of",2009-04-01,0.91538629188,62.80199311356
"North Macedonia, Republic of",2009-05-01,0.93080969333,71.08873139902
"North Macedonia, Republic of",2009-06-01,0.95081969995,90.86287167838
"North Macedonia, Republic of",2009-07-01,0.94167578287,86.90056097208
"North Macedonia, Republic of",2009-08-01,0.9591779463,91.63890516135
"North Macedonia, Republic of",2009-09-01,0.95466050355,104.09846022919
"North Macedonia, Republic of",2009-10-01,0.96582413419,130.35955965155
"North Macedonia, Republic of",2009-11-01,0.96989529312,122.76899432586
"North Macedonia, Republic of",2009-12-01,0.96626532234,105.08214511142
"North Macedonia, Republic of",2010-01-01,1.0,100.0
"North Macedonia, Republic of",2010-02-01,0.99588548515,100.85210164645
"North Macedonia, Republic of",2010-03-01,1.01169838328,95.1090456451
"North Macedonia, Republic of",2010-04-01,1.02974234913,91.61926383175
"North Macedonia, Republic of",2010-05-01,1.01636772299,79.79924583832
"North Macedonia, Republic of",2010-06-01,1.00919563229,73.24910723702
"North Macedonia, Republic of",2010-07-01,1.00694297029,76.16642032628
"North Macedonia, Republic of",2010-08-01,1.01357557264,76.9391958518
"North Macedonia, Republic of",2010-09-01,1.02257592794,73.34479733618
"North Macedonia, Republic of",2010-10-01,1.03811258974,74.6169334218
"North Macedonia, Republic of",2010-11-01,1.04691079742,77.37771778438
"North Macedonia, Republic of",2010-12-01,1.06438358562,75.71766715452
"North Macedonia, Republic of",2011-01-01,1.14006387906,84.11973792853
"North Macedonia, Republic of",2011-02-01,1.15657043655,92.39218945452
"North Macedonia, Republic of",2011-03-01,1.18273816204,92.32037585319
"North Macedonia, Republic of",2011-04-01,1.20677531008,92.14855942887
"North Macedonia, Republic of",2011-05-01,1.18264527352,93.48122606539
"North Macedonia, Republic of",2011-06-01,1.17470775261,95.37103886014
"North Macedonia, Republic of",2011-07-01,1.18342704117,91.1636594478
"North Macedonia, Republic of",2011-08-01,1.17400666542,86.37810829093
"North Macedonia, Republic of",2011-09-01,1.16890529163,77.6938962006
"North Macedonia, Republic of",2011-10-01,1.15541356585,73.80395099973
"North Macedonia, Republic of",2011-11-01,1.16094642737,70.55351504665
"North Macedonia, Republic of",2011-12-01,1.15451266353,66.46310518775
"North Macedonia, Republic of",2012-01-01,1.15037914503,63.57155781535
"North Macedonia, Republic of",2012-02-01,1.16379427755,67.95777867495
"North Macedonia, Republic of",2012-03-01,1.16751792901,69.62537530441
"North Macedonia, Republic of",2012-04-01,1.15658805581,65.82892294007
"North Macedonia, Republic of",2012-05-01,1.13537420919,63.13701064694
"North Macedonia, Republic of",2012-06-01,1.11352494342,60.63625612468
"North Macedonia, Republic of",2012-07-01,1.12372034359,57.70475747797
"North Macedonia, Republic of",2012-08-01,1.13658872342,57.19832578719
"North Macedonia, Republic of",2012-09-01,1.14538284147,58.62842906101
"North Macedonia, Republic of",2012-10-01,1.14049069108,58.22658308031
"North Macedonia, Republic of",2012-11-01,1.13670622248,56.62720961903
"North Macedonia, Republic of",2012-12-01,1.13720487276,56.51023376902
"North Macedonia, Republic of",2013-01-01,1.13058710682,60.84306772239
"North Macedonia, Republic of",2013-02-01,1.13245681109,62.10479392186
"North Macedonia, Republic of",2013-03-01,1.1213829891,60.63937937376
"North Macedonia, Republic of",2013-04-01,1.11029920802,59.95360264953
"North Macedonia, Republic of",2013-05-01,1.10632130163,58.39506784682
"North Macedonia, Republic of",2013-06-01,1.10034879856,57.49060081889
"North Macedonia, Republic of",2013-07-01,1.10471074179,56.25819545745
"North Macedonia, Republic of",2013-08-01,1.11196553971,54.52109308831
"North Macedonia, Republic of",2013-09-01,1.11221571601,55.4275264403
"North Macedonia, Republic of",2013-10-01,1.10783473515,55.51272395832
"North Macedonia, Republic of",2013-11-01,1.10155304503,54.08335743417
"North Macedonia, Republic of",2013-12-01,1.10429326966,55.80941598681
"North Macedonia, Republic of",2014-01-01,1.09828661863,58.72031509803
"North Macedonia, Republic of",2014-02-01,1.10551058592,59.38989551427
"North Macedonia, Republic of",2014-03-01,1.10899226447,61.09213082219
"North Macedonia, Republic of",2014-04-01,1.10990510606,59.75773492491
"North Macedonia, Republic of",2014-05-01,1.11307903022,59.53997990305
"North Macedonia, Republic of",2014-06-01,1.1161289162,57.82644535145
"North Macedonia, Republic of",2014-07-01,1.11674215335,55.92929562364
"North Macedonia, Republic of",2014-08-01,1.11169064908,56.31689710227
"North Macedonia, Republic of",2014-09-01,1.10395670841,55.64831336878
"North Macedonia, Republic of",2014-10-01,1.08572007274,57.67628928716
"North Macedonia, Republic of",2014-11-01,1.06908806325,58.28492394049
"North Macedonia, Republic of",2014-12-01,1.04390641118,57.01364669386
"North Macedonia, Republic of",2015-01-01,1.01983556104,54.3300981701
"North Macedonia, Republic of",2015-02-01,1.02487085564,52.64457125253
"North Macedonia, Republic of",2015-03-01,1.01856579237,49.25311934971
"North Macedonia, Republic of",2015-04-01,1.02462564539,47.27322946709
"North Macedonia, Republic of",2015-05-01,1.03025159427,47.06100138358
"North Macedonia, Republic of",2015-06-01,1.02548736425,46.66695518298
"North Macedonia, Republic of",2015-07-01,1.01364363131,45.64111959519
"North Macedonia, Republic of",2015-08-01,1.00041895585,47.192574548
"North Macedonia, Republic of",2015-09-01,0.99823625543,48.57784386035
"North Macedonia, Republic of",2015-10-01,0.99905387813,48.21760143105
"North Macedonia, Republic of",2015-11-01,0.98904635416,47.08320985825
"North Macedonia, Republic of",2015-12-01,0.97744751332,49.12816303943
"North Macedonia, Republic of",2016-01-01,0.97880469401,49.62908803288
"North Macedonia, Republic of",2016-02-01,,50.57343635679
"North Macedonia, Republic of",2016-03-01,,50.42754941384
"North Macedonia, Republic of",2016-04-01,,50.31346565358
"North Macedonia, Republic of",2016-05-01,,49.56834686833
"North Macedonia, Republic of",2016-06-01,,48.8215856202
"North Macedonia, Republic of",2016-07-01,,50.45605981255
"North Macedonia, Republic of",2016-08-01,,53.86532816678
"North Macedonia, Republic of",2016-09-01,,55.33489334053
"North Macedonia, Republic of",2016-10-01,,55.7574978799
"North Macedonia, Republic of",2016-11-01,,58.63397898663
"North Macedonia, Republic of",2016-12-01,,57.67884671365
"North Macedonia, Republic of",2017-01-01,,59.23263680831
"North Macedonia, Republic of",2017-02-01,,61.05552987915
"North Macedonia, Republic of",2017-03-01,,61.26894565732
"North Macedonia, Republic of",2017-04-01,,60.38539741798
"North Macedonia, Republic of",2017-05-01,,61.98356057462
"North Macedonia, Republic of",2017-06-01,,64.68589627176
"North Macedonia, Republic of",2017-07-01,,69.63018097063
"North Macedonia, Republic of",2017-08-01,,77.4600178623
"North Macedonia, Republic of",2017-09-01,,80.19656172706
"North Macedonia, Republic of",2017-10-01,,78.23134788201
"North Macedonia, Republic of",2017-11-01,,76.05829290237
"North Macedonia, Republic of",2017-12-01,,74.91034344494
"North Macedonia, Republic of",2018-01-01,,82.76899165568
"North Macedonia, Republic of",2018-02-01,,86.36314975019
"North Macedonia, Republic of",2018-03-01,,87.83877803529
"North Macedonia, Republic of",2018-04-01,,86.6577855476
"North Macedonia, Republic of",2018-05-01,,87.72875713178
"North Macedonia, Republic of",2018-06-01,,94.9491993277
"North Macedonia, Republic of",2018-07-01,,98.95653816675
"North Macedonia, Republic of",2018-08-01,,98.07086357822
"North Macedonia, Republic of",2018-09-01,,101.03477565369
"North Macedonia, Republic of",2018-10-01,,100.04691220022
"North Macedonia, Republic of",2018-11-01,,101.6302854559
"North Macedonia, Republic of",2018-12-01,,99.0974459993
"North Macedonia, Republic of",2019-01-01,,103.32874647945
"North Macedonia, Republic of",2019-02-01,,104.36239628275
"North Macedonia, Republic of",2019-03-01,,104.85129777541
"North Macedonia, Republic of",2019-04-01,,103.55291688829
"North Macedonia, Republic of",2019-05-01,,107.00936470377
"North Macedonia, Republic of",2019-06-01,,108.61668647424
"North Macedonia, Republic of",2019-07-01,,108.68380408552
"North Macedonia, Republic of",2019-08-01,,111.28415661888
"North Macedonia, Republic of",2019-09-01,,115.48425745363
"North Macedonia, Republic of",2019-10-01,,119.72367476076
"North Macedonia, Republic of",2019-11-01,,121.58164826551
"North Macedonia, Republic of",2019-12-01,,126.19284769277
"North Macedonia, Republic of",2020-01-01,,136.24946432356
"North Macedonia, Republic of",2020-02-01,,135.33786958559
"North Macedonia, Republic of",2020-03-01,,114.80848213157
"North Macedonia, Republic of",2020-04-01,,110.10220955677
"North Macedonia, Republic of",2020-05-01,,118.46341501028
"North Macedonia, Republic of",2020-06-01,,116.85684304883
"North Macedonia, Republic of",2020-07-01,,121.50126889059
"North Macedonia, Republic of",2020-08-01,,126.39774916705
"North Macedonia, Republic of",2020-09-01,,130.27693387244
"North Macedonia, Republic of",2020-10-01,,131.20729354832
"North Macedonia, Republic of",2020-11-01,,131.82969136484
"North Macedonia, Republic of",2020-12-01,,138.05791238665
Malta,2005-01-01,,76.95064593793
Malta,2005-02-01,,82.29536302012
Malta,2005-03-01,,84.50742883145
Malta,2005-04-01,,83.01226689712
Malta,2005-05-01,,80.30908906819
Malta,2005-06-01,,76.41033613875
Malta,2005-07-01,,78.91580999872
Malta,2005-08-01,,82.03044908425
Malta,2005-09-01,,88.57574309284
Malta,2005-10-01,,91.17321351798
Malta,2005-11-01,,97.983648755
Malta,2005-12-01,,104.75981879896
Malta,2006-01-01,,115.02995915863
Malta,2006-02-01,,128.63681058005
Malta,2006-03-01,,142.67409892875
Malta,2006-04-01,,142.87886592515
Malta,2006-05-01,,136.31236166864
Malta,2006-06-01,,130.50094633213
Malta,2006-07-01,,130.78985301955
Malta,2006-08-01,,126.26599495737
Malta,2006-09-01,,121.46266872811
Malta,2006-10-01,,119.94098412852
Malta,2006-11-01,,119.15394637752
Malta,2006-12-01,,119.82732614463
Malta,2007-01-01,,121.25137857457
Malta,2007-02-01,,123.69530754323
Malta,2007-03-01,,119.62231413966
Malta,2007-04-01,,122.18902234966
Malta,2007-05-01,,123.12502708324
Malta,2007-06-01,,120.85476897994
Malta,2007-07-01,,124.57808790455
Malta,2007-08-01,,123.65324982023
Malta,2007-09-01,,126.63299396464
Malta,2007-10-01,,128.76948940439
Malta,2007-11-01,,133.16164178345
Malta,2007-12-01,,131.58215206044
Malta,2008-01-01,,136.22258213763
Malta,2008-02-01,,130.60967204745
Malta,2008-03-01,,134.5795571175
Malta,2008-04-01,,134.65925048666
Malta,2008-05-01,,126.56100527509
Malta,2008-06-01,,121.19299081003
Malta,2008-07-01,,121.83770952185
Malta,2008-08-01,,106.38637408392
Malta,2008-09-01,,103.58546364101
Malta,2008-10-01,,86.55061206645
Malta,2008-11-01,,79.11396292088
Malta,2008-12-01,,82.11692555478
Malta,2009-01-01,,79.17115738795
Malta,2009-02-01,,70.32135155286
Malta,2009-03-01,,66.21658294697
Malta,2009-04-01,,67.41520761419
Malta,2009-05-01,,76.16015128324
Malta,2009-06-01,,79.36265147033
Malta,2009-07-01,,79.44752925167
Malta,2009-08-01,,82.11843004726
Malta,2009-09-01,,82.58134424385
Malta,2009-10-01,,86.81735530989
Malta,2009-11-01,,91.63713459552
Malta,2009-12-01,,92.61586655061
Malta,2010-01-01,,100.0
Malta,2010-02-01,,96.34554141059
Malta,2010-03-01,,91.01663601982
Malta,2010-04-01,,88.0523496878
Malta,2010-05-01,,82.38873343491
Malta,2010-06-01,,77.94649591788
Malta,2010-07-01,,82.30038295593
Malta,2010-08-01,,84.01395544647
Malta,2010-09-01,,82.67955751563
Malta,2010-10-01,,86.92225268665
Malta,2010-11-01,,88.67410092326
Malta,2010-12-01,,88.38408036495
Malta,2011-01-01,,95.13859332063
Malta,2011-02-01,,96.54013896359
Malta,2011-03-01,,92.0553828252
Malta,2011-04-01,,91.28917674753
Malta,2011-05-01,,89.4359056892
Malta,2011-06-01,,89.87725103973
Malta,2011-07-01,,87.67963391797
Malta,2011-08-01,,84.29041604489
Malta,2011-09-01,,79.49016144835
Malta,2011-10-01,,79.41847848047
Malta,2011-11-01,,78.84655065523
Malta,2011-12-01,,75.49557803308
Malta,2012-01-01,,74.31230226311
Malta,2012-02-01,,74.09407475063
Malta,2012-03-01,,73.3209772805
Malta,2012-04-01,,72.22239813999
Malta,2012-05-01,,70.96030660005
Malta,2012-06-01,,71.22329828136
Malta,2012-07-01,,70.30638847633
Malta,2012-08-01,,70.67407311664
Malta,2012-09-01,,74.10582339042
Malta,2012-10-01,,76.7452075831
Malta,2012-11-01,,74.998169307
Malta,2012-12-01,,77.76156803614
Malta,2013-01-01,,80.07764863624
Malta,2013-02-01,,80.78480506753
Malta,2013-03-01,,80.23001381375
Malta,2013-04-01,,80.64045329128
Malta,2013-05-01,,81.01159755981
Malta,2013-06-01,,83.88909764564
Malta,2013-07-01,,83.79808511602
Malta,2013-08-01,,85.90856865831
Malta,2013-09-01,,84.19171290244
Malta,2013-10-01,,88.06120939748
Malta,2013-11-01,,88.54083240097
Malta,2013-12-01,,91.22736638048
Malta,2014-01-01,,93.18603408629
Malta,2014-02-01,,94.02525907833
Malta,2014-03-01,,90.92204898838
Malta,2014-04-01,,89.85151021268
Malta,2014-05-01,,87.4536473396
Malta,2014-06-01,,85.31089219928
Malta,2014-07-01,,84.18774276348
Malta,2014-08-01,,82.38544218393
Malta,2014-09-01,,80.02141454364
Malta,2014-10-01,,78.9000230942
Malta,2014-11-01,,76.81596484925
Malta,2014-12-01,,75.02564396611
Malta,2015-01-01,,73.01753851909
Malta,2015-02-01,,72.52840072228
Malta,2015-03-01,,73.74959161714
Malta,2015-04-01,,75.57094399585
Malta,2015-05-01,,79.18350764554
Malta,2015-06-01,,84.26401920386
Malta,2015-07-01,,84.81960300489
Malta,2015-08-01,,87.86244038753
Malta,2015-09-01,,90.21087985556
Malta,2015-10-01,,90.50183588944
Malta,2015-11-01,,88.68804341791
Malta,2015-12-01,,90.40981085193
Malta,2016-01-01,,90.37677484375
Malta,2016-02-01,,92.78871859824
Malta,2016-03-01,,93.92151549381
Malta,2016-04-01,,96.05847831038
Malta,2016-05-01,,95.47284044696
Malta,2016-06-01,,93.53691931535
Malta,2016-07-01,,93.02762742121
Malta,2016-08-01,,92.56050006452
Malta,2016-09-01,,92.69510078174
Malta,2016-10-01,,92.19215659405
Malta,2016-11-01,,90.36675655008
Malta,2016-12-01,,89.16260356074
Malta,2017-01-01,,92.65612209398
Malta,2017-02-01,,93.81665648303
Malta,2017-03-01,,94.20415448298
Malta,2017-04-01,,94.015950302
Malta,2017-05-01,,95.64756444652
Malta,2017-06-01,,97.6410824063
Malta,2017-07-01,,101.43377512046
Malta,2017-08-01,,102.61041178243
Malta,2017-09-01,,103.01380231152
Malta,2017-10-01,,102.23197807722
Malta,2017-11-01,,98.28172977573
Malta,2017-12-01,,98.17281888013
Malta,2018-01-01,,102.41597799864
Malta,2018-02-01,,102.88349132364
Malta,2018-03-01,,103.20009814274
Malta,2018-04-01,,99.69270746227
Malta,2018-05-01,,94.7363240142
Malta,2018-06-01,,95.09476899022
Malta,2018-07-01,,95.42770270144
Malta,2018-08-01,,93.1036527617
Malta,2018-09-01,,94.04354491657
Malta,2018-10-01,,95.64498118877
Malta,2018-11-01,,94.84128739219
Malta,2018-12-01,,94.6148949467
Malta,2019-01-01,,94.31978060986
Malta,2019-02-01,,94.82259202359
Malta,2019-03-01,,98.30001985976
Malta,2019-04-01,,98.40845848823
Malta,2019-05-01,,99.82832282651
Malta,2019-06-01,,101.90315833223
Malta,2019-07-01,,100.64026530607
Malta,2019-08-01,,99.67814937456
Malta,2019-09-01,,99.37672981571
Malta,2019-10-01,,99.34135424105
Malta,2019-11-01,,98.89973461062
Malta,2019-12-01,,95.97987438171
Malta,2020-01-01,,96.36187482711
Malta,2020-02-01,,94.50069056893
Malta,2020-03-01,,86.35668178277
Malta,2020-04-01,,79.41554966175
Malta,2020-05-01,,80.58500123305
Malta,2020-06-01,,84.31626634809
Malta,2020-07-01,,84.55340225462
Malta,2020-08-01,,82.41858289548
Malta,2020-09-01,,79.46247898796
Malta,2020-10-01,,76.52486148708
Malta,2020-11-01,,79.37878891499
Malta,2020-12-01,,93.26746128491
Mauritius,2005-01-01,0.8483839274,
Mauritius,2005-02-01,0.85008849532,
Mauritius,2005-03-01,0.85349970824,
Mauritius,2005-04-01,0.85435128156,
Mauritius,2005-05-01,0.85440158904,
Mauritius,2005-06-01,0.85467438953,
Mauritius,2005-07-01,0.85233151856,
Mauritius,2005-08-01,0.8522106093,
Mauritius,2005-09-01,0.8524888355,
Mauritius,2005-10-01,0.85319292049,
Mauritius,2005-11-01,0.85168525148,
Mauritius,2005-12-01,0.85301686539,
Mauritius,2006-01-01,0.87361090149,
Mauritius,2006-02-01,0.876740588,
Mauritius,2006-03-01,0.87576291238,
Mauritius,2006-04-01,0.87740141399,
Mauritius,2006-05-01,0.87496016798,
Mauritius,2006-06-01,0.87538273143,
Mauritius,2006-07-01,0.87962835902,
Mauritius,2006-08-01,0.87818230916,
Mauritius,2006-09-01,0.87735046557,
Mauritius,2006-10-01,0.87762689452,
Mauritius,2006-11-01,0.87821737332,
Mauritius,2006-12-01,0.87803765267,
Mauritius,2007-01-01,0.92262956419,
Mauritius,2007-02-01,0.92435898864,
Mauritius,2007-03-01,0.92496167721,
Mauritius,2007-04-01,0.92501287167,
Mauritius,2007-05-01,0.92518299409,
Mauritius,2007-06-01,0.92924751012,
Mauritius,2007-07-01,0.93204142445,
Mauritius,2007-08-01,0.93378820818,
Mauritius,2007-09-01,0.94178987226,
Mauritius,2007-10-01,0.94802844019,
Mauritius,2007-11-01,0.95065058569,
Mauritius,2007-12-01,0.9566691936,
Mauritius,2008-01-01,1.02604864028,
Mauritius,2008-02-01,1.05225830798,
Mauritius,2008-03-01,1.06223276007,
Mauritius,2008-04-01,1.06506156757,
Mauritius,2008-05-01,1.07081371868,
Mauritius,2008-06-01,1.09866544088,
Mauritius,2008-07-01,1.10545836464,
Mauritius,2008-08-01,1.10036040803,
Mauritius,2008-09-01,1.09205141554,
Mauritius,2008-10-01,1.06967055159,
Mauritius,2008-11-01,1.05117205169,
Mauritius,2008-12-01,1.03528902594,
Mauritius,2009-01-01,0.98800983023,
Mauritius,2009-02-01,0.98606675344,
Mauritius,2009-03-01,0.97377914587,
Mauritius,2009-04-01,0.96198819568,
Mauritius,2009-05-01,0.96517837037,
Mauritius,2009-06-01,0.96752063412,
Mauritius,2009-07-01,0.96388838106,
Mauritius,2009-08-01,0.96358238669,
Mauritius,2009-09-01,0.96164794681,
Mauritius,2009-10-01,0.96289870878,
Mauritius,2009-11-01,0.96608809105,
Mauritius,2009-12-01,0.96738852979,
Mauritius,2010-01-01,1.0,
Mauritius,2010-02-01,0.99884831981,
Mauritius,2010-03-01,1.00033837443,
Mauritius,2010-04-01,1.00658844392,
Mauritius,2010-05-01,1.00972426027,
Mauritius,2010-06-01,1.00426163486,
Mauritius,2010-07-01,1.00382428492,
Mauritius,2010-08-01,1.00922375101,
Mauritius,2010-09-01,1.0182062835,
Mauritius,2010-10-01,1.02346543218,
Mauritius,2010-11-01,1.02892016529,
Mauritius,2010-12-01,1.03756307166,
Mauritius,2011-01-01,1.12124098368,
Mauritius,2011-02-01,1.12760771401,
Mauritius,2011-03-01,1.13163967808,
Mauritius,2011-04-01,1.13537295185,
Mauritius,2011-05-01,1.1305393434,
Mauritius,2011-06-01,1.12841999147,
Mauritius,2011-07-01,1.12715642779,
Mauritius,2011-08-01,1.12958455393,
Mauritius,2011-09-01,1.12842704899,
Mauritius,2011-10-01,1.12240333294,
Mauritius,2011-11-01,1.11855690346,
Mauritius,2011-12-01,1.11362154437,
Mauritius,2012-01-01,1.10225712992,
Mauritius,2012-02-01,1.10321818432,
Mauritius,2012-03-01,1.1029255572,
Mauritius,2012-04-01,1.10033353472,
Mauritius,2012-05-01,1.09740925699,
Mauritius,2012-06-01,1.09594580663,
Mauritius,2012-07-01,1.1053408527,
Mauritius,2012-08-01,1.10606666748,
Mauritius,2012-09-01,1.10578152563,
Mauritius,2012-10-01,1.10383059901,
Mauritius,2012-11-01,1.10448060879,
Mauritius,2012-12-01,1.10447118996,
Mauritius,2013-01-01,1.09032125202,
Mauritius,2013-02-01,1.08879934129,
Mauritius,2013-03-01,1.08702130488,
Mauritius,2013-04-01,1.08424927192,
Mauritius,2013-05-01,1.08522273309,
Mauritius,2013-06-01,1.08177723335,
Mauritius,2013-07-01,1.07882344609,
Mauritius,2013-08-01,1.07690232038,
Mauritius,2013-09-01,1.07583189893,
Mauritius,2013-10-01,1.07765313041,
Mauritius,2013-11-01,1.07577692727,
Mauritius,2013-12-01,1.0749789539,
Mauritius,2014-01-01,1.0717144694,
Mauritius,2014-02-01,1.07461132598,
Mauritius,2014-03-01,1.077731797,
Mauritius,2014-04-01,1.07595479524,
Mauritius,2014-05-01,1.07676682861,
Mauritius,2014-06-01,1.07409545567,
Mauritius,2014-07-01,1.07328168152,
Mauritius,2014-08-01,1.07433382827,
Mauritius,2014-09-01,1.07157852443,
Mauritius,2014-10-01,1.07051352203,
Mauritius,2014-11-01,1.07034028509,
Mauritius,2014-12-01,1.06878578736,
Mauritius,2015-01-01,1.06358923135,
Mauritius,2015-02-01,1.05980098077,
Mauritius,2015-03-01,1.05719393254,
Mauritius,2015-04-01,1.05676506515,
Mauritius,2015-05-01,1.05487522755,
Mauritius,2015-06-01,1.05334193141,
Mauritius,2015-07-01,1.05416871205,
Mauritius,2015-08-01,1.05151316912,
Mauritius,2015-09-01,1.04909889596,
Mauritius,2015-10-01,1.04856666498,
Mauritius,2015-11-01,1.04764153369,
Mauritius,2015-12-01,1.04623275113,
Mauritius,2016-01-01,1.06028734362,
Mauritius,2016-02-01,,
Mauritius,2016-03-01,,
Mauritius,2016-04-01,,
Mauritius,2016-05-01,,
Mauritius,2016-06-01,,
Mauritius,2016-07-01,,
Mauritius,2016-08-01,,
Mauritius,2016-09-01,,
Mauritius,2016-10-01,,
Mauritius,2016-11-01,,
Mauritius,2016-12-01,,
Mauritius,2017-01-01,,
Mauritius,2017-02-01,,
Mauritius,2017-03-01,,
Mauritius,2017-04-01,,
Mauritius,2017-05-01,,
Mauritius,2017-06-01,,
Mauritius,2017-07-01,,
Mauritius,2017-08-01,,
Mauritius,2017-09-01,,
Mauritius,2017-10-01,,
Mauritius,2017-11-01,,
Mauritius,2017-12-01,,
Mauritius,2018-01-01,,
Mauritius,2018-02-01,,
Mauritius,2018-03-01,,
Mauritius,2018-04-01,,
Mauritius,2018-05-01,,
Mauritius,2018-06-01,,
Mauritius,2018-07-01,,
Mauritius,2018-08-01,,
Mauritius,2018-09-01,,
Mauritius,2018-10-01,,
Mauritius,2018-11-01,,
Mauritius,2018-12-01,,
Mauritius,2019-01-01,,
Mauritius,2019-02-01,,
Mauritius,2019-03-01,,
Mauritius,2019-04-01,,
Mauritius,2019-05-01,,
Mauritius,2019-06-01,,
Mauritius,2019-07-01,,
Mauritius,2019-08-01,,
Mauritius,2019-09-01,,
Mauritius,2019-10-01,,
Mauritius,2019-11-01,,
Mauritius,2019-12-01,,
Mauritius,2020-01-01,,
Mauritius,2020-02-01,,
Mauritius,2020-03-01,,
Mauritius,2020-04-01,,
Mauritius,2020-05-01,,
Mauritius,2020-06-01,,
Mauritius,2020-07-01,,
Mauritius,2020-08-01,,
Mauritius,2020-09-01,,
Mauritius,2020-10-01,,
Mauritius,2020-11-01,,
Mauritius,2020-12-01,,
Nigeria,2005-01-01,1.31937462502,122.19727248226
Nigeria,2005-02-01,1.22865791393,116.82564320629
Nigeria,2005-03-01,1.35710000966,109.37814542896
Nigeria,2005-04-01,1.25971720493,110.94493010995
Nigeria,2005-05-01,1.2996267662,112.32093166517
Nigeria,2005-06-01,1.20391095863,111.46903057521
Nigeria,2005-07-01,1.16131917818,110.01982673881
Nigeria,2005-08-01,1.17518427671,111.05473065019
Nigeria,2005-09-01,1.2571352779,125.28629194828
Nigeria,2005-10-01,1.25132660518,132.45185222227
Nigeria,2005-11-01,1.23484485569,133.60373635846
Nigeria,2005-12-01,1.19887858515,126.31975292337
Nigeria,2006-01-01,1.36802486984,126.40867328027
Nigeria,2006-02-01,1.37342607665,126.67224079847
Nigeria,2006-03-01,1.50516134056,125.36027592679
Nigeria,2006-04-01,1.33742893582,124.00782137564
Nigeria,2006-05-01,1.36773105392,129.39822308176
Nigeria,2006-06-01,1.24083200578,134.13878453211
Nigeria,2006-07-01,1.28152988199,144.39409150972
Nigeria,2006-08-01,1.30721470084,167.9109799874
Nigeria,2006-09-01,1.23180354635,175.63755713124
Nigeria,2006-10-01,1.23147266733,176.44533049649
Nigeria,2006-11-01,1.37543223809,173.69200287659
Nigeria,2006-12-01,1.56048207084,174.08217423734
Nigeria,2007-01-01,1.08630124767,187.13142272404
Nigeria,2007-02-01,1.11923693937,214.83007554028
Nigeria,2007-03-01,1.13715186677,220.90329310099
Nigeria,2007-04-01,1.15528750897,247.12797499764
Nigeria,2007-05-01,1.13835574222,255.86382346946
Nigeria,2007-06-01,1.15204217542,274.08544144872
Nigeria,2007-07-01,1.13939223446,277.29602709618
Nigeria,2007-08-01,1.14661938178,281.52881710932
Nigeria,2007-09-01,1.2257164494,280.26009086072
Nigeria,2007-10-01,1.22289779299,282.34693627196
Nigeria,2007-11-01,1.32290329673,302.50360354999
Nigeria,2007-12-01,1.32487569004,317.728411936
Nigeria,2008-01-01,1.25488059451,338.08957485383
Nigeria,2008-02-01,1.23670893064,365.88351849993
Nigeria,2008-03-01,1.24977135601,379.72295213182
Nigeria,2008-04-01,1.27638825292,360.36149405768
Nigeria,2008-05-01,1.57078987809,356.26323719264
Nigeria,2008-06-01,1.3075961973,328.15289537612
Nigeria,2008-07-01,1.60146790929,311.36702542489
Nigeria,2008-08-01,1.25725928385,277.83556304985
Nigeria,2008-09-01,1.22864983613,281.23946909328
Nigeria,2008-10-01,1.31918257723,248.03640146414
Nigeria,2008-11-01,1.27485832209,204.3340001822
Nigeria,2008-12-01,1.42137120283,154.40004164112
Nigeria,2009-01-01,1.0770790338,124.13013584199
Nigeria,2009-02-01,1.03378868654,107.28582405312
Nigeria,2009-03-01,1.0281986945,96.48819863978
Nigeria,2009-04-01,1.27445896566,94.20515461656
Nigeria,2009-05-01,0.97404121053,116.43446270702
Nigeria,2009-06-01,0.97194188622,131.62050610418
Nigeria,2009-07-01,0.99304654781,114.60917855052
Nigeria,2009-08-01,0.96597797991,105.56806630771
Nigeria,2009-09-01,1.00836234539,97.58336186372
Nigeria,2009-10-01,0.9884918404,103.28154019174
Nigeria,2009-11-01,1.02769464573,96.71988783694
Nigeria,2009-12-01,0.99170664439,95.02838686127
Nigeria,2010-01-01,1.0,100.0
Nigeria,2010-02-01,0.9785559972,104.71555196138
Nigeria,2010-03-01,1.04277019944,110.55034620103
Nigeria,2010-04-01,1.23018760492,123.27326719063
Nigeria,2010-05-01,1.32129608301,121.86098224298
Nigeria,2010-06-01,1.45975745089,116.40585422
Nigeria,2010-07-01,1.36219496803,114.43191630449
Nigeria,2010-08-01,1.45352519277,113.86874224027
Nigeria,2010-09-01,1.9689540974,104.48784514111
Nigeria,2010-10-01,1.43787186445,110.99536654228
Nigeria,2010-11-01,1.8445907203,113.44226223383
Nigeria,2010-12-01,1.61098070686,110.3513829301
Nigeria,2011-01-01,1.88639346162,120.48184498887
Nigeria,2011-02-01,1.77846692397,119.09778328272
Nigeria,2011-03-01,1.93083804475,110.68019996519
Nigeria,2011-04-01,1.54226716789,110.91350596849
Nigeria,2011-05-01,1.77892838926,112.81783416665
Nigeria,2011-06-01,1.68058407207,111.97344855754
Nigeria,2011-07-01,1.97272347963,107.90615796398
Nigeria,2011-08-01,1.95968213099,101.35727110453
Nigeria,2011-09-01,1.48430576234,91.22342782774
Nigeria,2011-10-01,1.54427027506,86.75729016007
Nigeria,2011-11-01,1.5078765997,87.5590396256
Nigeria,2011-12-01,1.46917299123,84.93944934217
Nigeria,2012-01-01,1.25698580934,88.26815863956
Nigeria,2012-02-01,1.28985324895,88.49721976114
Nigeria,2012-03-01,1.36081155818,90.77321866027
Nigeria,2012-04-01,1.38670265237,92.45900427341
Nigeria,2012-05-01,1.37775444936,96.76449410114
Nigeria,2012-06-01,1.2512821746,90.03955237327
Nigeria,2012-07-01,1.2715033278,96.22982582394
Nigeria,2012-08-01,1.30370359033,100.58370878448
Nigeria,2012-09-01,1.51965817512,109.26295519632
Nigeria,2012-10-01,1.42782055284,117.02569147556
Nigeria,2012-11-01,1.48296076465,114.94961388517
Nigeria,2012-12-01,1.36477789329,118.51121181686
Nigeria,2013-01-01,1.11961972853,131.36759642241
Nigeria,2013-02-01,1.12488919436,144.95564015184
Nigeria,2013-03-01,1.14927334995,143.38594275283
Nigeria,2013-04-01,1.18436575269,145.50366883405
Nigeria,2013-05-01,1.20616105933,157.47918705727
Nigeria,2013-06-01,1.07223802162,160.96749555868
Nigeria,2013-07-01,1.28598192043,158.52367209202
Nigeria,2013-08-01,1.44302541935,157.80092609196
Nigeria,2013-09-01,1.16601586522,152.90404897686
Nigeria,2013-10-01,1.40195869719,159.1783220483
Nigeria,2013-11-01,1.11499676968,165.3934978577
Nigeria,2013-12-01,1.34836084764,169.50818915184
Nigeria,2014-01-01,1.39606596043,177.0564480985
Nigeria,2014-02-01,1.26713864951,165.67466224619
Nigeria,2014-03-01,1.25141960424,159.45552831315
Nigeria,2014-04-01,1.08961899785,163.98406291191
Nigeria,2014-05-01,1.06420819814,165.70742969521
Nigeria,2014-06-01,1.1110698023,174.44531079255
Nigeria,2014-07-01,1.06662116718,180.26088307478
Nigeria,2014-08-01,1.10209483922,176.52197493492
Nigeria,2014-09-01,1.16461872914,171.86740477416
Nigeria,2014-10-01,1.41360765895,162.97149811517
Nigeria,2014-11-01,1.40186549896,137.81657773595
Nigeria,2014-12-01,1.45108090247,121.47256768792
Nigeria,2015-01-01,1.42374798523,110.69661504862
Nigeria,2015-02-01,1.33514332944,101.44111645588
Nigeria,2015-03-01,1.33520435294,104.21297410407
Nigeria,2015-04-01,1.23392216265,119.29255150418
Nigeria,2015-05-01,1.25800706215,118.39366031005
Nigeria,2015-06-01,1.26037662853,115.32309220466
Nigeria,2015-07-01,1.284003038,108.3393135953
Nigeria,2015-08-01,1.29992081978,103.69467021715
Nigeria,2015-09-01,1.2968171699,103.78522384578
Nigeria,2015-10-01,1.30954658871,103.00398232377
Nigeria,2015-11-01,1.26189943598,97.8368104235
Nigeria,2015-12-01,1.31798792,93.64232123717
Nigeria,2016-01-01,1.30280882381,85.52655618573
Nigeria,2016-02-01,1.29969067284,83.03873558957
Nigeria,2016-03-01,1.38954304428,88.26032703028
Nigeria,2016-04-01,1.62387685411,85.81510775017
Nigeria,2016-05-01,1.71594896092,91.91716952872
Nigeria,2016-06-01,1.57320242866,85.61586542977
Nigeria,2016-07-01,1.18993024377,66.39112132331
Nigeria,2016-08-01,1.1553788128,58.72417783914
Nigeria,2016-09-01,1.21064277555,60.55503572486
Nigeria,2016-10-01,1.17938396759,60.23391378115
Nigeria,2016-11-01,1.15960004694,56.46109667567
Nigeria,2016-12-01,1.23371600375,56.88811178479
Nigeria,2017-01-01,,57.31706299505
Nigeria,2017-02-01,,55.35743160747
Nigeria,2017-03-01,,55.00321510166
Nigeria,2017-04-01,,56.02019190843
Nigeria,2017-05-01,,59.73108925747
Nigeria,2017-06-01,,69.96478122018
Nigeria,2017-07-01,,72.26440711262
Nigeria,2017-08-01,,70.51425909106
Nigeria,2017-09-01,,67.72093878223
Nigeria,2017-10-01,,69.68777045901
Nigeria,2017-11-01,,70.63601691269
Nigeria,2017-12-01,,73.03958332664
Nigeria,2018-01-01,,81.01296027037
Nigeria,2018-02-01,,81.53471063618
Nigeria,2018-03-01,,80.38935304019
Nigeria,2018-04-01,,77.59359945569
Nigeria,2018-05-01,,76.50127383438
Nigeria,2018-06-01,,72.48023820751
Nigeria,2018-07-01,,70.19696875081
Nigeria,2018-08-01,,67.25317460488
Nigeria,2018-09-01,,62.45590079243
Nigeria,2018-10-01,,61.45784561189
Nigeria,2018-11-01,,59.9053529031
Nigeria,2018-12-01,,58.12861359641
Nigeria,2019-01-01,,57.69630202359
Nigeria,2019-02-01,,60.60278667887
Nigeria,2019-03-01,,59.67578488235
Nigeria,2019-04-01,,56.4288311466
Nigeria,2019-05-01,,56.33506718627
Nigeria,2019-06-01,,57.03206171041
Nigeria,2019-07-01,,54.13865736136
Nigeria,2019-08-01,,51.86552815163
Nigeria,2019-09-01,,51.96124910983
Nigeria,2019-10-01,,50.26681819491
Nigeria,2019-11-01,,50.40231397725
Nigeria,2019-12-01,,50.29935100531
Nigeria,2020-01-01,,54.66577377338
Nigeria,2020-02-01,,52.03568942554
Nigeria,2020-03-01,,43.09137477033
Nigeria,2020-04-01,,38.9817913082
Nigeria,2020-05-01,,42.82782077131
Nigeria,2020-06-01,,44.13062184121
Nigeria,2020-07-01,,42.86681879039
Nigeria,2020-08-01,,44.64395382027
Nigeria,2020-09-01,,45.92455671288
Nigeria,2020-10-01,,51.20487694127
Nigeria,2020-11-01,,59.54837364129
Nigeria,2020-12-01,,64.04313137282
Netherlands,2005-01-01,0.84371413275,96.81606055768
Netherlands,2005-02-01,0.82557823561,100.6572076441
Netherlands,2005-03-01,0.87005263502,102.65162798304
Netherlands,2005-04-01,0.85363445889,97.73445478062
Netherlands,2005-05-01,0.81267456778,94.96429623584
Netherlands,2005-06-01,0.79562082361,95.67564247548
Netherlands,2005-07-01,0.79193223813,98.61530255618
Netherlands,2005-08-01,0.82908272491,100.86368324803
Netherlands,2005-09-01,0.81640976733,101.13564863755
Netherlands,2005-10-01,0.81345697947,98.94540299116
Netherlands,2005-11-01,0.80535495397,100.98169985973
Netherlands,2005-12-01,0.80624297403,107.45507322242
Netherlands,2006-01-01,0.8362379831,111.70494922646
Netherlands,2006-02-01,0.79716283984,114.39563930584
Netherlands,2006-03-01,0.82410709812,116.34910879383
Netherlands,2006-04-01,0.84381623898,120.56692602998
Netherlands,2006-05-01,0.86157252317,120.34654197459
Netherlands,2006-06-01,0.86549522245,112.81288826525
Netherlands,2006-07-01,0.8711767472,116.75762269309
Netherlands,2006-08-01,0.89193766071,122.73134374555
Netherlands,2006-09-01,0.85898608521,125.61614701744
Netherlands,2006-10-01,0.85526126035,128.74204071721
Netherlands,2006-11-01,0.88850676795,131.62651228733
Netherlands,2006-12-01,0.90114143139,134.17111809527
Netherlands,2007-01-01,0.89680641119,135.79903414106
Netherlands,2007-02-01,0.88027459224,138.23066531446
Netherlands,2007-03-01,0.91892276885,136.29108004206
Netherlands,2007-04-01,0.94016803634,148.72974097324
Netherlands,2007-05-01,0.93006619303,150.7854483373
Netherlands,2007-06-01,0.93488479567,152.32522160406
Netherlands,2007-07-01,0.94767835351,157.6719191042
Netherlands,2007-08-01,0.9455523253,145.88135110689
Netherlands,2007-09-01,0.95819142507,154.25605761181
Netherlands,2007-10-01,0.99651780657,162.82963997092
Netherlands,2007-11-01,1.05219932042,155.63183597537
Netherlands,2007-12-01,1.03879575521,154.97502779115
Netherlands,2008-01-01,1.08032502978,142.76592601034
Netherlands,2008-02-01,1.05337362408,137.37873208439
Netherlands,2008-03-01,1.13990058397,140.89229125008
Netherlands,2008-04-01,1.16171902963,152.36210912387
Netherlands,2008-05-01,1.15356779377,157.10236762505
Netherlands,2008-06-01,1.18492422754,147.67227222391
Netherlands,2008-07-01,1.18711488251,131.46289706348
Netherlands,2008-08-01,1.13103202811,126.65399903815
Netherlands,2008-09-01,1.04708548193,113.41864959269
Netherlands,2008-10-01,0.95881915772,76.64002534042
Netherlands,2008-11-01,0.89702507033,67.32996926703
Netherlands,2008-12-01,0.91553588003,69.08405593293
Netherlands,2009-01-01,0.89606205953,69.72870514631
Netherlands,2009-02-01,0.84435990188,64.5592681187
Netherlands,2009-03-01,0.87094121339,57.90025434194
Netherlands,2009-04-01,0.870004315,64.50100917588
Netherlands,2009-05-01,0.89355235046,73.64750187206
Netherlands,2009-06-01,0.94449706606,75.87805653182
Netherlands,2009-07-01,0.91056748384,77.34292075869
Netherlands,2009-08-01,0.94904715964,86.44334665987
Netherlands,2009-09-01,0.94350391453,92.84216679293
Netherlands,2009-10-01,0.98802869968,97.32254429925
Netherlands,2009-11-01,1.00397119837,97.31297106951
Netherlands,2009-12-01,0.97958666779,98.88191686437
Netherlands,2010-01-01,1.0,100.0
Netherlands,2010-02-01,0.93697561094,91.69817787004
Netherlands,2010-03-01,0.96012349666,95.9258470788
Netherlands,2010-04-01,0.97008959745,98.62760295465
Netherlands,2010-05-01,0.89818805765,84.98652296976
Netherlands,2010-06-01,0.8893180154,83.42398327716
Netherlands,2010-07-01,0.91384509807,87.00066951157
Netherlands,2010-08-01,0.93634860127,87.51701651303
Netherlands,2010-09-01,0.92848318563,91.23962140762
Netherlands,2010-10-01,1.00339150138,98.12614448333
Netherlands,2010-11-01,0.99994198915,97.07624969011
Netherlands,2010-12-01,0.99019861319,96.80624071354
Netherlands,2011-01-01,1.0172518438,100.34234468421
Netherlands,2011-02-01,1.04648550201,105.12773438425
Netherlands,2011-03-01,1.08208211991,105.52823993551
Netherlands,2011-04-01,1.13264686125,109.27110737606
Netherlands,2011-05-01,1.12529604683,105.23922494015
Netherlands,2011-06-01,1.11251169651,100.71361491876
Netherlands,2011-07-01,1.09806856316,100.02363439633
Netherlands,2011-08-01,1.10670473185,86.529846508
Netherlands,2011-09-01,1.05830001842,79.47315819802
Netherlands,2011-10-01,1.07721022479,85.16493881237
Netherlands,2011-11-01,1.05294284267,82.32081653795
Netherlands,2011-12-01,1.0318812437,82.84701289032
Netherlands,2012-01-01,1.02170437711,85.15531031235
Netherlands,2012-02-01,1.05141953943,89.82762777934
Netherlands,2012-03-01,1.05436004596,90.34459733101
Netherlands,2012-04-01,1.0600643999,85.26404484717
Netherlands,2012-05-01,1.03026595639,79.01195965502
Netherlands,2012-06-01,0.98394770286,77.09334926722
Netherlands,2012-07-01,0.97450553805,81.00214746693
Netherlands,2012-08-01,1.00952735611,85.74183766871
Netherlands,2012-09-01,1.02714029415,89.52151137362
Netherlands,2012-10-01,1.04437684195,89.31025075535
Netherlands,2012-11-01,1.01784348953,88.77189950888
Netherlands,2012-12-01,1.03881134995,93.80980632338
Netherlands,2013-01-01,1.05744216969,97.72418328449
Netherlands,2013-02-01,1.06223285335,95.69844013899
Netherlands,2013-03-01,1.02262413236,94.54914877688
Netherlands,2013-04-01,1.01951818224,94.35300798868
Netherlands,2013-05-01,1.02800973058,98.43495473218
Netherlands,2013-06-01,1.02552145103,95.72524247088
Netherlands,2013-07-01,1.02198257117,99.153538518
Netherlands,2013-08-01,1.04546496174,103.26622741795
Netherlands,2013-09-01,1.03603189436,104.76621975691
Netherlands,2013-10-01,1.06157520189,108.67736424009
Netherlands,2013-11-01,1.04284758305,111.11768584122
Netherlands,2013-12-01,1.06163199703,111.06210462183
Netherlands,2014-01-01,1.05644626022,113.83069285275
Netherlands,2014-02-01,1.05912614042,112.73222024786
Netherlands,2014-03-01,1.0560597135,113.3977183993
Netherlands,2014-04-01,1.06205291318,115.11543876991
Netherlands,2014-05-01,1.07096005946,115.29109308484
Netherlands,2014-06-01,1.0497836879,117.26130080994
Netherlands,2014-07-01,1.03706072759,115.38981812572
Netherlands,2014-08-01,1.02179050022,111.44858220797
Netherlands,2014-09-01,0.9765412623,112.72563573722
Netherlands,2014-10-01,0.96784401664,105.40034350868
Netherlands,2014-11-01,0.93401502441,108.30339180593
Netherlands,2014-12-01,0.88294165561,107.7042287672
Netherlands,2015-01-01,0.82974439119,104.77059172052
Netherlands,2015-02-01,0.82789148561,110.04098910752
Netherlands,2015-03-01,0.79867919254,110.90192580264
Netherlands,2015-04-01,0.80634441315,112.83461084121
Netherlands,2015-05-01,0.82845195445,114.69447596199
Netherlands,2015-06-01,0.82857322054,112.92698214617
Netherlands,2015-07-01,0.80636868401,111.46109307186
Netherlands,2015-08-01,0.80417873408,109.5548087975
Netherlands,2015-09-01,0.80552243535,100.93583949976
Netherlands,2015-10-01,0.79657485965,104.47479158204
Netherlands,2015-11-01,0.76356310968,104.25754973558
Netherlands,2015-12-01,0.76596263021,100.30248935393
Netherlands,2016-01-01,0.7351589981,94.3124559632
Netherlands,2016-02-01,0.75667644891,95.04679830396
Netherlands,2016-03-01,0.76427360694,102.11449806661
Netherlands,2016-04-01,0.77307876115,104.94965441838
Netherlands,2016-05-01,0.77123984798,102.9993181354
Netherlands,2016-06-01,0.78224575796,101.96722148398
Netherlands,2016-07-01,0.76482809127,102.43754297242
Netherlands,2016-08-01,0.77406670185,105.21273274894
Netherlands,2016-09-01,0.7772838751,105.59632816783
Netherlands,2016-10-01,0.76821060261,104.33229485584
Netherlands,2016-11-01,0.75483760042,101.0666239581
Netherlands,2016-12-01,0.75794017737,103.91896041462
Netherlands,2017-01-01,0.77672093192,107.52429854544
Netherlands,2017-02-01,0.78928762018,109.12799434737
Netherlands,2017-03-01,0.782285262,113.76195793767
Netherlands,2017-04-01,0.77830601731,115.70418154578
Netherlands,2017-05-01,0.78120752638,122.13123495353
Netherlands,2017-06-01,0.79308238745,122.16534879511
Netherlands,2017-07-01,0.80898458119,124.91012995037
Netherlands,2017-08-01,0.82877961367,128.56812633881
Netherlands,2017-09-01,0.84132053711,130.55196919104
Netherlands,2017-10-01,0.83250216774,133.55544763159
Netherlands,2017-11-01,0.84072375125,133.49392002238
Netherlands,2017-12-01,0.85889915088,135.11561446876
Netherlands,2018-01-01,0.89146324783,143.84493917529
Netherlands,2018-02-01,0.89674370586,137.29444941311
Netherlands,2018-03-01,0.89035576634,136.53307406898
Netherlands,2018-04-01,0.88870424062,140.02765588319
Netherlands,2018-05-01,0.85673194672,138.32781357579
Netherlands,2018-06-01,0.86116773004,135.83836654577
Netherlands,2018-07-01,0.85884518891,137.19778007132
Netherlands,2018-08-01,0.8558242391,135.6890986598
Netherlands,2018-09-01,0.86716273155,132.79644200251
Netherlands,2018-10-01,0.85713731011,125.89676679417
Netherlands,2018-11-01,0.83540234636,123.67683919651
Netherlands,2018-12-01,0.82979864464,118.3271619549
Netherlands,2019-01-01,0.82868880883,119.68811420171
Netherlands,2019-02-01,0.83655409692,126.86931128959
Netherlands,2019-03-01,0.83236250501,128.03643437444
Netherlands,2019-04-01,0.82879291103,132.12933634924
Netherlands,2019-05-01,0.81419548432,128.92757777095
Netherlands,2019-06-01,0.81742568366,130.73054580036
Netherlands,2019-07-01,0.80744641293,134.02626574919
Netherlands,2019-08-01,0.80014599839,126.83223049181
Netherlands,2019-09-01,0.79254262509,131.3734878721
Netherlands,2019-10-01,0.79058908312,132.28997716893
Netherlands,2019-11-01,0.78926402483,137.16949897683
Netherlands,2019-12-01,0.80678828084,139.58404022432
Netherlands,2020-01-01,0.80296502271,140.99201238937
Netherlands,2020-02-01,0.79242999783,138.30428292577
Netherlands,2020-03-01,0.76690333949,109.5603802657
Netherlands,2020-04-01,0.72604109245,113.68132072009
Netherlands,2020-05-01,0.72106094275,117.97367183685
Netherlands,2020-06-01,0.7743500012,131.01426186245
Netherlands,2020-07-01,0.775481518,136.16724880371
Netherlands,2020-08-01,0.8028057884,138.30705443291
Netherlands,2020-09-01,0.79712178971,134.88993150102
Netherlands,2020-10-01,0.79709110522,136.59545511885
Netherlands,2020-11-01,0.80254920898,146.10903345974
Netherlands,2020-12-01,0.8437096061,157.07729644846
Norway,2005-01-01,0.84658135346,53.75584640869
Norway,2005-02-01,0.8463297783,55.65822765876
Norway,2005-03-01,0.84338869712,59.05329903017
Norway,2005-04-01,0.83277012645,57.188232915
Norway,2005-05-01,0.82819102084,56.13857624096
Norway,2005-06-01,0.82466339684,59.4213800239
Norway,2005-07-01,0.82481352967,63.34469450662
Norway,2005-08-01,0.82141916241,67.84097293894
Norway,2005-09-01,0.8171065703,71.55334792118
Norway,2005-10-01,0.80703186152,65.39711811943
Norway,2005-11-01,0.80451573858,65.87342423223
Norway,2005-12-01,0.80471430967,68.95893961925
Norway,2006-01-01,0.80499622197,73.11245623392
Norway,2006-02-01,0.81259769571,75.34168868201
Norway,2006-03-01,0.82488737809,80.37442468477
Norway,2006-04-01,0.85380370038,89.72160240306
Norway,2006-05-01,0.86651597657,92.15861649573
Norway,2006-06-01,0.87496263794,83.09923809149
Norway,2006-07-01,0.87080103747,86.23999595205
Norway,2006-08-01,0.87697345444,86.91545777035
Norway,2006-09-01,0.88513724186,81.88821679681
Norway,2006-10-01,0.89846462781,82.51995586021
Norway,2006-11-01,0.90823198501,91.68773567735
Norway,2006-12-01,0.91761154158,98.01318150798
Norway,2007-01-01,0.92400026342,99.12077250637
Norway,2007-02-01,0.93455649426,106.4521846051
Norway,2007-03-01,0.94667720002,103.19943420744
Norway,2007-04-01,0.96584531173,110.84547609954
Norway,2007-05-01,0.97698276905,114.04815208028
Norway,2007-06-01,0.98557250302,117.23325972299
Norway,2007-07-01,0.98309057442,126.22085609997
Norway,2007-08-01,0.99297781607,113.48239175852
Norway,2007-09-01,1.00671028878,124.21501357769
Norway,2007-10-01,1.02963408478,132.79459519338
Norway,2007-11-01,1.04704745039,130.94631448731
Norway,2007-12-01,1.06429647787,127.41979005322
Norway,2008-01-01,1.07929634934,115.07682774498
Norway,2008-02-01,1.09778031392,112.19337837915
Norway,2008-03-01,1.11766355376,116.49423495255
Norway,2008-04-01,1.15624616284,128.44401645633
Norway,2008-05-01,1.1659528827,146.28067713632
Norway,2008-06-01,1.16408380732,140.6553665119
Norway,2008-07-01,1.15854028112,124.24263772119
Norway,2008-08-01,1.12759360696,114.51841615947
Norway,2008-09-01,1.07914512925,93.88086546469
Norway,2008-10-01,0.96521182111,57.81494590937
Norway,2008-11-01,0.91774700648,48.20032326844
Norway,2008-12-01,0.88876765846,45.21713126197
Norway,2009-01-01,0.89456827921,49.61879317635
Norway,2009-02-01,0.89033898781,49.27982842439
Norway,2009-03-01,0.89237428642,48.78223843338
Norway,2009-04-01,0.90518259611,54.12291145012
Norway,2009-05-01,0.9163657589,66.25003693094
Norway,2009-06-01,0.93043219588,69.58999190477
Norway,2009-07-01,0.9495628492,67.93139838678
Norway,2009-08-01,0.96776012794,76.14091930137
Norway,2009-09-01,0.98720497426,81.64563622416
Norway,2009-10-01,1.0250966667,91.25049656864
Norway,2009-11-01,1.03413718923,94.5543861675
Norway,2009-12-01,1.03152582041,97.85230529731
Norway,2010-01-01,1.0,100.0
Norway,2010-02-01,0.98703176867,91.5227911556
Norway,2010-03-01,0.97535856617,96.00261265172
Norway,2010-04-01,0.96215601803,100.70713618563
Norway,2010-05-01,0.95519115406,87.53137869857
Norway,2010-06-01,0.95163959978,83.68040081361
Norway,2010-07-01,0.94644628446,86.3289666738
Norway,2010-08-01,0.95351265262,90.69609080451
Norway,2010-09-01,0.96778363352,96.13092923312
Norway,2010-10-01,0.99937903054,104.78179861587
Norway,2010-11-01,1.0204693844,105.83372574162
Norway,2010-12-01,1.04117449846,110.27334520588
Norway,2011-01-01,1.06341729141,115.04054033755
Norway,2011-02-01,1.08190973689,119.19176777039
Norway,2011-03-01,1.09857475358,121.94642077105
Norway,2011-04-01,1.11970486687,128.48793237262
Norway,2011-05-01,1.12799563194,123.56899914632
Norway,2011-06-01,1.12973957419,119.07659840646
Norway,2011-07-01,1.11960915284,120.23484645419
Norway,2011-08-01,1.11225510499,105.03714397151
Norway,2011-09-01,1.10234988987,99.51962171246
Norway,2011-10-01,1.08148772876,102.07470909287
Norway,2011-11-01,1.07278451316,102.59079233743
Norway,2011-12-01,1.06783446434,100.16714572732
Norway,2012-01-01,1.07500428645,104.00374002062
Norway,2012-02-01,1.07128554308,114.44244860864
Norway,2012-03-01,1.06504493837,117.00978077032
Norway,2012-04-01,1.04912884977,114.05288232203
Norway,2012-05-01,1.04320973932,105.68031990116
Norway,2012-06-01,1.04013398447,100.40396911193
Norway,2012-07-01,1.03617140079,107.4986653712
Norway,2012-08-01,1.04157999544,115.01424797366
Norway,2012-09-01,1.05262958399,122.9287813018
Norway,2012-10-01,1.08247028152,123.2649576823
Norway,2012-11-01,1.09493927157,120.7217805084
Norway,2012-12-01,1.10318666923,124.10367135169
Norway,2013-01-01,1.10723185379,130.21161469845
Norway,2013-02-01,1.10702153217,132.018015606
Norway,2013-03-01,1.10257508367,128.87742196312
Norway,2013-04-01,1.08622319837,126.71380238236
Norway,2013-05-01,1.07905647855,130.95099319891
Norway,2013-06-01,1.0734056143,126.17757199187
Norway,2013-07-01,1.06648596464,126.79381754072
Norway,2013-08-01,1.06595529224,130.46447623696
Norway,2013-09-01,1.06902895612,131.74453268176
Norway,2013-10-01,1.08176207283,134.75039123488
Norway,2013-11-01,1.08750307188,137.84952787002
Norway,2013-12-01,1.0923070698,135.27747421722
Norway,2014-01-01,1.09547612977,139.00533085581
Norway,2014-02-01,1.09892957809,138.40425682308
Norway,2014-03-01,1.1019694779,142.48515021826
Norway,2014-04-01,1.11060693924,144.35485317388
Norway,2014-05-01,1.10831140956,155.09695488461
Norway,2014-06-01,1.10109399887,159.35632768702
Norway,2014-07-01,1.08716375656,154.84274971837
Norway,2014-08-01,1.07144579684,150.64775041417
Norway,2014-09-01,1.0521491691,149.55211263231
Norway,2014-10-01,1.02731696955,134.46505286866
Norway,2014-11-01,1.00233068357,134.26943009806
Norway,2014-12-01,0.97523340739,119.67801323939
Norway,2015-01-01,0.93137675069,117.31812318146
Norway,2015-02-01,0.91104378684,124.52246640914
Norway,2015-03-01,0.89958612553,118.13812478612
Norway,2015-04-01,0.91353015004,126.43035193804
Norway,2015-05-01,0.90742830634,131.41826140915
Norway,2015-06-01,0.8978069777,125.60367660567
Norway,2015-07-01,0.87618829551,119.39438603849
Norway,2015-08-01,0.86588639847,112.32725472563
Norway,2015-09-01,0.85842341797,106.30715797994
Norway,2015-10-01,0.85731957959,111.95694521218
Norway,2015-11-01,0.85289426296,109.3341
Norway,2015-12-01,0.84866769367,104.96715971188
Norway,2016-01-01,0.83790993434,93.90053428384
Norway,2016-02-01,0.83912831277,96.27349749318
Norway,2016-03-01,0.84559289159,104.56778632479
Norway,2016-04-01,0.87270686326,107.78275714275
Norway,2016-05-01,0.87811144847,111.31061409774
Norway,2016-06-01,0.8772098397,109.89618177322
Norway,2016-07-01,0.85616392818,110.32275054608
Norway,2016-08-01,0.85302851302,111.46083508349
Norway,2016-09-01,0.85396548545,112.16940755207
Norway,2016-10-01,0.86610470901,117.2686059597
Norway,2016-11-01,0.86983905895,115.45823949043
Norway,2016-12-01,0.87229839882,120.57858174419
Norway,2017-01-01,0.879476582,125.6773978503
Norway,2017-02-01,0.87489051167,127.0338750299
Norway,2017-03-01,0.86453404122,124.06192771346
Norway,2017-04-01,0.8190408167,122.1744298876
Norway,2017-05-01,0.81916831146,128.02169153471
Norway,2017-06-01,0.83555017154,126.01133003815
Norway,2017-07-01,0.90129579111,134.16688539303
Norway,2017-08-01,0.92535433624,141.94173561691
Norway,2017-09-01,0.94083520107,149.40874376343
Norway,2017-10-01,0.93254863469,153.02328903717
Norway,2017-11-01,0.94226645215,152.23445792975
Norway,2017-12-01,0.95479890252,149.151338629
Norway,2018-01-01,0.98439733244,163.03420157494
Norway,2018-02-01,0.99187053865,159.43638637166
Norway,2018-03-01,0.99146986778,161.01817862334
Norway,2018-04-01,0.97117454631,166.15320233295
Norway,2018-05-01,0.96404170144,168.37933857953
Norway,2018-06-01,0.95805055966,169.87681442684
Norway,2018-07-01,0.9556485697,169.62956870154
Norway,2018-08-01,0.95010524752,169.22373953721
Norway,2018-09-01,0.94386804185,174.18141495504
Norway,2018-10-01,0.92987838638,171.28230962413
Norway,2018-11-01,0.92754733851,160.33852680995
Norway,2018-12-01,0.9298163319,150.78350103588
Norway,2019-01-01,0.94683143566,153.58804576981
Norway,2019-02-01,0.95069095978,156.15192471809
Norway,2019-03-01,0.95154097335,158.47150728761
Norway,2019-04-01,0.94851673537,160.60581437335
Norway,2019-05-01,0.94399628361,155.41484152607
Norway,2019-06-01,0.93711487705,156.78414079277
Norway,2019-07-01,0.91795359415,158.56210439709
Norway,2019-08-01,0.91378946918,145.78951476267
Norway,2019-09-01,0.91470358058,152.08253731882
Norway,2019-10-01,0.93709987388,150.78414255508
Norway,2019-11-01,0.93586749888,154.03006908116
Norway,2019-12-01,0.92741040112,154.88097885276
Norway,2020-01-01,0.89713372684,159.77736332295
Norway,2020-02-01,0.88517332385,149.59850537225
Norway,2020-03-01,0.87693433839,108.33578718496
Norway,2020-04-01,0.8677744895,109.8895048946
Norway,2020-05-01,0.87046004986,117.05359288919
Norway,2020-06-01,0.88034873848,130.95869475535
Norway,2020-07-01,0.90971268165,134.18002807052
Norway,2020-08-01,0.9248035321,143.95037822342
Norway,2020-09-01,0.93789341611,138.2937708668
Norway,2020-10-01,0.940953508,136.1711083328
Norway,2020-11-01,0.9560630784,146.37350792861
Norway,2020-12-01,0.97519330162,161.50134388186
New Zealand,2005-01-01,0.90527128135,121.61452904648
New Zealand,2005-02-01,0.9077537677,126.47057070927
New Zealand,2005-03-01,0.91151149841,127.83932111659
New Zealand,2005-04-01,0.92209429134,119.40753835563
New Zealand,2005-05-01,0.92424014742,117.74618483166
New Zealand,2005-06-01,0.9234988845,120.55576873826
New Zealand,2005-07-01,0.91309582565,122.00347970858
New Zealand,2005-08-01,0.91166133242,125.93445560647
New Zealand,2005-09-01,0.91242072787,126.45397049727
New Zealand,2005-10-01,0.92270687164,123.68677947434
New Zealand,2005-11-01,0.92235439975,120.47867248166
New Zealand,2005-12-01,0.91869617183,119.22073860309
New Zealand,2006-01-01,0.90332925699,120.79886808439
New Zealand,2006-02-01,0.89936171518,118.34202060678
New Zealand,2006-03-01,0.8983906155,116.37342770458
New Zealand,2006-04-01,0.90102886051,119.96597690397
New Zealand,2006-05-01,0.90559096819,119.14865179541
New Zealand,2006-06-01,0.91268984109,113.3425257796
New Zealand,2006-07-01,0.93006356634,113.10161941007
New Zealand,2006-08-01,0.93643240436,113.32807608409
New Zealand,2006-09-01,0.93953444227,116.74094026811
New Zealand,2006-10-01,0.93315870518,121.36827002235
New Zealand,2006-11-01,0.93438537405,128.12270812298
New Zealand,2006-12-01,0.93700347397,136.34662911127
New Zealand,2007-01-01,0.93805915338,141.37161729992
New Zealand,2007-02-01,0.94567550412,143.21799590113
New Zealand,2007-03-01,0.95689867461,140.63558945686
New Zealand,2007-04-01,0.9833017122,151.05102040217
New Zealand,2007-05-01,0.99305873667,153.04191948973
New Zealand,2007-06-01,0.99774279536,157.21789283381
New Zealand,2007-07-01,0.98249615078,163.0703330216
New Zealand,2007-08-01,0.98817758107,144.12106404648
New Zealand,2007-09-01,0.99992934873,145.4160321492
New Zealand,2007-10-01,1.02808655729,156.29224829525
New Zealand,2007-11-01,1.04422767202,149.96961222873
New Zealand,2007-12-01,1.05868779646,146.98923527688
New Zealand,2008-01-01,1.06989449608,139.0155355025
New Zealand,2008-02-01,1.08217196584,136.20677675259
New Zealand,2008-03-01,1.0939477712,132.16339696907
New Zealand,2008-04-01,1.10887705852,132.27415558443
New Zealand,2008-05-01,1.11690817533,131.26208515972
New Zealand,2008-06-01,1.12169626799,119.87029439715
New Zealand,2008-07-01,1.14680760648,110.67476832182
New Zealand,2008-08-01,1.12743494834,109.53660511824
New Zealand,2008-09-01,1.08714456356,101.56022946786
New Zealand,2008-10-01,0.98807510719,80.66785956811
New Zealand,2008-11-01,0.93434527781,70.04204024813
New Zealand,2008-12-01,0.8880937305,67.64388870943
New Zealand,2009-01-01,0.82963262578,67.83743852601
New Zealand,2009-02-01,0.8131035222,61.51254510057
New Zealand,2009-03-01,0.81881858028,60.41824214492
New Zealand,2009-04-01,0.87899093778,66.47425324538
New Zealand,2009-05-01,0.9050344659,73.70479492796
New Zealand,2009-06-01,0.92916230237,77.86175056572
New Zealand,2009-07-01,0.9559712022,79.95552034808
New Zealand,2009-08-01,0.97282008916,90.84217050046
New Zealand,2009-09-01,0.98430571822,94.9707712484
New Zealand,2009-10-01,0.98393924662,101.03435298762
New Zealand,2009-11-01,0.989564992,98.2050345331
New Zealand,2009-12-01,0.99469411158,96.18807628871
New Zealand,2010-01-01,1.0,100.0
New Zealand,2010-02-01,1.00363082201,92.19269480496
New Zealand,2010-03-01,1.00625997224,95.44888939941
New Zealand,2010-04-01,1.00787580839,98.52142253836
New Zealand,2010-05-01,1.0085103468,91.50449679606
New Zealand,2010-06-01,1.00815194517,87.56505101029
New Zealand,2010-07-01,0.99710149798,88.22672750541
New Zealand,2010-08-01,1.00203154538,89.54715886825
New Zealand,2010-09-01,1.01324298188,94.95378430679
New Zealand,2010-10-01,1.03888298829,99.53700350979
New Zealand,2010-11-01,1.05654681733,103.22075457728
New Zealand,2010-12-01,1.07438164983,100.16014648291
New Zealand,2011-01-01,1.09171047979,103.30460111874
New Zealand,2011-02-01,1.11039507371,103.58269724752
New Zealand,2011-03-01,1.1297584256,100.41086327815
New Zealand,2011-04-01,1.15893553829,108.54117296155
New Zealand,2011-05-01,1.17280515398,111.75191635747
New Zealand,2011-06-01,1.18050227552,112.03127715814
New Zealand,2011-07-01,1.18084152898,114.53328427788
New Zealand,2011-08-01,1.17708269262,108.31433153569
New Zealand,2011-09-01,1.16804039253,103.94744957875
New Zealand,2011-10-01,1.13385184173,101.34873975879
New Zealand,2011-11-01,1.12913970441,97.69497349997
New Zealand,2011-12-01,1.1340411936,96.13607627601
New Zealand,2012-01-01,1.17124112671,100.36154740598
New Zealand,2012-02-01,1.17835625583,106.03255782814
New Zealand,2012-03-01,1.17807139838,107.66820302133
New Zealand,2012-04-01,1.15862286911,107.89505579931
New Zealand,2012-05-01,1.15236080247,102.72493791924
New Zealand,2012-06-01,1.1475215132,100.35692522028
New Zealand,2012-07-01,1.14269135468,104.02659027408
New Zealand,2012-08-01,1.14175785512,109.43808300961
New Zealand,2012-09-01,1.14330736789,114.62583859036
New Zealand,2012-10-01,1.15367363771,118.35388113727
New Zealand,2012-11-01,1.15543886663,119.15077925546
New Zealand,2012-12-01,1.15493679934,122.17453427834
New Zealand,2013-01-01,1.15347837514,127.00389377165
New Zealand,2013-02-01,1.147458511,129.09747093458
New Zealand,2013-03-01,1.13818814621,130.12672706581
New Zealand,2013-04-01,1.11805796886,135.652094915
New Zealand,2013-05-01,1.10799358668,135.19085892869
New Zealand,2013-06-01,1.10038568777,124.64267875641
New Zealand,2013-07-01,1.09484912653,127.67085485441
New Zealand,2013-08-01,1.09244305336,127.93996289419
New Zealand,2013-09-01,1.09278232265,134.8241205723
New Zealand,2013-10-01,1.10088988784,140.16216848302
New Zealand,2013-11-01,1.102952627,141.03509224322
New Zealand,2013-12-01,1.10399349354,135.75548032989
New Zealand,2014-01-01,1.10159545345,140.31825018865
New Zealand,2014-02-01,1.1024053503,141.71020176431
New Zealand,2014-03-01,1.10400615007,150.99232943036
New Zealand,2014-04-01,1.11229940746,151.54874231903
New Zealand,2014-05-01,1.11105584705,153.0498391749
New Zealand,2014-06-01,1.10617702352,152.6608296138
New Zealand,2014-07-01,1.09963616564,153.10840474484
New Zealand,2014-08-01,1.08600689434,147.86078032507
New Zealand,2014-09-01,1.06726243837,144.58300829624
New Zealand,2014-10-01,1.03914146122,139.02846834595
New Zealand,2014-11-01,1.01336263829,143.61272695206
New Zealand,2014-12-01,0.98566463308,143.21731083623
New Zealand,2015-01-01,0.94333124246,143.82911745699
New Zealand,2015-02-01,0.92133202503,144.03888532817
New Zealand,2015-03-01,0.90695077766,145.61745564352
New Zealand,2015-04-01,0.91326657271,145.48038243699
New Zealand,2015-05-01,0.90431196119,140.00624351898
New Zealand,2015-06-01,0.89316601545,132.35346479642
New Zealand,2015-07-01,0.87249197302,126.38534504597
New Zealand,2015-08-01,0.86246593073,122.96301930493
New Zealand,2015-09-01,0.85575112609,115.79164645858
New Zealand,2015-10-01,0.86124354869,124.32537976166
New Zealand,2015-11-01,0.85447922716,126.84332491845
New Zealand,2015-12-01,0.8443541511,132.090485862
New Zealand,2016-01-01,0.81548810688,128.34866741994
New Zealand,2016-02-01,0.81017668195,129.77013093218
New Zealand,2016-03-01,0.81303966269,139.65778123237
New Zealand,2016-04-01,0.83615552797,147.12227457958
New Zealand,2016-05-01,0.84630846089,147.58454492647
New Zealand,2016-06-01,0.85557694033,151.69353309562
New Zealand,2016-07-01,0.86977672838,158.72086599358
New Zealand,2016-08-01,0.87291447927,166.50832482962
New Zealand,2016-09-01,0.87080595509,166.69341377155
New Zealand,2016-10-01,0.84946275088,156.25813368824
New Zealand,2016-11-01,0.8473529803,149.76361812995
New Zealand,2016-12-01,0.85048823839,147.77417475276
New Zealand,2017-01-01,0.86907804129,154.15143660966
New Zealand,2017-02-01,0.87504621959,156.84473386772
New Zealand,2017-03-01,0.87860228942,151.80971415412
New Zealand,2017-04-01,0.87628556707,152.78667345947
New Zealand,2017-05-01,0.8776129328,155.49108035665
New Zealand,2017-06-01,0.87912370288,163.68174823857
New Zealand,2017-07-01,0.88301927935,169.12622399648
New Zealand,2017-08-01,0.88324580659,170.94552648363
New Zealand,2017-09-01,0.88200468666,169.07588278708
New Zealand,2017-10-01,0.87085063324,168.07812658809
New Zealand,2017-11-01,0.87300818366,164.21634800248
New Zealand,2017-12-01,0.88003205163,170.02919903212
New Zealand,2018-01-01,0.9051288482,177.96985739374
New Zealand,2018-02-01,0.91198039295,176.5288460843
New Zealand,2018-03-01,0.91379329694,178.87844366459
New Zealand,2018-04-01,0.90452949984,176.75536618913
New Zealand,2018-05-01,0.90079366755,174.03907866377
New Zealand,2018-06-01,0.89654773974,179.16803776283
New Zealand,2018-07-01,0.88676538936,176.27365656607
New Zealand,2018-08-01,0.88526901582,174.63422650675
New Zealand,2018-09-01,0.88703229207,175.76692666613
New Zealand,2018-10-01,0.90109947147,166.03767601343
New Zealand,2018-11-01,0.90259885725,170.20164040188
New Zealand,2018-12-01,0.9005747028,169.82499870172
New Zealand,2019-01-01,0.8893733179,173.40714010358
New Zealand,2019-02-01,0.88454235061,179.24283070063
New Zealand,2019-03-01,0.88042811073,183.52892829396
New Zealand,2019-04-01,0.8792082108,187.06946774979
New Zealand,2019-05-01,0.87489421633,186.37041878108
New Zealand,2019-06-01,0.86966373985,189.0461651795
New Zealand,2019-07-01,0.85997218718,199.85217039552
New Zealand,2019-08-01,0.85556719235,192.6466051128
New Zealand,2019-09-01,0.85290416118,192.2008156605
New Zealand,2019-10-01,0.85527852803,191.32254299174
New Zealand,2019-11-01,0.85362784838,193.02812374074
New Zealand,2019-12-01,0.8512475566,205.82157394711
New Zealand,2020-01-01,0.84916992461,212.14304242141
New Zealand,2020-02-01,0.84455620465,206.23548860572
New Zealand,2020-03-01,0.83843866863,167.80223181956
New Zealand,2020-04-01,0.82151255823,168.56374804485
New Zealand,2020-05-01,0.81936595885,177.70404281573
New Zealand,2020-06-01,0.82269411216,195.91656641513
New Zealand,2020-07-01,0.84051515284,207.13739052792
New Zealand,2020-08-01,0.84802921052,210.86551756668
New Zealand,2020-09-01,0.85425441988,212.47051778485
New Zealand,2020-10-01,0.85465368185,219.33763974149
New Zealand,2020-11-01,0.86170401888,231.47226677309
New Zealand,2020-12-01,0.87086833189,244.71965151432
Philippines,2005-01-01,0.80109711834,52.05335389893
Philippines,2005-02-01,0.8039664704,56.35272630157
Philippines,2005-03-01,0.79815761723,57.57401229462
Philippines,2005-04-01,0.75858510594,52.44483971884
Philippines,2005-05-01,0.75423393199,52.59818706317
Philippines,2005-06-01,0.7600186425,53.95618121298
Philippines,2005-07-01,0.79846410177,51.29638237506
Philippines,2005-08-01,0.80762693295,53.37163048227
Philippines,2005-09-01,0.81003200035,51.96940699879
Philippines,2005-10-01,0.79298349411,52.84875819611
Philippines,2005-11-01,0.79139489134,57.74413279183
Philippines,2005-12-01,0.79257038218,58.99773956732
Philippines,2006-01-01,0.79671949566,61.39264856079
Philippines,2006-02-01,0.80326602693,61.23788045898
Philippines,2006-03-01,0.81241950502,63.62177888411
Philippines,2006-04-01,0.81987155349,65.6105858424
Philippines,2006-05-01,0.83747020757,69.31546079987
Philippines,2006-06-01,0.8609070908,61.07804073306
Philippines,2006-07-01,0.91388469787,65.13419006799
Philippines,2006-08-01,0.93122116841,68.69090546397
Philippines,2006-09-01,0.93661899712,73.58390667865
Philippines,2006-10-01,0.91767958352,78.31008067614
Philippines,2006-11-01,0.90849907887,84.95072762007
Philippines,2006-12-01,0.89667888271,87.24323415672
Philippines,2007-01-01,0.86609444604,95.17429884076
Philippines,2007-02-01,0.86108827862,102.92354222155
Philippines,2007-03-01,0.86553583145,96.84724590265
Philippines,2007-04-01,0.88237622716,103.83796222046
Philippines,2007-05-01,0.90352687851,109.92718497627
Philippines,2007-06-01,0.93192690812,118.71828005979
Philippines,2007-07-01,0.98677813001,122.67714720728
Philippines,2007-08-01,1.01527555565,106.42945082621
Philippines,2007-09-01,1.03662099903,110.76109093891
Philippines,2007-10-01,1.04647074623,128.63160630531
Philippines,2007-11-01,1.05677001059,126.80519505155
Philippines,2007-12-01,1.06317507815,130.81035211507
Philippines,2008-01-01,1.06340505089,122.73174066369
Philippines,2008-02-01,1.06373239839,118.69651792444
Philippines,2008-03-01,1.06187622263,107.83053526
Philippines,2008-04-01,1.04411608416,104.77754902104
Philippines,2008-05-01,1.04818319142,99.20856388176
Philippines,2008-06-01,1.06035710498,88.92812804073
Philippines,2008-07-01,1.13682494949,82.5239418832
Philippines,2008-08-01,1.12307213218,90.0678250039
Philippines,2008-09-01,1.07528577769,84.07179976684
Philippines,2008-10-01,0.9059535708,67.12590369656
Philippines,2008-11-01,0.85573437837,59.32427425945
Philippines,2008-12-01,0.83711588518,59.74507770581
Philippines,2009-01-01,0.90623106529,61.62106044486
Philippines,2009-02-01,0.90871424004,60.00410671857
Philippines,2009-03-01,0.90069838348,58.92384877009
Philippines,2009-04-01,0.84433749467,64.49168378221
Philippines,2009-05-01,0.84370807621,72.86903220248
Philippines,2009-06-01,0.86096412715,78.14118195584
Philippines,2009-07-01,0.9398889994,80.85524743343
Philippines,2009-08-01,0.96007847521,88.51500371242
Philippines,2009-09-01,0.96531590648,88.58754102181
Philippines,2009-10-01,0.92082319779,93.93065803755
Philippines,2009-11-01,0.92224011157,97.05186164927
Philippines,2009-12-01,0.93478855239,99.21161066618
Philippines,2010-01-01,1.0,100.0
Philippines,2010-02-01,1.00366288508,96.03579032307
Philippines,2010-03-01,0.98730868739,102.93751377702
Philippines,2010-04-01,0.89390903397,110.48611540147
Philippines,2010-05-01,0.88029195045,106.68481181605
Philippines,2010-06-01,0.88942906388,108.09527634802
Philippines,2010-07-01,0.96391560794,111.18548495994
Philippines,2010-08-01,0.98661468999,118.09629401142
Philippines,2010-09-01,1.00012154372,134.96372934501
Philippines,2010-10-01,0.98462761064,147.01563952702
Philippines,2010-11-01,0.99460642661,145.37129221225
Philippines,2010-12-01,1.01024943313,142.43149936882
Philippines,2011-01-01,1.06579294247,138.90477045253
Philippines,2011-02-01,1.06708709591,132.04996518501
Philippines,2011-03-01,1.04836820571,135.10075519286
Philippines,2011-04-01,0.93929723127,148.60653824515
Philippines,2011-05-01,0.93330653423,149.86075888654
Philippines,2011-06-01,0.960057074,147.7393570818
Philippines,2011-07-01,1.09992148914,157.02517245736
Philippines,2011-08-01,1.13187502359,155.73700394465
Philippines,2011-09-01,1.13629031592,147.23691466415
Philippines,2011-10-01,1.05956477274,143.21414676284
Philippines,2011-11-01,1.04910552586,149.6040842603
Philippines,2011-12-01,1.05130998191,149.62684591272
Philippines,2012-01-01,1.11507764406,159.73913913196
Philippines,2012-02-01,1.10593487857,171.06176373551
Philippines,2012-03-01,1.07278118862,177.40506304506
Philippines,2012-04-01,0.92938968139,181.79091374534
Philippines,2012-05-01,0.91288431212,178.43077539234
Philippines,2012-06-01,0.93703818799,179.85155742694
Philippines,2012-07-01,1.09343409972,189.5436301435
Philippines,2012-08-01,1.13021937285,188.20062005293
Philippines,2012-09-01,1.13897679811,190.5540989032
Philippines,2012-10-01,1.06893873405,197.20044908822
Philippines,2012-11-01,1.05971619461,202.35532880304
Philippines,2012-12-01,1.06054153836,212.14048567535
Philippines,2013-01-01,1.10906352516,226.24369821447
Philippines,2013-02-01,1.10174806538,243.26508095503
Philippines,2013-03-01,1.07624391889,247.35538773275
Philippines,2013-04-01,0.97463676027,252.95883321769
Philippines,2013-05-01,0.95619098442,263.76435259052
Philippines,2013-06-01,0.96299226591,225.45339489751
Philippines,2013-07-01,1.04896326135,229.23943113056
Philippines,2013-08-01,1.06581666509,217.98351666438
Philippines,2013-09-01,1.06747513374,215.45374125609
Philippines,2013-10-01,1.02393957846,227.46860441919
Philippines,2013-11-01,1.01770749352,217.38318920665
Philippines,2013-12-01,1.0187797901,203.50306428348
Philippines,2014-01-01,1.05798019756,201.94051912184
Philippines,2014-02-01,1.05054346016,207.73941165106
Philippines,2014-03-01,1.02729330727,216.73749869072
Philippines,2014-04-01,0.92741167208,225.1043602413
Philippines,2014-05-01,0.9181482383,234.14402913801
Philippines,2014-06-01,0.93868493913,233.89170705068
Philippines,2014-07-01,1.06921451605,239.57713223552
Philippines,2014-08-01,1.08920693,242.52432563465
Philippines,2014-09-01,1.07885492245,247.56004411499
Philippines,2014-10-01,0.9725020393,240.16699576428
Philippines,2014-11-01,0.95070352935,243.91250603679
Philippines,2014-12-01,0.94780293847,243.54252877085
Philippines,2015-01-01,1.01458828157,253.51717770452
Philippines,2015-02-01,1.0113925177,264.92146283731
Philippines,2015-03-01,0.98900366175,265.89756676647
Philippines,2015-04-01,0.88448170569,270.64078514445
Philippines,2015-05-01,0.87091167161,263.95687968753
Philippines,2015-06-01,0.88535355149,253.29274634308
Philippines,2015-07-01,0.99803684459,251.23061318747
Philippines,2015-08-01,1.01583042791,240.01771458056
Philippines,2015-09-01,1.00896380073,226.31501952857
Philippines,2015-10-01,0.92738099968,231.39587419093
Philippines,2015-11-01,0.90873592401,225.5506006137
Philippines,2015-12-01,0.90297261035,220.78773808292
Philippines,2016-01-01,0.93946379672,205.83186155196
Philippines,2016-02-01,0.93743445359,213.11958769409
Philippines,2016-03-01,0.92625731898,230.69628459121
Philippines,2016-04-01,0.86926797442,236.1852304519
Philippines,2016-05-01,0.86729357067,236.35081015754
Philippines,2016-06-01,0.88366968928,248.03731412477
Philippines,2016-07-01,0.97265502026,255.38282049658
Philippines,2016-08-01,0.98503816607,257.57187380314
Philippines,2016-09-01,0.97507781671,243.26540204928
Philippines,2016-10-01,0.88709706024,236.13444062914
Philippines,2016-11-01,0.87420740454,215.24367966867
Philippines,2016-12-01,0.88073193765,206.79395670149
Philippines,2017-01-01,0.9573217468,220.20106401763
Philippines,2017-02-01,0.96468634211,219.26787252525
Philippines,2017-03-01,0.95347681082,218.88189829797
Philippines,2017-04-01,0.87847587849,229.93689263134
Philippines,2017-05-01,0.86403104982,237.00816939
Philippines,2017-06-01,0.86492505035,239.6292380989
Philippines,2017-07-01,0.91656631107,236.81024902008
Philippines,2017-08-01,0.92158164683,236.76333763935
Philippines,2017-09-01,0.91537948858,241.53282666626
Philippines,2017-10-01,0.86351288709,245.79337038099
Philippines,2017-11-01,0.86071095276,248.4742606225
Philippines,2017-12-01,0.87252673635,249.5983989677
Philippines,2018-01-01,0.94066562495,264.10500088674
Philippines,2018-02-01,0.95043780408,250.51684542703
Philippines,2018-03-01,0.94354866082,239.08008092611
Philippines,2018-04-01,0.88051864844,227.44628580028
Philippines,2018-05-01,0.86991652045,220.86897019788
Philippines,2018-06-01,0.87226273013,210.69988800343
Philippines,2018-07-01,0.91883967044,209.53359925086
Philippines,2018-08-01,0.92362076072,219.30429961716
Philippines,2018-09-01,0.91788839392,209.04481428594
Philippines,2018-10-01,0.86830028482,198.49596694784
Philippines,2018-11-01,0.86654771782,205.49356749087
Philippines,2018-12-01,0.87928840767,214.88019347209
Philippines,2019-01-01,0.94886229347,228.39024256028
Philippines,2019-02-01,0.95883454273,230.94930094178
Philippines,2019-03-01,0.95154509455,225.15004956425
Philippines,2019-04-01,0.88111621706,228.89914823808
Philippines,2019-05-01,0.87371167287,224.80453270754
Philippines,2019-06-01,0.88345373011,233.95120774243
Philippines,2019-07-01,0.95324538654,241.39082383571
Philippines,2019-08-01,0.96510339835,228.71843832881
Philippines,2019-09-01,0.96193076329,229.45198127468
Philippines,2019-10-01,0.91139487794,230.39958151788
Philippines,2019-11-01,0.9024104017,235.96873973324
Philippines,2019-12-01,0.90264473115,231.80339538132
Philippines,2020-01-01,0.93936092594,226.76186920479
Philippines,2020-02-01,0.93758557202,216.94603916501
Philippines,2020-03-01,0.92458172904,171.24651140155
Philippines,2020-04-01,0.86108429719,166.68090950779
Philippines,2020-05-01,0.85507230098,167.53581729596
Philippines,2020-06-01,0.86728064058,189.9845880547
Philippines,2020-07-01,0.93919101003,187.45274265117
Philippines,2020-08-01,0.95672875073,184.30157764531
Philippines,2020-09-01,0.96137555672,183.60020267916
Philippines,2020-10-01,0.9238058986,190.28776987415
Philippines,2020-11-01,0.9246649822,215.79826145419
Philippines,2020-12-01,0.93462727813,226.11056482879
Poland,2005-01-01,0.85200224471,70.71602698947
Poland,2005-02-01,0.83860901618,76.53328049229
Poland,2005-03-01,0.79830467634,77.27382050094
Poland,2005-04-01,0.77079896284,70.65689805359
Poland,2005-05-01,0.75553981635,66.37332939955
Poland,2005-06-01,0.71412377555,70.10254125029
Poland,2005-07-01,0.74695642524,72.7233215001
Poland,2005-08-01,0.74272103235,79.53688791243
Poland,2005-09-01,0.78313620319,88.24329201345
Poland,2005-10-01,0.74982513474,85.49100154549
Poland,2005-11-01,0.73831327392,85.70286769765
Poland,2005-12-01,0.74822118729,93.91696823892
Poland,2006-01-01,0.77624168137,105.63355189407
Poland,2006-02-01,0.80455686639,104.64090766675
Poland,2006-03-01,0.76205015161,102.43288701074
Poland,2006-04-01,0.8112222175,112.5153921472
Poland,2006-05-01,0.83983412476,117.69266378574
Poland,2006-06-01,0.81246393602,100.39868262269
Poland,2006-07-01,0.83315883297,111.62971860408
Poland,2006-08-01,0.85166047578,114.44948157735
Poland,2006-09-01,0.82875482155,112.1914862287
Poland,2006-10-01,0.83518045573,117.36596562356
Poland,2006-11-01,0.84256250055,125.42547484589
Poland,2006-12-01,0.8691014889,135.56031776019
Poland,2007-01-01,0.87204489724,130.77003329843
Poland,2007-02-01,0.89317003791,134.79427761146
Poland,2007-03-01,0.89653497569,133.24299730842
Poland,2007-04-01,0.93323958903,148.65880813437
Poland,2007-05-01,0.91024672538,149.65424163827
Poland,2007-06-01,0.91112682826,153.98476295471
Poland,2007-07-01,0.93498067658,162.28753126779
Poland,2007-08-01,0.92189842941,147.79738150439
Poland,2007-09-01,0.95016532655,155.97744427762
Poland,2007-10-01,0.98118887407,171.88866890374
Poland,2007-11-01,1.02428498574,168.56434785192
Poland,2007-12-01,1.01547973722,168.64480335453
Poland,2008-01-01,1.0566693379,147.71253344299
Poland,2008-02-01,1.05718129192,146.23638078783
Poland,2008-03-01,1.16030308479,148.59208577204
Poland,2008-04-01,1.16567005283,157.61245821889
Poland,2008-05-01,1.19164053656,159.20319303803
Poland,2008-06-01,1.18085661424,147.15426385728
Poland,2008-07-01,1.21941030898,145.45302243584
Poland,2008-08-01,1.11457602137,139.14040094022
Poland,2008-09-01,1.09754658532,122.07300390661
Poland,2008-10-01,0.93184156356,84.91901224844
Poland,2008-11-01,0.93716038957,69.39388991998
Poland,2008-12-01,0.9055930765,70.0200653089
Poland,2009-01-01,0.86532522553,62.84058332013
Poland,2009-02-01,0.82171632504,46.56575758579
Poland,2009-03-01,0.87144408041,49.72664175446
Poland,2009-04-01,0.89725318138,59.75997498194
Poland,2009-05-01,0.90414594139,66.59482561334
Poland,2009-06-01,0.91065284861,70.005838106
Poland,2009-07-01,0.93362071371,74.53527548908
Poland,2009-08-01,0.94106452064,86.84002949953
Poland,2009-09-01,0.94955069238,89.28006569253
Poland,2009-10-01,0.96121907576,93.64076942149
Poland,2009-11-01,0.98928667103,98.09156481958
Poland,2009-12-01,0.93294244917,97.52416463213
Poland,2010-01-01,1.0,100.0
Poland,2010-02-01,0.94795763683,89.88125658004
Poland,2010-03-01,0.97365533693,98.98313184707
Poland,2010-04-01,0.95093910053,103.31714783327
Poland,2010-05-01,0.8771684499,85.90814883645
Poland,2010-06-01,0.87493393889,81.90572104957
Poland,2010-07-01,0.94459121426,87.74435682419
Poland,2010-08-01,0.96464630639,93.59818429263
Poland,2010-09-01,0.97818306626,98.61868923796
Poland,2010-10-01,1.00595363449,108.70755886168
Poland,2010-11-01,1.01013191806,108.19231280089
Poland,2010-12-01,0.99772074485,106.54383250807
Poland,2011-01-01,1.05139098194,109.48760985636
Poland,2011-02-01,1.02001332362,109.86101680463
Poland,2011-03-01,1.05843026757,113.16177494334
Poland,2011-04-01,1.12496714078,123.89085484141
Poland,2011-05-01,1.1124454062,120.89368188066
Poland,2011-06-01,1.09427874027,121.02608622185
Poland,2011-07-01,1.11642515587,114.99845821303
Poland,2011-08-01,1.12312063965,96.95201038172
Poland,2011-09-01,1.00692672151,83.41832530016
Poland,2011-10-01,1.04565561328,83.97045308567
Poland,2011-11-01,1.04573079846,81.16585771926
Poland,2011-12-01,1.04267919119,75.04501072506
Poland,2012-01-01,1.02579272651,76.96968242797
Poland,2012-02-01,1.0374439339,86.76583427044
Poland,2012-03-01,1.08142075742,85.9300099796
Poland,2012-04-01,1.03971354707,82.58091636819
Poland,2012-05-01,1.00261842026,73.32942761368
Poland,2012-06-01,0.98486864653,75.10370556883
Poland,2012-07-01,0.96013033848,75.47662745058
Poland,2012-08-01,1.00397693569,80.49934583883
Poland,2012-09-01,1.05164288566,85.79252676302
Poland,2012-10-01,1.05491807862,87.29424571047
Poland,2012-11-01,1.0428515607,86.18172365823
Poland,2012-12-01,1.05827119403,94.58682993162
Poland,2013-01-01,1.06725344199,96.2393975162
Poland,2013-02-01,1.06074545702,92.19734792764
Poland,2013-03-01,1.03822533101,88.88183892104
Poland,2013-04-01,1.05396678175,85.59784441114
Poland,2013-05-01,1.01408188808,86.43787707686
Poland,2013-06-01,1.01912350766,85.99105764831
Poland,2013-07-01,1.03407595512,82.04726438685
Poland,2013-08-01,1.04981574047,88.4103970829
Poland,2013-09-01,1.03061780103,87.26329840661
Poland,2013-10-01,1.05852830512,94.57263449373
Poland,2013-11-01,1.03230897155,96.29522300306
Poland,2013-12-01,1.07040065077,93.76360221061
Poland,2014-01-01,1.06858073827,90.19809370493
Poland,2014-02-01,1.06783404102,94.09748092244
Poland,2014-03-01,1.074500744,92.32268555571
Poland,2014-04-01,1.06503919299,94.48320873298
Poland,2014-05-01,1.05470726659,93.02367852191
Poland,2014-06-01,1.02793033037,94.45340186182
Poland,2014-07-01,1.02601868413,90.8803244871
Poland,2014-08-01,0.97825934243,89.09118674873
Poland,2014-09-01,0.97688244304,90.06752379053
Poland,2014-10-01,0.98003334933,85.42826920243
Poland,2014-11-01,0.95594108411,83.82594111322
Poland,2014-12-01,0.95477712359,80.97363354597
Poland,2015-01-01,0.85560154521,73.257572606
Poland,2015-02-01,0.8732769015,74.6491184686
Poland,2015-03-01,0.86714425553,72.36411742808
Poland,2015-04-01,0.86762826739,77.85500105926
Poland,2015-05-01,0.86323477166,80.0658979158
Poland,2015-06-01,0.85475421983,74.26836560224
Poland,2015-07-01,0.85347767835,69.31897686998
Poland,2015-08-01,0.83991157458,67.77924926365
Poland,2015-09-01,0.87896279393,66.73712399536
Poland,2015-10-01,0.8541325376,64.9358039123
Poland,2015-11-01,0.79674594028,58.98776705819
Poland,2015-12-01,0.81839389418,54.54700506673
Poland,2016-01-01,0.76972899659,49.89271138037
Poland,2016-02-01,0.78883536732,53.11041292703
Poland,2016-03-01,0.82421714638,58.10157364287
Poland,2016-04-01,0.80668156889,59.38028849129
Poland,2016-05-01,0.80238094025,54.96196719846
Poland,2016-06-01,0.83608445617,53.3206767955
Poland,2016-07-01,0.79464686533,51.80407377263
Poland,2016-08-01,0.80071076763,55.11909768371
Poland,2016-09-01,0.84296164329,53.2622722335
Poland,2016-10-01,0.80995529447,52.5902534949
Poland,2016-11-01,0.80264277393,50.56119520446
Poland,2016-12-01,0.80130359909,52.95330747426
Poland,2017-01-01,0.80129994266,57.62887561615
Poland,2017-02-01,0.81390461087,62.44820602197
Poland,2017-03-01,0.81869673392,65.05296479811
Poland,2017-04-01,0.81895106386,67.35126445331
Poland,2017-05-01,0.8341438176,72.22993851318
Poland,2017-06-01,0.85354183332,72.09783116941
Poland,2017-07-01,0.87872687471,74.38050482213
Poland,2017-08-01,0.88646532641,78.19019901142
Poland,2017-09-01,0.89159823747,81.03775862775
Poland,2017-10-01,0.89012268336,80.28082515204
Poland,2017-11-01,0.87692779237,80.34490465606
Poland,2017-12-01,0.92059067565,80.01929691627
Poland,2018-01-01,0.96023247012,88.7147573199
Poland,2018-02-01,0.96610638962,84.06398878583
Poland,2018-03-01,0.9574561842,78.85468203151
Poland,2018-04-01,0.95132382369,77.95620838903
Poland,2018-05-01,0.90083947924,72.46490721642
Poland,2018-06-01,0.92402985533,69.48077043453
Poland,2018-07-01,0.91396039454,69.34184771815
Poland,2018-08-01,0.90701906156,72.58260112024
Poland,2018-09-01,0.90884041097,71.98280983163
Poland,2018-10-01,0.90510859816,68.42177946512
Poland,2018-11-01,0.88355083485,68.86161791451
Poland,2018-12-01,0.90126625359,71.06544124862
Poland,2019-01-01,0.89527585547,73.08988958162
Poland,2019-02-01,0.88981099589,72.45357563194
Poland,2019-03-01,0.89009053511,71.48368571927
Poland,2019-04-01,0.89271611016,72.53141620357
Poland,2019-05-01,0.88198924497,67.0721624195
Poland,2019-06-01,0.93109684303,70.99992605033
Poland,2019-07-01,0.88573010096,71.43556395292
Poland,2019-08-01,0.87415115187,63.53476507189
Poland,2019-09-01,0.84118731458,64.01699667855
Poland,2019-10-01,0.86612228249,65.00585203601
Poland,2019-11-01,0.90052952596,66.92933540564
Poland,2019-12-01,0.87668127624,64.03646332985
Poland,2020-01-01,0.88819607828,65.50814799575
Poland,2020-02-01,0.85022815529,61.29318217547
Poland,2020-03-01,0.84287084326,45.14753668741
Poland,2020-04-01,0.79633522084,44.5896460927
Poland,2020-05-01,0.80225581637,45.88915373453
Poland,2020-06-01,0.84183261882,52.93193031248
Poland,2020-07-01,0.86457584521,54.28041163799
Poland,2020-08-01,0.88664480016,57.61643250324
Poland,2020-09-01,0.89089956237,53.529573266
Poland,2020-10-01,0.87179680045,50.23545280643
Poland,2020-11-01,0.91243325937,54.35541993221
Poland,2020-12-01,0.93450188172,62.07963100575
Portugal,2005-01-01,0.83989642104,84.64675810572
Portugal,2005-02-01,0.84374989455,86.5236581957
Portugal,2005-03-01,0.85149960511,85.93364489106
Portugal,2005-04-01,0.85127052149,83.46849325177
Portugal,2005-05-01,0.84921710579,80.60295793118
Portugal,2005-06-01,0.85465848595,75.56648054947
Portugal,2005-07-01,0.8560138364,75.0755319895
Portugal,2005-08-01,0.86031719392,78.82617454666
Portugal,2005-09-01,0.86045245102,80.6240885123
Portugal,2005-10-01,0.85820411832,79.77039039696
Portugal,2005-11-01,0.85517158725,78.42460742589
Portugal,2005-12-01,0.85724948262,82.21144145422
Portugal,2006-01-01,0.88238001027,88.55065999683
Portugal,2006-02-01,0.88148486353,91.92671718385
Portugal,2006-03-01,0.88174704938,99.12319947676
Portugal,2006-04-01,0.88893268238,104.46463679478
Portugal,2006-05-01,0.88889460374,102.87726108699
Portugal,2006-06-01,0.88808397698,98.91195092175
Portugal,2006-07-01,0.89422611183,100.12339924112
Portugal,2006-08-01,0.8934987562,104.58491779075
Portugal,2006-09-01,0.88474173953,106.20904885239
Portugal,2006-10-01,0.88210095298,109.4832652343
Portugal,2006-11-01,0.88373355106,113.3458052977
Portugal,2006-12-01,0.88588153471,120.04986697002
Portugal,2007-01-01,0.92379572452,123.57710915846
Portugal,2007-02-01,0.92867764677,129.21958420774
Portugal,2007-03-01,0.93099714316,127.38726079714
Portugal,2007-04-01,0.93421937729,134.99614879585
Portugal,2007-05-01,0.93484072826,140.86209746116
Portugal,2007-06-01,0.93977970555,146.16572883055
Portugal,2007-07-01,0.94489720667,153.77311699877
Portugal,2007-08-01,0.9430101176,144.8191193565
Portugal,2007-09-01,0.95305650665,141.15932852959
Portugal,2007-10-01,0.96126225994,150.09515148786
Portugal,2007-11-01,0.97148973023,158.35001049279
Portugal,2007-12-01,0.97251155014,157.96342228561
Portugal,2008-01-01,1.04052688639,143.4343900903
Portugal,2008-02-01,1.05440672306,137.02289573989
Portugal,2008-03-01,1.06718668681,134.30399315851
Portugal,2008-04-01,1.07366833953,143.83133000769
Portugal,2008-05-01,1.09049608025,141.53804406929
Portugal,2008-06-01,1.11431192629,128.23812446722
Portugal,2008-07-01,1.12074501104,111.88759971388
Portugal,2008-08-01,1.1018773873,104.79652928709
Portugal,2008-09-01,1.08448504994,98.6474231871
Portugal,2008-10-01,1.04982283104,74.0025992097
Portugal,2008-11-01,1.02358033003,67.81821590256
Portugal,2008-12-01,1.00371816175,69.53994196039
Portugal,2009-01-01,0.95457022344,70.70682536521
Portugal,2009-02-01,0.94833412596,66.30536382054
Portugal,2009-03-01,0.94720159757,65.28867076947
Portugal,2009-04-01,0.9427644294,71.84874102349
Portugal,2009-05-01,0.95172048213,81.37261301023
Portugal,2009-06-01,0.96240549768,82.39349685772
Portugal,2009-07-01,0.95418073538,84.04205747199
Portugal,2009-08-01,0.96131689034,90.41865605754
Portugal,2009-09-01,0.95766647323,98.83631648763
Portugal,2009-10-01,0.9639697751,106.23132716446
Portugal,2009-11-01,0.96848568798,104.68457533031
Portugal,2009-12-01,0.96637489765,100.63932534667
Portugal,2010-01-01,1.0,100.0
Portugal,2010-02-01,0.9977809343,86.43343817114
Portugal,2010-03-01,1.00449550472,89.87196413012
Portugal,2010-04-01,1.0118433589,88.17126208641
Portugal,2010-05-01,1.00554816999,73.00066891284
Portugal,2010-06-01,1.00258320021,72.58759018405
Portugal,2010-07-01,1.00310177652,77.12548853971
Portugal,2010-08-01,1.00760099191,79.20509078393
Portugal,2010-09-01,1.01161534263,80.88716345433
Portugal,2010-10-01,1.01930082744,90.27097178236
Portugal,2010-11-01,1.02412446027,88.30728132946
Portugal,2010-12-01,1.03368171315,85.73001751315
Portugal,2011-01-01,1.11669594647,85.07247930755
Portugal,2011-02-01,1.1245529458,90.41045233173
Portugal,2011-03-01,1.13674655411,91.67770742421
Portugal,2011-04-01,1.14849273563,92.89161697722
Portugal,2011-05-01,1.13860565929,91.44511947676
Portugal,2011-06-01,1.13500663689,86.76869179593
Portugal,2011-07-01,1.13708244723,82.77700269627
Portugal,2011-08-01,1.13150286707,73.78015650639
Portugal,2011-09-01,1.13019042838,68.55214145341
Portugal,2011-10-01,1.12610201008,67.56759865222
Portugal,2011-11-01,1.12940958084,61.95469135196
Portugal,2011-12-01,1.1264973918,59.40793710052
Portugal,2012-01-01,1.11820475616,58.81779312138
Portugal,2012-02-01,1.12403699246,61.25807471646
Portugal,2012-03-01,1.12981075943,61.46847143949
Portugal,2012-04-01,1.1244029259,57.3617036784
Portugal,2012-05-01,1.11416119053,51.86685140277
Portugal,2012-06-01,1.10103632842,47.47099399259
Portugal,2012-07-01,1.11212701382,48.41078596657
Portugal,2012-08-01,1.12002685449,49.99073960009
Portugal,2012-09-01,1.12038369803,56.3638896977
Portugal,2012-10-01,1.11736107713,57.83862935181
Portugal,2012-11-01,1.11594197307,56.35984317101
Portugal,2012-12-01,1.11600884087,60.54862655262
Portugal,2013-01-01,1.10610270389,67.74553395091
Portugal,2013-02-01,1.10729318895,67.85305987549
Portugal,2013-03-01,1.10090407719,64.84982849179
Portugal,2013-04-01,1.09702999792,63.64532385692
Portugal,2013-05-01,1.0974326888,65.91550540953
Portugal,2013-06-01,1.0954795377,62.52004641328
Portugal,2013-07-01,1.09873691404,60.35940837871
Portugal,2013-08-01,1.10023447495,65.18576763668
Portugal,2013-09-01,1.1001748789,66.38889687577
Portugal,2013-10-01,1.09786200107,69.96087399552
Portugal,2013-11-01,1.09508328322,71.28106340213
Portugal,2013-12-01,1.09774803076,73.56015824229
Portugal,2014-01-01,1.09284308578,78.20243170416
Portugal,2014-02-01,1.09752681287,80.32297887611
Portugal,2014-03-01,1.09816951384,85.65114717352
Portugal,2014-04-01,1.09807100229,85.615038255
Portugal,2014-05-01,1.09867253085,81.44826556444
Portugal,2014-06-01,1.09940083974,80.64285756965
Portugal,2014-07-01,1.0971373606,71.885744947
Portugal,2014-08-01,1.09509654587,62.58173967091
Portugal,2014-09-01,1.09069687488,62.82138764311
Portugal,2014-10-01,1.08198961963,55.29505131704
Portugal,2014-11-01,1.07288027516,53.93219697404
Portugal,2014-12-01,1.05707722163,50.67067992532
Portugal,2015-01-01,1.03977127387,47.95401062643
Portugal,2015-02-01,1.0422361517,50.72945881079
Portugal,2015-03-01,1.03905487605,52.18133470894
Portugal,2015-04-01,1.0427118766,54.86214456352
Portugal,2015-05-01,1.04455085708,56.07563132226
Portugal,2015-06-01,1.04269836727,53.49439111823
Portugal,2015-07-01,1.0372658056,51.8490299493
Portugal,2015-08-01,1.02884108574,50.70757261003
Portugal,2015-09-01,1.02718330374,47.23293021946
Portugal,2015-10-01,1.02614253865,50.04853205391
Portugal,2015-11-01,1.02105832156,47.61190894994
Portugal,2015-12-01,1.01406334439,47.4635375421
Portugal,2016-01-01,1.0219558622,44.67065475415
Portugal,2016-02-01,,43.70238850727
Portugal,2016-03-01,,46.3833241953
Portugal,2016-04-01,,46.87400968784
Portugal,2016-05-01,,46.20616375461
Portugal,2016-06-01,,42.99593770124
Portugal,2016-07-01,,41.91667377409
Portugal,2016-08-01,,43.91195458623
Portugal,2016-09-01,,43.01347839882
Portugal,2016-10-01,,42.35958892859
Portugal,2016-11-01,,39.78043863509
Portugal,2016-12-01,,40.17167764011
Portugal,2017-01-01,,40.71117230557
Portugal,2017-02-01,,40.69279716578
Portugal,2017-03-01,,41.60828474152
Portugal,2017-04-01,,44.28922356796
Portugal,2017-05-01,,47.78384430034
Portugal,2017-06-01,,49.08223480764
Portugal,2017-07-01,,50.12895434392
Portugal,2017-08-01,,51.0249753381
Portugal,2017-09-01,,51.67610971109
Portugal,2017-10-01,,52.96524742208
Portugal,2017-11-01,,51.78480084803
Portugal,2017-12-01,,52.90849394564
Portugal,2018-01-01,,57.68699624542
Portugal,2018-02-01,,55.72848188904
Portugal,2018-03-01,,55.22704936322
Portugal,2018-04-01,,55.85273654103
Portugal,2018-05-01,,54.8529169309
Portugal,2018-06-01,,54.07270191017
Portugal,2018-07-01,,54.33501654592
Portugal,2018-08-01,,53.01266394897
Portugal,2018-09-01,,51.62944612687
Portugal,2018-10-01,,48.31506579797
Portugal,2018-11-01,,46.45125102256
Portugal,2018-12-01,,45.03505930823
Portugal,2019-01-01,,47.37804071969
Portugal,2019-02-01,,48.3950077051
Portugal,2019-03-01,,48.98465205318
Portugal,2019-04-01,,49.84259831995
Portugal,2019-05-01,,47.77412110618
Portugal,2019-06-01,,47.93158394458
Portugal,2019-07-01,,48.20600808291
Portugal,2019-08-01,,44.66280534007
Portugal,2019-09-01,,45.42413281479
Portugal,2019-10-01,,45.83872675932
Portugal,2019-11-01,,47.93227906778
Portugal,2019-12-01,,47.83773840241
Portugal,2020-01-01,,48.47486961138
Portugal,2020-02-01,,47.56709659707
Portugal,2020-03-01,,37.80590852457
Portugal,2020-04-01,,37.17557327639
Portugal,2020-05-01,,38.00024030144
Portugal,2020-06-01,,41.57453855999
Portugal,2020-07-01,,42.23481061418
Portugal,2020-08-01,,43.14499898046
Portugal,2020-09-01,,41.25249008144
Portugal,2020-10-01,,40.34902146697
Portugal,2020-11-01,,42.71983165034
Portugal,2020-12-01,,48.1767463271
Paraguay,2005-01-01,0.86631332287,
Paraguay,2005-02-01,0.86714856274,
Paraguay,2005-03-01,0.8681875041,
Paraguay,2005-04-01,0.86910172098,
Paraguay,2005-05-01,0.86910536096,
Paraguay,2005-06-01,0.86948270182,
Paraguay,2005-07-01,0.86906781939,
Paraguay,2005-08-01,0.8687904959,
Paraguay,2005-09-01,0.86869972141,
Paraguay,2005-10-01,0.86950867854,
Paraguay,2005-11-01,0.8698463466,
Paraguay,2005-12-01,0.87054556732,
Paraguay,2006-01-01,0.89182423751,
Paraguay,2006-02-01,0.89198587775,
Paraguay,2006-03-01,0.89161734211,
Paraguay,2006-04-01,0.89192916693,
Paraguay,2006-05-01,0.89057845835,
Paraguay,2006-06-01,0.89099524144,
Paraguay,2006-07-01,0.89259674467,
Paraguay,2006-08-01,0.89300434401,
Paraguay,2006-09-01,0.89343662786,
Paraguay,2006-10-01,0.89398909407,
Paraguay,2006-11-01,0.89431646126,
Paraguay,2006-12-01,0.89362317129,
Paraguay,2007-01-01,0.94522297235,
Paraguay,2007-02-01,0.94612194536,
Paraguay,2007-03-01,0.94636892567,
Paraguay,2007-04-01,0.94598141396,
Paraguay,2007-05-01,0.94645502577,
Paraguay,2007-06-01,0.9468372359,
Paraguay,2007-07-01,0.94632729621,
Paraguay,2007-08-01,0.94646681915,
Paraguay,2007-09-01,0.9479233774,
Paraguay,2007-10-01,0.95003878262,
Paraguay,2007-11-01,0.95121606961,
Paraguay,2007-12-01,0.95192669106,
Paraguay,2008-01-01,1.02495767573,
Paraguay,2008-02-01,1.02923762097,
Paraguay,2008-03-01,1.03174789118,
Paraguay,2008-04-01,1.03351037874,
Paraguay,2008-05-01,1.03582042081,
Paraguay,2008-06-01,1.04539380158,
Paraguay,2008-07-01,1.04830400425,
Paraguay,2008-08-01,1.04864999591,
Paraguay,2008-09-01,1.04789110296,
Paraguay,2008-10-01,1.04619727192,
Paraguay,2008-11-01,1.04169865542,
Paraguay,2008-12-01,1.03723711326,
Paraguay,2009-01-01,0.97724487967,
Paraguay,2009-02-01,0.97578764386,
Paraguay,2009-03-01,0.97227214092,
Paraguay,2009-04-01,0.96584282407,
Paraguay,2009-05-01,0.96569768311,
Paraguay,2009-06-01,0.96586053202,
Paraguay,2009-07-01,0.96369566948,
Paraguay,2009-08-01,0.96427769608,
Paraguay,2009-09-01,0.96439684306,
Paraguay,2009-10-01,0.96535742871,
Paraguay,2009-11-01,0.96571474699,
Paraguay,2009-12-01,0.96571671502,
Paraguay,2010-01-01,1.0,
Paraguay,2010-02-01,0.99974432228,
Paraguay,2010-03-01,1.00022416784,
Paraguay,2010-04-01,1.00097546884,
Paraguay,2010-05-01,1.00287371236,
Paraguay,2010-06-01,1.00257455839,
Paraguay,2010-07-01,1.00188415751,
Paraguay,2010-08-01,1.00260744874,
Paraguay,2010-09-01,1.00432778092,
Paraguay,2010-10-01,1.00553792777,
Paraguay,2010-11-01,1.00620846696,
Paraguay,2010-12-01,1.00693687466,
Paraguay,2011-01-01,1.09329440361,
Paraguay,2011-02-01,1.09458750298,
Paraguay,2011-03-01,1.09788203821,
Paraguay,2011-04-01,1.10072816038,
Paraguay,2011-05-01,1.09923460286,
Paraguay,2011-06-01,1.098927862,
Paraguay,2011-07-01,1.09943997824,
Paraguay,2011-08-01,1.09997725217,
Paraguay,2011-09-01,1.09963456776,
Paraguay,2011-10-01,1.09894731328,
Paraguay,2011-11-01,1.09730440685,
Paraguay,2011-12-01,1.09621261629,
Paraguay,2012-01-01,1.08329085849,
Paraguay,2012-02-01,1.08298797722,
Paraguay,2012-03-01,1.08373798283,
Paraguay,2012-04-01,1.08302014187,
Paraguay,2012-05-01,1.08283436666,
Paraguay,2012-06-01,1.08228165505,
Paraguay,2012-07-01,1.08391670944,
Paraguay,2012-08-01,1.08386997165,
Paraguay,2012-09-01,1.08332516167,
Paraguay,2012-10-01,1.08376150285,
Paraguay,2012-11-01,1.08400805195,
Paraguay,2012-12-01,1.08401776594,
Paraguay,2013-01-01,1.06987758313,
Paraguay,2013-02-01,1.06967074049,
Paraguay,2013-03-01,1.06955689254,
Paraguay,2013-04-01,1.06935876551,
Paraguay,2013-05-01,1.06918104353,
Paraguay,2013-06-01,1.06950620692,
Paraguay,2013-07-01,1.06931508375,
Paraguay,2013-08-01,1.06847020265,
Paraguay,2013-09-01,1.06757920493,
Paraguay,2013-10-01,1.0677965618,
Paraguay,2013-11-01,1.06877116636,
Paraguay,2013-12-01,1.06795603019,
Paraguay,2014-01-01,1.06661096645,
Paraguay,2014-02-01,1.06737093772,
Paraguay,2014-03-01,1.06733260832,
Paraguay,2014-04-01,1.06723961427,
Paraguay,2014-05-01,1.06672638726,
Paraguay,2014-06-01,1.06532467198,
Paraguay,2014-07-01,1.06418835847,
Paraguay,2014-08-01,1.06346041449,
Paraguay,2014-09-01,1.06287181652,
Paraguay,2014-10-01,1.06337181192,
Paraguay,2014-11-01,1.06293618892,
Paraguay,2014-12-01,1.06357378863,
Paraguay,2015-01-01,1.06073349207,
Paraguay,2015-02-01,1.05966622541,
Paraguay,2015-03-01,1.05964999828,
Paraguay,2015-04-01,1.05891930947,
Paraguay,2015-05-01,1.05881217421,
Paraguay,2015-06-01,1.05854161584,
Paraguay,2015-07-01,1.05831528215,
Paraguay,2015-08-01,1.05790534844,
Paraguay,2015-09-01,1.05755151642,
Paraguay,2015-10-01,1.05746466589,
Paraguay,2015-11-01,1.05690587188,
Paraguay,2015-12-01,1.05736344479,
Paraguay,2016-01-01,1.07518533494,
Paraguay,2016-02-01,,
Paraguay,2016-03-01,,
Paraguay,2016-04-01,,
Paraguay,2016-05-01,,
Paraguay,2016-06-01,,
Paraguay,2016-07-01,,
Paraguay,2016-08-01,,
Paraguay,2016-09-01,,
Paraguay,2016-10-01,,
Paraguay,2016-11-01,,
Paraguay,2016-12-01,,
Paraguay,2017-01-01,,
Paraguay,2017-02-01,,
Paraguay,2017-03-01,,
Paraguay,2017-04-01,,
Paraguay,2017-05-01,,
Paraguay,2017-06-01,,
Paraguay,2017-07-01,,
Paraguay,2017-08-01,,
Paraguay,2017-09-01,,
Paraguay,2017-10-01,,
Paraguay,2017-11-01,,
Paraguay,2017-12-01,,
Paraguay,2018-01-01,,
Paraguay,2018-02-01,,
Paraguay,2018-03-01,,
Paraguay,2018-04-01,,
Paraguay,2018-05-01,,
Paraguay,2018-06-01,,
Paraguay,2018-07-01,,
Paraguay,2018-08-01,,
Paraguay,2018-09-01,,
Paraguay,2018-10-01,,
Paraguay,2018-11-01,,
Paraguay,2018-12-01,,
Paraguay,2019-01-01,,
Paraguay,2019-02-01,,
Paraguay,2019-03-01,,
Paraguay,2019-04-01,,
Paraguay,2019-05-01,,
Paraguay,2019-06-01,,
Paraguay,2019-07-01,,
Paraguay,2019-08-01,,
Paraguay,2019-09-01,,
Paraguay,2019-10-01,,
Paraguay,2019-11-01,,
Paraguay,2019-12-01,,
Paraguay,2020-01-01,,
Paraguay,2020-02-01,,
Paraguay,2020-03-01,,
Paraguay,2020-04-01,,
Paraguay,2020-05-01,,
Paraguay,2020-06-01,,
Paraguay,2020-07-01,,
Paraguay,2020-08-01,,
Paraguay,2020-09-01,,
Paraguay,2020-10-01,,
Paraguay,2020-11-01,,
Paraguay,2020-12-01,,
Romania,2005-01-01,,104.3889541968
Romania,2005-02-01,,121.92085045635
Romania,2005-03-01,,116.47852480771
Romania,2005-04-01,,102.88295867376
Romania,2005-05-01,,99.53756342458
Romania,2005-06-01,,93.61108139706
Romania,2005-07-01,,101.47734377564
Romania,2005-08-01,,112.90430575655
Romania,2005-09-01,,118.91491863052
Romania,2005-10-01,,121.90480094866
Romania,2005-11-01,,118.56824148927
Romania,2005-12-01,,124.58855402007
Romania,2006-01-01,,144.06132362326
Romania,2006-02-01,,158.41892490748
Romania,2006-03-01,,150.43422575128
Romania,2006-04-01,,150.02361528961
Romania,2006-05-01,,150.26543912556
Romania,2006-06-01,,138.52447688376
Romania,2006-07-01,,153.01846032676
Romania,2006-08-01,,159.97529103492
Romania,2006-09-01,,160.33639741229
Romania,2006-10-01,,171.65950422373
Romania,2006-11-01,,170.52632254209
Romania,2006-12-01,,176.48134642496
Romania,2007-01-01,,186.72097212822
Romania,2007-02-01,,196.79242363856
Romania,2007-03-01,,192.60562977399
Romania,2007-04-01,,200.87051787753
Romania,2007-05-01,,203.34613453282
Romania,2007-06-01,,214.86399814395
Romania,2007-07-01,,255.76433740005
Romania,2007-08-01,,241.55659032759
Romania,2007-09-01,,236.14401471785
Romania,2007-10-01,,244.9080919316
Romania,2007-11-01,,220.51566075662
Romania,2007-12-01,,221.48579868281
Romania,2008-01-01,,191.5997012783
Romania,2008-02-01,,169.67427760844
Romania,2008-03-01,,171.05796322215
Romania,2008-04-01,,173.85984958381
Romania,2008-05-01,,177.9083721363
Romania,2008-06-01,,175.46940137299
Romania,2008-07-01,,150.41274221932
Romania,2008-08-01,,143.37190830879
Romania,2008-09-01,,111.30858814116
Romania,2008-10-01,,70.19943562032
Romania,2008-11-01,,58.78747931747
Romania,2008-12-01,,56.97435396236
Romania,2009-01-01,,46.87803964392
Romania,2009-02-01,,35.93442288807
Romania,2009-03-01,,37.79730747193
Romania,2009-04-01,,50.27548173845
Romania,2009-05-01,,58.9743464788
Romania,2009-06-01,,66.00975487566
Romania,2009-07-01,,67.9580564048
Romania,2009-08-01,,80.30303620511
Romania,2009-09-01,,85.1096321958
Romania,2009-10-01,,88.47761995677
Romania,2009-11-01,,94.33989898787
Romania,2009-12-01,,93.84871889002
Romania,2010-01-01,,100.0
Romania,2010-02-01,,98.15370501412
Romania,2010-03-01,,108.98355346141
Romania,2010-04-01,,110.61657388726
Romania,2010-05-01,,87.75999576153
Romania,2010-06-01,,81.17046077785
Romania,2010-07-01,,84.19333323349
Romania,2010-08-01,,90.26295133524
Romania,2010-09-01,,91.04660384383
Romania,2010-10-01,,97.51338563602
Romania,2010-11-01,,93.6626761496
Romania,2010-12-01,,90.97876970938
Romania,2011-01-01,,102.11563423015
Romania,2011-02-01,,104.67963139641
Romania,2011-03-01,,112.81198905294
Romania,2011-04-01,,120.03910474426
Romania,2011-05-01,,112.38020513654
Romania,2011-06-01,,108.82288868632
Romania,2011-07-01,,105.21431973844
Romania,2011-08-01,,91.45444360551
Romania,2011-09-01,,82.34624708234
Romania,2011-10-01,,81.25660625119
Romania,2011-11-01,,78.6404177137
Romania,2011-12-01,,75.01235403666
Romania,2012-01-01,,76.20968927203
Romania,2012-02-01,,88.44112494747
Romania,2012-03-01,,91.04296136149
Romania,2012-04-01,,90.99750741795
Romania,2012-05-01,,80.53776923447
Romania,2012-06-01,,71.5548203078
Romania,2012-07-01,,71.49354690672
Romania,2012-08-01,,75.22129207098
Romania,2012-09-01,,79.77434463561
Romania,2012-10-01,,78.873096123
Romania,2012-11-01,,78.18927552899
Romania,2012-12-01,,81.36483735666
Romania,2013-01-01,,96.83158820149
Romania,2013-02-01,,96.72787539694
Romania,2013-03-01,,95.95344434952
Romania,2013-04-01,,92.91025456684
Romania,2013-05-01,,92.40616336113
Romania,2013-06-01,,90.37547186595
Romania,2013-07-01,,90.90531509231
Romania,2013-08-01,,99.59891857803
Romania,2013-09-01,,100.38632362796
Romania,2013-10-01,,105.39432482129
Romania,2013-11-01,,107.59699204599
Romania,2013-12-01,,111.56059588432
Romania,2014-01-01,,112.2269373666
Romania,2014-02-01,,111.42750333721
Romania,2014-03-01,,110.69442223186
Romania,2014-04-01,,114.23222238372
Romania,2014-05-01,,115.41545363747
Romania,2014-06-01,,120.24394981597
Romania,2014-07-01,,121.79042205419
Romania,2014-08-01,,120.74592102108
Romania,2014-09-01,,119.71067371801
Romania,2014-10-01,,115.62087161645
Romania,2014-11-01,,112.22774739036
Romania,2014-12-01,,108.3960680601
Romania,2015-01-01,,103.53327216469
Romania,2015-02-01,,105.14737147637
Romania,2015-03-01,,98.66336902523
Romania,2015-04-01,,103.00486767745
Romania,2015-05-01,,107.73020161616
Romania,2015-06-01,,105.72852881377
Romania,2015-07-01,,105.44791642858
Romania,2015-08-01,,106.45204845132
Romania,2015-09-01,,103.69008723036
Romania,2015-10-01,,102.74648835199
Romania,2015-11-01,,100.0877541092
Romania,2015-12-01,,96.34776780119
Romania,2016-01-01,,88.17964008061
Romania,2016-02-01,,88.76616718377
Romania,2016-03-01,,95.29729072314
Romania,2016-04-01,,96.28494080213
Romania,2016-05-01,,92.18100218996
Romania,2016-06-01,,92.19265098008
Romania,2016-07-01,,92.94653357217
Romania,2016-08-01,,98.72868447455
Romania,2016-09-01,,100.8395980912
Romania,2016-10-01,,96.61854299056
Romania,2016-11-01,,93.20056468038
Romania,2016-12-01,,93.25618434481
Romania,2017-01-01,,98.26404866938
Romania,2017-02-01,,104.35421009862
Romania,2017-03-01,,106.9588467804
Romania,2017-04-01,,111.31672091819
Romania,2017-05-01,,117.30401028488
Romania,2017-06-01,,117.70619686352
Romania,2017-07-01,,118.35548170071
Romania,2017-08-01,,122.89664945602
Romania,2017-09-01,,118.11539094368
Romania,2017-10-01,,116.48031635515
Romania,2017-11-01,,112.59401279227
Romania,2017-12-01,,112.6843525537
Romania,2018-01-01,,124.52831541847
Romania,2018-02-01,,124.95507725147
Romania,2018-03-01,,130.52065044587
Romania,2018-04-01,,133.82927266824
Romania,2018-05-01,,124.23785369461
Romania,2018-06-01,,116.75048073742
Romania,2018-07-01,,114.21291300118
Romania,2018-08-01,,116.7132318311
Romania,2018-09-01,,119.48719721481
Romania,2018-10-01,,120.05401716175
Romania,2018-11-01,,119.82770672213
Romania,2018-12-01,,114.09991498763
Romania,2019-01-01,,100.24349131412
Romania,2019-02-01,,103.85970843704
Romania,2019-03-01,,107.89852777314
Romania,2019-04-01,,111.94741680211
Romania,2019-05-01,,111.58927616618
Romania,2019-06-01,,117.96220672643
Romania,2019-07-01,,122.08353333068
Romania,2019-08-01,,122.77858498381
Romania,2019-09-01,,124.21884500223
Romania,2019-10-01,,127.1346407165
Romania,2019-11-01,,129.07439010262
Romania,2019-12-01,,131.88303066757
Romania,2020-01-01,,133.35607143578
Romania,2020-02-01,,129.89713868702
Romania,2020-03-01,,106.73376990664
Romania,2020-04-01,,102.41198659073
Romania,2020-05-01,,108.26122834179
Romania,2020-06-01,,116.04234725972
Romania,2020-07-01,,115.63648845491
Romania,2020-08-01,,121.95817306018
Romania,2020-09-01,,126.33242982152
Romania,2020-10-01,,121.82022342581
Romania,2020-11-01,,124.98913494391
Romania,2020-12-01,,137.16019881917
Russian Federation,2005-01-01,0.86290144979,42.54164686377
Russian Federation,2005-02-01,0.86579127838,46.68198419744
Russian Federation,2005-03-01,0.86856727426,48.83341275392
Russian Federation,2005-04-01,0.86853823771,48.60277286521
Russian Federation,2005-05-01,0.86868413911,46.17958424001
Russian Federation,2005-06-01,0.86818258993,47.18753001393
Russian Federation,2005-07-01,0.8668090191,51.42029664203
Russian Federation,2005-08-01,0.8663381214,57.34923360565
Russian Federation,2005-09-01,0.8668562047,64.35971548564
Russian Federation,2005-10-01,0.86671968265,64.55927837267
Russian Federation,2005-11-01,0.86704748127,68.09927411355
Russian Federation,2005-12-01,0.86790310936,74.92652390698
Russian Federation,2006-01-01,0.80011390036,89.25696107766
Russian Federation,2006-02-01,0.85200636396,96.46723980728
Russian Federation,2006-03-01,0.89452916663,99.5000736322
Russian Federation,2006-04-01,0.92768230838,111.95483212116
Russian Federation,2006-05-01,0.95146578921,113.11817641598
Russian Federation,2006-06-01,0.96587960912,101.18081414851
Russian Federation,2006-07-01,0.95774386882,110.57474312425
Russian Federation,2006-08-01,0.96330329136,119.4159732619
Russian Federation,2006-09-01,0.96937797745,114.43687852492
Russian Federation,2006-10-01,0.99319761713,116.56829247501
Russian Federation,2006-11-01,0.98738056281,125.40011131111
Russian Federation,2006-12-01,0.96915650452,137.94592410446
Russian Federation,2007-01-01,0.89305569366,135.25699661657
Russian Federation,2007-02-01,0.88411993889,141.53636698638
Russian Federation,2007-03-01,0.89687949161,138.46561544362
Russian Federation,2007-04-01,0.97078365259,148.88526905562
Russian Federation,2007-05-01,0.99734684469,140.02408945359
Russian Federation,2007-06-01,1.01601836869,141.10539502804
Russian Federation,2007-07-01,1.01269627473,154.48954870097
Russian Federation,2007-08-01,1.02616092494,145.47062140462
Russian Federation,2007-09-01,1.04231036945,152.41412105477
Russian Federation,2007-10-01,1.08506368477,169.12461730687
Russian Federation,2007-11-01,1.0886434105,177.06046249401
Russian Federation,2007-12-01,1.07696862316,182.15775993041
Russian Federation,2008-01-01,0.99549370384,169.24426361595
Russian Federation,2008-02-01,0.99421910453,160.81769197205
Russian Federation,2008-03-01,1.01859920631,167.46634594506
Russian Federation,2008-04-01,1.11981685545,176.8159181839
Russian Federation,2008-05-01,1.15711922475,196.58289016344
Russian Federation,2008-06-01,1.18168916048,196.14988775873
Russian Federation,2008-07-01,1.19092322573,178.42811059755
Russian Federation,2008-08-01,1.19198087197,141.39402339334
Russian Federation,2008-09-01,1.1822586623,103.97364253564
Russian Federation,2008-10-01,1.16320295056,58.78626712965
Russian Federation,2008-11-01,1.13083626371,48.08691266697
Russian Federation,2008-12-01,1.08660495557,45.06936285134
Russian Federation,2009-01-01,0.96489880043,32.90516433801
Russian Federation,2009-02-01,0.94614591902,30.34170650892
Russian Federation,2009-03-01,0.96473608562,37.23717625229
Russian Federation,2009-04-01,1.0901846813,46.23892305338
Russian Federation,2009-05-01,1.13132440812,59.79320375273
Russian Federation,2009-06-01,1.15767064715,66.40733561892
Russian Federation,2009-07-01,1.15401860373,58.80152071561
Russian Federation,2009-08-01,1.16218146317,65.52739735367
Russian Federation,2009-09-01,1.16695443081,75.85424801189
Russian Federation,2009-10-01,1.19062943511,91.88858496626
Russian Federation,2009-11-01,1.17190367283,95.77852713296
Russian Federation,2009-12-01,1.13306907244,91.9550420142
Russian Federation,2010-01-01,1.0,100.0
Russian Federation,2010-02-01,0.97654194878,92.00411811051
Russian Federation,2010-03-01,0.98856928487,100.67170262234
Russian Federation,2010-04-01,1.09954078266,108.70847185168
Russian Federation,2010-05-01,1.13494481256,89.26579855396
Russian Federation,2010-06-01,1.15824014897,86.87910576865
Russian Federation,2010-07-01,1.15349882032,89.89443241972
Russian Federation,2010-08-01,1.16452274843,94.19086536344
Russian Federation,2010-09-01,1.17538396174,94.20313965913
Russian Federation,2010-10-01,1.21150212885,102.33640351046
Russian Federation,2010-11-01,1.2029731611,101.42794912318
Russian Federation,2010-12-01,1.17521672708,110.40546377749
Russian Federation,2011-01-01,1.05061786428,123.08130628436
Russian Federation,2011-02-01,1.04261771964,127.42183643734
Russian Federation,2011-03-01,1.07360133065,137.08165546473
Russian Federation,2011-04-01,1.22573967439,143.46808901963
Russian Federation,2011-05-01,1.27306256384,131.01634378085
Russian Federation,2011-06-01,1.29774097611,132.26357213299
Russian Federation,2011-07-01,1.26795512687,137.22104172838
Russian Federation,2011-08-01,1.271209423,114.26514065839
Russian Federation,2011-09-01,1.27568408016,97.56917329194
Russian Federation,2011-10-01,1.32258210318,89.22651307856
Russian Federation,2011-11-01,1.29859522884,95.19392619814
Russian Federation,2011-12-01,1.24492646195,88.38028293988
Russian Federation,2012-01-01,1.05716713523,93.28902227447
Russian Federation,2012-02-01,1.02244108368,109.05131483902
Russian Federation,2012-03-01,1.03633964004,113.61867604813
Russian Federation,2012-04-01,1.1939786482,107.06597395403
Russian Federation,2012-05-01,1.23378953744,87.229705814
Russian Federation,2012-06-01,1.25088815165,77.610948471
Russian Federation,2012-07-01,1.20208274952,82.71717961189
Russian Federation,2012-08-01,1.20615061967,87.28413761726
Russian Federation,2012-09-01,1.21990002079,93.04682602334
Russian Federation,2012-10-01,1.29897941658,93.23262397236
Russian Federation,2012-11-01,1.29035553185,88.31539531048
Russian Federation,2012-12-01,1.24967683032,95.68039591514
Russian Federation,2013-01-01,1.07492112852,103.69813254586
Russian Federation,2013-02-01,1.04664943095,102.58617137502
Russian Federation,2013-03-01,1.06283955416,95.32534346103
Russian Federation,2013-04-01,1.21334622999,87.15743150114
Russian Federation,2013-05-01,1.25106894588,87.97899003262
Russian Federation,2013-06-01,1.26586243367,77.7353736171
Russian Federation,2013-07-01,1.2039223308,79.57306163724
Russian Federation,2013-08-01,1.21321063432,78.43300575063
Russian Federation,2013-09-01,1.23992298166,84.51222873412
Russian Federation,2013-10-01,1.36953888432,90.48706375777
Russian Federation,2013-11-01,1.36698968569,86.05086448994
Russian Federation,2013-12-01,1.31775489726,84.45933200702
Russian Federation,2014-01-01,1.08811910724,79.45243769421
Russian Federation,2014-02-01,1.04579969807,73.14358260804
Russian Federation,2014-03-01,1.05708125797,62.46175801817
Russian Federation,2014-04-01,1.23188667818,65.00948882746
Russian Federation,2014-05-01,1.26792800774,71.33610942717
Russian Federation,2014-06-01,1.27512813791,77.70383684522
Russian Federation,2014-07-01,1.19541596232,74.30368892506
Russian Federation,2014-08-01,1.18848702349,66.32438658525
Russian Federation,2014-09-01,1.19627021505,61.73468401619
Russian Federation,2014-10-01,1.29760990029,51.43915664045
Russian Federation,2014-11-01,1.27568408016,43.5867012665
Russian Federation,2014-12-01,1.20933711796,28.94787865885
Russian Federation,2015-01-01,0.96306373901,23.26991930512
Russian Federation,2015-02-01,0.90950344865,26.35065424939
Russian Federation,2015-03-01,0.91315097222,28.31867797878
Russian Federation,2015-04-01,1.09873624834,37.30552809055
Russian Federation,2015-05-01,1.1232519458,40.7173787618
Russian Federation,2015-06-01,1.11142800322,34.24620165297
Russian Federation,2015-07-01,0.98082225215,30.49289770317
Russian Federation,2015-08-01,0.95815065583,24.09409272893
Russian Federation,2015-09-01,0.9609710458,23.31885052668
Russian Federation,2015-10-01,1.06219773465,26.3673141161
Russian Federation,2015-11-01,1.06131636278,25.97410497663
Russian Federation,2015-12-01,1.03124124278,22.00713936723
Russian Federation,2016-01-01,0.87418077615,17.50266661206
Russian Federation,2016-02-01,0.85906185875,18.35753425157
Russian Federation,2016-03-01,0.88809289207,23.76582684181
Russian Federation,2016-04-01,1.07457761948,26.77387119769
Russian Federation,2016-05-01,1.10693074677,27.10958836427
Russian Federation,2016-06-01,1.09845601728,27.78538502838
Russian Federation,2016-07-01,0.95909982553,28.63759250181
Russian Federation,2016-08-01,0.93650958661,28.80432567894
Russian Federation,2016-09-01,0.94063169504,29.86479925564
Russian Federation,2016-10-01,1.04302450666,31.19107602475
Russian Federation,2016-11-01,1.04690254287,30.36763165517
Russian Federation,2016-12-01,1.02382415953,35.38033908401
Russian Federation,2017-01-01,0.87755258852,38.20172277455
Russian Federation,2017-02-01,0.87273894217,38.91808962169
Russian Federation,2017-03-01,0.91314645237,37.46639418672
Russian Federation,2017-04-01,1.11629136798,38.30866743307
Russian Federation,2017-05-01,1.15900400459,37.70550560584
Russian Federation,2017-06-01,1.15880061108,34.15979657914
Russian Federation,2017-07-01,1.01966137241,33.52497386973
Russian Federation,2017-08-01,1.00564077995,34.40020876385
Russian Federation,2017-09-01,1.02071901865,38.05905470382
Russian Federation,2017-10-01,1.155419759,38.54117607967
Russian Federation,2017-11-01,1.16080290717,37.98590367872
Russian Federation,2017-12-01,1.12739213364,38.07997798366
Russian Federation,2018-01-01,0.93347676342,43.56579587542
Russian Federation,2018-02-01,0.91376115274,43.50654797564
Russian Federation,2018-03-01,0.94653462661,43.25252066536
Russian Federation,2018-04-01,1.16525948492,37.24460420907
Russian Federation,2018-05-01,1.20291440297,36.91274855892
Russian Federation,2018-06-01,1.19296168066,35.52649985089
Russian Federation,2018-07-01,1.02298346637,36.22661985255
Russian Federation,2018-08-01,1.00212885205,32.17465491502
Russian Federation,2018-09-01,1.01797998608,32.27106420217
Russian Federation,2018-10-01,1.18029704492,34.02147211746
Russian Federation,2018-11-01,1.18723954331,33.12377945646
Russian Federation,2018-12-01,1.14856765772,32.20989398167
Russian Federation,2019-01-01,0.92841452501,34.23544321715
Russian Federation,2019-02-01,0.90041401878,35.6424732042
Russian Federation,2019-03-01,0.92869927592,36.20205957872
Russian Federation,2019-04-01,1.153602777,37.91142057297
Russian Federation,2019-05-01,1.18921020041,38.00055069595
Russian Federation,2019-06-01,1.17585402674,41.42878321871
Russian Federation,2019-07-01,0.99281794925,42.66089458111
Russian Federation,2019-08-01,0.97207181147,38.16176398406
Russian Federation,2019-09-01,0.99289930665,40.90614226711
Russian Federation,2019-10-01,1.17840322537,41.46208349326
Russian Federation,2019-11-01,1.19005089358,44.5770059062
Russian Federation,2019-12-01,1.15094510183,46.58769531638
Russian Federation,2020-01-01,0.91983131898,50.32692414566
Russian Federation,2020-02-01,0.88515950571,46.10299114012
Russian Federation,2020-03-01,0.90567513085,27.87007545837
Russian Federation,2020-04-01,1.1151659239,28.46937380585
Russian Federation,2020-05-01,1.14571562876,31.48838527536
Russian Federation,2020-06-01,1.13111197491,35.56404484146
Russian Federation,2020-07-01,0.95242851848,34.09768454053
Russian Federation,2020-08-01,0.93671298012,34.17435361084
Russian Federation,2020-09-01,0.96503891596,31.28366203361
Russian Federation,2020-10-01,1.16058143424,28.89889385048
Russian Federation,2020-11-01,1.18460898728,31.6207647535
Russian Federation,2020-12-01,1.16029668333,36.39328244753
Saudi Arabia,2005-01-01,0.85447942707,128.26843535379
Saudi Arabia,2005-02-01,0.85677425985,136.10885119631
Saudi Arabia,2005-03-01,0.85963536209,157.83544774108
Saudi Arabia,2005-04-01,0.86056138486,182.88255791818
Saudi Arabia,2005-05-01,0.86080215065,189.75803290844
Saudi Arabia,2005-06-01,0.86064509441,210.27070092727
Saudi Arabia,2005-07-01,0.85838432159,198.98692423643
Saudi Arabia,2005-08-01,0.8581789483,225.57356605511
Saudi Arabia,2005-09-01,0.85849900319,234.94855044874
Saudi Arabia,2005-10-01,0.85880841682,236.63621541122
Saudi Arabia,2005-11-01,0.85858051262,256.01560351415
Saudi Arabia,2005-12-01,0.85931711988,265.53817992559
Saudi Arabia,2006-01-01,0.87985453553,285.75211434803
Saudi Arabia,2006-02-01,0.88117604495,311.70025626442
Saudi Arabia,2006-03-01,0.88040809224,267.59128372745
Saudi Arabia,2006-04-01,0.88130388528,236.80554989374
Saudi Arabia,2006-05-01,0.87903245043,177.70282625911
Saudi Arabia,2006-06-01,0.87905200257,196.20495354493
Saudi Arabia,2006-07-01,0.88248702539,184.49718427542
Saudi Arabia,2006-08-01,0.88206490432,178.59512329464
Saudi Arabia,2006-09-01,0.8817627715,179.88031967819
Saudi Arabia,2006-10-01,0.88226941959,168.73245900701
Saudi Arabia,2006-11-01,0.8829957171,136.1328489123
Saudi Arabia,2006-12-01,0.88230905159,125.50960230551
Saudi Arabia,2007-01-01,0.92956043351,114.97655619401
Saudi Arabia,2007-02-01,0.93120428252,125.0147688901
Saudi Arabia,2007-03-01,0.93189227035,137.42866115096
Saudi Arabia,2007-04-01,0.93207453425,120.34790176334
Saudi Arabia,2007-05-01,0.93373155864,120.48014125199
Saudi Arabia,2007-06-01,0.93543544285,113.20613794536
Saudi Arabia,2007-07-01,0.93623145411,116.3490220677
Saudi Arabia,2007-08-01,0.93898091336,124.90892835757
Saudi Arabia,2007-09-01,0.94561135435,124.86704286701
Saudi Arabia,2007-10-01,0.95132198374,127.27303312582
Saudi Arabia,2007-11-01,0.95628064488,146.03219069145
Saudi Arabia,2007-12-01,0.9575979118,169.08821384987
Saudi Arabia,2008-01-01,1.02810486861,167.00962172373
Saudi Arabia,2008-02-01,1.04146472602,153.04756422328
Saudi Arabia,2008-03-01,1.05213960205,150.78831775297
Saudi Arabia,2008-04-01,1.05762446694,152.53663216693
Saudi Arabia,2008-05-01,1.06304300357,154.09820564523
Saudi Arabia,2008-06-01,1.07944503081,153.70218910736
Saudi Arabia,2008-07-01,1.08378705589,144.09431402211
Saudi Arabia,2008-08-01,1.08169109314,135.01634172013
Saudi Arabia,2008-09-01,1.07222896638,125.22741232437
Saudi Arabia,2008-10-01,1.0548762458,98.57134687046
Saudi Arabia,2008-11-01,1.03869889556,83.65443792892
Saudi Arabia,2008-12-01,1.02866671062,75.5616395486
Saudi Arabia,2009-01-01,0.97710822885,78.20714443389
Saudi Arabia,2009-02-01,0.97657907932,75.70253540754
Saudi Arabia,2009-03-01,0.96796449187,69.91738396856
Saudi Arabia,2009-04-01,0.95735821678,83.16118271193
Saudi Arabia,2009-05-01,0.95871202837,93.92157993814
Saudi Arabia,2009-06-01,0.96117498952,93.00325916758
Saudi Arabia,2009-07-01,0.96048690983,89.31808005261
Saudi Arabia,2009-08-01,0.96233753495,91.75930997196
Saudi Arabia,2009-09-01,0.96024917588,93.70953103491
Saudi Arabia,2009-10-01,0.96104141337,102.32799453352
Saudi Arabia,2009-11-01,0.96408058797,100.22700412245
Saudi Arabia,2009-12-01,0.96545713828,97.81082272758
Saudi Arabia,2010-01-01,1.0,100.0
Saudi Arabia,2010-02-01,1.00032805025,100.62026009871
Saudi Arabia,2010-03-01,1.00404491119,105.34849171155
Saudi Arabia,2010-04-01,1.01294243972,108.59781423271
Saudi Arabia,2010-05-01,1.01424807562,102.81908372848
Saudi Arabia,2010-06-01,1.00836638694,98.49002750547
Saudi Arabia,2010-07-01,1.00525835416,97.82513184768
Saudi Arabia,2010-08-01,1.01042134513,98.1294705189
Saudi Arabia,2010-09-01,1.0144872984,101.16673140982
Saudi Arabia,2010-10-01,1.01819961172,100.61402265808
Saudi Arabia,2010-11-01,1.02027711629,101.13862498018
Saudi Arabia,2010-12-01,1.02546980521,103.6494430766
Saudi Arabia,2011-01-01,1.11004999097,106.11144998903
Saudi Arabia,2011-02-01,1.11423188306,102.25129929336
Saudi Arabia,2011-03-01,1.116282536,97.57188963996
Saudi Arabia,2011-04-01,1.12174753088,104.96889511245
Saudi Arabia,2011-05-01,1.11942601266,106.45364435554
Saudi Arabia,2011-06-01,1.11864384765,104.09879506532
Saudi Arabia,2011-07-01,1.1197466733,103.53182057481
Saudi Arabia,2011-08-01,1.12254026043,97.38755750958
Saudi Arabia,2011-09-01,1.12200357815,96.92403563511
Saudi Arabia,2011-10-01,1.11543960934,97.06165403815
Saudi Arabia,2011-11-01,1.11253093121,97.85259252436
Saudi Arabia,2011-12-01,1.11006131252,100.01652908539
Saudi Arabia,2012-01-01,1.09732422993,102.59639744959
Saudi Arabia,2012-02-01,1.09804031864,110.00143701871
Saudi Arabia,2012-03-01,1.09871319999,120.20093701461
Saudi Arabia,2012-04-01,1.09769138669,121.01545125098
Saudi Arabia,2012-05-01,1.09506859229,114.16329123906
Saudi Arabia,2012-06-01,1.09464332736,107.07105699536
Saudi Arabia,2012-07-01,1.09771951019,106.84513616515
Saudi Arabia,2012-08-01,1.09491614915,111.40271771119
Saudi Arabia,2012-09-01,1.09359251806,111.99751072061
Saudi Arabia,2012-10-01,1.09520802489,108.06549590052
Saudi Arabia,2012-11-01,1.09669493621,106.81293051192
Saudi Arabia,2012-12-01,1.09723940105,108.15947722773
Saudi Arabia,2013-01-01,1.08631586324,111.48831507953
Saudi Arabia,2013-02-01,1.08575206735,111.63282018115
Saudi Arabia,2013-03-01,1.08303910002,112.16330004542
Saudi Arabia,2013-04-01,1.08135340346,113.65072004886
Saudi Arabia,2013-05-01,1.07926630539,115.31115869905
Saudi Arabia,2013-06-01,1.07513593111,120.01111651869
Saudi Arabia,2013-07-01,1.0752309313,122.71833375001
Saudi Arabia,2013-08-01,1.07519090557,127.61371480244
Saudi Arabia,2013-09-01,1.0732520999,125.51996580185
Saudi Arabia,2013-10-01,1.07338014977,127.79137818432
Saudi Arabia,2013-11-01,1.07296487862,131.72414688884
Saudi Arabia,2013-12-01,1.07266305357,133.68216493658
Saudi Arabia,2014-01-01,1.069761126,138.1047728538
Saudi Arabia,2014-02-01,1.07126228932,141.92748535856
Saudi Arabia,2014-03-01,1.0722366503,148.20561208565
Saudi Arabia,2014-04-01,1.07112194047,151.65285837293
Saudi Arabia,2014-05-01,1.06964030276,155.28584905069
Saudi Arabia,2014-06-01,1.06836481914,154.23865678676
Saudi Arabia,2014-07-01,1.07205450998,156.19885562114
Saudi Arabia,2014-08-01,1.07575004519,169.70282071011
Saudi Arabia,2014-09-01,1.07433994405,174.59170399144
Saudi Arabia,2014-10-01,1.07353643088,161.76114778193
Saudi Arabia,2014-11-01,1.07156190812,151.33467282721
Saudi Arabia,2014-12-01,1.06818170887,134.39938943019
Saudi Arabia,2015-01-01,1.06382826539,134.09082663283
Saudi Arabia,2015-02-01,1.05904541617,147.53576983401
Saudi Arabia,2015-03-01,1.05656426157,147.99150345941
Saudi Arabia,2015-04-01,1.05653383635,147.05820064776
Saudi Arabia,2015-05-01,1.05455404649,154.7529976914
Saudi Arabia,2015-06-01,1.05383815623,150.41612648637
Saudi Arabia,2015-07-01,1.05399630402,145.99738640529
Saudi Arabia,2015-08-01,1.05401708922,130.60821519247
Saudi Arabia,2015-09-01,1.05214601907,119.17565480551
Saudi Arabia,2015-10-01,1.05055817829,119.2850694703
Saudi Arabia,2015-11-01,1.04825884816,112.25438823329
Saudi Arabia,2015-12-01,1.04616447283,111.16290261616
Saudi Arabia,2016-01-01,1.06145900959,94.69355189486
Saudi Arabia,2016-02-01,,93.61936619123
Saudi Arabia,2016-03-01,,100.35389634222
Saudi Arabia,2016-04-01,,103.13829524974
Saudi Arabia,2016-05-01,,104.92168468889
Saudi Arabia,2016-06-01,,103.84852994808
Saudi Arabia,2016-07-01,,104.43418268292
Saudi Arabia,2016-08-01,,98.77900926771
Saudi Arabia,2016-09-01,,94.51654374047
Saudi Arabia,2016-10-01,,90.17917503835
Saudi Arabia,2016-11-01,,103.60630809953
Saudi Arabia,2016-12-01,,113.21776570983
Saudi Arabia,2017-01-01,,111.94835793932
Saudi Arabia,2017-02-01,,111.93785070991
Saudi Arabia,2017-03-01,,109.8237339685
Saudi Arabia,2017-04-01,,111.15417166733
Saudi Arabia,2017-05-01,,109.96729185279
Saudi Arabia,2017-06-01,,110.80607432689
Saudi Arabia,2017-07-01,,115.30777195391
Saudi Arabia,2017-08-01,,113.94965981564
Saudi Arabia,2017-09-01,,116.46482169754
Saudi Arabia,2017-10-01,,111.62597026388
Saudi Arabia,2017-11-01,,110.03791724415
Saudi Arabia,2017-12-01,,113.46996055185
Saudi Arabia,2018-01-01,,117.95356952213
Saudi Arabia,2018-02-01,,118.90842277823
Saudi Arabia,2018-03-01,,122.37917422416
Saudi Arabia,2018-04-01,,127.94875749327
Saudi Arabia,2018-05-01,,127.65370764648
Saudi Arabia,2018-06-01,,131.93940298806
Saudi Arabia,2018-07-01,,132.88242631896
Saudi Arabia,2018-08-01,,128.14092445248
Saudi Arabia,2018-09-01,,123.28224783465
Saudi Arabia,2018-10-01,,123.67589274382
Saudi Arabia,2018-11-01,,121.94209267703
Saudi Arabia,2018-12-01,,124.55747517556
Saudi Arabia,2019-01-01,,131.61444185841
Saudi Arabia,2019-02-01,,135.9040266274
Saudi Arabia,2019-03-01,,136.75097925608
Saudi Arabia,2019-04-01,,145.06081391025
Saudi Arabia,2019-05-01,,138.1153697324
Saudi Arabia,2019-06-01,,140.86746965131
Saudi Arabia,2019-07-01,,141.05671966933
Saudi Arabia,2019-08-01,,133.71553467755
Saudi Arabia,2019-09-01,,126.36943234954
Saudi Arabia,2019-10-01,,123.56883119029
Saudi Arabia,2019-11-01,,125.65205952388
Saudi Arabia,2019-12-01,,129.72128277253
Saudi Arabia,2020-01-01,,132.31390739773
Saudi Arabia,2020-02-01,,125.69683299618
Saudi Arabia,2020-03-01,,104.00208193459
Saudi Arabia,2020-04-01,,107.68690748896
Saudi Arabia,2020-05-01,,107.5726191673
Saudi Arabia,2020-06-01,,115.5605591092
Saudi Arabia,2020-07-01,,117.53863309499
Saudi Arabia,2020-08-01,,123.4181480465
Saudi Arabia,2020-09-01,,130.11657504336
Saudi Arabia,2020-10-01,,133.13328266264
Saudi Arabia,2020-11-01,,134.14847712634
Saudi Arabia,2020-12-01,,137.89699321045
Singapore,2005-01-01,0.83302741279,61.97911169864
Singapore,2005-02-01,0.83584470386,63.75291799838
Singapore,2005-03-01,0.85970751071,64.48509859172
Singapore,2005-04-01,0.86182541096,63.54200772065
Singapore,2005-05-01,0.85762709362,63.85587168258
Singapore,2005-06-01,0.86332039593,64.25678041909
Singapore,2005-07-01,0.8679482846,65.85659713781
Singapore,2005-08-01,0.88286081527,67.73112111546
Singapore,2005-09-01,0.88610028695,66.80656141357
Singapore,2005-10-01,0.87862714388,65.56908497672
Singapore,2005-11-01,0.8639693313,65.37740688437
Singapore,2005-12-01,0.87365658829,67.79529597336
Singapore,2006-01-01,0.90981771594,71.48325222644
Singapore,2006-02-01,0.90954354198,73.03660496187
Singapore,2006-03-01,0.91302445799,75.28941442183
Singapore,2006-04-01,0.93389320743,78.25113471211
Singapore,2006-05-01,0.94690025187,78.24405888618
Singapore,2006-06-01,0.94672379619,72.18550275829
Singapore,2006-07-01,0.95271460641,74.06991261849
Singapore,2006-08-01,0.95633228043,76.11491339913
Singapore,2006-09-01,0.93376242173,77.95288629479
Singapore,2006-10-01,0.91877056999,82.25649229714
Singapore,2006-11-01,0.92012112428,87.13338288169
Singapore,2006-12-01,0.92968572748,92.20812151499
Singapore,2007-01-01,0.91418924544,97.093812058
Singapore,2007-02-01,0.92333708847,102.56385341199
Singapore,2007-03-01,0.93689771063,100.3391005062
Singapore,2007-04-01,0.94741377052,108.461372939
Singapore,2007-05-01,0.94855804148,111.8339988214
Singapore,2007-06-01,0.94716917401,113.27661034825
Singapore,2007-07-01,0.96084166824,115.73983870618
Singapore,2007-08-01,0.958684377,106.87597355244
Singapore,2007-09-01,0.97458520578,114.02855470545
Singapore,2007-10-01,0.999532535,126.06256735422
Singapore,2007-11-01,1.02709815011,118.0453572362
Singapore,2007-12-01,1.02780018796,117.19838525289
Singapore,2008-01-01,1.03495915051,107.92697194367
Singapore,2008-02-01,1.04800145512,104.82350662121
Singapore,2008-03-01,1.07574778539,102.33115173365
Singapore,2008-04-01,1.09624563691,112.15909047092
Singapore,2008-05-01,1.12466492168,113.82596774429
Singapore,2008-06-01,1.15250574701,108.42090484525
Singapore,2008-07-01,1.17654577915,104.19782819451
Singapore,2008-08-01,1.12346224201,96.74712108528
Singapore,2008-09-01,1.07705870316,86.68524545934
Singapore,2008-10-01,0.98975723343,64.78161606822
Singapore,2008-11-01,0.91462487898,56.76541803765
Singapore,2008-12-01,0.90172258755,57.60929054688
Singapore,2009-01-01,0.90067382562,58.19782181252
Singapore,2009-02-01,0.88949581239,53.54352389534
Singapore,2009-03-01,0.88906360783,50.77667204978
Singapore,2009-04-01,0.9022058303,59.93060941042
Singapore,2009-05-01,0.92864515248,73.75328557263
Singapore,2009-06-01,0.95880033558,78.08755168105
Singapore,2009-07-01,0.95407681186,81.46479822686
Singapore,2009-08-01,0.9746123995,87.92749628804
Singapore,2009-09-01,0.97196313524,90.83348253064
Singapore,2009-10-01,0.99019480758,93.15763901334
Singapore,2009-11-01,1.00706564973,95.69169761053
Singapore,2009-12-01,0.99477014289,98.37168825829
Singapore,2010-01-01,1.0,100.0
Singapore,2010-02-01,0.98685060024,94.85383890756
Singapore,2010-03-01,0.99621204858,99.86708505182
Singapore,2010-04-01,1.01580472522,105.19422239585
Singapore,2010-05-01,0.99386302085,98.29594319762
Singapore,2010-06-01,0.98975226443,98.18948777325
Singapore,2010-07-01,0.99934735776,103.7990658705
Singapore,2010-08-01,1.01207865613,106.30304028915
Singapore,2010-09-01,1.02190562707,111.93965742303
Singapore,2010-10-01,1.05147502614,118.56879845151
Singapore,2010-11-01,1.06180556287,120.61451403822
Singapore,2010-12-01,1.07419708871,118.58467172069
Singapore,2011-01-01,1.10360718745,122.48964801799
Singapore,2011-02-01,1.13696742858,118.18519728152
Singapore,2011-03-01,1.1574235132,116.80109223011
Singapore,2011-04-01,1.18170007952,123.79176224901
Singapore,2011-05-01,1.16800920298,123.5447762333
Singapore,2011-06-01,1.16704480082,121.59560582859
Singapore,2011-07-01,1.17891961969,125.71041270067
Singapore,2011-08-01,1.17309853934,116.17367868255
Singapore,2011-09-01,1.15211521932,107.60332669152
Singapore,2011-10-01,1.15059323584,103.78486544678
Singapore,2011-11-01,1.14973127209,104.51887935269
Singapore,2011-12-01,1.1388199574,101.31154907819
Singapore,2012-01-01,1.17416559329,106.53316073652
Singapore,2012-02-01,1.19342291665,115.5865974549
Singapore,2012-03-01,1.20023559318,115.78494945436
Singapore,2012-04-01,1.19338180785,116.41707217579
Singapore,2012-05-01,1.15142694822,110.14368182623
Singapore,2012-06-01,1.10654994641,106.75107120083
Singapore,2012-07-01,1.12287890316,115.61910627932
Singapore,2012-08-01,1.15260432626,119.29205494809
Singapore,2012-09-01,1.17086781702,120.53361608528
Singapore,2012-10-01,1.15684517003,121.67929068836
Singapore,2012-11-01,1.14021981724,119.71342276123
Singapore,2012-12-01,1.13960366101,125.48523838797
Singapore,2013-01-01,1.1494676551,128.23209050169
Singapore,2013-02-01,1.15644678241,129.2924533746
Singapore,2013-03-01,1.13621672534,128.27228364258
Singapore,2013-04-01,1.1206809604,130.40922633454
Singapore,2013-05-01,1.10949977156,133.10431850106
Singapore,2013-06-01,1.1117899089,122.797110122
Singapore,2013-07-01,1.1092658568,123.47786817866
Singapore,2013-08-01,1.11381885791,120.838035191
Singapore,2013-09-01,1.1193083898,121.48542726969
Singapore,2013-10-01,1.1238652528,124.85409707098
Singapore,2013-11-01,1.12147255341,124.57769807927
Singapore,2013-12-01,1.12416343612,120.58871005205
Singapore,2014-01-01,1.1121499636,119.39821029701
Singapore,2014-02-01,1.11950781306,117.52742850441
Singapore,2014-03-01,1.11182449152,119.7713796982
Singapore,2014-04-01,1.11366891464,125.64879418622
Singapore,2014-05-01,1.11569623433,127.13615630331
Singapore,2014-06-01,1.11740547374,127.8999137917
Singapore,2014-07-01,1.11746329085,129.70963623357
Singapore,2014-08-01,1.10135529587,129.6177479439
Singapore,2014-09-01,1.07935513589,127.90982177684
Singapore,2014-10-01,1.0373158564,123.20813751852
Singapore,2014-11-01,0.9967025674,124.64845153133
Singapore,2014-12-01,0.93403932331,122.73752034636
Singapore,2015-01-01,0.87438720008,122.2655336651
Singapore,2015-02-01,0.90303887603,123.29091685276
Singapore,2015-03-01,0.88849415989,120.61389766974
Singapore,2015-04-01,0.90679268551,126.30466569171
Singapore,2015-05-01,0.93053624417,126.0268002248
Singapore,2015-06-01,0.91819615095,120.61020619263
Singapore,2015-07-01,0.88222189789,118.82165067382
Singapore,2015-08-01,0.84305260893,105.89241141568
Singapore,2015-09-01,0.83318932358,98.68288010969
Singapore,2015-10-01,0.83883739603,103.98907695568
Singapore,2015-11-01,0.8210670158,101.48569947361
Singapore,2015-12-01,0.79742618266,99.21802102747
Singapore,2016-01-01,0.76928817135,90.42275181446
Singapore,2016-02-01,0.77544626855,90.68434839822
Singapore,2016-03-01,0.80034088167,100.60389583775
Singapore,2016-04-01,0.81379755588,103.79529828189
Singapore,2016-05-01,0.82369806115,98.25127656222
Singapore,2016-06-01,0.83870966706,100.75254780972
Singapore,2016-07-01,0.82873435492,104.84055960335
Singapore,2016-08-01,0.82986049373,103.20868597509
Singapore,2016-09-01,0.83204923211,102.35967105614
Singapore,2016-10-01,0.84006361298,100.31918467137
Singapore,2016-11-01,0.82837267103,97.45823300925
Singapore,2016-12-01,0.84993248259,99.2537434199
Singapore,2017-01-01,0.85761933718,102.50426103588
Singapore,2017-02-01,0.86137152045,106.50977343007
Singapore,2017-03-01,0.84883619019,109.15946159839
Singapore,2017-04-01,0.86065687446,110.36158541181
Singapore,2017-05-01,0.85471061931,113.01922929164
Singapore,2017-06-01,0.84605871505,114.03581855192
Singapore,2017-07-01,0.85092680374,116.72497331092
Singapore,2017-08-01,0.86295394345,117.92185744116
Singapore,2017-09-01,0.87858757843,116.58892217104
Singapore,2017-10-01,0.88333516204,118.91985068992
Singapore,2017-11-01,0.89959397352,122.68295591142
Singapore,2017-12-01,0.90405507729,123.83984346059
Singapore,2018-01-01,0.91313350357,130.79272891067
Singapore,2018-02-01,0.90522705408,128.14335332085
Singapore,2018-03-01,0.9085602001,129.17409819837
Singapore,2018-04-01,0.92086217551,129.93474784062
Singapore,2018-05-01,0.93788946991,128.69344406387
Singapore,2018-06-01,0.9380178049,121.64179337711
Singapore,2018-07-01,0.94160365901,116.94385066175
Singapore,2018-08-01,0.94489163324,115.86359908756
Singapore,2018-09-01,0.95496831134,113.0247649579
Singapore,2018-10-01,0.9614147013,109.41959425085
Singapore,2018-11-01,0.93744673806,108.99193570938
Singapore,2018-12-01,0.90760680429,109.786244352
Singapore,2019-01-01,0.90475639584,113.89771220552
Singapore,2019-02-01,0.91623008413,116.64078142281
Singapore,2019-03-01,0.92726561501,115.63306533723
Singapore,2019-04-01,0.93330163785,119.97013049766
Singapore,2019-05-01,0.92515028123,114.80346408966
Singapore,2019-06-01,0.91505600869,116.09402969895
Singapore,2019-07-01,0.91945843358,120.31879209049
Singapore,2019-08-01,0.89730041943,110.58115422945
Singapore,2019-09-01,0.90218008845,111.39403217696
Singapore,2019-10-01,0.90186234313,111.51723150574
Singapore,2019-11-01,0.89797073821,115.86819855427
Singapore,2019-12-01,0.89431344044,114.99766382095
Singapore,2020-01-01,0.90159043663,116.86897390606
Singapore,2020-02-01,0.87768152242,111.28174660566
Singapore,2020-03-01,0.81675999864,90.80686090933
Singapore,2020-04-01,0.77655697233,87.37372474901
Singapore,2020-05-01,0.77670547581,87.78402885157
Singapore,2020-06-01,0.81615760708,93.18950432325
Singapore,2020-07-01,0.83546669881,92.02606009871
Singapore,2020-08-01,0.84552158489,90.70284433425
Singapore,2020-09-01,0.83775606663,89.05371146754
Singapore,2020-10-01,0.84099988607,90.47023739611
Singapore,2020-11-01,0.85493998063,98.43124288165
Singapore,2020-12-01,0.88044888242,103.93415754691
El Salvador,2005-01-01,0.83824475937,
El Salvador,2005-02-01,0.84116878029,
El Salvador,2005-03-01,0.84840718999,
El Salvador,2005-04-01,0.84776324843,
El Salvador,2005-05-01,0.84585186208,
El Salvador,2005-06-01,0.84997924733,
El Salvador,2005-07-01,0.85239548868,
El Salvador,2005-08-01,0.85546727803,
El Salvador,2005-09-01,0.85589149398,
El Salvador,2005-10-01,0.85580785296,
El Salvador,2005-11-01,0.85199002888,
El Salvador,2005-12-01,0.85386333229,
El Salvador,2006-01-01,0.87731114416,
El Salvador,2006-02-01,0.87754439861,
El Salvador,2006-03-01,0.87711556923,
El Salvador,2006-04-01,0.88276660978,
El Salvador,2006-05-01,0.8835574254,
El Salvador,2006-06-01,0.88317173337,
El Salvador,2006-07-01,0.88903922705,
El Salvador,2006-08-01,0.88927505552,
El Salvador,2006-09-01,0.88295711457,
El Salvador,2006-10-01,0.88316095067,
El Salvador,2006-11-01,0.88692537238,
El Salvador,2006-12-01,0.88874189588,
El Salvador,2007-01-01,0.92777124116,
El Salvador,2007-02-01,0.93285329891,
El Salvador,2007-03-01,0.93412763474,
El Salvador,2007-04-01,0.93507745537,
El Salvador,2007-05-01,0.93621278085,
El Salvador,2007-06-01,0.94255086382,
El Salvador,2007-07-01,0.94667965938,
El Salvador,2007-08-01,0.94625183693,
El Salvador,2007-09-01,0.95793082042,
El Salvador,2007-10-01,0.96599746892,
El Salvador,2007-11-01,0.97560452278,
El Salvador,2007-12-01,0.97905326517,
El Salvador,2008-01-01,1.04968752734,
El Salvador,2008-02-01,1.06543715396,
El Salvador,2008-03-01,1.08118318112,
El Salvador,2008-04-01,1.08746566555,
El Salvador,2008-05-01,1.09958783319,
El Salvador,2008-06-01,1.12397435955,
El Salvador,2008-07-01,1.12576673179,
El Salvador,2008-08-01,1.10697969438,
El Salvador,2008-09-01,1.09090325468,
El Salvador,2008-10-01,1.05328762939,
El Salvador,2008-11-01,1.02713288388,
El Salvador,2008-12-01,1.00926827237,
El Salvador,2009-01-01,0.96230568004,
El Salvador,2009-02-01,0.95458940004,
El Salvador,2009-03-01,0.95283141706,
El Salvador,2009-04-01,0.94917287127,
El Salvador,2009-05-01,0.95873129302,
El Salvador,2009-06-01,0.96700211405,
El Salvador,2009-07-01,0.95627991814,
El Salvador,2009-08-01,0.96079291031,
El Salvador,2009-09-01,0.95668803487,
El Salvador,2009-10-01,0.96404811987,
El Salvador,2009-11-01,0.96969057924,
El Salvador,2009-12-01,0.96780978793,
El Salvador,2010-01-01,1.0,
El Salvador,2010-02-01,0.99805321122,
El Salvador,2010-03-01,1.00450342271,
El Salvador,2010-04-01,1.00977291447,
El Salvador,2010-05-01,1.00493352422,
El Salvador,2010-06-01,1.00063201767,
El Salvador,2010-07-01,1.0020806228,
El Salvador,2010-08-01,1.01039648005,
El Salvador,2010-09-01,1.01919840708,
El Salvador,2010-10-01,1.03206895493,
El Salvador,2010-11-01,1.04084751619,
El Salvador,2010-12-01,1.05289604694,
El Salvador,2011-01-01,1.13698524512,
El Salvador,2011-02-01,1.15094090748,
El Salvador,2011-03-01,1.16165187834,
El Salvador,2011-04-01,1.17281999259,
El Salvador,2011-05-01,1.15780459365,
El Salvador,2011-06-01,1.15157122651,
El Salvador,2011-07-01,1.14875996997,
El Salvador,2011-08-01,1.14492941523,
El Salvador,2011-09-01,1.14261365526,
El Salvador,2011-10-01,1.13625585168,
El Salvador,2011-11-01,1.13888876314,
El Salvador,2011-12-01,1.13343924179,
El Salvador,2012-01-01,1.12641837861,
El Salvador,2012-02-01,1.13192848249,
El Salvador,2012-03-01,1.13790456091,
El Salvador,2012-04-01,1.1326614898,
El Salvador,2012-05-01,1.12252052679,
El Salvador,2012-06-01,1.11148341736,
El Salvador,2012-07-01,1.12858838646,
El Salvador,2012-08-01,1.13556527085,
El Salvador,2012-09-01,1.13496329451,
El Salvador,2012-10-01,1.13178790737,
El Salvador,2012-11-01,1.13085115986,
El Salvador,2012-12-01,1.12957509973,
El Salvador,2013-01-01,1.11877780832,
El Salvador,2013-02-01,1.11959891652,
El Salvador,2013-03-01,1.11573045795,
El Salvador,2013-04-01,1.1097211297,
El Salvador,2013-05-01,1.11170562911,
El Salvador,2013-06-01,1.10946425393,
El Salvador,2013-07-01,1.1095853523,
El Salvador,2013-08-01,1.10615954102,
El Salvador,2013-09-01,1.10226614969,
El Salvador,2013-10-01,1.10002200559,
El Salvador,2013-11-01,1.09650020031,
El Salvador,2013-12-01,1.09844135264,
El Salvador,2014-01-01,1.09390101335,
El Salvador,2014-02-01,1.09954949229,
El Salvador,2014-03-01,1.10275405806,
El Salvador,2014-04-01,1.10155716866,
El Salvador,2014-05-01,1.10108463821,
El Salvador,2014-06-01,1.09910886321,
El Salvador,2014-07-01,1.09366853748,
El Salvador,2014-08-01,1.09021761461,
El Salvador,2014-09-01,1.08518250672,
El Salvador,2014-10-01,1.07762972861,
El Salvador,2014-11-01,1.07167537848,
El Salvador,2014-12-01,1.05961839658,
El Salvador,2015-01-01,1.04391157338,
El Salvador,2015-02-01,1.04522825647,
El Salvador,2015-03-01,1.04250017095,
El Salvador,2015-04-01,1.04508812754,
El Salvador,2015-05-01,1.04561302007,
El Salvador,2015-06-01,1.04403686624,
El Salvador,2015-07-01,1.04048089666,
El Salvador,2015-08-01,1.0315222919,
El Salvador,2015-09-01,1.02978972336,
El Salvador,2015-10-01,1.02909720082,
El Salvador,2015-11-01,1.02464670738,
El Salvador,2015-12-01,1.01853968669,
El Salvador,2016-01-01,1.02715411259,
El Salvador,2016-02-01,,
El Salvador,2016-03-01,,
El Salvador,2016-04-01,,
El Salvador,2016-05-01,,
El Salvador,2016-06-01,,
El Salvador,2016-07-01,,
El Salvador,2016-08-01,,
El Salvador,2016-09-01,,
El Salvador,2016-10-01,,
El Salvador,2016-11-01,,
El Salvador,2016-12-01,,
El Salvador,2017-01-01,,
El Salvador,2017-02-01,,
El Salvador,2017-03-01,,
El Salvador,2017-04-01,,
El Salvador,2017-05-01,,
El Salvador,2017-06-01,,
El Salvador,2017-07-01,,
El Salvador,2017-08-01,,
El Salvador,2017-09-01,,
El Salvador,2017-10-01,,
El Salvador,2017-11-01,,
El Salvador,2017-12-01,,
El Salvador,2018-01-01,,
El Salvador,2018-02-01,,
El Salvador,2018-03-01,,
El Salvador,2018-04-01,,
El Salvador,2018-05-01,,
El Salvador,2018-06-01,,
El Salvador,2018-07-01,,
El Salvador,2018-08-01,,
El Salvador,2018-09-01,,
El Salvador,2018-10-01,,
El Salvador,2018-11-01,,
El Salvador,2018-12-01,,
El Salvador,2019-01-01,,
El Salvador,2019-02-01,,
El Salvador,2019-03-01,,
El Salvador,2019-04-01,,
El Salvador,2019-05-01,,
El Salvador,2019-06-01,,
El Salvador,2019-07-01,,
El Salvador,2019-08-01,,
El Salvador,2019-09-01,,
El Salvador,2019-10-01,,
El Salvador,2019-11-01,,
El Salvador,2019-12-01,,
El Salvador,2020-01-01,,
El Salvador,2020-02-01,,
El Salvador,2020-03-01,,
El Salvador,2020-04-01,,
El Salvador,2020-05-01,,
El Salvador,2020-06-01,,
El Salvador,2020-07-01,,
El Salvador,2020-08-01,,
El Salvador,2020-09-01,,
El Salvador,2020-10-01,,
El Salvador,2020-11-01,,
El Salvador,2020-12-01,,
Slovakia,2005-01-01,0.90971726372,126.80855383918
Slovakia,2005-02-01,0.87084789715,148.37166618087
Slovakia,2005-03-01,0.83607931225,185.44877377361
Slovakia,2005-04-01,0.84997421144,171.94336337501
Slovakia,2005-05-01,0.86000684747,163.44482295812
Slovakia,2005-06-01,0.87035777588,154.86233758796
Slovakia,2005-07-01,0.87385039174,160.03808735581
Slovakia,2005-08-01,0.88058847672,173.00555435287
Slovakia,2005-09-01,0.88979657695,168.49826855446
Slovakia,2005-10-01,0.91124147226,159.97160880101
Slovakia,2005-11-01,0.91562504853,152.49928111352
Slovakia,2005-12-01,0.90144224002,146.14540141828
Slovakia,2006-01-01,0.95072329006,146.72514490956
Slovakia,2006-02-01,0.90623059349,144.37819337229
Slovakia,2006-03-01,0.86487723948,143.98104390822
Slovakia,2006-04-01,0.88467950842,153.16709227367
Slovakia,2006-05-01,0.8960862205,150.30623062682
Slovakia,2006-06-01,0.90188398121,141.14598732018
Slovakia,2006-07-01,0.90993764838,140.96444640238
Slovakia,2006-08-01,0.91241783905,149.47230909141
Slovakia,2006-09-01,0.9145398684,151.02810172089
Slovakia,2006-10-01,0.93537177339,150.23319911042
Slovakia,2006-11-01,0.94326174442,152.04841802371
Slovakia,2006-12-01,0.92933722136,160.57653318578
Slovakia,2007-01-01,0.99710375868,158.03107705387
Slovakia,2007-02-01,0.95541049775,160.35206887023
Slovakia,2007-03-01,0.91339111426,161.97152537621
Slovakia,2007-04-01,0.93112773984,163.7648534292
Slovakia,2007-05-01,0.94526869572,156.92587477258
Slovakia,2007-06-01,0.95518371838,158.53438347258
Slovakia,2007-07-01,0.96301408275,168.35340834543
Slovakia,2007-08-01,0.9657060943,170.81806623346
Slovakia,2007-09-01,0.98485031216,176.54118137306
Slovakia,2007-10-01,1.02046230126,183.0347616506
Slovakia,2007-11-01,1.04025284867,191.7252794567
Slovakia,2007-12-01,1.02133679943,189.93548751438
Slovakia,2008-01-01,1.12071556025,193.73906543251
Slovakia,2008-02-01,1.08406202844,193.99197884516
Slovakia,2008-03-01,1.04325968933,207.86130961048
Slovakia,2008-04-01,1.06619654139,212.149094059
Slovakia,2008-05-01,1.09590742147,204.99083543219
Slovakia,2008-06-01,1.12656186968,202.16843409668
Slovakia,2008-07-01,1.13865600652,205.27415137189
Slovakia,2008-08-01,1.12709538599,199.34369998901
Slovakia,2008-09-01,1.12197370684,187.79281870992
Slovakia,2008-10-01,1.11751558285,162.02056873452
Slovakia,2008-11-01,1.09989554281,134.60838582648
Slovakia,2008-12-01,1.06181185693,138.99156106948
Slovakia,2009-01-01,1.03156925487,137.92942876018
Slovakia,2009-02-01,0.97994537206,126.57070669164
Slovakia,2009-03-01,0.92886363655,117.29379251627
Slovakia,2009-04-01,0.93662096399,131.02407942219
Slovakia,2009-05-01,0.9551704925,133.53982244744
Slovakia,2009-06-01,0.97150607491,146.30858549881
Slovakia,2009-07-01,0.97099337548,132.11932187633
Slovakia,2009-08-01,0.98172652026,129.75585095284
Slovakia,2009-09-01,0.98862551405,129.4829602534
Slovakia,2009-10-01,1.0207901121,127.24131678046
Slovakia,2009-11-01,1.03354015747,124.36170974088
Slovakia,2009-12-01,1.01519300366,120.40159153638
Slovakia,2010-01-01,1.0,100.0
Slovakia,2010-02-01,0.97116195633,95.29648113341
Slovakia,2010-03-01,0.97236369411,94.79323401787
Slovakia,2010-04-01,0.98151732748,93.76849029458
Slovakia,2010-05-01,0.93673195376,80.04040310283
Slovakia,2010-06-01,0.92481732667,74.69329170462
Slovakia,2010-07-01,0.9587850049,81.16500374879
Slovakia,2010-08-01,0.97518731707,83.65130250554
Slovakia,2010-09-01,0.98822976139,85.11187835261
Slovakia,2010-10-01,1.04376708982,91.56159879511
Slovakia,2010-11-01,1.03646415063,89.03174744899
Slovakia,2010-12-01,1.01659451212,87.7917238533
Slovakia,2011-01-01,1.04231679031,90.1951233725
Slovakia,2011-02-01,1.06829570374,94.28476598487
Slovakia,2011-03-01,1.10617154454,97.54121280178
Slovakia,2011-04-01,1.14941159403,103.85639597916
Slovakia,2011-05-01,1.14211175284,100.13701999018
Slovakia,2011-06-01,1.14912709077,95.7761846435
Slovakia,2011-07-01,1.14726804405,95.30134098923
Slovakia,2011-08-01,1.14929545804,95.26535122725
Slovakia,2011-09-01,1.11383555461,90.17108596754
Slovakia,2011-10-01,1.10761991072,89.05705775018
Slovakia,2011-11-01,1.09242528695,84.90824619795
Slovakia,2011-12-01,1.05668272175,82.23189847097
Slovakia,2012-01-01,1.00744340175,80.64562975597
Slovakia,2012-02-01,1.03512108582,80.92689061229
Slovakia,2012-03-01,1.03455666203,78.84575886254
Slovakia,2012-04-01,1.02906485922,77.11984630812
Slovakia,2012-05-01,0.99343126984,72.54343498146
Slovakia,2012-06-01,0.9659381126,70.48371697011
Slovakia,2012-07-01,0.94745970718,69.55166915941
Slovakia,2012-08-01,0.95801893105,70.40159206351
Slovakia,2012-09-01,0.99083365113,72.21171985494
Slovakia,2012-10-01,0.99332489403,72.76521345085
Slovakia,2012-11-01,0.98650812703,72.05421525227
Slovakia,2012-12-01,1.0069171001,73.85981696385
Slovakia,2013-01-01,1.01995893529,73.29919570457
Slovakia,2013-02-01,1.02421838476,70.85239928643
Slovakia,2013-03-01,0.99255024272,69.09739276643
Slovakia,2013-04-01,0.99012992726,69.81475119314
Slovakia,2013-05-01,0.9852433249,70.52120063565
Slovakia,2013-06-01,0.99956060318,74.58594354117
Slovakia,2013-07-01,0.9890630575,75.38063162297
Slovakia,2013-08-01,0.99793108968,77.93720706861
Slovakia,2013-09-01,0.99719108434,76.87637446895
Slovakia,2013-10-01,1.01549314335,78.66291573178
Slovakia,2013-11-01,1.00252010332,77.21600344095
Slovakia,2013-12-01,1.01290278046,78.56699436573
Slovakia,2014-01-01,1.00558924945,78.71055000096
Slovakia,2014-02-01,1.00882171809,83.59905494099
Slovakia,2014-03-01,1.01262364786,89.04221521177
Slovakia,2014-04-01,1.001509324,87.12256000057
Slovakia,2014-05-01,0.99177738899,83.6420625964
Slovakia,2014-06-01,0.9778691404,82.56839957526
Slovakia,2014-07-01,0.96694836012,82.66387617806
Slovakia,2014-08-01,0.94330853324,81.68233387981
Slovakia,2014-09-01,0.91755871044,79.32338427766
Slovakia,2014-10-01,0.9001041644,79.05839192244
Slovakia,2014-11-01,0.88007474308,80.67043336932
Slovakia,2014-12-01,0.85455238472,79.4337136851
Slovakia,2015-01-01,0.80584787858,76.52526866819
Slovakia,2015-02-01,0.7822222362,80.78196159895
Slovakia,2015-03-01,0.75763151902,77.87276834355
Slovakia,2015-04-01,0.76916377989,78.31800252209
Slovakia,2015-05-01,0.80051959975,80.24431536559
Slovakia,2015-06-01,0.79523329351,83.81403590848
Slovakia,2015-07-01,0.77528883073,82.37902498775
Slovakia,2015-08-01,0.78106212682,84.26615434798
Slovakia,2015-09-01,0.7838478121,87.63790791456
Slovakia,2015-10-01,0.77923555315,92.44708156316
Slovakia,2015-11-01,0.73731552338,94.24491651687
Slovakia,2015-12-01,0.74046168858,94.83808960338
Slovakia,2016-01-01,0.72847526699,95.53107653923
Slovakia,2016-02-01,0.73713670131,101.31958758684
Slovakia,2016-03-01,0.7336410972,106.13915834411
Slovakia,2016-04-01,0.74804852105,108.46098946416
Slovakia,2016-05-01,0.74215872542,107.05472931957
Slovakia,2016-06-01,0.74090889578,103.81433516653
Slovakia,2016-07-01,0.72796270016,100.65324005282
Slovakia,2016-08-01,0.74111193257,103.50845933215
Slovakia,2016-09-01,0.74326686198,105.18307992211
Slovakia,2016-10-01,0.73325300792,101.73468657982
Slovakia,2016-11-01,0.72309587285,98.48226522582
Slovakia,2016-12-01,0.71534679575,96.85838131253
Slovakia,2017-01-01,0.72270077382,98.09305007889
Slovakia,2017-02-01,0.72741395698,96.1566223804
Slovakia,2017-03-01,0.72597684959,96.1796371003
Slovakia,2017-04-01,0.73099386552,97.09230096588
Slovakia,2017-05-01,0.75104679676,99.7809577758
Slovakia,2017-06-01,0.75955924087,102.4969264737
Slovakia,2017-07-01,0.7795159526,113.16299716163
Slovakia,2017-08-01,0.79868675454,115.1888653397
Slovakia,2017-09-01,0.80674879142,114.83979848446
Slovakia,2017-10-01,0.79956595442,109.52409672082
Slovakia,2017-11-01,0.80446349257,110.64738504293
Slovakia,2017-12-01,0.81407324806,112.61485920497
Slovakia,2018-01-01,0.84649028798,121.02295110872
Slovakia,2018-02-01,0.84813654732,121.60992235273
Slovakia,2018-03-01,0.84583472476,121.5372673415
Slovakia,2018-04-01,0.8416735001,121.47501054092
Slovakia,2018-05-01,0.82060284505,114.66781276999
Slovakia,2018-06-01,0.8129457818,112.47108140366
Slovakia,2018-07-01,0.81658596307,114.83606218021
Slovakia,2018-08-01,0.80378723102,114.18372739002
Slovakia,2018-09-01,0.81442086304,114.8602588712
Slovakia,2018-10-01,0.8071497896,112.26900684847
Slovakia,2018-11-01,0.78867459923,110.52716848276
Slovakia,2018-12-01,0.78425742409,111.32058023663
Slovakia,2019-01-01,0.78403069903,111.71763263165
Slovakia,2019-02-01,0.77775651682,112.33628326472
Slovakia,2019-03-01,0.76834343572,114.2097560269
Slovakia,2019-04-01,0.76681426307,116.74358878791
Slovakia,2019-05-01,0.76459239457,115.57370046837
Slovakia,2019-06-01,0.7651307234,114.30368406553
Slovakia,2019-07-01,0.75580174312,112.43045010928
Slovakia,2019-08-01,0.74674311435,112.71379043409
Slovakia,2019-09-01,0.73755025765,110.29801477536
Slovakia,2019-10-01,0.7386400177,111.97640888591
Slovakia,2019-11-01,0.74486564777,111.02267151128
Slovakia,2019-12-01,0.74605082614,113.17457318721
Slovakia,2020-01-01,0.74619276261,113.63304497449
Slovakia,2020-02-01,0.7260193373,113.28147146694
Slovakia,2020-03-01,0.71829424543,109.38311471515
Slovakia,2020-04-01,0.6962051114,103.94664045603
Slovakia,2020-05-01,0.7004656827,109.44259513596
Slovakia,2020-06-01,0.72984955667,118.14613476985
Slovakia,2020-07-01,0.74421965846,111.94889636567
Slovakia,2020-08-01,0.76717934922,115.77976907894
Slovakia,2020-09-01,0.76178114438,122.80067933525
Slovakia,2020-10-01,0.76334935723,121.02563463748
Slovakia,2020-11-01,0.7717830549,119.64357322764
Slovakia,2020-12-01,0.80020892032,123.35871693754
Slovenia,2005-01-01,0.86086917666,85.31810224812
Slovenia,2005-02-01,0.86328806294,85.72059164752
Slovenia,2005-03-01,0.86668488211,83.47892792011
Slovenia,2005-04-01,0.86761602874,79.544856787
Slovenia,2005-05-01,0.86742681214,76.74793335911
Slovenia,2005-06-01,0.86748588548,71.54241143328
Slovenia,2005-07-01,0.86506871734,69.85343629334
Slovenia,2005-08-01,0.86486459253,73.72503759365
Slovenia,2005-09-01,0.86454673457,73.88830825699
Slovenia,2005-10-01,0.86525957289,73.2853241663
Slovenia,2005-11-01,0.86527824212,75.86220923074
Slovenia,2005-12-01,0.86595655923,78.23591854704
Slovenia,2006-01-01,0.88751688237,80.92942136812
Slovenia,2006-02-01,0.8884432497,80.72256290897
Slovenia,2006-03-01,0.88808713575,81.51375841858
Slovenia,2006-04-01,0.88943527002,92.12156749415
Slovenia,2006-05-01,0.88793150093,102.29682288889
Slovenia,2006-06-01,0.88754081274,102.5355033003
Slovenia,2006-07-01,0.89038089224,107.43595401282
Slovenia,2006-08-01,0.89036387402,111.81943179023
Slovenia,2006-09-01,0.88945085066,114.17633730471
Slovenia,2006-10-01,0.8895648408,119.22966305753
Slovenia,2006-11-01,0.89039550117,125.93483671913
Slovenia,2006-12-01,0.89071292596,134.66349523686
Slovenia,2007-01-01,0.93893764812,144.64073003601
Slovenia,2007-02-01,0.94024779217,151.57232521838
Slovenia,2007-03-01,0.94030817152,149.66414486615
Slovenia,2007-04-01,0.94111376437,168.73032009872
Slovenia,2007-05-01,0.94185735842,185.32304711333
Slovenia,2007-06-01,0.94294167014,199.98674069758
Slovenia,2007-07-01,0.94363539678,228.70244031196
Slovenia,2007-08-01,0.9443582949,244.58418226852
Slovenia,2007-09-01,0.94761792015,252.33113487663
Slovenia,2007-10-01,0.95268325687,252.70750694547
Slovenia,2007-11-01,0.95625176813,251.66409346947
Slovenia,2007-12-01,0.9568136818,254.50826280663
Slovenia,2008-01-01,1.02853905511,240.90786750633
Slovenia,2008-02-01,1.04323615875,225.13486159553
Slovenia,2008-03-01,1.04977683996,222.50873316036
Slovenia,2008-04-01,1.04990028785,199.37141549324
Slovenia,2008-05-01,1.05585710243,206.35796176442
Slovenia,2008-06-01,1.07707120421,194.32160540319
Slovenia,2008-07-01,1.08296907175,185.77176241606
Slovenia,2008-08-01,1.07983221449,176.81381697981
Slovenia,2008-09-01,1.07429182019,151.02849195564
Slovenia,2008-10-01,1.06156547251,114.3495147912
Slovenia,2008-11-01,1.04868395771,93.51936945082
Slovenia,2008-12-01,1.03597243163,83.5993926329
Slovenia,2009-01-01,0.98129669629,82.37726522858
Slovenia,2009-02-01,0.97984671912,80.31768285217
Slovenia,2009-03-01,0.97035262239,76.37117059268
Slovenia,2009-04-01,0.96055878877,78.85043076243
Slovenia,2009-05-01,0.96157919051,92.22245293317
Slovenia,2009-06-01,0.96256431748,101.46693251916
Slovenia,2009-07-01,0.96073091576,99.27511777384
Slovenia,2009-08-01,0.96311260375,101.97899916059
Slovenia,2009-09-01,0.96253697455,106.00222042119
Slovenia,2009-10-01,0.96429202656,111.06251613088
Slovenia,2009-11-01,0.96536275418,107.88166594031
Slovenia,2009-12-01,0.9662399951,100.58094369607
Slovenia,2010-01-01,1.0,100.0
Slovenia,2010-02-01,1.00017524824,93.86108133519
Slovenia,2010-03-01,1.00501793627,89.06555820267
Slovenia,2010-04-01,1.01214351983,90.01339715518
Slovenia,2010-05-01,1.0147019133,79.16781620085
Slovenia,2010-06-01,1.0123945162,74.14374917261
Slovenia,2010-07-01,1.00993911096,74.50716743065
Slovenia,2010-08-01,1.0122029527,73.48932121185
Slovenia,2010-09-01,1.01575262993,74.92163665325
Slovenia,2010-10-01,1.01899836421,80.34139085616
Slovenia,2010-11-01,1.0215121598,81.06056201895
Slovenia,2010-12-01,1.02545260975,76.91596435054
Slovenia,2011-01-01,1.11085454465,78.23463355472
Slovenia,2011-02-01,1.11495020603,79.3075409654
Slovenia,2011-03-01,1.11962002447,79.7386214066
Slovenia,2011-04-01,1.12467874566,80.47361889603
Slovenia,2011-05-01,1.12223073281,76.58671559927
Slovenia,2011-06-01,1.12107264524,75.89395377323
Slovenia,2011-07-01,1.12105537015,73.49677690815
Slovenia,2011-08-01,1.12183692104,67.47508350088
Slovenia,2011-09-01,1.12123854265,60.35223971712
Slovenia,2011-10-01,1.11614320953,60.18150503411
Slovenia,2011-11-01,1.11234822383,58.59015131566
Slovenia,2011-12-01,1.11030504995,54.06771261307
Slovenia,2012-01-01,1.09813613052,52.20949950288
Slovenia,2012-02-01,1.09879683616,52.47119421129
Slovenia,2012-03-01,1.09791740919,53.05266944061
Slovenia,2012-04-01,1.09646952803,55.10715122617
Slovenia,2012-05-01,1.09351447938,51.02164103861
Slovenia,2012-06-01,1.09116030092,46.97251033999
Slovenia,2012-07-01,1.09327006253,44.19274955506
Slovenia,2012-08-01,1.09212132873,43.95501105928
Slovenia,2012-09-01,1.09327594622,48.00893071018
Slovenia,2012-10-01,1.09229538912,53.61905172949
Slovenia,2012-11-01,1.09179947644,52.46130003526
Slovenia,2012-12-01,1.09260439741,55.48934579463
Slovenia,2013-01-01,1.08003352894,60.17937551389
Slovenia,2013-02-01,1.07917426321,59.1443271972
Slovenia,2013-03-01,1.0771635853,55.13825206161
Slovenia,2013-04-01,1.0758350598,54.63487266704
Slovenia,2013-05-01,1.07478243105,55.76930714289
Slovenia,2013-06-01,1.07215576856,56.29330752538
Slovenia,2013-07-01,1.07080755904,56.28935172171
Slovenia,2013-08-01,1.07115989568,59.3550988774
Slovenia,2013-09-01,1.0706651009,57.24561336306
Slovenia,2013-10-01,1.07028614613,58.12659328092
Slovenia,2013-11-01,1.06962056471,60.52274030686
Slovenia,2013-12-01,1.06962441028,60.83057154685
Slovenia,2014-01-01,1.06730238689,65.4461442718
Slovenia,2014-02-01,1.06936587347,66.52784713492
Slovenia,2014-03-01,1.07176558717,68.00397176663
Slovenia,2014-04-01,1.07162622913,72.54897160126
Slovenia,2014-05-01,1.07039348891,72.60274841058
Slovenia,2014-06-01,1.06921757792,75.75955685694
Slovenia,2014-07-01,1.07024261595,74.46404977928
Slovenia,2014-08-01,1.07204102226,74.52296374735
Slovenia,2014-09-01,1.07104199205,73.93844724231
Slovenia,2014-10-01,1.0708901855,71.82279248199
Slovenia,2014-11-01,1.06922431492,70.8052774556
Slovenia,2014-12-01,1.06720462699,66.88463566522
Slovenia,2015-01-01,1.06371187542,63.30025538543
Slovenia,2015-02-01,1.06112335575,61.73487410953
Slovenia,2015-03-01,1.05899670865,60.43341421496
Slovenia,2015-04-01,1.05910564028,61.1715630879
Slovenia,2015-05-01,1.05846428143,62.33201520635
Slovenia,2015-06-01,1.05787906664,59.68581893809
Slovenia,2015-07-01,1.05707827196,56.22914899947
Slovenia,2015-08-01,1.05677251238,56.3562127147
Slovenia,2015-09-01,1.05542472598,52.73424911165
Slovenia,2015-10-01,1.05469867366,52.9253502235
Slovenia,2015-11-01,1.0530552958,52.23972577017
Slovenia,2015-12-01,1.05259252537,52.23473875435
Slovenia,2016-01-01,1.06844938687,51.27505945791
Slovenia,2016-02-01,,52.2844999514
Slovenia,2016-03-01,,54.83469438276
Slovenia,2016-04-01,,56.60198402375
Slovenia,2016-05-01,,55.72597064335
Slovenia,2016-06-01,,53.75936342396
Slovenia,2016-07-01,,53.97334083482
Slovenia,2016-08-01,,56.18343878412
Slovenia,2016-09-01,,57.57016933922
Slovenia,2016-10-01,,56.45031066024
Slovenia,2016-11-01,,53.60186379393
Slovenia,2016-12-01,,51.62325514528
Slovenia,2017-01-01,,54.36676095843
Slovenia,2017-02-01,,56.42318383915
Slovenia,2017-03-01,,58.7182245886
Slovenia,2017-04-01,,58.06298023719
Slovenia,2017-05-01,,60.28460198266
Slovenia,2017-06-01,,61.97398949619
Slovenia,2017-07-01,,64.47818874268
Slovenia,2017-08-01,,66.76166591069
Slovenia,2017-09-01,,66.64345897653
Slovenia,2017-10-01,,65.90633179566
Slovenia,2017-11-01,,64.27095599253
Slovenia,2017-12-01,,64.88543696278
Slovenia,2018-01-01,,70.36096282983
Slovenia,2018-02-01,,70.08363393151
Slovenia,2018-03-01,,70.34150777943
Slovenia,2018-04-01,,71.1255188677
Slovenia,2018-05-01,,72.41797716336
Slovenia,2018-06-01,,72.39008815365
Slovenia,2018-07-01,,71.81328360143
Slovenia,2018-08-01,,70.34979931953
Slovenia,2018-09-01,,69.2617810034
Slovenia,2018-10-01,,65.67166914047
Slovenia,2018-11-01,,64.32003068395
Slovenia,2018-12-01,,63.46212197206
Slovenia,2019-01-01,,65.49439484965
Slovenia,2019-02-01,,66.19465042792
Slovenia,2019-03-01,,68.23791069649
Slovenia,2019-04-01,,68.5719445762
Slovenia,2019-05-01,,67.81696740918
Slovenia,2019-06-01,,69.17044162504
Slovenia,2019-07-01,,68.49605411248
Slovenia,2019-08-01,,66.65831070162
Slovenia,2019-09-01,,65.33873906031
Slovenia,2019-10-01,,66.57607235458
Slovenia,2019-11-01,,67.72490669265
Slovenia,2019-12-01,,70.70689743942
Slovenia,2020-01-01,,74.09202148797
Slovenia,2020-02-01,,73.13885763731
Slovenia,2020-03-01,,60.02951443114
Slovenia,2020-04-01,,58.61875446477
Slovenia,2020-05-01,,61.47385374535
Slovenia,2020-06-01,,67.21988038078
Slovenia,2020-07-01,,68.23097584484
Slovenia,2020-08-01,,70.17343727984
Slovenia,2020-09-01,,69.23479889957
Slovenia,2020-10-01,,67.79947794301
Slovenia,2020-11-01,,69.66186516226
Slovenia,2020-12-01,,75.47827336034
Sweden,2005-01-01,0.90062308783,77.8636622231
Sweden,2005-02-01,0.86099917917,79.56501276406
Sweden,2005-03-01,0.8738433699,82.25757489927
Sweden,2005-04-01,0.89254533244,80.36496618404
Sweden,2005-05-01,0.93110588762,77.55576520823
Sweden,2005-06-01,0.92544399672,76.97814330695
Sweden,2005-07-01,0.91802850534,78.84049577356
Sweden,2005-08-01,0.96553428849,82.7335294849
Sweden,2005-09-01,0.92091075293,83.79369293034
Sweden,2005-10-01,0.96582344601,81.9640372971
Sweden,2005-11-01,0.99591448399,82.0640066817
Sweden,2005-12-01,1.02595888367,87.46291783226
Sweden,2006-01-01,0.99588650101,92.81543546122
Sweden,2006-02-01,1.02925154839,94.04976921893
Sweden,2006-03-01,1.04592940825,98.96751705635
Sweden,2006-04-01,1.09700768599,105.34898096454
Sweden,2006-05-01,1.12567159167,103.46781956997
Sweden,2006-06-01,1.12858182225,96.09849847165
Sweden,2006-07-01,1.1431702858,97.71791069636
Sweden,2006-08-01,1.16478247892,100.97402776127
Sweden,2006-09-01,1.09287553168,105.80860918367
Sweden,2006-10-01,1.02599619431,110.84332874971
Sweden,2006-11-01,0.90281508843,117.51491128042
Sweden,2006-12-01,0.84653197523,124.48992134476
Sweden,2007-01-01,0.82103947467,127.65042711477
Sweden,2007-02-01,0.82363256473,130.88261995484
Sweden,2007-03-01,0.78036154018,129.05269731679
Sweden,2007-04-01,0.79891426013,141.12000656407
Sweden,2007-05-01,0.82126333856,141.6163411875
Sweden,2007-06-01,0.87343295276,139.10378406335
Sweden,2007-07-01,0.85941347661,145.61010697228
Sweden,2007-08-01,0.88122155063,132.69831062318
Sweden,2007-09-01,0.93636668905,135.47249839393
Sweden,2007-10-01,0.93689836579,142.34285188221
Sweden,2007-11-01,0.93198268786,132.78521223887
Sweden,2007-12-01,0.95530184315,128.88997719962
Sweden,2008-01-01,0.9224684725,116.50416568221
Sweden,2008-02-01,0.94842735617,116.1003109534
Sweden,2008-03-01,0.91925975673,119.1771683921
Sweden,2008-04-01,0.93098462801,125.16790303417
Sweden,2008-05-01,0.93211327513,127.87537519604
Sweden,2008-06-01,0.86474889934,117.76141129865
Sweden,2008-07-01,0.86608275502,106.5516558957
Sweden,2008-08-01,0.91252518469,104.06834052214
Sweden,2008-09-01,0.91508096411,92.34090809952
Sweden,2008-10-01,0.95277404671,66.38419161696
Sweden,2008-11-01,0.98428288934,58.7522374927
Sweden,2008-12-01,0.97307103947,58.94849649579
Sweden,2009-01-01,0.993843743,57.7314766848
Sweden,2009-02-01,1.00695843594,55.20698784774
Sweden,2009-03-01,1.04744048952,54.67387382518
Sweden,2009-04-01,1.06144131035,64.84725001202
Sweden,2009-05-01,1.10275352586,73.74622298638
Sweden,2009-06-01,1.07683195284,73.53375736782
Sweden,2009-07-01,1.06920192523,77.4168004037
Sweden,2009-08-01,1.06883814641,89.80898844351
Sweden,2009-09-01,1.07163644504,94.48334927999
Sweden,2009-10-01,1.0256790538,96.27309760389
Sweden,2009-11-01,1.02278747855,100.96593405461
Sweden,2009-12-01,1.01076412208,98.52824950284
Sweden,2010-01-01,1.0,100.0
Sweden,2010-02-01,0.99284568316,96.67541141656
Sweden,2010-03-01,1.03676031639,104.70498264738
Sweden,2010-04-01,1.02119244832,108.29042696273
Sweden,2010-05-01,1.01677113648,93.88025111125
Sweden,2010-06-01,0.95710208193,95.08159127617
Sweden,2010-07-01,0.95262480412,101.87230107207
Sweden,2010-08-01,0.95574957093,104.39915448355
Sweden,2010-09-01,0.997957242,112.11025199692
Sweden,2010-10-01,0.98856428625,121.27453409939
Sweden,2010-11-01,0.98491717036,119.30638154647
Sweden,2010-12-01,0.97907805388,124.81181782999
Sweden,2011-01-01,1.00356316693,130.49768998977
Sweden,2011-02-01,1.01816095814,130.57264391496
Sweden,2011-03-01,1.03182598314,131.33697610105
Sweden,2011-04-01,0.98967427804,138.28292271619
Sweden,2011-05-01,0.97048727707,138.33406284868
Sweden,2011-06-01,0.9578482949,128.72596483404
Sweden,2011-07-01,0.97167189016,127.46147332647
Sweden,2011-08-01,0.97583202746,108.22782855886
Sweden,2011-09-01,0.98082232669,100.39191046573
Sweden,2011-10-01,0.99981344676,104.60455939828
Sweden,2011-11-01,0.99948697858,102.41784977045
Sweden,2011-12-01,0.97340683531,102.41309488899
Sweden,2012-01-01,1.0060070144,109.65347041664
Sweden,2012-02-01,1.00728490411,119.72240964657
Sweden,2012-03-01,0.99532684128,119.60164547011
Sweden,2012-04-01,1.00999925379,114.72657421165
Sweden,2012-05-01,0.9809435863,105.086577364
Sweden,2012-06-01,1.00590441012,101.70792902704
Sweden,2012-07-01,0.98779009029,108.35056174642
Sweden,2012-08-01,0.96285724946,115.61000473953
Sweden,2012-09-01,0.96390194762,118.64148048763
Sweden,2012-10-01,0.926236848,116.69738241966
Sweden,2012-11-01,0.90704051936,115.16565106449
Sweden,2012-12-01,0.87497201701,121.42042868855
Sweden,2013-01-01,0.83362249086,128.60470490427
Sweden,2013-02-01,0.78228303858,135.85086406308
Sweden,2013-03-01,0.77979255279,137.00120977633
Sweden,2013-04-01,0.76761995373,133.12093604343
Sweden,2013-05-01,0.76135176479,136.07441699466
Sweden,2013-06-01,0.79929669428,131.29266198245
Sweden,2013-07-01,0.7935788374,134.42487862516
Sweden,2013-08-01,0.75138049399,140.22186067123
Sweden,2013-09-01,0.74895530184,144.49200639337
Sweden,2013-10-01,0.76480299978,147.04470570435
Sweden,2013-11-01,0.75946757705,145.99573882381
Sweden,2013-12-01,0.72353742258,146.6787291576
Sweden,2014-01-01,0.73055182449,153.68431886275
Sweden,2014-02-01,0.70933139318,154.89548462773
Sweden,2014-03-01,0.71576748004,159.33273688907
Sweden,2014-04-01,0.7409894784,157.44118587054
Sweden,2014-05-01,0.75153906425,159.6758773547
Sweden,2014-06-01,0.7443381091,158.59429302944
Sweden,2014-07-01,0.74954294456,155.22423516337
Sweden,2014-08-01,0.72237146482,150.19073938558
Sweden,2014-09-01,0.74482314753,147.51244745252
Sweden,2014-10-01,0.73489851504,139.05410309814
Sweden,2014-11-01,0.72680210432,145.49520533759
Sweden,2014-12-01,0.71022684874,143.93152249458
Sweden,2015-01-01,0.72709126185,139.39274226608
Sweden,2015-02-01,0.75485971196,148.64794130683
Sweden,2015-03-01,0.74560667114,148.90113239146
Sweden,2015-04-01,0.73865756287,149.84580035726
Sweden,2015-05-01,0.7369506007,150.40530673845
Sweden,2015-06-01,0.75343257966,148.22546290155
Sweden,2015-07-01,0.75807775539,143.58753709083
Sweden,2015-08-01,0.79677822551,141.55403258264
Sweden,2015-09-01,0.80744907096,136.28492321284
Sweden,2015-10-01,0.81730840982,138.98663068718
Sweden,2015-11-01,0.80209499291,139.2681148327
Sweden,2015-12-01,0.79796283859,138.91079400825
Sweden,2016-01-01,0.81683269905,128.3907556753
Sweden,2016-02-01,0.85979591075,127.96242161591
Sweden,2016-03-01,0.84475039176,135.97301996547
Sweden,2016-04-01,0.83970412656,140.24685288802
Sweden,2016-05-01,0.83318409074,136.0276715272
Sweden,2016-06-01,0.83002201328,133.18426956291
Sweden,2016-07-01,0.83157973286,132.59954864694
Sweden,2016-08-01,0.83452727408,138.79294084578
Sweden,2016-09-01,0.80913737781,140.89640662795
Sweden,2016-10-01,0.84461980449,137.98757451814
Sweden,2016-11-01,0.82819379151,131.14607751951
Sweden,2016-12-01,0.80713193045,135.12610631958
Sweden,2017-01-01,,140.79847111234
Sweden,2017-02-01,,146.06225402127
Sweden,2017-03-01,,147.14718306082
Sweden,2017-04-01,,148.17544079459
Sweden,2017-05-01,,156.60799006184
Sweden,2017-06-01,,159.72960174749
Sweden,2017-07-01,,162.48484382242
Sweden,2017-08-01,,161.93937683176
Sweden,2017-09-01,,166.17728509873
Sweden,2017-10-01,,168.99855151304
Sweden,2017-11-01,,163.31203502505
Sweden,2017-12-01,,160.84447746484
Sweden,2018-01-01,,171.43728325063
Sweden,2018-02-01,,164.57013081378
Sweden,2018-03-01,,160.77070604263
Sweden,2018-04-01,,156.55743026046
Sweden,2018-05-01,,156.54728066763
Sweden,2018-06-01,,153.38352730133
Sweden,2018-07-01,,154.23526883326
Sweden,2018-08-01,,155.7296881078
Sweden,2018-09-01,,159.14866542811
Sweden,2018-10-01,,149.61502170636
Sweden,2018-11-01,,144.25485749899
Sweden,2018-12-01,,139.73901393188
Sweden,2019-01-01,,143.44815129881
Sweden,2019-02-01,,147.39228623267
Sweden,2019-03-01,,149.19882188522
Sweden,2019-04-01,,154.11989640695
Sweden,2019-05-01,,146.57118333119
Sweden,2019-06-01,,150.72649750575
Sweden,2019-07-01,,154.28326943521
Sweden,2019-08-01,,144.30795844569
Sweden,2019-09-01,,149.2947964974
Sweden,2019-10-01,,151.20212044072
Sweden,2019-11-01,,160.0569534338
Sweden,2019-12-01,,166.47213387729
Sweden,2020-01-01,,171.16973508777
Sweden,2020-02-01,,171.3804873313
Sweden,2020-03-01,,133.16063696661
Sweden,2020-04-01,,134.28808695356
Sweden,2020-05-01,,144.96603289733
Sweden,2020-06-01,,163.12054938797
Sweden,2020-07-01,,176.27617632112
Sweden,2020-08-01,,187.94007215124
Sweden,2020-09-01,,189.2118510302
Sweden,2020-10-01,,192.15573839568
Sweden,2020-11-01,,201.81498767089
Sweden,2020-12-01,,213.08238601418
Thailand,2005-01-01,0.75680501531,81.93889968375
Thailand,2005-02-01,0.75805243867,86.17270979497
Thailand,2005-03-01,0.76610762133,83.02832117718
Thailand,2005-04-01,0.77116426487,77.8781834296
Thailand,2005-05-01,0.76957792335,76.71306735676
Thailand,2005-06-01,0.77746880928,75.72504720991
Thailand,2005-07-01,0.7903724314,71.44258161071
Thailand,2005-08-01,0.80053250455,75.54430013976
Thailand,2005-09-01,0.80423131772,79.21951168074
Thailand,2005-10-01,0.80145726214,77.47043573078
Thailand,2005-11-01,0.7950853317,75.45500355895
Thailand,2005-12-01,0.80027968389,76.73415470454
Thailand,2006-01-01,0.80436531946,86.35365335928
Thailand,2006-02-01,0.80716080252,85.20282816074
Thailand,2006-03-01,0.81271222025,85.73405572981
Thailand,2006-04-01,0.82613523937,91.31069100606
Thailand,2006-05-01,0.83763785242,89.33279906663
Thailand,2006-06-01,0.83951676652,79.65577523545
Thailand,2006-07-01,0.84833811007,81.34749916241
Thailand,2006-08-01,0.8563718256,84.46973608956
Thailand,2006-09-01,0.85162503963,84.23091619479
Thailand,2006-10-01,0.8363769521,86.41426944727
Thailand,2006-11-01,0.83872557884,91.17950262568
Thailand,2006-12-01,0.84162896353,90.37046554492
Thailand,2007-01-01,0.84423878862,83.2696622741
Thailand,2007-02-01,0.83545103694,87.11304216145
Thailand,2007-03-01,0.83987929474,87.31237477857
Thailand,2007-04-01,0.85726944033,89.92611495398
Thailand,2007-05-01,0.86338704057,94.41790677914
Thailand,2007-06-01,0.8670629312,99.87916587419
Thailand,2007-07-01,0.88405991511,114.49784329031
Thailand,2007-08-01,0.88544618181,106.00914973772
Thailand,2007-09-01,0.89153257841,108.34187848409
Thailand,2007-10-01,0.90758079659,116.69743068453
Thailand,2007-11-01,0.92851765988,114.17668432953
Thailand,2007-12-01,0.94055098737,111.92092155051
Thailand,2008-01-01,0.95274391371,107.29203702628
Thailand,2008-02-01,0.96480853328,114.54643065542
Thailand,2008-03-01,0.97919692477,118.17287430977
Thailand,2008-04-01,0.99669091154,119.74429269411
Thailand,2008-05-01,1.01495339635,120.75121530085
Thailand,2008-06-01,1.03485885351,107.37512222205
Thailand,2008-07-01,1.05225207652,95.32650889087
Thailand,2008-08-01,1.03196443717,92.13134960935
Thailand,2008-09-01,1.0016157722,84.00737730412
Thailand,2008-10-01,0.96939721177,63.39657502689
Thailand,2008-11-01,0.94573160903,55.11443208405
Thailand,2008-12-01,0.91851798759,55.5588681925
Thailand,2009-01-01,0.89989384545,57.88442687103
Thailand,2009-02-01,0.8917077532,56.19179722997
Thailand,2009-03-01,0.89769075756,53.9966305152
Thailand,2009-04-01,0.90710368492,58.88734180969
Thailand,2009-05-01,0.92584521349,71.39692561837
Thailand,2009-06-01,0.95231308598,79.22740887387
Thailand,2009-07-01,0.95047958361,79.69498869783
Thailand,2009-08-01,0.97025843337,86.3206107545
Thailand,2009-09-01,0.97215082517,94.11611747985
Thailand,2009-10-01,0.98038370131,98.17393149786
Thailand,2009-11-01,0.99294931012,94.78451011168
Thailand,2009-12-01,0.99966873024,97.82037631148
Thailand,2010-01-01,1.0,100.0
Thailand,2010-02-01,1.00010375431,95.93786473651
Thailand,2010-03-01,1.0058204827,105.43534829388
Thailand,2010-04-01,1.02001969221,108.266809577
Thailand,2010-05-01,1.02005066467,106.7096796809
Thailand,2010-06-01,1.01737782154,109.29773237669
Thailand,2010-07-01,1.02042822793,116.36922410173
Thailand,2010-08-01,1.03154199573,126.15219820587
Thailand,2010-09-01,1.036799329,138.05299592291
Thailand,2010-10-01,1.05428944453,149.03318299898
Thailand,2010-11-01,1.06190558807,154.42032434417
Thailand,2010-12-01,1.07752669092,154.88518915846
Thailand,2011-01-01,1.08820267216,150.38004248764
Thailand,2011-02-01,1.10247885822,144.63553890064
Thailand,2011-03-01,1.12210763838,152.12332739222
Thailand,2011-04-01,1.14346703397,165.07171772963
Thailand,2011-05-01,1.15012479259,160.97981911742
Thailand,2011-06-01,1.14696271253,153.11657573717
Thailand,2011-07-01,1.15713645429,166.12422159821
Thailand,2011-08-01,1.16294321086,163.72377786766
Thailand,2011-09-01,1.15707872755,151.02322186286
Thailand,2011-10-01,1.15948507971,136.89457109767
Thailand,2011-11-01,1.16165837814,143.17832591201
Thailand,2011-12-01,1.16066491813,150.22406550383
Thailand,2012-01-01,1.16735274179,151.99810121786
Thailand,2012-02-01,1.17718811259,165.97998504653
Thailand,2012-03-01,1.17954966051,174.50453914537
Thailand,2012-04-01,1.18266847255,175.0273679969
Thailand,2012-05-01,1.17585046594,169.59428530426
Thailand,2012-06-01,1.15766699602,165.12100433726
Thailand,2012-07-01,1.15853735333,172.13485939376
Thailand,2012-08-01,1.1581497902,176.75065447732
Thailand,2012-09-01,1.16489993045,185.70003959125
Thailand,2012-10-01,1.16156551345,192.18795255335
Thailand,2012-11-01,1.16040290692,191.16003922778
Thailand,2012-12-01,1.15355462784,202.04323335599
Thailand,2013-01-01,1.15205090748,217.00046027227
Thailand,2013-02-01,1.153215725,230.92975791826
Thailand,2013-03-01,1.15258859366,239.58285826519
Thailand,2013-04-01,1.14510868052,240.47505890213
Thailand,2013-05-01,1.13535280717,245.62517925582
Thailand,2013-06-01,1.12896787924,214.5003235133
Thailand,2013-07-01,1.12778456917,211.71739099953
Thailand,2013-08-01,1.13763486835,199.54499402704
Thailand,2013-09-01,1.14254886706,200.90747150277
Thailand,2013-10-01,1.1458043669,210.55124030271
Thailand,2013-11-01,1.14137425262,200.5644472207
Thailand,2013-12-01,1.13716905036,189.18242320934
Thailand,2014-01-01,1.14534217849,175.77156909136
Thailand,2014-02-01,1.14644577922,181.67602634113
Thailand,2014-03-01,1.14485098715,190.77478807696
Thailand,2014-04-01,1.14060537154,197.19364541302
Thailand,2014-05-01,1.13949379908,195.16447623958
Thailand,2014-06-01,1.14365757376,204.50921016789
Thailand,2014-07-01,1.14540424616,215.26519987876
Thailand,2014-08-01,1.14221717808,218.84081254914
Thailand,2014-09-01,1.1250472975,223.20601341325
Thailand,2014-10-01,1.1128503289,216.86367310142
Thailand,2014-11-01,1.08685976285,218.83861134906
Thailand,2014-12-01,1.06250028613,211.35468815885
Thailand,2015-01-01,1.03293599538,214.12190981409
Thailand,2015-02-01,1.03165840277,223.12691404942
Thailand,2015-03-01,1.02467600065,213.08244040372
Thailand,2015-04-01,1.03338016502,215.85117751475
Thailand,2015-05-01,1.04312960035,203.84383862564
Thailand,2015-06-01,1.04631903775,202.56171896419
Thailand,2015-07-01,1.03260110614,193.50967942889
Thailand,2015-08-01,1.01126575085,177.93164791659
Thailand,2015-09-01,0.99573752627,173.27147971449
Thailand,2015-10-01,0.99621927628,178.36479927594
Thailand,2015-11-01,0.9758580954,176.61584915335
Thailand,2015-12-01,0.9565868587,163.62967857558
Thailand,2016-01-01,0.94469333236,158.44407454787
Thailand,2016-02-01,0.94623543407,166.5200833696
Thailand,2016-03-01,0.95859366002,178.99073604374
Thailand,2016-04-01,0.97598118603,180.97657615618
Thailand,2016-05-01,0.98998162457,178.93329084613
Thailand,2016-06-01,1.0007611003,184.18065569124
Thailand,2016-07-01,1.00066021914,192.69721359543
Thailand,2016-08-01,1.00533929869,201.00325079307
Thailand,2016-09-01,1.00674763615,193.78108647059
Thailand,2016-10-01,1.01054202503,192.1538002234
Thailand,2016-11-01,1.00192941384,191.72203448084
Thailand,2016-12-01,1.00800532508,192.62784013804
Thailand,2017-01-01,1.01905404241,201.69413023046
Thailand,2017-02-01,1.02722700615,204.29072772069
Thailand,2017-03-01,1.02747699251,203.36102752025
Thailand,2017-04-01,1.03471810093,207.47835939968
Thailand,2017-05-01,1.03210279687,205.56043837282
Thailand,2017-06-01,1.02829522575,210.38888798084
Thailand,2017-07-01,1.03032575606,212.21698568274
Thailand,2017-08-01,1.04168727899,215.64250261259
Thailand,2017-09-01,1.05031234909,226.25531498494
Thailand,2017-10-01,1.05671624554,232.93109850197
Thailand,2017-11-01,1.06754231971,235.15741354571
Thailand,2017-12-01,1.07691830635,240.66799334198
Thailand,2018-01-01,1.09731027746,260.13385077892
Thailand,2018-02-01,1.09321401533,260.62793353308
Thailand,2018-03-01,1.09425725746,261.09861318012
Thailand,2018-04-01,1.10247890781,256.66524817853
Thailand,2018-05-01,1.10910066985,249.66682670413
Thailand,2018-06-01,1.10754435465,234.88697889824
Thailand,2018-07-01,1.1015804836,224.7020731516
Thailand,2018-08-01,1.10029214095,234.8080698063
Thailand,2018-09-01,1.11064452289,240.13957759321
Thailand,2018-10-01,1.1133376924,233.72758314732
Thailand,2018-11-01,1.09282330466,227.01326618357
Thailand,2018-12-01,1.08125128519,223.19433411904
Thailand,2019-01-01,1.08582021021,228.25757815166
Thailand,2019-02-01,1.09809747944,239.55469991452
Thailand,2019-03-01,1.10267484686,233.67149253851
Thailand,2019-04-01,1.10811189689,237.04643561592
Thailand,2019-05-01,1.10699411957,233.33489396568
Thailand,2019-06-01,1.10375042799,246.56437988785
Thailand,2019-07-01,1.10891234558,254.92303149318
Thailand,2019-08-01,1.10224364154,242.70630436848
Thailand,2019-09-01,1.10394498134,245.42713512844
Thailand,2019-10-01,1.09920904206,241.60122673784
Thailand,2019-11-01,1.10590645606,241.97570338054
Thailand,2019-12-01,1.10919571654,235.52075460405
Thailand,2020-01-01,1.10312362524,233.74242169553
Thailand,2020-02-01,1.08347963921,215.67743305133
Thailand,2020-03-01,1.04423869515,165.90426570636
Thailand,2020-04-01,1.01756461241,171.38386090726
Thailand,2020-05-01,1.03596025474,184.92945803787
Thailand,2020-06-01,1.05585427124,200.04814185866
Thailand,2020-07-01,1.06479275947,195.65551683535
Thailand,2020-08-01,1.07092778214,192.53361516375
Thailand,2020-09-01,1.06413663361,185.18206228079
Thailand,2020-10-01,1.06198162423,179.3240722506
Thailand,2020-11-01,1.06708806924,200.06411105124
Thailand,2020-12-01,1.0891336654,219.48647937356
Türkiye,2005-01-01,0.89699558579,52.34722162909
Türkiye,2005-02-01,0.91630961088,56.82578606644
Türkiye,2005-03-01,0.92871217455,53.88843499819
Türkiye,2005-04-01,0.94210139788,49.09694299337
Türkiye,2005-05-01,0.88117268826,48.76053394877
Türkiye,2005-06-01,0.87148672727,52.21919766824
Türkiye,2005-07-01,0.88115495767,57.4120168693
Türkiye,2005-08-01,0.88300770104,58.90256575951
Türkiye,2005-09-01,0.90068970086,65.97433878829
Türkiye,2005-10-01,0.89019941151,64.71453215146
Türkiye,2005-11-01,0.87654265313,69.90922448052
Türkiye,2005-12-01,0.88738261752,76.92936927808
Türkiye,2006-01-01,0.92869688959,88.11537426069
Türkiye,2006-02-01,0.92686555189,92.43028269625
Türkiye,2006-03-01,0.9272796477,88.88794330662
Türkiye,2006-04-01,1.00409448527,88.39802484519
Türkiye,2006-05-01,0.91949135716,77.63015766879
Türkiye,2006-06-01,0.81902978016,58.72617145964
Türkiye,2006-07-01,0.86222941249,61.62240728826
Türkiye,2006-08-01,0.92914301642,68.05037075223
Türkiye,2006-09-01,0.89979591669,68.3007882262
Türkiye,2006-10-01,0.89905572174,70.3950603584
Türkiye,2006-11-01,0.90772203596,72.18749888981
Türkiye,2006-12-01,0.95622184061,73.69065176864
Türkiye,2007-01-01,0.93153150736,75.25983726745
Türkiye,2007-02-01,0.95508708238,82.91806748866
Türkiye,2007-03-01,0.96497442725,80.33195088483
Türkiye,2007-04-01,1.06805415233,91.48247231405
Türkiye,2007-05-01,1.05813678787,92.22947420001
Türkiye,2007-06-01,1.06453046004,93.53376151373
Türkiye,2007-07-01,1.12749408138,109.06692665266
Türkiye,2007-08-01,1.08712633739,100.28206297343
Türkiye,2007-09-01,1.15042357502,110.23856224439
Türkiye,2007-10-01,1.25675172693,126.73832270173
Türkiye,2007-11-01,1.31038785869,123.35346526138
Türkiye,2007-12-01,1.33866372656,126.86891082716
Türkiye,2008-01-01,1.37204964912,111.99122315868
Türkiye,2008-02-01,1.36135698899,100.93070458205
Türkiye,2008-03-01,1.35898630631,89.99820030908
Türkiye,2008-04-01,1.41938331322,87.73632829211
Türkiye,2008-05-01,1.43032609369,89.91424346767
Türkiye,2008-06-01,1.4983209411,83.78769110294
Türkiye,2008-07-01,1.58153276811,82.09904044657
Türkiye,2008-08-01,1.57936352601,94.24464818144
Türkiye,2008-09-01,1.44930205612,80.84168785584
Türkiye,2008-10-01,1.14447307049,51.34149706131
Türkiye,2008-11-01,0.96752741239,42.80373502022
Türkiye,2008-12-01,0.95662259051,45.07694238485
Türkiye,2009-01-01,0.86734860079,43.82997249898
Türkiye,2009-02-01,0.8198105766,40.57545450436
Türkiye,2009-03-01,0.79419477651,38.18112433441
Türkiye,2009-04-01,0.84133712697,48.07105304763
Türkiye,2009-05-01,0.83553741748,58.83626812702
Türkiye,2009-06-01,0.87122610854,61.62062467742
Türkiye,2009-07-01,0.89457729129,68.32442962033
Türkiye,2009-08-01,0.93401584292,82.63970577709
Türkiye,2009-09-01,0.94325700436,84.39832524416
Türkiye,2009-10-01,0.99103320255,91.57041545781
Türkiye,2009-11-01,0.99558860833,85.36597713007
Türkiye,2009-12-01,0.97247882468,90.24198590318
Türkiye,2010-01-01,1.0,100.0
Türkiye,2010-02-01,0.9694157397,92.42363141479
Türkiye,2010-03-01,0.96740211908,94.68508982135
Türkiye,2010-04-01,1.01628106318,106.06862820966
Türkiye,2010-05-01,0.95810958086,96.72526815169
Türkiye,2010-06-01,0.92118303375,95.11430306939
Türkiye,2010-07-01,0.94978825861,102.24496434566
Türkiye,2010-08-01,0.98043685574,105.97037528881
Türkiye,2010-09-01,1.00443406558,114.6857700979
Türkiye,2010-10-01,1.10333900692,130.51990393766
Türkiye,2010-11-01,1.09576908501,128.58008308383
Türkiye,2010-12-01,1.03660112166,117.15799920102
Türkiye,2011-01-01,1.03516404793,115.21437695682
Türkiye,2011-02-01,1.0487898886,109.45104059011
Türkiye,2011-03-01,1.08314034286,107.85727698424
Türkiye,2011-04-01,1.16226314708,120.97780764202
Türkiye,2011-05-01,1.11547325358,112.59938152743
Türkiye,2011-06-01,1.09626281466,105.60061520312
Türkiye,2011-07-01,1.06253225944,101.94263744188
Türkiye,2011-08-01,1.01818088274,84.03205485219
Türkiye,2011-09-01,0.97290106823,85.86585434588
Türkiye,2011-10-01,0.95788041042,85.08893790867
Türkiye,2011-11-01,0.95158273049,80.40031857873
Türkiye,2011-12-01,0.90645174512,75.9925520209
Türkiye,2012-01-01,0.90825205837,78.70761958954
Türkiye,2012-02-01,0.96523228839,92.65077520528
Türkiye,2012-03-01,0.96337048662,92.11382645936
Türkiye,2012-04-01,0.97039346686,92.01778192564
Türkiye,2012-05-01,0.93526151121,85.22959776185
Türkiye,2012-06-01,0.91186827011,86.95429056961
Türkiye,2012-07-01,0.9045067495,93.57464063871
Türkiye,2012-08-01,0.9187601375,98.24442164784
Türkiye,2012-09-01,0.93482602339,101.25160598111
Türkiye,2012-10-01,0.93439705842,103.99702902687
Türkiye,2012-11-01,0.93773816048,107.95249614939
Türkiye,2012-12-01,0.94955802869,116.34500114293
Türkiye,2013-01-01,0.95126681441,125.47340896946
Türkiye,2013-02-01,0.96454029137,119.0968756927
Türkiye,2013-03-01,0.92908493383,123.67760964536
Türkiye,2013-04-01,0.94056141494,126.84446799431
Türkiye,2013-05-01,0.91005105031,133.18761307109
Türkiye,2013-06-01,0.86634042827,108.57591660906
Türkiye,2013-07-01,0.83839536378,104.05513106703
Türkiye,2013-08-01,0.83243908956,98.71015196241
Türkiye,2013-09-01,0.81401577959,97.73286845768
Türkiye,2013-10-01,0.8403735419,104.94480051876
Türkiye,2013-11-01,0.81786195427,99.83545501726
Türkiye,2013-12-01,0.80830077665,92.74378671402
Türkiye,2014-01-01,0.74086571756,80.29856480414
Türkiye,2014-02-01,0.7444965519,77.747908463
Türkiye,2014-03-01,0.75178806389,78.9712110455
Türkiye,2014-04-01,0.78530493434,92.40036078438
Türkiye,2014-05-01,0.78819135117,98.95316172241
Türkiye,2014-06-01,0.77508046523,100.80372349912
Türkiye,2014-07-01,0.77847606462,102.69163570772
Türkiye,2014-08-01,0.75244665107,99.15062967291
Türkiye,2014-09-01,0.72735088757,95.71789812801
Türkiye,2014-10-01,0.70111501839,91.78330688934
Türkiye,2014-11-01,0.69848598917,98.29137829892
Türkiye,2014-12-01,0.6615921801,99.05897440698
Türkiye,2015-01-01,0.61675514872,102.42561469776
Türkiye,2015-02-01,0.57320785515,93.99341895705
Türkiye,2015-03-01,0.53220769527,84.40733395363
Türkiye,2015-04-01,0.51271033367,84.92314907834
Türkiye,2015-05-01,0.52327201984,86.99058240214
Türkiye,2015-06-01,0.51346096654,81.63798196038
Türkiye,2015-07-01,0.49724338295,80.87938955683
Türkiye,2015-08-01,0.46175219612,72.01770028247
Türkiye,2015-09-01,0.42855704089,65.6009738777
Türkiye,2015-10-01,0.44332079648,72.6616539878
Türkiye,2015-11-01,0.44260479307,75.78302105103
Türkiye,2015-12-01,0.42460508562,67.9850318353
Türkiye,2016-01-01,0.39149846321,63.95537505599
Türkiye,2016-02-01,0.40458854337,67.09812352631
Türkiye,2016-03-01,0.41784167275,75.04746426469
Türkiye,2016-04-01,0.43085485971,80.63841496195
Türkiye,2016-05-01,0.42208728404,72.10843124997
Türkiye,2016-06-01,0.42964607952,71.35223883209
Türkiye,2016-07-01,0.41639663641,70.03224290785
Türkiye,2016-08-01,0.41963497682,70.50211875686
Türkiye,2016-09-01,0.41975299689,70.63676674118
Türkiye,2016-10-01,0.41303503469,68.77932888727
Türkiye,2016-11-01,0.37684844057,61.76469968531
Türkiye,2016-12-01,0.35461607822,58.92406165427
Türkiye,2017-01-01,0.33772012764,58.38052620568
Türkiye,2017-02-01,0.34932552283,65.01772422336
Türkiye,2017-03-01,0.35086074331,66.14702138007
Türkiye,2017-04-01,0.35268855174,67.50776255247
Türkiye,2017-05-01,0.36602743654,72.73750511305
Türkiye,2017-06-01,0.36856878092,76.04209084201
Türkiye,2017-07-01,0.36657281075,79.48391704774
Türkiye,2017-08-01,0.37963121057,83.47229522377
Türkiye,2017-09-01,0.38776316205,82.50619318291
Türkiye,2017-10-01,0.37056903123,77.93844966555
Türkiye,2017-11-01,0.3573656599,74.88051005241
Türkiye,2017-12-01,0.36318016141,76.9980090316
Türkiye,2018-01-01,0.37448389794,83.58209444224
Türkiye,2018-02-01,0.37135251853,82.94763775133
Türkiye,2018-03-01,0.36073235581,80.95835468007
Türkiye,2018-04-01,0.35148658491,73.73140595907
Türkiye,2018-05-01,0.3202878899,62.45677796428
Türkiye,2018-06-01,0.30532609228,56.01333666415
Türkiye,2018-07-01,0.29345005126,53.63472935014
Türkiye,2018-08-01,0.23586930679,43.35277609143
Türkiye,2018-09-01,0.22169229862,41.04119884193
Türkiye,2018-10-01,0.24498212913,44.22253508951
Türkiye,2018-11-01,0.26469569203,47.3117304397
Türkiye,2018-12-01,0.26226636829,46.66705834765
Türkiye,2019-01-01,0.25863661939,48.34489355479
Türkiye,2019-02-01,0.26131641257,52.74299157888
Türkiye,2019-03-01,0.25459318513,49.77465777959
Türkiye,2019-04-01,0.24109139264,45.15252087306
Türkiye,2019-05-01,0.22531645211,39.44429969362
Türkiye,2019-06-01,0.23335447153,43.57008663087
Türkiye,2019-07-01,0.23899969178,47.95845716226
Türkiye,2019-08-01,0.23571908929,46.61016962267
Türkiye,2019-09-01,0.23136227695,47.93046053368
Türkiye,2019-10-01,0.22813729206,46.30504361109
Türkiye,2019-11-01,0.23000986006,49.1675273402
Türkiye,2019-12-01,0.22479945759,51.0439739368
Türkiye,2020-01-01,0.22269332818,54.29994318329
Türkiye,2020-02-01,0.21187538225,52.49136714881
Türkiye,2020-03-01,0.20401017839,40.76750449711
Türkiye,2020-04-01,0.17505122155,38.03356250171
Türkiye,2020-05-01,0.16793373284,39.27783078167
Türkiye,2020-06-01,0.17920943223,44.23781103849
Türkiye,2020-07-01,0.17665733083,46.16834268273
Türkiye,2020-08-01,0.17526876138,40.61727012511
Türkiye,2020-09-01,0.17207623621,39.55015506471
Türkiye,2020-10-01,0.16215267605,39.94649521449
Türkiye,2020-11-01,0.16486566004,42.74567879204
Türkiye,2020-12-01,0.17457155398,48.7186985251
Ukraine,2005-01-01,0.82500389059,72.74729684895
Ukraine,2005-02-01,0.82800449834,80.70617836662
Ukraine,2005-03-01,0.83878091195,74.76147943081
Ukraine,2005-04-01,0.8393564364,74.0399445291
Ukraine,2005-05-01,0.83511992598,79.63834285781
Ukraine,2005-06-01,0.84161753208,76.59852938599
Ukraine,2005-07-01,0.84278091405,80.1109051323
Ukraine,2005-08-01,0.84887693773,89.30413494265
Ukraine,2005-09-01,0.84696656105,92.511572138
Ukraine,2005-10-01,0.84274074945,87.71732870913
Ukraine,2005-11-01,0.83840236634,86.92284760492
Ukraine,2005-12-01,0.84137240423,88.42803892627
Ukraine,2006-01-01,0.86906457493,89.97420750879
Ukraine,2006-02-01,0.86836664483,102.1541809806
Ukraine,2006-03-01,0.86990140699,109.64071201025
Ukraine,2006-04-01,0.88105668327,113.5926896573
Ukraine,2006-05-01,0.88125432233,111.86300016345
Ukraine,2006-06-01,0.87862193548,101.75669167496
Ukraine,2006-07-01,0.88638459353,98.53310888533
Ukraine,2006-08-01,0.88547299622,106.41345542655
Ukraine,2006-09-01,0.87280386905,105.79795511019
Ukraine,2006-10-01,0.86827721317,104.96957256373
Ukraine,2006-11-01,0.86932366288,109.8736914586
Ukraine,2006-12-01,0.8740900212,123.36497550333
Ukraine,2007-01-01,0.90875206409,144.10001165289
Ukraine,2007-02-01,0.91524602812,171.89379931629
Ukraine,2007-03-01,0.9197783563,188.96763391904
Ukraine,2007-04-01,0.92624434514,202.93943419106
Ukraine,2007-05-01,0.92690665891,226.52924107053
Ukraine,2007-06-01,0.93202997478,252.36139578197
Ukraine,2007-07-01,0.94093535903,271.37882544465
Ukraine,2007-08-01,0.93690120314,268.73487804237
Ukraine,2007-09-01,0.94521344607,256.13920765269
Ukraine,2007-10-01,0.95679668369,291.31382783096
Ukraine,2007-11-01,0.97362296155,295.66661493915
Ukraine,2007-12-01,0.97288564976,292.43597821181
Ukraine,2008-01-01,1.03737329794,296.24246656976
Ukraine,2008-02-01,1.06460665171,283.10781668034
Ukraine,2008-03-01,1.07564843891,273.04025793871
Ukraine,2008-04-01,1.08658357237,243.70168385823
Ukraine,2008-05-01,1.11052382596,254.85852193537
Ukraine,2008-06-01,1.14417188863,229.87742974602
Ukraine,2008-07-01,1.15781248386,189.34811322444
Ukraine,2008-08-01,1.12574272445,172.68448502118
Ukraine,2008-09-01,1.10037337767,115.42353133305
Ukraine,2008-10-01,1.04537517347,68.04303101703
Ukraine,2008-11-01,1.00773104368,59.58671630491
Ukraine,2008-12-01,0.97894361966,47.85953691195
Ukraine,2009-01-01,0.93248316878,45.89891159978
Ukraine,2009-02-01,0.92677854758,38.46979426408
Ukraine,2009-03-01,0.92174613839,33.78829740499
Ukraine,2009-04-01,0.92005319461,48.71488499082
Ukraine,2009-05-01,0.92979274671,70.22630763276
Ukraine,2009-06-01,0.9461663757,73.6613905117
Ukraine,2009-07-01,0.94099726195,67.52687943408
Ukraine,2009-08-01,0.9515938143,70.84587106571
Ukraine,2009-09-01,0.94590631779,74.82900769917
Ukraine,2009-10-01,0.95503693362,97.18721004249
Ukraine,2009-11-01,0.96268574365,99.94257009848
Ukraine,2009-12-01,0.96223699118,96.17805830081
Ukraine,2010-01-01,1.0,100.0
Ukraine,2010-02-01,0.99554004018,107.24386890856
Ukraine,2010-03-01,1.00439470194,137.07382920623
Ukraine,2010-04-01,1.01712294646,161.42085156346
Ukraine,2010-05-01,1.00768180725,130.87337845828
Ukraine,2010-06-01,1.00370408758,130.07981207045
Ukraine,2010-07-01,1.00140781928,130.7552442857
Ukraine,2010-08-01,1.00221787605,136.3169934609
Ukraine,2010-09-01,1.00607384777,131.24445719359
Ukraine,2010-10-01,1.01605661634,122.41718377858
Ukraine,2010-11-01,1.02297973515,131.59675257299
Ukraine,2010-12-01,1.03533774755,150.17643163722
Ukraine,2011-01-01,1.11803562127,170.37298001566
Ukraine,2011-02-01,1.12527509952,182.348706231
Ukraine,2011-03-01,1.14059126487,177.31354642318
Ukraine,2011-04-01,1.1521120114,174.60672927933
Ukraine,2011-05-01,1.13934987339,161.31566493077
Ukraine,2011-06-01,1.1364763864,150.77576447816
Ukraine,2011-07-01,1.13976792598,146.87174735033
Ukraine,2011-08-01,1.13046583298,118.95888335343
Ukraine,2011-09-01,1.13169913704,96.09694287117
Ukraine,2011-10-01,1.12625265731,85.69457682241
Ukraine,2011-11-01,1.12750158359,93.67634469669
Ukraine,2011-12-01,1.12416987725,94.42507123703
Ukraine,2012-01-01,1.11875062248,88.28396501738
Ukraine,2012-02-01,1.1259286969,92.46822598237
Ukraine,2012-03-01,1.12833713067,85.58881435794
Ukraine,2012-04-01,1.12099901927,86.54601587994
Ukraine,2012-05-01,1.10542928566,72.79462127488
Ukraine,2012-06-01,1.08580974983,58.57210526849
Ukraine,2012-07-01,1.09398233625,62.82287708393
Ukraine,2012-08-01,1.10412543062,63.05109147643
Ukraine,2012-09-01,1.10549074259,60.3815764568
Ukraine,2012-10-01,1.09922262435,53.44817656043
Ukraine,2012-11-01,1.09810503412,50.68152526698
Ukraine,2012-12-01,1.10137589447,51.90557748265
Ukraine,2013-01-01,1.09420417889,52.4333663554
Ukraine,2013-02-01,1.09789726562,57.48742055858
Ukraine,2013-03-01,1.08927104451,56.12328907614
Ukraine,2013-04-01,1.0835176606,47.63397228585
Ukraine,2013-05-01,1.08333447511,48.01512433275
Ukraine,2013-06-01,1.0805550935,49.24220480839
Ukraine,2013-07-01,1.08439998536,49.95181565803
Ukraine,2013-08-01,1.08811129744,49.72130092966
Ukraine,2013-09-01,1.08776516362,47.41152136198
Ukraine,2013-10-01,1.08464911414,47.24298895635
Ukraine,2013-11-01,1.08162456565,47.82335808278
Ukraine,2013-12-01,1.08559955336,46.78737797205
Ukraine,2014-01-01,1.07904293136,46.21576818805
Ukraine,2014-02-01,1.08062949416,47.30608967728
Ukraine,2014-03-01,1.07959733949,49.57844338768
Ukraine,2014-04-01,1.08077845955,44.86427287589
Ukraine,2014-05-01,1.08141396554,45.0304498202
Ukraine,2014-06-01,1.0836537155,48.67496436345
Ukraine,2014-07-01,1.08088909655,49.80581956404
Ukraine,2014-08-01,1.07673340245,45.93619801131
Ukraine,2014-09-01,1.07030064621,43.33033223781
Ukraine,2014-10-01,1.05760945883,43.90762319406
Ukraine,2014-11-01,1.04583566716,34.87351237441
Ukraine,2014-12-01,1.02507150401,31.59742304054
Ukraine,2015-01-01,1.00552757371,32.3257573196
Ukraine,2015-02-01,1.01176024224,21.79895349663
Ukraine,2015-03-01,1.00765712409,24.58977141872
Ukraine,2015-04-01,1.01259392051,22.37984847965
Ukraine,2015-05-01,1.0185631714,22.31170207725
Ukraine,2015-06-01,1.01577384061,21.56431794261
Ukraine,2015-07-01,1.00756191121,20.43574624096
Ukraine,2015-08-01,0.99690939847,19.83039005966
Ukraine,2015-09-01,0.99524114733,19.34687380452
Ukraine,2015-10-01,0.99403749644,16.92430459293
Ukraine,2015-11-01,0.98861174365,14.42699607108
Ukraine,2015-12-01,0.98029714838,13.40090515976
Ukraine,2016-01-01,0.98528822887,12.95949610425
Ukraine,2016-02-01,,11.77384117796
Ukraine,2016-03-01,,12.02580002781
Ukraine,2016-04-01,,11.76481465041
Ukraine,2016-05-01,,11.30500266628
Ukraine,2016-06-01,,11.55897971558
Ukraine,2016-07-01,,11.77281395484
Ukraine,2016-08-01,,11.52218460052
Ukraine,2016-09-01,,11.57063223296
Ukraine,2016-10-01,,12.46869880496
Ukraine,2016-11-01,,13.47982401156
Ukraine,2016-12-01,,13.13076487783
Ukraine,2017-01-01,,12.79568042383
Ukraine,2017-02-01,,13.11030653448
Ukraine,2017-03-01,,13.20052805482
Ukraine,2017-04-01,,13.21078464189
Ukraine,2017-05-01,,13.69646139869
Ukraine,2017-06-01,,14.18037143889
Ukraine,2017-07-01,,14.2966001824
Ukraine,2017-08-01,,14.60700347377
Ukraine,2017-09-01,,14.49262735089
Ukraine,2017-10-01,,14.56136906585
Ukraine,2017-11-01,,14.75149632441
Ukraine,2017-12-01,,14.5667913296
Ukraine,2018-01-01,,15.13484859894
Ukraine,2018-02-01,,16.18986915812
Ukraine,2018-03-01,,17.51315013864
Ukraine,2018-04-01,,19.37869650864
Ukraine,2018-05-01,,23.28441105993
Ukraine,2018-06-01,,22.5009840924
Ukraine,2018-07-01,,24.35087558504
Ukraine,2018-08-01,,24.46669379484
Ukraine,2018-09-01,,24.68501553907
Ukraine,2018-10-01,,25.65591703693
Ukraine,2018-11-01,,27.28610357082
Ukraine,2018-12-01,,26.60117771383
Ukraine,2019-01-01,,25.98090662905
Ukraine,2019-02-01,,26.83965237545
Ukraine,2019-03-01,,27.20082923459
Ukraine,2019-04-01,,26.78020788008
Ukraine,2019-05-01,,28.18307064762
Ukraine,2019-06-01,,27.2398430019
Ukraine,2019-07-01,,27.51765068349
Ukraine,2019-08-01,,27.54990167621
Ukraine,2019-09-01,,27.62746337407
Ukraine,2019-10-01,,27.54254741659
Ukraine,2019-11-01,,27.77818277842
Ukraine,2019-12-01,,28.16187042918
Ukraine,2020-01-01,,27.1613019046
Ukraine,2020-02-01,,27.90203478215
Ukraine,2020-03-01,,25.88987650421
Ukraine,2020-04-01,,24.09080608596
Ukraine,2020-05-01,,24.31040995982
Ukraine,2020-06-01,,24.39440634971
Ukraine,2020-07-01,,23.81431202931
Ukraine,2020-08-01,,23.69465311174
Ukraine,2020-09-01,,23.26713951638
Ukraine,2020-10-01,,23.13436972029
Ukraine,2020-11-01,,23.08876633085
Ukraine,2020-12-01,,23.51273418805
United States,2005-01-01,0.83081810961,100.6520504518
United States,2005-02-01,0.83796664019,102.41213686798
United States,2005-03-01,0.85623510723,102.01368714732
United States,2005-04-01,0.86417791898,98.20413668535
United States,2005-05-01,0.8570293884,99.10176580723
United States,2005-06-01,0.86735504369,100.14751850361
United States,2005-07-01,0.87768069897,100.70804193564
United States,2005-08-01,0.89038919778,100.79299599222
United States,2005-09-01,0.90865766481,100.58549942787
United States,2005-10-01,0.90945194599,98.59689973406
United States,2005-11-01,0.89197776013,102.13932984048
United States,2005-12-01,0.89197776013,103.40513310785
United States,2006-01-01,0.90309769658,103.83189496519
United States,2006-02-01,0.895949166,104.77451838362
United States,2006-03-01,0.89515488483,106.4291816574
United States,2006-04-01,0.91421763304,107.2908303635
United States,2006-05-01,0.93089753773,108.23821542522
United States,2006-06-01,0.9316918189,105.0302583998
United States,2006-07-01,0.93884034948,105.36031062942
United States,2006-08-01,0.94360603654,107.50741082718
United States,2006-09-01,0.92295472597,110.14554357861
United States,2006-10-01,0.89992057188,114.24741354668
United States,2006-11-01,0.90389197776,116.36787809158
United States,2006-12-01,0.91421763304,118.20590588342
United States,2007-01-01,0.90309769658,119.49775442469
United States,2007-02-01,0.90627482129,120.63025088228
United States,2007-03-01,0.92057188245,117.16414852725
United States,2007-04-01,0.93328038125,121.80801671868
United States,2007-05-01,0.94201747419,128.04368894532
United States,2007-06-01,0.95313741064,128.73564619813
United States,2007-07-01,0.96505162828,130.62350733375
United States,2007-08-01,0.96187450357,126.43887603687
United States,2007-09-01,0.9674344718,129.47552008015
United States,2007-10-01,0.98173153296,132.7568341788
United States,2007-11-01,1.01270849881,126.06514214701
United States,2007-12-01,1.01111993646,128.03636976023
United States,2008-01-01,1.02621127879,119.73871339771
United States,2008-02-01,1.02859412232,118.60651764455
United States,2008-03-01,1.06036536934,116.4511797658
United States,2008-04-01,1.09054805401,120.87048384639
United States,2008-05-01,1.12152501986,122.35883452692
United States,2008-06-01,1.15567911041,115.1408113283
United States,2008-07-01,1.17156473392,108.12836470576
United States,2008-08-01,1.13582208102,110.11829932851
United States,2008-09-01,1.09451945989,106.13917175614
United States,2008-10-01,1.02938840349,87.63736194634
United States,2008-11-01,0.95313741064,82.26874856719
United States,2008-12-01,0.90945194599,82.08736307677
United States,2009-01-01,0.89753772836,80.18348636995
United States,2009-02-01,0.89753772836,73.44402186099
United States,2009-03-01,0.90230341541,69.09849871384
United States,2009-04-01,0.91183478952,76.32453313976
United States,2009-05-01,0.92772041303,80.20418115854
United States,2009-06-01,0.95313741064,82.06289344484
United States,2009-07-01,0.94757744241,82.8913274409
United States,2009-08-01,0.96187450357,89.53157549375
United States,2009-09-01,0.96346306593,92.01369953248
United States,2009-10-01,0.97140587768,94.13735236229
United States,2009-11-01,0.98570293884,97.67285561795
United States,2009-12-01,0.98808578237,99.63908669426
United States,2010-01-01,1.0,100.0
United States,2010-02-01,0.99920571882,97.54824582853
United States,2010-03-01,1.0031771247,101.97000093408
United States,2010-04-01,1.01429706116,105.54769653523
United States,2010-05-01,1.0063542494,100.2765312412
United States,2010-06-01,0.99444003177,97.02071453281
United States,2010-07-01,0.99444003177,97.62212503159
United States,2010-08-01,0.99841143765,98.84599193424
United States,2010-09-01,0.99841143765,101.2112317614
United States,2010-10-01,1.00953137411,105.47452101429
United States,2010-11-01,1.02621127879,106.9435704166
United States,2010-12-01,1.04050833995,109.49288202001
United States,2011-01-01,1.05639396346,112.71230378641
United States,2011-02-01,1.0746624305,116.41415955198
United States,2011-03-01,1.10643367752,115.37775838393
United States,2011-04-01,1.13502779984,118.75271816068
United States,2011-05-01,1.13661636219,120.13857525868
United States,2011-06-01,1.12946783161,115.52896331169
United States,2011-07-01,1.13105639396,119.49235391572
United States,2011-08-01,1.12708498809,108.16887923375
United States,2011-09-01,1.12549642573,106.72526715968
United States,2011-10-01,1.12152501986,109.97681422457
United States,2011-11-01,1.12946783161,112.73104424151
United States,2011-12-01,1.12946783161,115.32242905123
United States,2012-01-01,1.12946783161,119.86066289771
United States,2012-02-01,1.12946783161,123.09005743906
United States,2012-03-01,1.14535345512,124.90852006753
United States,2012-04-01,1.14455917395,124.44333139804
United States,2012-05-01,1.12787926926,121.48599688341
United States,2012-06-01,1.10166799047,119.80348494359
United States,2012-07-01,1.09372517871,122.37431002861
United States,2012-08-01,1.1072279587,125.43794765943
United States,2012-09-01,1.11834789515,128.14627963011
United States,2012-10-01,1.12152501986,127.78478280565
United States,2012-11-01,1.1135822081,123.16065924263
United States,2012-12-01,1.1072279587,125.52657035839
United States,2013-01-01,1.11278792693,130.02594741661
United States,2013-02-01,1.12231930103,133.38760565473
United States,2013-03-01,1.12152501986,137.69395527507
United States,2013-04-01,1.1135822081,140.15451589121
United States,2013-05-01,1.1072279587,144.89389334922
United States,2013-06-01,1.10246227164,143.59102934973
United States,2013-07-01,1.10325655282,146.97608235186
United States,2013-08-01,1.1072279587,145.11514014718
United States,2013-09-01,1.1104050834,145.82654879053
United States,2013-10-01,1.10325655282,146.01229864581
United States,2013-11-01,1.09372517871,151.56595760808
United States,2013-12-01,1.09451945989,153.7141928091
United States,2014-01-01,1.09849086577,155.12708837805
United States,2014-02-01,1.1104050834,152.40267988289
United States,2014-03-01,1.11596505163,155.74693156239
United States,2014-04-01,1.10961080222,156.61478296312
United States,2014-05-01,1.11278792693,158.21681344698
United States,2014-06-01,1.11596505163,160.85738061075
United States,2014-07-01,1.11278792693,162.23744060723
United States,2014-08-01,1.104050834,160.20224800732
United States,2014-09-01,1.09531374106,163.28662509212
United States,2014-10-01,1.08022239873,159.50238930785
United States,2014-11-01,1.06036536934,168.54723368233
United States,2014-12-01,1.03335980937,169.55249317158
United States,2015-01-01,1.00079428118,167.5280380885
United States,2015-02-01,0.9968228753,171.37817701797
United States,2015-03-01,0.99523431295,171.24765655005
United States,2015-04-01,0.9936457506,171.61789303465
United States,2015-05-01,1.00476568705,173.09049548118
United States,2015-06-01,1.00555996823,171.2044342465
United States,2015-07-01,0.99602859412,169.94190628867
United States,2015-08-01,0.97855440826,162.93773279417
United States,2015-09-01,0.96822875298,156.04605941279
United States,2015-10-01,0.96505162828,164.09030874496
United States,2015-11-01,0.95949166005,169.26148686927
United States,2015-12-01,0.94757744241,167.5337680715
United States,2016-01-01,0.93566322478,155.71469550142
United States,2016-02-01,0.93089753773,155.66356872288
United States,2016-03-01,0.93486894361,165.23497268893
United States,2016-04-01,0.94122319301,170.41318684787
United States,2016-05-01,0.95234312947,168.96115458554
United States,2016-06-01,0.95869737887,169.55848360834
United States,2016-07-01,0.95949166005,175.15777307126
United States,2016-08-01,0.95710881652,176.6285154186
United States,2016-09-01,0.9579030977,174.45317957295
United States,2016-10-01,0.96266878475,173.66190530211
United States,2016-11-01,0.96187450357,178.55893976952
United States,2016-12-01,0.96584590945,188.25308871514
United States,2017-01-01,0.97140587768,190.12229216208
United States,2017-02-01,0.97458300238,195.04999837399
United States,2017-03-01,0.97299444003,198.85961209707
United States,2017-04-01,0.97537728356,197.5382384635
United States,2017-05-01,0.97458300238,199.9459551568
United States,2017-06-01,0.97220015886,203.58434242759
United States,2017-07-01,0.97061159651,206.10033542014
United States,2017-08-01,0.97617156473,209.27881387237
United States,2017-09-01,0.98411437649,211.75547528776
United States,2017-10-01,0.98570293884,219.99541308921
United States,2017-11-01,0.99523431295,224.97755930187
United States,2017-12-01,0.9968228753,234.40772156424
United States,2018-01-01,1.00476568705,246.42763695547
United States,2018-02-01,1.00714853058,238.57304926624
United States,2018-03-01,1.00476568705,234.7590313693
United States,2018-04-01,1.00953137411,232.10454398494
United States,2018-05-01,1.01826846704,234.66698679939
United States,2018-06-01,1.01826846704,236.74482973809
United States,2018-07-01,1.01747418586,238.54140223986
United States,2018-08-01,1.01350277998,244.765661517
United States,2018-09-01,1.01429706116,250.52123494001
United States,2018-10-01,1.01906274821,244.56848781953
United States,2018-11-01,1.00238284353,241.21963267281
United States,2018-12-01,0.98808578237,227.34228259502
United States,2019-01-01,0.98967434472,230.70625987263
United States,2019-02-01,1.0,244.53205566106
United States,2019-03-01,1.00555996823,245.65030109565
United States,2019-04-01,1.00714853058,252.13431347254
United States,2019-05-01,1.00873709293,245.86200184943
United States,2019-06-01,0.99761715647,249.82822315188
United States,2019-07-01,0.99761715647,258.70096638448
United States,2019-08-01,0.99205718824,248.85531023912
United States,2019-09-01,0.99285146942,256.89628132648
United States,2019-10-01,0.98888006354,255.33564488831
United States,2019-11-01,0.99046862589,265.46100150955
United States,2019-12-01,0.99285146942,268.99410629602
United States,2020-01-01,0.99444003177,275.8031269465
United States,2020-02-01,0.98729150119,272.36262830701
United States,2020-03-01,0.96346306593,216.18672811926
United States,2020-04-01,0.93884034948,222.4560848323
United States,2020-05-01,0.94519459889,231.7875674649
United States,2020-06-01,0.9579030977,248.89393987448
United States,2020-07-01,0.96981731533,251.98393738633
United States,2020-08-01,0.97855440826,265.69326773455
United States,2020-09-01,0.98014297061,264.85314763248
United States,2020-10-01,0.97934868944,267.44795906299
United States,2020-11-01,0.98014297061,278.13372317658
United States,2020-12-01,0.98967434472,287.9180845652
South Africa,2005-01-01,0.80894690541,57.12240296896
South Africa,2005-02-01,0.81058170218,59.15197228565
South Africa,2005-03-01,0.81545354676,60.3766768575
South Africa,2005-04-01,0.81510668389,56.99323830348
South Africa,2005-05-01,0.81397982668,56.20864384204
South Africa,2005-06-01,0.81661915998,56.53663652557
South Africa,2005-07-01,0.815762682,59.34161171796
South Africa,2005-08-01,0.81883915859,64.74961778173
South Africa,2005-09-01,0.82000915708,68.55123218003
South Africa,2005-10-01,0.81912474638,66.11365730512
South Africa,2005-11-01,0.81795064234,69.27783897621
South Africa,2005-12-01,0.82232912999,74.66492291724
South Africa,2006-01-01,0.84719711715,83.44318810991
South Africa,2006-02-01,0.84803736624,85.62298068634
South Africa,2006-03-01,0.84831914998,84.92602238242
South Africa,2006-04-01,0.85817971699,92.70297860779
South Africa,2006-05-01,0.86591782557,89.26442345309
South Africa,2006-06-01,0.85924268376,77.36944909565
South Africa,2006-07-01,0.86841243506,79.39794138468
South Africa,2006-08-01,0.87003501713,82.21969178624
South Africa,2006-09-01,0.86296700893,79.39330551768
South Africa,2006-10-01,0.86233508941,81.12775112008
South Africa,2006-11-01,0.86612367903,88.1769242053
South Africa,2006-12-01,0.8689339616,92.61405426545
South Africa,2007-01-01,0.91137585899,93.58444653703
South Africa,2007-02-01,0.9184693809,98.34781901918
South Africa,2007-03-01,0.92193144651,95.53106716638
South Africa,2007-04-01,0.92845147434,106.36202484048
South Africa,2007-05-01,0.92902765756,109.36868114973
South Africa,2007-06-01,0.92461475071,108.38617534869
South Africa,2007-07-01,0.9237017568,112.90657741865
South Africa,2007-08-01,0.9198369076,102.18611794742
South Africa,2007-09-01,0.9298400965,110.52294428022
South Africa,2007-10-01,0.93858359154,123.01291066545
South Africa,2007-11-01,0.94721041595,120.79268038304
South Africa,2007-12-01,0.94588720765,116.61577050254
South Africa,2008-01-01,1.01655373946,105.05205390132
South Africa,2008-02-01,1.02939071021,102.16372176333
South Africa,2008-03-01,1.04131853839,101.65596350433
South Africa,2008-04-01,1.03981707689,107.4721959267
South Africa,2008-05-01,1.04366970354,114.48768961592
South Africa,2008-06-01,1.05263946447,105.19983265889
South Africa,2008-07-01,1.05845814848,98.18151943083
South Africa,2008-08-01,1.03964649867,94.76848105104
South Africa,2008-09-01,1.02935847609,84.81077490683
South Africa,2008-10-01,1.00401576839,57.74102708012
South Africa,2008-11-01,0.98567059725,52.849295756
South Africa,2008-12-01,0.97952422623,56.94212855338
South Africa,2009-01-01,0.93585259633,57.53521537593
South Africa,2009-02-01,0.94002139113,54.39041072045
South Africa,2009-03-01,0.93644914244,53.51807411627
South Africa,2009-04-01,0.93332965616,62.29381808247
South Africa,2009-05-01,0.94174678662,71.05490410919
South Africa,2009-06-01,0.94948878369,76.01549284263
South Africa,2009-07-01,0.94619198629,78.49158731666
South Africa,2009-08-01,0.95237729294,84.42090367482
South Africa,2009-09-01,0.95280922007,90.38988324502
South Africa,2009-10-01,0.95971673892,93.45671644086
South Africa,2009-11-01,0.96889604904,95.98034834014
South Africa,2009-12-01,0.96968114099,98.3397357406
South Africa,2010-01-01,1.0,100.0
South Africa,2010-02-01,0.99701539426,93.75090310317
South Africa,2010-03-01,1.00311464072,102.84171758798
South Africa,2010-04-01,1.01233496979,106.65330717661
South Africa,2010-05-01,1.01120233913,96.22403394797
South Africa,2010-06-01,1.00924604826,95.63993558226
South Africa,2010-07-01,1.00622016219,98.43723624738
South Africa,2010-08-01,1.01231361431,101.78127499198
South Africa,2010-09-01,1.02017896532,107.55049185492
South Africa,2010-10-01,1.03073943836,116.71751364789
South Africa,2010-11-01,1.03598490331,120.71479715417
South Africa,2010-12-01,1.04410594199,125.48690967416
South Africa,2011-01-01,1.11994393998,125.05834957458
South Africa,2011-02-01,1.12618230576,122.13125221288
South Africa,2011-03-01,1.13279837719,122.90046411949
South Africa,2011-04-01,1.14185284372,130.19927681366
South Africa,2011-05-01,1.13811130889,125.36441706504
South Africa,2011-06-01,1.13664872962,124.21080412578
South Africa,2011-07-01,1.14174031,127.09652164088
South Africa,2011-08-01,1.15359441195,113.51875583566
South Africa,2011-09-01,1.15328316908,108.32404946668
South Africa,2011-10-01,1.1409347672,105.25135829712
South Africa,2011-11-01,1.14699949576,105.73539214264
South Africa,2011-12-01,1.13746295545,106.04790405618
South Africa,2012-01-01,1.12993446947,112.28856832053
South Africa,2012-02-01,1.1404252953,120.38476410284
South Africa,2012-03-01,1.13590753151,120.19667644158
South Africa,2012-04-01,1.13126829173,116.56690142347
South Africa,2012-05-01,1.12150547814,110.55832216419
South Africa,2012-06-01,1.1158178559,108.87544239815
South Africa,2012-07-01,1.11990442668,111.43553817488
South Africa,2012-08-01,1.12593245574,115.69968544979
South Africa,2012-09-01,1.13673269409,116.78422764341
South Africa,2012-10-01,1.1347070972,114.10689495944
South Africa,2012-11-01,1.13173653247,114.82888343653
South Africa,2012-12-01,1.13011785614,121.26028483516
South Africa,2013-01-01,1.11801656508,123.27167595519
South Africa,2013-02-01,1.11490320667,122.51205854193
South Africa,2013-03-01,1.10822064993,118.65742368636
South Africa,2013-04-01,1.09702063692,114.72207494851
South Africa,2013-05-01,1.09107486767,117.51212388803
South Africa,2013-06-01,1.08311144464,107.46029691215
South Africa,2013-07-01,1.0791184393,109.93888430535
South Africa,2013-08-01,1.08530907673,113.23605248622
South Africa,2013-09-01,1.08503241986,117.71573557987
South Africa,2013-10-01,1.08205263569,120.81075546562
South Africa,2013-11-01,1.07743265806,119.25318244707
South Africa,2013-12-01,1.0742967056,115.67663767523
South Africa,2014-01-01,1.0727919074,114.14588105233
South Africa,2014-02-01,1.07916286187,114.13855790146
South Africa,2014-03-01,1.08351552979,118.64207455932
South Africa,2014-04-01,1.08079747348,123.66393075086
South Africa,2014-05-01,1.08150964103,128.1607256276
South Africa,2014-06-01,1.08026008009,127.65090858211
South Africa,2014-07-01,1.08245150097,130.69351114804
South Africa,2014-08-01,1.08043112727,129.57774219821
South Africa,2014-09-01,1.07304269819,125.19548404314
South Africa,2014-10-01,1.06670266799,117.34780507758
South Africa,2014-11-01,1.05925894125,122.0655078644
South Africa,2014-12-01,1.05437488501,115.18283303406
South Africa,2015-01-01,1.0493002315,115.23021735806
South Africa,2015-02-01,1.04778629753,122.34310155092
South Africa,2015-03-01,1.04151100176,117.06710655439
South Africa,2015-04-01,1.04422149261,120.62089811786
South Africa,2015-05-01,1.04550935624,121.19120843072
South Africa,2015-06-01,1.04255459134,113.99568444735
South Africa,2015-07-01,1.03499399798,112.14134694726
South Africa,2015-08-01,1.02958205554,105.2422361641
South Africa,2015-09-01,1.02854946225,98.36259358378
South Africa,2015-10-01,1.03083531411,105.8443453126
South Africa,2015-11-01,1.02179260159,100.09811859255
South Africa,2015-12-01,1.01702102621,89.53593056424
South Africa,2016-01-01,1.03155906138,79.2049906586
South Africa,2016-02-01,,83.57418248969
South Africa,2016-03-01,,91.4422687487
South Africa,2016-04-01,,96.75180865341
South Africa,2016-05-01,,91.94309804285
South Africa,2016-06-01,,94.68582758608
South Africa,2016-07-01,,98.48274510402
South Africa,2016-08-01,,103.19522953068
South Africa,2016-09-01,,100.77167780659
South Africa,2016-10-01,,99.5582294144
South Africa,2016-11-01,,97.40009001204
South Africa,2016-12-01,,97.44103437547
South Africa,2017-01-01,,103.9326447899
South Africa,2017-02-01,,106.98026349797
South Africa,2017-03-01,,108.0029661543
South Africa,2017-04-01,,106.08987065712
South Africa,2017-05-01,,109.95559325872
South Africa,2017-06-01,,107.99489586563
South Africa,2017-07-01,,109.69121536473
South Africa,2017-08-01,,113.68845359723
South Africa,2017-09-01,,114.38533498555
South Africa,2017-10-01,,113.61438232438
South Africa,2017-11-01,,115.08184534988
South Africa,2017-12-01,,119.69557763211
South Africa,2018-01-01,,134.26835615511
South Africa,2018-02-01,,132.13763033749
South Africa,2018-03-01,,131.53556768915
South Africa,2018-04-01,,126.35099577545
South Africa,2018-05-01,,123.85305372905
South Africa,2018-06-01,,115.8722169781
South Africa,2018-07-01,,114.68760061393
South Africa,2018-08-01,,110.32910801478
South Africa,2018-09-01,,103.54237185195
South Africa,2018-10-01,,98.05993524134
South Africa,2018-11-01,,100.29632651649
South Africa,2018-12-01,,97.46816294423
South Africa,2019-01-01,,104.08925109081
South Africa,2019-02-01,,106.84971105479
South Africa,2019-03-01,,104.95303627864
South Africa,2019-04-01,,111.14534479849
South Africa,2019-05-01,,104.76351202488
South Africa,2019-06-01,,107.6545769217
South Africa,2019-07-01,,110.85058128963
South Africa,2019-08-01,,97.28152958157
South Africa,2019-09-01,,101.31150687726
South Africa,2019-10-01,,99.98409755174
South Africa,2019-11-01,,102.95936655777
South Africa,2019-12-01,,105.10161530232
South Africa,2020-01-01,,107.19580146164
South Africa,2020-02-01,,101.25461428106
South Africa,2020-03-01,,73.27020895283
South Africa,2020-04-01,,69.57049498615
South Africa,2020-05-01,,74.80608626439
South Africa,2020-06-01,,84.48357898789
South Africa,2020-07-01,,89.43968970806
South Africa,2020-08-01,,88.77024467926
South Africa,2020-09-01,,88.52172319301
South Africa,2020-10-01,,89.34638056445
South Africa,2020-11-01,,98.04114415037
South Africa,2020-12-01,,107.09700022611
