country,date,Stocks_cap_to_GDP,Stocks_trade_to_GDP,Syndicated_loan_maturity,Corporate_bond_maturity,Stocks_turnover,Stocks_return,Stocks_volatility
Argentina,1990,2.55765,0.566506,,,22.14948,1162.369,134.4908
Argentina,1991,9.82485,2.39758,,,24.40324,359.6076,90.99826
Argentina,1992,8.13987,6.87911,,,84.51123,65.06934,66.51193
Argentina,1993,18.609,21.0206,,,112.9592,-30.31272,51.86494
Argentina,1994,14.3207,43.8269,,,306.039,32.20212,34.52766
Argentina,1995,14.6431,12.3642,,,84.43729,-26.72252,42.25046
Argentina,1996,16.422,11.5023,,,70.04218,32.6065,37.12603
Argentina,1997,20.2322,13.0461,,,64.48177,33.83974,24.721
Argentina,1998,15.1641,8.71872,,,57.49581,-25.89533,35.46801
Argentina,1999,19.6977,4.18385,,,21.24029,-12.27962,46.20253
Argentina,2000,16.129,3.21798,3.038488,5.585836,19.95149,3.071263,34.05296
Argentina,2001,12.4244,2.47937,3.791128,3.052055,19.95567,-27.08032,33.62
Argentina,2002,16.9569,1.19583,2.772507,8.413698,7.052139,8.816881,53.37345
Argentina,2003,27.4281,2.29609,2.218685,4.718871,8.371316,83.91576,43.85057
Argentina,2004,24.6535,2.76419,5.318327,6.03686,11.21216,50.89866,32.45569
Argentina,2005,23.9464,2.64559,4.377832,5.692397,11.04799,34.85443,29.64523
Argentina,2006,22.0333,1.45684,5.42639,4.460618,6.611986,17.106,24.63627
Argentina,2007,19.8484,1.68504,5.947299,5.292371,8.48955,23.34016,23.1867
Argentina,2008,11.0218,0.923116,4.647423,2.933196,8.375332,-18.05187,26.84668
Argentina,2009,13.7382,0.45366,5.477534,6.027256,3.30218,-7.812902,44.79667
Argentina,2010,15.0863,0.600714,3.587943,9.199679,3.981847,56.63403,34.70379
Argentina,2011,8.22007,0.462935,3.711437,6.75845,5.631762,21.51364,25.78323
Argentina,2012,6.27397,0.2678,3.913609,3.689128,4.26843,-19.509,30.11375
Argentina,2013,9.62,0.405291,4.387119,4.620249,4.21301,59.63185,27.85303
Argentina,2014,11.4269,0.669274,4.00274,6.972773,5.857001,102.5771,32.97448
Argentina,2015,9.43837,0.453943,4.903169,8.22366,4.809545,37.50489,41.25276
Argentina,2016,11.4076,0.782152,4.720626,5.218631,6.856398,30.31837,38.03168
Argentina,2017,16.8948,1.02431,3.085712,8.404416,6.06288,57.0715,27.06185
Argentina,2018,8.76226,0.870999,7.074766,5.351748,9.940349,33.51541,27.72065
Argentina,2019,8.69963,0.658836,8.516843,8.593005,7.573145,13.5041,45.68394
Argentina,2020,,0.560341,8.990295,4.690404,,22.83499,65.34588
Argentina,2021,,,6.343096,7.788562,,54.64248,47.0523
Armenia,1990,,,,,,,
Armenia,1991,,,,,,,
Armenia,1992,,,,,,,
Armenia,1993,,,,,,,
Armenia,1994,,,,,,,
Armenia,1995,,,,,,,
Armenia,1996,,,,,,,
Armenia,1997,,,,,,,
Armenia,1998,,,,,,,
Armenia,1999,,,,,,,
Armenia,2000,,,,,,,
Armenia,2001,,,,,,,
Armenia,2002,,,,,,,
Armenia,2003,,,,,,,
Armenia,2004,,,,,,,
Armenia,2005,,,,,,,
Armenia,2006,,,,,,,
Armenia,2007,,,,,,,
Armenia,2008,,,,,,,
Armenia,2009,,,,,,,
Armenia,2010,,,,,,,
Armenia,2011,,,,,,,
Armenia,2012,,,,,,,
Armenia,2013,,,,,,,
Armenia,2014,,,,,,,
Armenia,2015,,,,,,,
Armenia,2016,,,,,,,
Armenia,2017,,,,,,,
Armenia,2018,,,,,,,
Armenia,2019,,,,,,,
Armenia,2020,,,,,,,
Armenia,2021,,,,,,,
Australia,1990,34.6697,12.908,,,37.23142,-5.865952,14.56249
Australia,1991,44.4373,14.0138,,,31.536,1.48921,14.52198
Australia,1992,41.5242,12.921,,,31.11677,3.524753,12.52693
Australia,1993,65.5064,21.376,,,32.63183,15.59336,11.71217
Australia,1994,67.8006,30.8507,,,45.50218,13.89216,13.14361
Australia,1995,66.6507,26.6902,,,40.04486,-1.327829,12.90931
Australia,1996,77.9071,36.1426,,,46.39185,11.58374,11.08099
Australia,1997,67.9415,34.5057,,,50.78744,12.36025,12.10985
Australia,1998,82.3547,38.9414,,,47.28493,4.680654,16.29307
Australia,1999,109.955,51.0946,,,46.46844,11.38452,14.92303
Australia,2000,89.7054,51.3079,3.563021,6.059667,57.19596,6.710157,13.64658
Australia,2001,98.9572,63.4609,4.264513,5.445686,64.12971,2.054918,12.69843
Australia,2002,96.1411,73.5934,3.779637,7.171052,76.54721,-2.071625,12.24306
Australia,2003,125.276,90.2178,3.41086,7.131952,72.01508,-3.735325,11.62272
Australia,2004,126.416,88.7255,4.047412,8.927856,70.18552,16.32624,8.465343
Australia,2005,115.673,88.1444,3.437681,9.175912,76.20128,20.32981,7.558538
Australia,2006,146.592,114.9,3.928466,9.391994,78.38094,18.71448,10.80258
Australia,2007,152.035,160.812,3.428282,8.356266,105.7724,22.44602,13.70636
Australia,2008,64.8141,79.586,4.194276,7.942716,122.7912,-19.04465,22.23393
Australia,2009,135.975,90.6726,3.362762,6.776009,66.68316,-19.19205,29.74648
Australia,2010,126.743,98.5838,3.548779,11.98079,77.78238,14.92533,20.57835
Australia,2011,85.7129,80.7266,3.960972,11.31956,94.1825,-2.493348,15.83192
Australia,2012,89.6777,58.562,4.652957,10.64673,65.30267,-4.606897,17.58575
Australia,2013,86.654,49.9818,4.105418,8.618248,57.67975,16.49662,12.7708
Australia,2014,87.8163,47.9375,4.146251,10.27666,54.58844,6.723285,11.29567
Australia,2015,87.8973,55.5807,4.400231,21.04216,63.23366,1.539374,12.5513
Australia,2016,105.122,65.8811,4.207602,11.41098,62.67097,-2.574723,16.33402
Australia,2017,113.685,63.5152,4.370483,10.09313,55.86957,9.436575,12.41792
Australia,2018,88.3986,54.1835,4.697752,10.277,61.29449,4.142107,9.537318
Australia,2019,106.871,59.9321,5.544773,10.61034,56.07871,7.163341,10.72096
Australia,2020,129.576,92.343,3.974396,13.64148,71.26557,-4.481453,22.25657
Australia,2021,,,4.252137,30.21037,,19.30285,21.6974
Austria,1990,15.8111,34.6451,,,219.1181,71.88973,27.40368
Austria,1991,13.9429,4.42239,,,31.71794,-17.59601,31.83984
Austria,1992,10.124,2.4388,,,24.08928,-18.73316,23.44232
Austria,1993,13.782,3.45948,,,25.10144,-1.135692,21.19862
Austria,1994,14.1596,4.31029,,,30.44073,23.87732,16.60433
Austria,1995,12.7023,5.39367,,,42.46225,-10.00884,13.35769
Austria,1996,13.4518,4.35758,,,32.39395,8.551574,13.72599
Austria,1997,17.3034,5.67299,,,32.78534,20.27908,14.10295
Austria,1998,1.19132,8.27288,,,694.4285,3.429255,21.14303
Austria,1999,15.1998,5.43736,,,35.77261,-11.9215,23.81027
Austria,2000,15.1732,4.89927,5.00274,6.418291,32.28892,-4.088838,17.54662
Austria,2001,12.7611,3.70297,5.458531,10.61153,29.01757,2.574961,14.72276
Austria,2002,15.6618,3.03519,5.289203,7.880026,19.37955,2.305264,14.34525
Austria,2003,21.5509,4.58903,5.874919,9.237237,21.29387,10.2405,14.32851
Austria,2004,29.1173,8.60078,6.209833,6.837195,29.53838,51.67802,13.41897
Austria,2005,39.9413,13.7074,4.945317,9.763988,34.31892,51.36089,14.06215
Austria,2006,57.3243,24.6729,5.876719,7.507316,43.04097,31.41422,16.74465
Austria,2007,60.7547,33.1809,7.338049,5.969607,54.61455,17.29832,20.15356
Austria,2008,17.6573,22.7142,3.261539,5.264547,128.6393,-27.28248,26.92637
Austria,2009,28.3942,12.8211,4.434629,6.810319,45.15387,-36.45,46.79188
Austria,2010,32.1285,12.4501,5.032352,8.668057,38.75097,19.85159,35.27425
Austria,2011,19.7527,8.98522,4.087171,7.859088,45.48855,-3.693253,24.42377
Austria,2012,25.9004,5.77417,4.939671,9.823038,22.29373,-14.79345,28.52169
Austria,2013,27.3533,6.16657,5.767782,9.402486,22.54417,16.94418,21.59969
Austria,2014,21.8693,6.48898,6.283523,6.723308,29.67162,-2.364093,16.81314
Austria,2015,25.1536,8.30768,6.310734,17.26269,33.02784,1.291351,17.73012
Austria,2016,30.5622,6.70793,4.705109,6.959225,21.94843,-5.315959,22.35299
Austria,2017,36.1035,9.58318,6.134738,,26.54362,34.82397,18.48527
Austria,2018,25.6613,8.66314,5.981722,,33.75956,7.183068,13.8469
Austria,2019,29.9089,7.52338,4.975596,6.154367,25.1543,-8.603352,15.8682
Austria,2020,30.486,9.1815,2.481851,,30.11707,-20.46751,27.66775
Austria,2021,,,4.093833,41.4375,,42.29565,28.12563
Azerbaijan,1990,,,,,,,
Azerbaijan,1991,,,,,,,
Azerbaijan,1992,,,,,,,
Azerbaijan,1993,,,,,,,
Azerbaijan,1994,,,,,,,
Azerbaijan,1995,,,,,,,
Azerbaijan,1996,,,,,,,
Azerbaijan,1997,,,,,,,
Azerbaijan,1998,0.06837,,,,,,
Azerbaijan,1999,0.070284,,,,,,
Azerbaijan,2000,,,,,,,
Azerbaijan,2001,,,,,,,
Azerbaijan,2002,,,,,,,
Azerbaijan,2003,,,,,,,
Azerbaijan,2004,,,,,,,
Azerbaijan,2005,,,11.21512,1.0,,,
Azerbaijan,2006,,,4.753718,1.0,,,
Azerbaijan,2007,,,,,,,
Azerbaijan,2008,,,,,,,
Azerbaijan,2009,,,,,,,
Azerbaijan,2010,,,,,,,
Azerbaijan,2011,,,12.00822,5.027397,,,
Azerbaijan,2012,,,,5.024658,,,
Azerbaijan,2013,,,3.756164,10.02466,,,
Azerbaijan,2014,,,,,,,
Azerbaijan,2015,,,7.513792,15.0274,,,
Azerbaijan,2016,,,12.75641,10.02466,,,
Azerbaijan,2017,,,10.00548,9.046576,,,
Azerbaijan,2018,,,,,,,
Azerbaijan,2019,,,,,,,
Azerbaijan,2020,,,5.027397,5.027397,,,
Azerbaijan,2021,,,,,,,
Belgium,1990,31.8748,3.54835,,,11.13215,,
Belgium,1991,33.7814,3.21173,,,9.50738,,
Belgium,1992,27.3041,3.3098,,,12.12201,,
Belgium,1993,34.6988,4.69753,,,13.53802,,
Belgium,1994,34.353,5.30549,,,15.44405,,
Belgium,1995,35.2129,5.27599,,,14.9831,,
Belgium,1996,42.5506,7.8357,,,18.41502,,
Belgium,1997,54.1867,11.2648,,,20.78885,,15.41929
Belgium,1998,94.395,22.8064,,,24.16056,35.65683,16.03805
Belgium,1999,71.3024,19.5791,,,27.45928,3.067168,21.76655
Belgium,2000,77.0635,16.2945,3.936721,15.1714,21.14427,-9.659908,19.14981
Belgium,2001,70.051,15.9562,2.822233,10.71355,22.77799,-6.014536,14.27529
Belgium,2002,49.3671,14.7717,4.630243,23.02566,29.9222,-10.98267,17.73651
Belgium,2003,54.5621,13.0015,4.929894,11.96636,23.82879,-14.9635,26.03341
Belgium,2004,74.0077,20.3419,6.459105,11.75867,27.48615,30.98533,15.81962
Belgium,2005,74.7913,27.617,5.125381,9.461083,36.92538,29.321,8.925385
Belgium,2006,97.0382,33.1293,3.83479,21.34391,34.14044,23.98908,9.9995
Belgium,2007,81.8719,49.1737,4.160876,11.46587,60.06172,13.63335,12.86709
Belgium,2008,32.3235,36.8655,2.391311,6.442259,114.0517,-27.07071,20.87714
Belgium,2009,53.754,25.5018,5.903888,7.831143,47.44173,-30.35768,32.99659
Belgium,2010,55.8194,22.3127,4.077997,6.034466,39.97304,19.57645,23.31264
Belgium,2011,43.8195,19.7295,5.208932,6.887218,45.02444,-3.780365,19.07504
Belgium,2012,60.3679,20.3416,3.933978,9.039901,33.69604,3.173774,20.26724
Belgium,2013,71.7386,22.0983,4.213302,9.083834,30.80389,15.98111,15.49329
Belgium,2014,70.7009,20.0317,6.017605,10.76922,28.33301,18.03402,14.21778
Belgium,2015,89.6657,,3.588334,9.436638,,13.83512,17.51686
Belgium,2016,79.4316,,8.531571,19.00388,,-4.759862,21.48755
Belgium,2017,87.0772,,7.070322,12.95883,,6.62075,15.34365
Belgium,2018,59.0954,,7.869614,32.19751,,-4.866691,10.45326
Belgium,2019,,,7.432765,16.92681,,-4.055362,12.67494
Belgium,2020,,,6.102633,40.35072,,-15.98029,25.08851
Belgium,2021,,,5.0228,8.650996,,17.81941,25.1318
Bulgaria,1990,,,,,,,
Bulgaria,1991,,,,,,,
Bulgaria,1992,,,,,,,
Bulgaria,1993,0.110806,0.020314,,,18.33333,,
Bulgaria,1994,0.498071,0.022686,,,4.554865,,
Bulgaria,1995,0.306269,0.022125,,,7.223942,,
Bulgaria,1996,0.04555,0.078818,,,173.0357,,
Bulgaria,1997,,0.38291,,,,,
Bulgaria,1998,0.960168,0.972077,,,101.2403,,
Bulgaria,1999,0.752092,0.042562,,,5.659089,,
Bulgaria,2000,0.974571,0.031029,,,3.183825,,
Bulgaria,2001,0.579547,0.495646,,,85.52311,-16.08438,59.7873
Bulgaria,2002,4.39948,0.99434,,,22.6013,52.01363,48.61628
Bulgaria,2003,8.30041,0.549587,,,6.6212,124.9766,32.58609
Bulgaria,2004,10.7193,1.75148,6.877438,5.00274,16.33945,68.30984,20.69317
Bulgaria,2005,17.0263,2.61633,,,15.36646,52.17736,17.74762
Bulgaria,2006,30.0321,5.43418,5.50274,6.557786,18.09458,18.27319,15.3735
Bulgaria,2007,48.7954,15.2781,,,31.31058,59.03192,13.22632
Bulgaria,2008,16.3126,2.41527,12.12649,2.013065,14.80617,-32.59328,24.46412
Bulgaria,2009,16.6332,0.936288,,,5.629035,-62.6418,37.21651
Bulgaria,2010,14.5542,0.744346,,,5.114311,2.958404,26.17119
Bulgaria,2011,14.3091,0.558044,,,3.899918,-0.17651,16.23738
Bulgaria,2012,,0.666656,,,,-19.75912,14.97126
Bulgaria,2013,,1.57606,9.630161,5.00274,,36.43633,14.13927
Bulgaria,2014,,,,,,30.34764,14.34812
Bulgaria,2015,,,,,,-14.7771,14.37387
Bulgaria,2016,,,,,,0.2144209,10.44517
Bulgaria,2017,,,,,,39.55609,11.142
Bulgaria,2018,,,5.012391,6.977866,,-3.330317,9.805901
Bulgaria,2019,23.217,0.247289,,,1.065121,-10.84346,9.204751
Bulgaria,2020,25.3408,0.304181,,,1.200361,-19.26919,15.64084
Bulgaria,2021,,,5.466471,7.024658,,18.53938,14.99257
Bosnia and Herzegovina,1990,,,,,,,
Bosnia and Herzegovina,1991,,,,,,,
Bosnia and Herzegovina,1992,,,,,,,
Bosnia and Herzegovina,1993,,,,,,,
Bosnia and Herzegovina,1994,,,,,,,
Bosnia and Herzegovina,1995,,,,,,,
Bosnia and Herzegovina,1996,,,,,,,
Bosnia and Herzegovina,1997,,,,,,,
Bosnia and Herzegovina,1998,,,,,,,
Bosnia and Herzegovina,1999,,,,,,,
Bosnia and Herzegovina,2000,,,,,,,
Bosnia and Herzegovina,2001,,,,,,,
Bosnia and Herzegovina,2002,,,,,,,
Bosnia and Herzegovina,2003,,,,,,,
Bosnia and Herzegovina,2004,,,,,,,
Bosnia and Herzegovina,2005,,,,,,19.15544,23.61734
Bosnia and Herzegovina,2006,,,,,,39.98301,18.12088
Bosnia and Herzegovina,2007,,,,,,96.09167,22.40981
Bosnia and Herzegovina,2008,,,,,,-50.59959,22.38527
Bosnia and Herzegovina,2009,,,,,,-43.9926,16.00605
Bosnia and Herzegovina,2010,,,,,,-9.331928,11.14946
Bosnia and Herzegovina,2011,,,,,,12.48911,10.67685
Bosnia and Herzegovina,2012,,,,,,-17.3101,12.40157
Bosnia and Herzegovina,2013,,,,,,-6.541847,8.614407
Bosnia and Herzegovina,2014,,,,,,-7.417332,8.670613
Bosnia and Herzegovina,2015,,,,,,-1.257947,10.23222
Bosnia and Herzegovina,2016,,,,,,-16.26611,12.03418
Bosnia and Herzegovina,2017,,,,,,-3.19347,12.62192
Bosnia and Herzegovina,2018,,,,,,-6.588345,12.90345
Bosnia and Herzegovina,2019,,,,,,17.5132,16.14123
Bosnia and Herzegovina,2020,,,,,,-3.59558,14.91107
Bosnia and Herzegovina,2021,,,,,,-1.577103,13.11862
Belarus,1990,,,,,,,
Belarus,1991,,,,,,,
Belarus,1992,,,,,,,
Belarus,1993,,,,,,,
Belarus,1994,,,,,,,
Belarus,1995,,,,,,,
Belarus,1996,,,,,,,
Belarus,1997,,,,,,,
Belarus,1998,,,,,,,
Belarus,1999,,,,,,,
Belarus,2000,,,,,,,
Belarus,2001,,,,,,,
Belarus,2002,,,,,,,
Belarus,2003,,,,,,,
Belarus,2004,,,,,,,
Belarus,2005,,,,,,,
Belarus,2006,,,,,,,
Belarus,2007,,,,2.991781,,,
Belarus,2008,,,,,,,
Belarus,2009,,,,,,,
Belarus,2010,,,,,,,
Belarus,2011,,,,,,,
Belarus,2012,,,,,,,
Belarus,2013,,,,,,,
Belarus,2014,0.729326,0.031796,,,4.359701,,
Belarus,2015,0.945908,0.01495,,,1.580495,,
Belarus,2016,2.59573,0.038514,,,1.483754,,
Belarus,2017,,0.040182,,5.035616,,,
Belarus,2018,,0.023654,,,,,
Belarus,2019,,0.023242,9.89452,9.89452,,,
Belarus,2020,,0.009839,,5.002219,,,
Belarus,2021,,,,5.172603,,,
Brazil,1990,,1.4954,,,,,
Brazil,1991,,3.4347,,,,,135.9037
Brazil,1992,,7.02713,,,,1287.654,133.8907
Brazil,1993,,9.55428,,,,3014.219,107.5172
Brazil,1994,,15.562,,,,4012.566,62.55163
Brazil,1995,,10.256,,,,32.70412,63.37688
Brazil,1996,,13.6553,,,,50.41954,42.84409
Brazil,1997,,24.6148,,,,76.85431,28.84624
Brazil,1998,,20.0139,,,,-10.65093,47.63644
Brazil,1999,,26.4908,,,,19.78516,61.48234
Brazil,2000,34.5035,14.3492,4.263397,3.537167,41.58759,46.6328,40.73735
Brazil,2001,33.2577,11.5141,4.021854,7.174179,34.6208,-13.66381,32.47533
Brazil,2002,24.8652,7.72363,4.997689,8.538649,31.06202,-18.23553,33.66077
Brazil,2003,42.0182,12.6253,3.585845,6.870206,30.04721,25.97274,32.07866
Brazil,2004,49.3578,16.9855,5.546387,8.312407,34.41305,54.44777,27.98947
Brazil,2005,53.2334,19.1693,6.328685,9.43136,36.00993,23.40851,26.62946
Brazil,2006,64.1234,25.232,5.978508,9.257349,39.34921,38.26445,24.84254
Brazil,2007,98.0386,46.198,5.754764,8.898974,47.12225,39.709,25.12647
Brazil,2008,34.9066,33.6032,6.65978,10.54421,96.26614,3.73991,32.81034
Brazil,2009,80.219,42.4636,9.476668,10.81139,52.93461,-4.383848,48.43276
Brazil,2010,69.9719,41.1136,6.962289,8.404164,58.75726,27.42207,31.71962
Brazil,2011,46.9749,31.5316,7.221455,8.118324,67.12443,-8.986051,21.43158
Brazil,2012,49.7904,33.7348,7.115852,8.086727,67.75355,-2.639687,24.47647
Brazil,2013,41.2669,29.9123,5.004138,7.505822,72.48513,-9.89792,22.07851
Brazil,2014,34.3599,26.228,5.715046,7.389533,76.33319,-1.962304,21.30433
Brazil,2015,27.2184,23.3035,5.516891,9.96569,85.61642,-5.53482,24.79663
Brazil,2016,42.2432,31.2459,4.763084,6.178722,73.96668,6.885849,26.61628
Brazil,2017,46.2665,31.1363,4.562568,7.09123,67.29784,28.06121,24.04781
Brazil,2018,47.8277,40.1264,5.901926,6.24506,83.89787,19.97747,20.41376
Brazil,2019,63.3838,55.4493,6.688372,9.129176,87.4818,23.28735,21.43441
Brazil,2020,68.2312,94.8245,8.387139,12.37238,138.9753,-1.875297,35.06549
Brazil,2021,,,4.076695,62.07086,,18.17099,33.79318
Canada,1990,77.2278,11.4702,,,14.85248,-7.404883,9.093241
Canada,1991,83.3377,12.0157,,,14.41811,-0.8672687,9.116957
Canada,1992,77.3058,12.7797,,,16.53135,-1.300218,8.125984
Canada,1993,103.179,23.1056,,,22.39379,12.75741,7.820632
Canada,1994,99.5809,27.0077,,,27.12135,11.27931,9.683888
Canada,1995,111.21,30.3636,,,27.30295,3.478729,9.569884
Canada,1996,139.973,42.1579,,,30.11848,17.95708,8.235611
Canada,1997,154.279,51.5977,,,33.44438,23.99407,9.846744
Canada,1998,170.651,56.262,,,32.96903,4.910454,15.09659
Canada,1999,213.481,57.8811,,,27.11308,3.566127,18.96096
Canada,2000,103.5,84.3864,3.849211,11.55154,81.53262,37.91904,19.95185
Canada,2001,83.2586,60.3466,2.483515,9.428189,72.48096,-19.78147,24.74506
Canada,2002,116.831,58.9577,2.888144,13.27581,50.46393,-9.332341,18.23544
Canada,2003,101.64,56.5634,2.850997,12.80906,55.65054,1.037264,15.34598
Canada,2004,114.691,68.8128,3.45058,11.98037,59.99859,20.68017,11.32466
Canada,2005,126.347,79.4564,3.84708,14.11314,62.88756,17.5634,10.63492
Canada,2006,128.913,93.7752,3.792517,12.75767,72.74281,18.34172,11.74154
Canada,2007,148.864,118.803,3.480494,17.24294,79.80592,13.8436,13.26628
Canada,2008,66.5588,96.7701,2.944291,12.37368,145.3903,-8.412651,19.92592
Canada,2009,122.028,96.9608,2.293261,12.53339,79.45763,-18.45872,37.53035
Canada,2010,134.245,86.8612,3.067746,12.91831,64.70375,18.74887,24.61854
Canada,2011,106.666,82.1867,3.478426,13.15589,77.05039,7.280942,14.26877
Canada,2012,112.667,73.7255,3.592999,13.08995,65.4364,-6.668544,17.01751
Canada,2013,114.471,71.6768,3.587396,12.10087,62.61557,5.39273,12.34927
Canada,2014,116.042,74.4172,3.817408,11.97419,64.12979,14.80204,9.530421
Canada,2015,102.37,70.4188,4.041292,14.82683,68.78845,-2.085025,11.48874
Canada,2016,130.467,75.4824,3.773858,31.3248,57.85571,-1.96119,14.97211
Canada,2017,143.522,77.6194,3.830562,36.17895,54.08183,10.64749,10.78296
Canada,2018,112.321,79.617,4.243285,15.08562,70.88358,1.243191,8.210422
Canada,2019,138.294,82.2361,4.596335,23.60132,59.46478,3.678098,9.63318
Canada,2020,160.533,61.4133,3.485129,32.0764,38.25579,-1.765602,24.27321
Canada,2021,,,3.632642,32.57557,,23.70417,22.86709
Switzerland,1990,59.264,150.58,,,254.0833,-0.8347346,19.45506
Switzerland,1991,70.4786,27.3147,,,38.75601,0.5746624,20.99265
Switzerland,1992,69.2962,25.8426,,,37.29292,13.40588,15.4526
Switzerland,1993,99.4175,68.682,,,69.08442,28.27665,13.07462
Switzerland,1994,94.4794,84.7645,,,89.71745,14.22206,14.33508
Switzerland,1995,112.734,90.3675,,,80.1596,4.342664,14.17677
Switzerland,1996,117.568,121.95,,,103.7276,27.77184,12.04141
Switzerland,1997,194.95,183.074,,,93.90793,44.1735,14.4813
Switzerland,1998,226.798,226.432,,,99.8388,35.96146,21.10165
Switzerland,1999,227.198,155.852,,,68.59768,0.5256423,26.13176
Switzerland,2000,283.131,226.592,3.436044,5.586158,80.03097,8.003093,18.30373
Switzerland,2001,183.603,204.227,1.62444,4.993493,111.2331,-9.774492,16.96299
Switzerland,2002,197.523,158.221,2.704714,5.668677,80.1026,-17.75658,24.33169
Switzerland,2003,200.269,123.579,3.401911,8.391336,61.70678,-15.36679,29.54889
Switzerland,2004,204.447,10.8139,3.699727,8.071892,5.289339,16.16862,19.07313
Switzerland,2005,223.21,13.4702,3.435085,10.33329,6.034785,14.78123,11.49131
Switzerland,2006,273.215,18.3117,3.414335,6.539903,6.702284,25.04146,11.12765
Switzerland,2007,258.27,255.15,3.256364,9.142215,98.79232,11.37485,13.511
Switzerland,2008,154.362,247.722,2.605049,5.628003,160.4808,-22.87992,21.43813
Switzerland,2009,190.736,138.054,1.806808,5.976829,72.37991,-18.15498,31.8754
Switzerland,2010,203.727,145.064,5.111812,7.358373,71.2054,14.26716,20.43866
Switzerland,2011,150.895,114.662,4.568819,7.847999,75.98823,-6.96037,16.24838
Switzerland,2012,178.214,85.5338,2.189608,8.550664,47.99488,4.880247,18.71184
Switzerland,2013,216.163,98.1532,2.48928,7.701757,45.40695,24.13906,13.42153
Switzerland,2014,203.611,99.9538,3.233456,8.575286,49.09053,9.259698,12.7436
Switzerland,2015,216.382,136.042,3.438956,9.131146,62.87135,4.278666,16.46402
Switzerland,2016,201.747,120.362,2.614454,23.57086,59.65972,-10.14433,19.46766
Switzerland,2017,239.397,134.615,3.908406,11.03635,56.23118,10.90835,13.75023
Switzerland,2018,195.932,127.573,4.285077,13.77969,65.11046,-0.1616921,11.28314
Switzerland,2019,250.688,131.969,4.299751,28.23013,52.64258,9.556811,13.07962
Switzerland,2020,266.083,173.839,3.427252,24.88391,65.33278,4.005868,19.07962
Switzerland,2021,,,3.287395,10.20436,,15.14756,18.22965
Chile,1990,,4.76235,,,,44.30386,22.78897
Chile,1991,74.3718,4.67517,,,6.286213,180.478,22.92964
Chile,1992,70.1779,4.17968,,,5.955829,61.01736,25.11429
Chile,1993,90.9441,5.35787,,,5.891389,18.4994,17.4447
Chile,1994,119.369,9.29389,,,7.785852,80.28097,17.95385
Chile,1995,99.2929,15.0939,,,15.20135,10.9523,24.05215
Chile,1996,83.9603,1.3725,,,1.634696,1.595755,20.14221
Chile,1997,84.0396,8.66406,,,10.3095,9.015449,14.94272
Chile,1998,63.2551,5.24304,,,8.288735,-21.26245,20.35119
Chile,1999,90.2527,8.62735,,,9.559105,12.19408,28.12908
Chile,2000,77.1896,7.36571,5.126854,5.155952,9.542362,15.47476,21.01827
Chile,2001,78.736,5.69251,3.540008,9.802529,7.229871,2.626505,15.03751
Chile,2002,70.8828,3.78662,4.857718,10.28857,5.342083,-7.658301,14.24789
Chile,2003,113.095,9.88486,4.919007,12.80943,8.740353,18.46462,15.39693
Chile,2004,118.011,13.2031,5.804282,15.78622,11.18807,24.93981,14.45588
Chile,2005,111.592,16.7196,7.979299,17.5384,14.98285,28.14878,11.87885
Chile,2006,113.377,18.0786,7.807229,20.75789,15.94563,11.21403,12.26027
Chile,2007,123.379,26.1712,8.784662,12.11602,21.21206,41.50339,15.00644
Chile,2008,73.3638,16.0702,10.86442,13.09378,21.90486,-12.29661,22.17954
Chile,2009,134.606,21.6052,9.027548,12.3868,16.05063,9.109028,26.05996
Chile,2010,157.435,26.6807,8.308789,10.14864,16.9472,41.36483,16.47299
Chile,2011,107.589,20.4067,6.809578,10.26561,18.96733,4.298296,15.28046
Chile,2012,117.273,17.4012,6.204818,14.32685,14.83822,-2.69268,19.14594
Chile,2013,95.6394,14.8705,7.464296,16.12414,15.54855,-6.177364,12.50965
Chile,2014,89.9155,10.4589,9.767501,12.8037,11.6319,-5.437212,14.05939
Chile,2015,78.4968,8.11334,8.770722,12.00311,10.33589,0.4649786,11.32245
Chile,2016,85.231,9.61623,10.4969,10.81553,11.28255,3.513059,11.85973
Chile,2017,106.626,13.7833,9.386198,14.94914,12.92678,23.15412,10.32869
Chile,2018,84.8806,14.7476,6.794545,17.1127,17.37454,10.23861,13.55441
Chile,2019,73.1525,13.1853,9.43357,24.7883,18.02437,-7.108819,12.8218
Chile,2020,73.0232,15.7196,5.046277,15.88111,21.52681,-20.72788,27.38737
Chile,2021,,,5.770286,17.44692,,11.07404,29.75494
China,1990,,,,,,,
China,1991,,,,,,34.7359,14.83386
China,1992,,,,,,308.9413,50.27354
China,1993,,8.98639,,,,50.22937,85.80166
China,1994,,12.0804,,,,-33.58858,62.00258
China,1995,,10.5546,,,,-2.773324,67.93215
China,1996,,35.6284,,,,15.33171,45.42821
China,1997,,38.5871,,,,54.31926,41.42594
China,1998,,27.6363,,,,7.831696,33.34969
China,1999,,,,,,8.401588,24.48774
China,2000,,62.1278,4.183048,3.979886,,36.72717,27.77146
China,2001,,34.5514,4.511649,10.8513,,5.031704,19.84341
China,2002,,22.9988,10.28237,11.83776,,-20.00693,24.35107
China,2003,30.897,23.3696,6.90399,13.10424,75.63702,-6.401013,22.39058
China,2004,22.8972,26.1588,7.338444,10.10698,114.2445,1.315421,18.88943
China,2005,17.5791,17.1642,7.510679,6.635421,97.63954,-22.17631,21.73404
China,2006,41.6206,42.1125,6.343502,9.772637,101.1817,39.55803,21.54581
China,2007,126.153,177.601,8.214218,9.805004,140.7822,161.1422,27.59157
China,2008,38.7171,84.9977,9.834229,6.069231,219.5352,-27.43804,38.86176
China,2009,70.0384,153.493,12.76939,5.468926,219.156,-10.45896,41.02893
China,2010,66.1694,135.658,6.931273,5.710229,205.0166,3.224294,29.54234
China,2011,45.1845,88.3796,5.431566,5.257053,195.5971,-5.71617,22.17808
China,2012,43.3342,58.9201,5.910061,5.355743,135.9667,-16.74319,18.92885
China,2013,41.2641,80.4144,5.474481,4.712774,194.8772,-1.043834,18.24372
China,2014,57.3227,114.163,5.087895,3.826956,199.1579,1.651831,17.32192
China,2015,74.0223,355.52,8.590735,3.536701,480.2873,65.56247,26.44536
China,2016,65.1701,162.865,6.85141,29.85313,249.9073,-18.8621,36.41521
China,2017,70.7634,139.909,6.589129,,197.7133,8.24282,17.76035
China,2018,45.5197,94.0685,5.475132,,206.6544,-9.237433,13.09916
China,2019,59.6326,127.786,4.276944,,214.288,-1.107039,19.9536
China,2020,83.1613,215.015,6.007749,,258.5513,7.069625,20.08504
China,2021,,,6.996288,69.51414,,13.47435,18.24084
Cameroon,1990,,,,,,,
Cameroon,1991,,,,,,,
Cameroon,1992,,,,,,,
Cameroon,1993,,,,,,,
Cameroon,1994,,,,,,,
Cameroon,1995,,,,,,,
Cameroon,1996,,,,,,,
Cameroon,1997,,,,,,,
Cameroon,1998,,,,,,,
Cameroon,1999,,,,,,,
Cameroon,2000,,,,,,,
Cameroon,2001,,,,,,,
Cameroon,2002,,,,,,,
Cameroon,2003,,,,,,,
Cameroon,2004,,,,,,,
Cameroon,2005,,,,,,,
Cameroon,2006,,,,,,,
Cameroon,2007,,,,,,,
Cameroon,2008,,,,,,,
Cameroon,2009,,,,,,,
Cameroon,2010,,,,,,,
Cameroon,2011,,,,,,,
Cameroon,2012,,,,,,,
Cameroon,2013,,,,,,,
Cameroon,2014,,,,,,,
Cameroon,2015,,,,,,,
Cameroon,2016,,,,,,,
Cameroon,2017,,,,,,,
Cameroon,2018,,,,,,,
Cameroon,2019,,,,,,,
Cameroon,2020,,,,,,,
Cameroon,2021,,,,,,,
Colombia,1990,,0.225733,,,,,
Colombia,1991,,0.728004,,,,,
Colombia,1992,,1.41735,,,,,
Colombia,1993,,1.36651,,,,,
Colombia,1994,,3.22263,,,,,
Colombia,1995,,1.29936,,,,,
Colombia,1996,,2.63174,,,,,
Colombia,1997,,2.23984,,,,,
Colombia,1998,,3.31458,,,,,
Colombia,1999,,1.60351,,,,,
Colombia,2000,,1.18034,,,,,
Colombia,2001,,0.798275,,,,,
Colombia,2002,,1.05244,,,,31.8821,19.91995
Colombia,2003,,0.851425,,,,59.05146,16.26337
Colombia,2004,,1.7762,,,,68.13393,18.19111
Colombia,2005,34.68,6.55732,5.213555,6.00274,18.90805,83.7837,21.53569
Colombia,2006,34.7759,9.66299,3.995221,8.035191,27.78644,62.71061,29.30712
Colombia,2007,49.4495,8.36523,3.714811,9.041039,16.91671,8.426517,33.49134
Colombia,2008,36.2184,7.44633,7.108989,9.325902,20.55953,-16.52982,23.12626
Colombia,2009,60.4652,8.54122,6.297596,8.799507,14.12584,7.739748,26.649
Colombia,2010,72.7595,7.92048,7.792839,9.249125,10.88584,38.12535,17.54594
Colombia,2011,60.0983,7.74647,9.086001,10.09641,12.88968,4.400821,16.55115
Colombia,2012,70.6622,8.68188,8.580525,9.026867,12.28645,3.152928,18.40782
Colombia,2013,53.0449,5.3411,4.936009,11.00336,10.06901,-3.345268,15.09728
Colombia,2014,38.5046,4.51731,4.662468,13.2615,11.73186,-3.809024,12.93054
Colombia,2015,29.2882,3.94796,5.437959,10.89506,13.47969,-25.85692,16.67617
Colombia,2016,36.7077,5.0094,14.37898,13.36461,13.64672,-1.916255,18.28211
Colombia,2017,38.9495,4.44569,5.832009,11.53135,11.41398,10.18833,12.76908
Colombia,2018,31.0739,4.08812,7.725174,8.791345,13.15612,13.17728,11.86115
Colombia,2019,40.8655,4.30345,9.165527,9.99545,10.53077,5.193564,14.37123
Colombia,2020,39.3323,3.69963,4.180989,9.515518,9.406087,4.947383,13.92408
Colombia,2021,,,3.454427,10.83407,,0.0,13.69
Costa Rica,1990,,,,,,,
Costa Rica,1991,,,,,,,
Costa Rica,1992,,,,,,,
Costa Rica,1993,3.7254,0.114788,,,3.081233,,
Costa Rica,1994,,0.206927,,,,,
Costa Rica,1995,5.32759,0.135941,,,2.551633,,
Costa Rica,1996,6.70133,0.115683,,,1.726275,,
Costa Rica,1997,6.52014,0.136746,,,2.09729,,
Costa Rica,1998,9.56055,0.236476,,,2.473458,,
Costa Rica,1999,16.1934,1.4614,,,9.024628,,
Costa Rica,2000,,,,,,,
Costa Rica,2001,,,,,,,
Costa Rica,2002,,,,,,,
Costa Rica,2003,3.01353,0.665248,1.0,10.03288,22.07535,,
Costa Rica,2004,8.37319,0.201928,,10.03836,2.411602,,
Costa Rica,2005,7.53589,0.109278,,,1.450101,,
Costa Rica,2006,8.27544,0.272193,,,3.289162,,
Costa Rica,2007,8.11547,0.266657,,,3.285789,,
Costa Rica,2008,6.18579,0.176808,,,2.858298,,
Costa Rica,2009,4.77621,0.101933,,,2.13418,,
Costa Rica,2010,3.83689,0.109802,,,2.86175,,
Costa Rica,2011,3.50404,0.086127,6.947263,10.0274,2.457922,,
Costa Rica,2012,,0.071139,7.005479,9.528768,,,
Costa Rica,2013,3.82725,0.129736,5.021918,30.03836,3.389796,,
Costa Rica,2014,4.90491,0.233888,,,4.768437,,
Costa Rica,2015,4.16981,0.091882,,,2.203508,,
Costa Rica,2016,4.95828,0.061108,,,1.232435,,
Costa Rica,2017,4.97514,0.091496,3.00274,13.10118,1.839071,,
Costa Rica,2018,3.84671,0.074063,,,1.925352,,
Costa Rica,2019,3.44215,0.056817,,,1.650619,,
Costa Rica,2020,3.05879,0.048715,,,1.592611,,
Costa Rica,2021,,,5.87867,10.03288,,,
Cyprus,1990,,,,,,,
Cyprus,1991,,,,,,,
Cyprus,1992,,,,,,,
Cyprus,1993,,0.426385,,,,,
Cyprus,1994,,1.18777,,,,,
Cyprus,1995,,2.98697,,,,,
Cyprus,1996,,4.57954,,,,,
Cyprus,1997,,4.21562,,,,,
Cyprus,1998,,6.83312,,,,,
Cyprus,1999,,61.0503,,,,,
Cyprus,2000,,95.5483,,,,,
Cyprus,2001,,30.283,,,,,
Cyprus,2002,,5.84927,,2.991781,,,
Cyprus,2003,,2.13304,,,,,
Cyprus,2004,,1.52824,,3.989041,,,
Cyprus,2005,,2.56491,,,,33.41745,16.49137
Cyprus,2006,80.4971,15.6755,,,19.4733,111.4118,25.31165
Cyprus,2007,71.9741,18.6272,11.51382,8.016438,25.88037,68.99168,26.53851
Cyprus,2008,28.6874,6.44431,,,22.46389,-41.1417,33.89836
Cyprus,2009,39.5788,6.78841,,,17.15164,-49.05687,51.98448
Cyprus,2010,26.5591,2.88546,,,10.86432,-7.170554,49.21471
Cyprus,2011,10.3511,1.62958,6.276474,7.306849,15.74306,-45.97417,44.98212
Cyprus,2012,7.98987,1.17945,,,14.76187,-74.56245,60.69506
Cyprus,2013,8.80608,0.172462,,,1.958446,-43.66991,61.51701
Cyprus,2014,17.4074,0.244463,,,1.404366,9.826719,43.0592
Cyprus,2015,13.5689,0.659698,,,4.861834,-30.9735,32.77559
Cyprus,2016,11.9853,0.354267,,,2.955849,-12.74998,16.6218
Cyprus,2017,12.3406,0.302249,,,2.449233,8.254021,12.55281
Cyprus,2018,12.9825,0.218484,,,1.682904,-3.663503,12.0313
Cyprus,2019,16.6349,0.217483,7.016438,7.016438,1.307391,-3.688127,13.47307
Cyprus,2020,19.0067,0.157824,,,0.8303574,-23.81943,16.83263
Cyprus,2021,,,,,,24.93763,17.00743
Czech Republic,1990,,,,,,,
Czech Republic,1991,,,,,,,
Czech Republic,1992,,,,,,,
Czech Republic,1993,4.2597,0.581157,,,13.64315,,
Czech Republic,1994,12.7149,3.19184,,,25.10314,,
Czech Republic,1995,15.272,4.56359,,,29.88209,-39.55696,20.18075
Czech Republic,1996,21.1434,9.39292,,,44.42473,18.83366,12.14614
Czech Republic,1997,17.3964,9.18684,,,52.80884,1.970383,13.09517
Czech Republic,1998,15.6132,7.0736,,,45.3052,-17.0255,18.35862
Czech Republic,1999,16.2382,6.03591,,,37.17109,3.395618,25.23866
Czech Republic,2000,15.7633,10.7557,6.717479,7.361333,68.23231,20.93346,22.53096
Czech Republic,2001,12.0194,5.08509,5.336405,5.00274,42.30746,-25.30173,24.19648
Czech Republic,2002,12.4779,7.20505,,,57.74226,6.437036,22.96023
Czech Republic,2003,15.4937,8.76046,4.142087,10.00822,56.54206,27.55609,19.92954
Czech Republic,2004,22.4442,15.0315,7.512861,10.05668,66.97289,48.36467,15.97317
Czech Republic,2005,25.4379,25.0396,2.00172,6.084657,98.43443,51.59274,16.94273
Czech Republic,2006,28.3956,18.4166,5.871229,9.457399,64.85727,17.76934,18.50408
Czech Republic,2007,36.235,19.8695,5.41601,4.396787,54.83501,20.09546,18.96766
Czech Republic,2008,17.276,13.6311,3.022264,21.30509,78.90209,-23.51846,25.33443
Czech Republic,2009,,12.8412,5.45099,6.255594,,-29.0512,45.20947
Czech Republic,2010,,10.5596,6.555495,10.91721,,21.60009,31.67582
Czech Republic,2011,,8.97707,4.848311,7.562332,,-5.277445,20.48915
Czech Republic,2012,,8.39567,5.229234,13.26009,,-14.47391,21.68816
Czech Republic,2013,,5.79586,4.519259,8.692075,,2.569964,16.54709
Czech Republic,2014,,5.14762,5.659575,7.159724,,1.577224,14.43797
Czech Republic,2015,,,4.68294,8.647587,,0.8209653,14.49234
Czech Republic,2016,,,5.571556,5.33702,,-11.47693,16.97364
Czech Republic,2017,,,5.643795,7.086144,,14.34023,13.70727
Czech Republic,2018,,,5.039782,,,7.861998,8.863564
Czech Republic,2019,10.4211,,6.096448,65.84959,,-2.942897,9.990191
Czech Republic,2020,10.8477,1.72369,5.169376,,15.89,-11.74141,18.92569
Czech Republic,2021,,,4.423871,,,29.27822,19.45559
Germany,1990,20.0551,30.6198,,,152.6781,23.40857,22.18743
Germany,1991,19.8299,23.4131,,,118.0694,-8.647459,23.95739
Germany,1992,15.4202,20.1768,,,130.8471,0.9383758,16.96776
Germany,1993,21.3243,25.5671,,,119.8961,9.617721,13.19743
Germany,1994,22.6383,27.3779,,,120.9361,18.16608,13.97409
Germany,1995,22.3287,22.4355,,,100.4782,0.712454,13.70665
Germany,1996,26.6207,5.999,,,22.53511,17.95031,11.73912
Germany,1997,37.3073,44.6757,,,119.7506,42.87914,14.8531
Germany,1998,48.8726,65.5979,,,134.2224,31.24329,23.28774
Germany,1999,65.2484,59.6139,,,91.36459,4.820633,26.72989
Germany,2000,65.2082,93.8015,4.231419,4.717955,143.8494,30.74417,22.58677
Germany,2001,55.0804,66.8648,3.591249,5.136416,121.395,-19.16066,22.99107
Germany,2002,33.0055,41.942,3.141103,6.81577,127.0758,-24.38585,28.96065
Germany,2003,43.1327,40.6645,3.472276,7.205433,94.27765,-21.5382,38.05096
Germany,2004,42.4437,41.9741,4.274214,5.417214,98.89348,25.70744,25.24676
Germany,2005,42.2267,45.2452,5.450916,12.32851,107.1483,18.11136,14.12969
Germany,2006,54.6835,65.1429,4.664791,12.0222,119.1272,26.39672,13.63169
Germany,2007,61.4553,95.0157,5.236564,6.909724,154.6095,26.38377,15.45808
Germany,2008,29.6529,111.865,5.102598,5.246968,377.248,-17.88145,22.0637
Germany,2009,37.885,52.4086,3.524088,5.419004,138.3361,-20.28662,36.12552
Germany,2010,42.0547,43.9648,4.804321,5.81389,104.542,24.60234,26.74103
Germany,2011,31.5924,41.9704,5.04425,6.097197,132.8497,7.161927,20.44542
Germany,2012,42.1393,35.4379,4.485885,6.892742,84.09695,4.325724,26.59126
Germany,2013,51.8534,35.1548,4.73147,6.919019,67.79648,22.89267,18.52831
Germany,2014,44.7029,32.6314,4.427565,7.975925,72.99616,15.05929,14.45042
Germany,2015,51.1022,43.0254,4.934619,7.647943,84.1947,16.77718,18.34303
Germany,2016,49.4557,32.3965,4.51463,20.03148,65.5061,-5.59023,23.42877
Germany,2017,61.2927,42.2287,5.577072,28.43959,68.8968,22.446,16.79665
Germany,2018,44.1299,40.6345,4.828195,33.1284,92.07925,1.024836,12.49904
Germany,2019,53.9608,34.7278,4.595294,41.07735,64.35737,0.0536552,14.94337
Germany,2020,59.3828,47.1631,3.858248,25.80994,79.42217,1.016533,24.4758
Germany,2021,,,5.127509,35.23188,,23.68082,24.37885
Denmark,1990,28.2555,8.60345,,,30.44874,-1.73618,13.66212
Denmark,1991,32.1728,7.20884,,,22.40663,-1.779742,14.40352
Denmark,1992,21.2462,9.94325,,,46.80024,-14.33743,13.77949
Denmark,1993,27.8873,13.9867,,,50.15442,3.894058,17.71324
Denmark,1994,30.099,16.5173,,,54.87668,12.98223,15.18329
Denmark,1995,30.3891,14.1651,,,46.61241,-4.186252,13.04008
Denmark,1996,37.8822,18.0187,,,47.56525,19.94303,10.2066
Denmark,1997,54.036,25.2747,,,46.77386,46.04104,11.61728
Denmark,1998,55.8644,37.9302,,,67.89698,28.20743,18.01372
Denmark,1999,54.7594,31.2209,,,57.01474,-2.525004,21.25452
Denmark,2000,68.1162,54.77,4.172063,11.49912,80.40682,39.89335,18.8505
Denmark,2001,51.6686,40.0664,2.769152,5.723134,77.54498,-2.413611,20.46705
Denmark,2002,42.9646,18.1979,4.435484,8.080736,42.35563,-19.89308,21.34621
Denmark,2003,55.774,20.1184,3.674686,8.455791,36.07123,-7.109257,23.87184
Denmark,2004,60.2093,27.127,3.692626,6.109315,45.0546,22.93369,16.95767
Denmark,2005,,,7.198351,7.060728,,26.5505,12.4135
Denmark,2006,,,6.464108,7.920477,,16.14365,14.41181
Denmark,2007,,,,,,21.43762,15.94379
Denmark,2008,,,2.912347,5.120031,,-20.32654,23.23592
Denmark,2009,,,4.080401,6.52589,,-22.9843,37.06651
Denmark,2010,,,5.086932,9.857519,,35.92804,26.56969
Denmark,2011,,,4.79351,7.039773,,3.66317,19.48054
Denmark,2012,,,5.173615,8.794828,,11.53559,20.60513
Denmark,2013,,,4.624146,9.624048,,19.3597,16.60268
Denmark,2014,,,4.944194,7.387186,,29.52172,14.73483
Denmark,2015,,,4.138724,8.562764,,31.00126,17.15659
Denmark,2016,,,5.328096,5.908448,,-1.184577,22.78759
Denmark,2017,,,4.720382,,,5.290041,17.98108
Denmark,2018,,,4.640555,66.41068,,-0.2820823,13.28383
Denmark,2019,,,4.754611,,,4.494156,15.10015
Denmark,2020,,,3.554326,27.27761,,23.73609,18.84267
Denmark,2021,,,3.865085,,,31.17646,19.70119
Dominican Republic,1990,,,,,,,
Dominican Republic,1991,,,,,,,
Dominican Republic,1992,,,,,,,
Dominican Republic,1993,,,,,,,
Dominican Republic,1994,,,,,,,
Dominican Republic,1995,,,,,,,
Dominican Republic,1996,,,,,,,
Dominican Republic,1997,,,,,,,
Dominican Republic,1998,,,,,,,
Dominican Republic,1999,,,,,,,
Dominican Republic,2000,,,12.00822,14.38178,,,
Dominican Republic,2001,,,,,,,
Dominican Republic,2002,,,,,,,
Dominican Republic,2003,,,,,,,
Dominican Republic,2004,,,,,,,
Dominican Republic,2005,,,11.51233,10.02466,,,
Dominican Republic,2006,,,,10.91173,,,
Dominican Republic,2007,,,5.635924,7.310701,,,
Dominican Republic,2008,,,,,,,
Dominican Republic,2009,,,,,,,
Dominican Republic,2010,,,,,,,
Dominican Republic,2011,,,,,,,
Dominican Republic,2012,,,5.859883,7.021918,,,
Dominican Republic,2013,,,,,,,
Dominican Republic,2014,,,5.00274,6.013973,,,
Dominican Republic,2015,,,1.975343,10.01897,,,
Dominican Republic,2016,,,14.80548,10.02552,,,
Dominican Republic,2017,,,8.44677,11.82025,,,
Dominican Republic,2018,,,16.01096,10.00822,,,
Dominican Republic,2019,,,10.0226,10.02264,,,
Dominican Republic,2020,,,,,,,
Dominican Republic,2021,,,5.00274,7.019178,,,
Spain,1990,20.7711,8.43107,,,40.59042,-11.79268,14.67538
Spain,1991,25.6112,8.35018,,,32.60369,0.9073332,21.637
Spain,1992,18.4215,6.03562,,,32.76401,-6.682334,17.80665
Spain,1993,22.6001,8.64441,,,38.24936,17.87972,18.28079
Spain,1994,29.2113,13.0592,,,44.70612,16.9059,17.38508
Spain,1995,31.0068,10.7274,,,34.59695,-5.005068,17.06727
Spain,1996,37.5089,16.1158,,,42.96526,26.49718,13.91084
Spain,1997,49.211,32.2229,,,65.47903,53.54838,15.80291
Spain,1998,64.9472,60.7439,,,93.52808,46.46328,23.70326
Spain,1999,67.8682,161.575,,,238.072,8.999289,29.80805
Spain,2000,84.2664,264.647,5.713466,7.763448,314.0605,8.531618,22.28254
Spain,2001,74.5748,237.391,6.970308,4.836499,318.3257,-19.45071,24.82245
Spain,2002,65.1224,63.9921,4.921392,8.061024,98.26426,-19.70035,28.50004
Spain,2003,80.0276,68.1351,6.564752,7.562624,85.13948,-5.065313,29.87471
Spain,2004,87.991,80.5331,7.441967,7.929989,91.5242,21.5955,18.4921
Spain,2005,83.2016,85.0676,7.95842,8.60049,102.2427,20.55623,12.00046
Spain,2006,104.96,118.891,8.157038,8.580318,113.2729,23.51536,11.41465
Spain,2007,122.105,154.572,9.016571,7.132972,126.5892,21.82933,14.4213
Spain,2008,58.1147,105.837,10.42326,6.844293,182.118,-19.97442,23.79282
Spain,2009,96.1828,85.6876,6.414576,9.417769,89.08829,-15.79218,36.69253
Spain,2010,82.3865,96.6362,7.870174,6.460548,117.2962,4.36898,29.7585
Spain,2011,69.6279,76.1521,7.490479,8.589944,109.3701,-8.208743,27.55654
Spain,2012,75.1155,65.2491,5.693401,7.03092,86.86497,-20.37166,28.91326
Spain,2013,82.3944,67.5179,5.427454,8.244889,81.94479,13.95217,26.39383
Spain,2014,72.4108,72.3239,5.227599,7.885144,99.87994,20.33616,18.04858
Spain,2015,65.8408,81.8331,7.032339,10.13409,124.2894,2.043072,19.67376
Spain,2016,57.1453,52.4202,6.117306,27.50502,91.73143,-18.18408,25.07341
Spain,2017,67.7189,55.9488,7.266656,68.38223,82.61914,17.52655,21.153
Spain,2018,50.9285,43.8912,6.244933,92.0761,86.18195,-6.515006,13.43337
Spain,2019,57.2333,35.9058,6.719914,,62.73585,-4.186031,13.35034
Spain,2020,59.2418,38.188,5.789846,86.40515,64.46119,-17.14377,24.86279
Spain,2021,,,6.276077,,,14.23485,26.46962
Estonia,1990,,,,,,,
Estonia,1991,,,,,,,
Estonia,1992,,,,,,,
Estonia,1993,,,,,,,
Estonia,1994,,,,,,,
Estonia,1995,,,,,,,
Estonia,1996,,,,,,,
Estonia,1997,,,,,,173.7138,30.44061
Estonia,1998,,12.1782,,,,-41.3821,57.00054
Estonia,1999,,4.87067,,,,-35.53271,50.68441
Estonia,2000,,5.84007,,,,31.66394,26.36777
Estonia,2001,,4.12973,,,,-8.350432,20.80272
Estonia,2002,,3.12976,15.01096,7.021918,,33.51122,18.50904
Estonia,2003,,6.2305,6.672101,3.003948,,39.84573,16.40889
Estonia,2004,,7.40331,,,,41.50264,16.00782
Estonia,2005,,,,15.03836,,72.2271,14.34639
Estonia,2006,,,,,,10.87509,10.39765
Estonia,2007,,,10.00822,3.032877,,32.00776,15.05057
Estonia,2008,,,,,,-40.42348,18.38618
Estonia,2009,,,,,,-36.21935,27.71383
Estonia,2010,,,,,,72.58739,28.29678
Estonia,2011,,,,7.035616,,11.71351,22.40823
Estonia,2012,,,5.0,6.523288,,-2.360384,20.83858
Estonia,2013,,,,5.378082,,28.38477,12.67425
Estonia,2014,,,,4.693151,,-3.413208,9.619272
Estonia,2015,,,12.00822,8.038356,,9.526703,9.747165
Estonia,2016,,,6.00274,4.060274,,13.97217,10.40341
Estonia,2017,,,,,,19.08267,7.947423
Estonia,2018,,,6.773064,5.027001,,6.210236,8.351609
Estonia,2019,,,5.035616,5.035616,,0.0987805,7.804329
Estonia,2020,,,,4.00274,,-3.069442,15.07851
Estonia,2021,,,,5.024658,,43.16375,16.95759
Finland,1990,16.0645,2.92614,,,18.21502,-26.12398,11.54245
Finland,1991,11.1129,1.18415,,,10.65559,-28.66927,13.47862
Finland,1992,10.6225,1.74005,,,16.38073,-20.85603,16.87705
Finland,1993,26.3687,8.75378,,,33.19762,58.47441,22.66937
Finland,1994,37.0092,12.8713,,,34.77851,50.94577,20.37095
Finland,1995,21.5504,14.3129,,,66.41612,3.798852,17.61423
Finland,1996,31.4509,3.43029,,,10.90681,6.472236,20.75679
Finland,1997,39.9123,27.3056,,,68.41397,56.95516,17.8982
Finland,1998,72.157,47.4459,,,65.75365,41.91343,25.65544
Finland,1999,30.1663,77.6745,,,257.4875,72.74014,33.7295
Finland,2000,26.3023,167.165,2.864196,6.753628,635.5499,90.04307,42.09046
Finland,2001,15.7423,138.2,3.645716,6.850441,877.8901,-42.3503,54.62127
Finland,2002,10.881,102.407,3.929716,10.88473,941.1469,-22.81905,47.0659
Finland,2003,10.931,82.9139,5.110366,9.610294,758.5209,-14.30697,37.83471
Finland,2004,10.302,95.5843,5.635011,6.463119,927.8225,7.403714,26.85798
Finland,2005,,,6.047029,5.19923,,17.37538,17.10415
Finland,2006,,,4.922534,8.580555,,24.76323,14.73281
Finland,2007,,,4.889039,6.739567,,24.39545,17.1095
Finland,2008,,,4.691122,,,-24.05181,25.50756
Finland,2009,,,5.317445,7.349103,,-32.70147,36.64969
Finland,2010,,,4.530232,5.650987,,21.57622,27.89061
Finland,2011,,,4.813172,7.589723,,-6.154336,21.31727
Finland,2012,,,3.968464,6.51212,,-14.21501,27.32161
Finland,2013,,,3.890398,6.563836,,16.42857,20.02908
Finland,2014,,,4.613905,7.922518,,16.26741,14.30425
Finland,2015,,,4.400765,6.579773,,12.84322,16.21728
Finland,2016,,,5.340852,21.97359,,-3.46224,20.99839
Finland,2017,,,5.526317,40.63515,,15.27038,16.08804
Finland,2018,,,4.824699,16.79523,,3.423926,11.55038
Finland,2019,,,5.465318,91.65765,,-3.362475,13.95598
Finland,2020,,,4.111319,65.22263,,1.65615,21.83695
Finland,2021,,,4.247066,99.61755,,27.7699,21.04801
France,1990,24.5582,9.62163,,,39.17896,7.937574,16.83715
France,1991,28.2203,9.72711,,,34.46849,-5.521007,21.87012
France,1992,23.3584,8.3301,,,35.66212,4.792505,18.56244
France,1993,34.4712,12.1395,,,35.21651,8.993908,18.66134
France,1994,32.4624,14.744,,,45.41866,2.780325,17.0398
France,1995,31.2251,13.1946,,,42.25624,-9.378906,17.74285
France,1996,36.4903,16.8109,,,46.06941,11.09505,16.04744
France,1997,46.4183,27.0804,,,58.33986,32.6301,16.18176
France,1998,10.0559,40.1818,,,399.5854,34.23581,22.58751
France,1999,100.656,48.4617,,,48.14567,22.96543,25.68709
France,2000,105.931,79.1059,3.531734,4.701055,74.6769,37.7211,21.96577
France,2001,85.2653,71.1997,4.144011,5.879873,83.50381,-19.94002,23.30337
France,2002,64.4072,68.7717,4.33261,7.639365,106.7765,-24.50893,28.23965
France,2003,73.51,59.7991,4.16654,10.26127,81.34828,-17.68288,35.0341
France,2004,73.5556,62.4511,4.469768,6.067873,84.90328,18.15249,21.61046
France,2005,80.0436,57.8738,5.850618,5.847628,72.30285,15.85258,12.78585
France,2006,104.642,86.8583,6.532514,8.199929,83.00528,19.67254,12.86654
France,2007,102.997,108.839,6.270943,9.151754,105.6716,12.11495,15.1336
France,2008,50.2476,82.1067,5.63496,6.535016,163.4043,-24.23244,23.55412
France,2009,72.0573,47.544,4.415699,7.259848,65.98085,-22.94214,37.93958
France,2010,72.2639,51.0427,4.898754,9.119673,70.63374,12.11317,27.84659
France,2011,54.2364,46.4183,6.096349,8.455914,85.58517,-4.294091,23.46292
France,2012,67.3774,40.0376,4.679346,8.368032,59.42284,-6.661311,27.3564
France,2013,81.8345,39.316,5.118685,7.998241,48.04329,17.98253,20.78452
France,2014,73.0365,40.9185,5.077011,12.87508,56.02475,9.683743,15.40628
France,2015,85.6152,54.4593,5.769134,8.715449,63.60931,11.40577,18.41038
France,2016,87.306,,5.454393,34.09452,,-8.460705,23.62713
France,2017,105.94,,5.924994,46.95956,,17.15836,17.37942
France,2018,84.772,,6.062267,43.00674,,2.114535,11.66965
France,2019,,,5.938336,,,3.267611,13.72222
France,2020,,,4.211976,54.21085,,-7.042095,24.65057
France,2021,,,5.864576,75.4262,,26.48564,24.61805
United Kingdom,1990,77.7416,27.8316,,,35.80008,-1.604535,12.61174
United Kingdom,1991,86.6224,29.2057,,,33.71614,8.702823,13.54103
United Kingdom,1992,80.9456,27.8413,,,34.39508,2.993301,12.91488
United Kingdom,1993,108.375,39.3068,,,36.26914,19.24123,13.19988
United Kingdom,1994,100.249,41.5705,,,41.4672,7.878866,10.35925
United Kingdom,1995,98.7756,37.2642,,,37.72611,4.70431,10.52823
United Kingdom,1996,120.381,41.4118,,,34.40075,15.00478,8.326374
United Kingdom,1997,132.616,53.6616,,,40.46377,18.02744,9.204751
United Kingdom,1998,138.966,63.185,,,45.46802,17.44639,14.11552
United Kingdom,1999,175.281,84.4594,,,48.18526,11.22653,18.48333
United Kingdom,2000,155.042,110.303,5.019984,6.333813,71.14435,4.293762,17.05996
United Kingdom,2001,130.756,115.209,5.542306,10.07628,88.11061,-11.97352,17.34989
United Kingdom,2002,104.042,58.718,4.648358,10.20916,56.4367,-17.04216,20.84927
United Kingdom,2003,117.925,60.5566,4.880774,11.54525,51.35192,-11.00675,24.87214
United Kingdom,2004,116.273,66.9446,6.42843,12.46175,57.57516,13.68543,15.04782
United Kingdom,2005,120.172,67.9771,5.967597,14.87071,56.56635,14.98132,9.216077
United Kingdom,2006,139.171,101.702,6.659685,18.38417,73.07679,16.78057,10.47492
United Kingdom,2007,123.832,127.092,5.568756,16.67361,102.632,9.384473,13.4408
United Kingdom,2008,63.5668,93.0817,5.393981,9.722177,146.4314,-17.55815,22.2326
United Kingdom,2009,115.279,115.734,5.112033,9.278505,100.3943,-14.56177,33.6287
United Kingdom,2010,107.859,128.985,4.889044,11.17101,119.587,21.03634,22.77521
United Kingdom,2011,109.621,113.461,5.187072,9.864816,103.5033,4.592677,17.68835
United Kingdom,2012,121.054,90.8507,5.327235,12.55369,75.04994,1.204219,19.4726
United Kingdom,2013,140.795,59.7531,5.451329,12.66924,42.43988,14.86458,14.07119
United Kingdom,2014,115.669,76.3489,5.125739,10.47523,66.00636,4.302534,11.2449
United Kingdom,2015,,,5.399939,11.23846,,0.4042638,12.60134
United Kingdom,2016,,,6.135427,12.11536,,-1.478997,17.39943
United Kingdom,2017,,,5.397449,15.49186,,14.17739,13.37846
United Kingdom,2018,,,5.439477,11.80393,,0.238095,9.617433
United Kingdom,2019,,,6.196592,12.23757,,-1.290335,11.70249
United Kingdom,2020,,,4.774804,53.65565,,-12.50021,21.54198
United Kingdom,2021,,,4.688088,23.80036,,14.37628,22.01797
Georgia,1990,,,,,,,
Georgia,1991,,,,,,,
Georgia,1992,,,,,,,
Georgia,1993,,,,,,,
Georgia,1994,,,,,,,
Georgia,1995,,,,,,,
Georgia,1996,,,,,,,
Georgia,1997,,,,,,,
Georgia,1998,,,,,,,
Georgia,1999,,,,,,,
Georgia,2000,,,,,,,
Georgia,2001,,,,,,,
Georgia,2002,,,,,,,
Georgia,2003,,,,,,,
Georgia,2004,,,,,,,
Georgia,2005,,,,,,,
Georgia,2006,,,,,,,
Georgia,2007,,,,,,,
Georgia,2008,,,,,,,
Georgia,2009,,,,,,,
Georgia,2010,,,,6.594016,,,
Georgia,2011,,,,,,,
Georgia,2012,,,3.375418,8.381443,,,
Georgia,2013,,,,,,,
Georgia,2014,,,,,,,
Georgia,2015,,,,,,,
Georgia,2016,,,7.567309,5.021918,,,
Georgia,2017,,,,,,,
Georgia,2018,,,,,,,
Georgia,2019,,,5.024658,5.024658,,,
Georgia,2020,,,,5.008219,,,
Georgia,2021,,,,7.024658,,,
Greece,1990,,8.14885,,,,180.8766,38.55803
Greece,1991,,4.55093,,,,8.260839,42.38431
Greece,1992,,2.37041,,,,-21.45312,25.40827
Greece,1993,,4.62921,,,,2.42411,26.25455
Greece,1994,,4.29539,,,,14.94463,26.69282
Greece,1995,,4.347,,,,-3.597448,19.39062
Greece,1996,,5.64535,,,,5.275414,14.93313
Greece,1997,,14.7646,,,,58.15755,21.72077
Greece,1998,,34.6328,,,,48.06402,33.14697
Greece,1999,,128.968,,,,101.3353,39.11272
Greece,2000,,70.2295,4.74712,8.068189,,-3.089382,36.05877
Greece,2001,62.1763,27.2397,4.229287,4.270472,43.81047,-33.94561,32.15417
Greece,2002,43.3874,13.2301,3.714789,10.31669,30.49286,-23.75906,25.94054
Greece,2003,52.6973,16.7404,5.43706,9.731765,31.76704,-11.27431,19.36935
Greece,2004,51.9753,16.5553,7.064042,7.596087,31.85231,27.55439,18.17103
Greece,2005,58.5458,19.8332,5.777069,7.623992,33.87642,29.39668,14.41238
Greece,2006,73.3681,31.6382,5.580262,6.877752,43.1226,26.48701,15.96731
Greece,2007,83.0851,38.1068,,,45.86478,22.02747,17.60533
Greece,2008,25.3436,22.9838,7.982031,4.329496,90.68893,-30.14926,23.78977
Greece,2009,33.9962,17.9027,3.924007,7.498919,52.6608,-36.00292,37.65786
Greece,2010,22.7468,13.6788,5.339722,7.837919,60.13483,-21.53515,36.71341
Greece,2011,11.9362,8.11989,4.086435,5.085892,68.02758,-31.92637,34.56073
Greece,2012,18.5418,6.22961,5.432366,5.555902,33.59768,-38.85521,39.36441
Greece,2013,34.5716,10.0502,5.624561,5.767311,29.07078,40.56444,37.50659
Greece,2014,23.4242,14.0366,6.85439,5.574099,59.92352,14.80132,31.08751
Greece,2015,21.5039,9.16932,6.199361,4.406065,42.64025,-35.55112,42.31878
Greece,2016,19.2407,6.32882,6.918128,6.844064,32.8929,-21.99328,44.87521
Greece,2017,25.3222,7.61189,5.48254,,30.0601,28.59069,26.88323
Greece,2018,18.0952,5.60501,4.858868,,30.97503,0.6864811,18.15582
Greece,2019,26.1543,7.51962,7.190285,7.140994,28.75103,6.832942,20.00636
Greece,2020,27.0007,8.72866,4.171275,7.896782,32.32749,-13.64178,32.64737
Greece,2021,,,6.714039,5.614198,,26.56782,31.83084
"Hong Kong, China",1990,108.394,44.9559,,,41.47437,8.523948,31.61984
"Hong Kong, China",1991,137.007,43.3067,,,31.6091,23.38991,19.38818
"Hong Kong, China",1992,164.937,75.2383,,,45.61638,45.51027,18.29579
"Hong Kong, China",1993,319.925,109.771,,,34.31154,33.72429,22.47142
"Hong Kong, China",1994,198.442,92.588,,,46.65753,33.21302,28.58548
"Hong Kong, China",1995,209.954,66.0816,,,31.47423,-6.442651,26.87696
"Hong Kong, China",1996,281.259,104.086,,,37.00734,27.60229,18.93641
"Hong Kong, China",1997,233.051,255.443,,,109.608,16.76548,20.60027
"Hong Kong, China",1998,203.431,121.944,,,59.9435,-29.68583,43.53805
"Hong Kong, China",1999,366.874,137.342,,,37.43575,34.79821,40.44429
"Hong Kong, China",2000,363.141,217.277,4.467848,6.622052,59.83276,26.22645,30.30346
"Hong Kong, China",2001,298.739,140.606,5.002184,9.39579,47.0666,-21.55712,29.24525
"Hong Kong, China",2002,278.363,107.567,4.955933,5.481067,38.64286,-16.85259,25.8636
"Hong Kong, China",2003,442.792,169.068,5.23841,7.627076,38.18233,-1.796872,19.75337
"Hong Kong, China",2004,509.441,238.751,5.34603,7.460677,46.86539,25.75277,17.6492
"Hong Kong, China",2005,581.042,231.974,4.623095,7.343328,39.92369,11.04528,14.80954
"Hong Kong, China",2006,886.115,390.389,4.989264,6.629132,44.05632,17.67526,12.81096
"Hong Kong, China",2007,1254.47,952.667,5.379649,7.658705,75.9421,37.2754,17.35621
"Hong Kong, China",2008,605.97,715.166,4.071517,7.52912,118.02,-9.73483,34.10149
"Hong Kong, China",2009,1076.94,660.264,2.766922,8.870292,61.30947,-13.80241,47.11027
"Hong Kong, China",2010,1185.86,650.634,4.493603,8.644398,54.8661,19.20002,31.13575
"Hong Kong, China",2011,908.616,578.219,3.610616,7.285151,63.63737,-0.4108668,19.63473
"Hong Kong, China",2012,1078.3,409.98,3.581555,6.989443,38.02077,-4.312065,23.90912
"Hong Kong, China",2013,1124.71,459.564,5.300666,7.522189,40.86087,10.38335,17.9969
"Hong Kong, China",2014,1109.26,497.818,3.906477,6.677556,44.87852,2.69089,15.21992
"Hong Kong, China",2015,1029.43,668.643,3.911188,8.906582,64.95298,4.662016,16.20966
"Hong Kong, China",2016,995.217,421.089,4.064452,,42.31123,-11.81498,21.44379
"Hong Kong, China",2017,1274.79,572.307,3.813999,,44.89426,22.24484,15.95631
"Hong Kong, China",2018,1055.82,626.645,4.13971,,59.35169,10.18429,15.15123
"Hong Kong, China",2019,1349.46,501.922,4.905778,,37.19439,-4.348372,18.3287
"Hong Kong, China",2020,1777.54,889.975,4.003107,,50.06767,-8.344137,20.62214
"Hong Kong, China",2021,,,4.010324,,,7.130437,21.76659
Croatia,1990,,,,,,,
Croatia,1991,,,,,,,
Croatia,1992,,,,,,,
Croatia,1993,,,,,,,
Croatia,1994,,,,,,,
Croatia,1995,3.92731,1.35581,,,34.52257,,
Croatia,1996,12.3848,0.742342,,,5.993957,,
Croatia,1997,17.5703,1.00601,,,5.725626,,
Croatia,1998,11.3542,0.387859,,,3.41599,,
Croatia,1999,10.596,0.290616,,,2.742691,,
Croatia,2000,12.5672,0.866446,7.00274,4.008219,6.894529,,
Croatia,2001,13.4379,0.497988,5.833647,4.936986,3.705835,,
Croatia,2002,29.9535,0.591589,4.569703,4.850545,1.975025,,
Croatia,2003,17.5092,0.704658,,,4.0245,1.410202,18.72657
Croatia,2004,26.1176,1.10818,8.783184,2.943124,4.243045,11.34533,24.42874
Croatia,2005,28.2178,1.65338,8.963236,3.00274,5.859335,50.04063,20.24531
Croatia,2006,57.0295,3.68883,10.64474,5.169524,6.468296,42.72871,15.4405
Croatia,2007,115.989,7.24464,9.481397,9.051785,6.245964,69.67768,14.36429
Croatia,2008,38.341,4.54549,12.59229,10.00822,11.85543,-25.57109,23.71183
Croatia,2009,42.1961,2.31737,3.590964,6.87574,5.491906,-45.55851,40.21904
Croatia,2010,42.3595,1.73741,,,4.101596,7.100582,28.17475
Croatia,2011,35.7106,1.46714,8.030529,5.893151,4.108407,4.679355,14.87285
Croatia,2012,,0.948903,4.668794,6.549569,,-16.69687,13.74103
Croatia,2013,36.4834,0.940412,,,2.577643,6.895136,10.85226
Croatia,2014,34.3507,0.840215,5.332242,3.013699,2.445989,-3.309164,8.384674
Croatia,2015,36.7091,0.844803,4.280434,7.016438,2.301342,-3.343945,8.188314
Croatia,2016,38.5902,0.607647,8.067145,6.801635,1.574615,2.074148,7.961341
Croatia,2017,40.4964,0.769041,7.970156,6.046576,1.899038,9.359676,9.973538
Croatia,2018,32.9473,0.397007,,,1.204978,-6.498918,10.01414
Croatia,2019,36.0797,0.527759,,,1.462758,3.6158,7.406322
Croatia,2020,38.861,,14.97568,5.010959,,-10.44214,17.1558
Croatia,2021,,,3.00274,5.016438,,15.20007,15.84042
Hungary,1990,,,,,,,
Hungary,1991,,,,,,,16.56271
Hungary,1992,,,,,,-11.82309,16.03213
Hungary,1993,,,,,,4.365216,17.12399
Hungary,1994,,,,,,75.72689,24.87067
Hungary,1995,,,,,,-13.29365,19.18392
Hungary,1996,,,,,,108.7026,20.05889
Hungary,1997,,,,,,119.8617,24.88008
Hungary,1998,,,,,,7.904769,41.50429
Hungary,1999,,,,,,-4.687917,48.05203
Hungary,2000,,,7.420937,1.830806,,29.91991,30.49692
Hungary,2001,,,,,,-21.06152,25.9118
Hungary,2002,19.2118,9.82447,8.646177,2.080583,51.13774,12.4555,23.01031
Hungary,2003,19.534,10.3897,,,53.18753,8.251614,21.8182
Hungary,2004,27.4607,13.7022,,,49.89742,39.89513,18.58492
Hungary,2005,28.7678,19.5732,10.49297,10.0274,68.03876,61.82536,19.50473
Hungary,2006,36.2281,26.77,,,73.89285,18.38601,24.10004
Hungary,2007,32.9433,33.7212,,,102.3612,15.91,22.59035
Hungary,2008,11.6593,17.4042,,,149.2724,-24.35143,24.36576
Hungary,2009,22.9087,20.7498,2.405239,7.024658,90.57574,-18.56944,43.26682
Hungary,2010,20.9545,20.0153,5.223786,7.024658,95.51778,39.88239,36.23161
Hungary,2011,13.2204,11.0225,5.13831,4.107856,83.37471,-8.830284,26.07104
Hungary,2012,16.111,8.50814,3.637088,7.016438,52.80956,-11.91043,26.40659
Hungary,2013,14.5856,7.97352,5.163542,7.027397,54.66705,3.278591,19.35663
Hungary,2014,10.2873,5.04236,,,49.01517,-3.870808,16.79349
Hungary,2015,14.1258,5.94243,,,42.06791,17.38468,18.20456
Hungary,2016,17.5327,6.07327,6.186521,7.021918,34.63971,28.88649,18.43724
Hungary,2017,22.0446,7.25374,,,32.90479,31.49738,15.19519
Hungary,2018,18.018,6.15861,6.40203,7.024658,34.18029,5.508609,15.14284
Hungary,2019,20.1108,5.30068,,,26.35736,10.11426,15.94241
Hungary,2020,17.845,7.21077,6.098758,7.021918,40.40778,-10.36258,22.96408
Hungary,2021,,,5.02244,4.475205,,29.43279,23.69276
India,1990,,,,,,41.42053,43.62387
India,1991,,,,,,39.17939,38.27336
India,1992,,,,,,119.0258,52.72776
India,1993,,,,,,18.33403,34.17067
India,1994,,,,,,50.70303,28.10222
India,1995,,,,,,-15.6979,18.68096
India,1996,,,,,,57.93625,18.21939
India,1997,,,,,,6.231056,24.83467
India,1998,,,,,,26.46354,23.47743
India,1999,,,,,,42.82907,17.22655
India,2000,48.1748,109.49,3.576869,10.04932,227.2754,26.24761,23.85065
India,2001,30.6467,51.1171,4.178354,7.167123,166.7949,21.20362,25.56272
India,2002,33.4381,38.2401,8.681292,5.244433,114.3608,11.62699,27.19138
India,2003,50.8467,46.5335,5.950596,8.760978,91.5173,-37.01661,38.83801
India,2004,58.5976,53.1676,6.586318,7.706487,90.73337,45.18616,44.10107
India,2005,76.1523,57.7437,5.998924,7.450139,75.82665,12.91473,33.74323
India,2006,95.2151,67.7483,6.806723,8.60986,71.15281,9.741868,18.84092
India,2007,161.24,89.618,7.719213,9.040121,55.58062,-11.18097,18.6423
India,2008,66.0031,86.5176,9.911359,7.844863,131.0811,2.733996,19.61584
India,2009,101.895,78.3027,9.435985,7.571084,76.84672,10.662,16.21808
India,2010,105.183,63.3134,9.014668,8.964333,60.19358,6.50657,15.92567
India,2011,68.2701,40.6276,9.753295,9.224632,59.51004,26.63338,16.31277
India,2012,76.0772,34.8778,9.793533,10.11461,45.84522,6.239595,14.40146
India,2013,68.1342,30.7528,7.590504,8.236765,45.13557,-8.333225,16.04544
India,2014,82.7172,37.3412,8.109805,6.919281,45.14324,8.106438,15.93211
India,2015,82.9616,38.1343,10.58687,8.717641,45.96627,13.20035,12.57686
India,2016,76.0981,35.2251,10.22087,7.073451,46.28909,11.08845,10.28916
India,2017,96.3988,45.4392,11.76478,9.789562,47.13668,5.55511,11.27185
India,2018,84.4384,47.9373,9.404346,7.316993,56.77191,6.751019,13.28375
India,2019,80.7658,45.4025,9.214622,31.15254,56.21499,-7.938488,24.01893
India,2020,97.2927,72.9215,7.782121,57.94322,74.9506,31.26347,29.00706
India,2021,,,8.327809,38.34967,,21.50177,20.59406
Ireland,1990,,,,,,-1.496797,14.48704
Ireland,1991,,,,,,-13.71381,17.15992
Ireland,1992,,,,,,-4.329638,12.12496
Ireland,1993,,,,,,18.4356,15.03036
Ireland,1994,,,,,,19.3168,14.56159
Ireland,1995,,19.276,,,,8.304896,11.10592
Ireland,1996,,15.5618,,,,24.6561,8.940878
Ireland,1997,59.0206,19.3146,,,32.72515,35.36493,10.11575
Ireland,1998,77.2471,47.7827,,,61.85698,41.06263,16.55755
Ireland,1999,69.5424,45.5849,,,65.5498,4.655997,21.76847
Ireland,2000,81.7128,14.6836,5.130976,17.97819,17.9698,6.688298,18.06865
Ireland,2001,68.8616,20.5623,6.863869,11.76786,29.86035,7.102856,18.1136
Ireland,2002,46.6091,2.44143,5.355018,10.59406,5.23809,-18.35671,20.24513
Ireland,2003,51.6609,3.70658,5.629622,12.54922,7.174836,-6.979891,20.74437
Ireland,2004,58.6943,3.07505,7.759907,7.016438,5.239083,25.49585,14.24252
Ireland,2005,53.8455,3.68431,6.713795,12.1123,6.842372,19.7633,12.18027
Ireland,2006,70.32,5.20275,7.175257,8.139519,7.398669,21.99492,12.52842
Ireland,2007,53.2826,9.13106,7.604604,8.036782,17.13704,9.419533,16.46897
Ireland,2008,17.9671,6.37595,8.100406,9.309366,35.48679,-43.80354,30.23034
Ireland,2009,25.9221,4.17898,6.594725,7.821927,16.12126,-44.57089,45.6482
Ireland,2010,27.2081,3.99753,7.65283,8.478373,14.69243,7.791611,31.72092
Ireland,2011,45.3574,3.41932,5.088396,9.549518,7.538611,-4.974108,23.81865
Ireland,2012,48.3329,4.15709,4.175303,6.179699,8.600957,14.43072,21.751
Ireland,2013,71.3963,6.25364,5.887712,8.730392,8.759044,27.00488,15.85828
Ireland,2014,55.3987,6.39991,6.780081,6.784628,11.55246,19.92499,14.51333
Ireland,2015,43.9018,7.17795,4.888436,11.79184,16.35001,28.03461,16.93226
Ireland,2016,40.0861,7.47521,6.30925,8.788677,18.6479,-1.054817,21.5564
Ireland,2017,43.6913,8.62301,6.194432,9.607388,19.73621,10.36467,18.91704
Ireland,2018,28.6084,8.33244,5.192776,11.84472,29.12581,-2.464596,11.96743
Ireland,2019,,,6.586818,8.934565,,-5.252189,14.61065
Ireland,2020,,,5.808552,7.683963,,1.453949,24.96771
Ireland,2021,,,5.050485,9.311993,,28.22199,24.78517
Iceland,1990,,,,,,,
Iceland,1991,,,,,,,
Iceland,1992,,,,,,,
Iceland,1993,,0.212267,,,,,12.39146
Iceland,1994,,0.30519,,,,6.039567,10.75564
Iceland,1995,,0.614855,,,,29.40966,8.892615
Iceland,1996,,1.14327,,,,62.9586,7.920038
Iceland,1997,,2.3898,,,,39.75342,8.705632
Iceland,1998,,6.08677,,,,-5.664668,8.696667
Iceland,1999,,17.4994,,,,21.23009,7.372797
Iceland,2000,,24.4348,11.84167,8.458408,,25.60652,10.41588
Iceland,2001,,15.568,5.488178,9.992614,,-26.73282,13.95215
Iceland,2002,,42.5352,5.00274,9.650818,,18.56289,13.0572
Iceland,2003,,68.3216,7.095365,15.01096,,23.10184,7.727624
Iceland,2004,,84.882,,14.62826,,73.35144,10.12198
Iceland,2005,,,,,,40.6642,13.60281
Iceland,2006,,,5.917621,13.90533,,37.25335,16.26431
Iceland,2007,,,5.92581,9.140586,,27.87933,16.74782
Iceland,2008,,,5.168053,3.949479,,-50.04734,36.5455
Iceland,2009,,,2.50411,3.794754,,-86.74334,99.03951
Iceland,2010,,,,4.99726,,21.11625,39.07632
Iceland,2011,,,3.741631,7.158278,,6.975311,14.82988
Iceland,2012,,,,,,7.759283,13.05249
Iceland,2013,,,3.342466,7.030137,,19.21933,11.34444
Iceland,2014,,,,,,11.9659,10.76594
Iceland,2015,,,4.847992,8.069663,,31.42953,11.56797
Iceland,2016,,,4.599001,7.511634,,11.10516,13.30322
Iceland,2017,,,5.312007,4.69589,,4.239027,14.61758
Iceland,2018,,,3.00274,4.841215,,-1.048093,13.139
Iceland,2019,,,3.00274,11.06,,7.363338,13.25027
Iceland,2020,,,2.00274,3.068493,,7.703564,18.40019
Iceland,2021,,,,,,52.65723,18.55038
Israel,1990,,,,,,,
Israel,1991,,,,,,,
Israel,1992,,,,,,,21.88053
Israel,1993,,,,,,48.19175,22.9219
Israel,1994,,,,,,-4.263989,29.09103
Israel,1995,36.2889,8.73634,,,24.07441,-9.149979,32.08038
Israel,1996,32.4651,7.35156,,,22.6445,7.088232,20.38741
Israel,1997,40.3718,12.1095,,,29.99493,40.00393,20.69862
Israel,1998,35.2446,11.914,,,33.80371,8.145349,22.33111
Israel,1999,55.6995,17.8664,,,32.07649,29.5789,21.23364
Israel,2000,50.3889,21.6713,7.14892,8.527397,43.00805,35.76072,22.81615
Israel,2001,44.074,11.4587,5.00274,10.04384,25.99871,-21.2384,24.32881
Israel,2002,34.7767,9.38534,,,26.98743,-9.62126,21.79962
Israel,2003,55.2309,14.0149,,,25.37509,10.77479,21.47264
Israel,2004,67.7549,22.3357,10.23698,5.662991,32.96541,39.1003,19.5105
Israel,2005,85.9249,29.7504,5.969762,8.849609,34.62375,23.67376,14.73946
Israel,2006,104.921,40.9767,7.441015,21.38299,39.05458,21.21572,16.3275
Israel,2007,131.198,55.5653,9.071168,9.402537,42.35232,24.39669,16.28353
Israel,2008,49.7004,44.2941,20.0137,10.5382,89.12228,-16.90841,21.36282
Israel,2009,90.7578,38.2509,14.76545,7.666,42.14616,-8.528739,32.88356
Israel,2010,96.9996,46.124,12.79898,4.133247,47.55073,35.67078,24.02176
Israel,2011,59.8331,29.2079,2.823848,5.814596,48.81553,-0.7532395,17.66254
Israel,2012,62.6334,19.659,5.707986,7.689939,31.38737,-6.397655,21.22161
Israel,2013,69.1108,18.8936,4.111519,8.21347,27.33814,9.023609,14.28885
Israel,2014,64.4889,15.2119,5.628308,8.522748,23.58835,13.26514,10.03326
Israel,2015,81.28,18.7855,2.462545,8.976593,23.11203,9.471136,10.27973
Israel,2016,67.0744,16.2445,4.039852,7.496313,24.21861,-9.308209,13.78249
Israel,2017,65.0334,19.4321,4.538186,10.02466,29.88016,2.492379,10.77431
Israel,2018,50.1728,16.7113,6.968345,8.811715,33.30745,8.60887,9.547739
Israel,2019,59.6508,17.206,4.981234,5.165539,28.84459,6.156003,12.51391
Israel,2020,64.3727,25.7044,7.010959,5.93118,39.93057,-3.422433,21.00412
Israel,2021,,,6.564509,49.23602,,24.40085,21.49962
Italy,1990,12.5942,3.57003,,,28.34662,,
Italy,1991,13.2427,1.88034,,,14.1991,,
Italy,1992,9.36699,2.09308,,,22.34533,,
Italy,1993,13.6437,6.1921,,,45.38435,,
Italy,1994,16.9185,10.8575,,,64.17538,,
Italy,1995,17.8368,7.41363,,,41.5636,,
Italy,1996,19.5512,7.81337,,,39.96362,,
Italy,1997,27.7535,16.3568,,,58.93616,,
Italy,1998,0.023168,38.261,,,165149.1,30.93415,34.16833
Italy,1999,58.1454,42.7947,,,73.59946,14.33195,31.20563
Italy,2000,67.0078,86.2975,3.872406,4.941372,128.7872,25.32467,22.20135
Italy,2001,45.159,51.3405,5.230229,5.931237,113.6883,-20.35527,21.83965
Italy,2002,37.3658,45.1499,5.66636,6.558694,120.8321,-23.55545,27.52521
Italy,2003,38.9727,46.4288,5.490588,11.90909,119.1316,-11.47142,28.67736
Italy,2004,43.7057,49.8302,5.316111,11.46642,114.013,13.84474,17.19718
Italy,2005,42.9483,56.7626,6.886969,13.07013,132.165,16.85999,10.62404
Italy,2006,52.6533,62.0117,7.59274,13.54358,117.7735,15.30448,11.84762
Italy,2007,48.4629,100.021,4.730742,11.88519,206.386,8.338679,13.49241
Italy,2008,21.6755,57.4771,7.254427,19.86333,265.1711,-29.76625,21.09462
Italy,2009,29.8122,42.1294,7.239938,9.229626,141.3158,-30.30663,37.96601
Italy,2010,25.0484,31.1717,7.723117,7.768205,124.4458,5.022909,30.73364
Italy,2011,18.8012,36.8891,7.003379,7.798984,196.2059,-11.56882,26.20665
Italy,2012,23.0875,37.4999,4.705231,6.647189,162.4246,-18.98936,33.01824
Italy,2013,28.7341,35.9486,6.355495,12.84646,125.1077,13.41791,27.62747
Italy,2014,27.1651,95.081,4.531693,9.981046,350.0115,19.09919,20.86973
Italy,2015,,,5.729588,7.982178,,8.9223,24.10843
Italy,2016,,,6.149048,7.990451,,-21.36774,29.67103
Italy,2017,,,6.024985,8.699615,,20.77571,24.85292
Italy,2018,,,6.267881,9.791498,,1.945162,15.67893
Italy,2019,,,7.040439,8.95703,,-0.4083013,17.27391
Italy,2020,,,4.832355,69.69475,,-6.251463,27.83454
Italy,2021,,,6.206811,79.05859,,25.13094,26.71594
Jamaica,1990,,,,,,,19.96217
Jamaica,1991,,,,,,22.78138,21.95391
Jamaica,1992,,,,,,165.0205,28.53461
Jamaica,1993,27.053,5.39148,,,19.92933,255.2102,32.42407
Jamaica,1994,33.3256,2.96008,,,8.882285,-16.70751,32.16262
Jamaica,1995,21.1412,1.48521,,,7.025177,14.15678,30.54123
Jamaica,1996,26.3,1.84152,,,7.00199,-20.55479,22.8676
Jamaica,1997,27.2762,1.57392,,,5.770314,20.5458,23.22402
Jamaica,1998,24.2774,0.633991,,,2.611447,26.95154,18.44406
Jamaica,1999,28.4155,0.605937,,,2.13242,-6.517272,17.71716
Jamaica,2000,39.4298,0.847301,,,2.148884,44.09008,14.83731
Jamaica,2001,51.3175,1.3486,,,2.627954,9.23158,15.47019
Jamaica,2002,62.1156,1.57629,,,2.537672,22.11231,11.76402
Jamaica,2003,,,,,,37.18022,11.11797
Jamaica,2004,,,,,,79.55741,14.66332
Jamaica,2005,,,8.41054,8.28548,,14.53361,13.86262
Jamaica,2006,,,6.24937,10.77453,,-18.00822,11.01696
Jamaica,2007,,,5.005479,8.886153,,6.240054,13.01471
Jamaica,2008,,,,,,9.096371,13.66111
Jamaica,2009,,,16.01096,6.291909,,-21.41129,15.45261
Jamaica,2010,29.3811,,5.00274,7.707997,,3.200723,12.21897
Jamaica,2011,34.6762,1.77256,7.94423,13.03014,5.111742,7.316259,8.961
Jamaica,2012,,4.83822,,8.067319,,-0.6139547,7.635172
Jamaica,2013,23.409,0.49775,,7.746217,2.126315,-5.90729,10.07042
Jamaica,2014,21.1306,0.900769,5.00274,8.041096,4.262868,-12.18089,11.91625
Jamaica,2015,41.5781,4.31977,,8.019178,10.38954,36.36537,13.7354
Jamaica,2016,45.9543,2.89534,,,6.300481,59.64463,16.43556
Jamaica,2017,63.508,2.31062,,,3.63832,51.7878,14.58277
Jamaica,2018,76.6467,3.57636,,,4.666036,30.62187,13.38525
Jamaica,2019,99.6,4.95788,5.637018,5.221918,4.977787,41.30103,13.5533
Jamaica,2020,84.7142,0.327024,,16.68493,0.3860327,-11.76452,16.00615
Jamaica,2021,,,,,,1.432191,15.08854
Jordan,1990,,,,,,,
Jordan,1991,,,,,,,
Jordan,1992,,,,,,,
Jordan,1993,,23.6521,,,,,
Jordan,1994,,11.2733,,,,,
Jordan,1995,,8.78491,,,,,
Jordan,1996,,5.05459,,,,,
Jordan,1997,,6.9126,,,,,
Jordan,1998,,8.24283,,,,,
Jordan,1999,,6.7308,,,,,
Jordan,2000,,5.57182,,,,-13.48056,6.959445
Jordan,2001,,10.5106,,,,3.959361,7.530191
Jordan,2002,,13.9755,2.190818,3.454794,,24.28417,11.80709
Jordan,2003,,25.6639,,,,23.27814,13.09751
Jordan,2004,,46.8847,,,,51.97011,12.60416
Jordan,2005,,189.183,,,,95.30211,15.97927
Jordan,2006,,129.888,,,,-12.79994,24.67173
Jordan,2007,238.674,101.85,,,42.67326,-8.500182,19.55939
Jordan,2008,158.422,120.016,,,75.75709,21.21949,16.32099
Jordan,2009,129.704,52.5935,,,40.54882,-32.11226,24.29985
Jordan,2010,113.749,31.6851,,,27.85525,-9.781943,15.67594
Jordan,2011,92.0705,13.2007,,,14.33759,-11.42552,9.908154
Jordan,2012,85.2469,8.62911,,,10.12249,-9.587276,7.812988
Jordan,2013,74.7783,9.94766,,,13.30288,3.525796,7.371532
Jordan,2014,69.3528,8.39204,,,12.10052,7.266875,8.894406
Jordan,2015,65.9611,9.21289,,,13.96717,-1.16011,7.302452
Jordan,2016,61.6003,6.47871,,,10.51733,0.2870024,6.741763
Jordan,2017,57.8825,5.63772,,,9.739929,1.568977,5.624
Jordan,2018,52.9674,5.50543,,,10.39399,-4.090093,5.769081
Jordan,2019,47.2697,3.78609,,,8.009549,-9.880434,7.236667
Jordan,2020,41.6628,3.37089,,,8.09089,-11.37822,8.161832
Jordan,2021,,,,,,18.42918,9.488276
Japan,1990,93.4792,49.1752,,,52.60552,-6.722718,15.04194
Japan,1991,83.8545,28.7603,,,34.2979,-20.51855,24.82241
Japan,1992,57.6862,15.5107,,,26.88797,-24.55605,21.98469
Japan,1993,65.2493,20.4231,,,31.30004,9.045618,22.12802
Japan,1994,71.8612,21.3953,,,29.77313,5.225772,18.79222
Japan,1995,63.9305,20.6362,,,32.2791,-13.43004,16.96958
Japan,1996,61.3344,24.1543,,,39.38136,16.22517,15.80886
Japan,1997,46.4195,23.2018,,,49.98283,-13.05295,15.17601
Japan,1998,59.525,25.5097,,,42.85546,-15.67488,21.7672
Japan,1999,96.1036,43.7597,,,45.53389,18.07351,22.11762
Japan,2000,63.5466,49.9365,1.599675,6.969007,78.58251,11.34475,21.63777
Japan,2001,51.764,38.9042,1.906336,7.401185,75.15674,-22.70475,22.28609
Japan,2002,49.4711,41.4213,2.520901,7.280374,83.72834,-18.13475,23.50624
Japan,2003,65.3404,51.5062,2.706422,7.858865,78.82758,-6.138367,21.74023
Japan,2004,72.7077,70.6643,3.331347,7.496982,97.18949,21.86655,19.80779
Japan,2005,94.6483,89.7798,3.56832,8.049427,94.85619,13.40057,15.618
Japan,2006,100.27,119.49,3.401384,8.768611,119.1691,28.09672,16.30069
Japan,2007,94.5668,143.803,3.66357,7.658953,152.0653,2.153046,18.39456
Japan,2008,61.0143,121.58,3.602395,7.321138,199.2651,-28.52795,26.18073
Japan,2009,62.5028,73.1288,3.022143,7.310083,117.0009,-26.83705,38.22249
Japan,2010,66.4651,74.149,3.221925,6.974637,111.5608,2.014887,25.48073
Japan,2011,53.3501,69.151,3.509461,6.750493,129.6174,-7.411082,20.75535
Japan,2012,55.4629,53.3517,4.123389,5.99032,96.19358,-6.293772,19.7859
Japan,2013,87.162,116.707,4.547107,6.866508,133.897,46.11071,20.18368
Japan,2014,89.4017,98.9323,4.060155,7.890647,110.6605,12.52547,22.28234
Japan,2015,110.124,125.346,4.417519,8.765491,113.8227,22.68943,18.2754
Japan,2016,99.0331,104.528,4.845213,10.46553,105.5484,-12.57852,24.89919
Japan,2017,126.202,117.19,5.128739,47.52817,92.85861,19.6768,21.02885
Japan,2018,105.141,125.135,4.950612,8.936264,119.0166,6.559465,13.43602
Japan,2019,120.841,99.498,5.008161,10.95936,82.33786,-7.818025,16.53054
Japan,2020,133.295,125.736,4.244351,12.14156,94.32885,0.1692009,19.30813
Japan,2021,,,3.999635,21.33967,,22.22908,19.26422
Kazakhstan,1990,,,,,,,
Kazakhstan,1991,,,,,,,
Kazakhstan,1992,,,,,,,
Kazakhstan,1993,,,,,,,
Kazakhstan,1994,,,,,,,
Kazakhstan,1995,,,,,,,
Kazakhstan,1996,,,,,,,45.97667
Kazakhstan,1997,,,,,,-1.912382,40.3964
Kazakhstan,1998,7.65146,,,,,6.702398,43.11172
Kazakhstan,1999,,,,,,10.97598,79.69965
Kazakhstan,2000,,,,,,35.16586,67.9465
Kazakhstan,2001,,,2.465577,5.019648,,33.44135,43.55755
Kazakhstan,2002,5.23384,0.12177,2.274832,5.038356,2.326591,181.1759,39.84525
Kazakhstan,2003,7.86769,1.42198,,,18.07371,208.8242,58.9808
Kazakhstan,2004,9.13495,2.35544,5.065839,8.438837,25.7849,34.07906,54.24722
Kazakhstan,2005,18.4313,1.8221,6.81379,14.89303,9.885873,-5.041069,34.44623
Kazakhstan,2006,53.9336,3.01042,2.023433,6.257647,5.581717,-62.66557,52.68861
Kazakhstan,2007,39.4636,8.5887,2.571999,6.759089,21.76361,83.34148,54.9846
Kazakhstan,2008,17.4397,2.80326,5.489367,7.294014,16.07404,-4.343278,30.37115
Kazakhstan,2009,24.2214,3.69901,1.0,5.479866,15.27167,-16.68082,23.55621
Kazakhstan,2010,18.0164,0.355535,5.119198,8.006607,1.973401,-20.75588,26.50241
Kazakhstan,2011,11.7,0.283315,,,2.421496,-9.455828,24.45431
Kazakhstan,2012,11.3186,0.539908,4.473228,18.24589,4.770076,6.111519,21.42111
Kazakhstan,2013,11.0838,0.296195,4.818753,18.86294,2.672313,-4.21712,23.81054
Kazakhstan,2014,10.3757,0.389133,4.270339,14.32526,3.750418,-8.528354,26.23594
Kazakhstan,2015,18.923,1.4407,,,7.613491,30.05418,22.71962
Kazakhstan,2016,29.2553,0.540272,4.581687,10.07671,1.846748,51.42348,14.84862
Kazakhstan,2017,27.3121,0.470764,3.156375,13.28845,1.723644,32.4915,12.90446
Kazakhstan,2018,20.6341,0.708877,5.935247,17.76414,3.43546,-1.662543,12.27778
Kazakhstan,2019,24.7554,0.190128,4.529492,4.539726,0.7680273,-1.710922,11.71759
Kazakhstan,2020,26.4214,0.228697,5.00274,9.759662,0.8655733,15.45107,12.05962
Kazakhstan,2021,,,,5.109589,,30.93926,11.47092
Kyrgyzstan,1990,,,,,,,
Kyrgyzstan,1991,,,,,,,
Kyrgyzstan,1992,,,,,,,
Kyrgyzstan,1993,,,,,,,
Kyrgyzstan,1994,,,,,,,
Kyrgyzstan,1995,,,,,,,
Kyrgyzstan,1996,,,,,,,
Kyrgyzstan,1997,,,,,,,
Kyrgyzstan,1998,,,,,,,
Kyrgyzstan,1999,,,,,,,
Kyrgyzstan,2000,,,,,,,
Kyrgyzstan,2001,,,,,,,
Kyrgyzstan,2002,,,,,,,
Kyrgyzstan,2003,,,,,,,
Kyrgyzstan,2004,,,,,,,
Kyrgyzstan,2005,,,,,,,
Kyrgyzstan,2006,,,,,,,
Kyrgyzstan,2007,,,,,,,
Kyrgyzstan,2008,,,,,,,
Kyrgyzstan,2009,,,,2.0,,,
Kyrgyzstan,2010,,,,,,,
Kyrgyzstan,2011,,,,,,,
Kyrgyzstan,2012,,,,,,,
Kyrgyzstan,2013,,,,,,,
Kyrgyzstan,2014,,,,,,,
Kyrgyzstan,2015,,,,,,,
Kyrgyzstan,2016,,,,,,,
Kyrgyzstan,2017,,,,,,,
Kyrgyzstan,2018,,,,2.00274,,,
Kyrgyzstan,2019,,,,,,,
Kyrgyzstan,2020,,,,,,,
Kyrgyzstan,2021,,,,,,,
"Korea, Republic of",1990,38.9251,26.3319,,,67.64762,-12.79864,25.1404
"Korea, Republic of",1991,29.1748,24.964,,,85.5672,-6.007494,22.09727
"Korea, Republic of",1992,30.2823,32.3958,,,106.9795,1.695819,23.65894
"Korea, Republic of",1993,35.5477,53.6178,,,150.8334,27.00141,21.81715
"Korea, Republic of",1994,41.3656,61.8677,,,149.5632,22.81149,16.84714
"Korea, Republic of",1995,32.1144,32.5154,,,101.2488,-35.67979,33.36769
"Korea, Republic of",1996,22.8005,29.0913,,,127.5906,27.68451,28.73527
"Korea, Republic of",1997,7.35077,29.9824,,,407.8805,1.105922,24.9113
"Korea, Republic of",1998,29.8941,41.836,,,139.9473,22.97879,22.31234
"Korea, Republic of",1999,61.5316,153.701,,,249.7926,31.54034,18.44418
"Korea, Republic of",2000,29.7238,85.9744,6.05234,2.726804,289.244,2.588073,18.71438
"Korea, Republic of",2001,42.7129,68.2933,4.652629,2.98622,159.8893,29.1698,18.57965
"Korea, Republic of",2002,39.9694,92.6238,7.097175,2.942456,231.7366,-0.5075631,22.60368
"Korea, Republic of",2003,46.8833,65.0637,3.865349,3.718815,138.7778,-29.57167,33.24529
"Korea, Republic of",2004,54.0014,66.2935,7.86169,4.258215,122.7626,25.32341,36.79679
"Korea, Republic of",2005,76.8007,128.326,7.180015,4.206145,167.0891,10.27725,26.19631
"Korea, Republic of",2006,79.2243,127.16,10.45971,4.510946,160.5063,19.06346,16.3315
"Korea, Republic of",2007,95.7354,163.556,7.79098,4.357845,170.8423,-5.373917,20.51659
"Korea, Republic of",2008,44.9518,113.356,9.264618,3.434752,252.1725,0.4865061,23.94397
"Korea, Republic of",2009,88.4161,178.555,7.079665,3.674223,201.9488,1.157155,18.50234
"Korea, Republic of",2010,95.4412,142.453,8.545661,3.979698,149.2569,1.284189,13.43192
"Korea, Republic of",2011,79.4862,154.354,9.612535,4.437016,194.1901,0.9386084,11.61015
"Korea, Republic of",2012,92.2555,123.955,7.775808,5.654732,134.3605,1.46998,10.45077
"Korea, Republic of",2013,90.0608,97.0132,9.244628,5.909966,107.7197,-2.539931,12.51602
"Korea, Republic of",2014,81.7048,86.4841,7.838794,5.623836,105.8495,2.941396,13.20793
"Korea, Republic of",2015,83.9966,125.786,7.894285,5.717465,149.7508,15.1964,10.99904
"Korea, Republic of",2016,83.6299,106.715,6.434871,4.590243,127.6044,4.431485,10.71165
"Korea, Republic of",2017,109.106,123.895,6.701572,4.894726,113.5552,-10.85022,12.9555
"Korea, Republic of",2018,81.9619,142.374,6.04863,7.306569,173.7081,-4.167465,13.89222
"Korea, Republic of",2019,89.9128,116.737,5.126013,4.996122,129.8341,1.160751,20.90015
"Korea, Republic of",2020,132.865,316.912,6.596011,5.104331,238.5221,37.37022,25.47351
"Korea, Republic of",2021,,,5.645504,4.740585,,4.731304,20.18115
Lithuania,1990,,,,,,,
Lithuania,1991,,,,,,,
Lithuania,1992,,,,,,,
Lithuania,1993,,,,,,,
Lithuania,1994,,,,,,,
Lithuania,1995,,,,,,,
Lithuania,1996,,,,,,,
Lithuania,1997,,,,,,,
Lithuania,1998,,,,,,,
Lithuania,1999,,,,,,,
Lithuania,2000,,,,,,,13.63616
Lithuania,2001,,,,,,-15.93505,15.86399
Lithuania,2002,,,,,,5.898186,14.22701
Lithuania,2003,,1.0851,,,,57.83812,12.7964
Lithuania,2004,,2.17832,,,,62.54852,15.08687
Lithuania,2005,,,,,,87.07084,13.18915
Lithuania,2006,,,,3.005449,,2.036723,15.83365
Lithuania,2007,,,1.919989,2.399722,,25.25988,15.68042
Lithuania,2008,,,,,,-26.61691,18.40378
Lithuania,2009,,,,,,-44.12848,31.35023
Lithuania,2010,,,,,,56.03599,26.80161
Lithuania,2011,,,,,,10.92196,17.56204
Lithuania,2012,,,,,,-9.883405,19.31831
Lithuania,2013,,,,5.046576,,19.35847,10.01962
Lithuania,2014,,,,,,14.08256,8.56977
Lithuania,2015,,,,,,6.681727,8.436053
Lithuania,2016,,,,,,7.219656,7.396322
Lithuania,2017,,,6.125994,10.02466,,16.74267,6.755885
Lithuania,2018,,,5.803489,7.520626,,12.33507,10.10613
Lithuania,2019,,,5.024658,5.024658,,-0.847097,8.389004
Lithuania,2020,,,4.753425,6.892182,,8.664534,12.49225
Lithuania,2021,,,,5.021918,,25.09323,12.7674
Luxembourg,1990,81.8194,1.54357,,,1.886561,,
Luxembourg,1991,81.5066,1.06584,,,1.307668,,
Luxembourg,1992,76.2519,0.735951,,,0.9651577,,
Luxembourg,1993,121.289,1.32642,,,1.093607,,
Luxembourg,1994,161.105,1.51872,,,0.9426894,,
Luxembourg,1995,145.909,0.984554,,,0.6747749,,
Luxembourg,1996,155.115,2.46036,,,1.586157,,
Luxembourg,1997,173.194,5.08857,,,2.93808,,
Luxembourg,1998,189.488,7.68445,,,4.055367,,
Luxembourg,1999,164.109,4.34347,,,2.646704,,12.48689
Luxembourg,2000,160.227,5.75793,5.120702,8.50909,3.593607,48.01517,19.76923
Luxembourg,2001,106.185,2.01496,4.874032,6.563747,1.897592,-22.26871,22.11667
Luxembourg,2002,103.811,1.29933,5.497351,8.703858,1.251637,-22.70292,21.15785
Luxembourg,2003,125.84,0.953947,4.635135,8.049318,0.758065,-12.96735,20.07529
Luxembourg,2004,143.002,1.13073,6.541228,8.735886,0.7907099,30.4698,14.62496
Luxembourg,2005,136.037,0.601769,5.728637,11.23543,0.4423552,29.57787,11.05015
Luxembourg,2006,185.303,0.560171,5.104835,5.296348,0.3023005,35.1705,13.04473
Luxembourg,2007,321.935,0.473003,3.879301,7.386616,0.1469249,25.03123,15.27379
Luxembourg,2008,113.205,3.04305,2.367709,7.300058,2.688084,-24.5502,23.84687
Luxembourg,2009,192.865,0.515686,2.671746,8.691794,0.2673821,-38.02944,37.90272
Luxembourg,2010,179.899,0.316327,3.52641,10.05601,0.1758357,29.7458,28.86475
Luxembourg,2011,109.613,0.198926,4.690809,9.831756,0.1814796,-10.04266,20.47473
Luxembourg,2012,117.669,0.1923,4.35401,7.364008,0.1634243,-8.893428,21.17057
Luxembourg,2013,120.609,0.183334,5.427487,9.334626,0.1520075,5.697373,16.59192
Luxembourg,2014,91.8068,0.160527,5.357069,7.6632,0.1748525,20.64727,13.8613
Luxembourg,2015,78.4587,0.159726,4.141342,6.792007,0.2035799,4.379994,16.65713
Luxembourg,2016,97.8997,0.113193,4.649824,,0.1156214,-5.600365,23.04743
Luxembourg,2017,104.454,0.142353,5.510301,8.112697,0.1362825,13.99184,20.49054
Luxembourg,2018,69.4152,0.111477,5.699038,,0.160595,-5.647102,17.08801
Luxembourg,2019,63.0147,0.069377,4.221864,6.472678,0.1100973,-16.18268,20.86295
Luxembourg,2020,70.3006,0.065314,3.245784,10.08439,0.0929071,-18.08774,30.57157
Luxembourg,2021,,,4.970017,,,42.20048,28.35931
Latvia,1990,,,,,,,
Latvia,1991,,,,,,,
Latvia,1992,,,,,,,
Latvia,1993,,,,,,,
Latvia,1994,,,,,,,
Latvia,1995,,0.000345,,,,,
Latvia,1996,,0.197481,,,,,
Latvia,1997,,1.27299,,,,,
Latvia,1998,,1.23774,,,,,
Latvia,1999,,0.570762,,,,,
Latvia,2000,,3.42637,,,,,25.9735
Latvia,2001,,1.96236,,,,38.52374,30.28004
Latvia,2002,,1.97237,,,,13.14255,44.72084
Latvia,2003,,1.34387,,,,22.46593,19.03241
Latvia,2004,,1.10282,10.00548,3.00274,,35.96173,13.53573
Latvia,2005,,,,,,50.35738,13.99065
Latvia,2006,,,10.00822,3.00274,,21.25722,16.99035
Latvia,2007,,,10.00822,8.14758,,11.91533,14.9051
Latvia,2008,,,,3.267458,,-30.76966,19.44725
Latvia,2009,,,,,,-45.52254,32.2405
Latvia,2010,,,,,,39.0426,32.78728
Latvia,2011,,,,,,12.72901,23.6025
Latvia,2012,,,,,,-5.724844,15.67054
Latvia,2013,,,,,,12.61302,11.90303
Latvia,2014,,,,,,0.8477456,14.46736
Latvia,2015,,,,7.024658,,9.479052,15.5008
Latvia,2016,,,4.926027,6.049315,,37.38269,18.06142
Latvia,2017,,,,,,37.65271,15.01285
Latvia,2018,,,,3.00274,,11.49386,16.41862
Latvia,2019,,,5.024658,5.024658,,0.9207196,17.96533
Latvia,2020,,,,,,3.892245,21.59191
Latvia,2021,,,,,,14.86969,18.86625
Macao,1990,,,,,,,
Macao,1991,,,,,,,
Macao,1992,,,,,,,
Macao,1993,,,,,,,
Macao,1994,,,,,,,
Macao,1995,,,,,,,
Macao,1996,,,,,,,
Macao,1997,,,,,,,
Macao,1998,,,,,,,
Macao,1999,,,,,,,
Macao,2000,,,,,,,
Macao,2001,,,,,,,
Macao,2002,,,,,,,
Macao,2003,,,,,,,
Macao,2004,,,,,,,
Macao,2005,,,5.886423,6.190183,,,
Macao,2006,,,,,,,
Macao,2007,,,,,,,
Macao,2008,,,,,,,
Macao,2009,,,,,,,
Macao,2010,,,5.077408,8.013699,,,
Macao,2011,,,4.646593,2.057534,,,
Macao,2012,,,5.145845,8.046576,,,
Macao,2013,,,5.00274,7.49348,,,
Macao,2014,,,5.849326,7.59726,,,
Macao,2015,,,,,,,
Macao,2016,,,5.224107,4.440525,,,
Macao,2017,,,4.80274,8.721461,,,
Macao,2018,,,,,,,
Macao,2019,,,6.984914,7.838461,,,
Macao,2020,,,5.00274,7.421918,,,
Macao,2021,,,4.00274,7.369532,,,
"Moldova, Republic of",1990,,,,,,,
"Moldova, Republic of",1991,,,,,,,
"Moldova, Republic of",1992,,,,,,,
"Moldova, Republic of",1993,,,,,,,
"Moldova, Republic of",1994,,,,,,,
"Moldova, Republic of",1995,,,,,,,
"Moldova, Republic of",1996,,,,,,,
"Moldova, Republic of",1997,,,,,,,
"Moldova, Republic of",1998,,,,,,,
"Moldova, Republic of",1999,,,,,,,
"Moldova, Republic of",2000,,,,,,,
"Moldova, Republic of",2001,,,,,,,
"Moldova, Republic of",2002,,,,,,,
"Moldova, Republic of",2003,,,,,,,
"Moldova, Republic of",2004,,,,,,,
"Moldova, Republic of",2005,,,,,,,
"Moldova, Republic of",2006,,,,,,,
"Moldova, Republic of",2007,,,,,,,
"Moldova, Republic of",2008,,,,,,,
"Moldova, Republic of",2009,,,,,,,
"Moldova, Republic of",2010,,,,,,,
"Moldova, Republic of",2011,,,,,,,
"Moldova, Republic of",2012,,,,,,,
"Moldova, Republic of",2013,,,,,,,
"Moldova, Republic of",2014,,,,,,,
"Moldova, Republic of",2015,,,,,,,
"Moldova, Republic of",2016,,,,,,,
"Moldova, Republic of",2017,,,,,,,
"Moldova, Republic of",2018,,,,,,,
"Moldova, Republic of",2019,,,3.681512,5.027397,,,
"Moldova, Republic of",2020,,,,,,,
"Moldova, Republic of",2021,,,2.0,4.948853,,,
Mexico,1990,15.7127,7.09564,,,45.15862,,
Mexico,1991,32.8157,10.1067,,,30.79846,,
Mexico,1992,38.2049,12.1587,,,31.8251,,
Mexico,1993,40.114,12.5007,,,31.16295,,
Mexico,1994,24.6765,10.8312,,,43.89265,,31.33222
Mexico,1995,25.1876,9.49577,,,37.7002,-11.13248,35.22231
Mexico,1996,25.9798,10.4928,,,40.38842,44.17218,29.4013
Mexico,1997,31.2931,10.3325,,,33.01832,38.96796,20.63736
Mexico,1998,17.4255,5.31055,,,30.47568,-2.757005,30.12632
Mexico,1999,25.664,5.81952,,,22.67581,22.59763,36.80973
Mexico,2000,17.6865,6.31444,5.127855,10.243,35.70204,26.68037,33.02731
Mexico,2001,16.6853,7.01575,3.702798,6.74623,42.0476,-8.278614,30.97429
Mexico,2002,13.462,3.29444,4.489377,17.02361,24.4721,6.86735,23.38123
Mexico,2003,16.8006,3.16484,4.05038,8.350662,18.83763,8.673264,20.42621
Mexico,2004,21.9117,5.65445,5.319216,7.616101,25.80565,48.4596,15.43271
Mexico,2005,27.2518,6.2095,4.419675,12.365,22.78565,35.72456,15.62154
Mexico,2006,35.7135,8.3906,5.439137,14.26755,23.49419,45.26186,19.25846
Mexico,2007,37.7815,11.2018,5.246672,11.3358,29.64878,42.99606,21.99341
Mexico,2008,21.0862,7.64517,6.40985,9.609211,36.25669,-9.85471,25.0092
Mexico,2009,39.1142,8.61697,4.817387,8.070925,22.03029,-5.261258,35.36123
Mexico,2010,42.9519,10.5048,6.259762,10.92855,24.45721,31.47227,24.60973
Mexico,2011,34.6204,8.45321,4.652899,9.731881,24.41687,7.79,15.56631
Mexico,2012,43.715,9.96483,8.744116,13.33124,22.79498,10.67586,17.96483
Mexico,2013,41.2742,12.8442,5.009277,10.8162,31.1192,5.588572,13.87621
Mexico,2014,36.5108,9.73393,6.553799,11.46997,26.66041,1.481656,14.71444
Mexico,2015,34.3258,8.8452,4.782204,13.76107,25.76836,3.055505,13.35797
Mexico,2016,32.5278,10.3752,6.653131,11.77724,31.89636,3.874063,13.74498
Mexico,2017,35.9838,9.41149,5.799825,11.54354,26.15482,7.494289,12.93323
Mexico,2018,31.4994,7.6731,7.251461,38.47026,24.3595,-3.807232,11.83245
Mexico,2019,32.5837,6.67263,7.618317,17.90557,20.47844,-8.795645,15.74897
Mexico,2020,36.7593,7.60735,5.450792,18.98208,20.69504,-9.023443,20.2463
Mexico,2021,,,5.279309,40.27893,,26.43729,20.61851
"North Macedonia, Republic of",1990,,,,,,,
"North Macedonia, Republic of",1991,,,,,,,
"North Macedonia, Republic of",1992,,,,,,,
"North Macedonia, Republic of",1993,,,,,,,
"North Macedonia, Republic of",1994,,,,,,,
"North Macedonia, Republic of",1995,,,,,,,
"North Macedonia, Republic of",1996,,,,,,,
"North Macedonia, Republic of",1997,,,,,,,
"North Macedonia, Republic of",1998,,,,,,,
"North Macedonia, Republic of",1999,,,,,,,
"North Macedonia, Republic of",2000,,,,,,,
"North Macedonia, Republic of",2001,,,,,,,
"North Macedonia, Republic of",2002,,,,,,,
"North Macedonia, Republic of",2003,,,,,,,
"North Macedonia, Republic of",2004,,,,,,,
"North Macedonia, Republic of",2005,,,,,,,
"North Macedonia, Republic of",2006,,,,,,,
"North Macedonia, Republic of",2007,,,,,,,
"North Macedonia, Republic of",2008,,,,,,-42.76072,22.5194
"North Macedonia, Republic of",2009,,,,,,-54.3235,26.23425
"North Macedonia, Republic of",2010,,,,,,6.962736,24.81222
"North Macedonia, Republic of",2011,,,,,,-6.856477,15.95162
"North Macedonia, Republic of",2012,,,,,,-27.68214,11.03709
"North Macedonia, Republic of",2013,,,,,,19.32577,15.65464
"North Macedonia, Republic of",2014,,,,,,4.05522,17.9272
"North Macedonia, Republic of",2015,,,,,,0.0,18.36
"North Macedonia, Republic of",2016,,,,,,0.0,18.36
"North Macedonia, Republic of",2017,,,,,,0.0,18.36
"North Macedonia, Republic of",2018,,,,,,0.0,18.36
"North Macedonia, Republic of",2019,,,,,,0.0,18.36
"North Macedonia, Republic of",2020,,,,,,0.0,18.36
"North Macedonia, Republic of",2021,,,,,,0.0,18.36
Malta,1990,,,,,,,
Malta,1991,,,,,,,
Malta,1992,,,,,,,
Malta,1993,,,,,,,
Malta,1994,,,,,,,
Malta,1995,,,,,,,
Malta,1996,,,,,,-0.4568787,
Malta,1997,,,,,,7.759076,
Malta,1998,,0.883166,,,,5.553588,16.65467
Malta,1999,,1.27871,,,,70.60629,16.59073
Malta,2000,49.7438,4.56836,,,9.183779,97.44502,25.37196
Malta,2001,33.1885,1.1951,,,3.600934,-29.8854,20.19644
Malta,2002,30.7289,1.22695,,,3.992808,-24.05363,15.4767
Malta,2003,33.9618,0.938071,,,2.762136,-2.490333,13.4959
Malta,2004,46.569,1.65068,,,3.544591,35.57673,9.92
Malta,2005,63.4723,2.17388,,,3.424923,38.0491,11.55619
Malta,2006,66.4406,3.99096,,,6.006804,47.55713,15.92777
Malta,2007,71.0806,1.19351,,,1.679093,-10.51654,14.97805
Malta,2008,39.3411,0.749031,,,1.903939,-15.81208,9.288321
Malta,2009,46.9196,0.419371,,,0.8938068,-25.83561,12.27644
Malta,2010,46.4094,0.53741,,,1.157977,15.47553,13.81456
Malta,2011,35.5736,0.50597,,,1.422318,-5.449053,11.30769
Malta,2012,38.3789,0.465957,,,1.214099,-8.157264,9.877318
Malta,2013,40.2703,0.638383,,,1.585243,10.79931,8.89954
Malta,2014,31.3234,0.52863,,,1.68765,0.8086779,8.313142
Malta,2015,39.7182,0.800618,,,2.015745,16.86765,7.927011
Malta,2016,37.9931,0.633088,6.24772,3.019178,1.666322,12.44095,7.064215
Malta,2017,38.2908,0.780742,11.13575,2.271233,2.038981,3.368638,6.334154
Malta,2018,33.0289,0.645387,8.58563,3.03504,1.954008,-5.125154,6.907433
Malta,2019,33.8175,0.639015,,,1.8896,7.018006,7.449617
Malta,2020,34.0594,0.480457,6.482192,,1.410646,-15.47582,10.67775
Malta,2021,,,7.005479,3.038356,,-2.269625,13.19322
Mauritius,1990,,,,,,,
Mauritius,1991,,,,,,,
Mauritius,1992,,,,,,,
Mauritius,1993,21.4622,1.14973,,,5.357015,,
Mauritius,1994,37.1439,2.34533,,,6.314172,57.34304,12.124
Mauritius,1995,33.0974,1.32513,,,4.003739,66.5332,15.10092
Mauritius,1996,33.5834,2.24313,,,6.679282,-11.92878,14.98573
Mauritius,1997,36.4,2.91735,,,8.014696,13.57652,11.94234
Mauritius,1998,40.8227,2.26565,,,5.549974,19.28408,9.463181
Mauritius,1999,35.035,1.63017,,,4.652981,-8.085293,10.16398
Mauritius,2000,26.648,1.40287,,,5.264429,-1.455778,6.068923
Mauritius,2001,21.2004,2.28345,,,10.77077,-8.741461,4.904521
Mauritius,2002,24.5902,1.13668,,,4.622466,-1.46334,6.888123
Mauritius,2003,32.5879,1.76496,,,5.416014,28.60143,8.842989
Mauritius,2004,32.2085,1.73435,,,5.384743,34.78073,8.504619
Mauritius,2005,35.8516,2.1545,,,6.009492,18.07486,6.364615
Mauritius,2006,70.5456,2.23182,,,3.163652,22.01832,7.966192
Mauritius,2007,97.165,5.05243,,,5.199846,59.21341,28.55084
Mauritius,2008,46.6648,3.49016,,,7.479209,15.19842,23.00992
Mauritius,2009,72.1017,3.72731,,,5.169514,-18.97893,23.19694
Mauritius,2010,77.4993,3.64866,,,4.707994,26.14917,15.90356
Mauritius,2011,68.1098,4.42796,,,6.501215,14.74303,8.252885
Mauritius,2012,61.5331,2.53533,,,4.120277,-11.50502,7.546667
Mauritius,2013,73.7231,2.64855,,,3.592568,9.452704,4.66092
Mauritius,2014,68.3489,3.61879,,,5.294582,8.86828,4.42954
Mauritius,2015,61.9088,3.94097,,,6.365777,-7.341684,4.022376
Mauritius,2016,61.8706,2.61246,,,4.222463,-7.336659,4.648084
Mauritius,2017,73.4796,3.3907,3.766023,4.973966,4.614483,15.50786,4.6985
Mauritius,2018,69.4371,3.20829,,,4.62043,8.250472,4.443027
Mauritius,2019,61.3405,2.65716,,,4.331824,-4.112339,4.137701
Mauritius,2020,56.3715,2.8441,,,5.045287,-20.74671,16.43382
Mauritius,2021,,,1.0,5.528767,,7.746095,16.44402
Nigeria,1990,,,,,,,
Nigeria,1991,,,,,,,
Nigeria,1992,,,,,,,
Nigeria,1993,7.72011,0.10882,,,1.409568,,
Nigeria,1994,8.79998,0.132415,,,1.504719,,
Nigeria,1995,17.6504,0.189685,,,1.07468,,
Nigeria,1996,24.8934,0.615986,,,2.474498,,
Nigeria,1997,23.062,0.91636,,,3.973469,,
Nigeria,1998,18.9028,1.11625,,,5.905246,,3.276806
Nigeria,1999,4.95107,0.18965,,,3.830479,-12.85911,7.157088
Nigeria,2000,,,,,,26.00447,12.11385
Nigeria,2001,,0.228555,,,,53.40648,12.96096
Nigeria,2002,2.48878,,,,,15.52014,12.79406
Nigeria,2003,,,,,,32.23727,16.10069
Nigeria,2004,11.6331,1.23226,,,10.59269,60.04034,23.3245
Nigeria,2005,12.629,1.10925,,,8.783358,-7.193364,18.67896
Nigeria,2006,13.9051,1.52373,,,10.95807,21.67345,13.67446
Nigeria,2007,30.8007,6.29835,,,20.44875,72.00127,15.74739
Nigeria,2008,14.1578,4.92483,,,34.78531,8.366069,15.09011
Nigeria,2009,10.9229,1.52291,,,13.94244,-54.94028,25.95923
Nigeria,2010,13.9841,1.41239,6.142443,5.012201,10.09995,5.685201,27.50694
Nigeria,2011,9.63679,0.956047,7.753268,3.00274,9.920804,-4.738637,17.66308
Nigeria,2012,12.3392,0.898526,,,7.281888,-1.226617,11.89046
Nigeria,2013,15.8465,1.22429,7.269977,5.032876,7.725974,54.041,12.3208
Nigeria,2014,11.4814,0.93893,6.168224,5.568788,8.177811,9.671636,13.00287
Nigeria,2015,10.2657,0.839125,,,8.17405,-21.42038,19.12069
Nigeria,2016,7.36252,0.373074,6.983559,5.041096,5.067206,-13.83997,20.59678
Nigeria,2017,9.90498,0.587126,,,5.927586,19.54205,16.96054
Nigeria,2018,7.93588,0.651124,5.800047,5.057534,8.204812,17.55563,15.95391
Nigeria,2019,9.80129,0.606223,5.223535,7.064278,6.185135,-22.77787,14.39544
Nigeria,2020,13.0858,0.57413,7.299024,5.741014,4.387436,-6.074871,15.20595
Nigeria,2021,,,6.49863,5.021918,,47.63477,15.65533
Netherlands,1990,37.6418,13.7273,,,36.46814,-10.35059,16.34806
Netherlands,1991,51.6325,12.9909,,,25.16038,2.022116,17.68826
Netherlands,1992,47.0418,12.2692,,,26.08158,8.737048,12.96705
Netherlands,1993,51.4083,14.4568,,,28.1216,15.11084,11.84553
Netherlands,1994,59.0826,20.03,,,33.90178,21.46114,12.7396
Netherlands,1995,63.3762,25.6015,,,40.39603,6.795091,11.72842
Netherlands,1996,83.3221,38.0299,,,45.64205,26.73965,10.31981
Netherlands,1997,112.432,59.5781,,,52.9904,49.52396,15.8769
Netherlands,1998,137.71,92.4334,,,67.12167,31.52481,24.33215
Netherlands,1999,155.252,93.9289,,,60.50077,13.67064,27.64498
Netherlands,2000,153.41,155.788,2.692979,5.366794,101.5498,17.86931,20.69662
Netherlands,2001,116.552,105.635,4.350797,7.903614,90.63371,-18.04902,19.93805
Netherlands,2002,84.6803,111.445,4.083214,13.08137,131.6069,-23.01827,29.16716
Netherlands,2003,84.2393,92.9053,3.810889,7.776842,110.2873,-27.37991,39.5436
Netherlands,2004,81.8165,95.4618,4.933073,7.967009,116.6779,11.35504,25.73191
Netherlands,2005,86.5014,86.7738,4.769091,6.172362,100.3149,13.48122,13.0765
Netherlands,2006,106.211,122.73,5.429681,6.388092,115.5529,20.18073,11.949
Netherlands,2007,112.68,181.657,5.225163,8.244554,161.2145,12.93496,14.03778
Netherlands,2008,40.8376,101.985,5.714714,8.976287,249.7328,-24.95744,23.03485
Netherlands,2009,64.1633,62.1991,4.251938,6.991612,96.93868,-30.46539,39.98264
Netherlands,2010,78.0168,65.7783,4.40628,8.302644,84.31299,22.83177,27.43077
Netherlands,2011,65.6861,57.1598,4.995793,8.588712,87.0197,-2.322211,19.63185
Netherlands,2012,77.577,49.7617,4.909359,9.020432,64.14491,-1.75425,21.86107
Netherlands,2013,93.2359,54.3328,4.427184,11.46705,58.27452,13.63952,15.99759
Netherlands,2014,88.1643,53.373,5.057967,8.745584,60.53815,11.1088,12.72536
Netherlands,2015,95.1556,,4.590309,9.804911,,15.04673,16.40839
Netherlands,2016,102.763,,5.038754,10.24979,,-5.21954,22.11908
Netherlands,2017,131.928,,5.274521,,,17.89263,15.53192
Netherlands,2018,,,5.763462,21.13895,,3.994049,10.64904
Netherlands,2019,,,6.110289,84.00978,,3.167146,12.76747
Netherlands,2020,,,4.931819,35.69309,,0.0225215,21.98969
Netherlands,2021,,,4.804856,26.7218,,31.51643,21.87467
Norway,1990,21.8127,12.3798,,,56.75491,,
Norway,1991,18.0494,10.3468,,,57.32489,,
Norway,1992,13.6355,6.97051,,,51.12038,,
Norway,1993,22.6997,13.7912,,,60.75487,,
Norway,1994,28.6785,14.2999,,,49.86297,,
Norway,1995,29.3278,16.1063,,,54.91832,,
Norway,1996,34.7833,21.6466,,,62.23284,,11.23135
Norway,1997,41.2189,28.3795,,,68.85083,45.24689,13.44567
Norway,1998,30.1115,25.8298,,,85.78042,-1.987916,20.35533
Norway,1999,39.252,30.7427,,,78.32133,-2.167895,28.99261
Norway,2000,38.4089,35.2447,4.04663,4.005617,91.7618,31.64327,21.07762
Norway,2001,39.929,30.3743,3.949806,6.532248,76.07085,-6.435483,20.89663
Norway,2002,32.8193,18.663,4.469249,7.076493,56.86593,-18.42254,22.28284
Norway,2003,41.9123,21.3626,4.696929,8.816707,50.96976,-7.646083,23.54467
Norway,2004,53.4683,34.6015,5.457251,8.598022,64.71413,50.98067,17.32042
Norway,2005,61.8609,45.8843,6.232213,5.740671,74.17338,38.00682,14.65112
Norway,2006,81.2692,81.8439,6.320408,7.05421,100.7071,35.88053,20.66035
Norway,2007,88.5226,101.721,6.357234,9.209342,114.9095,25.46477,23.57364
Norway,2008,31.5644,58.7821,4.928887,5.184436,186.2291,-17.89576,29.1987
Norway,2009,58.8397,53.7797,4.280896,7.166101,91.40039,-22.14126,51.08237
Norway,2010,68.8708,49.4502,4.922312,7.622831,71.80146,32.87052,36.06931
Norway,2011,44.3395,37.0854,5.332046,6.90007,83.63972,9.038444,23.94662
Norway,2012,47.6471,23.4751,4.721001,7.444705,49.26871,4.799804,25.57946
Norway,2013,50.7645,18.4657,5.241871,9.799342,36.37527,16.18939,17.96134
Norway,2014,44.0139,20.5313,5.917994,5.56345,46.64743,17.05061,12.45862
Norway,2015,50.2579,24.883,4.923295,9.54823,49.5106,4.554439,16.65556
Norway,2016,62.7007,28.5588,5.077724,8.525143,45.54778,-2.624295,22.06793
Norway,2017,72.0875,29.5794,4.328589,16.39939,41.0326,22.40145,17.72073
Norway,2018,61.1859,27.2697,5.062056,6.55092,44.56853,19.61415,12.71398
Norway,2019,72.9855,25.1156,4.865222,27.98559,34.4117,1.352317,14.97027
Norway,2020,,,3.445765,10.03809,,-6.332665,22.3255
Norway,2021,,,3.822634,11.37795,,30.97372,21.86506
New Zealand,1990,19.395,4.23298,,,21.82514,,
New Zealand,1991,33.4493,6.32998,,,18.92411,,
New Zealand,1992,36.7925,7.25852,,,19.72827,,12.17889
New Zealand,1993,54.774,14.3908,,,26.27311,22.71433,12.90004
New Zealand,1994,49.0243,13.3777,,,27.28794,20.62491,16.84369
New Zealand,1995,49.0827,13.1008,,,26.69136,-1.970522,14.35165
New Zealand,1996,54.591,13.8074,,,25.29238,5.512734,10.29981
New Zealand,1997,46.1735,13.4119,,,29.04669,9.86662,11.08839
New Zealand,1998,44.0782,20.9277,,,47.47849,-14.52818,19.77644
New Zealand,1999,48.2478,20.4994,,,42.48766,6.071052,19.11253
New Zealand,2000,35.3707,18.9559,3.469676,5.486608,53.59215,-4.640183,15.32238
New Zealand,2001,33.0815,15.796,2.108885,8.421049,47.74876,-1.348041,14.81008
New Zealand,2002,32.6615,3.8825,2.305223,6.097546,11.88707,3.423667,12.93318
New Zealand,2003,37.4498,4.37613,2.291784,9.225732,11.68532,3.939709,9.868467
New Zealand,2004,42.0877,4.89907,2.677481,6.074524,11.64015,17.70032,8.002901
New Zealand,2005,35.3839,4.75608,3.069406,11.01408,13.44136,11.51932,7.617654
New Zealand,2006,40.1802,4.84755,3.053404,7.226742,12.06452,3.055897,9.576615
New Zealand,2007,34.6133,4.33724,3.69677,7.356752,12.53058,10.35191,9.694329
New Zealand,2008,18.1848,2.47702,2.537435,8.636146,13.62141,-24.68238,12.81737
New Zealand,2009,29.2542,2.71628,2.024793,7.584758,9.28511,-17.2081,18.449
New Zealand,2010,,1.30769,3.100009,8.607692,,3.497773,12.59264
New Zealand,2011,,,3.474919,9.440553,,2.739875,8.798577
New Zealand,2012,30.0046,3.03471,3.772198,7.410673,10.11415,4.844434,9.42885
New Zealand,2013,34.5518,4.63687,3.716925,5.880529,13.42006,20.81595,8.628276
New Zealand,2014,36.9651,4.29951,3.284517,9.956454,11.63127,9.787842,8.188276
New Zealand,2015,41.7548,5.08758,3.698032,7.19755,12.18442,7.879201,7.499464
New Zealand,2016,42.3899,5.79093,3.154268,7.164392,13.6611,13.14334,8.639004
New Zealand,2017,45.8279,5.74372,3.113381,9.515288,12.53324,7.254693,9.013577
New Zealand,2018,40.6376,5.74983,3.682114,9.095546,14.14903,11.16838,8.228161
New Zealand,2019,50.5447,5.84324,3.922822,8.551908,11.56055,13.41614,9.700689
New Zealand,2020,62.4359,10.4845,3.289483,9.64099,16.79247,9.028504,16.42225
New Zealand,2021,,,3.930863,7.938363,,9.258931,16.73077
Philippines,1990,,6.04653,,,,-14.45241,29.30249
Philippines,1991,,6.69895,,,,10.09415,36.30122
Philippines,1992,,10.3323,,,,35.86525,27.62213
Philippines,1993,,10.6278,,,,34.87987,20.27743
Philippines,1994,,19.0467,,,,60.82402,23.20984
Philippines,1995,,17.3276,,,,-9.274461,22.356
Philippines,1996,85.2089,26.9529,,,31.63154,16.87541,17.71828
Philippines,1997,33.3247,21.6245,,,64.89034,-15.19814,19.82598
Philippines,1998,47.3835,14.1033,,,29.76428,-30.46923,34.72709
Philippines,1999,49.2501,22.6281,,,45.94524,20.42351,35.65161
Philippines,2000,31.0515,8.81354,6.67634,8.977706,28.38365,-27.08689,24.63265
Philippines,2001,26.9197,3.81857,,,14.18502,-14.92569,27.68805
Philippines,2002,21.9523,2.54136,4.607609,6.863739,11.5767,-9.959379,23.17303
Philippines,2003,26.6268,2.80891,4.94458,9.606084,10.54919,-1.209443,18.3223
Philippines,2004,30.1066,3.40371,5.417465,6.075225,11.3055,34.29828,18.60034
Philippines,2005,37.0496,4.98319,2.951791,6.214299,13.45003,22.95177,17.95354
Philippines,2006,53.1533,7.17461,2.055433,8.436392,13.49796,19.95683,18.49765
Philippines,2007,65.9395,15.537,4.259442,5.126486,23.56252,44.43605,22.60732
Philippines,2008,28.6473,6.81002,5.813242,4.813245,23.77191,-23.3269,27.16053
Philippines,2009,49.0692,8.1372,5.131932,5.183072,16.5831,-5.490721,31.39138
Philippines,2010,75.501,10.6779,7.530454,7.716479,14.14268,42.43801,22.65318
Philippines,2011,70.4759,11.6843,6.589039,6.55672,16.57916,18.5818,17.37569
Philippines,2012,87.552,13.624,7.040159,6.567409,15.56103,23.66012,17.81464
Philippines,2013,76.5474,15.7057,4.457954,9.386788,20.51761,25.05593,18.04257
Philippines,2014,88.0186,14.1901,10.30406,8.628865,16.12172,4.944097,20.25
Philippines,2015,77.9321,12.5366,7.704962,8.137332,16.08661,9.272623,13.41004
Philippines,2016,75.241,11.2519,7.553932,,14.95441,-1.84704,16.97188
Philippines,2017,88.4074,10.2912,6.395134,7.475619,11.64061,7.698148,16.22265
Philippines,2018,74.4303,8.42281,4.718907,,11.31637,-1.375208,14.85372
Philippines,2019,73.0587,7.95987,5.397074,,10.89517,2.120321,17.10506
Philippines,2020,75.4083,9.04988,4.327903,,12.00118,-19.61981,25.73641
Philippines,2021,,,4.078072,,,7.816459,27.06517
Poland,1990,,,,,,,
Poland,1991,,0.097075,,,,,
Poland,1992,,0.442032,,,,,
Poland,1993,,2.05642,,,,,
Poland,1994,,4.69904,,,,,
Poland,1995,3.20762,1.94606,,,60.67008,-12.42974,51.35892
Poland,1996,5.22724,3.4607,,,66.20498,67.58527,33.26863
Poland,1997,7.61478,4.65913,,,61.18527,23.17786,25.09287
Poland,1998,11.713,5.07937,,,43.36515,-6.790004,33.13322
Poland,1999,17.395,6.31968,,,36.33052,-1.764369,39.88628
Poland,2000,18.1625,11.8799,8.124093,7.739633,65.40902,32.19285,32.26946
Poland,2001,13.628,5.33084,5.171001,6.355528,39.11672,-31.66208,31.26069
Poland,2002,14.2564,1.62882,3.712221,3.010959,11.42523,-6.994404,28.60475
Poland,2003,16.9952,3.5643,,,20.97232,7.181834,23.92544
Poland,2004,27.6472,6.9795,6.917331,7.023589,25.24484,31.70648,22.16275
Poland,2005,30.7138,8.57156,4.6162,3.00274,27.90787,23.55308,17.47177
Poland,2006,43.1919,15.447,,,35.76357,38.60609,20.97804
Poland,2007,49.3254,21.017,6.916574,6.317908,42.60881,19.46118,24.4649
Poland,2008,17.0191,9.68667,8.514257,4.978082,56.91644,-28.41516,27.13538
Poland,2009,34.3299,12.8778,4.877612,6.470047,37.51175,-23.77203,38.37801
Poland,2010,39.7441,14.4715,5.313382,6.60176,36.41177,27.70523,31.77659
Poland,2011,26.1677,13.83,5.455664,6.080928,52.85152,3.159315,20.64523
Poland,2012,35.5868,12.0814,6.680399,7.17199,33.94905,-10.95829,23.32406
Poland,2013,39.2584,13.9367,6.409104,6.687986,35.50006,5.768265,18.19782
Poland,2014,31.1341,10.6538,5.495495,7.016409,34.21914,-0.1961579,17.53291
Poland,2015,28.8334,11.0143,,,38.19985,-7.611547,15.44977
Poland,2016,29.3445,9.6565,4.994094,7.012696,32.90736,-18.75742,18.72015
Poland,2017,38.2506,12.9156,4.969795,9.374815,33.76579,28.44674,17.83569
Poland,2018,27.3203,9.32024,,,34.1147,-1.861039,16.40532
Poland,2019,25.3849,8.4373,,,33.23754,-1.710369,17.67038
Poland,2020,29.7521,13.9851,9.096921,6.326155,47.00532,-20.28874,25.58779
Poland,2021,,,5.548244,6.762503,,21.25252,26.57165
Portugal,1990,,,,,,12.45348,17.1151
Portugal,1991,,,,,,-14.96101,14.37704
Portugal,1992,,,,,,-12.0135,9.536063
Portugal,1993,,2.52258,,,,-7.617519,9.482056
Portugal,1994,,4.99405,,,,51.36506,15.77702
Portugal,1995,,3.56606,,,,-1.549026,10.58104
Portugal,1996,,5.77256,,,,15.56512,6.87042
Portugal,1997,33.2889,16.9948,,,51.05238,57.13489,9.696245
Portugal,1998,50.7913,40.5205,,,79.7783,58.29215,19.46682
Portugal,1999,53.4616,29.9385,,,56.00005,-8.526807,24.28153
Portugal,2000,51.1619,46.8651,11.78311,3.080013,91.60155,21.19177,19.36619
Portugal,2001,38.1055,22.4385,8.598399,6.534544,58.88513,-23.0238,17.96873
Portugal,2002,31.7854,16.7364,9.604544,10.98539,52.65447,-18.36742,16.51215
Portugal,2003,35.2757,14.4659,4.881483,9.923943,41.00799,-6.854236,14.98502
Portugal,2004,37.0892,19.599,10.73954,6.895705,52.8427,27.46177,10.47962
Portugal,2005,33.9529,18.1117,11.15424,11.02704,53.34362,11.30374,8.331116
Portugal,2006,49.9086,31.6336,13.32894,9.383065,63.38305,29.54412,8.165961
Portugal,2007,54.9857,57.1326,6.568614,10.02855,103.9045,30.43094,9.735058
Portugal,2008,26.1472,28.8168,11.98912,9.005686,110.2101,-25.19161,19.76702
Portugal,2009,40.1553,18.2981,11.80167,8.490169,45.5684,-16.12771,29.3764
Portugal,2010,34.436,22.5319,12.00189,5.085386,65.4311,7.533432,22.16326
Portugal,2011,25.1674,14.5422,8.537139,4.791607,57.78186,-4.638109,20.62819
Portugal,2012,30.3014,12.2263,4.214742,4.474191,40.3488,-17.10047,21.09157
Portugal,2013,34.9673,17.2116,4.614077,5.716123,49.22195,19.92878,18.08188
Portugal,2014,25.1299,20.3585,6.04925,5.716833,81.01309,6.81893,17.21034
Portugal,2015,30.0095,,5.176606,20.07416,,-7.765816,20.7918
Portugal,2016,27.7364,,7.036432,6.52866,,-2.818127,22.29889
Portugal,2017,34.1482,,7.863812,7.236046,,15.12837,15.87627
Portugal,2018,25.5593,,7.601367,6.474275,,9.574989,10.6428
Portugal,2019,,,9.471837,31.1226,,2.262138,11.60644
Portugal,2020,,,8.638874,17.78458,,2.239597,20.54511
Portugal,2021,,,7.116599,53.72954,,21.49877,23.24548
Paraguay,1990,,,,,,,
Paraguay,1991,,,,,,,
Paraguay,1992,,,,,,,
Paraguay,1993,,,,,,,
Paraguay,1994,,,,,,,
Paraguay,1995,,0.211871,,,,,
Paraguay,1996,3.95918,0.303829,,,7.674047,,
Paraguay,1997,4.25199,0.194777,,,4.580855,,
Paraguay,1998,3.96005,0.165542,,,4.180301,,
Paraguay,1999,3.53963,0.135339,,,3.823529,,
Paraguay,2000,,,,,,,
Paraguay,2001,,0.161256,,,,,
Paraguay,2002,,0.130623,,,,,
Paraguay,2003,,,,,,,
Paraguay,2004,,,,,,,
Paraguay,2005,,,,,,,
Paraguay,2006,,,,,,,
Paraguay,2007,,,,,,,
Paraguay,2008,,,,,,,
Paraguay,2009,,,,,,,
Paraguay,2010,,,,,,,
Paraguay,2011,,,,,,,
Paraguay,2012,,,0.7479452,10.02466,,,
Paraguay,2013,,,,,,,
Paraguay,2014,,,,,,,
Paraguay,2015,,,,,,,
Paraguay,2016,,,,,,,
Paraguay,2017,,,,,,,
Paraguay,2018,,,,,,,
Paraguay,2019,,,5.978243,8.054794,,,
Paraguay,2020,,,7.235616,7.235616,,,
Paraguay,2021,,,4.503327,7.046576,,,
Romania,1990,,,,,,,
Romania,1991,,,,,,,
Romania,1992,,,,,,,
Romania,1993,,,,,,,
Romania,1994,,,,,,,
Romania,1995,,,,,,,
Romania,1996,,,,,,,
Romania,1997,,0.669573,,,,,
Romania,1998,0.855253,0.362785,,,42.41846,,
Romania,1999,0.872505,0.280896,,,32.19421,,
Romania,2000,0.976532,0.151718,,,15.53644,,
Romania,2001,2.7308,0.258696,1.494,3.046575,9.473302,,
Romania,2002,5.40311,0.310423,9.061045,5.037098,5.745279,,
Romania,2003,5.88688,0.381756,4.925323,2.021918,6.484867,,
Romania,2004,14.624,1.10467,,,7.553813,,
Romania,2005,16.107,1.44391,,,8.964461,,
Romania,2006,20.6805,1.31505,,,6.358874,,
Romania,2007,17.5513,1.59642,,,9.095707,,
Romania,2008,7.06882,0.571611,,,8.086371,,
Romania,2009,7.50873,0.947499,,,12.61863,,
Romania,2010,8.53889,1.00873,,,11.81335,,
Romania,2011,7.64969,1.59832,,,20.89394,,
Romania,2012,,1.17543,,,,,
Romania,2013,12.8795,0.778003,,,6.040625,,
Romania,2014,11.1957,0.775523,,,6.926971,,
Romania,2015,10.4311,0.989978,,,9.490639,,
Romania,2016,9.60655,0.914815,4.866386,7.010959,9.522821,,
Romania,2017,11.1581,1.11073,4.992801,5.996831,9.954456,,
Romania,2018,8.63663,1.0084,3.905295,7.024658,11.67586,,
Romania,2019,10.4491,0.818192,3.668975,5.364212,7.830282,,
Romania,2020,10.2253,1.17567,4.711158,6.48056,11.4977,,
Romania,2021,,,,,,,
Russian Federation,1990,,,,,,,
Russian Federation,1991,,,,,,,
Russian Federation,1992,,,,,,,
Russian Federation,1993,,,,,,,
Russian Federation,1994,,,,,,,
Russian Federation,1995,,,,,,,27.55088
Russian Federation,1996,,,,,,48.11611,27.99622
Russian Federation,1997,,,,,,4.834083,33.45628
Russian Federation,1998,,,,,,14.48678,32.43103
Russian Federation,1999,,,,,,78.87629,29.16674
Russian Federation,2000,,,5.392463,2.981992,,28.92896,35.72627
Russian Federation,2001,,9.19814,2.663655,2.841715,,14.83927,34.44996
Russian Federation,2002,,13.7978,3.278825,4.472345,,2.187406,26.31517
Russian Federation,2003,,18.5252,4.351254,4.894116,,-53.50716,54.21946
Russian Federation,2004,,20.083,4.073659,7.206464,,42.42755,69.16405
Russian Federation,2005,,19.3563,3.50433,5.990459,,20.13818,50.01004
Russian Federation,2006,,58.8576,4.057734,4.600791,,20.11827,27.65408
Russian Federation,2007,,98.2546,3.630982,6.846632,,-9.210217,24.00234
Russian Federation,2008,,69.5436,3.992395,5.256176,,-4.640927,26.09557
Russian Federation,2009,62.3023,41.7448,5.063224,5.310117,67.00353,-0.9361223,21.7959
Russian Federation,2010,62.3834,33.238,6.335766,6.102021,53.28019,0.9304636,17.54866
Russian Federation,2011,38.2983,27.0895,5.706736,7.143397,70.73296,-0.3107702,20.77646
Russian Federation,2012,37.3745,15.4108,4.440303,6.943597,41.23337,16.27472,23.12287
Russian Federation,2013,33.6168,10.2732,5.135911,8.473199,30.55965,7.873135,21.10444
Russian Federation,2014,18.7412,7.76692,6.437166,11.11994,41.44303,13.42071,17.40969
Russian Federation,2015,28.8407,8.6042,6.287401,9.855172,29.83352,-2.543628,14.84222
Russian Federation,2016,48.7201,10.932,8.561042,9.564582,22.4384,13.11667,13.29429
Russian Federation,2017,39.6027,9.24373,5.362325,7.137112,23.34117,1.41672,12.31904
Russian Federation,2018,34.7617,8.87996,4.581988,6.930904,25.54523,0.0,12.32
Russian Federation,2019,46.7493,10.6739,5.996109,6.148208,22.8322,0.0,12.32
Russian Federation,2020,46.6794,18.5843,8.79199,,39.81263,0.0,12.32
Russian Federation,2021,,,12.60667,26.00989,,0.0,12.32
Saudi Arabia,1990,,,,,,,
Saudi Arabia,1991,,,,,,,
Saudi Arabia,1992,,,,,,,
Saudi Arabia,1993,,,,,,,
Saudi Arabia,1994,,,,,,,14.78477
Saudi Arabia,1995,,,,,,-11.02981,13.35188
Saudi Arabia,1996,,,,,,6.053395,11.14996
Saudi Arabia,1997,,,,,,27.83099,8.675594
Saudi Arabia,1998,,,,,,-3.101932,12.19
Saudi Arabia,1999,,,,,,-6.167871,14.31276
Saudi Arabia,2000,,,,,,36.02156,12.93781
Saudi Arabia,2001,,12.1056,,,,9.624916,11.57605
Saudi Arabia,2002,,18.817,,,,11.19969,12.81467
Saudi Arabia,2003,,73.7029,,,,34.14365,16.67582
Saudi Arabia,2004,,182.785,,,,71.75796,22.40771
Saudi Arabia,2005,,335.973,12.94883,7.010959,,111.1739,23.36323
Saudi Arabia,2006,,372.26,10.2994,12.94149,,0.4290003,37.24731
Saudi Arabia,2007,,163.944,9.112687,12.67597,,-36.98024,46.0595
Saudi Arabia,2008,,100.679,11.4142,12.89772,,3.450953,34.98378
Saudi Arabia,2009,74.2799,78.0964,11.91193,16.19258,105.1379,-32.8112,40.9833
Saudi Arabia,2010,66.9074,38.0932,8.726479,6.068923,56.9342,13.96307,31.83774
Saudi Arabia,2011,50.4848,43.4176,8.470595,5.523349,86.00143,-0.4475199,20.30412
Saudi Arabia,2012,50.732,69.4559,8.829701,8.107154,136.9076,9.417609,19.23471
Saudi Arabia,2013,62.5953,48.5373,9.648521,11.5387,77.54148,9.545395,13.80241
Saudi Arabia,2014,63.8746,75.0171,6.981344,19.93544,117.4444,26.60685,11.75625
Saudi Arabia,2015,64.3557,66.783,7.723059,7.010633,103.7717,-12.0385,21.8131
Saudi Arabia,2016,69.5932,47.5056,9.656135,6.36165,68.26186,-25.47543,24.59743
Saudi Arabia,2017,65.5515,31.7144,6.170513,9.222877,48.38079,11.66984,17.88519
Saudi Arabia,2018,60.7845,28.1146,5.126091,7.070982,46.25289,11.32719,12.93644
Saudi Arabia,2019,299.499,27.4737,10.77712,12.01917,9.173215,7.117531,14.46943
Saudi Arabia,2020,345.353,69.0136,6.10469,21.49518,19.98348,-8.497747,20.66374
Saudi Arabia,2021,,,10.90414,7.416822,,36.71605,17.71418
Singapore,1990,94.8102,58.2929,,,61.48387,,
Singapore,1991,104.679,39.774,,,37.99623,,
Singapore,1992,93.8679,36.2667,,,38.63583,,
Singapore,1993,218.911,137.728,,,62.9152,,
Singapore,1994,181.961,120.613,,,66.28518,,
Singapore,1995,168.549,72.8294,,,43.20972,,
Singapore,1996,155.815,62.5726,,,40.15821,,
Singapore,1997,104.308,74.0453,,,70.98692,,
Singapore,1998,110.8,68.25,,,61.59769,,
Singapore,1999,223.659,124.479,,,55.65588,,
Singapore,2000,159.071,99.041,4.804562,6.904534,62.26221,-5.900647,23.71
Singapore,2001,128.836,79.1733,3.555812,6.393478,61.45256,-21.72343,22.8282
Singapore,2002,109.669,68.132,4.02509,4.896289,62.12493,-4.392863,22.35326
Singapore,2003,152.084,96.6113,4.429432,7.396607,63.52514,-6.939739,20.42552
Singapore,2004,189.068,96.3286,5.140432,6.078967,50.94919,25.9213,17.61256
Singapore,2005,201.349,91.2492,4.83062,6.674413,45.31887,16.52674,12.12231
Singapore,2006,258.552,125.065,4.88815,6.360879,48.37135,15.87179,11.61542
Singapore,2007,297.983,210.724,4.814231,5.689254,70.71685,35.08382,16.70065
Singapore,2008,136.858,130.688,4.782388,3.181073,95.49165,-20.34563,25.2642
Singapore,2009,247.871,130.739,3.287454,6.369684,52.74468,-14.96832,33.72885
Singapore,2010,269.892,127.517,4.068344,6.356796,47.24728,30.29064,23.23578
Singapore,2011,214.165,98.3301,4.928094,5.553967,45.91324,0.1920188,14.27831
Singapore,2012,259.272,88.3628,4.05356,7.137089,34.08115,0.0004764,16.85261
Singapore,2013,242.025,90.6231,3.651139,5.215701,37.44362,8.444955,11.64429
Singapore,2014,239.107,63.7147,4.434663,5.250677,26.64697,0.4352321,9.681609
Singapore,2015,207.775,64.2947,4.651793,6.601699,30.94439,-1.012639,9.731571
Singapore,2016,200.867,58.9816,3.821103,6.488574,29.36357,-12.23874,14.55759
Singapore,2017,229.391,63.9907,3.318429,,27.8959,14.97754,11.76473
Singapore,2018,182.297,58.2298,3.955066,83.59362,31.94222,2.643685,10.48816
Singapore,2019,185.705,30.4161,4.921155,,16.37873,-3.003823,12.38671
Singapore,2020,189.002,,2.835976,,,-15.77025,18.19893
Singapore,2021,,,3.865483,,,14.65198,18.38828
El Salvador,1990,,,,,,,
El Salvador,1991,,,,,,,
El Salvador,1992,,,,,,,
El Salvador,1993,,,,,,,
El Salvador,1994,,,,,,,
El Salvador,1995,,,,,,,
El Salvador,1996,,,,,,,
El Salvador,1997,,,,,,,
El Salvador,1998,,,,,,,
El Salvador,1999,,,,,,,
El Salvador,2000,,,,,,,
El Salvador,2001,,,,,,,
El Salvador,2002,,,,,,,
El Salvador,2003,,,,,,,
El Salvador,2004,,,,,,,
El Salvador,2005,,,,,,,
El Salvador,2006,,,,,,,
El Salvador,2007,,,,,,,
El Salvador,2008,,,,,,,
El Salvador,2009,,,,,,,
El Salvador,2010,,,,,,,
El Salvador,2011,,,,,,,
El Salvador,2012,,,,,,,
El Salvador,2013,,,5.00274,10.02466,,,
El Salvador,2014,,,,,,,
El Salvador,2015,,,,,,,
El Salvador,2016,,,,,,,
El Salvador,2017,,,,7.038356,,,
El Salvador,2018,,,,,,,
El Salvador,2019,,,,,,,
El Salvador,2020,,,,,,,
El Salvador,2021,,,,,,,
Serbia,1990,,,,,,,
Serbia,1991,,,,,,,
Serbia,1992,,,,,,,
Serbia,1993,,,,,,,
Serbia,1994,,,,,,,
Serbia,1995,,,,,,,
Serbia,1996,,,,,,,
Serbia,1997,,0.188889,,,,,
Serbia,1998,,0.064241,,,,,
Serbia,1999,,0.137709,,,,,
Serbia,2000,,0.319961,,,,,
Serbia,2001,,0.694416,,,,,
Serbia,2002,,0.6898,,,,,
Serbia,2003,6.34542,2.49809,,,39.36843,,
Serbia,2004,12.47,1.67459,,,13.42894,,
Serbia,2005,25.2738,2.45073,,,9.696696,,
Serbia,2006,48.8367,5.02665,,,10.29278,20.16019,12.73368
Serbia,2007,68.571,7.16435,,,10.44808,110.8743,18.99456
Serbia,2008,29.3805,2.2745,,,7.741547,-44.15248,28.79156
Serbia,2009,31.6474,1.50768,,,4.763977,-59.00642,38.26586
Serbia,2010,9.9436,0.750775,,,7.550332,10.7385,28.91916
Serbia,2011,8.23332,0.776806,,,9.434902,1.592724,17.29742
Serbia,2012,,0.555539,,,,-29.23228,18.59621
Serbia,2013,,,3.00274,7.027397,,12.60688,12.54364
Serbia,2014,,,3.00274,4.953424,,14.51685,10.46031
Serbia,2015,,,5.548854,5.575343,,7.378889,10.00314
Serbia,2016,,,,4.331507,,-4.151725,11.36751
Serbia,2017,,,6.660081,5.785337,,15.02304,10.46531
Serbia,2018,,,,,,2.681916,8.548544
Serbia,2019,,,7.509905,5.855708,,-0.7843829,10.67908
Serbia,2020,,,4.712036,6.764766,,-4.33823,13.9295
Serbia,2021,,,1.863662,6.989662,,10.20238,12.36372
Slovakia,1990,,,,,,,
Slovakia,1991,,,,,,,
Slovakia,1992,,,,,,,
Slovakia,1993,15.8952,0.016343,,,0.1028184,,
Slovakia,1994,14.5603,0.866441,,,5.950698,128.8068,59.64055
Slovakia,1995,4.65129,3.23024,,,69.44837,-26.2225,39.22719
Slovakia,1996,4.33213,9.33607,,,215.5073,11.12354,16.7813
Slovakia,1997,4.90763,8.54976,,,174.2136,-6.204285,18.75824
Slovakia,1998,2.17872,3.3896,,,155.5774,-34.99305,23.66433
Slovakia,1999,1.5099,1.56908,,,103.9198,-29.85992,27.70299
Slovakia,2000,1.49159,1.82611,7.54567,6.620553,122.4265,-0.9777808,29.32081
Slovakia,2001,1.76583,3.09694,,,175.3818,23.87811,22.79061
Slovakia,2002,2.62546,2.49562,5.00274,12.0274,95.05465,13.90464,21.93812
Slovakia,2003,2.75968,1.59101,,,57.65191,40.74362,23.44103
Slovakia,2004,4.19423,1.30664,5.131234,7.035616,31.15323,30.07477,19.25118
Slovakia,2005,3.91339,0.105718,10.31453,9.972603,2.701438,104.9448,19.62246
Slovakia,2006,8.2403,0.140602,,,1.706268,-7.852763,18.43708
Slovakia,2007,7.98348,0.036124,4.801221,3.00274,0.4524789,4.72006,13.11494
Slovakia,2008,5.33414,0.020896,4.636113,3.0,0.3917429,2.139838,11.36706
Slovakia,2009,5.69559,0.195393,,,3.430601,-26.29786,20.43908
Slovakia,2010,4.58903,0.340216,,,7.413683,-28.89382,27.54368
Slovakia,2011,5.4585,0.455118,,,8.337784,0.9077659,21.56431
Slovakia,2012,5.72639,0.081631,,,1.425528,-13.6916,16.14548
Slovakia,2013,5.69708,0.054733,5.500355,16.13616,0.9607217,-3.014195,14.26544
Slovakia,2014,5.31903,0.01013,4.37913,7.032876,0.1904422,10.60535,16.97483
Slovakia,2015,,,5.020004,10.0274,,22.9623,21.08969
Slovakia,2016,,,,,,21.49402,19.2541
Slovakia,2017,,,,,,0.776768,15.91862
Slovakia,2018,,,3.663986,10.01918,,5.086566,16.12563
Slovakia,2019,,,,,,3.076249,15.49287
Slovakia,2020,,,,6.93088,,-0.1858676,15.41668
Slovakia,2021,,,5.00274,10.02466,,8.928337,18.22368
Slovenia,1990,,,,,,,
Slovenia,1991,,,,,,,
Slovenia,1992,,,,,,,
Slovenia,1993,,,,,,,
Slovenia,1994,,,,,,,
Slovenia,1995,,1.63028,,,,,
Slovenia,1996,,2.29737,,,,,
Slovenia,1997,9.03295,2.50319,,,27.71178,,
Slovenia,1998,13.4783,3.63967,,,27.00398,,
Slovenia,1999,12.5664,3.73544,,,29.72565,,
Slovenia,2000,15.277,3.1487,,,20.61071,,
Slovenia,2001,16.58,4.62572,4.717264,10.09041,27.89943,,
Slovenia,2002,23.746,3.94434,5.480286,12.64176,16.61055,,
Slovenia,2003,24.0736,1.68802,,,7.011927,,10.90818
Slovenia,2004,28.1182,2.24107,5.284018,13.66864,7.970188,43.1459,11.01107
Slovenia,2005,21.8163,1.31482,5.00274,18.05895,6.026804,4.248974,9.527308
Slovenia,2006,38.4533,2.67564,,,6.958157,33.60028,11.38654
Slovenia,2007,60.0403,6.1093,,,10.17532,81.32642,14.84881
Slovenia,2008,21.1537,2.42441,,,11.46093,-22.15429,23.69336
Slovenia,2009,24.0092,2.04253,5.819715,6.638948,8.507263,-42.04536,30.59103
Slovenia,2010,19.5575,1.00406,,,5.133878,-8.728569,17.78015
Slovenia,2011,12.2633,0.992752,,,8.095342,-18.53012,13.40038
Slovenia,2012,13.9012,0.858585,,,6.176359,-21.78616,17.35874
Slovenia,2013,14.7234,0.852162,,,5.78781,10.34568,18.61831
Slovenia,2014,15.0396,1.47176,4.765841,5.024658,9.785939,23.16908,16.30667
Slovenia,2015,13.9999,0.84563,,,6.040275,-3.236657,14.21004
Slovenia,2016,11.7552,0.683031,,,5.810447,-4.931437,11.94487
Slovenia,2017,13.0036,0.82493,,,6.343852,11.06251,10.32327
Slovenia,2018,13.4159,0.692467,,,5.161546,7.046965,9.909348
Slovenia,2019,14.6243,0.27675,,,1.892393,3.026921,9.168008
Slovenia,2020,15.7653,0.862201,,,5.468986,-1.44062,16.03931
Slovenia,2021,,,,,,29.45493,15.95705
Sweden,1990,35.1408,5.9826,,,17.02466,1.934232,17.81984
Sweden,1991,35.3921,7.48816,,,21.15773,-4.690716,24.47613
Sweden,1992,27.4617,10.0064,,,36.43758,-11.49269,20.78756
Sweden,1993,47.1982,19.0689,,,40.40181,37.65296,24.32577
Sweden,1994,52.071,38.635,,,74.1968,26.07352,19.24698
Sweden,1995,64.5516,37.1573,,,57.56218,12.81803,16.213
Sweden,1996,82.395,44.7206,,,54.27584,21.40299,15.08271
Sweden,1997,98.7186,56.9927,,,57.73252,48.33326,16.55322
Sweden,1998,102.917,73.7674,,,71.67694,20.27348,23.65923
Sweden,1999,136.197,78.3804,,,57.54937,20.59974,28.76973
Sweden,2000,124.922,144.22,3.848903,5.651845,115.4479,54.68834,26.59277
Sweden,2001,97.5736,123.714,3.275127,4.715204,126.7907,-32.74766,32.8105
Sweden,2002,67.1231,69.5401,5.002604,5.352238,103.6009,-27.48924,33.0233
Sweden,2003,86.702,59.3522,4.213811,7.619703,68.45541,-13.41502,32.3813
Sweden,2004,,80.443,5.396463,8.56176,,27.37908,20.87496
Sweden,2005,,,6.125353,6.056141,,19.15483,14.74792
Sweden,2006,,,6.395396,4.63992,,22.15341,14.90404
Sweden,2007,,,6.05409,5.021597,,18.54131,19.19215
Sweden,2008,,,3.762158,4.193144,,-28.5858,25.62908
Sweden,2009,,,3.385796,7.360096,,-5.769875,38.87954
Sweden,2010,,,5.291466,6.813961,,28.69871,27.78395
Sweden,2011,,,4.828676,5.999685,,0.7191456,20.98369
Sweden,2012,,,4.170345,6.760007,,0.5847521,26.54356
Sweden,2013,,,4.494933,5.525114,,16.04223,18.39659
Sweden,2014,,,4.87527,10.70466,,12.56166,13.18586
Sweden,2015,,,5.062063,10.30672,,13.40722,15.86866
Sweden,2016,,,4.517915,6.862828,,-10.69173,22.12356
Sweden,2017,,,5.317943,10.62359,,14.5517,17.20446
Sweden,2018,,,5.236958,15.76222,,-2.00519,12.22559
Sweden,2019,,,4.283941,33.2179,,3.405726,14.66502
Sweden,2020,,,4.247088,51.93572,,6.79894,22.76061
Sweden,2021,,,3.670701,,,29.5854,22.47797
Thailand,1990,23.9664,18.4391,,,76.9374,62.31931,25.62273
Thailand,1991,38.7532,19.7496,,,50.96259,-15.06586,40.31415
Thailand,1992,51.3924,64.1038,,,124.7339,7.818262,29.69441
Thailand,1993,99.4022,67.579,,,67.98543,25.56146,23.59775
Thailand,1994,86.6492,55.2445,,,63.7565,43.53872,25.59373
Thailand,1995,82.8679,34.8028,,,41.99799,-7.920025,23.5475
Thailand,1996,52.8299,3.64609,,,6.901557,-9.723798,19.34168
Thailand,1997,15.2391,11.7559,,,77.1427,-48.74792,26.80502
Thailand,1998,30.1317,19.9432,,,66.18675,-40.97338,41.04318
Thailand,1999,45.1385,29.4524,,,65.24899,19.14397,43.09992
Thailand,2000,23.1165,15.2945,10.68344,4.048241,66.16304,-18.60875,35.50569
Thailand,2001,29.8788,25.8119,11.55123,4.659273,86.38866,-11.43893,28.71012
Thailand,2002,33.8824,30.7373,6.20316,5.201103,90.71745,20.71032,24.74475
Thailand,2003,78.1565,68.6559,8.224894,5.687257,87.84418,31.95508,20.2969
Thailand,2004,66.7399,67.6343,9.179265,6.287202,101.3402,37.48008,23.03748
Thailand,2005,65.4373,47.4439,6.100207,8.816576,72.50275,4.090527,20.70858
Thailand,2006,63.2046,43.7457,4.36226,4.92271,69.21285,4.1544,15.84111
Thailand,2007,74.9705,42.8805,4.74875,6.545173,57.19652,6.583912,23.40697
Thailand,2008,35.3927,36.398,9.52146,5.814676,102.8404,-10.45482,24.87221
Thailand,2009,62.8149,44.9474,6.178408,6.664868,71.55531,-15.27494,32.34939
Thailand,2010,81.4212,65.209,9.212222,7.854738,80.08846,45.7341,25.50544
Thailand,2011,72.4043,58.0529,11.42501,8.201828,80.17881,21.05402,19.38792
Thailand,2012,98.0375,60.0796,3.794711,8.506444,61.28225,17.64183,20.15345
Thailand,2013,84.3062,83.2463,4.931,6.574265,98.74274,20.94666,16.81931
Thailand,2014,105.668,76.2607,11.03835,5.128877,72.17021,-0.1430824,18.94038
Thailand,2015,86.9178,67.61,8.899606,4.882255,77.78619,0.1045633,13.30494
Thailand,2016,104.739,78.6225,2.594581,6.912246,75.06504,-1.955703,14.40464
Thailand,2017,120.256,74.3998,4.345948,83.20448,61.868,12.55715,12.09919
Thailand,2018,98.8133,76.2781,16.64474,37.83308,77.19412,6.698508,9.174904
Thailand,2019,104.622,67.4726,4.58596,45.45776,64.49184,-4.69427,11.16617
Thailand,2020,108.702,96.3211,2.192578,27.35397,88.61015,-18.0502,21.61668
Thailand,2021,,,3.05346,19.61636,,17.56346,23.20444
Türkiye,1990,,,,,,396.5779,65.88186
Türkiye,1991,,5.51724,,,,-3.722576,60.2751
Türkiye,1992,,5.26716,,,,9.342093,53.04449
Türkiye,1993,20.3212,8.88002,,,43.69824,148.3212,41.6255
Türkiye,1994,16.5315,16.5789,,,100.2867,118.5288,55.64504
Türkiye,1995,12.2557,30.0253,,,244.9903,93.33426,50.53415
Türkiye,1996,16.703,19.9657,,,119.5336,62.68998,39.76664
Türkiye,1997,32.1833,23.0133,,,71.50704,197.5873,39.77555
Türkiye,1998,12.1919,20.7163,,,169.9191,59.81817,51.68598
Türkiye,1999,43.9634,26.5183,,,60.31911,78.42257,64.43743
Türkiye,2000,25.4138,60.5054,11.46215,5.057534,238.0804,149.621,57.68312
Türkiye,2001,23.984,32.5549,,,135.7357,-29.83372,64.3272
Türkiye,2002,15.0025,28.2915,2.984467,5.035616,188.5788,8.586488,55.69923
Türkiye,2003,21.7357,31.192,,,143.5058,11.5117,44.97264
Türkiye,2004,24.041,35.845,3.104598,5.020647,149.0994,62.07299,37.79351
Türkiye,2005,31.6007,39.4477,4.836678,7.032876,124.8317,47.46896,27.79861
Türkiye,2006,28.8794,40.6547,5.555485,4.837552,140.7739,35.49488,27.05142
Türkiye,2007,41.7606,47.6712,7.594619,5.024658,114.1534,21.24053,28.50103
Türkiye,2008,15.2615,28.7147,,,188.1505,-22.0245,32.80966
Türkiye,2009,35.6825,48.1646,,,134.9813,-0.0891632,39.91705
Türkiye,2010,38.9248,51.8986,7.381199,4.929788,133.3302,58.36718,28.97188
Türkiye,2011,23.4959,43.0486,,,183.218,1.877134,23.91231
Türkiye,2012,35.7953,40.7613,9.069236,7.333781,113.8735,5.055994,24.73667
Türkiye,2013,20.4374,39.0747,9.155693,7.251984,191.1926,22.40042,22.35678
Türkiye,2014,23.4051,39.3785,13.15285,6.80886,168.2478,-3.466456,27.72165
Türkiye,2015,21.851,40.4579,12.68282,10.06591,185.1537,7.0559,21.68379
Türkiye,2016,19.7501,32.4031,11.53152,10.51388,164.0659,-4.239027,22.37073
Türkiye,2017,26.4858,43.9238,9.928896,6.545996,165.8391,28.33469,19.54481
Türkiye,2018,19.1739,47.5047,9.718015,6.925742,247.7567,2.786918,18.32441
Türkiye,2019,24.3055,45.6803,5.852661,6.056596,187.942,-2.57053,22.33636
Türkiye,2020,32.9845,120.646,9.52659,5.027397,365.7665,14.371,24.2374
Türkiye,2021,,,10.83758,6.897453,,33.23931,24.63897
Ukraine,1990,,,,,,,
Ukraine,1991,,,,,,,
Ukraine,1992,,,,,,,
Ukraine,1993,,,,,,,
Ukraine,1994,,,,,,,
Ukraine,1995,,,,,,,
Ukraine,1996,,,,,,,
Ukraine,1997,,,,,,,
Ukraine,1998,,,,,,,
Ukraine,1999,,,,,,,
Ukraine,2000,,,,,,,
Ukraine,2001,,,,,,,
Ukraine,2002,,,1.0,1.728233,,,
Ukraine,2003,,,3.00274,3.165072,,-64.99957,49.52639
Ukraine,2004,,,2.358024,4.83314,,56.94909,52.97355
Ukraine,2005,,,3.625797,4.291413,,63.04224,46.71192
Ukraine,2006,,,5.811351,4.110648,,21.73027,38.05204
Ukraine,2007,,,5.189102,3.40164,,-31.2433,35.20081
Ukraine,2008,,,4.5363,3.771809,,-34.03646,35.49798
Ukraine,2009,,,3.00274,4.892424,,-18.72663,35.96379
Ukraine,2010,27.5458,2.01027,3.024923,5.019966,7.297917,2.15385,29.70057
Ukraine,2011,15.1501,0.695493,3.818814,6.352183,4.590696,22.93362,29.72896
Ukraine,2012,,0.342238,,,,-9.599248,30.80847
Ukraine,2013,11.5744,0.173019,2.942261,5.511536,1.494848,-33.95895,25.2659
Ukraine,2014,9.17302,0.091968,,,1.002589,16.14429,25.18226
Ukraine,2015,6.28313,0.03802,,,0.6051133,38.02921,23.02375
Ukraine,2016,4.77022,0.01355,,,0.2840596,43.62687,19.06491
Ukraine,2017,4.63732,0.01737,2.322114,6.025784,0.3745672,-0.1888576,19.91054
Ukraine,2018,3.37337,0.009114,3.727345,6.750302,0.2701883,0.0,20.41
Ukraine,2019,,0.000858,6.431486,5.844222,,0.0,20.41
Ukraine,2020,,,2.583562,7.021337,,0.0,20.41
Ukraine,2021,,,2.522558,5.679291,,0.0,20.41
United States,1990,51.8761,34.0776,,,65.69033,3.58491,14.15838
United States,1991,67.5464,34.7483,,,51.44352,12.41792,16.07158
United States,1992,69.718,38.8086,,,55.66511,10.51625,12.99575
United States,1993,76.5624,50.0748,,,65.40393,8.627334,9.947115
United States,1994,70.5033,50.0703,,,71.01846,1.948783,9.037936
United States,1995,90.9981,67.7854,,,74.49096,17.62661,9.045654
United States,1996,105.046,86.2801,,,82.13547,23.85104,9.915802
United States,1997,125.562,108.021,,,86.02993,30.15154,13.42705
United States,1998,142.589,135.777,,,95.22276,24.31675,18.30123
United States,1999,153.433,195.363,,,127.3278,22.29656,20.89885
United States,2000,147.379,290.53,3.272372,7.969802,197.1309,7.482359,20.44292
United States,2001,132.147,197.351,3.04386,10.901,149.3427,-16.31651,22.08035
United States,2002,101.147,156.032,2.91855,11.46676,154.2627,-16.62296,22.40724
United States,2003,124.526,140.053,3.18026,11.63987,112.4687,-3.06309,24.67943
United States,2004,133.613,156.363,4.059364,10.80112,117.0267,17.23043,15.37389
United States,2005,130.383,197.805,4.39061,11.92122,151.7111,6.745757,11.0255
United States,2006,141.644,221.357,4.489429,13.39142,156.2769,8.53774,10.44469
United States,2007,137.64,296.061,4.659622,13.5713,215.0988,12.66838,11.51341
United States,2008,78.4725,319.878,3.730073,10.21904,407.6304,-17.32574,21.41668
United States,2009,104.139,236.954,2.932115,9.531088,227.5368,-22.35366,39.57303
United States,2010,114.848,239.388,3.891274,10.2617,208.4386,20.23854,26.41881
United States,2011,100.263,263.117,4.489419,10.44608,262.4277,11.26612,18.59477
United States,2012,114.854,199.025,4.446731,10.5702,173.2852,8.740003,21.04165
United States,2013,142.698,197.393,4.662445,11.11417,138.3293,19.14299,13.91965
United States,2014,150.026,222.081,4.692501,11.4163,148.028,17.57658,11.29103
United States,2015,137.688,227.389,4.671785,12.03339,165.1478,6.697304,12.56322
United States,2016,146.307,225.039,4.625307,15.85885,153.8133,1.602953,15.72065
United States,2017,164.894,204.244,4.926117,31.60229,123.8637,16.91298,11.00858
United States,2018,148.273,160.895,4.86805,29.51855,108.5126,12.08337,11.12038
United States,2019,158.572,108.514,5.202709,31.31435,68.43193,6.141086,15.48678
United States,2020,194.889,,4.134795,21.91675,,10.56668,26.74141
United States,2021,,,4.766338,32.41031,,32.6511,24.99284
South Africa,1990,108.584,6.54179,,,6.024612,,
South Africa,1991,136.611,5.97518,,,4.373852,,
South Africa,1992,111.629,4.92841,,,4.415011,,
South Africa,1993,147.488,5.37686,,,3.645624,,
South Africa,1994,169.057,8.70075,,,5.146645,,
South Africa,1995,161.522,9.28633,,,5.749283,,
South Africa,1996,147.988,16.324,,,11.03058,17.72109,11.07358
South Africa,1997,136.137,24.8964,,,18.28772,2.62793,12.44126
South Africa,1998,110.167,35.483,,,32.20853,-6.667459,23.91019
South Africa,1999,171.426,48.06,,,28.03535,11.82102,26.23165
South Africa,2000,134.627,46.4582,2.565532,5.035616,34.50885,20.69108,19.54946
South Africa,2001,108.892,26.1112,4.685416,9.884979,23.97908,11.45891,19.9095
South Africa,2002,140.988,36.9409,3.023956,11.53872,26.20153,16.69708,21.08433
South Africa,2003,132.346,24.9003,4.520577,5.024658,18.81459,-13.60202,19.9664
South Africa,2004,172.99,32.7467,6.9214,7.021918,18.92986,23.92694,17.13134
South Africa,2005,190.159,38.5342,4.858352,6.491817,20.26418,33.96522,13.77377
South Africa,2006,234.065,57.1774,4.961952,11.22529,24.42798,43.66089,17.70504
South Africa,2007,248.648,77.3772,2.207321,8.435471,31.11918,33.06096,20.45881
South Africa,2008,152.689,64.099,3.563113,14.442,41.98,-4.917585,23.62344
South Africa,2009,242.31,65.9626,5.610268,7.947912,27.22244,-13.17616,34.38445
South Africa,2010,221.63,66.4224,4.841168,9.964759,29.96991,22.65447,23.9387
South Africa,2011,172.203,49.2864,4.847352,8.505749,28.62109,10.51772,17.10335
South Africa,2012,208.96,52.2246,8.749238,8.96414,24.99265,11.0645,16.82728
South Africa,2013,235.182,57.9343,7.966548,6.764211,24.6338,19.03833,13.37747
South Africa,2014,244.998,64.4537,5.777894,10.0274,26.3078,17.63588,13.54012
South Africa,2015,212.265,67.4883,7.114976,9.383988,31.79427,5.408049,14.40314
South Africa,2016,293.993,124.369,4.484997,7.513421,42.30317,-0.6815631,17.93759
South Africa,2017,322.711,107.411,3.377633,7.822844,33.28391,6.429533,14.86969
South Africa,2018,213.744,72.871,5.363178,8.557519,34.09257,2.945599,13.11222
South Africa,2019,272.299,73.4187,3.863085,6.915227,26.96255,-0.3798911,15.80747
South Africa,2020,313.475,87.5955,3.12023,16.7123,27.94333,-3.640531,23.44866
South Africa,2021,,,4.320324,9.025811,,24.01995,23.37314
