FREQ,Frequency,BORROWERS_CTY,Borrowers' country,TC_BORROWERS,Borrowing sector,TC_LENDERS,Lending sector,CG_DTYPE,Credit gap data type,TIME_FORMAT,Time Format,TITLE_TS,Series,1947-Q4,1948-Q1,1948-Q2,1948-Q3,1948-Q4,1949-Q1,1949-Q2,1949-Q3,1949-Q4,1950-Q1,1950-Q2,1950-Q3,1950-Q4,1951-Q1,1951-Q2,1951-Q3,1951-Q4,1952-Q1,1952-Q2,1952-Q3,1952-Q4,1953-Q1,1953-Q2,1953-Q3,1953-Q4,1954-Q1,1954-Q2,1954-Q3,1954-Q4,1955-Q1,1955-Q2,1955-Q3,1955-Q4,1956-Q1,1956-Q2,1956-Q3,1956-Q4,1957-Q1,1957-Q2,1957-Q3,1957-Q4,1958-Q1,1958-Q2,1958-Q3,1958-Q4,1959-Q1,1959-Q2,1959-Q3,1959-Q4,1960-Q1,1960-Q2,1960-Q3,1960-Q4,1961-Q1,1961-Q2,1961-Q3,1961-Q4,1962-Q1,1962-Q2,1962-Q3,1962-Q4,1963-Q1,1963-Q2,1963-Q3,1963-Q4,1964-Q1,1964-Q2,1964-Q3,1964-Q4,1965-Q1,1965-Q2,1965-Q3,1965-Q4,1966-Q1,1966-Q2,1966-Q3,1966-Q4,1967-Q1,1967-Q2,1967-Q3,1967-Q4,1968-Q1,1968-Q2,1968-Q3,1968-Q4,1969-Q1,1969-Q2,1969-Q3,1969-Q4,1970-Q1,1970-Q2,1970-Q3,1970-Q4,1971-Q1,1971-Q2,1971-Q3,1971-Q4,1972-Q1,1972-Q2,1972-Q3,1972-Q4,1973-Q1,1973-Q2,1973-Q3,1973-Q4,1974-Q1,1974-Q2,1974-Q3,1974-Q4,1975-Q1,1975-Q2,1975-Q3,1975-Q4,1976-Q1,1976-Q2,1976-Q3,1976-Q4,1977-Q1,1977-Q2,1977-Q3,1977-Q4,1978-Q1,1978-Q2,1978-Q3,1978-Q4,1979-Q1,1979-Q2,1979-Q3,1979-Q4,1980-Q1,1980-Q2,1980-Q3,1980-Q4,1981-Q1,1981-Q2,1981-Q3,1981-Q4,1982-Q1,1982-Q2,1982-Q3,1982-Q4,1983-Q1,1983-Q2,1983-Q3,1983-Q4,1984-Q1,1984-Q2,1984-Q3,1984-Q4,1985-Q1,1985-Q2,1985-Q3,1985-Q4,1986-Q1,1986-Q2,1986-Q3,1986-Q4,1987-Q1,1987-Q2,1987-Q3,1987-Q4,1988-Q1,1988-Q2,1988-Q3,1988-Q4,1989-Q1,1989-Q2,1989-Q3,1989-Q4,1990-Q1,1990-Q2,1990-Q3,1990-Q4,1991-Q1,1991-Q2,1991-Q3,1991-Q4,1992-Q1,1992-Q2,1992-Q3,1992-Q4,1993-Q1,1993-Q2,1993-Q3,1993-Q4,1994-Q1,1994-Q2,1994-Q3,1994-Q4,1995-Q1,1995-Q2,1995-Q3,1995-Q4,1996-Q1,1996-Q2,1996-Q3,1996-Q4,1997-Q1,1997-Q2,1997-Q3,1997-Q4,1998-Q1,1998-Q2,1998-Q3,1998-Q4,1999-Q1,1999-Q2,1999-Q3,1999-Q4,2000-Q1,2000-Q2,2000-Q3,2000-Q4,2001-Q1,2001-Q2,2001-Q3,2001-Q4,2002-Q1,2002-Q2,2002-Q3,2002-Q4,2003-Q1,2003-Q2,2003-Q3,2003-Q4,2004-Q1,2004-Q2,2004-Q3,2004-Q4,2005-Q1,2005-Q2,2005-Q3,2005-Q4,2006-Q1,2006-Q2,2006-Q3,2006-Q4,2007-Q1,2007-Q2,2007-Q3,2007-Q4,2008-Q1,2008-Q2,2008-Q3,2008-Q4,2009-Q1,2009-Q2,2009-Q3,2009-Q4,2010-Q1,2010-Q2,2010-Q3,2010-Q4,2011-Q1,2011-Q2,2011-Q3,2011-Q4,2012-Q1,2012-Q2,2012-Q3,2012-Q4,2013-Q1,2013-Q2,2013-Q3,2013-Q4,2014-Q1,2014-Q2,2014-Q3,2014-Q4,2015-Q1,2015-Q2,2015-Q3,2015-Q4,2016-Q1,2016-Q2,2016-Q3,2016-Q4,2017-Q1,2017-Q2,2017-Q3,2017-Q4,2018-Q1,2018-Q2,2018-Q3,2018-Q4,2019-Q1,2019-Q2,2019-Q3,2019-Q4,2020-Q1,2020-Q2,2020-Q3,2020-Q4,2021-Q1,2021-Q2,2021-Q3,2021-Q4,2022-Q1,2022-Q2,2022-Q3,2022-Q4,2023-Q1,2023-Q2,2023-Q3,2023-Q4
Q,Quarterly,CH,Switzerland,P,Private non-financial sector,A,All sectors,B,Credit-to-GDP trend (HP filter),,,,Q:CH:P:A:B,,,,,,,,,,,,,,,,,,,,,,,,,,,,,,,,,,,,,,,,,,,,,,,,,,,,,,,,,,,,,,,,,,,,,,,,,,,,,,,,,,,,,,,,,,,,,146.4,146.9,147.3,147.3,147.4,147.2,147.1,146.8,146.7,146.2,145.7,145.2,144.8,144.3,143.8,143.2,141.4,139.7,138.4,137.3,136.6,136,135.6,135.2,135.1,135,135,135.1,135.5,135.8,136.2,136.6,137.4,138,138.7,139.4,140.3,141.1,142,142.8,143.8,144.8,145.9,146.9,147.6,148,148.3,148.9,149.5,150.1,150.8,151.6,152.4,153.1,153.8,154.5,155.2,155.9,156.5,157,157.7,158.3,159,159.7,160.5,161.4,162.3,163.4,164.4,165.6,166.9,168.3,169.8,171.5,173.3,175.1,176.9,178.7,180.5,182.2,183.7,185.2,186.6,188,189.2,190.4,191.5,192.6,193.6,194.6,195.6,196.4,196.9,197.4,197.9,198.4,198.7,199.1,199.5,199.8,200.2,200.7,201.2,201.7,202.1,202.6,203.1,203.4,203.6,203.8,204,204,204,204.2,204.5,204.9,205.2,205.2,205.1,204.9,204.6,204.7,204.5,204.1,203.6,203.2,202.8,202.4,202,201.7,201.5,201.5,201.4,201.6,201.4,201.3,201.1,201,200.9,200.6,200.6,200.2,199.8,199.4,199.2,199.4,199.7,199.9,200.1,200.2,200.6,200.9,201,201.2,201.9,202.5,203.4,204.2,205.2,206.1,206.9,207.9,208.8,209.8,210.8,211.7,212.8,214,215.2,216.4,217.5,218.6,219.7,220.7,221.8,222.8,223.7,224.5,225.3,226.1,227.1,228.4,229.5,230.8,232,233.2,234.6,236.1,237.6,239.4,240.8,242,242.9,243.9,245.2,246.8,248.6,250.4,252.5,254.9,257,259.7,262.1,264.4,266.3,268.4,270.2,271.9,273.2,274.5,275.6,276.7,277.3
Q,Quarterly,BR,Brazil,P,Private non-financial sector,A,All sectors,A,Credit-to-GDP ratios (actual data),,,,Q:BR:P:A:A,,,,,,,,,,,,,,,,,,,,,,,,,,,,,,,,,,,,,,,,,,,,,,,,,,,,,,,,,,,,,,,,,,,,,,,,,,,,,,,,,,,,,,,,,,,,,,,,,,,,,,,,,,,,,,,,,,,,,,,,,,,,,,,,,,,,,,,,,,,,,,,,,,,,,,,,,,,,,,,,,,,,,,,,,,,,,,,,,,,,,,,,,,,,,,,,,,52,50.8,47.4,44.9,44,45.7,46.6,47.7,49.1,49.2,49.4,49.3,49.7,48.2,49.3,48.7,44.2,45.7,45,47.2,49.1,47.8,51,49.3,49.7,50.3,55.7,52.9,52.1,49.2,48.7,48.4,46.4,46.9,45.9,45.1,45.5,45.2,45.5,46.5,46.7,47.7,48.5,50.1,48.2,46.9,47.2,47.8,49.3,51.2,53.3,55.5,54.6,55.3,56.7,58,56.1,55.6,57.5,59,58.9,59.3,60,62.3,62.5,64.3,64.8,66.7,66.6,69.2,69,70.7,69.8,70.1,71.7,74.4,77.3,76.9,81.6,81.8,78.8,75.6,74.8,74.4,72.8,72.6,71.3,72.5,70.6,72.7,73.2,74.4,74.5,75,76.3,77,81.7,84.6,87.1,86.5,87,82.3,83.6,84.9,82.3,84.3,85.6,86.1,84.8,83.6,85.7,86.2
Q,Quarterly,CH,Switzerland,P,Private non-financial sector,A,All sectors,C,Credit-to-GDP gaps (actual-trend),,,,Q:CH:P:A:C,,,,,,,,,,,,,,,,,,,,,,,,,,,,,,,,,,,,,,,,,,,,,,,,,,,,,,,,,,,,,,,,,,,,,,,,,,,,,,,,,,,,,,,,,,,,,2.2,0.1,-0.9,-4.2,-4.2,-6.6,-6.3,-7.4,-6.3,-9.2,-10.2,-9.9,-8.1,-9.2,-10.1,-10,-26.1,-23,-18.6,-15.8,-9.1,-8.3,-5.6,-5.1,0,-1.1,1.2,1.8,7.7,4.9,6.5,6.5,11.8,9.2,10.6,9.5,12.2,11.5,12.4,11.3,14.2,12.7,14.4,12.1,8.2,1.8,1.2,4.6,6.2,5.2,7.2,7.3,8.7,5.9,7,5.7,5.6,5.6,3.9,2.8,4.4,3.5,5.2,5.6,6.3,6.9,9.5,9.4,9.8,12.2,14.4,15.2,15.8,18.8,21.2,19.6,19.7,18.5,18.1,15.6,12.9,10.9,10.7,8.2,6.4,5.2,4.4,3.2,2,2,1.1,-1.6,-6.1,-6.7,-7,-7.4,-8.1,-7.9,-7.8,-8.7,-7,-5.1,-4.9,-6.1,-5.6,-4.6,-4.9,-7.1,-8.2,-9,-9.3,-11.7,-12.3,-8,-5.1,-3.7,-5.4,-11.4,-11.8,-13.7,-13.3,-8.6,-12.4,-15.4,-16.7,-13.6,-14.4,-14.1,-14,-11.1,-9.1,-6.4,-5.7,-3,-7.8,-7.4,-6.7,-6.9,-6.7,-7.9,-4.8,-10.3,-11.1,-10.2,-6,0.7,2,0.9,1.3,-0.8,3.5,3.2,-2.4,1.8,8.1,7.7,11.2,10.7,12.8,12,7.8,13.1,10.5,11.6,10.8,10.3,11.3,14.4,14,12.9,11.5,9.7,10.5,9.3,9.6,7,6.2,4.9,3.2,3.8,6.9,11.4,9.8,10.5,9.2,10,13.2,13.1,13.6,18.1,10.4,7,1.6,4.5,7.7,12.8,17.4,15.7,21.1,24.2,19.9,29.1,24.1,20.7,13.9,14.9,12.4,8.7,0.5,1.9,-1.2,-2.7,-9.9
Q,Quarterly,PL,Poland,P,Private non-financial sector,A,All sectors,A,Credit-to-GDP ratios (actual data),,,,Q:PL:P:A:A,,,,,,,,,,,,,,,,,,,,,,,,,,,,,,,,,,,,,,,,,,,,,,,,,,,,,,,,,,,,,,,,,,,,,,,,,,,,,,,,,,,,,,,,,,,,,,,,,,,,,,,,,,,,,,,,,,,,,,,,,,,,,,,,,,,,,,,,,,,,,,,,,,,,,,,,,,,,,,,,,,,,,,,,,,,,,,,,,,30.8,29.7,28.5,26.5,25.9,25.7,25.4,24.9,24.3,23.2,22,21.7,21,20.6,20.8,21.7,21.8,22.3,23.5,25.4,26.1,26.4,26.9,27.1,28.7,30.2,32.1,33.5,34.8,35.3,36.7,36.6,37,40.3,39.4,39.5,40.2,40.7,42.9,42.3,43.4,46,48.3,48.9,49.7,48.9,48.9,47.8,48.2,47.2,46.1,42.8,42,42.5,42.5,43.3,44.2,46.1,48.5,50,51.1,53,55.7,57,58.8,60.4,63.3,69.9,74,72.5,71.6,69.8,70.1,72.9,72.4,73.2,72.4,73.5,76.7,77.3,76.5,77,76.6,77.4,78.2,80,80.6,79.9,80.3,81.5,82,82.7,83.5,84.3,84.7,84,84.1,85.2,84.6,87,85.5,84.5,83.5,82.2,82.8,82.9,82.3,81.5,80.8,79.9,80.2,78.8,80.9,81.1,80.3,80.6,79.9,77.5,77.2,75.8,73.8,71.8,71.1,67.1,65,62.8,62.5,60.7
Q,Quarterly,CA,Canada,P,Private non-financial sector,A,All sectors,C,Credit-to-GDP gaps (actual-trend),,,,Q:CA:P:A:C,,,,,,,,,,,,,,,,,,,,,,,,,,,,,,,,,,,,,,,,,,,,,,,,,,,,,,,,,,,,,,,,,,,,,,,,,4.4,0.8,0.5,-0.8,-1,-1.3,-1.3,0.5,2.8,2.6,3.2,3.2,4.7,-1,0.3,0.4,0.5,-1.1,-1.4,-1,-0.5,-0.3,0.7,1.5,2,1.8,2.5,3.1,3.7,3.5,4.2,3.7,3.7,3.1,3.7,3.2,3.1,3.2,3.9,3.9,3.8,3.1,2.5,2.4,2.7,3.6,4.9,5.5,5.6,6,6.2,6.5,6.9,7.6,8.1,8.1,7.5,7,7.3,6.6,6.7,6.5,7.3,7.5,5.5,4.7,3.6,1.9,-0.6,-2.5,-4.7,-6.9,-9,-9.6,-10.3,-11.1,-11.8,-11.2,-11.2,-9.8,-9.4,-8.8,-7.3,-6.4,-5.4,-5.1,-3.3,-3.1,-2.4,-1.3,-0.3,1.3,2.1,2.9,4.1,5.4,7,8.3,8.8,9.3,9.5,10.3,10.7,10.7,11.5,10.4,10.7,9.9,8.6,9,8,8,6.5,5.7,4.1,2.1,0.9,0.8,-0.9,-1.4,-1.9,-2.3,-2.7,-3,-3.6,-1.9,-2,-2,-2.5,-1.6,0.1,1.4,1.3,-0.6,-2.2,-4.3,-7,-4.8,-5.9,-6.7,-8.4,-5.8,-6.1,-3.5,-2.8,0,0.5,0.8,-0.7,-3.8,-4,-4.6,-5,-2,-2.7,-3.7,-3.9,-6.6,-5,-6,-8.2,-7.9,-8,-5.9,-3.9,1.1,0.8,1.9,2,4.5,2.9,2.6,5.1,7.9,12.4,16.1,16.2,13.6,12.6,10.2,8.2,7.6,6.6,6.9,3.9,3.6,4.5,5.5,5.7,6.9,8,7.7,6.9,7.4,6.7,7.3,6.3,11.1,12,14.2,15.3,13,14.9,15.4,13.1,12.3,10.5,8.5,7,5.9,6.6,4.5,4.3,3.9,5.2,5.5,4.2,7.4,17.2,19.4,20.1,16.8,9.6,5.5,1.3,-5.6,-11.7,-14.6,-16.2,-15.9,-14.8,-14.2,-13.7
Q,Quarterly,KR,Korea,P,Private non-financial sector,A,All sectors,C,Credit-to-GDP gaps (actual-trend),,,,Q:KR:P:A:C,,,,,,,,,,,,,,,,,,,,,,,,,,,,,,,,,,,,,,,,,,,,,,,,,,,,,,,,,,,,,,,,,,,,,,,,,,,,,,,,,,,,,,,,,,,,,,,,,,,,,-3.8,-4.4,-4.3,-4.7,-5.2,-6.1,-6.1,-4.6,-5.4,-9.5,-10.8,-11.2,-12.5,-13.1,-14.8,-14,-14.4,-14.5,-13.7,-12.1,-12.7,-10.7,-8.8,-8.8,-8.3,-7.8,-7.4,-4.5,-2.8,3.3,4.8,7,8.5,8,8.6,8.4,9.7,9.6,8.2,9.9,14.5,14.2,14,11.1,10.6,9.7,9.6,8.9,9,10.2,11.9,12.8,9.8,7.1,7.1,4.4,2.7,0.2,-1.3,-2.6,-5,-9,-7.8,-9.6,-11.3,-8.7,-3.8,-1.5,-1.2,-1.7,-0.8,-1.3,3.1,5.7,4.7,5.6,4.5,4,3.2,3.7,4.2,4.4,4.9,6.8,4,3.6,4,5.6,3.4,2.8,2.5,1.6,0.4,0.7,2.2,5.3,4.7,8.4,7.8,8,13.2,10.1,8.2,10.5,5.7,9.7,0.5,-4.1,-13,-13.6,-17,-17.2,-19.8,-18.8,-19.1,-17.1,-18.2,-15.4,-13.3,-11.9,-12,-12.1,-13.1,-13.9,-15,-16.7,-18.8,-19.6,-21.8,-21.6,-19.4,-18.5,-17.2,-15.8,-11.8,-8.9,-5.5,-3.7,-2.3,-1.6,-0.5,2.5,5.5,7.9,10.7,11.9,13.2,13,11.2,8.2,6.8,5.3,2.9,2.5,3,4.8,4,3.7,4.1,4.9,3.2,4.4,3.8,2.7,1,0.6,0.2,1.6,1.7,1,0.3,0.8,0.3,-0.5,-0.6,-1.1,-1.2,-2.2,-1.4,-2.2,-2.9,-2.4,-1.6,-0.3,0.3,1,3,4.7,5.9,8.6,12.9,15.7,16.8,17.3,17.1,17.4,16.6,16,16.2,16.8,15.4,12.7,12.1,10.5,6.3
Q,Quarterly,KR,Korea,P,Private non-financial sector,A,All sectors,B,Credit-to-GDP trend (HP filter),,,,Q:KR:P:A:B,,,,,,,,,,,,,,,,,,,,,,,,,,,,,,,,,,,,,,,,,,,,,,,,,,,,,,,,,,,,,,,,,,,,,,,,,,,,,,,,,,,,,,,,,,,,,,,,,,,,,61.8,62.5,63.3,63.9,64.5,65.1,65.6,66.2,66.8,67,67.1,67.1,67,66.8,66.5,66.3,66,65.6,65.3,65.1,64.9,64.7,64.7,64.7,64.7,64.8,64.8,65.1,65.4,66.2,67,68,69.1,70.2,71.4,72.5,73.8,75,76.2,77.4,79,80.6,82.2,83.7,85.1,86.5,87.9,89.2,90.6,92.1,93.7,95.3,96.8,98.2,99.5,100.8,101.9,102.9,103.8,104.6,105.2,105.7,106.2,106.5,106.8,107.1,107.8,108.6,109.4,110.1,111,111.7,112.8,114,115.1,116.3,117.5,118.6,119.7,120.8,122,123.2,124.4,125.7,126.9,128.1,129.3,130.5,131.7,132.9,134,135.1,136.1,137.1,138.3,139.6,140.8,142.4,143.8,145.3,147.2,148.8,150.4,152.1,153.6,155.2,156.4,157.3,157.7,158.1,158.2,158.2,158.1,158.1,157.9,157.9,157.8,157.8,157.9,158,158.2,158.3,158.3,158.2,158.1,157.9,157.5,157,156.4,155.7,155.2,154.6,154.1,153.7,153.4,153.3,153.4,153.6,153.9,154.2,154.5,155,155.8,156.6,157.7,158.8,160,161.2,162.3,163.3,164.2,165.1,165.8,166.5,167.2,168.1,168.8,169.6,170.4,171.3,172.1,172.9,173.8,174.5,175.2,175.9,176.5,177.2,177.9,178.6,179.2,179.9,180.6,181.2,181.8,182.3,182.9,183.4,183.9,184.4,184.8,185.3,185.8,186.4,187,187.7,188.5,189.3,190.3,191.4,192.8,194.4,196,197.7,199.5,201.2,203,204.7,206.5,208.4,210.2,211.8,213.5,215.1,216.4
Q,Quarterly,CA,Canada,P,Private non-financial sector,A,All sectors,B,Credit-to-GDP trend (HP filter),,,,Q:CA:P:A:B,,,,,,,,,,,,,,,,,,,,,,,,,,,,,,,,,,,,,,,,,,,,,,,,,,,,,,,,,,,,,,,,,,,,,,,,,81.6,81.9,82.1,82.3,82.4,82.4,82.5,82.7,83.2,83.6,84.1,84.5,85.2,85.3,85.6,85.8,86.1,86.2,86.4,86.5,86.7,86.9,87.2,87.5,87.9,88.2,88.6,89.1,89.6,90.1,90.6,91.1,91.6,92.1,92.6,93.1,93.6,94.1,94.7,95.2,95.8,96.3,96.8,97.3,97.8,98.4,99,99.7,100.4,101.2,101.9,102.7,103.6,104.4,105.3,106.3,107.2,108.1,109,109.9,110.8,111.7,112.6,113.6,114.5,115.3,116.1,116.8,117.3,117.7,118,118.2,118.2,118.2,118.2,118,117.8,117.7,117.5,117.3,117.2,117.1,117.1,117.1,117.1,117.2,117.4,117.5,117.7,118,118.3,118.7,119.2,119.7,120.3,120.9,121.7,122.5,123.4,124.4,125.3,126.4,127.4,128.5,129.7,130.8,131.9,133,134,135.1,136.2,137.2,138.2,139.2,140,140.8,141.5,142.1,142.7,143.3,143.8,144.3,144.8,145.2,145.6,146.1,146.6,147.1,147.6,148.1,148.7,149.4,150,150.6,151.1,151.4,151.6,151.9,152.1,152.3,152.4,152.6,152.7,153.1,153.4,153.9,154.4,155,155.5,155.7,156,156.2,156.4,156.8,157.1,157.4,157.6,157.7,157.9,158,157.9,157.9,157.8,157.9,158,158.5,158.9,159.4,159.9,160.5,161.1,161.6,162.3,163.2,164.3,165.7,167.1,168.4,169.6,170.7,171.8,172.8,173.7,174.7,175.5,176.4,177.2,178.2,179.1,180.2,181.3,182.4,183.5,184.6,185.7,186.8,187.9,189.3,190.7,192.3,194,195.5,197.2,199,200.6,202.3,203.8,205.2,206.6,207.9,209.3,210.5,211.8,213,214.3,215.7,216.9,218.4,220.4,222.6,224.9,227,228.7,230.2,231.5,232.4,232.9,233.2,233.4,233.6,233.8,234.1,234.3
Q,Quarterly,US,United States,P,Private non-financial sector,A,All sectors,A,Credit-to-GDP ratios (actual data),,,,Q:US:P:A:A,47.1,47.6,47.9,48,48.6,49.2,50.2,51.5,52.9,54.7,55.8,56.1,55.7,54.8,54.1,53.9,54,53.6,54.8,55.6,56.7,56.6,57.1,57.3,58,58.4,59.9,61.3,62.5,62.6,63.8,64.2,65.2,65.3,66.5,67.1,67.9,67.7,68.7,68.8,69.5,69.9,71.1,72,73.3,72.6,73.2,73.5,74.6,74.2,75.7,76.1,77.5,77.9,79.2,79.7,80.5,79.5,80.1,80.3,81.6,81.6,83.1,83.6,84.8,84.3,85.2,85.3,86.4,86.3,87.3,87.3,87.5,86.8,87.5,86.8,86.9,86.5,87.5,87.7,89.9,88.3,88.9,88.5,89.3,88.3,89.4,89.2,90,89.2,90.2,90.6,91.4,90.9,91.8,92.1,92.5,92.5,93.7,93.9,94.6,94.8,95.8,96.2,96.3,96.3,97.9,98.4,98.6,97.2,96.9,96.2,95.9,94.2,94.2,94.1,94.7,94.8,95.9,96.2,97.1,97.1,98.1,98.4,98.5,97.8,99.2,100,100.6,100.8,100.3,100.8,101.4,100,100.2,99.5,99.4,99.7,100.6,101.2,101.9,101.7,102.5,102.9,103.4,103.2,104.4,104.9,106.6,107.6,109.2,110.4,113.1,113.3,115,116.9,119.4,119.4,121.1,122,122.7,122.9,123.9,124.2,124.9,124.5,125,124.7,125.2,125.5,125.5,125.2,125.1,124.4,124.7,123.8,123.1,122,121,120.2,119.2,118.2,118.3,118.5,118.8,118.8,118.9,118.8,119.4,119.2,120.2,120.7,121.5,121.8,122.3,122.5,122.3,122.1,122.7,123.5,124.1,124.9,127,128.1,129.4,130.4,131.3,133.1,134,134.8,135.7,136.2,136.7,136.3,138.4,140.4,141.4,142,143.2,144.2,145.6,146.1,148.5,149.2,149.4,149.7,150.6,151.5,153.2,153.3,154.9,156.2,157.6,159.2,161.1,162.5,164.1,165.2,167.7,169.5,170.9,171.6,171.3,172,170.8,170.3,171,171.1,169.5,167.6,165,162.9,160.7,159,157.6,156.8,156,154.4,153.4,153,152.7,151.5,151.6,151.6,151.7,151.6,151.3,150.5,150.7,150.1,150.8,151.1,150.9,151.5,152.2,153.1,152.7,152.9,153.6,153.6,154.4,153.4,154.1,153.6,153.6,153.5,153.8,153.9,153.4,156.6,162.4,163.5,164.8,165.2,163.3,161.7,160.5,159.4,158.6,157.1,156.1,154.6,153.2,151.7,150.1
Q,Quarterly,PT,Portugal,P,Private non-financial sector,A,All sectors,C,Credit-to-GDP gaps (actual-trend),,,,Q:PT:P:A:C,,,,,,,,,,,,,,,,,,,,,,,,,,,,,,,,,,,,,,,,,,,,,,,,,,,,,,,,,,,,,,,,,,,,,,,,,,,,,,,,,,,,,,,,,,,,,2.1,0.3,1.6,2.6,7.4,8.6,9.2,9.4,11,11.9,8.6,8.5,13.5,9.6,5.1,3.3,5.5,3.1,3.3,1.8,2.9,-1.2,-3.4,-5.9,1.3,-3.5,-8.4,-8.8,-4.5,-7.8,-6.7,-8.1,-7.8,-10.7,-10.6,-12.3,-11.1,-11,-12.3,-12.9,-8.5,-6.2,-2.3,-1.8,-0.2,0.7,2.9,2.7,4.4,3.4,5.3,3.2,9.1,4.3,4.8,5.3,4.1,-0.7,-4.6,-10,-15.7,-22.6,-26.3,-28.8,-30.6,-31.5,-32.8,-32.5,-33.3,-33.1,-33.8,-33,-31.5,-33.8,-32.8,-31.6,-28.4,-28.1,-25.5,-27.4,-26.9,-23.5,-19.2,-17.7,-15.9,-17.2,-15.2,-12.4,-7.8,-7.1,-2.9,-1.5,3.5,2.9,3,2.9,6.3,3.9,3.8,3.6,4.4,8.9,10.1,10.7,12.5,14.4,13.6,13,14.5,19.5,19.9,20.4,23.4,23.4,27.4,28.5,29.7,33.3,33.1,33.3,33.1,34.9,35.2,35.4,35.2,33.2,30.1,30.3,31.7,33.9,32.2,29.8,28.7,30.3,29.4,28.2,27.3,24.2,24.2,22,21.7,20.9,19.2,17.1,15.8,14.4,16.4,15.5,16.3,17.4,19.8,18.7,18.5,20.5,21.6,20,16.6,13.7,12.7,8.7,9.7,9.6,8.6,7.7,5.9,4.9,4.6,5.4,5.8,2.3,-1.4,-6.9,-12,-17.2,-21.3,-23.8,-25.9,-28.8,-31.8,-34.2,-36.2,-39.4,-40.9,-42.3,-44.4,-43.9,-44.8,-45.6,-45.9,-47.1,-48.3,-47.6,-47.7,-46.9,-45.9,-45,-45.1,-42.2,-30.9,-26.8,-23.1,-19.2,-23,-23.6,-25.2,-27.5,-30.3,-31.6,-33.5,-36.4,-37.8,-37.5,-38.8
Q,Quarterly,PT,Portugal,P,Private non-financial sector,A,All sectors,B,Credit-to-GDP trend (HP filter),,,,Q:PT:P:A:B,,,,,,,,,,,,,,,,,,,,,,,,,,,,,,,,,,,,,,,,,,,,,,,,,,,,,,,,,,,,,,,,,,,,,,,,,,,,,,,,,,,,,,,,,,,,,84.5,85.2,86,86.9,88.2,89.7,91.2,92.8,94.5,96.4,97.9,99.5,101.5,103.1,104.5,105.7,107,108.2,109.4,110.6,111.7,112.6,113.4,113.9,115,115.7,116.1,116.4,117,117.4,117.9,118.2,118.6,118.8,118.9,118.9,119,119.1,119.1,119,119.2,119.5,120.1,120.7,121.3,122.1,122.9,123.8,124.7,125.6,126.7,127.6,128.8,129.8,130.8,131.9,132.9,133.6,134.1,134.3,134.1,133.5,132.6,131.6,130.4,129.1,127.7,126.2,124.7,123.1,121.4,119.7,118,116.2,114.3,112.5,110.8,109.1,107.5,105.7,103.9,102.3,100.9,99.5,98.2,96.8,95.5,94.3,93.4,92.5,91.9,91.3,91,90.7,90.4,90.1,89.9,89.7,89.5,89.2,89,89.1,89.3,89.5,89.8,90.3,90.7,91.1,91.6,92.5,93.4,94.4,95.5,96.7,98.2,99.8,101.5,103.5,105.5,107.5,109.6,111.9,114.2,116.7,119.1,121.5,123.8,126.1,128.6,131.2,133.8,136.3,138.8,141.5,144.1,146.7,149.3,151.8,154.3,156.7,159.2,161.6,164,166.2,168.5,170.6,172.9,175.2,177.6,180,182.7,185.2,187.8,190.6,193.4,196.2,198.8,201.3,203.8,206,208.3,210.6,212.9,215.1,217.3,219.4,221.5,223.6,225.8,227.8,229.5,231,232.1,233,233.5,233.9,234.1,234.1,233.9,233.5,232.9,232.1,231.1,230,228.7,227.4,225.9,224.3,222.6,220.8,218.8,216.8,214.7,212.6,210.4,208.3,206,203.9,202.3,200.9,199.7,198.7,197.4,196.1,194.6,193,191.1,189.1,187,184.6,182.1,179.6,176.9
Q,Quarterly,GR,Greece,P,Private non-financial sector,A,All sectors,B,Credit-to-GDP trend (HP filter),,,,Q:GR:P:A:B,,,,,,,,,,,,,,,,,,,,,,,,,,,,,,,,,,,,,,,,,,,,,,,,,,,,,,,,,,,,,,,,,,,,,,,,,,,,,,,,,,,,,,,,,,,,,,,,,,,,,,,,,,,,,,,,,,,,,,,,,,,,,,,,,,,,,46.6,46.7,46.9,47.1,47.4,47.6,47.8,47.9,48.2,48.3,48.4,48.4,48.6,48.7,48.7,48.7,48.8,48.9,48.9,49,49,49,49,48.8,48.7,48.6,48.4,48.2,48.1,47.9,47.6,47.3,47,46.8,46.5,46.2,46,45.8,45.6,45.4,45.1,44.8,44.4,44,43.6,43.1,42.7,42.4,42,41.6,41.3,41,40.5,40.1,39.7,39.3,39,38.7,38.3,38,37.8,37.5,37.3,37.2,37,36.9,36.8,36.7,36.7,36.8,36.9,36.9,37.1,37.3,37.6,37.8,38.1,38.6,39.1,39.7,40.5,41.3,42.2,43.2,44.2,45.3,46.4,47.5,48.6,49.7,50.8,51.9,53.1,54.3,55.5,56.8,58.1,59.5,61,62.6,64.3,66,67.8,69.6,71.5,73.3,75.2,77.2,79.3,81.5,83.8,86.2,88.6,90.9,93.1,95.4,97.6,99.8,102.2,104.5,107,109.5,112,114.6,116.8,119,121.2,123.3,125.3,127.2,129,130.7,132.3,133.7,135.2,136.5,137.7,138.8,139.7,140.6,141.3,142,142.6,143,143.5,143.8,143.9,143.9,143.8,143.7,143.4,143.2,142.9,142.4,141.7,141,140.2,139.5,139,138.8,138.8,139,139.2,139.2,138.9,138.4,137.8,136.9,135.5,133.9,132.4,130.8,129.2
Q,Quarterly,GR,Greece,P,Private non-financial sector,A,All sectors,C,Credit-to-GDP gaps (actual-trend),,,,Q:GR:P:A:C,,,,,,,,,,,,,,,,,,,,,,,,,,,,,,,,,,,,,,,,,,,,,,,,,,,,,,,,,,,,,,,,,,,,,,,,,,,,,,,,,,,,,,,,,,,,,,,,,,,,,,,,,,,,,,,,,,,,,,,,,,,,,,,,,,,,,-1.3,-1.3,-0.7,0.1,1.3,-0.4,-1.3,-1.1,0.5,-1.2,-1.6,-2.3,0.2,-2,-2.3,-2.9,-0.7,-1.4,-1.5,-2.2,-1.8,-2.5,-2.9,-4.2,-3.7,-4.1,-4.4,-4.9,-4.2,-4.8,-5,-6.1,-5.7,-5.6,-5.2,-5.8,-3.6,-3.2,-3.3,-4.6,-5.3,-5.5,-5.7,-6.9,-6.4,-7.3,-5.3,-5.1,-5,-5.2,-4.1,-4.2,-5.3,-5.8,-4.3,-4.9,-3.2,-3.8,-3.3,-2.8,-1.8,-1.4,-0.7,-0.4,-0.4,0.2,1.5,1.5,1.8,3.9,4.1,3.7,4.7,6.2,5.8,6.4,6.9,8.3,10.3,12.1,13.4,14.6,15.5,15.8,16.8,16.2,16.7,16.1,16.3,15.5,14.9,15.6,15.9,14.9,15.8,15.3,16.1,17.2,18.7,19.4,22,20,20.5,20.9,21.8,20.5,21.1,21.5,22.8,24,25,25.8,25.4,23.8,21.2,20.9,19.5,18,22,20.2,22.2,21.7,21.7,21.3,15.8,14.1,14.3,11.7,9.8,7.6,5.7,3.6,1.2,-0.2,-0.8,-2.7,-5,-6.4,-8.7,-10.7,-11.7,-12.5,-13.7,-15.7,-16,-17.4,-19.3,-21.6,-22.7,-23.3,-24,-23.7,-23,-27,-28.4,-29.5,-28.8,-26.8,-22,-16.1,-12.8,-9.8,-8.4,-12.6,-15.9,-19.6,-21.9,-25.1,-33.5,-34.6,-34.6,-34.1,-32.3
Q,Quarterly,GB,United Kingdom,P,Private non-financial sector,A,All sectors,A,Credit-to-GDP ratios (actual data),,,,Q:GB:P:A:A,,,,,,,,,,,,,,,,,,,,,,,,,,,,,,,,,,,,,,,,,,,,,,,,,,,,,,,,,,,,,,55.4,54.7,53.9,52.7,60,58.7,57.5,56.2,62.7,61.7,60.4,59.4,58.5,57.4,63.5,62.4,61.3,60.4,63.4,62.8,61.6,64.2,62.6,60.6,59.5,61.7,60.5,59.4,58,59.4,57.5,58.6,56.9,55.2,56.2,57.2,60.6,61.3,64.7,65,64.2,66.3,66,63.9,65,64.9,64.1,61.3,59.5,59.3,56.5,57.9,57.7,57.2,57.4,58.3,56.3,56.5,55.9,56,55.9,56.4,55.6,55.5,56.1,56.7,56.2,55.6,56.8,57.1,56.8,56.7,56.5,56.5,58.1,60.6,61.1,63.2,64,65.6,66.4,67.5,67.8,68.4,70.6,72.4,73.4,76,77.4,76.5,78,77.3,79.9,81.3,81.9,84.7,86.5,87.3,88.6,88.5,90.8,94.5,97.2,98.4,101.3,103.9,106.1,107,112.6,114.1,113.8,114.7,115.3,117.1,116.3,114.7,113.9,113,112.4,115.8,113.2,112.6,112.8,114.3,112.1,109.6,109.5,110.9,109.9,110.5,109.9,112,109.2,109.7,109.4,108.7,108.2,110,112.1,112,113.6,115.2,118.9,120,123.1,125.8,126.8,128.7,130.1,133.5,135.2,136,139.5,140.4,141.7,144.4,146.5,149.1,154.5,154.4,152,154.2,154.7,154.6,154.4,154.9,157.4,158.2,158.7,162.4,164.2,165.7,166.6,168.9,172.2,172.2,170.7,171.4,174.6,176,179,178.5,179.2,185.3,185,181.6,185.3,185.2,186.3,182.3,181.8,177,175.7,175.1,174.1,172.5,174.6,175.4,175.5,173.1,171,172.2,169.7,167.5,164.7,162.5,161.3,160,160.4,157,157.5,157.8,158.4,161.8,164,163.3,163.8,162.3,163,163.7,161.3,160.6,159.1,158.5,156.1,157.4,158.7,157,160.4,169.4,173,176.6,177.5,172.4,168.4,163.9,157.4,154.9,154.2,151.5,150.2,146,144.9,143.7
Q,Quarterly,CN,China,P,Private non-financial sector,A,All sectors,A,Credit-to-GDP ratios (actual data),,,,Q:CN:P:A:A,,,,,,,,,,,,,,,,,,,,,,,,,,,,,,,,,,,,,,,,,,,,,,,,,,,,,,,,,,,,,,,,,,,,,,,,,,,,,,,,,,,,,,,,,,,,,,,,,,,,,,,,,,,,,,,,,,,,,,,,,,,,,,,,,,,,,,,,,,,,,,,,,,,,,,,,,63.2,62.2,63.5,64.3,71.5,72.2,73.5,74.3,73,71.6,72.3,71.2,69.4,67.5,66.9,67.7,72.9,73.7,75.9,79.3,81.7,80.6,80.4,81.8,83,79.6,78.7,76,80.5,83.8,82.5,80,82.7,79.9,78.3,76.6,76.1,74.3,72.6,72.4,75.3,74.2,76.3,75.7,78,80.8,81.2,82.3,85.1,84.5,86,89.3,91.4,91.5,92.9,94.4,105.2,105.1,101.8,102.9,105.5,96.2,97.7,97.3,98,106.4,108.8,110.6,111.9,114.9,120.1,122.1,120.6,123.6,120.1,118,116.6,115.3,112.3,111.5,109.8,113,114,112.7,110.8,112.4,113,112.2,109.3,109.7,109,108.4,108,120.4,129.6,134,135.6,138.6,140.6,140.5,140,140.3,140.1,138.7,139.8,143,145.6,149,151.9,157.8,161,164,164.8,169.2,172.6,173.1,175.1,179.4,182.2,185.6,190.4,194.7,193.6,192.5,192.2,192.8,190.3,188.4,185.8,186,184.1,182.3,180.5,183.8,183.5,183.7,183.5,193.6,198.3,199.6,197.7,195.7,192.9,191.3,188.4,191.6,193.7,194.2,194,200.1,200.6,201.3,200.4
Q,Quarterly,ZA,South Africa,P,Private non-financial sector,A,All sectors,A,Credit-to-GDP ratios (actual data),,,,Q:ZA:P:A:A,,,,,,,,,,,,,,,,,,,,,,,,,,,,,,,,,,,,,,,,,,,,,,,,,,,,,,,,,,,,,,,,,,,,,,60.9,61.5,60.2,58.6,55.7,55.3,55.8,56.1,56.9,56.9,56.7,55.9,55.1,54.3,54.7,55.3,56.3,56,56.3,56.8,56.9,56.9,57.3,58.1,57.5,58.5,57.3,55.4,54.8,52.5,54.2,55.1,55.9,57.8,58.5,58.5,58.5,58,57.3,57.1,57.2,56.4,56.2,55.5,55.1,54.2,54,54.4,53.4,53.4,52.8,51.3,51,52.3,52.2,51.6,50.6,50.2,50.7,49.7,48,46.8,46.6,47.5,51.2,52.6,53.3,53.6,54.7,55.2,56.2,56.5,56.5,55.3,56.6,55.9,57.5,58.8,58.8,59.8,59.3,59.6,62.8,62.1,59.6,58.6,54.8,54.4,52.1,50.7,50.9,51.5,53,52.4,53.6,53.7,54,53.5,53.4,53.7,52.6,52.5,52.1,53.1,54.3,53.7,53.9,53.1,52,51.6,51.7,52,51.4,50.2,50.4,50.1,50.1,49.7,50.8,51.4,51.6,51.6,52.3,53.2,54.3,54.3,54.9,55.2,55.3,55.6,56.4,57.2,59.2,60.7,60.6,62,62.3,62,61,60.6,58.7,57.9,59,58.6,58.2,57.5,59,62.1,59.3,58.2,57.5,55.6,59.1,58.5,59.1,59.9,57.8,56.5,57.8,59.7,60.3,62.1,63.4,64.9,67.6,68.9,72.6,74.1,74.8,76.1,77.9,78.1,80.6,79.9,79.3,78.6,78.5,76.2,75.4,75.8,75,74.4,74.6,72.9,72.1,71.4,70.3,70.2,71.2,71,72,72.7,73.3,73.7,73.4,73.5,74.2,74,74.3,73.2,74.2,73.9,74.2,75.8,76.6,74.7,74.5,74,74.6,73.3,73.6,72.8,73.3,72.7,72.9,72,74,72.9,73.7,72.5,74.5,75.3,73.9,73.2,73,68,67.5,65.8,66.1,66.3,67.1,67.4,67.8,66.3,66.8,65.5
Q,Quarterly,CO,Colombia,P,Private non-financial sector,A,All sectors,B,Credit-to-GDP trend (HP filter),,,,Q:CO:P:A:B,,,,,,,,,,,,,,,,,,,,,,,,,,,,,,,,,,,,,,,,,,,,,,,,,,,,,,,,,,,,,,,,,,,,,,,,,,,,,,,,,,,,,,,,,,,,,,,,,,,,,,,,,,,,,,,,,,,,,,,,,,,,,,,,,,,,,,,,,,,,,,,,,,,,,,,,,,,,,,,,,,,,,,,,,,,,,,,,,,,,,,,,,,,,,,,,,,,,,,,,,,,,,,,,,,,,,,,,,,,,,,,,,,,,,,,,,,,,,39.3,39.2,39.1,39.2,39.2,39.2,39.2,39.3,39.4,39.4,39.6,39.7,39.9,40.1,40.3,40.6,41,41.4,41.8,42.3,42.7,43.1,43.4,43.7,44.1,44.5,45,45.6,46.1,46.7,47.4,48.1,49,49.8,50.8,51.9,53,54,54.9,55.7,56.4,57.1,57.7,58.2,58.7,59.2,59.6,60,60.4,60.7,61,61.3,61.6,61.9,62.5,63.2,63.9,64.5,65,65.3,65.6,65.8,65.9,65.9,65.9,65.9,65.8,65.7,65.5
Q,Quarterly,CO,Colombia,P,Private non-financial sector,A,All sectors,C,Credit-to-GDP gaps (actual-trend),,,,Q:CO:P:A:C,,,,,,,,,,,,,,,,,,,,,,,,,,,,,,,,,,,,,,,,,,,,,,,,,,,,,,,,,,,,,,,,,,,,,,,,,,,,,,,,,,,,,,,,,,,,,,,,,,,,,,,,,,,,,,,,,,,,,,,,,,,,,,,,,,,,,,,,,,,,,,,,,,,,,,,,,,,,,,,,,,,,,,,,,,,,,,,,,,,,,,,,,,,,,,,,,,,,,,,,,,,,,,,,,,,,,,,,,,,,,,,,,,,,,,,,,,,,,2.4,2.6,3.2,4,4.2,3.6,3.8,3.9,4.2,4.3,5.1,4.9,5.3,4.8,5.4,6.5,7.9,7.5,7.7,7.7,7.6,6.3,6,5.9,6.5,6.8,7.9,8.2,8.5,8.7,10.1,10.4,11.5,12.2,13.5,14.5,15,13,11.2,9.7,7.7,6.3,5.8,4.5,3.6,2.8,2.2,1.3,1.6,0.5,0.2,0.1,-0.9,1.4,5,5.8,6.1,5.3,2.2,0.1,-1.4,-2.6,-3.6,-4.9,-5.1,-6.6,-6.9,-7,-7.5
Q,Quarterly,MX,Mexico,P,Private non-financial sector,A,All sectors,A,Credit-to-GDP ratios (actual data),,,,Q:MX:P:A:A,,,,,,,,,,,,,,,,,,,,,,,,,,,,,,,,,,,,,,,,,,,,,,,,,,,,,,,,,,,,,,,,,,,,,,,,,,,,,,,,,,,,,,,,,,,,,,,,,,,,,,,,,,,,,,,,,,,,,,,,,,,,,,,,,,,,,32.5,31.8,32.3,32.5,33.9,36.3,33.9,32.2,28.5,25.6,24.9,22.4,22.7,21.3,22.8,23.1,25.5,25.7,25.4,29.2,29.9,29.1,32.7,33.1,33.2,31.4,30.8,29,31.8,24.1,20.1,18.1,18.9,18.2,19.4,20.6,23.9,21.1,23,22.9,24.9,25,26.6,27.8,31.5,32.4,34.3,35.8,37.5,38.3,40,41.3,42.6,44,45.4,46.1,47.2,48.3,48.6,48.1,46.9,44.2,42.1,40.3,38.7,38.2,37,34.6,33,32.7,32.4,32.2,30.2,29.3,28.6,26.5,25.7,25.1,25.4,24.5,24,23.5,22.5,22.6,22.6,22.1,23,23.2,23.5,23.3,23.1,23.5,23.7,23.6,23.3,23.1,22.9,23,22.8,22.5,23,23.1,23.6,23.6,24.4,24.7,24.8,25.7,27,27,26.8,27.5,28.6,29.3,28.9,29.1,28.9,28.6,28.8,28.5,28.5,28.9,28.9,30.4,30.6,29.8,30.1,30.3,30.6,30.4,31.5,32.6,33.7,33.7,34,34.3,35.2,35.5,36.2,37.8,38.3,39.3,40.4,41.1,41.5,39.9,39.3,40,41.4,40.4,41.4,40.4,40.7,40.8,41,40.9,40.1,44.1,45.3,44.8,42.8,42.9,40.6,40.5,40.3,39.7,39.6,39.3,38.7,37.7,37.2,37.3,37.2
Q,Quarterly,SE,Sweden,P,Private non-financial sector,A,All sectors,B,Credit-to-GDP trend (HP filter),,,,Q:SE:P:A:B,,,,,,,,,,,,,,,,,,,,,,,,,,,,,,,,,,,,,,,,,,,,,,,,,,,,,,,,,,,,,,,,,,,,,,,,,,,,,,,,,,,,,,,,,,,,,,119.7,119.3,118.8,118.4,118.1,117.9,117.7,117.5,117.3,117.1,117,116.8,116.7,116.7,116.6,116.4,116,115.6,115,114.4,113.8,113.4,112.9,112.3,111.7,111.3,110.9,110.5,110.2,109.8,109.5,109.2,108.9,108.6,108.4,108.1,107.8,107.5,107.1,106.6,106.1,105.7,105.3,105,104.8,104.6,104.5,104.4,104.3,104.2,104.1,103.9,103.8,103.7,103.6,103.5,103.5,103.5,103.5,103.5,103.7,104,104.5,105,105.7,106.4,107.3,108.3,109.5,110.7,112.1,113.6,115.2,116.9,118.8,120.7,122.6,124.6,126.6,128.7,130.5,132.1,133.5,134.8,136.1,137.4,138.8,140.2,141.7,143.1,144.5,145.7,146.7,147.6,148.2,148.7,149,149.1,149,148.7,148.3,147.9,147.4,147,147.2,147.3,147.3,147.2,147.3,147.3,147.4,147.5,147.7,147.9,148.1,148.5,148.7,149,149.4,150,150.6,151.2,151.9,152.8,153.7,154.4,155.1,155.9,156.5,157.2,157.8,158.3,158.7,159.1,159.4,159.9,160.3,161,161.6,162.4,163.2,164,164.8,165.7,166.7,168,169.5,171.1,173.1,175.3,177.7,180.6,183.5,186.6,189.8,193.1,196.1,198.9,201.5,203.6,205.7,207.8,209.8,211.8,214.1,216.1,218.4,220.1,222.1,224.1,225.9,227.6,229.5,231.2,232.6,234,235.5,236.8,238,239.4,240.4,241.4,242.4,243.4,244.7,245.8,246.8,247.9,248.9,249.8,250.8,251.5,252.5,253.6,254.6,255.6,256.9,258.4,260,261.4,263.1,264.5,265.8,267.3,268.7,269.9,271,272.1,271.8,271.5,270.7,270
Q,Quarterly,MY,Malaysia,P,Private non-financial sector,A,All sectors,C,Credit-to-GDP gaps (actual-trend),,,,Q:MY:P:A:C,,,,,,,,,,,,,,,,,,,,,,,,,,,,,,,,,,,,,,,,,,,,,,,,,,,,,,,,,,,,,,,,,,,,,,,,,,,,,,,,,,,,,,,,,,,,,,,,,,,,,,,,,,,3.1,2.3,0.5,0.9,0.1,0.5,2.1,3.3,3.4,3.7,2.3,2,1.1,1,0.4,0.9,0.4,1.1,2.5,3.4,4.5,3.2,3.4,6.5,8.6,7.2,8.3,9,9.6,9.8,11.1,10.4,10.5,8.9,11.1,13.1,11.7,12.5,14.2,13.3,13.7,14.2,12.7,12.8,12.8,15.6,19.6,21,20.6,23.1,21.5,17.9,14.6,10.9,7.9,5.9,4.6,0.3,-0.7,0.2,-1.3,-0.4,1.1,-1.1,-0.1,2.1,6,5.6,5.2,6.8,4.4,4.8,1,0.6,-1.7,-5.5,-7.6,-10.9,-6.8,-8.7,-11,-6.1,-6.2,-4.6,-2.7,2.1,9,10.2,12.8,16.4,23,28.7,33.6,37.5,34.7,27.7,22.8,18.9,20.7,13.7,7.2,4.1,-6.3,-16.3,-20.7,-26,-28.7,-30.2,-28.2,-23.6,-20.6,-19.6,-20.2,-22.9,-24.7,-28.5,-28.4,-29,-32,-29.9,-30,-32.8,-35.6,-38.5,-40.5,-38.7,-37.5,-40.3,-39.8,-40.1,-38.2,-38.2,-37.6,-33.2,-37.5,-40.9,-40.6,-36,-32.6,-26.8,-20.4,-12.1,-9,-11.8,-12.5,-13.1,-10.2,-10.8,-9.3,-7.4,-5.1,-8.4,-2.8,-1.9,-0.5,1.5,3.6,3.8,5.5,4.8,2.8,1.6,3.7,5.6,7,8.3,8.9,5.7,5,6.5,8.6,6.7,5.7,3.7,3.4,4.1,6,5,4.7,4,5.3,3.9,4,4.6,14.3,16.5,18.5,18.5,10.8,11,8.2,3.8,-2.2,-9.9,-11.6,-11.8,-8.9,-7,-5.1
Q,Quarterly,MY,Malaysia,P,Private non-financial sector,A,All sectors,B,Credit-to-GDP trend (HP filter),,,,Q:MY:P:A:B,,,,,,,,,,,,,,,,,,,,,,,,,,,,,,,,,,,,,,,,,,,,,,,,,,,,,,,,,,,,,,,,,,,,,,,,,,,,,,,,,,,,,,,,,,,,,,,,,,,,,,,,,,,33.2,34,34.6,35.3,35.9,36.5,37.2,38.1,39,39.9,40.7,41.5,42.2,42.9,43.6,44.3,44.9,45.6,46.5,47.3,48.3,49.2,50.1,51.3,52.5,53.7,55,56.4,57.8,59.2,60.7,62.2,63.7,65.1,66.7,68.4,70.1,71.8,73.6,75.4,77.2,79.1,81,82.8,84.7,86.7,89,91.5,93.9,96.5,99.1,101.5,103.7,105.7,107.5,109.3,110.9,112.3,113.7,115.1,116.5,117.8,119.3,120.7,122.1,123.6,125.3,127.1,128.8,130.6,132.4,134.1,135.6,137.1,138.5,139.6,140.6,141.4,142.5,143.4,144.1,145.2,146.2,147.3,148.5,149.9,151.8,153.8,155.9,158.2,161,164.1,167.6,171.3,175,178.3,181.3,184.2,187.2,189.8,192.1,194.2,195.7,196.6,197.2,197.5,197.6,197.6,197.6,197.9,198.3,198.7,199,199.2,199.2,199,198.7,198.3,197.7,197.2,196.6,195.9,194.9,193.6,192.2,190.9,189.5,187.9,186.3,184.6,183,181.2,179.5,177.9,176.1,174,171.8,169.9,168,166.5,165.3,164.5,163.9,163.1,162.3,161.4,160.6,159.8,159.1,158.5,158,157.2,156.8,156.5,156.2,156,156,156,156,156.1,156,155.9,155.9,156,156.2,156.5,156.9,157,157.2,157.4,157.8,158.1,158.3,158.4,158.5,158.7,158.9,159.1,159.4,159.5,159.8,160,160.2,160.4,161.2,162.2,163.3,164.4,165.1,165.9,166.5,166.9,166.9,166.4,165.9,165.3,164.9,164.6,164.3
Q,Quarterly,SA,Saudi Arabia,P,Private non-financial sector,A,All sectors,A,Credit-to-GDP ratios (actual data),,,,Q:SA:P:A:A,,,,,,,,,,,,,,,,,,,,,,,,,,,,,,,,,,,,,,,,,,,,,,,,,,,,,,,,,,,,,,,,,,,,,,,,,,,,,,,,,,,,,,,,,,,,,,,,,,,,,,,,,,,,,,,,,,,,,,,,,,,,,,,,,,,,,,,,,,,,,,,,,,,,,,,,,,,,,,,,,,,,,,,,,,,,,,,,,,,,,,25.2,25.6,26.2,27,28.3,28.9,28.9,30.2,30.5,30.9,29.9,29.2,28.1,26.6,26.8,25.4,25.4,24.7,25.8,27.5,31.6,34.5,39.9,42.5,36.4,34.7,34,34.8,31.8,30.6,30,29.8,29.6,30.3,31.5,32.5,33.1,34.7,34.4,33.4,33.9,33.8,33.9,33,30.9,33.5,36.6,37.3,36.3,39,39.6,39.8,38.7,38,37.9,38.7,39.9,42.6,45.5,44.5,44,43.1,41.9,44.3,46.9,52.3,55.8,51.8,49.5,47.5,46.8,44.6,43.9,42.1,41.6,37.8,39.8,39.2,37.5,37.4,39.2,41.5,42.3,42.5,44.8,46.2,47.3,47.1,49.8,53.2,56,60.2,63.1,66.3,66,63.3,62.4,62.2,61.2,59.5,59.8,57.2,55.9,54.3,53.8,55.9,57.2,58.6,63.9,69.7,73.3,78.5,81.8,80.3,78.3,75.3,72.2,68.2,67.7,66.1,66.9,70.4,73.3,74.6
Q,Quarterly,SE,Sweden,P,Private non-financial sector,A,All sectors,C,Credit-to-GDP gaps (actual-trend),,,,Q:SE:P:A:C,,,,,,,,,,,,,,,,,,,,,,,,,,,,,,,,,,,,,,,,,,,,,,,,,,,,,,,,,,,,,,,,,,,,,,,,,,,,,,,,,,,,,,,,,,,,,,-9.1,-7.8,-8.2,-7.2,-5.9,-4.4,-4.3,-5.2,-4.6,-4.2,-4.2,-4.1,-2.9,-1.4,-3.2,-5.1,-6.3,-6.8,-9.1,-9.2,-9.2,-6.6,-6.2,-9,-8.3,-5.7,-5.4,-4.9,-4.4,-3.6,-4.3,-3.8,-3.4,-2.2,-2.5,-3.1,-3.2,-3,-4.2,-6,-5.3,-4.4,-3.4,-2.6,-1.3,-0.3,0.5,1,1.1,1,0.7,0.3,0.6,0.8,1,1.4,1.8,2.3,2.8,3.2,5.5,7.5,9.3,10.9,12.7,14.4,15.8,17,19.2,21,22.4,23.4,25.1,26.4,27.4,28,27.9,27.7,27.5,27.2,22.4,18.1,14.6,12,11.6,11.9,12.5,13.2,12.9,12.1,10.3,8.1,4.6,1.2,-1.6,-4.8,-8.4,-11.9,-14.9,-17.2,-17.9,-19.4,-19.2,-16.8,-7.2,-7.7,-8.2,-10.8,-8.3,-8.6,-6.1,-6.3,-3.9,-4.4,-4.8,-1.6,-3.2,-3.1,-0.1,3.6,2.1,3.5,4.3,8.2,6.1,5.2,4,5.1,2.2,3,1.3,-0.4,-1.8,-1.6,-2.9,-1,-1.1,3,3.2,5,4.2,5.3,4.5,5.8,8.8,12.7,14.8,18.8,22.3,26.8,29.3,36.7,36.8,37.8,39.2,39.1,33.6,29.3,24.1,16.4,15.2,13.7,12.9,11.7,16.1,12.6,14.7,6.9,9.5,10.2,6.3,4,7.3,3.8,-0.4,-1,0.7,-2.7,-4.7,-2.2,-7.9,-8,-6.5,-6.6,-2.9,-4.6,-6.9,-5.8,-5.8,-7.4,-7.4,-10.4,-5.2,-4.5,-4.9,-5.5,0.2,3.6,4.4,3,6.8,1.4,-0.5,3,0.9,-3.2,-3.5,-3.4,-28.2,-27.6,-33.4,-32.4
Q,Quarterly,HU,Hungary,P,Private non-financial sector,A,All sectors,A,Credit-to-GDP ratios (actual data),,,,Q:HU:P:A:A,,,,,,,,,,,,,,,,,,,,,,,,,,,,,,,,,,,,,,,,,,,,,,,,,,,,,,,,,,,,,,,,,,,,,,,,,,,,,,,,,,,,,,,,,,,,,35.4,36.3,37.4,38.4,39.4,39.2,39.3,39.4,39.2,39.3,39.4,39.5,39.8,40.7,42,43.4,44.6,44.8,45.1,45.3,45.5,46.4,47.4,48.5,49.4,50,50.7,51.4,52,52.9,54.3,55.6,56.7,57.1,57.7,58.2,58.8,58.9,59.3,59.8,60.1,60.2,60.2,60.3,60.1,60.2,60.5,60.8,61.3,62.7,63.3,63.7,63.1,64.8,64,63.8,63.3,64,65.3,64.8,64.4,65.3,66.4,67.1,66.9,67.5,67.5,67.3,67.6,66.5,65.7,65.3,64.9,66.2,66,66.8,61.3,59.7,59.1,59.4,60,57.9,55.7,55,55.7,52.9,53,51.9,48.4,48.3,47.4,46.7,46.6,46.2,47.7,48.7,48.9,47.7,47.3,47.2,45,43.8,43.8,44.6,48.1,47.2,48.3,48.5,49.7,49.3,50.5,51,49.3,50.5,51.9,52.6,53.5,54.6,57.1,58.8,60.5,61.9,60.5,61.9,62.2,60.5,62.5,62.6,61.6,63.2,67.6,67.1,72,71.8,74.8,75.1,77.2,80,83.7,85.9,87.9,88.1,94.5,94.2,93.4,93.2,97.8,101.8,108.4,110.4,104.8,110.2,117.1,134.9,125.6,124.4,128.6,128.1,134.7,127,125.7,119.2,119.7,124.5,125.8,119.9,118.7,114.1,115.2,117.8,114.2,111.4,107.9,107.3,107,105.6,104.7,99.6,100,95.9,94.8,93.7,94.4,89.8,89.8,88,86.7,85.8,83.7,82.8,85.5,83.7,82.3,82,82.9,82.1,82.5,86.2,88.2,90.5,92,97.7,95.2,98.4,102.2,102.7,104.9,109.6,102.8,99.6,95.7,94.9,92
Q,Quarterly,JP,Japan,P,Private non-financial sector,A,All sectors,A,Credit-to-GDP ratios (actual data),,,,Q:JP:P:A:A,,,,,,,,,,,,,,,,,,,,,,,,,,,,,,,,,,,,,,,,,,,,,,,,,,,,,,,,,,,,,,,,,,,,,110.8,111.6,111.5,114,117.8,118.2,116.4,117.5,118.4,117.5,117,118,119.2,118.1,116.7,116.7,116.9,116.4,116,116.5,118.8,116.4,115.6,116.1,118.8,120,122.3,126.2,131.9,132.7,133.3,136.4,140.8,140.4,139.2,139.1,139.3,137.5,135,132.7,133.1,132,132.1,134.1,137.4,137.1,136.5,136.8,138.5,137.1,135.7,136.1,137,135.6,134,134.1,136,134.6,134,135.7,138.5,139,139,139.1,140.1,139.4,138.3,140.1,143.5,143.9,143.8,146.2,149.2,151.2,151,152.9,155.7,156.6,155.4,158,159.4,160.4,159,160.3,162,162.3,161.8,164.5,168.3,170.2,176.3,180.3,183.7,183.1,183.5,186.3,190,191.2,192.6,197.2,201,205.9,204.3,206,207.6,205.6,204.5,204.6,206.3,204.9,204.8,205.4,208.6,208.5,209.2,211.3,213.6,212.6,211.3,212.6,214.2,213.3,211.2,211.7,212.5,210.8,208.8,207.7,208.5,205,203.9,203.3,206.2,203.2,202.8,203.8,199.3,195.9,193.9,193.5,196.3,193.6,189.7,189.1,187.5,184.9,182.3,182.1,182.8,182.1,180.8,178.4,179.1,176.6,173.4,171.1,171,168,165.5,163.8,164,163.8,161.5,162.1,162.5,161.6,160.5,161,161.1,160.2,157.1,157.7,158.8,158.2,158.9,159.6,163.8,165.6,167.3,169.1,170.3,168.4,166.6,164.3,162.7,161.7,161.7,162.6,163,161.9,158.8,159.9,161,161.1,159.8,159.5,159.5,158.4,156.7,157,157.8,156.6,154.1,153.5,153.8,152.6,153,154.3,155.5,156.3,155.6,155.7,156.1,155.6,156,157.5,159.4,160.4,161.1,162.5,164.4,166,177.7,181,183.3,184.2,182.2,182,183.7,183.6,184.2,185.1,186.1,183.9,181.9,181.3,180.5
Q,Quarterly,DK,Denmark,P,Private non-financial sector,A,All sectors,C,Credit-to-GDP gaps (actual-trend),,,,Q:DK:P:A:C,,,,,,,,,,,,,,,,,,,,,,,,,,,,,,,,,,,,,,,,,,,,,,,,,,,,,,,,,,,,,,,,,,,,,,,,,,,,,,,,,,,,,,,,,,,,,,,,,,,,,,,,,,,,,,,,,,,,,-5.2,-5.1,-5,-5.7,-6.1,-6.6,-7.3,-7.3,-7.3,-7.6,-7.4,-7,-7.3,-8.1,-8,-7.2,-6.3,-5.2,-3.9,-5.7,-7.3,-8.4,-9.3,-11.2,-12.7,-13.4,-12.3,-11.9,-9.9,-8.8,-5.9,-6.3,-4.8,-3.9,-0.5,-0.3,5.3,5.5,9,12,18.7,19.2,19.6,19.2,22.9,18.7,19.5,17.3,18.1,14.1,13.9,11.1,13.2,10,7.9,5.1,6.7,2.5,3.2,-0.4,1.1,-0.8,-2,-4.8,-6.8,-8.1,-7.8,-7.2,-5.7,-5.7,-8.2,-11.9,-14.3,-14.4,-13.7,-13.8,-11.9,-9.5,-9.2,-8.7,-8.5,-7.6,-6.2,-4.6,-3.8,-3.7,-2.7,-2.7,-4.3,1,2.2,1.1,2.7,7.9,4.8,8.9,7.1,6.8,8.3,10.2,13.6,11.3,10,11.3,9.3,13.1,13.9,14.7,12.5,16.5,16.2,17,17.8,22.3,24.6,26.5,28.8,29.9,29.2,32.8,34.8,34.3,33.4,34,36,33.9,31.7,30,30.4,31.5,32.2,33.7,33,31.5,24.7,17.5,10.8,7.7,5.7,9,8.8,8.7,6.5,1.5,1.5,-2.2,-5.5,-7.9,-14.8,-15.7,-18.8,-15.2,-17.1,-17.7,-21.2,-19.7,-21.1,-21.9,-21.4,-20.1,-24.5,-27.1,-29.7,-30.4,-31.1,-30.5,-28.8,-28.6,-28.2,-23.8,-20.9,-17.3,-15.3,-16.7,-12.2,-25.2,-23.5,-22.5,-26.2,-26.9,-29.1,-31.8,-34.9,-34.2,-34.1,-34.9,-39.2,-33.1,-26.9
Q,Quarterly,DK,Denmark,P,Private non-financial sector,A,All sectors,B,Credit-to-GDP trend (HP filter),,,,Q:DK:P:A:B,,,,,,,,,,,,,,,,,,,,,,,,,,,,,,,,,,,,,,,,,,,,,,,,,,,,,,,,,,,,,,,,,,,,,,,,,,,,,,,,,,,,,,,,,,,,,,,,,,,,,,,,,,,,,,,,,,,,,134.1,134.2,134.4,134.4,134.4,134.3,134.2,134.1,133.9,133.7,133.5,133.4,133.2,132.9,132.6,132.4,132.3,132.2,132.2,132.1,131.8,131.5,131.1,130.5,129.8,129.1,128.4,127.7,127.2,126.7,126.3,126,125.7,125.5,125.5,125.5,125.9,126.3,126.9,127.8,129,130.3,131.7,133,134.7,136,137.5,138.9,140.3,141.6,142.8,143.9,145.1,146.2,147.1,147.9,148.8,149.5,150.2,150.7,151.3,151.8,152.2,152.4,152.5,152.6,152.6,152.7,152.8,152.9,152.9,152.7,152.2,151.8,151.4,150.9,150.6,150.3,150.1,149.8,149.6,149.4,149.3,149.2,149.2,149.2,149.3,149.3,149.3,149.5,149.8,150.1,150.5,151.1,151.6,152.3,153,153.6,154.4,155.2,156.3,157.3,158.2,159.2,160.1,161.2,162.4,163.7,164.9,166.3,167.7,169.2,170.8,172.7,174.7,176.9,179.3,181.7,184.2,187,189.9,192.8,195.7,198.8,202,205.1,208.2,211.2,214.3,217.5,220.8,224.2,227.6,231,234.1,236.8,239.2,241.3,243.4,245.7,247.9,250.2,252.4,254.3,256.2,257.9,259.3,260.7,261.6,262.5,263.1,263.9,264.6,265.2,265.6,266.1,266.4,266.7,266.9,267.2,267.2,267,266.6,266.2,265.6,265,264.5,263.9,263.3,262.9,262.7,262.6,262.6,262.5,262.7,262,261.5,260.9,260.1,259.2,258.1,256.9,255.4,253.9,252.3,250.6,248.7,247,245.6
Q,Quarterly,ID,Indonesia,P,Private non-financial sector,A,All sectors,B,Credit-to-GDP trend (HP filter),,,,Q:ID:P:A:B,,,,,,,,,,,,,,,,,,,,,,,,,,,,,,,,,,,,,,,,,,,,,,,,,,,,,,,,,,,,,,,,,,,,,,,,,,,,,,,,,,,,,,,,,,,,,,,,,,,,,,,,,,,,,,,,,,,,,,,,,,,,,,,,,,,,,,,,,,,,,,,,,,,,,,,,,,26,26.6,27.6,28.6,29.6,30.5,31.2,31.9,32.6,33.4,34.2,35,35.8,36.7,37.6,38.6,39.7,41.1,42.6,44.2,45.6,47,48.1,49.4,50.5,51.6,52.7,53.7,54.4,55.1,55.8,56.3,57,57.6,58.2,58.9,59.5,60.1,60.8,61.5,62.1,62.9,63.7,64.5,65.3,66.2,67.5,69.1,71.8,76.2,78.3,78.9,78.7,77.2,76,74.4,72.7,71.1,69.5,67.9,66.3,64.8,63.1,61.4,59.6,57.9,56.2,54.6,53,51.4,49.9,48.5,47.1,45.9,44.7,43.6,42.6,41.6,40.7,39.8,38.7,37.7,36.8,35.8,34.9,34,33.1,32.4,31.7,31.1,30.6,30,29.5,28.9,28.3,27.8,27.3,26.8,26.4,26.1,25.7,25.5,25.3,25.3,25.3,25.4,25.5,25.8,26,26.3,26.7,27.2,27.6,28.1,28.6,29.1,29.6,30.1,30.6,31.2,31.6,32.1,32.6,33.1,33.5,33.9,34.2,34.6,35,35.4,35.8,36.2,36.6,36.9,37.3,37.7,38.1,38.5,38.9,39.3,39.6,39.9,40.2,40.4,40.5,40.7,40.8,40.9,40.9,40.9,40.9,40.9
Q,Quarterly,ID,Indonesia,P,Private non-financial sector,A,All sectors,C,Credit-to-GDP gaps (actual-trend),,,,Q:ID:P:A:C,,,,,,,,,,,,,,,,,,,,,,,,,,,,,,,,,,,,,,,,,,,,,,,,,,,,,,,,,,,,,,,,,,,,,,,,,,,,,,,,,,,,,,,,,,,,,,,,,,,,,,,,,,,,,,,,,,,,,,,,,,,,,,,,,,,,,,,,,,,,,,,,,,,,,,,,,,3.8,4.9,9.7,8.5,8.4,7.4,5.5,5.1,5.8,5.7,6,6.8,5.8,6.5,7.5,8.1,8.8,12.7,14.2,15.1,12.9,11.4,8.5,9.4,7.8,7.1,6.9,4.7,1.3,1.3,0.3,-1.2,-0.3,-0.3,-0.1,0.6,-0.2,-0.5,0.2,0.6,0.3,2.1,2.4,2.6,2.3,3.7,10.8,14.4,33.2,61.6,19.9,-4.3,-19.3,-38.8,-33.7,-39.9,-40,-37.4,-37.3,-36,-34.2,-32.5,-34.5,-33.4,-33.5,-32.8,-30.5,-28.4,-27.2,-26.5,-24.5,-22.2,-21.6,-17.6,-16.5,-14.7,-13.3,-11.5,-9.9,-10.7,-12,-10.8,-10.2,-8.7,-8.6,-8.7,-7.1,-4.4,-4,-2.4,-1.4,-0.9,-1.4,-1.7,-1.4,-0.4,-1.5,0.6,1,2.6,2.5,4,5.7,6.8,7.7,9.2,9.8,11.1,10.7,12.1,13.5,14,12.3,13,12.9,13,12.1,12.4,12.3,12.1,10.6,10.5,9.7,10,8.4,8.2,7.2,7.3,6.4,7,7.1,6.9,6.1,5.9,5.6,5.3,6.6,5.2,6,4.9,4.9,3.6,2.2,1.5,0.7,1,-0.2,-0.8,-2.2,-2,-1.4,-0.8
Q,Quarterly,BE,Belgium,P,Private non-financial sector,A,All sectors,C,Credit-to-GDP gaps (actual-trend),,,,Q:BE:P:A:C,,,,,,,,,,,,,,,,,,,,,,,,,,,,,,,,,,,,,,,,,,,,,,,,,,,,,,,,,,,,,,,,,,,,,,,,,,,,,,,,,,,,,,,,,,,,,,,,,,,,,,,,,,,,,,,,,,,,,,,,,,,,,,,,,,,,,-4.8,-4.7,-4.7,-5.2,-2,-3,-4.3,-6.6,-3.3,-4.5,-5.4,-5.8,-4.9,-6.6,-7.1,-8.2,-7.1,-8.1,-7.7,-9.1,-8.4,-8.6,-7.8,-8.6,-7.5,-6.5,-3.9,-5.3,-4.3,-3.3,-1.7,-0.7,0.2,0.3,2.9,3.2,5.3,3.4,4.9,4.9,5.2,6.2,6.9,6.3,6.6,5.4,6.3,5.5,14.3,14.5,14.8,13.9,13.8,12.5,12.4,11.7,10.5,8.7,7.2,4.6,3.3,3.2,4.4,4.7,4.9,6.7,8,8.4,8.5,7.4,9.6,10.1,10.6,14.3,15.2,16.9,17.3,18.1,18.6,19.2,20.2,19.2,19.5,18.4,18.7,15.8,13.7,11.4,9.2,6.8,8.3,8.8,9.9,9.1,8,7.2,6.9,4.9,3.6,1.8,0.4,-0.5,-0.3,-0.5,-1.5,0.3,1.9,3.7,4.7,7.7,10.8,13.7,19.3,20.7,21.9,22.1,19,14.2,11.1,4.4,0,0.2,2.4,2.6,4.3,6.4,8,5.8,2,3.6,5.7,-0.2,-3.1,-9.4,-9.7,-9,-6.2,1.3,-8.6,-3.6,-8.7,6.4,9.2,6.4,5.1,-1.5,-5.5,-10.7,-10.8,-14.6,-14.4,-18,-17.1,-17.2,-17.9,-15.8,-16.8,-17.9,-14.1,-14.4,-7.4,-6.4,-16.1,-16.8,-24,-25.6,-26.3,-25.9,-32,-33.7,-34.8,-35.4,-32.5
Q,Quarterly,CL,Chile,P,Private non-financial sector,A,All sectors,A,Credit-to-GDP ratios (actual data),,,,Q:CL:P:A:A,,,,,,,,,,,,,,,,,,,,,,,,,,,,,,,,,,,,,,,,,,,,,,,,,,,,,,,,,,,,,,,,,,,,,,,,,,,,,,,,,,,,,,,,,,,,,,,,,,,,,,,,,,,,,,,,,,,,,,,,,,,,,,,,,,,,,,,,,,,,,,77.7,75.1,71.3,72.3,71.6,70.2,76.6,84.3,86.1,77.5,76.9,72.2,69.4,64.1,60.7,59.7,58.5,57.7,55.9,56.1,53.9,53.2,53.4,54.1,56.1,54.5,58.2,62.1,62.4,60,58.6,63.5,60.5,58.1,57.6,58.1,56.1,57.1,58.5,61.3,62.6,63.9,65.6,68.9,67.8,66.6,67.1,67.7,68.4,66.2,68.4,72.6,73.9,74.2,77,80.7,82.1,82.1,84.2,88.4,90.9,93.8,94.1,95.7,99.2,104.5,106.7,105.4,103.3,105.5,106.5,109.4,111.6,113,117.6,112.3,111.7,113.9,117,113.1,112.1,107.8,104.8,100.8,101.2,100.1,98.4,93.6,94,93.8,91.7,90.4,89.6,88.5,87.9,87.6,88,87.8,90.5,92.2,90.9,97.1,104.2,111.6,112.5,109.8,111.4,110.3,110.1,110.6,105.1,102.8,102.7,102.7,106.6,109.2,108.7,111.8,111.7,115.8,115.6,118.7,120.5,124.5,127.3,128.3,133.1,136.3,136.4,136.7,145.6,145.5,143.5,142.6,142.5,142.8,142.6,142.4,139.9,137.6,136.6,137.8,139.9,143.5,143.5,146.8,152,154.2,160.3,168.4,167.7,158.2,156,148.3,148.1,146.8,141.1,148.3,149.6,143.5,137.1,136.7,141.3,141.3
Q,Quarterly,BE,Belgium,P,Private non-financial sector,A,All sectors,B,Credit-to-GDP trend (HP filter),,,,Q:BE:P:A:B,,,,,,,,,,,,,,,,,,,,,,,,,,,,,,,,,,,,,,,,,,,,,,,,,,,,,,,,,,,,,,,,,,,,,,,,,,,,,,,,,,,,,,,,,,,,,,,,,,,,,,,,,,,,,,,,,,,,,,,,,,,,,,,,,,,,,93.2,93.2,93.1,93,93.2,93.3,93.3,93,93,93,92.8,92.6,92.5,92.3,91.9,91.5,91.2,90.8,90.4,89.8,89.4,88.9,88.4,87.9,87.4,87,86.8,86.5,86.2,86,85.9,85.9,85.9,85.9,86.1,86.3,86.7,86.9,87.2,87.6,88,88.4,88.9,89.4,89.9,90.3,90.8,91.2,92.2,93.2,94.3,95.3,96.4,97.4,98.4,99.4,100.3,101.1,101.9,102.5,103.1,103.6,104.2,104.9,105.6,106.4,107.2,108.1,109.1,109.9,110.9,112,113.1,114.4,115.9,117.4,119,120.6,122.3,124.1,126,127.8,129.7,131.6,133.5,135.3,137,138.5,140,141.3,142.7,144.2,145.8,147.3,148.8,150.2,151.6,153,154.2,155.4,156.5,157.5,158.5,159.6,160.5,161.6,162.8,164.1,165.4,166.9,168.6,170.5,172.8,175.1,177.6,180.1,182.4,184.6,186.5,188.1,189.5,190.8,192.3,193.8,195.4,197.1,198.9,200.7,202.2,203.8,205.5,206.9,208.1,209,209.8,210.7,211.7,213.1,213.9,215.1,215.9,217.6,219.4,221.2,222.8,224.1,225.1,225.8,226.6,227,227.5,227.7,227.9,228.2,228.3,228.5,228.7,228.8,229,229.2,229.8,230.5,230.5,230.5,230.1,229.5,228.9,228.2,227.1,225.9,224.6,223.1,221.8
Q,Quarterly,CN,China,P,Private non-financial sector,A,All sectors,C,Credit-to-GDP gaps (actual-trend),,,,Q:CN:P:A:C,,,,,,,,,,,,,,,,,,,,,,,,,,,,,,,,,,,,,,,,,,,,,,,,,,,,,,,,,,,,,,,,,,,,,,,,,,,,,,,,,,,,,,,,,,,,,,,,,,,,,,,,,,,,,,,,,,,,,,,,,,,,,,,,,,,,,,,,,,,,,,,,,,,,,,,,,,,,,,,,,,,,,,,,,,,,,,,,,,,,,,,,,,,,,,,,,-5.7,-6.4,-4.2,-4.7,-2.4,0.2,0.3,1.1,3.3,2.3,3.3,5.7,7,6.3,6.8,7.4,16.6,14.9,10.4,10.3,11.6,1.6,2.5,1.5,1.5,8.8,9.9,10.5,10.5,12,15.6,15.9,12.9,14.3,9.5,6.2,3.8,1.7,-2,-3.4,-5.5,-2.8,-2.4,-4.2,-6.5,-5.2,-5.1,-6.2,-9.2,-8.9,-9.8,-10.3,-10.8,0.9,9.1,12.1,12.3,13.8,14.3,12.8,10.9,9.9,8.4,5.9,5.8,7.8,9.1,11,12.3,16.5,17.6,18.7,17.5,19.8,20.9,19.3,19.1,21,21.5,22.4,24.6,26.1,22.4,18.9,16.3,14.6,10.1,6.5,2.3,0.9,-2.2,-5.2,-8,-5.7,-7.1,-7.8,-8.9,-0.1,3,2.8,-0.5,-3.7,-7.4,-9.8,-13.2,-10.8,-9.4,-9.7,-10.5,-5.4,-5.8,-6,-7.7
Q,Quarterly,CN,China,P,Private non-financial sector,A,All sectors,B,Credit-to-GDP trend (HP filter),,,,Q:CN:P:A:B,,,,,,,,,,,,,,,,,,,,,,,,,,,,,,,,,,,,,,,,,,,,,,,,,,,,,,,,,,,,,,,,,,,,,,,,,,,,,,,,,,,,,,,,,,,,,,,,,,,,,,,,,,,,,,,,,,,,,,,,,,,,,,,,,,,,,,,,,,,,,,,,,,,,,,,,,,,,,,,,,,,,,,,,,,,,,,,,,,,,,,,,,,,,,,,,,81,80.6,80.5,80.3,80.3,80.6,80.9,81.2,81.8,82.2,82.8,83.5,84.4,85.2,86.1,87,88.6,90.2,91.4,92.6,94,94.6,95.3,95.9,96.5,97.6,98.9,100.1,101.4,102.8,104.5,106.2,107.7,109.3,110.7,111.8,112.8,113.7,114.3,114.8,115.3,115.8,116.4,116.9,117.2,117.6,118,118.4,118.5,118.6,118.7,118.8,118.7,119.4,120.6,121.9,123.3,124.7,126.3,127.7,129.1,130.4,131.7,132.8,133.9,135.2,136.5,138,139.6,141.4,143.3,145.3,147.3,149.4,151.6,153.8,156,158.3,160.7,163.2,165.8,168.6,171.2,173.6,175.9,178.2,180.2,182,183.5,185,186.4,187.5,188.5,189.6,190.6,191.5,192.4,193.7,195.3,196.8,198.2,199.3,200.3,201.1,201.7,202.4,203.1,203.9,204.5,205.5,206.4,207.3,208.1
Q,Quarterly,LU,Luxembourg,P,Private non-financial sector,A,All sectors,A,Credit-to-GDP ratios (actual data),,,,Q:LU:P:A:A,,,,,,,,,,,,,,,,,,,,,,,,,,,,,,,,,,,,,,,,,,,,,,,,,,,,,,,,,,,,,,,,,,,,,,,,,,,,,,,,,,,,,,,,,,,,,,,,,,,,,,,,,,,,,,,,,,,,,,,,,,,,,,,,,,,,,,,,,,,,,,,,,,,,,,,,,,,,,,,,,,,,,,,,,,,,,,,,,,,,,,,,,,,,,,109.3,110.3,110.4,111.2,107.1,108.6,107.1,111.8,122.2,132.4,145.3,155,149.9,143.4,137.6,127.2,130.3,131.2,128.9,129.5,129.9,129.6,129.1,129.6,140.9,152.1,161.9,171.1,173.2,174.2,175.4,181.4,196.4,212.9,225,237.1,231.4,226.4,219.8,217.4,216.8,215.8,214.8,208,207.9,208.6,210.7,214.9,249,277.2,305.5,334.4,327.9,324.6,320.9,317.8,332.3,348.9,362.7,363.2,355.1,345.1,337.6,331.3,329.3,338.6,341.1,345.9,357.3,360.1,363,361.3,361,361,362.5,364.6,370.3,372.6,379,382.2,388.7,384.6,385.5,387.6,373.9,372.9,370.9,376.7,378.5,373.6,370.6,371.1,376.1,376.7,378.6,381.8,390.3,393.7,398.3,395.3,392.9,440,423.8,408.8,408,406.3,412.5,414.9,397.1,381.7,386.6,384.2,387.1,385.2,383.3,383.7
Q,Quarterly,MX,Mexico,P,Private non-financial sector,A,All sectors,B,Credit-to-GDP trend (HP filter),,,,Q:MX:P:A:B,,,,,,,,,,,,,,,,,,,,,,,,,,,,,,,,,,,,,,,,,,,,,,,,,,,,,,,,,,,,,,,,,,,,,,,,,,,,,,,,,,,,,,,,,,,,,,,,,,,,,,,,,,,,,,,,,,,,,,,,,,,,,,,,,,,,,,,,,,,,,,,,,,,,,,,,,,,,,,,,,,,,,,,,,,,,,21.9,21.9,22.2,22.5,23.1,23.7,24.5,25.3,26.2,27.2,28.2,29.2,30.3,31.4,32.5,33.7,34.8,36,37.1,38.1,39,39.6,40.1,40.4,40.6,40.7,40.7,40.6,40.4,40.2,40,39.7,39.3,38.9,38.5,38,37.4,36.8,36.2,35.6,35,34.4,33.8,33.1,32.5,31.9,31.4,30.9,30.4,30,29.5,29.1,28.7,28.3,27.9,27.5,27.2,26.8,26.5,26.1,25.8,25.5,25.2,25,24.8,24.6,24.5,24.4,24.4,24.4,24.4,24.4,24.5,24.6,24.7,24.9,25,25.1,25.2,25.3,25.4,25.5,25.6,25.8,26,26.1,26.3,26.4,26.6,26.8,27,27.3,27.7,28,28.3,28.7,29,29.4,29.8,30.3,30.8,31.4,31.9,32.5,33.1,33.6,34.1,34.5,35.1,35.5,36,36.4,36.8,37.2,37.6,38,38.3,38.9,39.4,39.9,40.3,40.7,40.9,41.1,41.3,41.5,41.6,41.7,41.8,41.8,41.7,41.7,41.6
Q,Quarterly,MX,Mexico,P,Private non-financial sector,A,All sectors,C,Credit-to-GDP gaps (actual-trend),,,,Q:MX:P:A:C,,,,,,,,,,,,,,,,,,,,,,,,,,,,,,,,,,,,,,,,,,,,,,,,,,,,,,,,,,,,,,,,,,,,,,,,,,,,,,,,,,,,,,,,,,,,,,,,,,,,,,,,,,,,,,,,,,,,,,,,,,,,,,,,,,,,,,,,,,,,,,,,,,,,,,,,,,,,,,,,,,,,,,,,,,,,,3,3.1,4.4,5.3,8.4,8.7,9.8,10.4,11.3,11.1,11.8,12,12.4,12.6,12.8,12.4,12.3,12.3,11.5,10,7.9,4.6,2,-0.1,-1.9,-2.5,-3.8,-6,-7.4,-7.5,-7.5,-7.5,-9.1,-9.7,-9.9,-11.5,-11.7,-11.7,-10.8,-11.1,-11.1,-10.9,-11.3,-10.5,-9.9,-9.8,-8.4,-7.7,-7,-6.7,-6.4,-5.6,-5,-4.7,-4.6,-4.5,-4.3,-3.8,-3.6,-3.6,-2.8,-2.4,-1.6,-1.4,-0.4,0,0.3,1.3,2.6,2.6,2.4,3.1,4.1,4.7,4.2,4.3,3.9,3.6,3.6,3.2,3.2,3.4,3.3,4.6,4.6,3.7,3.8,3.8,4,3.6,4.4,5.3,6,5.8,5.7,5.7,6.2,6.1,6.4,7.5,7.5,7.9,8.4,8.6,8.4,6.2,5.3,5.4,6.3,4.9,5.4,4,3.8,3.6,3.3,2.9,1.7,5.2,5.9,4.8,2.5,2.2,-0.3,-0.7,-1.1,-1.8,-2,-2.4,-3,-4.1,-4.6,-4.4,-4.5
Q,Quarterly,RU,Russia,P,Private non-financial sector,A,All sectors,A,Credit-to-GDP ratios (actual data),,,,Q:RU:P:A:A,,,,,,,,,,,,,,,,,,,,,,,,,,,,,,,,,,,,,,,,,,,,,,,,,,,,,,,,,,,,,,,,,,,,,,,,,,,,,,,,,,,,,,,,,,,,,,,,,,,,,,,,,,,,,,,,,,,,,,,,,,,,,,,,,,,,,,,,,,,,,,,,,,,,,,,,,,,,,,,,,,,,,,,,,,,,,,,,,,,,,,,,,,,,,,,22.5,20.1,18.4,17.1,17.1,14.9,15.8,15.9,17.5,18.5,19.1,19.3,20.3,30.4,33.8,32.5,28.1,25.9,25.6,23.4,22.2,22.5,23.7,22.3,23.3,24.7,26.3,26.1,28.2,28.9,29.7,31.3,32.1,34.2,34.9,37.4,37.4,37.2,38.9,35.6,35.5,39.2,44.6,43.8,44.8,44.7,48.2,49.3,56.7,59.7,59.8,61.3,61.4,62.1,65.5,70.5,67.6,70,70.4,65.7,65.1,64.7,63.1,60.1,59.9,62.7,63.7,62.7,66.1,68.1,69.5,71.7,75.6,79.2,81.6,84,84.8,88,98.2,98.7,96.5,101.9,103.9,102.6,100.3,100.4,99.6,96.8,97.9,98.7,99.3,98.2,98.7,98.1,98.1,96,95.1,97,98.7,105.3,107.7,113.9,114.2,111.5,105.6,102.8,98.8,96.5,86.9,88,92,95.4,97.4,99.4,98.8
Q,Quarterly,SA,Saudi Arabia,P,Private non-financial sector,A,All sectors,B,Credit-to-GDP trend (HP filter),,,,Q:SA:P:A:B,,,,,,,,,,,,,,,,,,,,,,,,,,,,,,,,,,,,,,,,,,,,,,,,,,,,,,,,,,,,,,,,,,,,,,,,,,,,,,,,,,,,,,,,,,,,,,,,,,,,,,,,,,,,,,,,,,,,,,,,,,,,,,,,,,,,,,,,,,,,,,,,,,,,,,,,,,,,,,,,,,,,,,,,,,,,,,,,,,,,,,,,,,,,,,,,,,,,,,,,,,,,,,,,,,,,,,,,,,,,,,34.3,34.4,34.6,34.6,34.4,34.5,34.8,35.2,35.4,35.9,36.3,36.8,37.1,37.4,37.6,37.9,38.2,38.7,39.4,40,40.5,40.9,41.2,41.6,42.2,43.1,44.2,45,45.6,46,46.4,46.6,46.8,46.8,46.8,46.5,46.4,46.2,46,45.7,45.6,45.6,45.6,45.6,45.8,46,46.3,46.5,46.9,47.5,48.2,49.1,50.1,51.3,52.4,53.3,54.2,54.9,55.6,56.2,56.8,57.2,57.5,57.7,57.8,58.1,58.4,58.7,59.4,60.3,61.4,62.7,64.2,65.5,66.7,67.6,68.4,68.9,69.3,69.6,70,70.5,71.1,71.8
Q,Quarterly,SA,Saudi Arabia,P,Private non-financial sector,A,All sectors,C,Credit-to-GDP gaps (actual-trend),,,,Q:SA:P:A:C,,,,,,,,,,,,,,,,,,,,,,,,,,,,,,,,,,,,,,,,,,,,,,,,,,,,,,,,,,,,,,,,,,,,,,,,,,,,,,,,,,,,,,,,,,,,,,,,,,,,,,,,,,,,,,,,,,,,,,,,,,,,,,,,,,,,,,,,,,,,,,,,,,,,,,,,,,,,,,,,,,,,,,,,,,,,,,,,,,,,,,,,,,,,,,,,,,,,,,,,,,,,,,,,,,,,,,,,,,,,,,-0.5,-0.6,-0.6,-1.6,-3.5,-1,1.8,2.1,0.9,3.1,3.2,3,1.6,0.6,0.3,0.8,1.7,3.9,6.1,4.5,3.5,2.2,0.7,2.7,4.7,9.2,11.6,6.8,3.9,1.5,0.4,-2,-2.9,-4.6,-5.2,-8.8,-6.6,-7.1,-8.5,-8.3,-6.4,-4.1,-3.3,-3.1,-0.9,0.2,1,0.5,2.9,5.7,7.9,11.2,13,15,13.6,10,8.3,7.2,5.5,3.3,3,0.1,-1.5,-3.4,-4,-2.1,-1.2,-0.1,4.5,9.4,11.9,15.8,17.7,14.8,11.7,7.6,3.8,-0.6,-1.6,-3.5,-3.1,0,2.2,2.8
Q,Quarterly,AT,Austria,P,Private non-financial sector,A,All sectors,B,Credit-to-GDP trend (HP filter),,,,Q:AT:P:A:B,,,,,,,,,,,,,,,,,,,,,,,,,,,,,,,,,,,,,,,,,,,,,,,,,,,,,,,,,,,,,,,,,,,,,,,,,,,,,,,,,,,,,,,,,,,,,48.1,48.6,49.2,49.7,50.4,51,51.7,52.3,53.1,53.6,54.1,54.6,55,55.4,55.7,56,56.3,56.7,57.1,57.5,58,58.5,59,59.5,60.3,60.9,61.6,62.3,63.1,63.8,64.5,65.4,66.3,67.2,68.1,69,70.1,71.1,72.1,73.1,74.2,75.2,76.3,77.4,78.4,79.4,80.3,81.2,82,82.7,83.3,83.9,84.4,84.8,85.3,85.7,86.3,86.8,87.3,87.7,88.3,88.6,89,89.4,89.9,90.3,90.7,91.1,91.6,92,92.6,93.1,93.8,94.2,94.7,95.3,96,96.6,97.3,98,98.7,99.4,100.1,100.7,101.4,102,102.6,103.3,103.9,104.5,105.1,105.7,106.2,106.7,107.1,107.5,107.9,108.2,108.5,108.8,109.2,109.4,109.7,110.2,110.6,111,111.5,112.1,112.7,113.1,113.5,114,114.5,115,115.4,116.1,116.8,117.6,118.4,119.5,120.5,121.4,122.2,123.1,124,124.8,125.6,126.4,127.1,127.8,128.4,129,129.7,130.3,131,131.6,132.1,132.6,133.2,133.9,134.5,135.1,135.7,136.4,137,137.5,138,138.6,139.3,140,140.6,141.1,141.8,142.4,143.1,143.7,144.4,145.1,145.8,146.5,147.1,147.6,148.1,148.5,148.9,149.2,149.6,149.9,150.1,150.3,150.4,150.5,150.8,151,151.2,151.3,151.3,151.3,151.3,151.2,151.1,151,150.8,150.7,150.6,150.6,150.4,150.3,150.1,150,149.8,149.6,149.5,149.3,149.3,149.1,148.9,148.8,149,149.3,149.6,150.2,150.6,150.9,151.2,151.4,151.3,151.2,150.8,150.4,149.9,149.4,148.7
Q,Quarterly,HU,Hungary,P,Private non-financial sector,A,All sectors,C,Credit-to-GDP gaps (actual-trend),,,,Q:HU:P:A:C,,,,,,,,,,,,,,,,,,,,,,,,,,,,,,,,,,,,,,,,,,,,,,,,,,,,,,,,,,,,,,,,,,,,,,,,,,,,,,,,,,,,,,,,,,,,,,,,,,,,,,,,,,,,,,,,,,,,,,,,,,,,,,,,,,,,,-0.2,-0.7,-1.1,-1.6,-2.2,-2.5,-2.6,-2.6,-2.6,-1.5,-1.5,-1.5,-2.5,-1.3,-2.4,-3,-3.7,-3.4,-2.4,-3.3,-3.9,-3.2,-2.5,-2.2,-2.7,-2.4,-2.8,-3.2,-3.2,-4.5,-5.4,-5.8,-6.2,-5,-5.3,-4.7,-9.9,-11.2,-11.5,-10.8,-10,-11.7,-13.4,-13.5,-12.3,-14.4,-13.7,-14.2,-16.9,-16.1,-16.2,-16,-15.2,-14.7,-12.6,-10.9,-10.1,-10.6,-10.3,-9.7,-11.2,-11.6,-10.8,-9.3,-5.3,-5.7,-4.2,-3.6,-2.1,-2.2,-0.7,0,-1.4,0,1.5,2.3,3.2,4.3,6.6,8,9.3,10.3,8.6,9.5,9.4,7.3,8.9,8.6,7.2,8.4,12.1,11,15,14,15.9,15.3,16.3,18,20.3,21.1,21.6,20.4,25,23,20.6,18.9,21.8,23.9,28.4,28.2,20.9,24.2,28.7,43.3,31.3,27.7,29.3,26.3,30.3,20.3,16.9,8.8,7.8,10.8,10.4,3.1,0.7,-4.8,-4.5,-2.9,-7.3,-10.5,-14.4,-15.2,-15.6,-17.1,-18,-22.7,-22,-25.5,-26,-26.4,-25,-28.8,-27.8,-28.6,-28.8,-28.7,-29.5,-29.3,-25.5,-26.1,-26.3,-25.4,-23.4,-23.1,-21.7,-17.1,-14.4,-11.5,-9.5,-3.7,-5.9,-2.5,1.1,1.5,3.5,7.7,0.8,-2.4,-5.9,-6.4,-8.9
Q,Quarterly,AT,Austria,P,Private non-financial sector,A,All sectors,C,Credit-to-GDP gaps (actual-trend),,,,Q:AT:P:A:C,,,,,,,,,,,,,,,,,,,,,,,,,,,,,,,,,,,,,,,,,,,,,,,,,,,,,,,,,,,,,,,,,,,,,,,,,,,,,,,,,,,,,,,,,,,,,0.6,0,1,0.6,1.9,1.4,1.8,1.7,2.3,0.6,0,-0.9,-0.8,-1.8,-2.3,-2.8,-1.8,-2,-0.8,-0.8,0.1,-0.2,0.6,1.1,3.7,2.1,3.1,2.8,3.4,2.9,3.7,4.5,6.1,5.1,5.9,5.8,7.2,6.2,6.8,7.1,7,6.7,7,6.2,6.5,4.9,4,2.7,2,-0.7,-1.2,-2.2,-2.3,-4.9,-4.3,-3.9,-1.6,-3.2,-2.8,-3.1,-2.3,-4.8,-4.5,-4.5,-2.2,-4.3,-3.7,-3.3,-1.4,-2.7,-1,-1.1,0.6,-2.3,-1.1,0.3,1.5,0.2,1.6,1.4,2.4,0.8,1.9,0.7,1.5,-0.6,0.1,0.3,1,-0.3,-0.2,-1.1,-0.9,-3.1,-2.6,-3.4,-3,-5.5,-5,-5,-2.7,-6,-3.5,-2,-1.9,-3.1,0,1.2,1,-2.3,-1.3,-1.2,-0.3,-1.5,-0.8,2.1,4.1,2.9,5,9.6,7.3,5.5,4.5,4.6,5.5,3.8,3.3,2.6,2,0.4,-0.2,-0.6,1.2,0.5,0.8,-0.3,-1.9,-2.5,-0.1,0.4,-0.6,-0.3,1,1.2,-0.9,-2.8,-0.9,-0.4,1,0.7,-0.3,-0.9,0.7,0.1,0.2,1.2,0.7,0.9,1.7,0.9,0.5,-2.3,-2.7,-3.7,-3.7,-4.9,-4.3,-4.8,-6.6,-7.1,-7.7,-8.1,-4.2,-5.8,-5.6,-5.9,-9.4,-7.5,-9.1,-9.2,-9.4,-9.6,-9.8,-8.6,-8.6,-7.6,-8.5,-8.6,-8.6,-7.7,-8.1,-7.9,-7.6,-6.8,-5.8,-7.7,-7.4,-5.3,-0.1,1.5,2.5,6.3,2.2,1.8,1.5,-2.2,-4.4,-6.4,-9.9,-10.1,-11.9,-12.2,-14.7
Q,Quarterly,HK,Hong Kong SAR,P,Private non-financial sector,A,All sectors,A,Credit-to-GDP ratios (actual data),,,,Q:HK:P:A:A,,,,,,,,,,,,,,,,,,,,,,,,,,,,,,,,,,,,,,,,,,,,,,,,,,,,,,,,,,,,,,,,,,,,,,,,,,,,,,,,,,,,,,,,,,,,,,,,,,,,,,,,,,,,,,,,,,,,,,,,,,,,,99.9,100.9,101.1,99.6,100.6,94.6,83.7,100.4,109.3,114.7,124.4,126.9,126.7,132.5,138.1,140.7,144.2,148,148.6,157.1,146.9,141.8,136.7,131.4,130.3,127.4,128.2,129.5,128.8,133.2,133.7,134,131.9,135.4,132.1,135.9,132.9,130.8,134.1,134.9,138.2,148.3,148.7,153.6,156.3,155.8,159.2,159.7,166.5,162.7,152,151.9,151.2,148.8,149.6,148,142.9,147,145.2,146.9,145.6,147.6,149.2,148.4,146.4,148.8,153.7,154.1,157.6,159.3,163.9,164.2,165.2,170.7,176.5,181.1,175.3,173.2,174.3,176.2,174.3,172.6,170.1,168.8,166.1,163.9,160.8,165.9,162.9,164.1,162.5,163,161.9,163.2,162.4,162.1,161,160.8,166,166.7,168.8,171,167,166.9,169.8,171.6,176.6,173.2,173.9,172.7,175.1,175,176.2,178.6,188.1,193.9,187.3,190.8,196.2,197.9,191.7,186.3,194.6,197.9,194.3,200,211.4,224.3,224.7,236.7,242.4,244.5,237.3,238.9,239.4,239.8,238.9,246.6,261.3,265.7,264.5,278.6,288,292.9,284,293.2,292.8,286.2,297.5,295.9,300.9,301.9,306.5,316.7,330.9,335,343.4,349.4,345.2,332.8,335.2,335.7,341.5,346.1,349.2,367.4,372.7,392.3,383.9,388.6,396.7,381,368.7,381.5,384.2,374.9,373.7,377.3,374.6,365.5,363.5
Q,Quarterly,JP,Japan,P,Private non-financial sector,A,All sectors,C,Credit-to-GDP gaps (actual-trend),,,,Q:JP:P:A:C,,,,,,,,,,,,,,,,,,,,,,,,,,,,,,,,,,,,,,,,,,,,,,,,,,,,,,,,,,,,,,,,,,,,,,,,,,,,,,,,,,,,,,,,,,,,,,,,,,,,,,,,,,,,,-3.9,-5.2,-5.2,-3.5,-0.7,-1.5,-2.6,-2.6,-1.4,-3.1,-4.8,-4.6,-3.9,-5.4,-7,-6.9,-5.1,-6.5,-7.1,-5.4,-2.9,-2.7,-2.9,-3,-2.3,-3.2,-4.4,-2.9,0.1,0.1,-0.4,1.5,3.8,5,4.2,5.3,7.2,7.2,5.2,6.9,7.3,7.4,5.1,5.6,6.4,5.7,4.4,6.2,8.8,9.6,14.3,16.6,18.2,16,14.9,16,17.9,17.2,16.8,19.4,21.2,23.8,19.9,19.5,19.1,15.1,12.2,10.6,10.6,7.6,6,5.2,6.8,5.3,4.5,5.1,5.9,3.5,0.9,1,1.3,-0.8,-3.9,-4.3,-4.5,-7,-9.6,-11.2,-10.9,-14.7,-16,-16.7,-14,-17.1,-17.4,-16.5,-20.8,-23.7,-25.1,-24.9,-21.7,-23.7,-26.8,-26.6,-27.2,-28.7,-30.1,-29.1,-27.3,-26.9,-26.9,-28,-26.1,-27.3,-28.9,-29.6,-28.1,-29.5,-30.3,-30.2,-28.2,-26.7,-27.2,-24.9,-23,-22.3,-21.8,-19.7,-18.1,-17.6,-19.1,-17,-14.5,-13.7,-11.7,-9.9,-4.8,-2.2,0.1,2.4,4,2.6,1.3,-0.4,-1.3,-1.6,-0.9,0.6,1.5,1,-1.4,0.2,1.9,2.5,1.7,1.8,2.3,1.8,0.6,1.5,2.7,1.9,0.1,0,0.9,0.2,1.1,2.9,4.4,5.5,5,5.4,5.9,5.7,6.2,7.9,9.7,10.5,11.1,12.3,13.7,14.9,25.5,27.6,28.5,28,24.9,23.5,23.9,22.6,22,21.6,21.4,18.1,15.1,13.6,12
Q,Quarterly,IT,Italy,P,Private non-financial sector,A,All sectors,A,Credit-to-GDP ratios (actual data),,,,Q:IT:P:A:A,,,,,,,,,,,,,,,,,,,,,,,,,,,,,,,,,,,,,,,,,,,,,,,,,,,,,53.6,55,56.1,57.2,57.9,59.3,60.5,61.8,62.9,64.3,65.4,66.2,66.9,66.1,65.9,66,66.4,67.2,67.7,67.9,68,68.8,69.6,70.1,70.8,71.5,72.1,72.8,73.3,74,74.8,75.3,75.7,76.2,76.5,76.8,77.8,78.2,78.3,78.2,77.6,78.2,79.4,80.7,81.8,82.8,83.8,84.9,85.8,86.8,86.3,84.7,83.1,81.8,80.5,79.1,77.9,77.7,78,78.6,78.8,78.3,74.4,72.9,71.8,70.3,68.5,67.6,68.2,64.1,61.3,60.8,62.3,60.3,58.4,57.4,59.2,57,57,54.7,58.2,57.7,57,55.9,57.8,55.1,53.7,53.4,55.5,54,52.6,51.4,53.9,53.5,54.1,55,57.8,56.9,55.8,54.3,57.8,54,54.1,53.8,57.7,56.6,57.2,54.9,58.9,56.7,58.4,57.3,61.4,60.4,62.2,60.5,65.1,62.7,63.5,61.6,68,64.7,67,66.1,70.4,69.4,70.8,70.8,74.5,73.9,74,72.7,74.9,71.5,71.3,69.2,71.5,70.3,70.8,69.3,69.8,68.4,68.2,67.2,68.2,67.2,67.7,66.6,67.7,67.1,67.5,66.6,68.3,68.5,71.9,72.6,75.6,75.1,75.8,76.5,79.3,79.8,80.7,80.8,82.8,82.9,83.9,83.7,85.3,85.5,86.9,86.7,89.4,89,90.8,91.2,93.5,94.5,96.1,96.6,99,100.1,102,102.7,105.1,105.8,108.4,109.3,113,116.5,116.8,116.8,116.5,119.9,123.9,124.4,125.1,125.4,125.8,125.8,125.8,125.7,125.9,125.4,124.7,125.2,125.9,125.9,126.9,126.2,125.9,125.6,125,124.7,124.7,124.3,123,123.1,122.3,121.3,119,117.5,117.7,116.9,114.9,114.7,113.7,112,112.1,111.1,111.2,110.8,110.4,109.6,109.7,109.8,109.4,111.1,116.9,120.1,122.3,121.9,117.6,115.2,115,112.2,110.5,109.1,107.6,104.9,103.5,100.9,99.4
Q,Quarterly,DE,Germany,P,Private non-financial sector,A,All sectors,B,Credit-to-GDP trend (HP filter),,,,Q:DE:P:A:B,,,,,,,,,,,,,,,,,,,,,,,,,,,,,,,,,,,,,,,,,,,,,,,,,,,,,,,,,,,,,,,,,,,,,,,,,,,,,,,,,,,,,,,,,,,,,85.6,85.8,86,86.3,86.8,87.1,87.6,88,88.6,89.1,89.6,90.1,90.6,91,91.4,91.8,92.3,92.6,92.9,93.3,93.7,94,94.3,94.6,94.9,95.2,95.5,95.7,96.1,96.3,96.5,96.8,97.1,97.4,97.7,98,98.4,98.6,99,99.3,99.8,100.3,100.9,101.5,102.1,102.6,103.2,103.8,104.4,105,105.5,106.1,106.7,107.2,107.7,108.2,108.7,109.2,109.7,110.1,110.5,110.9,111.2,111.4,111.6,111.8,111.9,112,112.2,112.3,112.4,112.4,112.5,112.5,112.5,112.5,112.6,112.7,112.6,112.5,112.5,112.4,112.2,112.2,112.2,112.2,112.2,112.2,112.2,112.2,112.4,112.6,113,113.3,113.5,113.8,114.2,114.4,114.6,114.8,115,115.3,115.6,116,116.5,116.9,117.4,117.9,118.5,119,119.5,120.1,120.8,121.3,122,122.6,123.4,124.3,125.3,126.2,127.3,128.5,129.6,130.7,131.8,132.8,133.8,134.9,135.9,136.9,137.9,138.8,139.7,140.3,140.9,141.3,141.7,142,142.3,142.5,142.7,142.9,143.1,143.2,143.2,143.1,142.9,142.6,142.3,141.9,141.5,141.1,140.9,140.7,140.5,140.4,140.4,140.2,140.1,139.9,139.5,139,138.4,137.8,137.3,136.7,136.1,135.6,135,134.4,133.9,133.5,133,132.5,132,131.5,130.7,130,129.3,128.7,128,127.3,126.7,126.1,125.5,124.9,124.4,123.9,123.3,122.9,122.5,122.2,121.8,121.6,121.4,121.2,121,120.9,121.1,121.4,121.7,122.2,122.5,122.7,123,123.3,123.4,123.6,123.8,123.8,123.8,123.7,123.5
Q,Quarterly,HU,Hungary,P,Private non-financial sector,A,All sectors,B,Credit-to-GDP trend (HP filter),,,,Q:HU:P:A:B,,,,,,,,,,,,,,,,,,,,,,,,,,,,,,,,,,,,,,,,,,,,,,,,,,,,,,,,,,,,,,,,,,,,,,,,,,,,,,,,,,,,,,,,,,,,,,,,,,,,,,,,,,,,,,,,,,,,,,,,,,,,,,,,,,,,,60.3,60.8,61.4,61.9,62.3,62.7,63.1,63.4,63.8,64.3,64.8,65.2,65.6,66.1,66.5,66.8,67.1,67.4,67.7,68,68.3,68.6,68.9,69.3,69.6,69.9,70.2,70.5,70.8,70.9,71,71.1,71.2,71.3,71.4,71.5,71.3,71,70.6,70.3,70,69.6,69.1,68.5,68,67.4,66.8,66.1,65.2,64.4,63.6,62.7,61.8,61,60.2,59.6,59,58.3,57.6,57,56.2,55.4,54.6,53.9,53.5,53,52.5,52.1,51.8,51.5,51.2,51,50.7,50.5,50.4,50.3,50.3,50.3,50.5,50.8,51.2,51.6,52,52.4,52.8,53.2,53.6,54,54.4,54.8,55.5,56.1,57,57.9,58.8,59.8,60.9,62,63.4,64.8,66.3,67.7,69.5,71.2,72.7,74.2,75.9,77.8,80,82.2,84,86,88.4,91.6,94.2,96.7,99.3,101.7,104.5,106.7,108.7,110.4,111.9,113.7,115.4,116.8,118,118.8,119.7,120.7,121.4,122,122.3,122.5,122.6,122.7,122.7,122.3,122,121.4,120.8,120.1,119.5,118.5,117.6,116.6,115.6,114.5,113.3,112,111,109.8,108.7,107.5,106.4,105.2,104.2,103.3,102.6,102,101.5,101.4,101.1,101,101.1,101.2,101.4,101.9,102,101.9,101.7,101.3,100.8
Q,Quarterly,NO,Norway,P,Private non-financial sector,A,All sectors,B,Credit-to-GDP trend (HP filter),,,,Q:NO:P:A:B,,,,,,,,,,,,,,,,,,,,,,,,,,,,,,,,,,,,,,,,,,,,,,,,,,,,,,,,,,,,,,,,,,,,,,,,,,,,,,,,,,,,,,,,,,,,,113.7,113.6,113.5,113.5,113.4,113.5,113.5,113.6,113.7,113.8,113.9,113.9,113.9,113.9,113.8,113.6,113.4,113.4,113.6,113.7,114,114.3,114.8,115.3,115.8,116.5,117.3,118.1,119.1,120.1,121.1,122.1,123,123.8,124.6,125.2,125.7,126.1,126.2,126.4,126.5,126.7,126.8,126.7,126.7,126.7,126.9,127.2,127.6,128,128.4,128.8,129.2,129.7,130.3,130.9,131.6,132.4,133.1,133.9,134.7,135.5,136.8,138.3,140,141.7,143.4,145.3,147.1,148.9,150.8,152.8,154.7,156.6,158.6,160.4,162,163.6,165.2,166.5,167.6,168.5,169.4,169.9,170.1,170.7,171,171.3,171.7,172,172.2,172.2,172,171.7,171.3,170.8,170.1,169.3,168.5,167.6,166.6,165.7,164.8,163.9,162.8,162,161.4,160.9,160.5,160.4,160.6,160.9,161.3,161.9,162.4,162.8,163.1,163.3,163.3,163.5,163.3,163.1,163.1,163,163.3,163.8,164.4,165.1,165.7,166.5,167.5,168.4,169.1,170,171,172,172.9,173.7,174.5,175.1,175.8,176.5,177.1,177.8,178.4,179.4,180.7,182,183.5,185.2,186.9,188.6,190.6,192.8,195.2,197.6,199.8,201.8,203.9,206,207.9,209.7,211.3,212.7,213.9,215.5,217,218.4,219.8,221,222.3,223.5,224.4,225.3,226.3,227.2,228.2,229.6,231,232.7,234.6,236.5,238.5,240.6,242.5,244.2,245.6,246.8,247.8,248.6,249.2,249.6,249.7,249.8,250.1,250.7,251.5,252.6,254.3,256.3,258.5,260.7,262.4,263.3,263.1,262.1,260.5,258.2,256,254,252.4,251.7,251.1
Q,Quarterly,AR,Argentina,P,Private non-financial sector,A,All sectors,A,Credit-to-GDP ratios (actual data),,,,Q:AR:P:A:A,,,,,,,,,,,,,,,,,,,,,,,,,,,,,,,,,,,,,,,,,,,,,,,,,,,,,,,,,,,,,,,,,,,,,,,,,,,,,,,,,,,,,,,,,,,,,,,,,,,,,,,,,,,,,,,,,,,,,,,,,,,,,,,,,,,,,,,,,,,,,,,,,,,,,31.3,27.2,42.7,37.2,33.9,28.2,28,28.7,31.8,28.5,27.8,31.1,39.1,26.4,26.9,30.5,33.3,7.5,19.7,36,73.3,35,26.4,22.7,18.8,23,21.3,18.3,17.7,17.7,18.9,19.2,19.8,22,21.7,21.7,23.2,23.1,24.3,24.7,25,24.1,24.8,24.3,25.5,25.4,25.8,25.9,26.5,26.9,27.9,28.5,29.6,29.9,30.4,31.2,32,32.1,32.5,32.1,32.1,30.9,30.3,30.1,29.4,28.3,29.3,28.2,39.4,75.2,84.5,76.3,63.2,52.4,46.9,44.9,43,39,38.2,37.3,35.1,32.7,31.6,29.9,29.3,28.6,28,27.4,26.9,26.3,25.8,25.9,25.1,24.3,23.2,22.9,23.2,23.5,23.7,23.3,22.7,21.9,21.4,21,21.1,20.7,20.8,21.2,21.1,20.7,20.9,21.2,22,21.7,21.8,22,22.8,22.4,20.8,20.2,19.7,19.4,19.7,19.7,21.5,21.1,20.6,20.6,20.8,20.4,21.3,22.5,24.9,25.4,28.8,33.2,29,29.2,26.8,30.5,28.3,27.2,28.9,29,29.9,28.6,25.8,23.9,22.9,21.3,22.5,22,22,22,23,24.2,35.3
Q,Quarterly,NO,Norway,P,Private non-financial sector,A,All sectors,C,Credit-to-GDP gaps (actual-trend),,,,Q:NO:P:A:C,,,,,,,,,,,,,,,,,,,,,,,,,,,,,,,,,,,,,,,,,,,,,,,,,,,,,,,,,,,,,,,,,,,,,,,,,,,,,,,,,,,,,,,,,,,,,-0.2,-0.3,-0.2,0,0.2,0.9,1.3,1.6,1.6,1.7,1.5,1,0.4,-0.2,-0.9,-1.6,-2.3,1,2.5,2.4,4.1,5.3,6.6,7.1,7.5,9.3,10.7,11.2,13.2,13.2,12.8,11.9,10.9,9.9,8.4,5.9,4.5,0.8,-1.4,-1.2,-2.2,-1.1,-3.2,-4.6,-4.5,-3.1,-0.3,1.2,2.4,3,3.1,2.1,2.7,4.1,5.9,5.7,7.7,7.4,7.5,7.5,8.3,8.6,16.8,19,21.2,21.8,21.6,22.7,22,20.9,22.7,21.9,20.7,21.6,20.4,17.2,13.4,13.1,12.5,7.8,3.2,0.3,-0.8,-6.4,-11.3,-6,-8.6,-11.1,-7.3,-9.1,-9.7,-14.5,-15.9,-17.6,-19.8,-20.6,-23.5,-24.2,-23.9,-24.6,-24.5,-23.5,-22.6,-23.3,-23.5,-19.8,-14.6,-13.2,-10.1,-5.8,0.3,1.4,3.9,5.8,6.5,3,1.1,-1.7,-3.4,-0.7,-7,-6.6,-3.8,-4.6,0.7,5.5,6.8,8.3,7.9,9.8,13.1,10.4,7.3,10.4,11.8,11.4,8.7,7.6,7.1,4.8,5.1,3.9,3.6,4.4,4,9.2,14.7,14.2,17.2,20.1,19.7,19.6,24.1,26.3,29.6,27.9,24.5,20.5,21.6,19.7,16.6,14.7,11.1,6.6,3.4,10.7,7.7,5.8,4.7,3.9,3.8,0.7,-2.2,-2.6,-2.9,-2.3,-0.3,4.3,7.2,10.3,13.6,13.4,15,15.3,13.3,7.3,3.7,-1.1,-4.4,-6.8,-10.2,-14.8,-17.9,-18,-13.3,-8.4,-5.6,0.2,10.8,15.8,19.2,18.2,8.3,-5,-23.5,-36.6,-46.1,-57.5,-54.5,-48.1,-39.8,-24.7,-22
Q,Quarterly,AU,Australia,P,Private non-financial sector,A,All sectors,C,Credit-to-GDP gaps (actual-trend),,,,Q:AU:P:A:C,,,,,,,,,,,,,,,,,,,,,,,,,,,,,,,,,,,,,,,,,,,,,,,,,,,,,,,,,,,,,,,,,,,,,,,,,,,,,,,,,,,,,,,,,,,-2.4,-2.5,-2.6,-2.7,-2.6,-3.1,-3.2,-2.8,-2.7,-2.3,-2.4,-0.6,0.8,1.2,1,1.9,3,3.6,4.2,3.7,2.7,2.2,1.7,1.2,0.7,0.1,-0.3,-1.2,-1.9,-2.2,-2.2,-1.7,-0.1,-0.4,0,-0.9,0.7,0.7,0.4,0.8,2.3,1.7,1.7,1.7,3.1,2.8,2.6,3.3,3.9,4.3,4.3,5.7,6.8,5.3,5.1,3.8,3,2.9,3.7,4.2,6,6.3,7.3,7.2,10.8,13.8,14.2,13.2,14.5,14,14.8,15.8,17.5,16.5,14.2,14.2,15.6,12.2,9.8,10.3,8.9,7.1,6.3,6.6,4.6,1.5,1.3,-0.2,-1.2,-1,-4.3,-6.6,-9.4,-9.5,-11,-11.5,-11,-10.7,-10.8,-10.6,-10.3,-10.5,-9.9,-9.5,-8.7,-10,-8.6,-8.7,-7.4,-6.7,-3.9,-3.8,-1.4,-1.2,-0.4,0.3,-0.7,0.5,2.6,2.9,4.3,4.2,6.5,7.6,5.4,5.3,3.3,2.2,4.6,6.2,5.5,5.1,6.6,6.7,8.9,8.1,9,8.9,10.1,10,12.6,13.1,14.6,13.7,15.9,16.7,16.9,15.8,16.5,18.1,18,17,15.2,12.7,11,7.2,4.4,4.1,3.7,1.9,-0.7,-4.4,-8.7,-10.6,-12.9,-13.2,-14.7,-14.9,-14.1,-13.9,-13.4,-13.3,-10.1,-10.7,-8.7,-10.1,-8.6,-7,-5.1,-1.6,0.1,1.6,1.8,2.4,2.7,1.7,-0.3,-4.3,-5.1,-7.1,-7.1,-6.8,-7.8,-8.1,-8.8,-9.7,-10.8,-12.2,-13.4,-10.4,-10.2,-9.9,-11.6,-12.5,-16.9,-18.9,-20.6,-22.6,-23,-24.8,-27.1,-27.4,-25.8,-24.4,-23
Q,Quarterly,CZ,Czechia,P,Private non-financial sector,A,All sectors,A,Credit-to-GDP ratios (actual data),,,,Q:CZ:P:A:A,,,,,,,,,,,,,,,,,,,,,,,,,,,,,,,,,,,,,,,,,,,,,,,,,,,,,,,,,,,,,,,,,,,,,,,,,,,,,,,,,,,,,,,,,,,,,,,,,,,,,,,,,,,,,,,,,,,,,,,,,,,,,,,,,,,,,,,,,,,,,,,,,,,,,,,,,,,,,,,,,,,,,,,,,,,,,,,,,,,,,,92.4,92.6,91.5,90.1,88.8,89.1,88.3,88.7,85.1,83.6,82.1,80.2,81.1,82.1,80.9,80.4,90.4,91.5,89.3,88.9,86.8,83.6,80.8,76.7,78.9,78,78.7,75.6,71.9,71.4,73.6,71.5,73,74.4,65.4,64.5,64.1,63.4,64.5,66.6,65,62.5,60.9,60.2,61.9,61,60.5,59.1,59.5,60.4,60.5,60.4,62.2,63.2,63,64.6,65.1,65.8,67.7,69.3,70.2,71.8,74.1,76.6,76.2,77.6,78.9,80.7,81.2,82.2,82.1,82.3,82.5,83.7,84.5,85.5,85.5,87.1,88.4,90.5,91.3,92.9,93.1,93.1,92,91.8,91.1,90.9,89.6,88.1,87.3,86.7,85.8,86.4,87.4,87.9,88.5,88.2,88.1,88.4,88.5,89.9,90.8,91.5,90,88.8,87.9,86.1,86.2,88.1,89.1,89.4,89.9,87.9,86.9,86.7,86.8,85.6,86.1,83.1,82.3,79.5,79.8,80
Q,Quarterly,AU,Australia,P,Private non-financial sector,A,All sectors,B,Credit-to-GDP trend (HP filter),,,,Q:AU:P:A:B,,,,,,,,,,,,,,,,,,,,,,,,,,,,,,,,,,,,,,,,,,,,,,,,,,,,,,,,,,,,,,,,,,,,,,,,,,,,,,,,,,,,,,,,,,,64.9,64.9,65,65,65,65,65,65,65,65.1,65.1,65.3,65.6,65.9,66.2,66.6,67.1,67.6,68.2,68.7,69.2,69.6,70,70.4,70.7,71,71.3,71.5,71.7,71.8,71.9,72.1,72.4,72.6,72.9,73.1,73.4,73.7,74,74.4,74.8,75.2,75.6,75.9,76.4,76.9,77.3,77.8,78.4,79,79.5,80.2,80.9,81.6,82.3,82.9,83.4,83.9,84.5,85.2,85.9,86.7,87.5,88.4,89.5,90.7,92,93.3,94.7,96,97.5,99,100.6,102.2,103.7,105.2,106.9,108.3,109.7,111,112.3,113.6,114.8,116,117.1,118,119,119.8,120.6,121.4,122,122.5,122.8,123,123.2,123.3,123.4,123.6,123.7,123.8,123.9,124,124.1,124.2,124.3,124.3,124.4,124.5,124.7,124.8,125.2,125.5,125.9,126.4,126.9,127.5,128,128.5,129.2,129.9,130.7,131.5,132.4,133.5,134.3,135.2,136,136.8,137.6,138.6,139.5,140.5,141.5,142.5,143.7,144.9,146.1,147.3,148.6,149.9,151.4,152.9,154.6,156.2,157.9,159.8,161.6,163.5,165.4,167.4,169.4,171.5,173.4,175.2,177,178.5,179.9,181.3,182.6,183.9,185,185.9,186.6,187.1,187.5,187.8,188,188.2,188.4,188.6,188.8,189,189.4,189.7,190.1,190.4,190.8,191.2,191.8,192.5,193.4,194.3,195.3,196.2,197.3,198.2,199,199.6,200.2,200.6,201,201.5,201.8,202.1,202.4,202.6,202.7,202.8,202.7,202.8,202.9,202.9,202.9,202.8,202.4,201.9,201.3,200.5,199.6,198.6,197.4,196.2,195,193.9,192.8
Q,Quarterly,DE,Germany,P,Private non-financial sector,A,All sectors,C,Credit-to-GDP gaps (actual-trend),,,,Q:DE:P:A:C,,,,,,,,,,,,,,,,,,,,,,,,,,,,,,,,,,,,,,,,,,,,,,,,,,,,,,,,,,,,,,,,,,,,,,,,,,,,,,,,,,,,,,,,,,,,,-1.9,-3.5,-3.3,-2.7,-1.3,-1.8,-0.9,-1.1,0.4,0,-0.1,-0.6,-0.5,-1.3,-1.2,-1.6,-1.4,-2.4,-2.2,-2.3,-0.8,-2.5,-2.5,-2.9,-2.1,-3.5,-2.9,-2.9,-1.7,-3.5,-2.9,-3.1,-1.6,-2.3,-1.6,-2.1,-1,-2.5,-1.5,-1.4,1.4,1.8,2.6,2.6,3.1,1.6,2,2.5,3.7,1.6,2.1,1.9,2.4,0.4,0.8,0.5,1.1,0.5,-0.1,-1.3,-0.4,-2.1,-2.5,-3.6,-3.9,-5.2,-5.5,-4.7,-4.4,-5.8,-5.5,-5.8,-5.2,-6.3,-6,-6,-4.8,-4.9,-6.4,-6.8,-6.2,-7.4,-7.1,-5.5,-4.9,-4.9,-4.2,-4,-4.2,-2.6,-1.1,0.3,2.6,0.2,0.7,1.4,2.2,-1.6,-0.6,-0.4,0.3,0.8,1.9,2.6,3.7,3.7,4.2,4.2,4.7,4.2,4.3,5,6.8,4,5.5,6.1,8.3,9.1,10.1,8.9,13.2,12.8,12.1,11.6,10,8.8,9.5,8.9,8.2,7.7,7.5,6.4,4.7,1.1,-0.6,-2.1,-3.8,-5.3,-5,-5.5,-6.3,-6.2,-6.2,-6.8,-8.6,-10.9,-11.7,-13.1,-12.9,-13.8,-13.6,-13,-10.9,-9.3,-7.6,-7.1,-6.4,-7.5,-7.5,-8.2,-9.9,-13.5,-14.1,-13.1,-12.7,-12.7,-11.7,-11.4,-11.2,-10.8,-9.7,-9,-8.7,-8.9,-8.2,-8.9,-12.5,-11.1,-10.6,-10,-10.2,-9,-8.5,-7.8,-7.8,-6.2,-6.1,-5.8,-5.7,-4.3,-2.9,-1.6,-1.9,-0.6,0.7,1,0.9,2.3,6.9,8.5,9.6,10.9,8.1,7.3,7.5,6,5,5.8,4.3,2.5,1.3,-0.2,-1.6
Q,Quarterly,TH,Thailand,P,Private non-financial sector,A,All sectors,C,Credit-to-GDP gaps (actual-trend),,,,Q:TH:P:A:C,,,,,,,,,,,,,,,,,,,,,,,,,,,,,,,,,,,,,,,,,,,,,,,,,,,,,,,,,,,,,,,,,,,,,,,,,,,,,,,,,,,,,,,,,,,,,,,,,,,,,,,,,,,,,,,,,,,,,,,,,,,,,,,,,,,,,-6.2,-3.2,-3.6,-5.3,-6,-2.8,-3.4,-4.5,-3,-0.1,1.4,3.8,8.2,9.3,7.8,7.8,9.5,10.7,8.5,6.1,6.4,5.6,4.1,3,1.5,2.9,0.5,-0.9,2.6,2.5,2.1,1.8,3.6,4.5,5.3,5.3,8.3,10.6,13.6,18,19.9,20,19.9,21.6,22.2,21.3,21.5,21.4,21.9,22.5,23.4,21.8,22.7,22.9,25.6,29.6,35,33.5,35.4,36.2,39.4,40.1,39.2,34.6,34.1,32.3,29.2,38.5,49.1,27.1,26.4,19.4,11.8,6.3,-4.3,-17.6,-29.8,-34,-43.3,-56.1,-60.2,-60.3,-68.7,-67.2,-69.9,-60.9,-61.9,-59.4,-58.9,-58.4,-56.4,-56.7,-59.1,-54.8,-52.4,-46.2,-47.4,-46.2,-43.6,-41.9,-40.7,-40.9,-40.2,-39,-38.4,-39.1,-37.3,-36,-35.1,-33.2,-30.4,-27.9,-23.2,-21,-16.9,-13.7,-13.5,-16.3,-16.2,-16,-10.8,-8.3,-5.5,-2.7,3.5,6,8.1,10.2,9.1,8.7,11.6,11.5,15.1,15.2,15.6,15.6,17.3,16.5,17.1,17.6,18.1,19,17.5,14.7,12.6,9.8,9.4,7.3,7.4,6,6.3,5.9,7.2,6.4,5.7,5.2,6.6,9.5,15.9,19.9,24,25.4,21.6,22.5,21.4,19.3,16.8,13.7,11.1,9.2,8.8,8.1,7.1
Q,Quarterly,TH,Thailand,P,Private non-financial sector,A,All sectors,B,Credit-to-GDP trend (HP filter),,,,Q:TH:P:A:B,,,,,,,,,,,,,,,,,,,,,,,,,,,,,,,,,,,,,,,,,,,,,,,,,,,,,,,,,,,,,,,,,,,,,,,,,,,,,,,,,,,,,,,,,,,,,,,,,,,,,,,,,,,,,,,,,,,,,,,,,,,,,,,,,,,,,66.2,66.6,66.9,67.1,67.2,67.6,68,68.2,68.6,69.2,70,70.9,72.2,73.6,75,76.3,77.7,79.3,80.7,82,83.3,84.5,85.6,86.7,87.6,88.7,89.6,90.4,91.4,92.4,93.4,94.4,95.5,96.7,97.9,99.1,100.6,102.2,104,106,108.3,110.5,112.8,115.2,117.7,120.2,122.7,125.2,127.8,130.5,133.2,135.9,138.7,141.5,144.5,147.8,151.4,155.1,158.8,162.7,166.9,171.1,175.3,179.4,183.4,187.4,191.3,195.8,200.9,204.9,208.8,212.4,215.6,218.4,220.7,222.2,222.9,223.4,223.3,222.3,221,219.7,217.7,215.7,213.5,211.6,209.6,207.7,205.6,203.5,201.5,199.3,196.9,194.6,192.4,190.5,188.4,186.3,184.3,182.3,180.3,178.3,176.2,174.1,172,169.8,167.6,165.4,163.3,161.1,159.1,157.2,155.6,154,152.6,151.3,150.1,148.7,147.2,145.8,144.6,143.5,142.6,141.8,141.4,141.2,141,141.1,141,141,141.1,141.3,141.6,142.1,142.5,143,143.6,144.2,144.8,145.5,146.3,147.1,147.9,148.6,149.1,149.6,150,150.3,150.6,150.8,151.1,151.4,151.7,152.1,152.3,152.6,153,153.5,154.4,155.6,157,158.6,160,161.5,162.9,164.3,165.5,166.6,167.6,168.5,169.3,170.2,171
Q,Quarterly,NL,Netherlands,P,Private non-financial sector,A,All sectors,A,Credit-to-GDP ratios (actual data),,,,Q:NL:P:A:A,,,,,,,,,,,,,,,,,,,,,,,,,,,,,,,,,,,,,,,,,,,,,,,,,,,,,,39.7,39.3,40.6,42.4,44.2,44.8,45.1,46.3,47.6,47.9,48.8,49.7,50.3,50.8,51,50.4,51.1,50.7,51,51.9,53.8,53.4,53.2,53.5,54.4,55.1,56.2,57.8,58.2,58.7,60,61.6,61.6,62.6,63,64.1,65.5,65.9,65.4,66.1,65.2,65.1,65.6,66.7,66.6,68.3,68.9,69.6,71.1,72.9,76.2,78,78.7,80.4,81.9,82.8,82.8,83,83.5,84.4,84.5,87.1,88.4,89.3,90.5,93,94.8,99.1,101.7,105.3,107.8,112,114.7,117,118.4,122.1,122.1,123.2,124.1,126.4,126.4,127.7,127.4,127.9,128.1,126.9,127.6,127.4,129.3,128.6,128.2,129.4,129.9,129.4,128.7,129.9,130.1,129.8,129.2,129.6,130.8,131.9,131.8,136,138.4,142.3,140.1,142.5,144.5,148,148.3,153.4,156,158.3,156.9,157,159.3,162,163.4,164.4,166.6,165.2,164.9,167,168.6,169.8,171.9,173.4,175.7,174.7,173.9,176.2,179.4,180.4,180.5,181.4,181.2,182.8,180.8,180.1,182.9,184.7,185.8,187.5,193.9,197.7,200,192.4,197.5,198.4,201.7,202.9,207.7,209.4,212.4,214.4,214.5,215.8,217.5,219.7,216,216,215.3,217.1,216.7,215.1,217.5,217.3,217.8,219.9,222.4,232.2,231.4,230.7,230.9,232.5,232.6,237.5,238.6,236.7,235.5,233.9,234.9,232.5,234,233,233.5,231.9,234.4,236.3,235.1,234.7,238.6,242.9,246.4,251,256.7,261.4,262.4,264,265.2,269.5,271,275.5,277.4,280.8,281.6,280.5,280.6,281.2,281.5,280.3,279.6,280.9,281.2,287.1,292.1,289.9,287.2,284.7,283.3,282.5,288.8,284.5,284.6,281,279.6,273.8,273.4,269.3,266.6,263.8,260.4,257.2,254.8,249.9,251.9,257.2,258.4,253,255.2,249.4,244.6,239.9,235.6,233.6,235.1,224.6,214.9,210.9,209.5,205.1
Q,Quarterly,SG,Singapore,P,Private non-financial sector,A,All sectors,A,Credit-to-GDP ratios (actual data),,,,Q:SG:P:A:A,,,,,,,,,,,,,,,,,,,,,,,,,,,,,,,,,,,,,,,,,,,,,,,,,,,,,,,,,,,,,,,,,,,,,,,,,,,,,,,,,,,,,,,,,,,,,81.3,82.6,80.5,82.8,83,84.5,85.2,89.8,95.9,106,103.8,104.5,105.9,103,99.9,95.1,90.6,89,89,93.9,95.3,95.2,93.1,94.7,97.6,98,97.2,99.3,99,99.7,100.1,103.1,102.5,102.3,102.9,105,110,112.2,110.8,114.6,117.3,118.5,122,126.8,128.3,127.7,126.5,130.7,136.4,136.6,139.7,139.2,145.7,145.1,144.4,143.7,145.3,143.5,143.8,142.9,140.1,142.8,141.5,140.5,134.9,130.7,131.1,130.9,126,121.7,124.6,119.3,119.4,118.9,120.6,126.2,129,124.6,126.2,123.6,123.8,128.1,123.7,124,124.2,122.1,125.9,125.4,124.6,124.1,125.1,123.8,123.9,122.9,123.1,124.7,122.5,128.1,135.2,136.4,141.1,141.7,148.1,149.4,151.2,153.9,153.8,158.9,158.8,154.2,154.1,152.8,155.8,155.7,155.9,153.3,152.9,148.2,149.6,148,147.3,149.3,152.1,156.9,166.1,165.2,165,165,162.3,159.6,167.8,167.2,167.7,161,156.4,151.2,148.9,146.1,145,143.2,144.5,142.7,141.6,138.7,135.1,135.1,137,133.6,139.2,146.6,149.3,152.9,156.3,153.9,155.5,156.4,156.6,150.5,144.1,146.2,147.8,155.1,159.7,159.6,161.3,162.4,163.5,170.5,175.8,181.8,185,187.9,191.6,193.3,197.9,203,201.6,198.1,201.2,200.3,204.6,203.6,205.5,205.7,203.1,199.8,203.1,200.1,202.7,199.4,200.8,198.7,199,199.4,202.5,202.9,209.9,212,219.2,224,231.8,224.3,221.6,210.5,202.4,189.8,175.4,169.9,168.6,164.8,175.7,174.7,176.1
Q,Quarterly,FI,Finland,P,Private non-financial sector,A,All sectors,B,Credit-to-GDP trend (HP filter),,,,Q:FI:P:A:B,,,,,,,,,,,,,,,,,,,,,,,,,,,,,,,,,,,,,,,,,,,,,,,,,,,,,,,,,,,,,,,,,,,,,,,,,,,,,,,,,,,,,,,,,,,,,,,,,,,,,,,,,,,,,,,,,,,,,,,,,,,,,,,,,,,,,87.2,87.3,87.5,87.7,88,88.4,88.8,89.4,89.9,90.4,91,91.5,92,92.3,92.7,93.1,93.5,93.9,94.3,94.7,95.3,95.9,96.6,97.3,97.9,98.5,99.1,99.8,100.7,101.4,102.2,102.9,104,105,106.1,107.2,108.1,109.1,110.3,111.8,113.3,114.8,116.5,118.4,120.3,122.5,125,127.7,130.5,133,135.2,137.1,138.5,139.8,140.9,141.8,142.5,142.9,143,142.8,142.4,141.8,141.2,140.6,139.9,139.3,138.8,138.3,137.7,136.9,136.1,135.1,134.1,133.3,132.6,132,131.2,130.6,130,129.8,129.6,129.3,129.1,128.8,128.4,128.3,128.2,128,127.7,127.4,127.3,127.2,127.2,127.3,127.5,127.7,127.9,128.1,128.4,128.8,129.2,129.7,130.5,131.3,131.9,132.6,133.4,134.2,135,135.7,136.7,137.8,139.1,140.7,142.5,144.1,145.7,147.4,149.3,151,152.4,153.8,155.2,156.5,157.8,159,160.3,161.5,162.8,164.2,165.6,166.9,168.2,169.3,170.5,171.6,172.9,174.5,176.2,178,179.5,180.8,181.9,182.8,183.5,184.3,185.1,186,186.9,187.8,188.7,189.5,190.2,190.9,191.4,192,192.4,192.7,193.3,193.9,194.6,195.3,195.9,196.5,196.8,197.1,197.3,197.4,197.6,197.5,197.4,197.2,196.8
Q,Quarterly,FI,Finland,P,Private non-financial sector,A,All sectors,C,Credit-to-GDP gaps (actual-trend),,,,Q:FI:P:A:C,,,,,,,,,,,,,,,,,,,,,,,,,,,,,,,,,,,,,,,,,,,,,,,,,,,,,,,,,,,,,,,,,,,,,,,,,,,,,,,,,,,,,,,,,,,,,,,,,,,,,,,,,,,,,,,,,,,,,,,,,,,,,,,,,,,,,0.1,-0.3,0,0.8,1.3,2.4,3.3,4.2,3.6,4,3.7,4,2.5,1.7,1.2,1.8,1.9,2.3,1.6,2.3,4.2,4.3,5.9,5.4,4.6,3.5,4.2,6.2,7.4,6.1,5.8,5.1,10.3,9.9,9.9,9.8,7.4,8.4,11.9,15,15.6,15.9,17.2,20.5,21.4,24.9,28.4,31.9,33.1,26.8,21,15,6.9,5.4,2.2,-1.8,-5.7,-10.6,-15.3,-18.9,-23.9,-24.8,-24.4,-24.7,-24.7,-22.7,-21.4,-20.3,-21.1,-23,-24.3,-25.2,-25.4,-21.6,-18,-18.2,-18.9,-16.4,-14.5,-8.5,-7.8,-7.8,-7.2,-8.7,-11,-3.9,-5.2,-5.9,-8.2,-7.4,-4.2,-3.3,-1.9,-0.4,1.5,1.4,1,1.2,4,3.7,4.8,7.8,10.2,10.8,8,8.5,9.7,9.2,9.8,8.8,12.2,14.3,17,20.6,24.5,20.3,19.6,21.8,23.4,19.9,14.8,14.1,12.5,10.9,10.5,10.1,9.4,8.7,8.8,12,10.6,9.1,8,5.9,5.1,4.4,9.6,12.7,14.4,15.3,9.9,5.3,2.5,-0.8,-4,-3,-2,-0.5,-0.1,-1.2,-1,-1.9,-4.3,-4.1,-6.1,-6.7,-8.7,-8.4,-4.8,-4.2,-3.3,-2,-4.1,-5.7,-7.6,-9.2,-10.7,-11.4,-10.1,-14.2,-15,-16.2,-18.8
Q,Quarterly,ES,Spain,P,Private non-financial sector,A,All sectors,A,Credit-to-GDP ratios (actual data),,,,Q:ES:P:A:A,,,,,,,,,,,,,,,,,,,,,,,,,,,,,,,,,,,,,,,,,,,,,,,,,,,,,,,,,,,,,,,,,,,,,,,,,,,,,,,,,,,,,,,,,,67,67.3,67.5,69.7,69.9,70.5,70.2,71.7,71.1,72.2,72.9,74.9,75.1,76.5,77.4,78.6,77.2,77.3,78.1,80.1,80.6,81.5,81.8,83.4,82.8,84.1,84.1,85,83.9,82.8,80.8,80.3,78.1,77.1,75.5,75.2,74.9,74.5,74.2,74.9,74.7,74.9,75.3,76.7,76.9,78.1,79,81.5,80.9,81.4,81.5,82.6,82.2,82.1,81,82,79.4,79.6,77.1,79,76.1,76.3,74.6,75.3,71.8,71.5,69.7,70.6,68.6,68.9,67.6,69.2,67.7,68.3,68.8,72,71.5,74.2,73.6,75,74.7,75.8,76,75.6,76.2,77.1,76.9,77.5,75.4,76,76.4,77.9,77.3,78.3,78,78.6,76.6,76.3,75.1,74.8,81.8,81.5,80.3,79.8,78.6,79.3,78.5,79.5,79.8,81,81.8,82.7,83.5,86.1,86.4,88.7,92.5,99.3,100.6,103.7,107.8,111.7,115.7,117.9,118.5,121.6,124.9,126.8,128.9,130.3,130.6,133.4,134.6,137,138.7,143.3,145.8,150.5,152.3,156.7,160,165.8,168,173.6,179.5,184.5,188.3,194.8,197.8,205.5,207.3,209.3,208.3,211.4,212.4,214.2,216.7,219.3,221.3,222.8,223.8,226.8,225.1,224,221.7,221.7,220.4,219.6,220.1,220.4,219.2,211.5,208.1,206.4,204.2,202,198.4,197.2,194.7,189.8,189.2,184.9,181.2,177.8,174.1,174,171.1,169.1,168.2,166.4,163.2,159.8,158.1,158.4,156.7,154,154.2,153,152.2,149.7,150.9,163,166.2,170.2,171.8,168.6,164.7,160.9,156.2,152.8,149.8,144.4,138.9,135.5,131.5,128.6
Q,Quarterly,IE,Ireland,P,Private non-financial sector,A,All sectors,A,Credit-to-GDP ratios (actual data),,,,Q:IE:P:A:A,,,,,,,,,,,,,,,,,,,,,,,,,,,,,,,,,,,,,,,,,,,,,,,,,,,,,,,,,,,,,,,,,,,,,,,,,,,,,,,,,,,,,,,,,,,,,,,80,80,79,76.4,73.5,75.7,73.4,75.1,72,74.1,75.7,78,79.1,81.2,84.5,83.3,80.1,80.2,79.3,75.9,74.4,73.7,74.2,71.3,69.5,68.5,69.5,67.9,66.5,69.9,75,74.5,76.1,73.7,75.5,74.5,73.9,76.1,79.6,78.6,80.3,81.2,82,81.5,79.9,82.7,77.3,76.3,76.5,76.2,79.1,79.8,79.4,78,77.9,78.6,78,73.9,77.4,76.1,74.3,76.1,76.4,75.8,77.9,79,78.2,77.8,78.5,77.4,75.5,71.8,71.9,71.8,70.9,70.7,71.4,75.5,76.7,79.4,81.4,82.5,82.7,82.1,82.5,82.1,86.8,89.2,87.2,85.5,89.1,86.9,86.1,85,87.1,86.9,87.3,86.5,88.7,87.8,88,88,88,89,94.4,95.6,97.1,101.6,102.8,103.3,106.1,110.4,118,121.6,128.2,133.1,128.2,130.3,128.8,128.3,129.8,128.2,134.7,135.4,137.3,136.3,132.7,126.3,129.5,133.1,141.5,142.6,141.8,147.5,159.2,158.2,160.8,170.6,176.6,190.6,203.1,208.3,214.2,218.6,221,226.2,227.4,240.6,253,266,283.2,288,291.6,298.4,302.8,304.4,301.6,293.9,310.3,311.4,308.6,312.8,315,322.5,327.3,326.6,314.7,307.3,299.1,294,297.3,292.3,293.7,292,300.1,400.6,365,335.6,322.1,322.1,322.2,304,304.7,300.6,287.3,278.6,268.1,259,260.1,257.7,264.7,263.4,258.3,254.5,235.2,244.7,243.6,224.5,215.6,207.6,197.6,193.3,192.2,187.7,184.5,183.5,172.8,161.7,159.2,165.3,166.2
Q,Quarterly,IL,Israel,P,Private non-financial sector,A,All sectors,C,Credit-to-GDP gaps (actual-trend),,,,Q:IL:P:A:C,,,,,,,,,,,,,,,,,,,,,,,,,,,,,,,,,,,,,,,,,,,,,,,,,,,,,,,,,,,,,,,,,,,,,,,,,,,,,,,,,,,,,,,,,,,,,,,,,,,,,,,,,,,,,,,,,,,,,,,,,,,,,,,,,,,,,,,,,,,,,,,,,,,,,,,,,,,,,,,,,,,,,,,,,,,,,,,,,,,,,,,,,,,,,,,,,,,,,,,,,,,,,,,,,,,,,0.5,0.5,0.5,3,4.9,6.2,8,7.3,3.6,-0.1,-4,-3.6,-2.9,-2.4,-3,-4.2,-5.6,-5.9,-3.1,-1.7,-2.8,-3.5,-5.6,-6.6,-4.5,-2.7,0.8,-1.8,-2.4,-5,-4.7,-6.1,-9.8,-8.2,-9.6,-9.4,-9.2,-11,-9.3,-9.4,-9.9,-10.5,-11.4,-11.2,-12.2,-11.8,-12.9,-13.5,-13.5,-14.9,-15.4,-15,-15.4,-16.5,-15.5,-13.6,-15,-14.4,-15.9,-14.6,-13.4,-13.2,-11.2,-10.9,-10.2,-10.4,-9.6,-7.8,-8.7,-7,-6.5,-6.6,-6.9,-6.7,-6.2,-7.1,-6,-6.9,-5.6,-3.4,-1.1,0.7,-0.2,0.6,1.1,1,2.3,0.7,-0.3,-0.8,-0.9,-1.8,-1.7
Q,Quarterly,IL,Israel,P,Private non-financial sector,A,All sectors,B,Credit-to-GDP trend (HP filter),,,,Q:IL:P:A:B,,,,,,,,,,,,,,,,,,,,,,,,,,,,,,,,,,,,,,,,,,,,,,,,,,,,,,,,,,,,,,,,,,,,,,,,,,,,,,,,,,,,,,,,,,,,,,,,,,,,,,,,,,,,,,,,,,,,,,,,,,,,,,,,,,,,,,,,,,,,,,,,,,,,,,,,,,,,,,,,,,,,,,,,,,,,,,,,,,,,,,,,,,,,,,,,,,,,,,,,,,,,,,,,,,,,,106.4,107.2,108.1,109.3,110.6,112,113.7,115.2,116.5,117.4,118,118.6,119.3,120,120.7,121.3,121.7,122.2,122.8,123.5,124.2,124.8,125.2,125.6,126.1,126.7,127.5,128.2,128.9,129.3,129.8,130.2,130.3,130.5,130.6,130.7,130.9,130.8,130.9,131,131,131,130.9,130.7,130.6,130.4,130.1,129.8,129.5,129,128.5,128,127.5,126.9,126.3,125.8,125.2,124.6,123.9,123.2,122.6,122,121.4,120.9,120.4,119.9,119.4,119,118.5,118.2,117.8,117.4,117,116.6,116.2,115.7,115.3,114.9,114.5,114.2,114,114,113.9,113.8,113.8,113.8,113.8,113.8,113.7,113.6,113.4,113.2,113.1
Q,Quarterly,XM,Euro area,P,Private non-financial sector,A,All sectors,A,Credit-to-GDP ratios (actual data),,,,Q:XM:P:A:A,,,,,,,,,,,,,,,,,,,,,,,,,,,,,,,,,,,,,,,,,,,,,,,,,,,,,,,,,,,,,,,,,,,,,,,,,,,,,,,,,,,,,,,,,,,,,,,,,,,,,,,,,,,,,,,,,,,,,,,,,,,,,,,,,,,,,,,,,,,,,,,,,,,,,,,,,,,,,,,,,,,,,,,,,,,,,,,,,,,,,,,,,,,,,,,,,,,,,,,,,,,,,,115.4,117.5,118.5,120.9,120.9,121.8,123.5,126,125.7,126.7,127.4,129.6,130.8,131.5,131.5,132.6,132.5,133.8,134.1,135.2,135.1,136.1,136.4,138.1,138.7,141.1,141.5,142.5,144.9,146.4,145.6,146.3,146.7,148.7,148.8,152.2,153,154.6,155.9,156.7,159.3,161.7,162.9,164.2,164.2,164.6,163.4,164.1,162.5,162.9,162.4,165,165.7,166.9,166.9,165.2,165.3,164.8,164.3,162.8,163.8,164.3,164,164,169.9,168.5,167.8,166.3,166.6,167.2,167,166.2,166.7,165.3,163.9,162.9,161.5,161.3,161.1,159.2,159.3,159.5,159.8,158.5,160.3,168.5,170.7,172.2,173.4,168.8,167.2,165.6,163.3,161.3,161.1,157.5,153.9,151.8,150.1,148.6
Q,Quarterly,AR,Argentina,P,Private non-financial sector,A,All sectors,C,Credit-to-GDP gaps (actual-trend),,,,Q:AR:P:A:C,,,,,,,,,,,,,,,,,,,,,,,,,,,,,,,,,,,,,,,,,,,,,,,,,,,,,,,,,,,,,,,,,,,,,,,,,,,,,,,,,,,,,,,,,,,,,,,,,,,,,,,,,,,,,,,,,,,,,,,,,,,,,,,,,,,,,,,,,,,,,,,,,,,,,,,,,,,,,,,,,,,,,,,,,,,,,,,,,,,,,,,,,,,,,4.6,3.7,4.2,3.7,4.8,4.5,4.7,4.6,5,5.2,5.9,6.2,6.8,6.8,6.8,7.2,7.5,7.1,7.1,6.2,5.8,4.4,3.5,3.1,2.2,1.1,2,0.8,11.2,44.1,49.9,38.9,23.9,12,5.8,3.3,1,-3.2,-4.1,-5.1,-7.1,-9.3,-10.1,-11.4,-11.6,-11.8,-11.9,-12,-12,-12,-12,-11.4,-11.6,-11.7,-12.3,-11.9,-11,-10.1,-9.3,-9.2,-9.2,-9.5,-9.3,-9.1,-8.5,-8.3,-7.7,-6.7,-6.4,-6.2,-5.5,-4.8,-3.6,-3.6,-3.1,-2.5,-1.5,-1.6,-2.8,-3.1,-3.2,-3.1,-2.4,-2.1,-0.1,-0.2,-0.5,-0.2,0.2,0,1.1,2.4,4.7,5.1,8.2,12.2,7.7,7.6,5,8.4,6,4.7,6.1,6,6.6,5.1,2.2,0.4,-0.6,-2,-0.7,-1,-0.9,-0.8,0.2,1.5,12
Q,Quarterly,ZA,South Africa,P,Private non-financial sector,A,All sectors,C,Credit-to-GDP gaps (actual-trend),,,,Q:ZA:P:A:C,,,,,,,,,,,,,,,,,,,,,,,,,,,,,,,,,,,,,,,,,,,,,,,,,,,,,,,,,,,,,,,,,,,,,,,,,,,,,,,,,,,,,,,,,,,,,,,,,,,,,,,,,,,,,,0.8,-0.1,-0.1,-0.8,-1,-1.8,-1.8,-1.2,-2,-1.8,-2.2,-3.3,-3.3,-1.8,-1.7,-2,-2.8,-2.8,-2.1,-2.8,-4,-4.8,-4.5,-3.3,0.5,2,2.7,2.9,3.9,4.2,4.9,5.1,4.8,3.4,4.5,3.7,5,6.1,5.7,6.4,5.6,5.5,8.3,7.1,4.3,3.1,-0.7,-1.1,-3.2,-4.3,-3.9,-3.1,-1.5,-2.1,-0.8,-0.7,-0.3,-0.8,-0.8,-0.5,-1.5,-1.5,-1.8,-0.7,0.4,-0.1,0.1,-0.6,-1.6,-1.9,-1.7,-1.3,-1.8,-2.7,-2.4,-2.5,-2.3,-2.5,-1.3,-0.6,-0.4,-0.3,0.5,1.3,2.3,2.2,2.8,3,2.9,3.1,3.7,4.3,5.9,7,6.6,7.5,7.3,6.6,5.3,4.5,2.4,1.5,2.3,1.8,1.2,0.4,1.7,4.5,1.5,0.3,-0.5,-2.4,1,0.3,0.7,1.4,-0.8,-2,-0.8,0.9,1.4,2.9,3.9,5,7.2,7.9,10.8,11.5,11.3,11.8,12.6,11.9,13.4,11.7,10.3,8.8,7.9,4.9,3.6,3.4,2.2,1.1,0.8,-1.2,-2.2,-3.1,-4.2,-4.4,-3.5,-3.9,-3,-2.5,-2.1,-2,-2.3,-2.5,-1.9,-2.3,-2.2,-3.3,-2.5,-2.9,-2.8,-1.3,-0.8,-2.8,-3.1,-3.6,-3.2,-4.5,-4.1,-4.8,-4.4,-4.9,-4.7,-5.4,-3.4,-4.5,-3.6,-4.8,-2.7,-2,-3.4,-4,-4.1,-8.8,-8.9,-10.1,-9.4,-8.7,-7.5,-6.9,-6.2,-7.3,-6.4,-7.4
Q,Quarterly,CO,Colombia,P,Private non-financial sector,A,All sectors,A,Credit-to-GDP ratios (actual data),,,,Q:CO:P:A:A,,,,,,,,,,,,,,,,,,,,,,,,,,,,,,,,,,,,,,,,,,,,,,,,,,,,,,,,,,,,,,,,,,,,,,,,,,,,,,,,,,,,,,,,,,,,,,,,,,,,,,,,,,,,,,,,,,,,,,,,,,,,,,,,,,,,,,,,,,,,,,,,,,,,,,,,,,,,,,,,,,,,,,,,,,,,,,,,,,,,,,,,,,,,,,,,,,,,,47.6,49.2,50.6,52.7,54.2,53.9,54.2,55.5,54.4,54.7,55.5,55.1,53.9,50.9,49.4,48.1,46.9,46.3,46.3,46.1,46,45.7,47.5,47.9,48.2,46.6,45.7,44.8,44,42.9,42.3,41.4,40.5,39.8,39.7,39.2,39.6,39.4,40.8,41.1,41.7,41.7,42.4,43.1,43.4,42.8,43,43.2,43.6,43.8,44.7,44.6,45.2,44.9,45.7,47.1,48.9,49,49.5,50,50.3,49.3,49.4,49.6,50.7,51.3,53,53.8,54.6,55.4,57.5,58.5,60.5,62,64.3,66.4,68,66.9,66.1,65.4,64.1,63.4,63.5,62.7,62.3,61.9,61.8,61.2,62,61.2,61.2,61.4,60.6,63.3,67.5,68.9,69.9,69.7,67.2,65.4,64.2,63.1,62.2,61.1,60.8,59.2,58.9,58.7,58
Q,Quarterly,CZ,Czechia,P,Private non-financial sector,A,All sectors,B,Credit-to-GDP trend (HP filter),,,,Q:CZ:P:A:B,,,,,,,,,,,,,,,,,,,,,,,,,,,,,,,,,,,,,,,,,,,,,,,,,,,,,,,,,,,,,,,,,,,,,,,,,,,,,,,,,,,,,,,,,,,,,,,,,,,,,,,,,,,,,,,,,,,,,,,,,,,,,,,,,,,,,,,,,,,,,,,,,,,,,,,,,,,,,,,,,,,,,,,,,,,,,,,,,,,,,,,,,,,,,,,,,,,,,,,,,,,,,,,,,,,,,,,,,,,,,,65.8,64.9,63.9,62.9,62.1,61.4,60.6,59.8,59.2,58.6,58.1,57.6,57.3,57.1,56.9,56.8,56.8,56.9,57.1,57.4,57.8,58.2,58.8,59.6,60.3,61,61.8,62.7,63.6,64.5,65.4,66.3,67.1,68,68.9,69.8,70.7,71.6,72.6,73.7,74.7,75.9,77,78,79,79.9,80.7,81.5,82.2,82.8,83.3,83.7,84.1,84.5,84.9,85.3,85.8,86.2,86.6,86.9,87.3,87.7,88.2,88.7,89,89.3,89.5,89.6,89.7,89.9,90.2,90.4,90.6,90.8,90.8,90.9,90.9,90.9,90.8,90.6,90.4,90,89.7,89.3
Q,Quarterly,AU,Australia,P,Private non-financial sector,A,All sectors,A,Credit-to-GDP ratios (actual data),,,,Q:AU:P:A:A,,,,,,,,,,,,,,,,,,,,,,,,,,,,,,,,,,,,,,,,,,,,,,,,,,,53.4,53.5,53.8,53.5,54.2,54.9,55.5,55.9,55.6,55.1,54.4,54.5,54.9,54.8,54.8,55.2,55,55.3,55.4,56.1,57,58.1,59.4,60.3,61.1,61.2,61.1,61,61.2,61.8,62.4,63.6,64.4,65,65,64.6,64.2,63.6,63.4,63,62.5,62.4,62.4,62.3,62.4,62,61.8,62.2,62.3,62.8,62.7,64.7,66.3,67.1,67.2,68.5,70,71.2,72.4,72.4,71.9,71.8,71.7,71.6,71.4,71.1,71,70.3,69.8,69.6,69.8,70.4,72.3,72.3,72.9,72.2,74.1,74.5,74.5,75.2,77.1,76.9,77.2,77.6,79.5,79.7,80,81.1,82.3,83.3,83.8,85.9,87.7,86.9,87.4,86.6,86.4,86.9,88.2,89.4,91.9,93,94.9,95.6,100.3,104.5,106.3,106.5,109.2,110,112.3,114.7,118.1,118.8,117.9,119.4,122.5,120.5,119.5,121.3,121.2,120.6,121,122.6,121.7,119.6,120.2,119.6,119.4,120.4,117.7,115.9,113.4,113.5,112.2,111.8,112.5,112.9,112.9,113.2,113.6,113.5,114.2,114.6,115.5,114.3,115.9,115.8,117.3,118.2,121.3,121.7,124.5,125.2,126.5,127.7,127.3,129,131.8,132.8,135,135.7,138.9,141.1,139.8,140.6,139.3,139,142.2,144.8,145.1,145.6,148.1,149.3,152.6,153,155.1,156.2,158.7,159.9,164,166,169.1,169.9,173.8,176.5,178.6,179.2,181.8,185.5,187.4,188.5,188.6,187.9,188,185.7,184.3,185.4,186.3,185.9,184.3,181.5,177.9,176.5,174.6,174.6,173.4,173.4,174.4,174.7,175.5,175.8,179.2,179,181.4,180.3,182.2,184.3,186.7,190.9,193.5,196,197.1,198.6,199.9,199.9,198.7,195.3,195.1,193.5,193.9,194.7,194,194.1,193.6,192.9,191.9,190.6,189.3,192.4,192.6,193,191.3,190.3,185.5,183,180.7,177.9,176.6,173.8,170.4,168.8,169.2,169.5,169.8
Q,Quarterly,CZ,Czechia,P,Private non-financial sector,A,All sectors,C,Credit-to-GDP gaps (actual-trend),,,,Q:CZ:P:A:C,,,,,,,,,,,,,,,,,,,,,,,,,,,,,,,,,,,,,,,,,,,,,,,,,,,,,,,,,,,,,,,,,,,,,,,,,,,,,,,,,,,,,,,,,,,,,,,,,,,,,,,,,,,,,,,,,,,,,,,,,,,,,,,,,,,,,,,,,,,,,,,,,,,,,,,,,,,,,,,,,,,,,,,,,,,,,,,,,,,,,,,,,,,,,,,,,,,,,,,,,,,,,,,,,,,,,,,,,,,,,,-0.9,-2.4,-3,-2.7,-0.2,-0.4,-0.1,-0.8,0.4,1.8,2.4,2.8,4.9,6.1,6.1,7.8,8.2,8.9,10.6,11.9,12.5,13.6,15.3,17.1,15.9,16.6,17.1,18,17.6,17.7,16.7,16,15.4,15.7,15.6,15.7,14.8,15.5,15.8,16.8,16.6,17.1,16.1,15.1,13,11.9,10.4,9.4,7.4,5.3,4,3,1.7,1.9,2.5,2.6,2.7,2.1,1.6,1.4,1.2,2.2,2.6,2.9,1,-0.5,-1.7,-3.5,-3.5,-1.8,-1,-1,-0.7,-2.9,-3.9,-4.2,-4.1,-5.3,-4.7,-7.6,-8.1,-10.5,-9.9,-9.3
Q,Quarterly,SG,Singapore,P,Private non-financial sector,A,All sectors,C,Credit-to-GDP gaps (actual-trend),,,,Q:SG:P:A:C,,,,,,,,,,,,,,,,,,,,,,,,,,,,,,,,,,,,,,,,,,,,,,,,,,,,,,,,,,,,,,,,,,,,,,,,,,,,,,,,,,,,,,,,,,,,,,,,,,,,,,,,,,,,,,,,,,,,,,,,,,,,,,,,,,,,,7.7,7.6,9.5,12.4,12,9.7,7,9.6,13.3,11.6,12.7,10.4,14.7,12,9.6,7.2,7.1,3.9,2.9,0.8,-2.8,-1.2,-3.4,-5.2,-11,-15.3,-14.8,-15.1,-19.7,-23.3,-19.9,-24.6,-23.7,-23.5,-21.1,-15.2,-12.4,-16.4,-14.5,-16.6,-16,-11.6,-15.5,-14.8,-14.2,-15.8,-11.7,-11.9,-12.3,-12.4,-11.1,-12,-11.5,-12.1,-11.4,-9.5,-11.4,-5.6,1.2,2.1,6.3,6.3,11.8,12.1,12.9,14.5,13.2,17.1,15.6,10.1,9.1,6.9,9,8,7.3,4,2.9,-2.1,-1.1,-3,-4,-2.2,0.1,4.2,12.2,10.2,9.1,8,4.5,1.2,8.5,6.8,6.5,-0.8,-5.7,-10.8,-12.8,-15.3,-16,-17.3,-15.5,-16.8,-17.3,-19.4,-22.1,-21.1,-18.4,-20.8,-14.6,-7,-4.2,-0.7,2.4,-0.1,1.2,1.8,1.8,-4.2,-10.2,-7.8,-6,1.2,5.3,4.8,6,6.5,7.1,13.2,17.3,21.8,23.4,24.6,26.5,26.2,28.8,31.5,28,22.7,23.7,21,23.2,20.4,20.4,18.7,14.5,9.7,11.5,7.3,8.5,4.1,4.4,1.3,0.6,0.1,2.2,1.5,7.2,7.9,13.4,16.3,21.9,12.6,8.4,-3.6,-12,-24.2,-37.5,-41.5,-41.3,-43.3,-31.4,-31.2,-28.8
Q,Quarterly,SG,Singapore,P,Private non-financial sector,A,All sectors,B,Credit-to-GDP trend (HP filter),,,,Q:SG:P:A:B,,,,,,,,,,,,,,,,,,,,,,,,,,,,,,,,,,,,,,,,,,,,,,,,,,,,,,,,,,,,,,,,,,,,,,,,,,,,,,,,,,,,,,,,,,,,,,,,,,,,,,,,,,,,,,,,,,,,,,,,,,,,,,,,,,,,,109.6,111,112.5,114.4,116.3,118,119.4,121.1,123.1,125,127,128.8,131,133,134.9,136.5,138.1,139.5,140.9,142.1,143,144,144.9,145.6,145.9,146,146,146,145.6,145,144.6,143.8,143.1,142.4,141.7,141.5,141.4,141,140.7,140.2,139.8,139.6,139.2,138.8,138.4,137.9,137.6,137.3,136.9,136.5,136.2,135.8,135.4,135,134.6,134.3,133.8,133.7,134,134.3,134.9,135.4,136.4,137.3,138.3,139.5,140.5,141.9,143.1,144.1,145,145.8,146.8,147.7,148.6,149.3,149.9,150.3,150.7,151,151.2,151.5,152,152.7,153.9,155,156,157,157.8,158.4,159.4,160.3,161.3,161.8,162,162,161.8,161.4,161,160.5,160,159.5,158.9,158.1,157.1,156.2,155.4,154.4,153.8,153.6,153.5,153.6,153.9,154,154.3,154.5,154.8,154.7,154.3,154,153.8,154,154.4,154.8,155.3,155.8,156.4,157.3,158.5,160,161.6,163.3,165.2,167.1,169.2,171.5,173.6,175.5,177.4,179.3,181.3,183.2,185.1,187,188.6,190,191.5,192.8,194.2,195.3,196.5,197.5,198.4,199.3,200.3,201.3,202.7,204.1,205.8,207.7,209.9,211.7,213.2,214.1,214.4,214.1,212.9,211.4,209.9,208.2,207.1,206,204.9
Q,Quarterly,MY,Malaysia,P,Private non-financial sector,A,All sectors,A,Credit-to-GDP ratios (actual data),,,,Q:MY:P:A:A,,,,,,,,,,,,,,,,,,,,,,,,,,,,,,,,,,,,,,,,,,,,,,,,,,,,,,,,,,,,,,,,,,,13.3,13.5,13.3,16.8,16,15.4,14.9,15.9,15.5,15.5,15.7,16.6,16.6,16.7,16.8,18.8,19.3,19.4,19.6,20.2,19.5,19.4,22.1,23.6,24,24.7,25.2,26.4,26.4,27.4,27.1,27.9,27.6,29.1,29.1,30.7,31.2,32.5,35.5,35.8,36.4,36.4,35.2,36.2,36,36.9,39.3,41.4,42.4,43.6,43,43.6,43.3,44,43.9,45.1,45.4,46.7,48.9,50.7,52.9,52.4,53.5,57.8,61.2,60.9,63.3,65.4,67.4,68.9,71.8,72.6,74.2,74,77.8,81.5,81.7,84.3,87.8,88.7,91,93.4,93.6,95.6,97.5,102.3,108.7,112.5,114.5,119.7,120.6,119.4,118.3,116.5,115.4,115.1,115.5,112.6,113,115.3,115.2,117.4,120.4,119.6,122,125.6,131.3,132.7,134,137.5,136.8,138.9,136.6,137.7,136.7,134.2,133,130.5,135.7,134.7,133.1,139,140,142.7,145.7,152,160.8,163.9,168.7,174.6,184,192.9,201.2,208.8,209.7,206,204.1,203.1,207.9,203.5,199.3,198.3,189.4,180.3,176.5,171.6,168.9,167.4,169.5,174.3,177.6,179.1,178.9,176.3,174.5,170.5,170.3,169.3,165.7,167.3,166.7,163.1,159.2,155.1,151.7,152.2,152,147.6,146.5,144.6,144.7,143,141.9,144.7,138.6,133.1,131.2,133.8,135.4,139.7,144.9,152.5,154.9,151.4,149.8,148.3,150.5,149,149.8,151.1,152.9,148.9,154,154.6,155.7,157.5,159.6,159.8,161.5,160.8,158.9,157.5,159.6,161.6,163.3,164.8,165.8,162.8,162.2,164,166.4,164.8,163.9,162.1,161.9,162.8,164.9,164.1,164,163.5,165.1,163.9,164.2,165.1,175.5,178.7,181.8,182.9,176,176.9,174.7,170.6,164.7,156.5,154.3,153.5,156,157.6,159.2
Q,Quarterly,NL,Netherlands,P,Private non-financial sector,A,All sectors,C,Credit-to-GDP gaps (actual-trend),,,,Q:NL:P:A:C,,,,,,,,,,,,,,,,,,,,,,,,,,,,,,,,,,,,,,,,,,,,,,,,,,,,,,,,,,,,,,,,,,,,,,,,,,,,,,,,,,,,,,,,,,,,,,-1.2,-1.8,-1.7,-1.1,-1.7,-0.5,-0.5,-0.4,0.5,1.5,3.9,4.6,4.3,5,5.4,5.2,4.1,3.4,2.9,2.9,2.2,3.8,4,3.9,4.1,5.4,6.1,8.9,10.1,12,12.9,15.2,15.9,16.3,15.7,17.3,15.3,14.5,13.5,13.8,12,11.4,9.4,8.2,6.8,4.2,3.5,2,2.5,0.5,-0.9,-1,-1.5,-3.1,-4.7,-4.4,-5.1,-6.2,-7.5,-7.9,-7.4,-7,-7.7,-4.4,-2.9,-0.1,-3.2,-1.8,-0.9,1.5,0.7,4.4,5.6,6.4,3.6,2.5,3.5,4.8,4.7,4.4,5.1,2.4,0.9,1.8,2,1.9,2.8,2.9,3.7,1.5,-0.5,0.6,2.4,2.2,0.9,0.7,-0.7,-0.3,-3.4,-5,-3.1,-2.4,-2.4,-1.7,3.3,5.6,6.3,-2.3,1.6,1.2,3.1,2.9,6.1,6.3,7.6,7.9,6.4,6,6.2,6.7,1.5,0.3,-1.7,-1.1,-2.7,-5.3,-3.9,-5.1,-5.5,-4.4,-2.9,5.2,3.1,1,-0.1,0.3,-0.8,2.7,2.3,-0.8,-3.1,-5.6,-5.5,-8.7,-7.9,-9.6,-9.8,-11.9,-9.9,-8.7,-10.4,-11.3,-8,-4.5,-2,1.4,5.7,8.8,8.2,8.3,7.9,10.5,10.2,12.8,12.8,14.1,12.9,10,8.3,7.3,5.8,3.2,1.1,1,0,4.3,7.6,3.8,-0.2,-3.8,-6.3,-7.9,-2.8,-7.9,-8.6,-12.8,-14.6,-20.4,-20.9,-24.7,-26.9,-29.2,-31.8,-34,-35.3,-38.9,-35.5,-29.4,-27.3,-31.5,-28.3,-32.8,-36,-38.9,-41.2,-41.2,-37.7,-45.7,-52.5,-53.5,-51.9,-53
Q,Quarterly,NL,Netherlands,P,Private non-financial sector,A,All sectors,B,Credit-to-GDP trend (HP filter),,,,Q:NL:P:A:B,,,,,,,,,,,,,,,,,,,,,,,,,,,,,,,,,,,,,,,,,,,,,,,,,,,,,,,,,,,,,,,,,,,,,,,,,,,,,,,,,,,,,,,,,,,,,,66.4,66.8,67.3,67.8,68.3,68.9,69.4,70,70.7,71.4,72.4,73.4,74.4,75.4,76.5,77.6,78.6,79.6,80.5,81.5,82.3,83.3,84.4,85.4,86.4,87.6,88.7,90.1,91.6,93.2,94.9,96.8,98.7,100.7,102.7,104.8,106.8,108.7,110.6,112.6,114.4,116.3,118,119.7,121.3,122.7,124.1,125.4,126.8,128,129.2,130.3,131.5,132.5,133.4,134.3,135.2,136,136.8,137.5,138.2,138.9,139.6,140.4,141.3,142.4,143.3,144.3,145.4,146.5,147.7,149,150.4,151.9,153.2,154.5,155.8,157.2,158.6,160,161.5,162.8,164,165.3,166.6,167.9,169.2,170.5,171.9,173.2,174.4,175.6,176.9,178.3,179.5,180.8,181.9,183.1,184.1,185,186,187.1,188.1,189.2,190.6,192.1,193.6,194.7,196,197.3,198.6,200,201.6,203.1,204.8,206.5,208.1,209.8,211.4,213.1,214.4,215.8,217,218.2,219.3,220.3,221.4,222.3,223.3,224.3,225.4,226.9,228.4,229.7,230.9,232.2,233.4,234.8,236.2,237.5,238.6,239.5,240.4,241.2,241.9,242.6,243.2,243.7,244.3,245,245.5,246,246.6,247.4,248.4,249.6,251,252.6,254.1,255.7,257.3,259.1,260.8,262.7,264.7,266.7,268.7,270.5,272.3,274,275.6,277.1,278.5,279.9,281.2,282.8,284.5,286.1,287.4,288.6,289.5,290.4,291.6,292.4,293.2,293.8,294.2,294.2,294.2,294,293.6,293,292.2,291.2,290.1,288.7,287.5,286.5,285.7,284.5,283.5,282.2,280.6,278.8,276.8,274.7,272.8,270.4,267.5,264.4,261.4,258.2
Q,Quarterly,SE,Sweden,P,Private non-financial sector,A,All sectors,A,Credit-to-GDP ratios (actual data),,,,Q:SE:P:A:A,,,,,,,,,,,,,,,,,,,,,,,,,,,,,,,,,,,,,,,,,,,,,,,,,,,,,,106.4,105.3,104.9,103.6,103.8,104.2,104.9,105.9,108.5,110.1,110.6,110.1,112.1,111.7,111.5,110.4,110.8,112,110.9,110.7,112.2,112.9,112.4,112,112.1,113,113.6,114.7,117,118.5,119.8,121.1,122.8,124.9,123.1,118.9,118.7,116.8,113.5,111.9,110.6,111.4,110.5,111.1,112.2,113.5,113.5,112.3,112.7,112.9,112.8,112.7,113.8,115.3,113.5,111.3,109.7,108.8,105.9,105.2,104.6,106.8,106.7,103.3,103.4,105.6,105.5,105.6,105.7,106.2,105.1,105.4,105.5,106.5,105.9,105,104.6,104.5,102.9,100.6,100.8,101.3,101.9,102.5,103.4,104.3,105,105.4,105.3,105.1,104.8,104.3,104.4,104.4,104.6,104.9,105.2,105.7,106.3,106.7,109.2,111.5,113.8,115.9,118.4,120.8,123.2,125.3,128.7,131.7,134.6,137,140.3,143.3,146.2,148.7,150.5,152.3,154.1,155.9,152.8,150.2,148.1,146.8,147.7,149.3,151.3,153.4,154.6,155.2,154.7,153.8,151.3,148.7,146.6,144,140.6,137.2,134.1,131.5,130.5,128.4,128.2,130.2,139.9,139.6,139.1,136.4,139,138.7,141.3,141.2,143.9,143.5,143.3,146.8,145.5,145.9,149.2,153.6,152.6,154.7,156.2,161.1,159.7,159.6,159.1,161,158.7,160.2,159.1,157.8,156.9,157.5,156.6,158.9,159.2,163.9,164.9,167.4,167.4,169.4,169.3,171.5,175.5,180.7,184.2,189.9,195.4,202.1,207,217.2,220.3,224.4,229,232.2,229.7,228.2,225.5,220.1,221,221.5,222.7,223.5,230.1,228.7,233.1,227.1,231.6,234.3,232.2,231.6,236.7,235,232.2,233.1,236.2,234.1,233.4,237.2,232.4,233.4,235.9,236.9,241.7,241.3,240,242.1,243.1,242.4,243.4,241.2,247.3,249,249.7,250,257.1,262,264.3,264.5,269.9,265.9,265.3,270.3,269.6,266.7,267.5,268.7,243.5,243.9,237.3,237.7
Q,Quarterly,ID,Indonesia,P,Private non-financial sector,A,All sectors,A,Credit-to-GDP ratios (actual data),,,,Q:ID:P:A:A,,,,,,,,,,,,,,,,,,,,,,,,,,,,,,,,,,,,,,,,,,,,,,,,,,,,,,,,,,,,,,,,,,,,,,,,,,,,,,,,,,,,,,,,,,,,,,,,,,,,,,,,,,,,,,,,,,26.2,26.4,26.3,26.1,25.7,25.2,24.6,23.8,23.7,24.1,24.2,26.9,26.1,24.9,24.1,21.9,20,19.5,19.3,19.3,19.2,19.9,21.2,22.3,23.2,27.6,26.8,26.9,26.5,25.2,25.1,24.9,25.1,25.4,26.2,26.5,26.7,27.2,28.4,29.4,29.8,31.4,37.4,37.2,38,37.8,36.7,37,38.4,39.1,40.2,41.8,41.7,43.2,45.2,46.7,48.5,53.8,56.8,59.3,58.5,58.4,56.6,58.8,58.3,58.8,59.6,58.4,55.7,56.4,56.1,55.2,56.7,57.3,58.2,59.5,59.3,59.6,61,62.1,62.4,65,66.1,67.1,67.6,69.9,78.3,83.5,105,137.8,98.2,74.6,59.4,38.5,42.4,34.5,32.7,33.7,32.1,31.8,32.1,32.3,28.5,28,26.1,25,25.7,26.2,25.8,24.9,25.4,26.3,25.5,28.3,28.2,28.9,29.3,30.1,30.8,29.1,26.7,26.9,26.6,27.1,26.3,25.3,26,28,27.8,28.7,29.1,29.2,28.1,27.2,26.9,27.4,25.8,27.4,27.4,28.7,28.2,29.5,31,32.1,33,34.6,35.3,36.8,36.7,38.4,40.3,41.2,40,41.1,41.5,42.1,41.6,42.5,42.9,43.2,42.2,42.6,42.3,43.1,41.9,42.1,41.5,42,41.4,42.4,42.9,43.1,42.7,42.8,42.9,42.9,44.7,43.7,44.9,44.2,44.5,43.6,42.4,41.8,41.2,41.7,40.6,40.1,38.7,38.9,39.5,40.1
Q,Quarterly,KR,Korea,P,Private non-financial sector,A,All sectors,A,Credit-to-GDP ratios (actual data),,,,Q:KR:P:A:A,,,,,,,,,,,,,,,,,,,,,,,,,,,,,,,,,,,,,,,,,,,,,,,,,,,,,,,,,,,,,26.5,27,27.2,26.4,23.9,23,22.3,21.3,19.6,19.6,20.5,21,23.6,24.1,25.1,25.8,26.2,27.3,30.4,34.4,36.2,35.6,36.4,40.8,44.5,48.5,53.1,55.3,54,51.4,52.1,53.8,55.1,56,56.2,58.3,58.6,59.1,59.7,60.4,58,58.1,59,59.2,59.3,58.9,59.4,61.6,61.4,57.5,56.2,55.8,54.5,53.8,51.8,52.3,51.5,51.1,51.6,53.1,52.2,54.1,55.9,55.9,56.4,56.9,57.5,60.5,62.6,69.5,71.8,75,77.6,78.2,80,80.9,83.4,84.6,84.3,87.3,93.6,94.8,96.2,94.8,95.7,96.2,97.5,98.1,99.7,102.3,105.6,108.2,106.6,105.2,106.7,105.2,104.6,103.1,102.5,102,100.2,96.7,98.4,96.9,95.4,98.4,104,107.1,108.2,108.4,110.1,110.4,115.9,119.7,119.9,122,122,122.6,122.9,124.5,126.2,127.5,129.2,132.5,130.9,131.7,133.2,136.2,135.1,135.7,136.5,136.7,136.5,137.9,140.5,144.9,145.6,150.8,151.6,153.3,160.3,158.9,158.6,162.6,159.3,164.9,156.9,153.2,144.7,144.4,141.2,141,138.3,139.3,138.9,140.8,139.6,142.3,144.6,146.1,146.2,146.1,145.2,144.3,143.1,141.2,138.7,137.4,134.6,134.1,135.8,136.1,136.9,137.9,141.6,144.4,147.9,149.9,151.6,152.6,154,157.5,161.3,164.6,168.3,170.7,173.2,174.2,173.5,171.6,171,170.3,168.7,169,170.2,172.9,172.8,173.3,174.6,176.2,175.3,177.3,177.5,177.2,176.2,176.5,176.7,178.8,179.6,179.6,179.6,180.7,180.9,180.7,181.1,181.3,181.7,181.1,182.5,182.2,181.9,182.9,184.2,186.1,187.4,188.7,191.4,194,196.2,200,205.7,210.1,212.8,215,216.6,218.6,219.6,220.7,222.7,225.2,225.6,224.5,225.6,225.5,222.7
Q,Quarterly,ES,Spain,P,Private non-financial sector,A,All sectors,C,Credit-to-GDP gaps (actual-trend),,,,Q:ES:P:A:C,,,,,,,,,,,,,,,,,,,,,,,,,,,,,,,,,,,,,,,,,,,,,,,,,,,,,,,,,,,,,,,,,,,,,,,,,,,,,,,,,,,,,,,,,,,,,,,,,,,,,,,,,,,,,,,,,,,,,,,,,,,,,,,,,,-6.5,-5.8,-5.2,-3.6,-3.2,-2,-1.2,1.1,0.3,0.6,0.5,1.4,0.7,0.4,-0.8,0.1,-2.5,-2.3,-4.6,-2.6,-5.3,-4.8,-6.2,-5.3,-8.2,-8,-9.3,-7.9,-9.3,-8.4,-9.1,-7,-8,-6.9,-5.9,-2.4,-2.7,0.1,-0.4,1,0.8,1.9,2,1.5,2.1,2.9,2.6,3.1,1,1.6,1.9,3.3,2.6,3.4,2.9,3.4,1.4,1,-0.2,-0.4,6.2,5.6,4.1,3.5,2.1,2.6,1.7,2.5,2.7,3.7,4.2,4.8,5.2,7.3,7.1,8.9,11.9,17.5,17.6,19.5,22.1,24.3,26.6,26.8,25.6,26.7,27.9,27.8,27.7,27,25.2,25.8,24.9,25,24.5,26.8,26.8,29,28.1,29.8,30.3,33.1,32.2,34.6,37,38.5,38.7,41.3,40.5,44,41.7,39.7,34.9,34.1,31.4,29.5,28.4,27.3,25.7,23.7,21.3,20.8,16,12,7,4.4,0.7,-2.3,-3.9,-5.6,-8.6,-17.5,-21.9,-24.4,-27.2,-29.8,-33.6,-34.7,-37.1,-41.5,-41.6,-45,-47.7,-49.8,-52,-50.7,-51.9,-52.2,-51.4,-51.3,-52.5,-53.8,-53.3,-50.8,-50.4,-50.7,-48.3,-47.2,-45.7,-45.9,-42.5,-28.9,-24.3,-19.3,-16.8,-18.9,-21.5,-23.9,-27,-28.6,-29.7,-32.9,-36.1,-37,-38.4,-38.6
Q,Quarterly,ES,Spain,P,Private non-financial sector,A,All sectors,B,Credit-to-GDP trend (HP filter),,,,Q:ES:P:A:B,,,,,,,,,,,,,,,,,,,,,,,,,,,,,,,,,,,,,,,,,,,,,,,,,,,,,,,,,,,,,,,,,,,,,,,,,,,,,,,,,,,,,,,,,,,,,,,,,,,,,,,,,,,,,,,,,,,,,,,,,,,,,,,,,,81.1,80.7,80.4,80.3,80.1,80.1,80.1,80.4,80.6,80.8,81,81.2,81.5,81.7,81.8,81.9,81.9,81.9,81.7,81.6,81.4,81.1,80.8,80.5,80,79.6,79,78.5,77.9,77.3,76.7,76.2,75.6,75.1,74.7,74.5,74.2,74.1,74,74,73.9,74,74,74,74.1,74.2,74.3,74.4,74.4,74.4,74.5,74.6,74.8,74.9,75.1,75.2,75.3,75.3,75.3,75.2,75.6,75.9,76.1,76.3,76.5,76.6,76.8,76.9,77.1,77.3,77.6,77.9,78.3,78.8,79.3,79.9,80.6,81.8,82.9,84.2,85.7,87.4,89.2,91.1,92.9,94.9,96.9,99,101.2,103.3,105.4,107.6,109.7,111.9,114.2,116.5,119,121.6,124.2,126.9,129.7,132.8,135.8,139,142.4,146,149.6,153.5,157.4,161.5,165.6,169.6,173.4,177.3,181,184.7,188.3,192,195.6,199.1,202.5,205.9,209.1,212.1,214.8,217.3,219.7,221.9,224,225.9,227.7,229,230,230.8,231.4,231.8,232,232,231.8,231.3,230.8,229.9,228.9,227.6,226.2,224.7,223.1,221.3,219.6,217.7,215.8,213.6,211.4,209.2,207,204.7,202.4,200.2,197.9,195.6,193.3,191.8,190.5,189.5,188.6,187.5,186.3,184.8,183.2,181.4,179.5,177.4,175,172.5,169.9,167.2
Q,Quarterly,IE,Ireland,P,Private non-financial sector,A,All sectors,C,Credit-to-GDP gaps (actual-trend),,,,Q:IE:P:A:C,,,,,,,,,,,,,,,,,,,,,,,,,,,,,,,,,,,,,,,,,,,,,,,,,,,,,,,,,,,,,,,,,,,,,,,,,,,,,,,,,,,,,,,,,,,,,,,,,,,,,,,,,,,,,,,,,,,,,,,,,,,,,,,,,,,,,,,6.3,6.7,6.8,5.8,3.8,6,0.6,-0.4,-0.2,-0.5,2.2,2.6,2,0.5,0.4,0.9,0.3,-3.7,-0.2,-1.4,-3,-1.1,-0.8,-1.3,0.7,1.7,0.8,0.3,0.9,-0.2,-2,-5.4,-5,-4.8,-5.3,-5.2,-4.2,-0.1,1.1,3.6,5.3,6,5.9,4.9,5,4.4,8.5,10.2,7.7,5.6,8.5,5.9,4.7,3.3,5,4.4,4.4,3.3,5,3.7,3.5,3.2,2.8,3.5,8.2,8.7,9.5,12.9,13.1,12.6,14.3,17.2,23.2,25,29.4,31.9,25.1,25.2,21.8,19.6,19.2,16.1,20.6,19.4,19.4,16.6,11.5,4,5.9,8.2,14.8,14.2,11.8,15.5,24.9,21.6,21.9,28.9,31.9,42.2,50.5,51.4,52.8,52.6,50.5,51,47.7,55.8,62.6,69.5,80,77.9,74.8,74.8,72.3,67.2,58.2,44.9,55,50.1,41.6,40.2,37,38.8,37.9,31.8,15.4,4.2,-7.3,-15.1,-14.5,-21.9,-22.6,-26.3,-20.5,72.4,31.4,-1.4,-17.6,-19.9,-22.1,-41.4,-41.7,-46.4,-59.6,-67.6,-76.7,-83.9,-80.9,-81.3,-72.7,-72.2,-75.2,-76.8,-92.8,-80.5,-78.9,-94.2,-98.8,-102.3,-107.2,-106.4,-102.4,-101.7,-99.6,-95.4,-100.5,-105.4,-101.9,-90.3,-84
Q,Quarterly,IE,Ireland,P,Private non-financial sector,A,All sectors,B,Credit-to-GDP trend (HP filter),,,,Q:IE:P:A:B,,,,,,,,,,,,,,,,,,,,,,,,,,,,,,,,,,,,,,,,,,,,,,,,,,,,,,,,,,,,,,,,,,,,,,,,,,,,,,,,,,,,,,,,,,,,,,,,,,,,,,,,,,,,,,,,,,,,,,,,,,,,,,,,,,,,,,,74,74.6,75.2,75.7,76.1,76.7,76.8,76.7,76.8,76.7,76.9,77.2,77.4,77.5,77.6,77.7,77.8,77.5,77.5,77.5,77.3,77.2,77.2,77.1,77.2,77.4,77.4,77.5,77.6,77.6,77.5,77.2,76.9,76.6,76.2,75.9,75.6,75.6,75.6,75.8,76.1,76.5,76.8,77.2,77.5,77.8,78.3,79,79.5,79.9,80.5,81,81.4,81.7,82.1,82.5,82.9,83.2,83.7,84.1,84.4,84.8,85.1,85.5,86.2,86.9,87.7,88.7,89.7,90.7,91.8,93.1,94.8,96.7,98.8,101.1,103.1,105.1,107,108.8,110.5,112.2,114.1,116,117.9,119.7,121.2,122.3,123.5,124.9,126.7,128.4,130,131.9,134.4,136.6,139,141.7,144.7,148.4,152.6,156.9,161.4,166,170.5,175.2,179.7,184.8,190.4,196.4,203.2,210,216.8,223.6,230.5,237.2,243.4,249,255.2,261.3,266.9,272.6,278.1,283.7,289.4,294.8,299.3,303.1,306.3,309.1,311.8,314.1,316.4,318.3,320.6,328.2,333.6,337.1,339.6,342,344.3,345.4,346.4,347.1,346.9,346.2,344.8,342.9,341,339,337.3,335.6,333.5,331.3,328,325.2,322.5,318.7,314.4,309.9,304.8,299.7,294.6,289.4,284.1,278.9,273.3,267.2,261.1,255.6,250.3
Q,Quarterly,PL,Poland,P,Private non-financial sector,A,All sectors,C,Credit-to-GDP gaps (actual-trend),,,,Q:PL:P:A:C,,,,,,,,,,,,,,,,,,,,,,,,,,,,,,,,,,,,,,,,,,,,,,,,,,,,,,,,,,,,,,,,,,,,,,,,,,,,,,,,,,,,,,,,,,,,,,,,,,,,,,,,,,,,,,,,,,,,,,,,,,,,,,,,,,,,,,,,,,,,,,,,,,,,,,,,,,,,,,,,,,,,,,,,,,,,,,,,,,,,,,,,,,,,,,,,,,,,,,,,,,,,,,,,,,,,,,,,,,3.8,5.4,6.5,6,5.7,3.9,3.1,1.3,0.9,-0.6,-2.1,-5.6,-6.4,-6,-6,-5.3,-4.7,-3,-1,0,0.6,1.8,3.7,4.2,5.2,5.7,7.6,12.8,15.2,12.4,10.1,7.2,6.4,8,6.4,6,4.3,4.3,6.5,5.9,4.1,3.6,2.3,2.2,2.1,3,2.6,1,0.6,0.9,0.7,0.5,0.5,0.5,0.1,-1.3,-1.9,-1.6,-2.7,-1.1,-3.2,-4.7,-6.1,-7.7,-7.4,-7.6,-8.5,-9.4,-10.2,-11.2,-10.9,-12.2,-10.2,-10,-10.7,-10.4,-11,-13.2,-13.2,-14.3,-15.8,-17.3,-17.4,-20.6,-21.8,-23,-22.3,-23
Q,Quarterly,CA,Canada,P,Private non-financial sector,A,All sectors,A,Credit-to-GDP ratios (actual data),,,,Q:CA:P:A:A,,,,,,,,,,,,,,,,,,,,,,,,,,,,,,,,,76,76,78.7,77.1,76.4,73.6,74,73.3,73.8,72.4,71.2,71.1,73.2,74.4,78.3,81.7,80,77,77.8,76.9,78.8,76.7,77.4,77.8,79.6,78.1,82.3,83.1,80.4,77.4,78.3,77.5,78.5,77.1,79.4,79,80.1,79.5,83,84.4,86,82.6,82.7,81.4,81.3,81.2,81.2,83.2,85.9,86.2,87.3,87.8,89.9,84.3,85.8,86.2,86.6,85.1,84.9,85.5,86.2,86.6,87.8,89,89.9,90.1,91.1,92.2,93.3,93.5,94.8,94.8,95.4,95.2,96.3,96.3,96.7,97.3,98.6,99.1,99.6,99.4,99.3,99.7,100.5,102,104,105.3,106.1,107.2,108.2,109.2,110.5,112,113.4,114.4,114.7,115.1,116.2,116.5,117.4,118.1,119.9,121.1,120,120,119.7,118.7,116.7,115.2,113.3,111.3,109.2,108.6,107.8,106.9,106.1,106.5,106.2,107.6,107.8,108.3,109.8,110.6,111.8,112.1,114.1,114.5,115.3,116.7,118,120,121.3,122.6,124.3,126.3,128.7,130.8,132.2,133.7,134.8,136.7,138.1,139.3,141.1,141.2,142.6,142.9,142.7,144.2,144.1,145.3,144.8,144.8,144.1,142.9,142.3,143,141.8,141.9,141.9,142,142.1,142.2,142,144.2,144.7,145.1,145.1,146.5,148.7,150.8,151.3,149.9,148.8,147.2,144.6,147.1,146.2,145.6,143.9,146.7,146.7,149.6,150.6,153.9,155,155.8,154.8,151.9,152.1,151.6,151.4,154.8,154.5,153.7,153.7,151.1,152.8,151.9,149.7,149.9,149.8,152,154.2,159.5,159.7,161.3,161.9,165,163.9,164.2,167.4,171,176.7,181.8,183.2,182,182.2,180.9,180,180.3,180.3,181.6,179.4,179.9,181.7,183.7,184.8,187.1,189.3,190.1,190.3,192,192.4,194.1,194.1,200.4,202.7,206.5,209.3,208.5,212.1,214.4,213.8,214.5,214.3,213.7,213.6,213.8,215.9,215,216.1,216.9,219.5,221.2,221.2,225.8,237.6,242,245,243.8,238.3,235.7,232.9,226.7,221.1,218.6,217.2,217.7,219.1,219.9,220.6
Q,Quarterly,NZ,New Zealand,P,Private non-financial sector,A,All sectors,A,Credit-to-GDP ratios (actual data),,,,Q:NZ:P:A:A,,,,,,,,,,,,,,,,,,,,,,,,,,,,,,,,,,,,,,,,,,,,,,,,,,,,,27.9,32.8,30.9,30.2,29.1,30.4,26.3,26.2,27,27.7,26.5,27.3,26.3,29.4,27.3,26.8,26.1,29.6,28.7,28.6,27.6,31.6,29.9,29.5,28.7,31.2,29.6,28.8,27,29.8,31.1,29.9,28.8,31.6,29.5,29.4,30.2,32.9,31.7,32,31,34.2,32.1,30.6,29.4,31.5,28.6,29.3,29.9,32.8,34.1,35.3,35.1,39.3,39.5,39.2,38.4,40.3,39.1,39.7,39.6,40,37.6,38.9,39.3,42.2,41,41.4,40.5,43.2,44.3,44.8,45.7,45.8,47.6,48,48.2,49.2,47.6,48.3,50.2,52,54.4,55.7,57.6,56.8,60.1,57.8,58.9,58.5,59.8,61.2,71.4,66.8,70.6,80.3,80.1,81.9,84.8,86.3,90.6,97.3,97.2,100.6,99.4,101,100.6,100.3,100.1,103.3,98.4,93.2,96.9,95.5,91.8,93,95.3,95.8,95.4,97.2,98.7,101.7,106.2,106,105.1,106.4,104.9,108.7,108.6,106,107.5,108.7,112.3,114.2,112,112.7,112.9,113.7,116.3,116.4,124,121.6,124.3,119.5,122.3,122.9,125,127.9,134.5,131.9,135.1,137.2,138.5,137.6,136.5,137.9,141.4,144.2,145,145.7,147.2,149.9,150.9,143.8,144.5,146.8,146.4,147.1,148.5,149.6,150,149.8,150.3,151.3,155.8,154.3,159.7,162.9,165.1,167.8,173,175,179.7,182.7,184.2,188.1,190.5,190.1,190.9,191.6,194.1,196.9,199.3,201.6,200.7,198.6,195.5,193.8,191.3,188.8,186.9,185.6,183.9,181.1,178,177.8,176.9,177.4,179,179.2,179.6,178.4,175.4,173.8,172.8,172.7,173.6,174.3,174.5,175.3,175.2,175.8,176,177.3,177.2,176.4,176,174.9,174,173.2,172.9,172.5,172.8,171.9,172.4,171.8,170.6,172.2,174.3,173.5,174.4,174.9,170.4,170.8,170.3,169.9,169.7,167.4,165.6,162.9,162.1,161.2,161.2
Q,Quarterly,DK,Denmark,P,Private non-financial sector,A,All sectors,A,Credit-to-GDP ratios (actual data),,,,Q:DK:P:A:A,,,,,,,,,,,,,,,,,,,,,,,,,,,,,,,,,,,,,,,,,,,,,,,,,,,,,,,,,,,,,,,,,,,,,,,,,,,,,108.5,109.8,110.5,110.9,111,111.9,112.6,113.1,113.3,114.3,115.1,115.8,116.6,116.9,117.5,118.1,118.7,118.8,118.7,118.5,118,119.4,120.4,121.1,121.4,123.2,124.8,126.3,127.8,128.8,129.8,131,132.1,132.9,133.6,133.9,133.6,132.6,131.2,129.9,128.9,129.2,129.3,128.7,128.3,127.7,127,126.7,126.6,126.2,126.1,126.3,125.9,124.9,124.7,125.3,126,127,128.3,126.4,124.6,123.1,121.8,119.3,117.1,115.7,116.1,115.8,117.2,117.9,120.5,119.7,120.9,121.7,125,125.2,131.3,131.8,135.9,139.8,147.7,149.5,151.2,152.2,157.5,154.7,157,156.2,158.4,155.6,156.7,154.9,158.3,156.1,155,153.1,155.6,152,153.4,150.3,152.3,151,150.1,147.7,145.7,144.4,144.8,145.5,147.1,147.2,144.7,140.8,138,137.4,137.7,137.2,138.7,140.8,140.9,141.1,141.1,141.8,143.1,144.7,145.4,145.5,146.6,146.7,145,150.5,152.1,151.2,153.1,159.1,156.4,161.3,160.1,160.5,162.6,165.4,169.9,168.6,168.1,170.4,169.4,174.3,176.3,178.3,177.3,182.8,183.9,186.2,188.6,195,199.3,203.4,208.1,211.6,213.4,219.8,224.6,227.1,229.2,232.7,237.9,239,239.9,241.2,244.6,249,252.9,257.9,260.6,262.5,258.9,254.3,249.9,249,249.1,254.7,256.7,258.9,258.9,255.8,257.7,255.6,253.8,252.8,246.9,246.8,244.3,248.7,247.5,247.5,244.4,246.4,245.3,244.8,245.5,247.1,242.7,239.9,237,235.7,234.5,234.5,235.7,235.3,235.2,239.1,241.8,245.3,247.3,245.9,250.5,236.9,238,238.4,233.9,232.4,229,225.1,220.4,219.6,218.3,215.7,209.5,213.9,218.7
Q,Quarterly,JP,Japan,P,Private non-financial sector,A,All sectors,B,Credit-to-GDP trend (HP filter),,,,Q:JP:P:A:B,,,,,,,,,,,,,,,,,,,,,,,,,,,,,,,,,,,,,,,,,,,,,,,,,,,,,,,,,,,,,,,,,,,,,,,,,,,,,,,,,,,,,,,,,,,,,,,,,,,,,,,,,,,,,137,137.1,137.3,137.6,138.1,138.6,139,139.4,139.9,140.2,140.4,140.6,140.9,141,141,141,141.1,141.1,141.1,141.2,141.4,141.7,141.9,142.1,142.4,142.6,142.8,143,143.4,143.8,144.2,144.7,145.4,146.1,146.8,147.6,148.5,149.4,150.2,151.1,152.1,153,153.9,154.7,155.7,156.6,157.4,158.3,159.4,160.6,162.1,163.7,165.4,167.1,168.7,170.3,172.2,174,175.8,177.8,179.9,182.2,184.3,186.4,188.6,190.5,192.3,194,195.7,197.3,198.8,200.2,201.8,203.3,204.7,206.2,207.7,209.1,210.4,211.6,212.9,214.1,215.1,216,217,217.8,218.4,218.9,219.4,219.7,219.9,220,220.2,220.3,220.3,220.3,220,219.6,219,218.4,217.9,217.3,216.5,215.6,214.7,213.6,212.4,211.2,210.1,208.9,207.7,206.4,205.2,203.8,202.3,200.7,199.2,197.5,195.8,194,192.2,190.5,188.7,187.1,185.4,183.8,182.2,180.7,179.2,177.8,176.2,174.7,173.3,171.9,170.7,169.5,168.6,167.8,167.2,166.7,166.3,165.8,165.3,164.7,164,163.3,162.6,162,161.5,160.9,160.2,159.6,159.1,158.6,158.1,157.6,157.1,156.6,156.1,155.6,155.1,154.6,154.1,153.5,152.9,152.4,151.8,151.4,151.1,150.8,150.6,150.3,150.1,149.9,149.7,149.7,149.7,149.9,150,150.3,150.6,151.1,152.2,153.4,154.8,156.1,157.4,158.6,159.8,161,162.2,163.5,164.7,165.8,166.8,167.7,168.5
Q,Quarterly,US,United States,P,Private non-financial sector,A,All sectors,C,Credit-to-GDP gaps (actual-trend),,,,Q:US:P:A:C,,,,,,,,,,,,,,,,,,,,,,,,,,,,,,,,,,,,,,,,,0.8,0.5,1.1,1.3,1.8,0.5,0.6,0.3,0.7,-0.2,0.6,0.5,1.2,0.9,1.5,1.3,1.4,-0.2,-0.1,-0.5,0.2,-0.3,0.5,0.4,0.9,-0.1,0.2,-0.3,0.2,-0.5,0,-0.6,-0.9,-2.1,-1.9,-3,-3.2,-4,-3.3,-3.5,-1.7,-3.6,-3.3,-4,-3.5,-4.8,-4,-4.4,-3.9,-4.9,-4.1,-3.9,-3.4,-4.2,-3.5,-3.4,-3.3,-3.6,-2.6,-2.7,-2.2,-2.4,-1.7,-1.6,-1.8,-2.1,-0.8,-0.7,-0.9,-2.6,-3.1,-4,-4.4,-6.1,-6.1,-6.2,-5.7,-5.6,-4.5,-4.3,-3.6,-3.7,-2.8,-2.6,-2.7,-3.5,-2.3,-1.6,-1.2,-1.3,-1.9,-1.6,-1.2,-2.7,-2.7,-3.4,-3.6,-3.3,-2.5,-2,-1.5,-1.9,-1.2,-1,-0.6,-1,-0.1,0.2,1.6,2.2,3.4,4.2,6.2,5.8,6.8,8,9.7,8.9,9.6,9.7,9.4,8.8,8.9,8.3,8.2,6.9,6.6,5.6,5.3,4.8,4.1,3.2,2.4,1.2,0.9,-0.5,-1.5,-2.9,-4.1,-5.2,-6.2,-7.3,-7.2,-7,-6.7,-6.8,-6.7,-6.8,-6.2,-6.4,-5.5,-5,-4.3,-4.1,-3.7,-3.6,-3.9,-4.1,-3.7,-3,-2.5,-1.9,-0.1,0.7,1.6,2.2,2.7,3.9,4.2,4.6,4.8,4.8,4.7,3.7,5.1,6.4,6.7,6.5,6.9,7.1,7.7,7.3,8.8,8.5,7.8,7.3,7.2,7.2,8,7.1,7.8,8,8.4,8.9,9.7,9.8,10.3,10.2,11.3,11.8,11.8,11.1,9.6,9,6.6,5.1,4.7,3.9,1.4,-1.2,-4.4,-6.8,-9.3,-11.1,-12.5,-13.3,-13.9,-15.3,-16.1,-16.2,-16.2,-16.9,-16.4,-16,-15.5,-15.2,-15,-15.4,-14.7,-14.9,-13.7,-12.9,-12.7,-11.7,-10.7,-9.4,-9.6,-9,-8.1,-7.7,-6.8,-7.5,-6.5,-6.8,-6.5,-6.4,-5.9,-5.6,-5.8,-2.5,3.1,3.8,4.8,4.8,2.7,0.9,-0.4,-1.5,-2.3,-3.7,-4.5,-5.8,-6.8,-7.9,-9
Q,Quarterly,TR,Türkiye,P,Private non-financial sector,A,All sectors,A,Credit-to-GDP ratios (actual data),,,,Q:TR:P:A:A,,,,,,,,,,,,,,,,,,,,,,,,,,,,,,,,,,,,,,,,,,,,,,,,,,,,,,,,,,,,,,,,,,,,,,,,,,,,,,,,,,,,,,,,,,,,,,,,,,,,,,,,,,,,,,,,,,,,,,,,,,,,,,,,,,,,,,,,,,,,,,,,,,,,,,,,,,14.9,16,16,17.8,17.9,17.8,17.9,19.2,18.3,16.6,16.4,17.4,16.7,15.6,14.7,15.5,15.1,15.2,15.4,16.5,16.2,16.3,16.2,17.3,16.7,17.2,16.8,17.7,18.2,18.7,18.5,19.1,21.3,20.8,18.5,19,17.8,16.4,16.3,19.3,19.9,20.3,21,23.7,24.2,25.8,25.6,28.5,27.6,28.2,25.4,25.8,25.7,25.4,25.7,25.6,25.1,25.4,26.2,25.8,29.5,29.2,31.3,27.6,24.1,23.1,22.7,21.9,22.2,19.1,19.2,20,20.7,23.5,23.2,22.1,22.4,23.4,24.1,29.1,31.3,35.9,35.4,35.8,35.2,36.7,38.4,40.6,44.4,45.5,46.4,47.3,47.2,46.7,47.9,49,50,52.8,52.9,55.9,57.6,61,61.9,61.1,60.5,61.7,61.5,62.6,63.5,67.9,70.2,71.5,70.9,71.7,73.5,74.5,77.1,79.4,81.9,79.5,78.4,79.2,80.4,84.6,84.7,84.6,83.2,84.1,84.2,86.7,93.5,82.5,83.4,81.9,79.2,79.6,83.2,91.5,94.8,89.3,89,84.2,80.2,89.3,85.3,78.9,71.4,66.3,63.3,67.4,62.2,59.5
Q,Quarterly,PL,Poland,P,Private non-financial sector,A,All sectors,B,Credit-to-GDP trend (HP filter),,,,Q:PL:P:A:B,,,,,,,,,,,,,,,,,,,,,,,,,,,,,,,,,,,,,,,,,,,,,,,,,,,,,,,,,,,,,,,,,,,,,,,,,,,,,,,,,,,,,,,,,,,,,,,,,,,,,,,,,,,,,,,,,,,,,,,,,,,,,,,,,,,,,,,,,,,,,,,,,,,,,,,,,,,,,,,,,,,,,,,,,,,,,,,,,,,,,,,,,,,,,,,,,,,,,,,,,,,,,,,,,,,,,,,,,,39.6,40.6,41.8,42.9,44,45,45.9,46.6,47.3,47.8,48.2,48.4,48.4,48.5,48.6,48.7,48.8,49.1,49.5,50,50.6,51.2,52,52.8,53.7,54.6,55.7,57.1,58.7,60.2,61.5,62.6,63.7,64.9,66,67.1,68.1,69.1,70.3,71.4,72.4,73.4,74.3,75.2,76.1,77,78,78.8,79.7,80.5,81.3,82.2,83,83.8,84.6,85.3,86,86.7,87.4,88.1,88.7,89.2,89.6,89.9,90.2,90.5,90.7,90.9,91,91,91.1,91,91,91,91,91,90.9,90.7,90.4,90.1,89.7,89.1,88.5,87.7,86.8,85.8,84.8,83.7
Q,Quarterly,AT,Austria,P,Private non-financial sector,A,All sectors,A,Credit-to-GDP ratios (actual data),,,,Q:AT:P:A:A,,,,,,,,,,,,,,,,,,,,,,,,,,,,,,,,,,,,,,,,,,,,,,,,,,,,,30,30.3,31.1,31.3,31.5,32,32.3,32.3,32.5,33.1,33.6,33.4,33.6,33.6,34.3,34.8,35.7,36.6,37.5,37.6,38.9,39.4,40.2,40.7,41.4,42,42.4,42.4,42.4,42.2,42.8,42.8,43.8,44.2,45.6,46,46.8,47,47.7,47.6,48.7,48.6,50.2,50.3,52.3,52.4,53.5,54,55.4,54.2,54.2,53.7,54.2,53.5,53.4,53.2,54.5,54.7,56.3,56.7,58.1,58.2,59.5,60.6,64,63.1,64.7,65.2,66.5,66.7,68.3,69.9,72.4,72.3,74,74.8,77.3,77.3,78.9,80.2,81.2,81.9,83.3,83.6,84.9,84.3,84.4,83.9,84,82,82.1,81.7,82.2,79.9,81,81.8,84.7,83.6,84.4,84.7,86,83.9,84.5,84.9,87.6,86,87,87.8,90.2,89.4,91.6,92.1,94.4,91.9,93.6,95.6,97.5,96.9,98.9,99.4,101.2,100.2,102,101.5,103,101.4,102.8,103.6,104.9,104.2,105,104.6,105.4,103.6,104.6,104.1,105,102.7,103.5,103.8,106.5,103.4,106.3,108.2,108.7,107.8,111.5,113.3,113.6,110.8,112.3,112.8,114.3,113.5,114.6,118.2,121,120.5,123.4,129.1,127.8,126.9,126.7,127.7,129.4,128.6,128.9,129,129.1,128.1,128.2,128.4,130.9,130.8,131.8,131.4,130.2,130.1,133.1,134.3,133.8,134.8,136.8,137.7,136.1,134.7,137.1,138.2,140.3,140.7,140.3,140.3,142.5,142.5,143.3,145,145.1,146,147.5,147.3,147.6,145.3,145.4,144.8,145.2,144.4,145.3,145.1,143.5,143.1,142.7,142.4,146.6,145.1,145.5,145.4,141.9,143.9,142.1,142,141.7,141.4,141,142.2,142,142.9,141.9,141.7,141.5,142.3,141.7,141.7,141.9,142.5,143.5,141.4,141.5,143.4,148.9,150.8,152.2,156.5,152.8,152.7,152.8,149.1,146.9,144.8,141,140.3,138,137.2,134
Q,Quarterly,GB,United Kingdom,P,Private non-financial sector,A,All sectors,C,Credit-to-GDP gaps (actual-trend),,,,Q:GB:P:A:C,,,,,,,,,,,,,,,,,,,,,,,,,,,,,,,,,,,,,,,,,,,,,,,,,,,,,,,,,,,,,,,,,,,,,,,,,,,,,,,,,,,,,,,,,,,,,,,,,,,,,,2.7,4.3,3.5,1.2,2,1.6,0.6,-2.1,-3.7,-3.7,-6.1,-4.5,-4.4,-4.5,-4.1,-3,-4.7,-4.2,-4.5,-4,-3.9,-3.2,-3.7,-3.5,-2.6,-1.9,-2.2,-2.6,-1.2,-0.8,-1,-1,-1,-0.9,0.6,3.1,3.4,5.2,5.7,6.8,7.3,7.8,7.7,7.8,9.4,10.5,10.8,12.5,13.1,11.3,12,10.5,12.2,12.6,12.2,14,14.7,14.3,14.5,13.2,14.4,16.6,17.9,17.6,18.9,19.9,20.4,19.6,23.2,22.8,20.6,19.6,18.5,18.4,15.9,12.8,10.5,8.2,6.4,8.4,4.7,2.9,2.1,2.6,-0.5,-3.7,-4.5,-3.8,-5.4,-5.4,-6.5,-4.9,-8.1,-8,-8.6,-9.6,-10.3,-8.8,-7.1,-7.5,-6.3,-5.2,-2,-1.6,0.8,2.6,2.6,3.6,4.1,6.3,6.9,6.5,8.8,8.4,8.4,9.7,10.4,11.4,15,13.3,9.4,10.1,9.2,7.6,6.1,5.3,6.4,5.8,5.1,7.3,7.7,7.6,7,7.8,9.5,7.9,5.1,4.3,6.1,6,7.4,5.4,4.7,9.1,7.2,2.5,4.7,3.2,2.9,-2.2,-3.8,-9.2,-11.1,-12.1,-13.6,-15.4,-13.7,-13.1,-13.4,-15.9,-18,-16.8,-19.1,-21.1,-23.5,-25,-25.6,-26.2,-25,-27.5,-26.3,-25.1,-23.6,-19.7,-17,-17.2,-16.2,-17.1,-15.9,-14.7,-16.4,-16.6,-17.3,-17.2,-18.7,-16.7,-14.7,-15.7,-11.7,-2.6,0.8,4.1,4.6,-0.6,-4.5,-8.5,-14.3,-16,-15.8,-17.5,-17.8,-20.8,-20.6,-20.5
Q,Quarterly,GB,United Kingdom,P,Private non-financial sector,A,All sectors,B,Credit-to-GDP trend (HP filter),,,,Q:GB:P:A:B,,,,,,,,,,,,,,,,,,,,,,,,,,,,,,,,,,,,,,,,,,,,,,,,,,,,,,,,,,,,,,,,,,,,,,,,,,,,,,,,,,,,,,,,,,,,,,,,,,,,,,61.5,62,62.5,62.7,63,63.3,63.5,63.4,63.2,63,62.6,62.3,62.1,61.7,61.5,61.3,61,60.7,60.3,60.1,59.8,59.5,59.2,59,58.8,58.6,58.4,58.2,58,57.9,57.8,57.7,57.6,57.4,57.4,57.6,57.7,58,58.3,58.7,59.2,59.6,60.1,60.6,61.2,61.9,62.6,63.5,64.4,65.2,66,66.8,67.7,68.7,69.6,70.7,71.8,73,74.1,75.3,76.5,77.8,79.3,80.7,82.3,84,85.7,87.4,89.4,91.3,93.2,95,96.8,98.7,100.4,102,103.4,104.8,106,107.4,108.5,109.6,110.7,111.7,112.6,113.3,114,114.7,115.3,115.8,116.3,116.9,117.3,117.7,118,118.3,118.5,118.8,119.2,119.5,119.9,120.3,120.9,121.6,122.4,123.2,124.1,125.1,126,127.2,128.3,129.5,130.8,132,133.3,134.7,136.2,137.7,139.4,141.1,142.6,144.1,145.6,147,148.3,149.6,151,152.3,153.6,155.1,156.6,158,159.5,161,162.7,164.2,165.7,167,168.5,170,171.6,173.1,174.5,176.2,177.8,179.2,180.6,182,183.4,184.5,185.5,186.2,186.8,187.3,187.7,187.9,188.2,188.6,188.9,189,189,189,188.9,188.6,188.1,187.6,186.9,186.2,185.5,184.6,183.7,182.9,182.1,181.5,181,180.5,180,179.4,178.9,178.4,177.8,177.1,176.4,175.7,174.9,174.1,173.4,172.7,172.1,172.1,172.2,172.5,172.9,173,172.9,172.5,171.7,170.9,170,169,168,166.8,165.5,164.2
Q,Quarterly,US,United States,P,Private non-financial sector,A,All sectors,B,Credit-to-GDP trend (HP filter),,,,Q:US:P:A:B,,,,,,,,,,,,,,,,,,,,,,,,,,,,,,,,,,,,,,,,,68.8,69.4,70,70.7,71.4,72,72.7,73.3,73.9,74.4,75.1,75.7,76.3,77,77.7,78.4,79.1,79.7,80.2,80.8,81.4,82,82.6,83.2,83.8,84.4,85,85.6,86.2,86.8,87.4,87.9,88.4,88.9,89.3,89.7,90.1,90.4,90.8,91.1,91.6,91.9,92.2,92.5,92.8,93.1,93.3,93.6,93.8,94.1,94.3,94.5,94.8,95,95.3,95.5,95.8,96,96.3,96.6,96.9,97.2,97.5,97.8,98.1,98.4,98.8,99.1,99.5,99.8,100,100.1,100.3,100.3,100.3,100.3,100.4,100.4,100.4,100.5,100.6,100.7,100.9,101,101.2,101.3,101.4,101.6,101.8,102.1,102.2,102.4,102.6,102.7,102.8,102.9,103,103,103.1,103.2,103.4,103.5,103.7,103.9,104.1,104.2,104.5,104.7,105,105.4,105.8,106.3,106.9,107.5,108.1,108.9,109.7,110.5,111.4,112.3,113.2,114.1,115,115.9,116.7,117.6,118.4,119.2,119.9,120.7,121.4,122,122.6,123.2,123.7,124.2,124.6,124.9,125.2,125.3,125.5,125.5,125.5,125.5,125.6,125.6,125.6,125.6,125.6,125.6,125.6,125.7,125.8,125.9,126,126.1,126.2,126.3,126.4,126.5,126.6,126.8,127.1,127.4,127.8,128.2,128.6,129.2,129.7,130.3,130.9,131.5,132.1,132.6,133.3,134,134.7,135.5,136.3,137.1,137.9,138.8,139.7,140.7,141.6,142.5,143.4,144.3,145.2,146.2,147.2,148.2,149.2,150.3,151.4,152.6,153.8,155.1,156.4,157.7,159.1,160.4,161.7,163,164.1,165.2,166.2,167.2,168.1,168.8,169.4,169.8,170,170.1,170.1,170.1,170,169.7,169.5,169.2,168.8,168.4,168,167.6,167.2,166.8,166.3,165.9,165.4,164.9,164.5,164,163.6,163.2,162.9,162.6,162.2,161.9,161.6,161.4,161.2,160.9,160.7,160.4,160.2,159.9,159.7,159.4,159.2,159.1,159.4,159.7,160,160.4,160.7,160.8,160.9,160.9,160.9,160.8,160.6,160.4,160,159.6,159.2
Q,Quarterly,FR,France,P,Private non-financial sector,A,All sectors,A,Credit-to-GDP ratios (actual data),,,,Q:FR:P:A:A,,,,,,,,,,,,,,,,,,,,,,,,,,,,,,,,,,,,,,,,,,,,,,,,,,,,,,,,,,,,,,,,,,,,,,,,,,,,,,,,,,,,,,,,,92.6,91.3,90.9,90.6,95.7,95.3,96.3,96.5,99.7,100,102.6,103,106.1,104.6,106.2,105.9,107.1,104.7,103.6,102.7,105,103.4,102.7,102.3,105.8,104.4,103.6,102.7,104,102.3,102.1,102.3,104.2,106.1,103.9,100.8,101.5,99.3,99.1,97.7,99.6,97.2,98.9,98.4,100.2,99.7,99.1,98.8,99.9,98.3,98.3,98,101.1,100.8,101.5,100.7,103.5,102.3,103.4,103.7,105.2,103.1,103.3,103,105.1,103.7,103.5,102.2,102.3,104.6,105.4,105.3,106.3,106.9,107.8,108.6,111.9,111,113.6,113.8,116.7,117.6,118.3,118.6,123.7,124.4,125.5,126,128,129.1,129.6,129,132.4,135.4,137.6,138.3,137,135.8,133.6,131.5,132.3,130.5,131.6,131,130.8,129.9,129.7,128.8,129.6,130.3,130.6,130,129.8,129.5,129.1,128.5,127.9,128.1,130.6,131.7,133.4,133.4,134.9,136.8,137.7,139.2,141.2,141.9,142.8,143.2,143,142.6,143,144.1,144.4,143.9,142.6,142.7,144.3,144.9,145.3,145.3,147.6,147.9,149.3,150,151.6,152.2,153.3,154,156.3,157,156.9,157.5,160.5,163,164.2,166.5,168.8,170.5,172.1,172.1,171.7,171.4,172.6,172.9,175.4,177.5,178.8,180.7,182.6,182.5,182.9,182.8,181.5,182,181.1,182.5,184.6,185.8,186.8,189.5,189.8,190.3,192.5,194.8,197.2,198.2,199.4,200.5,200.7,200.4,200.7,202.2,204,205.5,206.5,208.4,210.6,212.7,213.1,216.7,232.2,236.7,240.6,238.8,231.8,230.2,228.9,226.9,225.3,224.9,223.6,219.2,216.6,214.7,213.4
Q,Quarterly,IN,India,P,Private non-financial sector,A,All sectors,A,Credit-to-GDP ratios (actual data),,,,Q:IN:P:A:A,,,,,,,,,,,,,,,23.6,22,21.6,21.7,21.9,21.6,21.4,21.7,21.3,20,20.1,21,21.4,21.7,22.9,24.2,25,24.8,25.1,25.4,24.5,22.7,22.6,23.5,24.2,23.7,24.1,24.9,24.4,23.5,23.7,24.7,25.2,24.9,25.3,26,25.9,24.7,24.1,24.5,24,23.3,23.6,24.7,25,24.3,24.2,24.3,24.2,23.3,23.3,23.1,22.8,21.9,21.9,22.2,22.7,22.4,23,23.3,23.5,22.5,22.6,22.5,21.8,20.9,21.1,21.4,21.8,21.5,21.8,22.6,23.1,22.1,22.5,23.1,24,24,24.9,25.9,25.5,25.4,26.5,26.9,27.4,26.4,27.3,28.5,27.9,26.6,28.1,28,28,26.7,27.2,28.7,28.8,29.1,30.9,33.1,33.6,34.3,37,36.8,35.9,35.6,37,36.7,37.6,37.6,41,40.9,42,42.7,44.2,44.3,42.8,41.4,43.3,44,43.4,42.8,44.8,45,44.5,44.3,48,47.5,46.4,45.8,48,48.4,48.7,47.9,50.6,50.9,49.5,49.5,50.6,53,51.4,50.6,51.7,54.3,51.9,51.4,51.8,54.4,52,51.4,54.3,54.4,54.3,53.4,54.8,55.7,54.7,53.1,53.8,53.8,52.1,50.4,50.4,51.2,51.9,51.9,52.8,54,52.5,50.1,50.1,49.9,48,49,49.2,52.1,50.3,51.1,51.1,53.3,51.2,50.3,49.9,51.7,49.8,49.2,50.6,53.7,52.2,51.9,51.2,54.2,51.8,52.3,54.9,55.8,56.9,56.7,58.7,59.6,59.1,59.2,60.2,62,65.3,65.1,66.3,67.9,66.9,65.5,66.5,69.1,68.8,69.3,73.5,75.7,76.6,81.1,82.2,89.2,87.9,91.1,91.3,96.9,92.5,94.8,95.8,102.2,99.8,101.9,102.5,106.3,103.1,104.6,102.8,106.2,104.2,103.5,107.8,107.4,105.3,104.4,107.3,107.1,104,105.6,107.4,104.3,102.2,99.8,98,98.2,97,98.3,100.4,98.7,96.1,96.9,97,92.8,91.9,86,87.9,86.8,92.1,94.2,100.7,95.9,94.6,92.8,92.9,91.5,91.6,93,96.2,93.6,99.2,102.4,104.8,106,98.6,95.3,93.6,96.4,93.1,93.3,95.9,96.4,99.1,97.9,100.9
Q,Quarterly,ZA,South Africa,P,Private non-financial sector,A,All sectors,B,Credit-to-GDP trend (HP filter),,,,Q:ZA:P:A:B,,,,,,,,,,,,,,,,,,,,,,,,,,,,,,,,,,,,,,,,,,,,,,,,,,,,,,,,,,,,,,,,,,,,,,,,,,,,,,,,,,,,,,,,,,,,,,,,,,,,,,,,,,,,,,56.4,56.4,56.4,56.3,56.2,56,55.8,55.6,55.4,55.2,55,54.6,54.3,54.1,53.9,53.6,53.3,53,52.8,52.4,52,51.6,51.1,50.7,50.6,50.6,50.7,50.7,50.9,51,51.2,51.5,51.7,51.8,52,52.2,52.4,52.8,53.1,53.4,53.8,54.1,54.6,55,55.3,55.5,55.5,55.5,55.3,55.1,54.8,54.7,54.6,54.5,54.4,54.4,54.3,54.3,54.2,54.2,54.1,54,53.9,53.8,53.8,53.8,53.8,53.7,53.6,53.5,53.4,53.3,53.1,53,52.8,52.6,52.4,52.2,52.1,52,51.9,51.9,51.8,51.9,51.9,52,52.1,52.3,52.4,52.5,52.7,53,53.3,53.7,54.1,54.5,55,55.4,55.8,56.1,56.3,56.5,56.7,56.8,57,57.1,57.3,57.6,57.8,57.9,58,58,58.1,58.2,58.4,58.5,58.6,58.6,58.6,58.8,58.9,59.2,59.5,59.9,60.4,61,61.8,62.6,63.4,64.3,65.3,66.2,67.2,68.2,69.1,69.9,70.7,71.3,71.8,72.4,72.9,73.3,73.7,74,74.2,74.4,74.5,74.6,74.8,74.9,75,75.2,75.4,75.6,75.8,76,76.1,76.3,76.5,76.6,76.7,76.8,77,77.2,77.4,77.5,77.6,77.6,77.7,77.7,77.7,77.7,77.6,77.6,77.5,77.4,77.4,77.4,77.3,77.2,77.3,77.3,77.3,77.2,77.1,76.7,76.4,75.9,75.5,75,74.7,74.3,74,73.6,73.3,72.9
Q,Quarterly,NZ,New Zealand,P,Private non-financial sector,A,All sectors,B,Credit-to-GDP trend (HP filter),,,,Q:NZ:P:A:B,,,,,,,,,,,,,,,,,,,,,,,,,,,,,,,,,,,,,,,,,,,,,,,,,,,,,,,,,,,,,,,,,,,,,,,,,,,,,,,,,,,,,,,,,,,,,30.6,31,31.2,31.2,31.1,31.2,31.1,31,31,31.2,31.5,31.8,32.2,32.8,33.4,33.9,34.4,34.9,35.4,35.8,36.3,36.7,36.9,37.2,37.6,38,38.4,38.8,39.1,39.6,40.1,40.6,41.1,41.7,42.3,42.9,43.4,44.1,44.5,45,45.6,46.3,47.1,47.9,48.8,49.6,50.5,51.3,52.1,52.9,53.7,54.5,55.9,56.9,58.2,59.9,61.5,63.2,64.9,66.7,68.7,70.9,73.1,75.3,77.4,79.5,81.6,83.5,85.3,87.2,88.8,90,91.3,92.5,93.5,94.4,95.4,96.4,97.4,98.3,99.3,100.4,101.7,102.9,104,105.1,106.1,107.2,108.3,109.2,110,111,112,113.1,114,114.9,115.8,116.6,117.6,118.5,119.7,120.8,122,122.8,123.7,124.6,125.6,126.7,128.1,129.3,130.6,131.9,133.2,134.5,135.6,136.7,138,139.3,140.7,142,143.3,144.7,146.1,147,147.9,148.9,149.8,150.7,151.6,152.5,153.4,154.2,155,155.8,156.8,157.6,158.7,160,161.2,162.6,164.2,165.8,167.6,169.4,171.3,173.3,175.4,177.3,179.2,181.1,183,185,187,189,190.9,192.6,194.1,195.4,196.4,197.3,198,198.6,199,199.2,199.2,199.2,199.1,199,199,198.9,198.8,198.7,198.3,197.9,197.4,196.8,196.3,195.9,195.4,195,194.6,194.2,193.7,193.4,193.1,192.7,192.2,191.8,191.2,190.7,190.1,189.5,188.9,188.3,187.7,187.1,186.4,185.8,185.4,184.9,184.5,184.1,183.5,182.9,182.3,181.7,181.1,180.4,179.6,178.7,177.7,176.8,175.8
Q,Quarterly,NZ,New Zealand,P,Private non-financial sector,A,All sectors,C,Credit-to-GDP gaps (actual-trend),,,,Q:NZ:P:A:C,,,,,,,,,,,,,,,,,,,,,,,,,,,,,,,,,,,,,,,,,,,,,,,,,,,,,,,,,,,,,,,,,,,,,,,,,,,,,,,,,,,,,,,,,,,,,0.4,3.2,0.9,-0.6,-1.7,0.2,-2.5,-1.7,-1.1,1.6,2.7,3.5,3,6.5,6.1,5.3,4,5.4,3.8,3.9,3.3,3.3,0.7,1.7,1.8,4.1,2.6,2.6,1.4,3.6,4.2,4.2,4.6,4.2,5.3,5.1,4.8,5.1,3.1,3.3,4.6,5.7,7.3,7.8,8.8,7.2,9.5,6.5,6.8,5.7,6.1,6.7,15.6,9.9,12.5,20.4,18.6,18.7,19.8,19.5,21.9,26.4,24.1,25.2,22,21.5,19.1,16.8,14.8,16.1,9.6,3.2,5.6,3,-1.7,-1.4,-0.2,-0.7,-2,-1.1,-0.6,1.3,4.5,3.1,1.1,1.2,-1.2,1.4,0.3,-3.2,-2.6,-2.2,0.3,1.1,-2,-2.2,-2.9,-2.9,-1.3,-2.1,4.3,0.8,2.3,-3.3,-1.4,-1.8,-0.7,1.2,6.4,2.7,4.5,5.3,5.2,3.1,0.9,1.2,3.5,4.9,4.4,3.7,3.9,5.2,4.9,-3.2,-3.4,-2.1,-3.3,-3.5,-3.1,-2.9,-3.4,-4.4,-4.7,-4.5,-1,-3.3,1,2.9,3.9,5.2,8.8,9.2,12.2,13.3,12.8,14.8,15.2,12.8,11.6,10.5,11.2,11.9,12.4,12.6,9.8,6,1.5,-1.5,-5.1,-8.5,-11.1,-12.9,-15.1,-18.1,-21.3,-21.4,-22.2,-21.6,-20,-19.7,-19.2,-20.3,-23,-24.1,-24.6,-24.1,-22.8,-21.5,-20.9,-19.7,-19.4,-18.3,-17.7,-16.1,-15.9,-16.2,-16.3,-16.8,-17.3,-17.5,-17.1,-17,-16.1,-16.4,-15.3,-15.3,-15.8,-13.7,-11.1,-11.4,-10.1,-9.2,-13.1,-12.1,-12,-11.8,-11.4,-13,-14,-15.8,-15.6,-15.6,-14.7
Q,Quarterly,NO,Norway,P,Private non-financial sector,A,All sectors,A,Credit-to-GDP ratios (actual data),,,,Q:NO:P:A:A,,,,,,,,,,,,,,,,,,,,,,,,,,,,,,,,,,,,,,,,,,,,,,,,,,,,,115.7,116.8,117.2,117.4,117.5,117.4,117.4,117.5,117.7,117.6,117.5,117.2,116.7,116.5,116,115.4,114.7,113.5,112.4,111.3,110.5,111.1,111.8,112.5,112.9,112.7,112.4,112,111.9,112.3,112.8,113.4,113.9,115.7,117.2,118.3,118.7,117.7,116.3,114.8,113.5,113.3,113.4,113.5,113.7,114.3,114.8,115.2,115.3,115.5,115.4,115,114.3,113.7,112.9,112,111.1,114.4,116,116.1,118,119.6,121.4,122.4,123.4,125.8,128,129.4,132.4,133.3,133.9,134,133.9,133.7,133,131.1,130.3,126.9,124.8,125.2,124.4,125.6,123.6,122.1,122.2,123.7,126.6,128.5,130.1,131,131.6,130.9,131.9,133.8,136.2,136.7,139.4,139.8,140.6,141.4,142.9,144.1,153.7,157.4,161.1,163.5,165.1,168,169.1,169.8,173.5,174.7,175.4,178.2,179,177.5,175.4,176.6,177.6,174.3,170.8,168.8,168.6,163.5,158.9,164.7,162.4,160.2,164.4,162.9,162.5,157.7,156.1,154.2,151.5,150.1,146.6,145.1,144.6,143,142.1,142.2,142.3,140.5,139.4,142.2,146.8,147.7,150.5,154.6,160.9,162.3,165.3,167.7,169,165.8,164.2,161.6,159.9,162.8,156.3,156.5,159.3,158.5,164,169.3,171.1,173.3,173.6,176.3,180.7,178.9,176.4,180.4,182.8,183.4,181.6,181.3,181.6,179.9,180.9,180.3,180.7,182.1,182.5,188.6,195.4,196.2,200.7,205.2,206.5,208.2,214.7,219.1,224.8,225.5,224.2,222.3,225.5,225.7,224.5,224.4,222.4,219.3,217.3,226.2,224.8,224.2,224.4,224.9,226.1,224.1,222.2,222.7,223.3,224.9,227.9,233.9,238.2,243.1,248.2,249.9,253.5,255.9,255.8,251.4,249.3,245.7,243.3,241.8,239,234.8,231.8,231.8,236.8,242.3,245.9,252.8,265.1,272.1,277.7,278.9,270.6,258.3,239.6,225.5,214.4,200.7,201.5,205.9,212.7,227,229.1
Q,Quarterly,DE,Germany,P,Private non-financial sector,A,All sectors,A,Credit-to-GDP ratios (actual data),,,,Q:DE:P:A:A,,,,,,,,,,,,,,,,,,,,,,,,,,,,,,,,,,,,,,,,,,,,,,,,,,,,,60.9,61.4,62.4,63.5,64.4,64.7,65.6,66,67.1,67.9,69.3,69.7,70.8,70,71,71.6,72.4,72.5,73.4,73.6,74.2,74.3,75.3,75.2,75.5,75.7,77,78.1,79.3,79.5,80.4,80.4,82.3,82.3,82.4,82.3,84.7,83.8,83.5,82.8,83.6,82.3,82.8,83.6,85.5,85.3,86.7,86.9,89,89.2,89.5,89.5,90.1,89.7,90.3,90.3,90.9,90.2,90.8,91,92.9,91.6,91.9,91.7,92.8,91.7,92.6,92.9,94.4,92.8,93.7,93.7,95.5,95.1,96.1,95.9,97.4,96.1,97.4,97.9,101.2,102.1,103.5,104,105.2,104.2,105.2,106.2,108.1,106.6,107.6,108,109.1,107.6,108.5,108.7,109.8,109.7,109.6,108.8,110.1,108.8,108.6,107.8,107.7,106.6,106.4,107.3,107.8,106.5,106.9,106.6,107.3,106.2,106.6,106.6,107.8,107.7,106.2,105.7,106.3,105,105.2,106.7,107.3,107.2,107.9,108.2,107.9,109.7,111.3,113,115.7,113.5,114.2,115.2,116.4,112.8,114,114.3,115.3,116.1,117.5,118.6,120.2,120.6,121.6,122.1,123.2,123.2,123.8,125.1,127.6,125.3,127.4,128.7,131.8,133.4,135.4,135.1,140.6,141.2,141.7,142.3,141.8,141.5,143.4,143.8,144.1,144.5,145.4,145.2,144.3,141.4,140.2,139.2,137.9,136.7,137.3,137,136.4,136.7,136.9,136.4,134.6,132.1,131.2,129.5,129.3,128.1,127.9,128.2,129.9,131.4,133,133.3,134,132.8,132.6,131.7,129.6,125.5,124.3,124.8,124.6,124,124.4,124.2,123.8,123.6,124.3,124.4,124.3,123.5,123.7,122.6,118.2,118.9,118.8,118.7,117.8,118.3,118.2,118.3,117.7,118.7,118.3,118.1,117.7,118.6,119.6,120.6,120,121,122,122.2,121.9,123.2,128,129.9,131.3,133.1,130.5,130,130.5,129.2,128.4,129.4,128.1,126.3,125.1,123.5,122
Q,Quarterly,TH,Thailand,P,Private non-financial sector,A,All sectors,A,Credit-to-GDP ratios (actual data),,,,Q:TH:P:A:A,,,,,,,,,,,,,,,,,,,,,,,,,,,,,,,,,,,,,,,,,,,,,,,,,,,,,,,,,,,,,,,,,,,,,,,,,,,,,,,,,,,,,,,,,,,,,38.1,38.9,38.9,39.8,40.4,40.2,39.2,40.6,41.3,42.4,42.7,44.2,45.9,45.1,45.4,47.3,47.4,46.9,48.1,50,52.1,53.4,52,52,52.8,56,56,57.6,58.6,61.4,60.8,61.6,63.7,67.1,66.5,66.2,65.8,63.4,59.5,57.4,59.9,63.3,63.3,61.8,61.2,64.9,64.5,63.7,65.6,69.1,71.4,74.7,80.4,82.9,82.7,84.1,87.2,90,89.3,88.1,89.6,90.1,89.7,89.7,89.1,91.6,90,89.5,94,94.9,95.5,96.2,99.1,101.2,103.2,104.4,108.9,112.7,117.5,124,128.2,130.5,132.7,136.8,140,141.5,144.1,146.6,149.7,152.9,156.6,157.7,161.4,164.4,170.1,177.4,186.4,188.6,194.2,198.9,206.2,211.2,214.5,214,217.5,219.7,220.5,234.2,250.1,231.9,235.2,231.8,227.4,224.7,216.4,204.6,193.1,189.4,179.9,166.2,160.9,159.3,149,148.5,143.5,150.7,147.7,148.2,146.7,145.2,145,142.6,137.8,139.8,140,144.3,141,140.1,140.7,140.4,139.6,137.3,136,135.1,133.6,130.6,130.3,129.5,128.1,127.9,128.8,129.3,132.4,132.9,135.7,137.6,136.6,132.3,131.1,129.8,133.8,135.2,137.1,139.1,144.9,147.2,149.1,151.2,150.1,149.7,152.7,152.8,156.7,157.2,158.1,158.6,160.9,160.7,162,163.1,164.4,166.1,165.4,163.3,161.8,159.3,159.4,157.6,158,156.9,157.4,157.3,158.9,158.4,158,157.8,159.5,163,170.3,175.4,181.1,184,181.6,183.9,184.3,183.6,182.4,180.3,178.7,177.7,178.1,178.3,178.1
Q,Quarterly,TR,Türkiye,P,Private non-financial sector,A,All sectors,B,Credit-to-GDP trend (HP filter),,,,Q:TR:P:A:B,,,,,,,,,,,,,,,,,,,,,,,,,,,,,,,,,,,,,,,,,,,,,,,,,,,,,,,,,,,,,,,,,,,,,,,,,,,,,,,,,,,,,,,,,,,,,,,,,,,,,,,,,,,,,,,,,,,,,,,,,,,,,,,,,,,,,,,,,,,,,,,,,,,,,,,,,,,,,,,,,,,,,,,,,,,,,,,,,,,,,,,,,,,,,,,,,,18.5,18.8,19,19.5,20,20.6,21.1,21.9,22.5,23.1,23.5,23.8,24.1,24.4,24.7,25,25.2,25.4,25.6,25.8,26.3,26.7,27.2,27.4,27.4,27.4,27.3,27.1,27,26.7,26.4,26.1,25.9,25.9,25.9,25.8,25.7,25.7,25.7,26,26.4,27.1,27.7,28.3,28.8,29.5,30.2,30.9,31.9,32.9,33.9,34.9,35.9,36.8,37.7,38.7,39.7,40.8,41.8,43,44.2,45.6,47,48.2,49.4,50.6,51.8,52.9,54.1,55.4,56.8,58.3,59.6,60.9,62.3,63.7,65.1,66.6,68.2,69.6,70.9,72.1,73.4,74.8,76.2,77.5,78.7,79.9,81,82.2,83.7,84.5,85.3,86,86.6,87.1,87.7,88.8,90,90.8,91.6,92,92.2,92.9,93.3,93.4,92.9,92.2,91.4,90.7,89.8,88.8
Q,Quarterly,TR,Türkiye,P,Private non-financial sector,A,All sectors,C,Credit-to-GDP gaps (actual-trend),,,,Q:TR:P:A:C,,,,,,,,,,,,,,,,,,,,,,,,,,,,,,,,,,,,,,,,,,,,,,,,,,,,,,,,,,,,,,,,,,,,,,,,,,,,,,,,,,,,,,,,,,,,,,,,,,,,,,,,,,,,,,,,,,,,,,,,,,,,,,,,,,,,,,,,,,,,,,,,,,,,,,,,,,,,,,,,,,,,,,,,,,,,,,,,,,,,,,,,,,,,,,,,,,1.4,1.6,2,4.2,4.2,5.2,4.5,6.6,5.1,5.1,2,2,1.5,1,1,0.7,-0.1,0.1,0.5,-0.1,3.2,2.5,4.1,0.1,-3.4,-4.2,-4.5,-5.2,-4.8,-7.6,-7.1,-6.1,-5.2,-2.4,-2.7,-3.7,-3.3,-2.3,-1.6,3.1,4.9,8.8,7.8,7.5,6.3,7.2,8.3,9.6,12.5,12.6,12.5,12.4,11.3,9.9,10.2,10.3,10.4,12,11.1,12.8,13.3,15.4,15,12.9,11.1,11.1,9.8,9.7,9.5,12.5,13.4,13.2,11.3,10.7,11.2,10.9,12,12.8,13.7,9.8,7.6,7.1,7,9.7,8.5,7.1,4.5,4.2,3.2,4.5,9.9,-2,-1.9,-4.2,-7.4,-7.4,-4.5,2.7,4.8,-1.5,-2.6,-7.8,-12.1,-3.6,-8,-14.4,-21.6,-26,-28.1,-23.4,-27.6,-29.2
Q,Quarterly,FR,France,P,Private non-financial sector,A,All sectors,B,Credit-to-GDP trend (HP filter),,,,Q:FR:P:A:B,,,,,,,,,,,,,,,,,,,,,,,,,,,,,,,,,,,,,,,,,,,,,,,,,,,,,,,,,,,,,,,,,,,,,,,,,,,,,,,,,,,,,,,,,,,,,,,,,,,,,,,,,,,,,,,,,,,,,,,,,,,,,,,,,104.4,103.9,103.6,103.2,103,102.8,102.6,102.3,102.2,101.9,101.7,101.4,101.4,101.4,101.4,101.4,101.5,101.6,101.8,101.9,102.2,102.3,102.4,102.4,102.7,102.8,102.9,102.9,102.9,103,103.2,103.4,103.6,103.9,104.2,104.5,105,105.5,106,106.6,107.3,108.1,108.8,109.5,110.5,111.5,112.6,113.6,114.6,115.7,116.8,117.8,119,120.3,121.6,123,124.2,125.3,126.2,127,127.8,128.4,129.1,129.7,130.3,130.8,131.2,131.6,132,132.4,132.8,133.1,133.4,133.7,133.9,134.1,134.2,134.3,134.5,134.8,135.1,135.5,135.9,136.3,136.8,137.4,138,138.7,139.3,140,140.6,141.1,141.7,142.3,142.8,143.4,143.8,144.2,144.6,145.1,145.6,146,146.5,147.1,147.6,148.2,148.9,149.5,150.2,150.9,151.6,152.4,153.2,153.9,154.8,155.7,156.7,157.8,158.9,160.1,161.4,162.5,163.7,164.7,165.8,166.8,167.9,169.1,170.3,171.6,172.9,174.1,175.3,176.5,177.5,178.5,179.4,180.4,181.4,182.4,183.4,184.5,185.6,186.7,187.8,189,190.3,191.5,192.8,194.1,195.3,196.4,197.6,198.7,199.9,201.1,202.3,203.5,204.8,206.2,207.5,208.9,211.2,213.5,216,218.3,220.2,221.8,223.3,224.7,225.8,226.9,227.9,228.5,229,229.3,229.5
Q,Quarterly,FR,France,P,Private non-financial sector,A,All sectors,C,Credit-to-GDP gaps (actual-trend),,,,Q:FR:P:A:C,,,,,,,,,,,,,,,,,,,,,,,,,,,,,,,,,,,,,,,,,,,,,,,,,,,,,,,,,,,,,,,,,,,,,,,,,,,,,,,,,,,,,,,,,,,,,,,,,,,,,,,,,,,,,,,,,,,,,,,,,,,,,,,,,-4.8,-6.7,-4.7,-4.8,-2.8,-3.1,-3.5,-3.5,-2.3,-3.6,-3.4,-3.5,-0.3,-0.6,0.1,-0.6,2,0.7,1.7,1.8,3,0.8,1,0.5,2.4,1,0.7,-0.7,-0.6,1.6,2.2,1.9,2.7,3,3.6,4.1,6.9,5.5,7.5,7.2,9.4,9.6,9.5,9.1,13.1,12.9,13,12.4,13.4,13.3,12.8,11.2,13.4,15.1,16,15.3,12.8,10.5,7.4,4.5,4.5,2.1,2.5,1.3,0.5,-0.8,-1.5,-2.8,-2.3,-2,-2.2,-3.1,-3.6,-4.1,-4.8,-5.5,-6.3,-6.2,-3.9,-3.1,-1.8,-2.1,-1,0.5,0.9,1.8,3.2,3.2,3.5,3.2,2.5,1.5,1.3,1.8,1.6,0.5,-1.2,-1.4,-0.3,-0.1,-0.3,-0.7,1.1,0.9,1.7,1.8,2.8,2.6,3.1,3.1,4.6,4.6,3.8,3.6,5.7,7.2,7.5,8.8,9.9,10.3,10.7,9.5,8.1,6.7,6.8,6.1,7.5,8.4,8.4,9.1,9.7,8.4,7.6,6.3,3.9,3.4,1.7,2.1,3.2,3.4,3.4,5,4.2,3.7,4.7,5.9,6.9,6.7,6.6,6.5,5.4,3.9,3.2,3.5,4.1,4.4,4.2,4.9,5.7,6.5,5.6,7.7,21.1,23.1,24.6,20.5,11.6,8.4,5.5,2.3,-0.6,-2,-4.3,-9.3,-12.4,-14.6,-16.1
Q,Quarterly,FI,Finland,P,Private non-financial sector,A,All sectors,A,Credit-to-GDP ratios (actual data),,,,Q:FI:P:A:A,,,,,,,,,,,,,,,,,,,,,,,,,,,,,,,,,,,,,,,,,,,,,,,,,,,,,,,,,,,,,,,,,,,,,,,,,,,,,,,,,,,,,,,,,,,,,89.3,85.4,82.6,81.3,81.1,80.9,81.5,82.3,83,83.2,83.9,84,83,82.3,80.7,80.4,79.9,80.5,80.5,81.2,82.4,82.9,83.7,83.2,83.9,83.3,84,85.7,88.8,87.6,87.5,87.9,89,87,85.9,85.8,87.4,87.4,88.2,88,87.3,87,87.5,88.6,89.3,90.8,92.1,93.6,93.4,94.5,94.7,95.5,94.4,94,93.9,94.8,95.4,96.1,95.9,97,99.5,100.2,102.5,102.7,102.4,102,103.2,106,108,107.6,108,108,114.2,115,116,117,115.5,117.5,122.2,126.8,128.9,130.7,133.6,138.8,141.8,147.4,153.4,159.6,163.6,159.8,156.2,152.1,145.4,145.2,143.1,140,136.8,132.3,127.7,123.9,118.4,117,116.8,115.9,115.2,116.7,117.4,117.9,116.6,113.9,111.8,109.9,108.7,111.7,114.6,113.8,112.3,114.1,115.5,121.3,121.7,121.5,121.9,120.2,117.4,124.4,123,122.2,119.5,120,123.1,124,125.4,126.9,129,129.1,128.9,129.2,132.4,132.4,133.9,137.5,140.7,142,140,141.2,143.1,143.4,144.8,144.6,148.9,152.2,156.1,161.3,167,164.4,165.2,169.2,172.6,170.8,167.2,168,167.8,167.4,168.2,169.1,169.7,170.3,171.5,176.3,176.2,176,176.2,175.3,175.5,176,182.5,187.2,190.7,193.3,189.4,186.1,184.4,182,179.5,181.3,183.1,185.5,186.8,186.6,187.6,187.6,185.9,186.8,185.4,185.3,183.7,184.3,188.5,189.7,191.3,193.3,191.8,190.8,189.2,188,186.6,186,187.6,183.3,182.4,181,178
Q,Quarterly,IN,India,P,Private non-financial sector,A,All sectors,C,Credit-to-GDP gaps (actual-trend),,,,Q:IN:P:A:C,,,,,,,,,,,,,,,,,,,,,,,,,,,,,,,,,,,,,,,,,,,,,,,,,,,,,,,-1.4,-2,-1.6,-0.5,-0.3,-1,-1,-0.9,-1,-1.8,-1.8,-1.9,-2.1,-2.8,-2.6,-2.2,-1.5,-1.7,-1.1,-0.7,-0.5,-1.5,-1.3,-1.3,-1.9,-2.6,-2.3,-1.8,-1.3,-1.5,-1.1,-0.3,0.2,-0.7,-0.3,0.3,1.2,1.1,1.9,2.8,2.2,2,2.9,3.1,3.4,2.3,3,3.9,3.1,1.6,2.9,2.6,2.4,1,1.3,2.6,2.6,2.6,4.1,5.9,5.9,6.2,8.3,7.5,6.2,5.4,6.2,5.5,5.9,5.4,8.1,7.4,7.8,7.8,8.6,8,5.9,4,5.3,5.4,4.3,3.2,4.6,4.2,3.2,2.6,5.5,4.4,2.9,1.8,3.4,3.3,3,1.8,3.8,3.5,1.7,1.2,1.8,3.6,1.5,0.3,0.9,2.9,0.1,-0.7,-0.7,1.4,-1.4,-2.2,0.2,0,-0.5,-1.7,-0.7,-0.2,-1.5,-3.3,-2.8,-3,-4.8,-6.5,-6.6,-5.8,-5.1,-5.2,-4.3,-3.3,-4.8,-7.1,-7,-7,-8.7,-7.6,-7.2,-4.3,-5.9,-5.1,-5,-2.9,-4.9,-5.7,-5.9,-4,-5.8,-6.1,-4.6,-1.6,-3,-3.3,-3.8,-0.9,-3.3,-2.8,-0.3,0.5,1.4,1.1,2.8,3.4,2.6,2.4,3.2,4.5,7.3,6.5,7.1,8.1,6.5,4.6,5.1,7.2,6.3,6.2,9.5,10.9,10.8,14.2,14.2,19.7,17,18.8,17.5,21.4,15.6,16.4,16,20.6,16.6,17.1,16.1,18.1,13.5,13.4,10.3,12.2,8.8,7,9.9,8.2,4.9,3,4.7,3.5,-0.5,0.2,1.1,-2.8,-5.4,-8.3,-10.3,-10.4,-11.7,-10.6,-8.8,-10.6,-13.2,-12.4,-12.3,-16.3,-16.9,-22.2,-19.7,-20.2,-14.6,-12.3,-6,-10.6,-11.7,-13.2,-12.8,-13.8,-13.4,-11.6,-8.3,-10.6,-5,-2,0.1,0.9,-6.4,-9.5,-10.8,-7.9,-10.8,-10.1,-7.4,-6.7,-4,-5,-2.1
Q,Quarterly,IL,Israel,P,Private non-financial sector,A,All sectors,A,Credit-to-GDP ratios (actual data),,,,Q:IL:P:A:A,,,,,,,,,,,,,,,,,,,,,,,,,,,,,,,,,,,,,,,,,,,,,,,,,,,,,,,,,,,,,,,,,,,,,,,,,,,,,,,,,,,,,,,,,,,,,,,,,,,,,,,,,,,,,,,,,,,,,,,,,,,,,,,,,,,,,,,,,,,,,,,,,,,,,,,,,,,,,,,,,,,,,,,,,,,,,75.7,77.5,76.4,76.7,76.5,74.1,73.8,74.9,78.5,80.3,81.7,81.2,85.9,85.5,86.9,87.8,90.2,90.2,88.2,86.4,88.2,88.4,90.1,89.9,90.6,90.4,93.8,93.6,95,93.9,95.8,97.5,102.4,101.2,101.6,104.4,106.8,106.1,106.2,105.4,106.9,107.7,108.7,112.3,115.5,118.2,121.6,122.5,120.1,117.3,114,115,116.4,117.6,117.8,117.1,116.1,116.3,119.7,121.9,121.3,121.3,119.6,119,121.5,123.9,128.4,126.4,126.4,124.3,125.1,124,120.5,122.3,121,121.4,121.6,119.8,121.6,121.6,121.1,120.4,119.4,119.5,118.4,118.6,117.2,116.3,116,114.2,113.2,113,112.1,110.3,110.7,112.2,110.1,110.1,107.9,108.5,109.1,108.7,110.2,110.1,110.3,109.5,109.8,111.2,109.8,111.2,111.3,110.8,110,109.9,110,108.6,109.4,108,108.9,110.8,112.9,114.6,113.7,114.4,114.9,114.8,116.1,114.5,113.4,112.8,112.6,111.5,111.4
Q,Quarterly,IN,India,P,Private non-financial sector,A,All sectors,B,Credit-to-GDP trend (HP filter),,,,Q:IN:P:A:B,,,,,,,,,,,,,,,,,,,,,,,,,,,,,,,,,,,,,,,,,,,,,,,,,,,,,,,25.4,25.3,25.2,25.2,25.3,25.3,25.3,25.3,25.2,25.1,25.1,25,24.8,24.7,24.5,24.4,24.3,24.2,24.1,24.1,24.1,24,23.9,23.8,23.7,23.5,23.3,23.2,23.1,23,22.9,22.9,22.9,22.8,22.8,22.8,22.8,22.9,23,23.2,23.3,23.4,23.6,23.8,24,24.2,24.4,24.6,24.9,25,25.2,25.4,25.6,25.7,25.8,26.1,26.3,26.5,26.8,27.2,27.7,28.1,28.7,29.3,29.8,30.2,30.7,31.2,31.7,32.2,32.9,33.5,34.2,34.9,35.6,36.3,36.9,37.4,38,38.6,39.2,39.7,40.2,40.8,41.3,41.8,42.4,43,43.6,44,44.6,45.1,45.7,46.2,46.8,47.3,47.8,48.3,48.8,49.4,49.9,50.3,50.8,51.3,51.8,52.1,52.5,53,53.3,53.6,54,54.4,54.8,55.1,55.5,55.9,56.2,56.4,56.6,56.8,57,57,56.9,57,57,57,57.1,57.3,57.3,57.2,57.1,57,56.7,56.6,56.4,56.4,56.3,56.2,56.1,56.2,56.1,55.9,55.8,55.7,55.5,55.3,55.2,55.3,55.2,55.2,55.1,55.2,55.1,55,55.1,55.3,55.5,55.6,55.9,56.2,56.5,56.8,57.1,57.5,58,58.6,59.1,59.8,60.4,60.8,61.3,62,62.6,63.1,63.9,64.8,65.8,66.9,68,69.5,70.9,72.4,73.8,75.5,76.9,78.4,79.9,81.6,83.2,84.8,86.4,88.2,89.7,91.2,92.5,94,95.3,96.6,98,99.3,100.4,101.4,102.6,103.7,104.5,105.4,106.4,107.1,107.6,108,108.3,108.5,108.7,108.9,109.2,109.3,109.3,109.3,109.3,109.1,108.8,108.1,107.6,107,106.7,106.5,106.6,106.5,106.3,106,105.7,105.3,104.9,104.6,104.5,104.2,104.2,104.4,104.7,105.1,105,104.7,104.4,104.2,103.8,103.5,103.3,103.1,103,102.9,103
Q,Quarterly,CL,Chile,P,Private non-financial sector,A,All sectors,C,Credit-to-GDP gaps (actual-trend),,,,Q:CL:P:A:C,,,,,,,,,,,,,,,,,,,,,,,,,,,,,,,,,,,,,,,,,,,,,,,,,,,,,,,,,,,,,,,,,,,,,,,,,,,,,,,,,,,,,,,,,,,,,,,,,,,,,,,,,,,,,,,,,,,,,,,,,,,,,,,,,,,,,,,,,,,,,,,,,,,,,,,,,,,,,,,,,,,,,,,,,,,,,,,,,,,,,,9.1,9.9,11,13.4,11.6,9.8,9.7,9.7,9.8,7.1,8.8,12.1,12.5,12,13.7,16.3,16.3,15.2,16,18.6,19.6,20.8,19.4,19.3,21.1,24.4,24.4,21.2,17.5,17.9,17.2,18.3,18.7,18.3,20.8,13.9,11.8,12.4,13.9,8.5,6.4,1.1,-2.6,-7,-7,-8.5,-10.3,-15,-14.5,-14.5,-16.4,-17.3,-17.8,-18.4,-18.5,-18.3,-17.4,-17.2,-14.1,-12.1,-13.1,-6.9,-0.3,6.3,6.5,3.2,4.1,2.4,1.7,1.6,-4.1,-6.4,-6.6,-6.6,-3,-0.7,-1.6,1.1,0.5,4,3.2,5.6,6.5,9.5,11.2,11.1,14.5,16.3,15,13.9,21,19.2,15.7,13.3,11.8,10.8,9.3,7.8,4.3,1.2,-0.5,-0.1,1.2,3.7,2.8,5.1,8.9,9.8,14.2,20.3,17.7,6.8,3.5,-4.8,-5.6,-7.4,-13.3,-6.5,-5.8,-12.1,-18.2,-18.3,-13.7,-13.7
Q,Quarterly,BE,Belgium,P,Private non-financial sector,A,All sectors,A,Credit-to-GDP ratios (actual data),,,,Q:BE:P:A:A,,,,,,,,,,,,,,,,,,,,,,,,,,,,,,,,,,,,,,,,,,,,,,,,,,,,,,,,,,,,,,,,,,,,,,,,,,,,,,,,,,,,,,,,,,,,,77.7,77.3,78.1,77.7,78.7,77.7,78.6,78.6,80.6,80.7,81.5,82,82.3,81.7,80.8,79.8,79.3,78.5,79.4,79.8,82.5,82.8,83.2,83.1,84.2,84,85.8,86.5,89.1,88.5,91.1,92,93.7,93.9,96.8,98.6,99.5,88.8,89.2,87.8,88.4,88.4,88.4,87.8,91.2,90.2,88.9,86.4,89.7,88.5,87.5,86.9,87.6,85.6,84.9,83.3,84.1,82.6,82.6,80.8,80.9,80.2,80.6,79.3,79.9,80.5,82.9,81.2,81.9,82.7,84.2,85.2,86,86.2,89,89.5,91.9,90.3,92.1,92.5,93.1,94.6,95.8,95.7,96.4,95.7,97.1,96.7,106.5,107.8,109.1,109.3,110.2,109.9,110.7,111.1,110.8,109.8,109.1,107.1,106.4,106.8,108.6,109.6,110.4,113.1,115.2,116.6,117.6,117.3,120.6,122.1,123.7,128.7,131,134.3,136.3,138.7,140.9,143.3,146.2,147.1,149.2,150,152.2,151.1,150.7,149.9,149.2,148.1,151,153,155.7,156.4,156.7,157.4,158.5,157.8,157.8,157.2,156.9,157,158.2,159,159.1,162,164.6,167.7,170.1,174.6,179.4,184.3,192.1,195.9,199.4,202.1,201.4,198.8,197.6,192.5,189.5,191,194.7,196.4,199.7,203.6,206.9,206.5,204.1,207.4,211.2,206.7,205.1,199.6,200.1,201.7,205.4,214.4,205.4,211.5,207.2,223.9,228.6,227.6,227.9,222.6,219.6,215.1,215.8,212.4,213.1,209.7,210.8,210.9,210.4,212.7,211.9,210.9,214.9,214.8,222.4,224.1,214.4,213.8,206,203.9,202.5,202.3,195.1,192.2,189.7,187.8,189.3
Q,Quarterly,PT,Portugal,P,Private non-financial sector,A,All sectors,A,Credit-to-GDP ratios (actual data),,,,Q:PT:P:A:A,,,,,,,,,,,,,,,,,,,,,,,,,,,,,,,,,,,,,,,,,,,,,,,,,,,,,63.6,62.7,61.6,60.4,59.3,60.4,61.6,62.7,63.7,64.6,65.3,66,66.7,68.1,69.5,70.8,71.8,72.5,73,73.5,74,73.4,73.9,76,77.6,76,75.8,74.9,73.8,72,74,74.4,77.2,76.5,79.2,80.5,85.6,84.2,86.4,88.1,86.6,85.5,87.5,89.5,95.6,98.3,100.5,102.3,105.5,108.3,106.6,108,115,112.7,109.6,108.9,112.5,111.3,112.7,112.4,114.6,111.4,110,108,116.2,112.2,107.7,107.6,112.5,109.6,111.2,110.1,110.8,108,108.3,106.6,108,108.1,106.8,106.1,110.7,113.4,117.8,118.9,121.1,122.7,125.8,126.5,129.1,129.1,132,130.8,138,134.1,135.6,137.2,137,132.9,129.5,124.3,118.4,110.9,106.3,102.8,99.8,97.6,94.9,93.7,91.3,89.9,87.6,86.7,86.5,82.4,81.5,80.9,82.3,81,82,78.3,77.1,78.8,81.7,81.8,82.3,79.6,80.3,81.9,85.7,85.4,89,89.8,94.5,93.6,93.3,93,96.3,93.6,93.2,92.9,93.4,98,99.4,100.1,102.3,104.6,104.3,104.1,106.1,112,113.3,114.8,118.9,120.1,125.6,128.3,131.2,136.7,138.6,140.8,142.8,146.8,149.5,152,154.4,154.7,153.9,156.4,160.3,165.1,166,166.2,167.6,171.8,173.5,174.9,176.6,176,178.5,178.7,180.9,182.5,183.2,183.4,184.2,185,189.4,190.8,193.9,197.4,202.5,203.9,206.3,211.1,215,216.2,215.4,215,216.5,214.8,218,220.2,221.5,222.8,223.2,224.3,226.1,229,231.6,230.1,228.1,224.1,220.1,215.8,212.2,210,208.2,205.3,202.1,199.3,196.7,192.7,190.3,187.7,184.3,183.5,181.1,178.7,176.7,173.7,170.5,169.2,167.1,165.7,164.6,163.2,160.9,161.7,171.4,174.1,176.6,179.5,174.4,172.5,169.4,165.5,160.8,157.5,153.5,148.2,144.3,142,138.1
Q,Quarterly,BR,Brazil,P,Private non-financial sector,A,All sectors,C,Credit-to-GDP gaps (actual-trend),,,,Q:BR:P:A:C,,,,,,,,,,,,,,,,,,,,,,,,,,,,,,,,,,,,,,,,,,,,,,,,,,,,,,,,,,,,,,,,,,,,,,,,,,,,,,,,,,,,,,,,,,,,,,,,,,,,,,,,,,,,,,,,,,,,,,,,,,,,,,,,,,,,,,,,,,,,,,,,,,,,,,,,,,,,,,,,,,,,,,,,,,,,,,,,,,,,,,,,,,,,,,,,,,,,,,,,,,,,,,,,,,,,,,,,,,,,,,,,,,,,,,,,,,-0.9,0.1,0.9,2.2,0.3,-0.9,-0.5,0,1.5,3.1,4.8,6.5,5.1,5.3,6.1,6.8,4.6,3.6,5.1,6,5.4,5.3,5.4,7,6.6,7.7,7.4,8.5,7.7,9.4,8.4,9.2,7.5,7,7.8,9.5,11.4,9.9,13.4,12.4,8.4,4.5,3,2,-0.1,-0.6,-2.3,-1.5,-3.6,-1.9,-1.7,-0.9,-1.2,-1,-0.2,0,4,6.1,7.7,6.2,5.9,0.7,1.4,2.1,-1,0.5,1.3,1.2,-0.6,-2.2,-0.6,-0.6
Q,Quarterly,CH,Switzerland,P,Private non-financial sector,A,All sectors,A,Credit-to-GDP ratios (actual data),,,,Q:CH:P:A:A,,,,,,,,,,,,,,,,,,,,,,,,,,,,,,,,,,,,,,,,,,,,,,,,,,,,,130.8,131.2,131.1,129.7,132.5,133.1,132.3,131.7,132.3,130.5,131,130.2,130.9,134.7,134.1,131.9,132.7,132.2,132.5,132.9,134.4,133.6,134,134.2,135.1,133.9,134.3,134.3,137,138.8,141.2,141.3,143.9,145.6,149.1,150.9,149.7,148.6,148.6,147.2,148.6,146.9,146.3,143.1,143.2,140.6,140.7,139.4,140.3,137,135.5,135.3,136.7,135.1,133.7,133.2,115.3,116.7,119.8,121.5,127.5,127.7,129.9,130.1,135.1,133.9,136.2,136.8,143.3,140.7,142.7,143.1,149.2,147.2,149.3,148.9,152.4,152.6,154.3,154.1,158,157.5,160.3,158.9,155.8,149.8,149.5,153.5,155.7,155.3,158,158.9,161.1,158.9,160.9,160.2,160.8,161.5,160.4,159.8,162.1,161.8,164.2,165.3,166.8,168.3,171.9,172.8,174.2,177.8,181.3,183.6,185.7,190.3,194.5,194.8,196.6,197.3,198.6,197.8,196.6,196,197.3,196.2,195.6,195.6,195.9,195.7,195.6,196.6,196.7,194.8,190.8,190.7,190.9,191,190.7,191.3,191.8,191.2,193.2,195.6,196.3,195.5,196.5,198,198.1,196.3,195.4,194.8,194.7,192.3,191.6,196.2,199.4,201.2,199.8,193.8,193.3,191.1,191.3,196.1,192,188.7,186.8,189.7,188.4,188.3,188,190.6,192.4,195,195.7,198.6,193.6,193.9,194.5,194.1,194.1,192.7,195.7,189.9,188.6,189.2,193.2,200.1,201.7,200.8,201.4,199.4,204.1,204.2,198.6,203.1,210,210.2,214.6,214.9,218,218.1,214.6,221,219.3,221.4,221.5,222.1,224,228.4,229.2,229.3,229,228.2,230.2,230,231.5,229.7,229.9,229.4,228.5,229.9,234,239.8,239.3,241.3,241.2,243.3,247.8,249.2,251.2,257.5,251.2,249,244.5,248.5,252.9,259.6,266.1,266.1,273.6,279,276.9,288.7,286.2,285.1,280.2,283.3,282.6,280.7,273.6,276.4,274.4,274,267.5
Q,Quarterly,XM,Euro area,P,Private non-financial sector,A,All sectors,C,Credit-to-GDP gaps (actual-trend),,,,Q:XM:P:A:C,,,,,,,,,,,,,,,,,,,,,,,,,,,,,,,,,,,,,,,,,,,,,,,,,,,,,,,,,,,,,,,,,,,,,,,,,,,,,,,,,,,,,,,,,,,,,,,,,,,,,,,,,,,,,,,,,,,,,,,,,,,,,,,,,,,,,,,,,,,,,,,,,,,,,,,,,,,,,,,,,,,,,,,,,,,,,,,,,,,,,,,,,,,,,,,,,,,,,,,,,,,,,,,,,,,,,,,,,,,,,,,,,,,,,,,,,,,,,,,,,,,,,,3,4,3.8,3.7,2.5,1.7,-0.5,-0.7,-3.2,-3.5,-4.6,-2.8,-2.8,-2.4,-3.1,-5.4,-5.8,-6.7,-7.6,-9.3,-8.5,-8.4,-8.9,-9,-3.7,-5.5,-6.6,-8.3,-8.2,-7.8,-8.3,-9.2,-8.8,-10.3,-11.6,-12.4,-13.6,-13.5,-13.5,-15,-14.6,-14,-13.3,-14.3,-12.2,-4.1,-2.2,-1,-0.2,-4.9,-6.6,-8.1,-10.1,-11.7,-11.6,-14.6,-17.5,-18.8,-19.6,-20.1
Q,Quarterly,BR,Brazil,P,Private non-financial sector,A,All sectors,B,Credit-to-GDP trend (HP filter),,,,Q:BR:P:A:B,,,,,,,,,,,,,,,,,,,,,,,,,,,,,,,,,,,,,,,,,,,,,,,,,,,,,,,,,,,,,,,,,,,,,,,,,,,,,,,,,,,,,,,,,,,,,,,,,,,,,,,,,,,,,,,,,,,,,,,,,,,,,,,,,,,,,,,,,,,,,,,,,,,,,,,,,,,,,,,,,,,,,,,,,,,,,,,,,,,,,,,,,,,,,,,,,,,,,,,,,,,,,,,,,,,,,,,,,,,,,,,,,,,,,,,,,,47.6,47.6,47.7,47.9,47.9,47.8,47.7,47.7,47.8,48.1,48.5,49,49.5,50,50.5,51.1,51.6,51.9,52.4,53,53.5,54.1,54.6,55.3,55.9,56.6,57.3,58.2,58.9,59.8,60.6,61.5,62.3,63.1,63.9,64.9,65.9,67,68.2,69.4,70.4,71.1,71.7,72.3,72.8,73.3,73.6,74,74.2,74.6,74.9,75.3,75.7,76.1,76.5,77,77.7,78.5,79.4,80.2,81.1,81.6,82.2,82.8,83.3,83.8,84.4,84.9,85.4,85.8,86.3,86.7
Q,Quarterly,XM,Euro area,P,Private non-financial sector,A,All sectors,B,Credit-to-GDP trend (HP filter),,,,Q:XM:P:A:B,,,,,,,,,,,,,,,,,,,,,,,,,,,,,,,,,,,,,,,,,,,,,,,,,,,,,,,,,,,,,,,,,,,,,,,,,,,,,,,,,,,,,,,,,,,,,,,,,,,,,,,,,,,,,,,,,,,,,,,,,,,,,,,,,,,,,,,,,,,,,,,,,,,,,,,,,,,,,,,,,,,,,,,,,,,,,,,,,,,,,,,,,,,,,,,,,,,,,,,,,,,,,,,,,,,,,,,,,,,,,,,,,,,,,,,,,,,,,,,,,,,,,,156.3,157.7,159.1,160.5,161.7,162.9,163.9,164.9,165.6,166.4,167,167.8,168.5,169.3,170,170.6,171.1,171.5,171.9,172.1,172.4,172.6,172.8,173,173.6,174,174.4,174.6,174.8,175.1,175.2,175.4,175.5,175.5,175.5,175.3,175.1,174.8,174.6,174.2,173.8,173.5,173.1,172.7,172.4,172.6,172.9,173.2,173.6,173.7,173.7,173.6,173.4,173.1,172.7,172.2,171.4,170.6,169.7,168.7
Q,Quarterly,CL,Chile,P,Private non-financial sector,A,All sectors,B,Credit-to-GDP trend (HP filter),,,,Q:CL:P:A:B,,,,,,,,,,,,,,,,,,,,,,,,,,,,,,,,,,,,,,,,,,,,,,,,,,,,,,,,,,,,,,,,,,,,,,,,,,,,,,,,,,,,,,,,,,,,,,,,,,,,,,,,,,,,,,,,,,,,,,,,,,,,,,,,,,,,,,,,,,,,,,,,,,,,,,,,,,,,,,,,,,,,,,,,,,,,,,,,,,,,,,53.5,54,54.6,55.5,56.2,56.8,57.4,58,58.6,59,59.6,60.5,61.4,62.2,63.2,64.5,65.8,67,68.2,69.7,71.3,73,74.7,76.3,78.1,80.2,82.3,84.2,85.8,87.6,89.3,91.1,92.9,94.8,96.8,98.4,99.9,101.5,103.2,104.5,105.8,106.7,107.4,107.8,108.2,108.5,108.7,108.6,108.5,108.4,108.1,107.8,107.4,106.9,106.4,105.9,105.4,104.9,104.6,104.3,104,104,104.4,105.2,106,106.6,107.3,107.9,108.4,109,109.2,109.3,109.3,109.4,109.6,110,110.3,110.8,111.2,111.8,112.4,113.2,114,115,116.1,117.2,118.5,120,121.4,122.8,124.6,126.3,127.9,129.3,130.7,132.1,133.3,134.5,135.6,136.4,137.1,137.9,138.8,139.7,140.7,141.8,143.1,144.5,146.1,148.1,150,151.3,152.5,153.1,153.7,154.2,154.3,154.8,155.4,155.5,155.3,155,155,155
Q,Quarterly,LU,Luxembourg,P,Private non-financial sector,A,All sectors,C,Credit-to-GDP gaps (actual-trend),,,,Q:LU:P:A:C,,,,,,,,,,,,,,,,,,,,,,,,,,,,,,,,,,,,,,,,,,,,,,,,,,,,,,,,,,,,,,,,,,,,,,,,,,,,,,,,,,,,,,,,,,,,,,,,,,,,,,,,,,,,,,,,,,,,,,,,,,,,,,,,,,,,,,,,,,,,,,,,,,,,,,,,,,,,,,,,,,,,,,,,,,,,,,,,,,,,,,,,,,,,,,,,,,,,,,,,,,,,,,,,,,,,,,,,,,,,,,,,,,,,,,0.6,-3.2,-6.6,-15,-16.5,-17.1,-16.4,-13.8,16.1,38.1,58.5,77.7,62.6,51.7,41,31.7,39.3,48.3,54,46.9,32.2,16.7,4.5,-5.8,-11.3,-6,-7.2,-6.3,0.8,-0.7,-2,-7.4,-11.2,-14.5,-16.2,-17.2,-14.7,-15.5,-12.5,-12.6,-9.5,-16.6,-18.6,-19.3,-34.8,-37.5,-40.9,-36.6,-36.3,-42.4,-46.1,-46.4,-42.2,-42.4,-41.4,-39.1,-31.9,-29.8,-26.7,-30.9,-34.2,9.4,-9.2,-25.5,-27.6,-30.3,-25.4,-24.3,-42.3,-57,-51.6,-53.4,-50,-51.1,-52.2,-50.9
Q,Quarterly,LU,Luxembourg,P,Private non-financial sector,A,All sectors,B,Credit-to-GDP trend (HP filter),,,,Q:LU:P:A:B,,,,,,,,,,,,,,,,,,,,,,,,,,,,,,,,,,,,,,,,,,,,,,,,,,,,,,,,,,,,,,,,,,,,,,,,,,,,,,,,,,,,,,,,,,,,,,,,,,,,,,,,,,,,,,,,,,,,,,,,,,,,,,,,,,,,,,,,,,,,,,,,,,,,,,,,,,,,,,,,,,,,,,,,,,,,,,,,,,,,,,,,,,,,,,,,,,,,,,,,,,,,,,,,,,,,,,,,,,,,,,,,,,,,,,216.2,219,221.4,223,224.4,225.7,227.1,228.7,232.9,239.1,247.1,256.7,265.3,273,279.9,286.1,293,300.6,308.7,316.3,322.9,328.5,333.1,337.1,340.6,344.5,348.3,352.2,356.5,360.8,364.9,368.7,372.2,375.5,378.7,381.8,385,388.2,391.5,394.8,398.2,401.3,404.1,406.9,408.8,410.4,411.7,413.3,414.8,415.9,416.7,417.5,418.4,419.2,420,420.9,422.2,423.5,425,426.2,427.1,430.6,433,434.4,435.6,436.6,437.9,439.2,439.4,438.7,438.3,437.6,437,436.3,435.5,434.6
Q,Quarterly,RU,Russia,P,Private non-financial sector,A,All sectors,B,Credit-to-GDP trend (HP filter),,,,Q:RU:P:A:B,,,,,,,,,,,,,,,,,,,,,,,,,,,,,,,,,,,,,,,,,,,,,,,,,,,,,,,,,,,,,,,,,,,,,,,,,,,,,,,,,,,,,,,,,,,,,,,,,,,,,,,,,,,,,,,,,,,,,,,,,,,,,,,,,,,,,,,,,,,,,,,,,,,,,,,,,,,,,,,,,,,,,,,,,,,,,,,,,,,,,,,,,,,,,,,,,,,,,,,,,,,,,,,,,,,,,,,,,,,,,,,,,,,,,,,36,36.8,38,39,40,40.9,42.1,43.2,44.9,46.7,48.3,50,51.6,53.1,54.8,56.7,58.3,59.9,61.5,62.7,63.7,64.7,65.4,65.9,66.4,67,67.6,68.2,68.9,69.6,70.4,71.3,72.4,73.7,75,76.4,77.7,79.2,81.2,83.2,84.9,86.8,88.8,90.6,92.2,93.7,95.1,96.3,97.4,98.5,99.6,100.6,101.6,102.4,103.2,103.9,104.4,105,105.7,106.6,107.7,109,110.3,111.4,112,112.5,112.7,112.8,112.3,111.9,111.6,111.6,111.6,111.7,111.8
Q,Quarterly,RU,Russia,P,Private non-financial sector,A,All sectors,C,Credit-to-GDP gaps (actual-trend),,,,Q:RU:P:A:C,,,,,,,,,,,,,,,,,,,,,,,,,,,,,,,,,,,,,,,,,,,,,,,,,,,,,,,,,,,,,,,,,,,,,,,,,,,,,,,,,,,,,,,,,,,,,,,,,,,,,,,,,,,,,,,,,,,,,,,,,,,,,,,,,,,,,,,,,,,,,,,,,,,,,,,,,,,,,,,,,,,,,,,,,,,,,,,,,,,,,,,,,,,,,,,,,,,,,,,,,,,,,,,,,,,,,,,,,,,,,,,,,,,,,,,-0.6,2.4,6.7,4.8,4.8,3.8,6.1,6.1,11.8,13,11.4,11.3,9.8,9,10.8,13.9,9.3,10.1,8.9,3,1.4,0,-2.3,-5.9,-6.5,-4.3,-4,-5.4,-2.7,-1.5,-1,0.4,3.2,5.5,6.6,7.6,7,8.8,17,15.5,11.6,15,15.1,12,8.1,6.7,4.5,0.6,0.5,0.1,-0.4,-2.4,-2.9,-4.3,-5.1,-7.8,-9.3,-8,-7,-1.3,0,4.9,3.9,0.1,-6.4,-9.8,-14,-16.4,-25.4,-23.8,-19.6,-16.1,-14.2,-12.3,-12.9
Q,Quarterly,HK,Hong Kong SAR,P,Private non-financial sector,A,All sectors,C,Credit-to-GDP gaps (actual-trend),,,,Q:HK:P:A:C,,,,,,,,,,,,,,,,,,,,,,,,,,,,,,,,,,,,,,,,,,,,,,,,,,,,,,,,,,,,,,,,,,,,,,,,,,,,,,,,,,,,,,,,,,,,,,,,,,,,,,,,,,,,,,,,,,,,,,,,,,,,,,,,,,,,,,,,,,,,,,,,,,,,,,,,,,,,,,,,,,,,,-6.4,2.6,1.9,5.4,6.5,4.6,6.5,5.6,10.4,5.2,-6,-6.6,-7.7,-10.2,-9.6,-11.3,-16,-11.8,-13.4,-11.7,-12.8,-10.7,-9.3,-10.1,-11.9,-9.5,-4.9,-4.8,-1.8,-0.7,3.1,2.6,2.8,7.1,11.6,14.6,7.6,4.5,4.6,5.4,2.6,0.2,-2.9,-4.6,-7.6,-9.9,-12.9,-8,-11,-9.8,-11.4,-10.9,-11.9,-10.5,-11.2,-11.3,-12.2,-12.2,-7.1,-6.4,-4.6,-2.7,-6.7,-6.9,-4.1,-2.6,1.9,-1.8,-1.5,-2.9,-0.8,-1.2,-0.4,1.5,10,14.6,7,9.6,13.7,14.1,7,1,8.3,10.5,6,10.5,20.1,30.7,28.7,37.8,40.4,39.4,29.5,28.5,26.5,24.4,21.2,26.3,37.6,38.6,34.1,44.3,49.5,50,37.3,42.4,38.2,28.2,35.5,30.3,31.6,28.9,29.8,35.9,45.3,44.6,48,48.8,39.8,23.6,22.2,19.1,21,21.8,21,34.5,35,48.9,35.6,35.2,38.1,18.3,2.7,11.8,10.7,-1.6,-5.6,-4.9,-10.2,-21.1,-24.8
Q,Quarterly,HK,Hong Kong SAR,P,Private non-financial sector,A,All sectors,B,Credit-to-GDP trend (HP filter),,,,Q:HK:P:A:B,,,,,,,,,,,,,,,,,,,,,,,,,,,,,,,,,,,,,,,,,,,,,,,,,,,,,,,,,,,,,,,,,,,,,,,,,,,,,,,,,,,,,,,,,,,,,,,,,,,,,,,,,,,,,,,,,,,,,,,,,,,,,,,,,,,,,,,,,,,,,,,,,,,,,,,,,,,,,,,,,,,,,144.6,145.7,146.8,148.2,149.8,151.1,152.7,154.2,156.1,157.5,158,158.5,158.9,159,159.2,159.2,158.9,158.8,158.7,158.6,158.4,158.4,158.4,158.4,158.3,158.3,158.6,158.9,159.4,160,160.8,161.6,162.4,163.5,164.9,166.5,167.7,168.7,169.7,170.8,171.7,172.4,173,173.4,173.7,173.8,173.7,173.9,173.9,174,173.9,173.9,173.8,173.7,173.6,173.5,173.3,173,173.1,173.2,173.4,173.7,173.7,173.7,173.9,174.2,174.7,175,175.3,175.6,175.9,176.3,176.6,177.1,178.1,179.4,180.2,181.2,182.5,183.8,184.7,185.3,186.3,187.4,188.3,189.5,191.3,193.7,196,198.9,202,205.1,207.7,210.3,212.9,215.3,217.6,220.3,223.6,227.1,230.3,234.2,238.5,242.9,246.6,250.7,254.7,258.1,261.9,265.5,269.3,272.9,276.7,280.8,285.6,290.4,295.4,300.6,305.3,309.2,313,316.7,320.5,324.4,328.3,333,337.7,343.4,348.3,353.3,358.6,362.7,365.9,369.7,373.5,376.5,379.3,382.2,384.7,386.6,388.2
Q,Quarterly,GR,Greece,P,Private non-financial sector,A,All sectors,A,Credit-to-GDP ratios (actual data),,,,Q:GR:P:A:A,,,,,,,,,,,,,,,,,,,,,,,,,,,,,,,,,,,,,,,,,,,,,,,,,,,,,,,,,,,,,,,,,,,,,,,,,,,,,,,,,,,,,,,,,,,,,34.9,35.4,37,37.6,38.6,38.9,40.1,40.6,41.9,40.9,40.4,39.1,38.7,37.9,38.5,39.1,40.2,40.3,41.2,41.6,42,41.5,42.3,42.5,43.1,43.2,44.5,44.9,46.1,46.4,46.8,45.9,46.5,45.7,45.6,44.7,44.5,44.5,44,43.7,45.3,45.4,46.2,47.2,48.8,47.2,46.5,46.8,48.7,47,46.8,46.1,48.8,46.7,46.4,45.8,48.1,47.4,47.4,46.7,47.2,46.5,46.1,44.6,45,44.5,44,43.4,43.9,43,42.6,41.2,41.4,41.1,41.3,40.4,42.4,42.6,42.3,40.8,39.8,39.3,38.7,37,37.2,35.8,37.4,37.2,37,36.4,37.2,36.8,35.2,34.3,35.4,34.4,35.8,34.8,35.1,35.2,36,36.2,36.7,36.8,36.6,37,38.2,38.3,38.5,40.7,41,40.7,41.8,43.6,43.4,44.2,45.1,46.9,49.4,51.9,53.9,55.9,57.8,59,61.1,61.5,63.1,63.5,64.8,65.2,65.7,67.6,69,69.1,71.3,72.1,74.2,76.6,79.7,81.9,86.3,86,88.2,90.5,93.2,93.8,96.4,98.7,102.1,105.5,108.8,112,114,114.7,114.3,116.3,117.1,117.8,124.2,124.7,129.2,131.2,133.8,135.9,132.7,133.1,135.5,135,135.1,134.8,134.7,134.3,133.4,133.5,134.4,133.8,132.7,132.3,131.1,129.8,129.6,129.5,128.9,127.3,127.5,126.4,124.6,122.3,121.1,120.4,119.4,119.5,119.9,115.4,113.4,111.4,111.4,112.6,117,122.7,126,129.2,130.8,126.6,123,118.8,115.8,111.8,102,99.4,97.8,96.7,96.9
Q,Quarterly,IT,Italy,P,Private non-financial sector,A,All sectors,B,Credit-to-GDP trend (HP filter),,,,Q:IT:P:A:B,,,,,,,,,,,,,,,,,,,,,,,,,,,,,,,,,,,,,,,,,,,,,,,,,,,,,,,,,,,,,,,,,,,,,,,,,,,,,,,,,,,,,,,,,,,,,80,80.4,80.8,81.3,81.9,82.4,83.1,83.7,84.4,85.1,85.8,86.2,86.5,86.7,86.7,86.6,86.5,86.3,86.2,86.1,86,85.9,85.5,85,84.5,83.8,83.1,82.4,81.8,80.9,79.8,78.8,77.9,76.9,75.9,74.8,73.9,72.8,71.8,70.8,69.9,69.1,68.3,67.4,66.7,65.8,64.9,64.1,63.3,62.6,61.7,60.9,60.2,59.5,58.9,58.4,58,57.6,57.2,56.7,56.4,56,55.5,55.1,54.9,54.7,54.5,54.2,54.1,53.9,53.9,53.8,53.9,53.9,54.1,54.2,54.5,54.8,55,55.1,55.6,56,56.4,56.8,57.4,57.9,58.5,59.1,59.9,60.6,61.3,61.9,62.6,63.2,63.6,64,64.5,64.9,65.3,65.6,65.9,66.2,66.4,66.5,66.7,66.9,67,67.1,67.3,67.4,67.5,67.6,67.7,67.9,68.2,68.6,69.1,69.5,70,70.5,71.2,71.8,72.5,73.1,73.9,74.6,75.3,76.1,76.8,77.6,78.4,79.1,80,80.8,81.7,82.6,83.5,84.5,85.6,86.6,87.7,88.8,90,91.2,92.4,93.7,95,96.4,97.9,99.5,101.1,102.6,104,105.6,107.3,109,110.6,112.2,113.8,115.2,116.7,118,119.3,120.5,121.6,122.7,123.8,124.8,125.8,126.7,127.6,128.4,129.1,129.7,130.3,130.9,131.3,131.7,132,132.3,132.3,132.3,132.3,132.2,131.9,131.7,131.4,130.9,130.5,130,129.5,129,128.5,127.9,127.4,126.8,126.2,125.8,125.6,125.6,125.8,125.9,125.7,125.4,125.1,124.7,124.1,123.5,122.9,122,121.2,120.2,119.1
Q,Quarterly,IT,Italy,P,Private non-financial sector,A,All sectors,C,Credit-to-GDP gaps (actual-trend),,,,Q:IT:P:A:C,,,,,,,,,,,,,,,,,,,,,,,,,,,,,,,,,,,,,,,,,,,,,,,,,,,,,,,,,,,,,,,,,,,,,,,,,,,,,,,,,,,,,,,,,,,,,-2.5,-2.2,-1.4,-0.6,0,0.3,0.7,1.2,1.4,1.7,0.5,-1.5,-3.4,-4.9,-6.2,-7.6,-8.6,-8.6,-8.2,-7.5,-7.2,-7.6,-11.1,-12.1,-12.7,-13.6,-14.6,-14.8,-13.5,-16.7,-18.6,-18,-15.6,-16.6,-17.4,-17.4,-14.6,-15.9,-14.8,-16.1,-11.7,-11.4,-11.3,-11.5,-8.8,-10.7,-11.2,-10.6,-7.8,-8.6,-9.1,-9.5,-6.3,-6,-4.8,-3.4,-0.2,-0.7,-1.4,-2.4,1.4,-2,-1.5,-1.4,2.8,1.9,2.7,0.7,4.8,2.8,4.5,3.6,7.5,6.4,8.1,6.3,10.5,7.9,8.5,6.5,12.3,8.7,10.6,9.3,13,11.5,12.3,11.7,14.6,13.3,12.7,10.8,12.3,8.4,7.7,5.2,7,5.4,5.5,3.7,3.9,2.2,1.8,0.7,1.5,0.3,0.7,-0.5,0.5,-0.2,0,-1,0.6,0.6,3.7,4.1,6.5,5.6,5.8,5.9,8.1,8,8.3,7.7,8.9,8.3,8.6,7.6,8.5,7.9,8.6,7.6,9.4,8.2,9.1,8.6,9.9,10,10.5,10,11.4,11.3,12,11.5,12.7,12.1,13.3,12.9,15.1,17,15.8,14.2,12.5,14.4,16.6,15.4,14.5,13.2,12,10.6,9.1,7.7,6.6,4.8,3,2.5,2.1,1.1,1.1,-0.5,-1.7,-2.8,-4.1,-5.1,-5.6,-6.5,-8.3,-8.6,-9.8,-10.9,-13.3,-14.8,-14.5,-15.3,-17,-17,-17.6,-18.9,-18.4,-18.9,-18.3,-18.3,-18.1,-18.4,-17.7,-17,-16.9,-14.7,-8.7,-5.6,-3.5,-3.9,-8.1,-10.2,-10.1,-12.4,-13.7,-14.4,-15.3,-17.2,-17.7,-19.3,-19.7
Q,Quarterly,AR,Argentina,P,Private non-financial sector,A,All sectors,B,Credit-to-GDP trend (HP filter),,,,Q:AR:P:A:B,,,,,,,,,,,,,,,,,,,,,,,,,,,,,,,,,,,,,,,,,,,,,,,,,,,,,,,,,,,,,,,,,,,,,,,,,,,,,,,,,,,,,,,,,,,,,,,,,,,,,,,,,,,,,,,,,,,,,,,,,,,,,,,,,,,,,,,,,,,,,,,,,,,,,,,,,,,,,,,,,,,,,,,,,,,,,,,,,,,,,,,,,,,,,20.4,20.4,20.5,20.6,20.8,20.9,21.1,21.3,21.5,21.7,22,22.3,22.7,23.1,23.6,24,24.5,25,25.4,25.8,26.2,26.5,26.8,27,27.1,27.2,27.4,27.4,28.2,31.2,34.6,37.4,39.2,40.3,41,41.6,42,42.2,42.3,42.3,42.2,42,41.7,41.3,40.9,40.4,39.9,39.4,38.9,38.4,37.8,37.3,36.7,36.1,35.4,34.8,34.2,33.6,33.1,32.5,32,31.4,30.8,30.2,29.6,29,28.5,27.9,27.4,26.9,26.5,26,25.6,25.3,24.9,24.6,24.3,24,23.6,23.3,22.9,22.5,22.1,21.8,21.5,21.3,21.1,20.8,20.6,20.4,20.2,20.1,20.2,20.3,20.5,21.1,21.3,21.6,21.8,22.1,22.3,22.5,22.7,23,23.3,23.5,23.6,23.5,23.4,23.2,23.1,23,22.9,22.8,22.7,22.7,23.4
